Frequency (Hz)	Level (dB)
0.672913	-95.187523
1.345825	-123.020119
2.018738	-122.362778
2.691650	-121.034996
3.364563	-118.706818
4.037476	-115.562157
4.710388	-111.758499
5.383301	-110.782967
6.056213	-111.063026
6.729126	-109.688087
7.402039	-107.914543
8.074951	-108.141815
8.747864	-108.802803
9.420776	-107.662628
10.093689	-106.750114
10.766602	-105.564445
11.439514	-103.674995
12.112427	-102.658470
12.785339	-101.922340
13.458252	-98.952805
14.131165	-97.905838
14.804077	-91.581184
15.476990	-89.555916
16.149902	-93.276810
16.822815	-96.261337
17.495728	-98.637878
18.168640	-99.696709
18.841553	-98.746689
19.514465	-99.329071
20.187378	-99.725632
20.860291	-99.470856
21.533203	-99.703278
22.206116	-99.686935
22.879028	-99.689331
23.551941	-99.105331
24.224854	-98.560768
24.897766	-97.529884
25.570679	-97.079834
26.243591	-96.274055
26.916504	-94.640999
27.589417	-93.117943
28.262329	-95.404823
28.935242	-97.666031
29.608154	-98.868576
30.281067	-98.848297
30.953979	-98.334579
31.626892	-97.520538
32.299805	-97.347626
32.972717	-97.946632
33.645630	-97.641830
34.318542	-97.127449
34.991455	-96.813263
35.664368	-96.226303
36.337280	-96.505867
37.010193	-96.062469
37.683105	-94.798332
38.356018	-94.344246
39.028931	-93.605446
39.701843	-91.935280
40.374756	-90.730751
41.047668	-89.321098
41.720581	-88.298561
42.393494	-86.075882
43.066406	-84.542358
43.739319	-83.552826
44.412231	-81.040443
45.085144	-76.621246
45.758057	-72.623795
46.430969	-68.177841
47.103882	-62.999191
47.776794	-58.090565
48.449707	-57.444611
49.122620	-59.961269
49.795532	-61.744823
50.468445	-62.317322
51.141357	-63.873543
51.814270	-66.964813
52.487183	-70.668198
53.160095	-73.802368
53.833008	-76.285698
54.505920	-78.844383
55.178833	-79.913361
55.851746	-81.112938
56.524658	-81.652977
57.197571	-82.255005
57.870483	-81.649330
58.543396	-80.768547
59.216309	-81.055473
59.889221	-81.979591
60.562134	-81.665131
61.235046	-79.855446
61.907959	-78.479889
62.580872	-76.495659
63.253784	-72.643044
63.926697	-69.507439
64.599609	-69.454788
65.272522	-71.594620
65.945435	-74.364212
66.618347	-77.193871
67.291260	-79.273743
67.964172	-80.562828
68.637085	-81.890091
69.309998	-83.884323
69.982910	-86.734367
70.655823	-89.113472
71.328735	-91.395470
72.001648	-91.981133
72.674561	-92.215782
73.347473	-92.511902
74.020386	-91.906403
74.693298	-91.385063
75.366211	-90.589058
76.039124	-90.017754
76.712036	-88.733910
77.384949	-86.390778
78.057861	-81.921951
78.730774	-77.971939
79.403687	-76.271309
80.076599	-76.210007
80.749512	-77.628326
81.422424	-81.163116
82.095337	-88.277908
82.768250	-85.123428
83.441162	-82.378967
84.114075	-82.948074
84.786987	-84.692291
85.459900	-85.871216
86.132812	-86.901962
86.805725	-88.192734
87.478638	-89.952888
88.151550	-91.023041
88.824463	-90.358742
89.497375	-89.708885
90.170288	-89.130264
90.843201	-88.441864
91.516113	-87.740273
92.189026	-87.472778
92.861938	-87.757072
93.534851	-87.844788
94.207764	-88.447227
94.880676	-89.091873
95.553589	-88.902245
96.226501	-87.533745
96.899414	-87.005745
97.572327	-88.297203
98.245239	-90.524422
98.918152	-93.159164
99.591064	-94.823029
100.263977	-96.022041
100.936890	-95.992920
101.609802	-95.966331
102.282715	-97.069221
102.955627	-97.796219
103.628540	-98.437172
104.301453	-98.291542
104.974365	-98.822990
105.647278	-98.575905
106.320190	-98.959824
106.993103	-99.604134
107.666016	-99.116028
108.338928	-97.289574
109.011841	-95.640282
109.684753	-94.639481
110.357666	-93.768059
111.030579	-93.161705
111.703491	-92.729752
112.376404	-92.885406
113.049316	-93.038177
113.722229	-92.521408
114.395142	-91.642555
115.068054	-90.109047
115.740967	-89.666573
116.413879	-90.148788
117.086792	-91.208397
117.759705	-93.301208
118.432617	-93.601357
119.105530	-93.656952
119.778442	-94.337379
120.451355	-93.744850
121.124268	-94.151520
121.797180	-95.216263
122.470093	-96.170486
123.143005	-97.141335
123.815918	-98.149651
124.488831	-98.921463
125.161743	-99.724419
125.834656	-101.269112
126.507568	-102.384056
127.180481	-102.970795
127.853394	-102.506538
128.526306	-101.918182
129.199219	-101.927895
129.872131	-102.181580
130.545044	-102.205650
131.217957	-102.472023
131.890869	-102.628006
132.563782	-102.703514
133.236694	-101.862968
133.909607	-99.826187
134.582520	-98.854820
135.255432	-99.023048
135.928345	-100.443283
136.601257	-101.774414
137.274170	-103.083557
137.947083	-103.126556
138.619995	-102.443924
139.292908	-102.026657
139.965820	-101.817619
140.638733	-101.601540
141.311646	-102.049324
141.984558	-102.699120
142.657471	-103.280350
143.330383	-102.889175
144.003296	-102.929291
144.676208	-102.179047
145.349121	-101.497177
146.022034	-100.564209
146.694946	-99.695801
147.367859	-98.042313
148.040771	-96.741112
148.713684	-95.516754
149.386597	-94.407776
150.059509	-93.720573
150.732422	-95.972923
151.405334	-98.079849
152.078247	-99.670189
152.751160	-97.594658
153.424072	-95.470787
154.096985	-94.585602
154.769897	-93.900642
155.442810	-93.174248
156.115723	-92.549713
156.788635	-91.727318
157.461548	-90.532692
158.134460	-89.829102
158.807373	-89.450722
159.480286	-89.950478
160.153198	-89.944450
160.826111	-89.553085
161.499023	-88.611282
162.171936	-89.411476
162.844849	-91.328018
163.517761	-93.027298
164.190674	-95.165627
164.863586	-95.631439
165.536499	-94.457954
166.209412	-93.651917
166.882324	-92.398720
167.555237	-92.555794
168.228149	-94.379112
168.901062	-95.243889
169.573975	-93.682648
170.246887	-91.525925
170.919800	-90.409256
171.592712	-90.011703
172.265625	-89.872498
172.938538	-89.210655
173.611450	-88.973137
174.284363	-87.896461
174.957275	-87.277000
175.630188	-86.529434
176.303101	-85.689377
176.976013	-85.446136
177.648926	-85.461708
178.321838	-85.698311
178.994751	-86.274193
179.667664	-86.795120
180.340576	-87.340599
181.013489	-87.880470
181.686401	-88.810669
182.359314	-90.562492
183.032227	-92.644463
183.705139	-94.522141
184.378052	-93.418381
185.050964	-92.173828
185.723877	-92.463097
186.396790	-93.187157
187.069702	-94.318817
187.742615	-95.185738
188.415527	-95.285713
189.088440	-94.176170
189.761353	-92.926521
190.434265	-91.768394
191.107178	-90.972221
191.780090	-90.251404
192.453003	-89.717621
193.125916	-89.638763
193.798828	-89.982315
194.471741	-90.120316
195.144653	-89.911469
195.817566	-89.632698
196.490479	-89.594414
197.163391	-89.668991
197.836304	-90.383705
198.509216	-92.077164
199.182129	-92.672531
199.855042	-91.708946
200.527954	-90.619957
201.200867	-90.050385
201.873779	-90.653915
202.546692	-92.304840
203.219604	-94.846573
203.892517	-97.323708
204.565430	-99.233208
205.238342	-99.650581
205.911255	-99.928375
206.584167	-99.887360
207.257080	-99.857727
207.929993	-99.874229
208.602905	-99.709480
209.275818	-100.315056
209.948730	-101.188171
210.621643	-102.191063
211.294556	-102.152313
211.967468	-102.807411
212.640381	-103.381371
213.313293	-103.371872
213.986206	-103.159508
214.659119	-102.730545
215.332031	-101.814438
216.004944	-101.494209
216.677856	-101.760109
217.350769	-102.082001
218.023682	-101.917725
218.696594	-103.210281
219.369507	-103.444336
220.042419	-103.921822
220.715332	-104.718193
221.388245	-105.743057
222.061157	-104.909904
222.734070	-105.006882
223.406982	-103.856956
224.079895	-104.065872
224.752808	-103.308952
225.425720	-102.487885
226.098633	-102.569527
226.771545	-104.381645
227.444458	-104.561501
228.117371	-104.441933
228.790283	-104.107964
229.463196	-103.491913
230.136108	-103.675011
230.809021	-104.479317
231.481934	-105.601479
232.154846	-105.257126
232.827759	-104.970222
233.500671	-104.687111
234.173584	-103.953003
234.846497	-102.910110
235.519409	-101.851227
236.192322	-100.899055
236.865234	-100.380783
237.538147	-99.433212
238.211060	-98.947029
238.883972	-98.421753
239.556885	-98.139236
240.229797	-98.353348
240.902710	-98.665794
241.575623	-98.628128
242.248535	-98.890984
242.921448	-99.202187
243.594360	-99.269539
244.267273	-99.717712
244.940186	-101.091637
245.613098	-102.899849
246.286011	-102.591583
246.958923	-102.060585
247.631836	-100.976494
248.304749	-101.121063
248.977661	-101.226898
249.650574	-100.686035
250.323486	-100.304932
250.996399	-100.241592
251.669312	-100.580887
252.342224	-101.133652
253.015137	-100.327118
253.688049	-98.328674
254.360962	-96.939606
255.033875	-96.134903
255.706787	-95.615662
256.379700	-95.734047
257.052612	-95.666534
257.725525	-96.052010
258.398438	-96.701157
259.071350	-97.753838
259.744263	-98.636299
260.417175	-98.564087
261.090088	-97.835648
261.763000	-97.119820
262.435913	-96.939232
263.108826	-97.083908
263.781738	-97.662170
264.454651	-98.242439
265.127563	-98.202797
265.800476	-97.889198
266.473389	-98.068550
267.146301	-98.238434
267.819214	-97.847244
268.492126	-97.412659
269.165039	-97.547707
269.837952	-97.312538
270.510864	-96.879608
271.183777	-96.855957
271.856689	-96.941711
272.529602	-96.858437
273.202515	-97.251968
273.875427	-97.646042
274.548340	-96.148438
275.221252	-94.454582
275.894165	-93.379692
276.567078	-92.731369
277.239990	-92.309692
277.912903	-92.146278
278.585815	-92.542213
279.258728	-93.626427
279.931641	-95.701958
280.604553	-98.430115
281.277466	-101.428711
281.950378	-103.900841
282.623291	-104.981590
283.296204	-104.105034
283.969116	-103.407036
284.642029	-102.888931
285.314941	-102.900978
285.987854	-103.100105
286.660767	-103.416885
287.333679	-104.179710
288.006592	-105.114998
288.679504	-106.012375
289.352417	-107.334404
290.025330	-107.913643
290.698242	-107.447792
291.371155	-106.431290
292.044067	-106.410873
292.716980	-105.468201
293.389893	-103.259575
294.062805	-102.004745
294.735718	-101.731628
295.408630	-101.739021
296.081543	-101.701088
296.754456	-101.496742
297.427368	-102.411591
298.100281	-104.543640
298.773193	-105.489258
299.446106	-104.917740
300.119019	-104.312775
300.791931	-105.289490
301.464844	-105.718452
302.137756	-106.093636
302.810669	-105.700676
303.483582	-104.871307
304.156494	-104.138329
304.829407	-103.950546
305.502319	-102.844170
306.175232	-101.544708
306.848145	-102.082924
307.521057	-103.849556
308.193970	-104.997154
308.866882	-105.104416
309.539795	-105.230515
310.212708	-105.832817
310.885620	-105.799767
311.558533	-106.168869
312.231445	-105.960457
312.904358	-104.722603
313.577271	-103.274887
314.250183	-101.830490
314.923096	-100.400574
315.596008	-100.565437
316.268921	-101.497490
316.941833	-101.670753
317.614746	-101.179985
318.287659	-101.829247
318.960571	-103.830727
319.633484	-105.692535
320.306396	-106.608299
320.979309	-106.542603
321.652222	-105.850807
322.325134	-105.515503
322.998047	-104.662285
323.670959	-104.418991
324.343872	-106.110329
325.016785	-107.776695
325.689697	-106.696297
326.362610	-105.961342
327.035522	-104.107285
327.708435	-102.554932
328.381348	-101.532837
329.054260	-100.889198
329.727173	-99.971222
330.400085	-99.245232
331.072998	-98.479111
331.745911	-98.072952
332.418823	-97.787407
333.091736	-97.419113
333.764648	-97.878433
334.437561	-99.958694
335.110474	-100.894882
335.783386	-101.607353
336.456299	-101.831024
337.129211	-102.599693
337.802124	-102.224388
338.475037	-103.804085
339.147949	-104.909477
339.820862	-104.905701
340.493774	-105.533249
341.166687	-104.455460
341.839600	-103.905594
342.512512	-105.084549
343.185425	-106.351624
343.858337	-106.730118
344.531250	-106.857773
345.204163	-106.697662
345.877075	-106.478493
346.549988	-106.345474
347.222900	-106.504410
347.895813	-106.421524
348.568726	-106.008858
349.241638	-105.362442
349.914551	-104.360771
350.587463	-103.562798
351.260376	-102.912460
351.933289	-102.625038
352.606201	-102.888992
353.279114	-103.314919
353.952026	-103.570221
354.624939	-103.433525
355.297852	-103.221512
355.970764	-102.286766
356.643677	-101.749397
357.316589	-101.094307
357.989502	-100.335182
358.662415	-100.503754
359.335327	-102.154709
360.008240	-103.912590
360.681152	-103.140305
361.354065	-102.274796
362.026978	-101.905998
362.699890	-101.282280
363.372803	-100.818764
364.045715	-101.101578
364.718628	-101.709244
365.391541	-101.682938
366.064453	-101.766716
366.737366	-102.067139
367.410278	-102.205917
368.083191	-102.585472
368.756104	-103.614044
369.429016	-103.839531
370.101929	-104.414085
370.774841	-104.977516
371.447754	-105.425644
372.120667	-105.859482
372.793579	-106.189697
373.466492	-105.680214
374.139404	-105.467171
374.812317	-105.290329
375.485229	-105.502731
376.158142	-106.279732
376.831055	-107.415581
377.503967	-108.364761
378.176880	-109.701103
378.849792	-108.591232
379.522705	-107.175415
380.195618	-107.017670
380.868530	-106.788795
381.541443	-106.364189
382.214355	-105.457901
382.887268	-105.146187
383.560181	-104.570000
384.233093	-103.486053
384.906006	-103.188133
385.578918	-103.024422
386.251831	-103.451172
386.924744	-104.354607
387.597656	-104.768005
388.270569	-104.536766
388.943481	-104.560234
389.616394	-103.827820
390.289307	-103.379417
390.962219	-102.931892
391.635132	-102.597641
392.308044	-102.587395
392.980957	-103.740372
393.653870	-105.109276
394.326782	-106.071106
394.999695	-107.251442
395.672607	-107.726463
396.345520	-107.566231
397.018433	-107.363808
397.691345	-108.065620
398.364258	-108.559517
399.037170	-107.858154
399.710083	-106.586464
400.382996	-104.820801
401.055908	-103.361580
401.728821	-101.994415
402.401733	-101.150337
403.074646	-100.330437
403.747559	-99.469482
404.420471	-98.875450
405.093384	-98.489014
405.766296	-98.112999
406.439209	-97.795479
407.112122	-97.304985
407.785034	-96.385704
408.457947	-95.898384
409.130859	-96.130775
409.803772	-96.806122
410.476685	-98.136719
411.149597	-99.282616
411.822510	-99.986771
412.495422	-100.271713
413.168335	-100.432762
413.841248	-99.939491
414.514160	-99.529434
415.187073	-99.328682
415.859985	-99.224693
416.532898	-99.034126
417.205811	-99.704498
417.878723	-100.838982
418.551636	-101.471336
419.224548	-101.796165
419.897461	-101.964195
420.570374	-102.578621
421.243286	-103.018829
421.916199	-104.131584
422.589111	-104.536049
423.262024	-104.975296
423.934937	-105.586464
424.607849	-106.417839
425.280762	-106.685844
425.953674	-107.225746
426.626587	-106.858582
427.299500	-105.846962
427.972412	-105.220322
428.645325	-104.816521
429.318237	-104.260323
429.991150	-103.826721
430.664062	-103.730858
431.336975	-103.534592
432.009888	-103.040131
432.682800	-102.668777
433.355713	-102.528915
434.028625	-102.498909
434.701538	-101.766861
435.374451	-101.202377
436.047363	-101.462883
436.720276	-101.737480
437.393188	-101.384354
438.066101	-101.439247
438.739014	-101.414574
439.411926	-101.276512
440.084839	-101.253899
440.757751	-100.085724
441.430664	-99.153839
442.103577	-98.659088
442.776489	-98.248650
443.449402	-97.814575
444.122314	-97.671425
444.795227	-97.283661
445.468140	-96.716217
446.141052	-96.125015
446.813965	-95.837547
447.486877	-95.592690
448.159790	-95.224106
448.832703	-95.121033
449.505615	-95.598236
450.178528	-96.299522
450.851440	-97.036285
451.524353	-97.708473
452.197266	-98.259743
452.870178	-98.587906
453.543091	-98.778030
454.216003	-98.982620
454.888916	-99.156288
455.561829	-99.184914
456.234741	-99.302399
456.907654	-99.139557
457.580566	-98.546486
458.253479	-97.997986
458.926392	-97.446587
459.599304	-96.693710
460.272217	-95.948509
460.945129	-95.572235
461.618042	-95.766808
462.290955	-96.481712
462.963867	-97.366997
463.636780	-98.481598
464.309692	-99.963142
464.982605	-101.955460
465.655518	-104.255226
466.328430	-105.961258
467.001343	-106.418404
467.674255	-106.385635
468.347168	-105.910645
469.020081	-106.260674
469.692993	-106.256577
470.365906	-105.776611
471.038818	-105.447586
471.711731	-105.524704
472.384644	-105.532150
473.057556	-106.134674
473.730469	-106.111992
474.403381	-105.428299
475.076294	-104.278961
475.749207	-103.369926
476.422119	-102.317696
477.095032	-102.076752
477.767944	-102.542534
478.440857	-102.727531
479.113770	-102.358482
479.786682	-102.120583
480.459595	-102.285088
481.132507	-102.696571
481.805420	-102.865654
482.478333	-103.678032
483.151245	-105.218628
483.824158	-106.405037
484.497070	-107.066727
485.169983	-106.702156
485.842896	-105.458633
486.515808	-104.443237
487.188721	-103.904160
487.861633	-103.331200
488.534546	-102.627090
489.207458	-102.064972
489.880371	-101.935173
490.553284	-102.044914
491.226196	-102.234772
491.899109	-102.406754
492.572021	-102.468704
493.244934	-101.533508
493.917847	-100.590408
494.590759	-100.464981
495.263672	-100.435555
495.936584	-100.340714
496.609497	-100.528160
497.282410	-100.855736
497.955322	-100.768745
498.628235	-100.754860
499.301147	-101.209999
499.974060	-101.764748
500.646973	-102.170326
501.319885	-102.773239
501.992798	-103.808075
502.665710	-104.471611
503.338623	-104.150238
504.011536	-103.305122
504.684448	-102.974083
505.357361	-103.371323
506.030273	-103.447968
506.703186	-103.737556
507.376099	-103.752754
508.049011	-102.992912
508.721924	-102.361229
509.394836	-102.285675
510.067749	-101.620461
510.740662	-100.537170
511.413574	-100.817184
512.086487	-100.807922
512.759399	-100.982658
513.432312	-101.357513
514.105225	-101.740341
514.778137	-102.298561
515.451050	-103.303200
516.123962	-103.830673
516.796875	-104.063217
517.469788	-104.190704
518.142700	-104.034363
518.815613	-104.154739
519.488525	-103.939445
520.161438	-103.871857
520.834351	-104.321846
521.507263	-105.062477
522.180176	-105.228004
522.853088	-105.474327
523.526001	-106.150574
524.198914	-106.717522
524.871826	-106.975967
525.544739	-107.634865
526.217651	-108.627014
526.890564	-109.062103
527.563477	-108.917130
528.236389	-108.619133
528.909302	-108.076782
529.582214	-108.141953
530.255127	-108.730202
530.928040	-108.968201
531.600952	-108.781075
532.273865	-109.107338
532.946777	-108.725990
533.619690	-108.299232
534.292603	-108.881790
534.965515	-109.565758
535.638428	-109.165726
536.311340	-108.612946
536.984253	-108.990318
537.657166	-109.360168
538.330078	-109.023811
539.002991	-108.053062
539.675903	-107.862473
540.348816	-108.005669
541.021729	-107.547043
541.694641	-107.443138
542.367554	-108.419327
543.040466	-109.118690
543.713379	-108.945251
544.386292	-109.578262
545.059204	-110.735588
545.732117	-110.224625
546.405029	-109.638618
547.077942	-109.988121
547.750854	-111.211113
548.423767	-112.157730
549.096680	-111.845238
549.769592	-112.310135
550.442505	-113.264656
551.115417	-112.213669
551.788330	-110.607376
552.461243	-109.606537
553.134155	-109.566711
553.807068	-109.329773
554.479980	-109.447205
555.152893	-110.120064
555.825806	-110.345337
556.498718	-111.285667
557.171631	-111.265564
557.844543	-110.802246
558.517456	-109.913994
559.190369	-110.059563
559.863281	-110.264290
560.536194	-110.082512
561.209106	-109.875969
561.882019	-109.017693
562.554932	-107.861343
563.227844	-107.215797
563.900757	-107.317757
564.573669	-107.242439
565.246582	-107.712395
565.919495	-109.014542
566.592407	-110.303314
567.265320	-109.988091
567.938232	-109.000946
568.611145	-108.444519
569.284058	-108.578850
569.956970	-109.510651
570.629883	-110.957901
571.302795	-111.627670
571.975708	-110.984322
572.648621	-110.644234
573.321533	-110.677391
573.994446	-109.498436
574.667358	-108.663017
575.340271	-108.395348
576.013184	-107.848053
576.686096	-107.430923
577.359009	-107.141502
578.031921	-107.301048
578.704834	-106.993156
579.377747	-106.522049
580.050659	-107.249092
580.723572	-107.595268
581.396484	-106.842201
582.069397	-106.743858
582.742310	-107.681221
583.415222	-108.346802
584.088135	-108.423363
584.761047	-109.619408
585.433960	-110.870842
586.106873	-110.638420
586.779785	-110.725479
587.452698	-111.030174
588.125610	-110.398163
588.798523	-109.145615
589.471436	-109.657608
590.144348	-109.396477
590.817261	-109.089508
591.490173	-109.310478
592.163086	-110.020302
592.835999	-110.337723
593.508911	-110.147652
594.181824	-109.758949
594.854736	-109.392754
595.527649	-109.026123
596.200562	-107.889191
596.873474	-108.081505
597.546387	-108.179604
598.219299	-107.579079
598.892212	-107.333130
599.565125	-107.750832
600.238037	-108.194740
600.910950	-108.688637
601.583862	-109.159439
602.256775	-109.554718
602.929688	-110.472168
603.602600	-111.863098
604.275513	-111.969337
604.948425	-110.679535
605.621338	-110.594727
606.294250	-109.981804
606.967163	-108.628098
607.640076	-108.950195
608.312988	-110.308853
608.985901	-110.007095
609.658813	-109.344788
610.331726	-109.951546
611.004639	-109.907028
611.677551	-109.419930
612.350464	-109.461006
613.023376	-110.327972
613.696289	-110.910973
614.369202	-110.960548
615.042114	-111.962128
615.715027	-113.053299
616.387939	-112.703873
617.060852	-112.401505
617.733765	-113.282616
618.406677	-112.988991
619.079590	-111.281563
619.752502	-110.645630
620.425415	-111.345581
621.098328	-110.512115
621.771240	-109.912392
622.444153	-110.848259
623.117065	-112.292107
623.789978	-111.856339
624.462891	-110.315063
625.135803	-109.703133
625.808716	-109.506775
626.481628	-109.500656
627.154541	-110.628334
627.827454	-112.010483
628.500366	-112.762909
629.173279	-112.688690
629.846191	-111.818413
630.519104	-110.837273
631.192017	-110.390793
631.864929	-111.002899
632.537842	-112.070969
633.210754	-112.198837
633.883667	-111.598579
634.556580	-111.945839
635.229492	-112.796852
635.902405	-112.233810
636.575317	-111.507706
637.248230	-112.606384
637.921143	-113.863892
638.594055	-112.724823
639.266968	-112.629189
639.939880	-113.814117
640.612793	-115.159531
641.285706	-113.421204
641.958618	-112.288223
642.631531	-111.417976
643.304443	-110.883514
643.977356	-111.471458
644.650269	-112.983131
645.323181	-113.252609
645.996094	-113.410538
646.669006	-113.539978
647.341919	-111.297340
648.014832	-108.329147
648.687744	-107.427406
649.360657	-107.971497
650.033569	-107.412689
650.706482	-106.832108
651.379395	-108.089958
652.052307	-108.469292
652.725220	-107.019043
653.398132	-106.098953
654.071045	-105.705887
654.743958	-106.020195
655.416870	-107.658051
656.089783	-108.625465
656.762695	-108.145821
657.435608	-109.116142
658.108521	-111.537270
658.781433	-112.041428
659.454346	-112.410828
660.127258	-113.830254
660.800171	-113.684952
661.473083	-113.454559
662.145996	-113.161270
662.818909	-112.985367
663.491821	-112.842072
664.164734	-112.811996
664.837646	-113.394714
665.510559	-113.684586
666.183472	-113.851532
666.856384	-114.104874
667.529297	-113.443207
668.202209	-112.879524
668.875122	-112.806778
669.548035	-112.534859
670.220947	-112.076828
670.893860	-111.123573
671.566772	-110.407341
672.239685	-110.725540
672.912598	-111.556297
673.585510	-112.770218
674.258423	-112.676247
674.931335	-112.789360
675.604248	-112.842262
676.277161	-112.417534
676.950073	-111.617012
677.622986	-111.702538
678.295898	-111.857849
678.968811	-111.352356
679.641724	-111.944168
680.314636	-112.924942
680.987549	-113.738373
681.660461	-113.676888
682.333374	-112.993111
683.006287	-111.116058
683.679199	-109.968475
684.352112	-109.823982
685.025024	-110.370918
685.697937	-111.281677
686.370850	-111.643135
687.043762	-111.864822
687.716675	-112.276306
688.389587	-111.689369
689.062500	-111.108009
689.735413	-111.319283
690.408325	-111.316544
691.081238	-111.134735
691.754150	-111.051384
692.427063	-111.960419
693.099976	-113.595512
693.772888	-113.526512
694.445801	-113.198685
695.118713	-113.461655
695.791626	-113.915634
696.464539	-113.815201
697.137451	-113.541763
697.810364	-113.456421
698.483276	-113.220894
699.156189	-113.994476
699.829102	-114.402512
700.502014	-113.815887
701.174927	-112.990837
701.847839	-112.890762
702.520752	-112.393372
703.193665	-111.037804
703.866577	-110.401886
704.539490	-110.044281
705.212402	-109.186760
705.885315	-108.468124
706.558228	-107.857124
707.231140	-107.604660
707.904053	-107.798737
708.576965	-108.248924
709.249878	-108.057037
709.922791	-107.950340
710.595703	-108.601440
711.268616	-109.349052
711.941528	-110.685883
712.614441	-112.196251
713.287354	-112.489235
713.960266	-112.137230
714.633179	-112.377411
715.306091	-113.503723
715.979004	-112.034424
716.651917	-110.989822
717.324829	-111.707893
717.997742	-112.106766
718.670654	-112.095734
719.343567	-112.028008
720.016479	-111.272758
720.689392	-110.845718
721.362305	-110.509018
722.035217	-110.163834
722.708130	-110.372177
723.381042	-110.617836
724.053955	-110.812965
724.726868	-111.427635
725.399780	-112.565063
726.072693	-112.618027
726.745605	-111.832489
727.418518	-110.552406
728.091431	-109.816841
728.764343	-110.089607
729.437256	-109.719658
730.110168	-109.550629
730.783081	-110.473946
731.455994	-110.938217
732.128906	-110.989326
732.801819	-110.954277
733.474731	-110.833206
734.147644	-110.860970
734.820557	-111.382645
735.493469	-111.687195
736.166382	-112.642570
736.839294	-112.734787
737.512207	-112.268776
738.185120	-111.913826
738.858032	-111.014961
739.530945	-110.209915
740.203857	-110.295784
740.876770	-110.298225
741.549683	-110.528755
742.222595	-110.996750
742.895508	-111.551575
743.568420	-111.684341
744.241333	-110.954124
744.914246	-110.397003
745.587158	-110.051727
746.260071	-109.738106
746.932983	-109.457443
747.605896	-108.834343
748.278809	-108.145927
748.951721	-107.813141
749.624634	-107.296417
750.297546	-107.592026
750.970459	-108.676407
751.643372	-110.036636
752.316284	-111.481544
752.989197	-112.590698
753.662109	-113.069000
754.335022	-113.750481
755.007935	-113.829918
755.680847	-113.965256
756.353760	-114.502243
757.026672	-114.332275
757.699585	-113.899803
758.372498	-114.482742
759.045410	-114.273727
759.718323	-113.760788
760.391235	-114.565323
761.064148	-115.346504
761.737061	-115.063972
762.409973	-114.743340
763.082886	-114.587067
763.755798	-114.300964
764.428711	-114.429039
765.101624	-114.811867
765.774536	-115.115562
766.447449	-115.091370
767.120361	-114.905846
767.793274	-115.384956
768.466187	-115.413582
769.139099	-116.191597
769.812012	-116.017044
770.484924	-115.515938
771.157837	-116.054001
771.830750	-115.045868
772.503662	-114.424034
773.176575	-114.948265
773.849487	-115.714531
774.522400	-115.392937
775.195312	-114.816124
775.868225	-114.369499
776.541138	-114.467209
777.214050	-114.914589
777.886963	-114.923416
778.559875	-114.754875
779.232788	-113.801186
779.905701	-112.825127
780.578613	-112.641586
781.251526	-112.022346
781.924438	-112.210892
782.597351	-112.585434
783.270264	-112.446869
783.943176	-112.924400
784.616089	-112.447098
785.289001	-111.995331
785.961914	-112.277054
786.634827	-112.556137
787.307739	-113.134926
787.980652	-113.304939
788.653564	-114.038345
789.326477	-114.403000
789.999390	-114.434784
790.672302	-113.425941
791.345215	-112.015152
792.018127	-111.537323
792.691040	-111.824219
793.363953	-112.240639
794.036865	-111.948959
794.709778	-111.823868
795.382690	-111.783684
796.055603	-111.957207
796.728516	-111.327782
797.401428	-110.900253
798.074341	-110.463356
798.747253	-110.403358
799.420166	-111.014320
800.093079	-111.672531
800.765991	-112.447220
801.438904	-113.406319
802.111816	-112.847885
802.784729	-113.419037
803.457642	-113.933380
804.130554	-112.392586
804.803467	-111.713127
805.476379	-111.179039
806.149292	-110.315651
806.822205	-110.232483
807.495117	-110.896927
808.168030	-110.998253
808.840942	-110.924156
809.513855	-111.438904
810.186768	-111.548302
810.859680	-110.836159
811.532593	-110.455841
812.205505	-110.862442
812.878418	-110.613167
813.551331	-110.609093
814.224243	-111.668327
814.897156	-112.366600
815.570068	-112.529762
816.242981	-112.928436
816.915894	-113.289085
817.588806	-112.640503
818.261719	-112.965897
818.934631	-112.556847
819.607544	-111.702721
820.280457	-112.126709
820.953369	-112.606819
821.626282	-112.360443
822.299194	-112.983032
822.972107	-113.958282
823.645020	-113.825691
824.317932	-113.724777
824.990845	-114.568115
825.663757	-115.043701
826.336670	-114.547020
827.009583	-113.694435
827.682495	-112.912743
828.355408	-113.024574
829.028320	-112.950790
829.701233	-111.906944
830.374146	-110.774651
831.047058	-110.281784
831.719971	-109.533554
832.392883	-108.939514
833.065796	-108.782761
833.738708	-109.449036
834.411621	-109.716972
835.084534	-109.841499
835.757446	-110.234428
836.430359	-110.763741
837.103271	-110.880051
837.776184	-111.081139
838.449097	-111.507988
839.122009	-112.592842
839.794922	-113.275490
840.467834	-113.575089
841.140747	-113.738571
841.813660	-113.807587
842.486572	-113.841675
843.159485	-113.695297
843.832397	-113.598137
844.505310	-113.751595
845.178223	-114.572716
845.851135	-114.948395
846.524048	-114.804604
847.196960	-115.139999
847.869873	-114.376343
848.542786	-114.334755
849.215698	-114.574860
849.888611	-115.449387
850.561523	-116.040672
851.234436	-115.302170
851.907349	-114.684036
852.580261	-114.767433
853.253174	-115.371338
853.926086	-115.359077
854.598999	-115.183281
855.271912	-114.953461
855.944824	-115.074913
856.617737	-114.264656
857.290649	-113.935143
857.963562	-113.775970
858.636475	-114.072083
859.309387	-113.941330
859.982300	-113.528419
860.655212	-113.609322
861.328125	-113.477791
862.001038	-112.772964
862.673950	-112.308540
863.346863	-112.350281
864.019775	-111.786758
864.692688	-111.922401
865.365601	-112.138695
866.038513	-112.947403
866.711426	-113.758804
867.384338	-114.214668
868.057251	-114.147217
868.730164	-113.991516
869.403076	-114.197174
870.075989	-113.924469
870.748901	-113.629883
871.421814	-114.331200
872.094727	-114.612251
872.767639	-114.244438
873.440552	-115.012642
874.113464	-115.881363
874.786377	-115.790733
875.459290	-115.281281
876.132202	-115.320435
876.805115	-115.187981
877.478027	-115.597496
878.150940	-115.585144
878.823853	-115.158966
879.496765	-115.302704
880.169678	-114.897018
880.842590	-114.654785
881.515503	-114.798187
882.188416	-114.222542
882.861328	-113.847549
883.534241	-114.425713
884.207153	-115.137749
884.880066	-115.014435
885.552979	-114.739632
886.225891	-115.019569
886.898804	-115.230232
887.571716	-115.347824
888.244629	-115.119263
888.917542	-115.409676
889.590454	-115.366997
890.263367	-115.433563
890.936279	-115.718185
891.609192	-114.985886
892.282104	-114.333923
892.955017	-114.527855
893.627930	-114.689850
894.300842	-114.897835
894.973755	-114.338760
895.646667	-114.199074
896.319580	-114.095856
896.992493	-113.314781
897.665405	-112.581680
898.338318	-113.150909
899.011230	-113.334229
899.684143	-113.225273
900.357056	-113.203003
901.029968	-113.988007
901.702881	-113.998177
902.375793	-114.080772
903.048706	-114.278572
903.721619	-113.777573
904.394531	-114.148285
905.067444	-115.405495
905.740356	-115.531174
906.413269	-115.734802
907.086182	-116.377274
907.759094	-116.615379
908.432007	-116.367737
909.104919	-116.119545
909.777832	-116.677002
910.450745	-116.718719
911.123657	-116.365265
911.796570	-115.385048
912.469482	-115.367500
913.142395	-114.685165
913.815308	-114.261086
914.488220	-115.019821
915.161133	-115.716621
915.834045	-115.489281
916.506958	-115.560524
917.179871	-115.400215
917.852783	-115.938026
918.525696	-116.096802
919.198608	-114.981644
919.871521	-114.510986
920.544434	-115.070114
921.217346	-114.571541
921.890259	-113.744873
922.563171	-114.340240
923.236084	-114.992714
923.908997	-115.205650
924.581909	-116.686485
925.254822	-116.431412
925.927734	-116.212944
926.600647	-116.784370
927.273560	-116.427719
927.946472	-116.387230
928.619385	-116.137962
929.292297	-115.611816
929.965210	-115.111877
930.638123	-114.777107
931.311035	-114.512505
931.983948	-114.488792
932.656860	-114.850517
933.329773	-114.985847
934.002686	-115.144600
934.675598	-114.850739
935.348511	-114.430687
936.021423	-114.894447
936.694336	-115.417328
937.367249	-115.345764
938.040161	-115.737831
938.713074	-115.674171
939.385986	-115.979103
940.058899	-116.241447
940.731812	-116.945168
941.404724	-116.665169
942.077637	-116.011856
942.750549	-115.700958
943.423462	-115.926834
944.096375	-116.187363
944.769287	-116.292938
945.442200	-116.238617
946.115112	-116.531944
946.788025	-116.200890
947.460938	-116.045609
948.133850	-116.576622
948.806763	-116.883011
949.479675	-117.262466
950.152588	-116.903191
950.825500	-116.710007
951.498413	-116.874008
952.171326	-117.009888
952.844238	-117.048080
953.517151	-117.787689
954.190063	-117.188492
954.862976	-116.567650
955.535889	-117.302605
956.208801	-117.511993
956.881714	-117.100311
957.554626	-117.379265
958.227539	-117.765678
958.900452	-116.833527
959.573364	-115.689026
960.246277	-115.482574
960.919189	-115.135582
961.592102	-114.053925
962.265015	-113.351616
962.937927	-113.283981
963.610840	-112.352127
964.283752	-113.109398
964.956665	-113.692520
965.629578	-113.609177
966.302490	-113.619728
966.975403	-114.481544
967.648315	-115.042793
968.321228	-115.419464
968.994141	-115.701454
969.667053	-115.284546
970.339966	-114.545715
971.012878	-114.090462
971.685791	-113.993950
972.358704	-114.134453
973.031616	-114.435760
973.704529	-114.776543
974.377441	-113.808937
975.050354	-113.724411
975.723267	-114.633163
976.396179	-113.610641
977.069092	-112.868576
977.742004	-112.802330
978.414917	-112.331863
979.087830	-111.787361
979.760742	-112.512733
980.433655	-113.487053
981.106567	-113.414322
981.779480	-113.820511
982.452393	-114.945366
983.125305	-114.771553
983.798218	-114.420212
984.471130	-114.799828
985.144043	-115.329269
985.816956	-115.453133
986.489868	-115.007088
987.162781	-115.816673
987.835693	-116.075256
988.508606	-115.500221
989.181519	-115.520660
989.854431	-115.826973
990.527344	-114.811073
991.200256	-115.283417
991.873169	-116.609093
992.546082	-116.488319
993.218994	-116.879906
993.891907	-117.336441
994.564819	-116.764717
995.237732	-117.296059
995.910645	-116.608742
996.583557	-115.879929
997.256470	-115.673386
997.929382	-115.674629
998.602295	-115.066284
999.275208	-114.253464
999.948120	-114.282143
1000.621033	-113.748566
1001.293945	-113.464668
1001.966858	-113.251862
1002.639771	-113.980614
1003.312683	-115.193047
1003.985596	-115.337532
1004.658508	-115.519272
1005.331421	-115.945694
1006.004333	-116.153625
1006.677246	-116.372437
1007.350159	-115.964798
1008.023071	-115.002991
1008.695984	-115.610573
1009.368896	-116.292381
1010.041809	-116.414696
1010.714722	-116.610161
1011.387634	-116.728981
1012.060547	-116.526306
1012.733459	-116.266846
1013.406372	-116.154961
1014.079285	-117.119049
1014.752197	-117.640686
1015.425110	-117.360405
1016.098022	-116.323593
1016.770935	-114.961571
1017.443848	-114.188744
1018.116760	-114.347664
1018.789673	-114.557854
1019.462585	-114.816002
1020.135498	-116.184753
1020.808411	-116.920013
1021.481323	-116.589668
1022.154236	-116.142113
1022.827148	-115.972130
1023.500061	-115.781967
1024.172974	-116.077850
1024.845886	-116.536697
1025.518799	-116.375885
1026.191711	-116.622025
1026.864624	-117.088860
1027.537537	-117.386696
1028.210449	-116.609268
1028.883362	-116.422203
1029.556274	-117.268784
1030.229187	-116.750854
1030.902100	-117.081543
1031.575012	-117.118149
1032.247925	-117.304100
1032.920837	-117.082687
1033.593750	-116.850670
1034.266663	-117.612717
1034.939575	-117.664978
1035.612488	-117.291824
1036.285400	-117.390739
1036.958313	-116.914970
1037.631226	-116.583672
1038.304138	-116.788139
1038.977051	-117.129074
1039.649963	-117.369522
1040.322876	-116.732140
1040.995789	-117.184547
1041.668701	-116.552650
1042.341614	-116.063240
1043.014526	-115.713730
1043.687439	-116.191513
1044.360352	-116.121300
1045.033264	-116.415619
1045.706177	-116.997223
1046.379089	-116.651443
1047.052002	-116.381454
1047.724915	-116.401848
1048.397827	-116.995827
1049.070740	-117.097656
1049.743652	-115.857101
1050.416565	-115.365852
1051.089478	-115.071106
1051.762390	-115.081726
1052.435303	-115.805557
1053.108215	-116.738564
1053.781128	-116.808044
1054.454041	-116.377052
1055.126953	-115.993446
1055.799866	-115.793938
1056.472778	-115.158722
1057.145691	-115.352425
1057.818604	-115.531540
1058.491516	-116.073784
1059.164429	-115.931076
1059.837341	-116.432915
1060.510254	-116.331734
1061.183167	-116.234711
1061.856079	-116.668892
1062.528992	-117.097878
1063.201904	-117.336159
1063.874817	-116.827438
1064.547729	-116.415909
1065.220642	-117.374657
1065.893555	-117.088226
1066.566467	-116.786766
1067.239380	-117.418961
1067.912292	-116.993942
1068.585205	-116.926056
1069.258118	-116.256462
1069.931030	-115.919899
1070.603943	-115.740807
1071.276855	-115.202736
1071.949768	-114.692314
1072.622681	-114.583992
1073.295593	-114.763878
1073.968506	-115.532738
1074.641418	-116.405991
1075.314331	-116.656433
1075.987244	-117.509987
1076.660156	-117.222366
1077.333069	-116.560890
1078.005981	-116.664680
1078.678894	-116.747459
1079.351807	-115.921310
1080.024719	-115.704346
1080.697632	-116.314682
1081.370544	-116.039360
1082.043457	-116.308159
1082.716370	-117.338585
1083.389282	-117.100548
1084.062195	-116.046310
1084.735107	-114.918640
1085.408020	-113.953117
1086.080933	-114.092003
1086.753845	-115.645912
1087.426758	-116.659966
1088.099670	-117.249397
1088.772583	-116.381317
1089.445496	-114.828827
1090.118408	-113.638313
1090.791321	-112.993828
1091.464233	-113.107697
1092.137146	-113.112541
1092.810059	-113.588737
1093.482971	-114.330528
1094.155884	-114.712807
1094.828796	-114.707634
1095.501709	-115.077347
1096.174622	-116.204185
1096.847534	-116.248665
1097.520447	-116.367065
1098.193359	-115.683434
1098.866272	-116.062096
1099.539185	-115.957687
1100.212097	-116.137871
1100.885010	-116.195221
1101.557922	-115.740143
1102.230835	-115.505341
1102.903748	-115.820374
1103.576660	-115.687279
1104.249573	-115.398682
1104.922485	-115.273705
1105.595398	-115.206650
1106.268311	-115.182922
1106.941223	-116.125069
1107.614136	-116.703560
1108.287048	-116.691650
1108.959961	-117.265503
1109.632874	-116.844765
1110.305786	-117.440117
1110.978699	-117.314590
1111.651611	-116.526665
1112.324524	-116.973991
1112.997437	-117.586578
1113.670349	-116.826164
1114.343262	-116.856384
1115.016174	-117.156929
1115.689087	-116.877510
1116.362000	-117.320908
1117.034912	-116.865509
1117.707825	-116.632591
1118.380737	-117.092712
1119.053650	-117.156334
1119.726562	-117.080856
1120.399475	-116.613503
1121.072388	-116.979362
1121.745300	-117.637253
1122.418213	-117.242699
1123.091125	-116.834770
1123.764038	-116.393204
1124.436951	-116.688087
1125.109863	-116.538742
1125.782776	-116.742477
1126.455688	-117.194962
1127.128601	-117.307602
1127.801514	-117.375664
1128.474426	-117.282410
1129.147339	-117.805206
1129.820251	-118.277580
1130.493164	-118.282295
1131.166077	-117.479538
1131.838989	-116.621788
1132.511902	-116.941818
1133.184814	-116.195442
1133.857727	-114.774765
1134.530640	-114.539963
1135.203552	-115.575714
1135.876465	-115.544830
1136.549377	-115.237152
1137.222290	-115.749565
1137.895203	-116.253258
1138.568115	-116.727531
1139.241028	-116.408829
1139.913940	-116.450264
1140.586853	-116.194359
1141.259766	-116.534431
1141.932678	-116.627914
1142.605591	-116.428459
1143.278503	-116.760376
1143.951416	-117.681854
1144.624329	-117.483177
1145.297241	-116.793549
1145.970154	-116.455215
1146.643066	-116.045227
1147.315979	-115.784828
1147.988892	-115.758949
1148.661804	-116.198883
1149.334717	-116.799103
1150.007629	-116.645515
1150.680542	-116.425003
1151.353455	-115.925446
1152.026367	-116.244942
1152.699280	-116.470528
1153.372192	-116.143143
1154.045105	-115.636292
1154.718018	-115.823601
1155.390930	-116.562904
1156.063843	-117.086479
1156.736755	-116.361198
1157.409668	-115.810768
1158.082581	-116.022545
1158.755493	-116.041573
1159.428406	-116.076653
1160.101318	-116.502808
1160.774231	-116.656281
1161.447144	-116.850258
1162.120056	-116.651154
1162.792969	-116.316818
1163.465881	-117.020645
1164.138794	-117.251846
1164.811707	-117.351540
1165.484619	-118.307457
1166.157532	-117.905602
1166.830444	-116.775520
1167.503357	-116.877472
1168.176270	-116.732086
1168.849182	-116.842979
1169.522095	-116.941322
1170.195007	-117.062180
1170.867920	-116.950127
1171.540833	-116.554764
1172.213745	-116.963051
1172.886658	-116.906532
1173.559570	-116.466133
1174.232483	-116.323051
1174.905396	-116.282051
1175.578308	-116.976250
1176.251221	-117.246513
1176.924133	-116.635040
1177.597046	-116.914192
1178.269958	-116.828171
1178.942871	-117.091568
1179.615784	-116.937653
1180.288696	-116.461800
1180.961609	-116.246132
1181.634521	-116.506828
1182.307434	-116.785294
1182.980347	-117.569992
1183.653259	-117.912575
1184.326172	-118.103355
1184.999084	-117.852638
1185.671997	-118.040520
1186.344910	-117.259422
1187.017822	-117.352501
1187.690735	-117.397247
1188.363647	-116.958313
1189.036560	-116.696297
1189.709473	-117.480644
1190.382385	-117.434402
1191.055298	-116.714272
1191.728210	-117.208626
1192.401123	-117.869125
1193.074036	-118.147598
1193.746948	-117.536865
1194.419861	-117.273140
1195.092773	-117.017357
1195.765686	-116.843178
1196.438599	-116.659828
1197.111511	-116.690872
1197.784424	-116.975327
1198.457336	-116.691017
1199.130249	-116.818115
1199.803162	-117.242889
1200.476074	-117.184837
1201.148987	-117.248184
1201.821899	-117.636765
1202.494812	-117.143295
1203.167725	-117.089111
1203.840637	-117.203438
1204.513550	-117.662819
1205.186462	-117.988991
1205.859375	-117.516434
1206.532288	-117.683601
1207.205200	-118.537270
1207.878113	-117.950531
1208.551025	-117.731796
1209.223938	-117.473404
1209.896851	-117.462547
1210.569763	-117.875893
1211.242676	-117.851463
1211.915588	-117.900749
1212.588501	-118.268280
1213.261414	-118.423889
1213.934326	-118.258057
1214.607239	-117.412880
1215.280151	-117.200630
1215.953064	-118.371918
1216.625977	-118.022179
1217.298889	-117.561089
1217.971802	-117.516823
1218.644714	-117.575539
1219.317627	-117.888283
1219.990540	-117.210907
1220.663452	-117.835342
1221.336365	-118.545876
1222.009277	-117.281288
1222.682190	-117.219444
1223.355103	-117.677048
1224.028015	-117.340279
1224.700928	-116.730537
1225.373840	-117.175438
1226.046753	-117.280899
1226.719666	-117.208885
1227.392578	-117.206421
1228.065491	-117.378708
1228.738403	-117.344681
1229.411316	-117.997772
1230.084229	-118.312454
1230.757141	-117.790176
1231.430054	-117.130135
1232.102966	-117.259232
1232.775879	-116.843109
1233.448792	-116.557770
1234.121704	-116.352768
1234.794617	-116.059662
1235.467529	-116.896729
1236.140442	-117.594414
1236.813354	-117.303398
1237.486267	-117.500305
1238.159180	-117.452354
1238.832092	-117.270966
1239.505005	-117.523735
1240.177917	-118.154282
1240.850830	-118.300392
1241.523743	-117.829498
1242.196655	-117.992462
1242.869568	-117.593925
1243.542480	-117.525085
1244.215393	-117.206726
1244.888306	-116.710083
1245.561218	-116.881691
1246.234131	-116.208298
1246.907043	-116.253571
1247.579956	-116.790123
1248.252869	-116.205780
1248.925781	-116.577667
1249.598694	-117.065781
1250.271606	-117.015579
1250.944519	-116.852631
1251.617432	-117.041527
1252.290344	-117.201820
1252.963257	-116.547058
1253.636169	-116.395279
1254.309082	-117.413002
1254.981995	-117.715462
1255.654907	-117.246338
1256.327820	-117.085129
1257.000732	-117.001747
1257.673645	-117.075241
1258.346558	-115.805267
1259.019470	-115.622955
1259.692383	-116.122391
1260.365295	-116.194466
1261.038208	-117.362747
1261.711121	-117.889145
1262.384033	-117.929100
1263.056946	-118.082832
1263.729858	-117.884926
1264.402771	-118.059761
1265.075684	-118.734528
1265.748596	-118.222183
1266.421509	-117.931984
1267.094421	-117.683807
1267.767334	-117.322899
1268.440247	-117.607903
1269.113159	-117.765877
1269.786072	-117.677696
1270.458984	-117.672310
1271.131897	-117.415733
1271.804810	-116.788422
1272.477722	-117.054474
1273.150635	-117.400452
1273.823547	-117.570969
1274.496460	-117.586632
1275.169373	-117.460045
1275.842285	-118.413177
1276.515198	-117.584900
1277.188110	-116.791451
1277.861023	-116.731903
1278.533936	-116.656502
1279.206848	-117.007530
1279.879761	-116.913353
1280.552673	-117.313187
1281.225586	-117.624107
1281.898499	-117.572411
1282.571411	-117.844574
1283.244324	-117.715874
1283.917236	-117.405762
1284.590149	-117.399460
1285.263062	-118.099884
1285.935974	-117.874184
1286.608887	-117.466522
1287.281799	-117.819489
1287.954712	-117.856659
1288.627625	-118.289757
1289.300537	-118.557472
1289.973450	-118.422630
1290.646362	-118.099281
1291.319275	-118.109612
1291.992188	-118.045303
1292.665100	-117.905945
1293.338013	-118.123863
1294.010925	-117.491951
1294.683838	-117.758171
1295.356750	-118.061203
1296.029663	-117.171371
1296.702576	-117.084244
1297.375488	-117.683716
1298.048401	-117.964813
1298.721313	-117.946136
1299.394226	-117.779091
1300.067139	-117.612648
1300.740051	-117.287270
1301.412964	-117.232391
1302.085876	-116.818634
1302.758789	-116.798759
1303.431702	-117.582916
1304.104614	-117.888527
1304.777527	-118.069901
1305.450439	-117.903992
1306.123352	-117.369164
1306.796265	-117.215614
1307.469177	-116.803810
1308.142090	-116.715660
1308.815002	-117.122276
1309.487915	-117.152512
1310.160828	-116.648117
1310.833740	-116.502274
1311.506653	-116.492409
1312.179565	-117.510529
1312.852478	-117.416702
1313.525391	-117.934669
1314.198303	-116.909119
1314.871216	-117.077301
1315.544128	-117.083321
1316.217041	-117.443932
1316.889954	-117.959526
1317.562866	-118.407219
1318.235779	-118.324646
1318.908691	-118.913094
1319.581604	-118.247711
1320.254517	-117.456146
1320.927429	-117.233856
1321.600342	-116.901527
1322.273254	-116.001579
1322.946167	-116.056335
1323.619080	-116.334892
1324.291992	-116.208000
1324.964905	-116.175407
1325.637817	-116.312790
1326.310730	-116.515862
1326.983643	-116.623726
1327.656555	-117.257042
1328.329468	-117.854561
1329.002380	-117.296822
1329.675293	-117.195862
1330.348206	-117.098289
1331.021118	-116.929802
1331.694031	-116.988426
1332.366943	-117.102325
1333.039856	-116.249390
1333.712769	-116.289330
1334.385681	-116.980904
1335.058594	-116.701286
1335.731506	-116.915855
1336.404419	-117.019608
1337.077332	-117.188606
1337.750244	-117.403915
1338.423157	-117.516876
1339.096069	-117.461998
1339.768982	-117.418129
1340.441895	-117.737221
1341.114807	-118.016029
1341.787720	-117.846054
1342.460632	-117.885201
1343.133545	-117.602325
1343.806458	-117.749352
1344.479370	-117.807411
1345.152283	-118.121559
1345.825195	-118.307831
1346.498108	-117.964935
1347.171021	-117.222969
1347.843933	-117.481331
1348.516846	-117.887772
1349.189758	-117.799484
1349.862671	-118.015396
1350.535583	-118.139900
1351.208496	-118.486305
1351.881409	-118.126968
1352.554321	-118.201714
1353.227234	-118.463570
1353.900146	-118.321182
1354.573059	-117.508209
1355.245972	-117.596886
1355.918884	-117.616570
1356.591797	-117.458481
1357.264709	-117.784637
1357.937622	-117.837860
1358.610535	-117.932297
1359.283447	-117.858353
1359.956360	-117.794182
1360.629272	-117.180122
1361.302185	-117.269257
1361.975098	-117.527290
1362.648010	-117.974380
1363.320923	-117.995972
1363.993835	-117.695290
1364.666748	-118.066750
1365.339661	-117.799797
1366.012573	-117.706093
1366.685486	-117.928177
1367.358398	-118.060722
1368.031311	-117.649147
1368.704224	-117.601463
1369.377136	-118.216103
1370.050049	-118.874977
1370.722961	-118.627533
1371.395874	-118.626251
1372.068787	-118.369568
1372.741699	-118.152351
1373.414612	-117.806511
1374.087524	-118.266792
1374.760437	-118.532547
1375.433350	-118.659187
1376.106262	-118.162064
1376.779175	-117.920395
1377.452087	-117.913330
1378.125000	-117.879700
1378.797913	-117.715126
1379.470825	-117.469536
1380.143738	-117.343819
1380.816650	-117.203537
1381.489563	-117.362610
1382.162476	-117.644150
1382.835388	-117.123749
1383.508301	-117.564041
1384.181213	-118.282555
1384.854126	-117.761589
1385.527039	-117.817841
1386.199951	-117.022430
1386.872864	-116.655426
1387.545776	-116.790779
1388.218689	-116.593140
1388.891602	-116.502960
1389.564514	-117.071510
1390.237427	-117.237129
1390.910339	-117.697975
1391.583252	-118.280060
1392.256165	-118.131187
1392.929077	-118.072411
1393.601990	-117.249580
1394.274902	-117.905350
1394.947815	-119.124672
1395.620728	-119.296356
1396.293640	-118.910172
1396.966553	-117.824669
1397.639465	-117.641617
1398.312378	-118.149803
1398.985291	-118.199852
1399.658203	-118.545029
1400.331116	-118.911819
1401.004028	-118.200409
1401.676941	-118.109642
1402.349854	-117.813110
1403.022766	-117.756531
1403.695679	-118.058647
1404.368591	-118.009605
1405.041504	-118.024452
1405.714417	-118.832687
1406.387329	-119.111046
1407.060242	-119.342712
1407.733154	-118.653404
1408.406067	-118.675377
1409.078979	-118.101311
1409.751892	-118.099091
1410.424805	-118.893990
1411.097717	-119.012474
1411.770630	-118.326332
1412.443542	-118.308533
1413.116455	-117.604912
1413.789368	-118.215271
1414.462280	-118.206566
1415.135193	-118.895004
1415.808105	-118.944870
1416.481018	-118.405235
1417.153931	-118.203156
1417.826843	-118.079430
1418.499756	-118.870224
1419.172668	-118.789551
1419.845581	-118.324478
1420.518494	-117.919418
1421.191406	-118.323448
1421.864319	-118.499519
1422.537231	-118.166618
1423.210144	-118.747574
1423.883057	-118.548828
1424.555969	-117.837479
1425.228882	-118.220627
1425.901794	-118.338310
1426.574707	-118.196419
1427.247620	-118.515846
1427.920532	-118.939377
1428.593445	-118.613083
1429.266357	-118.283661
1429.939270	-118.350670
1430.612183	-118.547012
1431.285095	-118.352196
1431.958008	-118.461273
1432.630920	-119.207703
1433.303833	-118.949524
1433.976746	-117.627579
1434.649658	-117.884560
1435.322571	-118.417274
1435.995483	-118.179466
1436.668396	-118.843369
1437.341309	-118.749268
1438.014221	-118.066589
1438.687134	-117.559402
1439.360046	-118.799088
1440.032959	-119.223862
1440.705872	-118.161293
1441.378784	-117.013519
1442.051697	-117.431038
1442.724609	-117.889656
1443.397522	-117.647652
1444.070435	-117.897560
1444.743347	-118.054970
1445.416260	-117.561882
1446.089172	-117.844345
1446.762085	-119.166702
1447.434998	-118.332664
1448.107910	-118.666992
1448.780823	-117.877113
1449.453735	-117.924728
1450.126648	-117.380508
1450.799561	-117.700218
1451.472473	-118.493690
1452.145386	-118.020660
1452.818298	-116.817795
1453.491211	-116.914635
1454.164124	-117.730537
1454.837036	-117.078865
1455.509949	-116.912254
1456.182861	-117.393471
1456.855774	-118.286385
1457.528687	-118.874428
1458.201599	-118.660568
1458.874512	-118.500641
1459.547424	-118.869141
1460.220337	-118.754311
1460.893250	-119.026047
1461.566162	-117.973190
1462.239075	-117.934631
1462.911987	-118.234970
1463.584900	-118.699432
1464.257812	-118.853867
1464.930725	-119.022957
1465.603638	-118.301376
1466.276550	-117.072273
1466.949463	-117.316643
1467.622375	-117.372711
1468.295288	-117.631790
1468.968201	-117.838341
1469.641113	-118.055939
1470.314026	-118.145866
1470.986938	-118.402672
1471.659851	-118.264320
1472.332764	-118.060966
1473.005676	-119.106201
1473.678589	-119.296127
1474.351501	-118.178131
1475.024414	-118.757378
1475.697327	-119.195374
1476.370239	-118.489174
1477.043152	-118.006378
1477.716064	-118.139694
1478.388977	-118.247169
1479.061890	-118.132904
1479.734802	-118.139061
1480.407715	-117.547058
1481.080627	-117.861740
1481.753540	-118.289497
1482.426453	-118.278252
1483.099365	-118.736214
1483.772278	-117.634613
1484.445190	-117.218697
1485.118103	-117.740440
1485.791016	-117.807816
1486.463928	-118.052200
1487.136841	-118.110222
1487.809753	-117.642723
1488.482666	-118.330643
1489.155579	-118.188812
1489.828491	-117.701759
1490.501404	-118.224998
1491.174316	-118.204491
1491.847229	-118.140083
1492.520142	-118.456406
1493.193054	-118.494850
1493.865967	-118.501312
1494.538879	-117.522194
1495.211792	-117.194977
1495.884705	-117.079185
1496.557617	-117.718071
1497.230530	-118.029724
1497.903442	-117.675484
1498.576355	-116.879631
1499.249268	-116.998924
1499.922180	-117.020287
1500.595093	-116.929077
1501.268005	-117.455482
1501.940918	-117.807999
1502.613831	-117.810928
1503.286743	-118.185631
1503.959656	-118.644859
1504.632568	-119.183060
1505.305481	-118.701950
1505.978394	-118.147858
1506.651306	-118.166359
1507.324219	-117.916283
1507.997131	-118.195709
1508.670044	-118.105919
1509.342957	-117.937325
1510.015869	-118.471260
1510.688782	-117.858765
1511.361694	-117.872704
1512.034607	-117.999260
1512.707520	-117.559639
1513.380432	-117.707664
1514.053345	-117.218056
1514.726257	-117.020515
1515.399170	-117.536461
1516.072083	-117.752190
1516.744995	-118.240936
1517.417908	-118.501724
1518.090820	-117.621246
1518.763733	-117.480965
1519.436646	-118.333176
1520.109558	-118.330872
1520.782471	-118.235893
1521.455383	-118.799278
1522.128296	-118.260460
1522.801208	-118.095573
1523.474121	-117.836266
1524.147034	-118.136139
1524.819946	-117.782967
1525.492859	-117.359863
1526.165771	-116.985313
1526.838684	-117.033592
1527.511597	-116.990891
1528.184509	-117.590225
1528.857422	-118.233414
1529.530334	-118.011543
1530.203247	-118.513092
1530.876160	-117.855995
1531.549072	-118.911865
1532.221985	-119.119431
1532.894897	-118.836357
1533.567810	-118.541733
1534.240723	-118.268318
1534.913635	-118.839722
1535.586548	-119.066162
1536.259460	-118.665329
1536.932373	-118.523849
1537.605286	-118.195312
1538.278198	-117.490166
1538.951111	-118.120430
1539.624023	-118.633110
1540.296936	-118.136681
1540.969849	-118.306000
1541.642761	-118.302788
1542.315674	-118.442657
1542.988586	-118.824921
1543.661499	-118.160782
1544.334412	-118.488739
1545.007324	-119.182396
1545.680237	-118.273621
1546.353149	-117.587997
1547.026062	-117.986313
1547.698975	-118.051544
1548.371887	-117.954308
1549.044800	-118.573952
1549.717712	-118.673035
1550.390625	-118.956512
1551.063538	-118.856895
1551.736450	-118.411392
1552.409363	-119.344673
1553.082275	-119.295250
1553.755188	-119.171852
1554.428101	-118.379593
1555.101013	-118.036858
1555.773926	-118.136688
1556.446838	-118.294037
1557.119751	-118.138626
1557.792664	-117.834290
1558.465576	-118.201065
1559.138489	-118.834816
1559.811401	-119.073006
1560.484314	-118.542557
1561.157227	-118.870079
1561.830139	-118.785347
1562.503052	-118.427071
1563.175964	-118.204201
1563.848877	-118.269508
1564.521790	-118.512840
1565.194702	-118.540520
1565.867615	-118.490784
1566.540527	-118.327629
1567.213440	-118.678047
1567.886353	-118.540665
1568.559265	-118.306969
1569.232178	-118.574150
1569.905090	-118.353302
1570.578003	-118.623627
1571.250916	-118.682037
1571.923828	-118.530609
1572.596741	-118.127945
1573.269653	-118.551178
1573.942566	-119.385696
1574.615479	-119.425858
1575.288391	-118.643105
1575.961304	-118.252548
1576.634216	-118.580200
1577.307129	-118.841331
1577.980042	-118.800758
1578.652954	-119.260582
1579.325867	-119.125183
1579.998779	-119.050209
1580.671692	-118.884666
1581.344604	-118.618721
1582.017517	-118.285713
1582.690430	-117.757492
1583.363342	-117.674217
1584.036255	-117.552544
1584.709167	-117.645897
1585.382080	-118.870377
1586.054993	-118.688965
1586.727905	-118.764725
1587.400818	-118.503410
1588.073730	-118.779648
1588.746643	-118.727806
1589.419556	-117.662025
1590.092468	-118.194016
1590.765381	-118.780907
1591.438293	-118.680847
1592.111206	-118.132317
1592.784119	-117.858459
1593.457031	-118.611908
1594.129944	-119.005417
1594.802856	-119.326035
1595.475769	-118.830246
1596.148682	-118.289528
1596.821594	-118.907539
1597.494507	-119.192223
1598.167419	-118.947433
1598.840332	-119.027672
1599.513245	-118.937904
1600.186157	-118.582321
1600.859070	-119.042953
1601.531982	-118.954948
1602.204895	-118.392548
1602.877808	-118.592918
1603.550720	-119.694206
1604.223633	-119.248886
1604.896545	-119.303108
1605.569458	-119.059700
1606.242371	-118.525589
1606.915283	-118.809471
1607.588196	-118.514236
1608.261108	-118.837318
1608.934021	-118.576447
1609.606934	-118.262817
1610.279846	-118.505150
1610.952759	-118.555359
1611.625671	-118.476707
1612.298584	-118.360756
1612.971497	-118.258545
1613.644409	-118.860138
1614.317322	-119.077301
1614.990234	-119.459366
1615.663147	-119.234138
1616.336060	-118.815331
1617.008972	-119.056053
1617.681885	-119.321793
1618.354797	-118.954559
1619.027710	-118.575043
1619.700623	-118.940666
1620.373535	-118.539925
1621.046448	-118.531441
1621.719360	-119.483192
1622.392273	-119.043663
1623.065186	-118.436378
1623.738098	-118.922592
1624.411011	-119.271973
1625.083923	-118.771385
1625.756836	-119.449463
1626.429749	-119.231819
1627.102661	-118.610809
1627.775574	-118.429031
1628.448486	-119.020226
1629.121399	-119.208946
1629.794312	-118.637718
1630.467224	-118.779793
1631.140137	-118.584435
1631.813049	-118.326004
1632.485962	-118.551918
1633.158875	-118.440559
1633.831787	-118.343506
1634.504700	-117.775444
1635.177612	-118.003654
1635.850525	-118.327400
1636.523438	-117.987808
1637.196350	-118.019424
1637.869263	-118.223076
1638.542175	-118.760124
1639.215088	-119.081894
1639.888000	-118.721718
1640.560913	-118.554344
1641.233826	-118.638298
1641.906738	-118.997688
1642.579651	-118.957504
1643.252563	-118.602196
1643.925476	-118.933014
1644.598389	-118.481110
1645.271301	-118.716599
1645.944214	-119.060432
1646.617126	-118.662529
1647.290039	-118.596306
1647.962952	-118.485519
1648.635864	-118.761093
1649.308777	-118.613655
1649.981689	-119.219643
1650.654602	-118.582474
1651.327515	-118.009033
1652.000427	-118.239532
1652.673340	-118.632942
1653.346252	-118.461815
1654.019165	-118.847473
1654.692078	-118.519424
1655.364990	-118.557068
1656.037903	-118.515053
1656.710815	-118.619591
1657.383728	-119.014328
1658.056641	-118.420563
1658.729553	-118.661293
1659.402466	-119.203705
1660.075378	-118.657944
1660.748291	-118.109200
1661.421204	-117.902916
1662.094116	-118.567154
1662.767029	-119.001839
1663.439941	-118.387100
1664.112854	-118.127121
1664.785767	-119.392761
1665.458679	-119.651779
1666.131592	-118.824303
1666.804504	-118.457726
1667.477417	-118.626747
1668.150330	-118.495117
1668.823242	-118.739410
1669.496155	-119.290154
1670.169067	-118.877098
1670.841980	-118.826187
1671.514893	-118.280624
1672.187805	-118.318871
1672.860718	-118.977493
1673.533630	-118.795250
1674.206543	-118.489304
1674.879456	-117.976608
1675.552368	-117.960693
1676.225281	-118.006294
1676.898193	-118.458694
1677.571106	-118.477997
1678.244019	-118.756081
1678.916931	-118.304482
1679.589844	-118.549667
1680.262756	-118.633522
1680.935669	-118.776207
1681.608582	-118.746506
1682.281494	-119.107101
1682.954407	-118.916283
1683.627319	-118.055878
1684.300232	-117.575760
1684.973145	-117.706818
1685.646057	-118.415680
1686.318970	-118.943207
1686.991882	-119.133942
1687.664795	-119.054466
1688.337708	-119.221344
1689.010620	-118.565430
1689.683533	-119.146111
1690.356445	-118.537567
1691.029358	-118.769768
1691.702271	-118.576187
1692.375183	-118.399399
1693.048096	-118.253265
1693.721008	-118.377060
1694.393921	-119.012756
1695.066833	-119.448044
1695.739746	-118.350418
1696.412659	-118.403290
1697.085571	-118.392365
1697.758484	-118.419334
1698.431396	-118.946510
1699.104309	-119.278511
1699.777222	-119.476013
1700.450134	-118.534637
1701.123047	-118.459251
1701.795959	-118.586578
1702.468872	-118.119331
1703.141785	-118.909370
1703.814697	-118.834412
1704.487610	-118.547569
1705.160522	-118.730560
1705.833435	-118.569702
1706.506348	-118.842613
1707.179260	-118.496422
1707.852173	-118.957153
1708.525085	-119.169579
1709.197998	-119.039482
1709.870911	-119.695221
1710.543823	-118.634911
1711.216736	-118.317734
1711.889648	-118.866394
1712.562561	-119.034065
1713.235474	-119.084969
1713.908386	-119.902885
1714.581299	-119.395226
1715.254211	-119.776268
1715.927124	-120.117958
1716.600037	-119.178970
1717.272949	-118.590126
1717.945862	-119.083649
1718.618774	-119.136513
1719.291687	-118.580544
1719.964600	-118.619469
1720.637512	-118.172134
1721.310425	-118.902191
1721.983337	-118.222801
1722.656250	-118.897804
1723.329163	-119.261406
1724.002075	-118.985870
1724.674988	-119.016724
1725.347900	-118.531494
1726.020813	-117.851509
1726.693726	-118.357758
1727.366638	-118.980347
1728.039551	-119.203178
1728.712463	-118.950813
1729.385376	-118.520813
1730.058289	-118.442207
1730.731201	-117.934036
1731.404114	-118.245422
1732.077026	-118.819946
1732.749939	-119.434853
1733.422852	-118.965996
1734.095764	-118.496605
1734.768677	-118.771919
1735.441589	-119.606392
1736.114502	-119.978683
1736.787415	-119.303818
1737.460327	-119.527184
1738.133240	-119.961067
1738.806152	-119.116714
1739.479065	-118.872726
1740.151978	-119.407661
1740.824890	-119.137566
1741.497803	-118.968559
1742.170715	-118.729103
1742.843628	-118.660828
1743.516541	-118.609070
1744.189453	-118.694885
1744.862366	-118.550201
1745.535278	-118.872055
1746.208191	-119.038589
1746.881104	-118.772408
1747.554016	-118.869385
1748.226929	-119.166443
1748.899841	-118.273270
1749.572754	-118.528923
1750.245667	-118.623474
1750.918579	-118.596901
1751.591492	-118.980637
1752.264404	-118.968147
1752.937317	-119.304893
1753.610229	-118.537743
1754.283142	-118.943993
1754.956055	-118.968628
1755.628967	-119.080788
1756.301880	-118.795692
1756.974792	-118.339729
1757.647705	-119.156403
1758.320618	-119.307159
1758.993530	-118.683243
1759.666443	-118.702156
1760.339355	-118.793076
1761.012268	-118.885376
1761.685181	-119.313583
1762.358093	-119.454567
1763.031006	-118.659386
1763.703918	-118.686958
1764.376831	-119.317352
1765.049744	-119.642143
1765.722656	-119.660141
1766.395569	-119.621964
1767.068481	-119.228210
1767.741394	-118.711578
1768.414307	-118.638412
1769.087219	-118.468582
1769.760132	-118.774223
1770.433044	-118.484428
1771.105957	-118.870850
1771.778870	-119.408875
1772.451782	-118.722404
1773.124695	-119.106888
1773.797607	-119.008476
1774.470520	-119.269234
1775.143433	-119.169556
1775.816345	-118.412048
1776.489258	-117.936424
1777.162170	-118.338562
1777.835083	-118.602379
1778.507996	-119.117531
1779.180908	-119.597694
1779.853821	-119.318954
1780.526733	-119.070297
1781.199646	-118.956863
1781.872559	-119.203979
1782.545471	-118.918190
1783.218384	-118.898682
1783.891296	-119.000290
1784.564209	-119.000320
1785.237122	-119.227722
1785.910034	-118.930687
1786.582947	-118.699471
1787.255859	-119.308563
1787.928772	-119.781219
1788.601685	-119.445862
1789.274597	-118.789017
1789.947510	-118.755775
1790.620422	-119.328621
1791.293335	-119.126022
1791.966248	-118.833534
1792.639160	-119.260780
1793.312073	-119.429802
1793.984985	-119.003136
1794.657898	-119.282135
1795.330811	-119.230865
1796.003723	-119.626953
1796.676636	-119.264099
1797.349548	-119.579010
1798.022461	-119.478218
1798.695374	-119.312874
1799.368286	-119.570053
1800.041199	-119.711044
1800.714111	-119.530151
1801.387024	-118.836288
1802.059937	-119.094078
1802.732849	-119.173180
1803.405762	-119.401405
1804.078674	-120.086517
1804.751587	-119.525444
1805.424500	-118.539246
1806.097412	-118.833382
1806.770325	-118.314934
1807.443237	-118.938766
1808.116150	-118.851753
1808.789062	-119.672157
1809.461975	-119.518791
1810.134888	-119.652206
1810.807800	-119.708649
1811.480713	-119.599678
1812.153625	-119.587997
1812.826538	-119.699295
1813.499451	-119.589417
1814.172363	-119.784027
1814.845276	-118.750549
1815.518188	-118.782227
1816.191101	-118.538925
1816.864014	-118.852554
1817.536926	-119.441902
1818.209839	-119.569115
1818.882751	-118.930832
1819.555664	-118.228935
1820.228577	-118.342461
1820.901489	-119.355560
1821.574402	-118.662155
1822.247314	-118.705589
1822.920227	-119.184875
1823.593140	-119.207672
1824.266052	-119.127472
1824.938965	-118.950623
1825.611877	-119.239151
1826.284790	-119.744812
1826.957703	-119.144890
1827.630615	-119.086815
1828.303528	-119.099609
1828.976440	-119.200798
1829.649353	-118.943855
1830.322266	-119.775345
1830.995178	-119.336777
1831.668091	-119.213799
1832.341003	-119.631775
1833.013916	-119.583519
1833.686829	-119.467438
1834.359741	-119.630341
1835.032654	-119.852348
1835.705566	-119.201134
1836.378479	-119.350342
1837.051392	-119.202301
1837.724304	-119.141685
1838.397217	-118.953590
1839.070129	-119.256111
1839.743042	-119.191238
1840.415955	-119.087120
1841.088867	-119.089104
1841.761780	-118.984367
1842.434692	-119.441956
1843.107605	-119.244850
1843.780518	-118.517319
1844.453430	-118.960426
1845.126343	-118.829285
1845.799255	-118.987350
1846.472168	-119.234879
1847.145081	-118.871269
1847.817993	-118.886787
1848.490906	-119.228188
1849.163818	-119.588005
1849.836731	-119.158409
1850.509644	-118.889557
1851.182556	-118.693092
1851.855469	-119.908546
1852.528381	-120.197563
1853.201294	-119.319344
1853.874207	-119.094315
1854.547119	-118.940292
1855.220032	-118.922173
1855.892944	-118.473518
1856.565857	-118.677582
1857.238770	-119.335503
1857.911682	-119.106445
1858.584595	-119.291763
1859.257507	-119.109978
1859.930420	-119.347504
1860.603333	-119.286278
1861.276245	-119.490875
1861.949158	-119.403587
1862.622070	-118.811157
1863.294983	-118.818687
1863.967896	-118.394958
1864.640808	-118.834618
1865.313721	-119.140373
1865.986633	-119.507996
1866.659546	-119.646835
1867.332458	-118.591553
1868.005371	-118.291290
1868.678284	-119.381531
1869.351196	-119.168922
1870.024109	-118.185738
1870.697021	-118.187935
1871.369934	-119.156174
1872.042847	-118.712929
1872.715759	-119.003510
1873.388672	-118.932861
1874.061584	-119.160683
1874.734497	-118.920219
1875.407410	-118.748314
1876.080322	-119.108612
1876.753235	-119.562439
1877.426147	-118.929482
1878.099060	-119.026924
1878.771973	-118.805298
1879.444885	-119.152496
1880.117798	-119.113129
1880.790710	-118.844048
1881.463623	-118.391380
1882.136536	-118.654037
1882.809448	-118.344879
1883.482361	-118.096458
1884.155273	-118.317795
1884.828186	-118.099335
1885.501099	-118.138863
1886.174011	-118.676697
1886.846924	-119.183472
1887.519836	-118.873306
1888.192749	-118.992973
1888.865662	-118.606384
1889.538574	-118.639526
1890.211487	-119.200142
1890.884399	-118.488701
1891.557312	-118.371704
1892.230225	-118.331451
1892.903137	-118.367683
1893.576050	-118.527214
1894.248962	-118.403938
1894.921875	-118.874893
1895.594788	-119.181343
1896.267700	-119.353973
1896.940613	-119.024780
1897.613525	-118.771530
1898.286438	-118.949692
1898.959351	-118.956444
1899.632263	-118.603340
1900.305176	-118.476730
1900.978088	-118.069557
1901.651001	-118.349609
1902.323914	-117.941002
1902.996826	-118.266525
1903.669739	-118.424355
1904.342651	-119.321060
1905.015564	-119.900627
1905.688477	-119.560356
1906.361389	-119.355812
1907.034302	-119.016769
1907.707214	-118.549713
1908.380127	-119.591400
1909.053040	-119.620262
1909.725952	-119.107376
1910.398865	-118.709579
1911.071777	-119.248383
1911.744690	-119.007835
1912.417603	-118.564102
1913.090515	-119.194611
1913.763428	-119.331734
1914.436340	-118.880768
1915.109253	-119.296844
1915.782166	-120.158844
1916.455078	-119.429306
1917.127991	-118.641228
1917.800903	-118.794136
1918.473816	-119.048195
1919.146729	-119.083466
1919.819641	-119.275497
1920.492554	-119.373169
1921.165466	-119.203384
1921.838379	-119.478539
1922.511292	-119.322411
1923.184204	-119.084999
1923.857117	-119.686455
1924.530029	-119.272980
1925.202942	-118.843399
1925.875854	-119.362976
1926.548767	-119.240471
1927.221680	-119.048988
1927.894592	-119.289124
1928.567505	-119.042351
1929.240417	-118.511520
1929.913330	-118.892693
1930.586243	-119.165092
1931.259155	-118.176605
1931.932068	-118.634804
1932.604980	-118.889252
1933.277893	-118.887535
1933.950806	-118.986969
1934.623718	-118.890839
1935.296631	-119.197830
1935.969543	-119.064796
1936.642456	-119.188568
1937.315369	-119.534920
1937.988281	-119.398071
1938.661194	-119.277962
1939.334106	-118.944984
1940.007019	-119.163719
1940.679932	-119.398819
1941.352844	-118.689133
1942.025757	-118.916336
1942.698669	-119.712685
1943.371582	-119.122383
1944.044495	-118.648094
1944.717407	-118.570717
1945.390320	-118.999214
1946.063232	-119.560196
1946.736145	-119.409317
1947.409058	-119.804169
1948.081970	-119.125969
1948.754883	-119.114838
1949.427795	-120.181259
1950.100708	-119.533691
1950.773621	-118.695297
1951.446533	-118.608620
1952.119446	-119.539047
1952.792358	-119.802101
1953.465271	-119.375107
1954.138184	-119.564430
1954.811096	-119.536049
1955.484009	-119.086525
1956.156921	-119.346703
1956.829834	-119.162544
1957.502747	-119.165619
1958.175659	-118.882210
1958.848572	-118.877350
1959.521484	-119.300179
1960.194397	-119.926941
1960.867310	-119.380737
1961.540222	-119.539742
1962.213135	-119.579575
1962.886047	-119.169861
1963.558960	-119.156845
1964.231873	-119.031837
1964.904785	-119.108925
1965.577698	-118.956398
1966.250610	-118.948532
1966.923523	-119.478683
1967.596436	-118.975731
1968.269348	-118.548538
1968.942261	-119.620003
1969.615173	-119.310287
1970.288086	-119.280617
1970.960999	-119.449844
1971.633911	-119.656349
1972.306824	-119.560829
1972.979736	-119.160187
1973.652649	-119.362732
1974.325562	-119.095345
1974.998474	-119.218620
1975.671387	-119.336502
1976.344299	-119.124695
1977.017212	-118.469826
1977.690125	-118.800247
1978.363037	-119.143593
1979.035950	-118.781052
1979.708862	-118.847389
1980.381775	-119.098824
1981.054688	-119.182213
1981.727600	-119.164536
1982.400513	-118.927490
1983.073425	-119.644218
1983.746338	-119.718170
1984.419250	-119.383713
1985.092163	-119.573944
1985.765076	-119.734276
1986.437988	-119.373817
1987.110901	-118.824623
1987.783813	-118.415855
1988.456726	-117.642006
1989.129639	-118.504082
1989.802551	-119.913528
1990.475464	-119.079575
1991.148376	-118.851967
1991.821289	-118.946495
1992.494202	-119.566376
1993.167114	-119.519066
1993.840027	-119.013832
1994.512939	-118.590820
1995.185852	-118.960526
1995.858765	-119.525993
1996.531677	-119.382828
1997.204590	-119.318916
1997.877502	-119.546265
1998.550415	-119.533913
1999.223328	-120.161026
1999.896240	-119.250443
2000.569153	-118.557625
2001.242065	-118.781525
2001.914978	-119.418839
2002.587891	-119.542328
2003.260803	-118.943008
2003.933716	-119.158958
2004.606628	-119.297768
2005.279541	-119.781555
2005.952454	-119.559029
2006.625366	-119.002953
2007.298279	-119.279037
2007.971191	-119.824951
2008.644104	-119.835327
2009.317017	-120.241165
2009.989929	-119.930481
2010.662842	-119.299088
2011.335754	-118.861893
2012.008667	-118.774338
2012.681580	-119.222374
2013.354492	-118.552544
2014.027405	-119.308578
2014.700317	-119.291435
2015.373230	-119.302086
2016.046143	-120.047302
2016.719055	-119.930023
2017.391968	-120.065475
2018.064880	-119.348412
2018.737793	-118.783028
2019.410706	-118.464752
2020.083618	-118.532631
2020.756531	-118.823189
2021.429443	-119.565720
2022.102356	-119.789131
2022.775269	-119.290520
2023.448181	-119.414223
2024.121094	-119.328247
2024.794006	-119.200790
2025.466919	-118.951042
2026.139832	-118.503632
2026.812744	-118.746147
2027.485657	-119.664780
2028.158569	-119.843338
2028.831482	-119.308632
2029.504395	-119.462639
2030.177307	-119.251068
2030.850220	-119.123047
2031.523132	-119.487190
2032.196045	-119.122627
2032.868958	-119.547745
2033.541870	-119.482292
2034.214783	-120.020813
2034.887695	-119.446510
2035.560608	-119.661461
2036.233521	-119.621223
2036.906433	-119.208481
2037.579346	-119.754425
2038.252258	-119.891823
2038.925171	-119.509430
2039.598083	-120.050026
2040.270996	-119.592888
2040.943909	-119.448601
2041.616821	-120.107109
2042.289734	-120.251320
2042.962646	-119.631744
2043.635559	-119.538956
2044.308472	-119.518646
2044.981384	-119.643524
2045.654297	-118.722900
2046.327209	-118.556198
2047.000122	-119.456482
2047.673035	-119.838646
2048.345947	-120.124290
2049.018860	-119.832504
2049.691772	-118.983109
2050.364685	-119.282242
2051.037598	-119.989929
2051.710510	-119.800323
2052.383423	-119.393265
2053.056335	-119.116585
2053.729248	-119.184891
2054.402161	-119.080833
2055.075073	-119.396576
2055.747986	-119.855797
2056.420898	-118.874893
2057.093811	-118.990662
2057.766724	-119.074532
2058.439636	-118.851402
2059.112549	-118.974220
2059.785461	-119.295990
2060.458374	-119.653221
2061.131287	-119.497040
2061.804199	-119.671700
2062.477112	-119.361778
2063.150024	-119.187485
2063.822937	-119.925751
2064.495850	-119.170921
2065.168762	-119.432953
2065.841675	-119.056252
2066.514587	-118.949165
2067.187500	-119.221909
2067.860413	-119.113426
2068.533325	-119.650795
2069.206238	-119.588043
2069.879150	-119.256439
2070.552063	-118.715385
2071.224976	-118.830063
2071.897888	-119.292351
2072.570801	-119.218903
2073.243713	-119.039703
2073.916626	-119.075432
2074.589539	-118.887405
2075.262451	-118.542534
2075.935364	-119.412476
2076.608276	-119.788284
2077.281189	-119.694130
2077.954102	-119.304626
2078.627014	-119.308205
2079.299927	-118.738159
2079.972839	-119.317917
2080.645752	-118.769272
2081.318665	-119.105377
2081.991577	-119.688599
2082.664490	-119.325577
2083.337402	-119.000999
2084.010315	-118.974838
2084.683228	-119.405441
2085.356140	-119.111801
2086.029053	-118.503052
2086.701965	-118.420525
2087.374878	-118.530579
2088.047791	-118.436142
2088.720703	-119.529823
2089.393616	-120.554443
2090.066528	-119.922653
2090.739441	-119.128143
2091.412354	-119.605080
2092.085266	-119.714928
2092.758179	-119.116165
2093.431091	-118.797127
2094.104004	-119.145454
2094.776917	-119.169617
2095.449829	-119.148346
2096.122742	-119.743164
2096.795654	-119.640366
2097.468567	-120.127396
2098.141479	-119.669716
2098.814392	-119.255135
2099.487305	-119.277458
2100.160217	-118.761444
2100.833130	-119.528839
2101.506042	-119.804817
2102.178955	-119.198151
2102.851868	-119.363808
2103.524780	-119.814041
2104.197693	-119.490021
2104.870605	-118.886246
2105.543518	-119.205170
2106.216431	-119.359673
2106.889343	-118.583733
2107.562256	-118.531929
2108.235168	-119.009354
2108.908081	-119.460335
2109.580994	-119.684624
2110.253906	-119.674728
2110.926819	-118.772209
2111.599731	-118.697334
2112.272644	-118.942390
2112.945557	-119.011040
2113.618469	-119.714348
2114.291382	-119.012337
2114.964294	-118.590897
2115.637207	-119.243484
2116.310120	-119.990242
2116.983032	-119.412476
2117.655945	-119.453918
2118.328857	-119.227303
2119.001770	-118.979454
2119.674683	-119.679749
2120.347595	-119.447029
2121.020508	-119.662003
2121.693420	-119.684830
2122.366333	-119.643784
2123.039246	-119.226112
2123.712158	-119.647942
2124.385071	-118.893585
2125.057983	-118.820717
2125.730896	-119.390244
2126.403809	-119.331497
2127.076721	-119.805580
2127.749634	-119.651276
2128.422546	-119.402611
2129.095459	-119.578186
2129.768372	-119.465088
2130.441284	-118.853203
2131.114197	-119.423973
2131.787109	-119.276985
2132.460022	-119.335297
2133.132935	-119.353928
2133.805847	-119.022514
2134.478760	-119.635666
2135.151672	-119.931892
2135.824585	-119.460945
2136.497498	-119.731888
2137.170410	-119.693069
2137.843323	-119.499123
2138.516235	-118.690193
2139.189148	-119.525299
2139.862061	-119.293198
2140.534973	-118.864449
2141.207886	-118.813690
2141.880798	-119.318268
2142.553711	-119.415100
2143.226624	-119.045776
2143.899536	-119.291161
2144.572449	-119.583717
2145.245361	-119.534348
2145.918274	-119.321228
2146.591187	-119.044556
2147.264099	-119.204239
2147.937012	-119.487854
2148.609924	-119.971581
2149.282837	-119.170242
2149.955750	-119.493713
2150.628662	-119.660667
2151.301575	-120.365326
2151.974487	-119.920013
2152.647400	-120.078766
2153.320312	-119.265221
2153.993225	-119.863052
2154.666138	-120.117126
2155.339050	-119.679100
2156.011963	-119.536079
2156.684875	-119.539383
2157.357788	-119.116051
2158.030701	-119.095482
2158.703613	-119.391541
2159.376526	-119.385048
2160.049438	-119.022491
2160.722351	-119.012604
2161.395264	-119.292580
2162.068176	-119.786758
2162.741089	-119.729317
2163.414001	-119.234619
2164.086914	-118.735184
2164.759827	-118.706665
2165.432739	-119.295319
2166.105652	-119.173874
2166.778564	-119.317978
2167.451477	-119.467262
2168.124390	-119.037544
2168.797302	-119.051315
2169.470215	-119.419945
2170.143127	-119.457481
2170.816040	-119.438072
2171.488953	-119.728973
2172.161865	-120.157028
2172.834778	-119.887886
2173.507690	-119.245995
2174.180603	-119.253052
2174.853516	-119.209991
2175.526428	-119.773178
2176.199341	-120.331070
2176.872253	-119.748734
2177.545166	-119.558907
2178.218079	-120.630768
2178.890991	-120.087395
2179.563904	-120.088966
2180.236816	-120.026764
2180.909729	-119.747292
2181.582642	-119.711449
2182.255554	-119.649010
2182.928467	-119.137077
2183.601379	-119.063934
2184.274292	-119.560173
2184.947205	-119.613174
2185.620117	-120.246605
2186.293030	-119.938591
2186.965942	-118.890060
2187.638855	-119.645874
2188.311768	-119.871521
2188.984680	-119.071129
2189.657593	-119.272110
2190.330505	-119.190178
2191.003418	-119.198212
2191.676331	-119.748024
2192.349243	-119.510948
2193.022156	-119.229523
2193.695068	-119.300102
2194.367981	-119.089081
2195.040894	-119.256630
2195.713806	-119.759712
2196.386719	-119.172302
2197.059631	-119.189659
2197.732544	-119.438202
2198.405457	-119.480682
2199.078369	-119.147598
2199.751282	-119.219414
2200.424194	-119.697830
2201.097107	-119.190918
2201.770020	-119.546608
2202.442932	-119.927193
2203.115845	-119.398560
2203.788757	-119.525002
2204.461670	-118.973419
2205.134583	-118.956825
2205.807495	-119.281883
2206.480408	-119.606026
2207.153320	-119.355988
2207.826233	-119.352722
2208.499146	-118.671967
2209.172058	-119.784958
2209.844971	-120.146782
2210.517883	-119.072746
2211.190796	-118.810501
2211.863708	-119.641106
2212.536621	-120.348343
2213.209534	-119.737198
2213.882446	-119.648094
2214.555359	-119.466698
2215.228271	-119.456192
2215.901184	-119.700378
2216.574097	-119.316772
2217.247009	-119.482368
2217.919922	-119.646843
2218.592834	-120.270645
2219.265747	-120.066788
2219.938660	-119.208145
2220.611572	-119.557533
2221.284485	-119.228821
2221.957397	-119.236046
2222.630310	-119.783531
2223.303223	-120.700684
2223.976135	-119.994408
2224.649048	-119.414856
2225.321960	-119.980553
2225.994873	-119.976624
2226.667786	-120.165840
2227.340698	-120.028175
2228.013611	-119.844337
2228.686523	-119.949455
2229.359436	-119.316986
2230.032349	-118.589691
2230.705261	-118.524475
2231.378174	-119.218925
2232.051086	-118.876495
2232.723999	-119.397629
2233.396912	-119.710228
2234.069824	-119.304649
2234.742737	-119.084625
2235.415649	-118.913269
2236.088562	-118.816887
2236.761475	-119.053604
2237.434387	-119.432106
2238.107300	-119.189148
2238.780212	-119.216873
2239.453125	-118.720390
2240.126038	-118.578972
2240.798950	-119.631866
2241.471863	-119.575264
2242.144775	-119.749352
2242.817688	-119.861588
2243.490601	-119.476303
2244.163513	-119.221260
2244.836426	-119.469955
2245.509338	-119.307304
2246.182251	-119.265907
2246.855164	-119.211021
2247.528076	-119.153122
2248.200989	-119.603905
2248.873901	-120.066872
2249.546814	-119.136192
2250.219727	-119.203957
2250.892639	-119.844849
2251.565552	-119.734665
2252.238464	-119.722275
2252.911377	-119.284492
2253.584290	-119.164078
2254.257202	-119.348938
2254.930115	-118.351295
2255.603027	-118.161331
2256.275940	-118.668800
2256.948853	-119.678574
2257.621765	-119.905281
2258.294678	-119.721024
2258.967590	-119.918274
2259.640503	-119.823105
2260.313416	-119.742981
2260.986328	-119.599457
2261.659241	-119.861633
2262.332153	-119.705994
2263.005066	-119.459351
2263.677979	-119.697220
2264.350891	-119.447426
2265.023804	-119.241920
2265.696716	-119.731445
2266.369629	-119.477142
2267.042542	-119.245857
2267.715454	-119.458710
2268.388367	-119.649323
2269.061279	-119.189133
2269.734192	-119.458786
2270.407104	-119.407272
2271.080017	-119.385048
2271.752930	-119.358215
2272.425842	-119.933830
2273.098755	-119.533051
2273.771667	-119.822113
2274.444580	-119.552040
2275.117493	-119.461807
2275.790405	-119.310753
2276.463318	-118.987648
2277.136230	-119.099953
2277.809143	-119.046700
2278.482056	-119.279678
2279.154968	-119.534622
2279.827881	-119.524635
2280.500793	-119.462250
2281.173706	-119.011108
2281.846619	-119.077110
2282.519531	-119.071815
2283.192444	-119.016708
2283.865356	-119.369728
2284.538269	-119.265518
2285.211182	-119.261841
2285.884094	-119.733017
2286.557007	-119.468315
2287.229919	-119.053772
2287.902832	-118.788742
2288.575745	-119.258537
2289.248657	-119.278473
2289.921570	-119.376366
2290.594482	-119.379036
2291.267395	-119.774185
2291.940308	-119.467621
2292.613220	-118.910187
2293.286133	-119.417168
2293.959045	-119.038193
2294.631958	-119.305511
2295.304871	-118.896805
2295.977783	-119.292000
2296.650696	-120.082108
2297.323608	-119.901512
2297.996521	-119.318604
2298.669434	-119.651489
2299.342346	-119.427376
2300.015259	-119.532753
2300.688171	-119.427307
2301.361084	-119.356583
2302.033997	-119.605858
2302.706909	-119.752029
2303.379822	-119.722107
2304.052734	-119.866501
2304.725647	-120.222427
2305.398560	-119.505165
2306.071472	-118.970230
2306.744385	-118.989761
2307.417297	-119.259415
2308.090210	-120.268684
2308.763123	-119.729126
2309.436035	-119.808983
2310.108948	-120.691246
2310.781860	-119.809357
2311.454773	-119.765923
2312.127686	-119.814529
2312.800598	-119.758423
2313.473511	-119.785309
2314.146423	-119.563187
2314.819336	-119.551178
2315.492249	-119.585686
2316.165161	-119.022942
2316.838074	-119.445915
2317.510986	-120.083466
2318.183899	-120.127220
2318.856812	-119.349915
2319.529724	-119.105385
2320.202637	-119.208267
2320.875549	-118.895187
2321.548462	-118.686218
2322.221375	-118.945312
2322.894287	-118.760078
2323.567200	-118.890335
2324.240112	-119.027924
2324.913025	-119.479057
2325.585938	-119.781204
2326.258850	-119.824715
2326.931763	-120.335838
2327.604675	-119.815521
2328.277588	-119.228134
2328.950500	-119.136703
2329.623413	-119.447212
2330.296326	-119.293182
2330.969238	-119.207733
2331.642151	-119.176826
2332.315063	-118.999275
2332.987976	-118.858055
2333.660889	-119.456703
2334.333801	-119.157616
2335.006714	-119.124229
2335.679626	-119.360687
2336.352539	-119.342094
2337.025452	-120.035797
2337.698364	-120.355728
2338.371277	-119.703629
2339.044189	-119.079239
2339.717102	-119.416870
2340.390015	-119.691925
2341.062927	-119.643318
2341.735840	-119.222916
2342.408752	-119.528725
2343.081665	-119.613297
2343.754578	-119.301414
2344.427490	-119.566124
2345.100403	-119.267410
2345.773315	-119.381599
2346.446228	-119.431320
2347.119141	-119.364479
2347.792053	-120.175919
2348.464966	-120.369743
2349.137878	-119.895798
2349.810791	-120.131790
2350.483704	-119.764488
2351.156616	-119.778229
2351.829529	-119.342041
2352.502441	-119.384529
2353.175354	-120.033028
2353.848267	-119.728683
2354.521179	-119.294724
2355.194092	-119.160919
2355.867004	-119.032333
2356.539917	-119.090569
2357.212830	-119.133018
2357.885742	-119.501419
2358.558655	-119.062042
2359.231567	-119.057411
2359.904480	-120.401451
2360.577393	-120.152344
2361.250305	-119.792404
2361.923218	-119.235046
2362.596130	-118.950211
2363.269043	-119.000900
2363.941956	-119.697945
2364.614868	-120.100906
2365.287781	-119.899109
2365.960693	-120.067673
2366.633606	-119.772484
2367.306519	-119.511871
2367.979431	-120.141075
2368.652344	-120.303886
2369.325256	-119.449615
2369.998169	-119.763321
2370.671082	-120.237007
2371.343994	-119.792641
2372.016907	-118.990868
2372.689819	-119.891449
2373.362732	-120.324486
2374.035645	-120.207848
2374.708557	-119.765152
2375.381470	-119.397903
2376.054382	-119.532814
2376.727295	-119.216896
2377.400208	-119.113434
2378.073120	-119.565559
2378.746033	-119.192177
2379.418945	-119.207222
2380.091858	-119.555222
2380.764771	-119.867477
2381.437683	-119.160866
2382.110596	-118.618652
2382.783508	-119.385033
2383.456421	-119.618362
2384.129333	-119.354912
2384.802246	-119.540031
2385.475159	-119.819000
2386.148071	-120.292870
2386.820984	-119.469215
2387.493896	-119.575897
2388.166809	-119.413147
2388.839722	-119.123749
2389.512634	-118.888313
2390.185547	-119.609985
2390.858459	-120.177086
2391.531372	-120.196175
2392.204285	-120.007324
2392.877197	-119.608749
2393.550110	-120.068390
2394.223022	-119.781891
2394.895935	-119.336403
2395.568848	-119.284851
2396.241760	-119.021378
2396.914673	-119.096886
2397.587585	-119.665359
2398.260498	-119.528427
2398.933411	-118.892845
2399.606323	-119.577705
2400.279236	-119.611046
2400.952148	-119.530022
2401.625061	-119.755753
2402.297974	-120.130150
2402.970886	-119.830399
2403.643799	-120.228897
2404.316711	-120.368675
2404.989624	-119.892921
2405.662537	-119.216927
2406.335449	-119.496346
2407.008362	-119.305092
2407.681274	-119.250427
2408.354187	-119.448898
2409.027100	-120.087784
2409.700012	-119.966431
2410.372925	-119.869553
2411.045837	-119.903130
2411.718750	-119.569328
2412.391663	-119.589394
2413.064575	-119.340515
2413.737488	-119.215553
2414.410400	-119.323250
2415.083313	-119.016296
2415.756226	-119.565475
2416.429138	-119.701889
2417.102051	-120.125687
2417.774963	-119.655472
2418.447876	-119.545914
2419.120789	-119.115974
2419.793701	-120.143547
2420.466614	-120.548180
2421.139526	-120.271194
2421.812439	-119.235397
2422.485352	-119.064186
2423.158264	-118.529549
2423.831177	-119.262474
2424.504089	-119.576721
2425.177002	-119.675217
2425.849915	-119.672821
2426.522827	-119.443268
2427.195740	-119.647491
2427.868652	-119.614647
2428.541565	-119.558609
2429.214478	-119.863327
2429.887390	-119.968193
2430.560303	-119.582977
2431.233215	-119.474144
2431.906128	-119.423523
2432.579041	-119.441383
2433.251953	-119.779823
2433.924866	-120.289520
2434.597778	-119.896729
2435.270691	-119.196510
2435.943604	-119.480965
2436.616516	-119.873322
2437.289429	-119.587807
2437.962341	-120.348595
2438.635254	-119.970764
2439.308167	-119.787926
2439.981079	-119.648018
2440.653992	-120.394577
2441.326904	-120.289902
2441.999817	-119.313919
2442.672729	-119.198746
2443.345642	-119.441971
2444.018555	-119.736191
2444.691467	-119.907883
2445.364380	-119.237457
2446.037292	-119.364586
2446.710205	-119.853561
2447.383118	-119.857391
2448.056030	-119.097603
2448.728943	-119.183006
2449.401855	-119.673058
2450.074768	-120.061699
2450.747681	-120.794815
2451.420593	-120.271873
2452.093506	-120.106056
2452.766418	-119.806000
2453.439331	-119.618858
2454.112244	-119.777885
2454.785156	-120.255096
2455.458069	-120.164154
2456.130981	-119.709091
2456.803894	-119.860176
2457.476807	-119.832077
2458.149719	-119.521675
2458.822632	-119.683403
2459.495544	-119.864655
2460.168457	-120.006958
2460.841370	-119.656487
2461.514282	-119.387474
2462.187195	-119.137352
2462.860107	-120.171768
2463.533020	-120.249161
2464.205933	-120.017143
2464.878845	-119.596748
2465.551758	-119.368683
2466.224670	-118.866081
2466.897583	-119.639427
2467.570496	-119.976357
2468.243408	-120.608727
2468.916321	-119.889191
2469.589233	-119.321083
2470.262146	-119.416664
2470.935059	-120.189331
2471.607971	-119.296051
2472.280884	-119.349327
2472.953796	-119.558846
2473.626709	-119.854523
2474.299622	-118.880508
2474.972534	-119.485970
2475.645447	-119.907890
2476.318359	-120.157753
2476.991272	-120.755783
2477.664185	-119.760475
2478.337097	-119.374893
2479.010010	-118.684364
2479.682922	-118.894333
2480.355835	-118.980583
2481.028748	-119.204239
2481.701660	-119.837914
2482.374573	-120.238518
2483.047485	-119.735008
2483.720398	-119.184898
2484.393311	-118.963989
2485.066223	-119.121628
2485.739136	-119.522514
2486.412048	-119.301720
2487.084961	-119.448929
2487.757874	-119.508255
2488.430786	-119.561577
2489.103699	-119.681107
2489.776611	-119.770317
2490.449524	-119.582985
2491.122437	-119.002296
2491.795349	-119.093925
2492.468262	-119.569565
2493.141174	-119.494484
2493.814087	-119.478157
2494.487000	-119.572762
2495.159912	-119.294846
2495.832825	-119.397202
2496.505737	-119.497154
2497.178650	-119.172485
2497.851562	-119.216637
2498.524475	-119.042786
2499.197388	-119.643227
2499.870300	-119.508415
2500.543213	-119.825027
2501.216125	-119.120415
2501.889038	-119.412643
2502.561951	-120.159569
2503.234863	-120.175003
2503.907776	-120.226738
2504.580688	-119.782494
2505.253601	-119.040230
2505.926514	-119.228981
2506.599426	-118.645340
2507.272339	-119.785507
2507.945251	-119.760918
2508.618164	-119.673889
2509.291077	-119.641220
2509.963989	-119.964363
2510.636902	-119.979660
2511.309814	-119.441338
2511.982727	-119.758537
2512.655640	-119.139580
2513.328552	-119.575325
2514.001465	-119.806435
2514.674377	-119.444244
2515.347290	-119.825500
2516.020203	-119.588165
2516.693115	-119.476913
2517.366028	-119.120827
2518.038940	-119.834488
2518.711853	-119.590302
2519.384766	-119.736801
2520.057678	-119.928917
2520.730591	-120.179214
2521.403503	-119.624786
2522.076416	-119.856789
2522.749329	-119.863358
2523.422241	-119.727493
2524.095154	-119.604187
2524.768066	-119.225182
2525.440979	-119.477783
2526.113892	-119.623573
2526.786804	-119.788780
2527.459717	-120.214485
2528.132629	-120.318909
2528.805542	-120.129120
2529.478455	-120.560524
2530.151367	-120.459335
2530.824280	-120.129173
2531.497192	-119.471283
2532.170105	-119.456841
2532.843018	-120.189682
2533.515930	-120.164200
2534.188843	-119.857460
2534.861755	-120.179810
2535.534668	-119.999725
2536.207581	-119.920929
2536.880493	-119.538719
2537.553406	-119.941872
2538.226318	-120.259506
2538.899231	-119.500725
2539.572144	-119.904785
2540.245056	-120.523308
2540.917969	-120.402008
2541.590881	-119.418694
2542.263794	-119.457970
2542.936707	-119.277588
2543.609619	-119.761032
2544.282532	-119.266960
2544.955444	-119.455971
2545.628357	-119.737846
2546.301270	-119.561432
2546.974182	-120.370262
2547.647095	-120.239388
2548.320007	-120.136116
2548.992920	-119.934242
2549.665833	-120.200592
2550.338745	-119.914696
2551.011658	-119.906998
2551.684570	-120.359711
2552.357483	-120.968452
2553.030396	-120.205772
2553.703308	-119.318581
2554.376221	-119.874107
2555.049133	-119.424446
2555.722046	-119.449562
2556.394958	-119.764168
2557.067871	-119.999329
2557.740784	-119.588905
2558.413696	-119.272858
2559.086609	-119.180305
2559.759521	-119.739380
2560.432434	-120.011444
2561.105347	-119.627213
2561.778259	-119.167664
2562.451172	-118.796585
2563.124084	-119.729736
2563.796997	-119.792122
2564.469910	-119.178108
2565.142822	-119.515205
2565.815735	-120.147499
2566.488647	-119.797089
2567.161560	-119.560112
2567.834473	-119.881668
2568.507385	-119.725517
2569.180298	-119.386711
2569.853210	-119.205421
2570.526123	-119.214828
2571.199036	-119.599510
2571.871948	-119.635880
2572.544861	-118.992691
2573.217773	-119.232971
2573.890686	-119.739952
2574.563599	-119.639511
2575.236511	-119.884933
2575.909424	-119.792358
2576.582336	-119.809494
2577.255249	-119.896515
2577.928162	-119.768280
2578.601074	-119.543686
2579.273987	-118.922432
2579.946899	-118.868973
2580.619812	-119.834831
2581.292725	-119.409004
2581.965637	-119.139870
2582.638550	-118.990845
2583.311462	-119.610367
2583.984375	-119.679253
2584.657288	-119.420555
2585.330200	-119.313133
2586.003113	-119.537277
2586.676025	-120.745819
2587.348938	-119.923470
2588.021851	-118.990608
2588.694763	-119.056709
2589.367676	-119.102371
2590.040588	-119.437126
2590.713501	-119.943436
2591.386414	-120.103638
2592.059326	-120.077919
2592.732239	-119.482727
2593.405151	-119.607948
2594.078064	-119.623466
2594.750977	-119.506660
2595.423889	-119.600204
2596.096802	-119.844536
2596.769714	-120.339897
2597.442627	-119.415001
2598.115540	-119.420792
2598.788452	-119.534637
2599.461365	-119.781624
2600.134277	-119.654724
2600.807190	-120.313408
2601.480103	-120.216377
2602.153015	-120.122505
2602.825928	-119.740601
2603.498840	-119.714157
2604.171753	-119.867714
2604.844666	-119.799240
2605.517578	-119.827728
2606.190491	-119.916328
2606.863403	-119.621132
2607.536316	-120.060165
2608.209229	-120.111290
2608.882141	-120.191170
2609.555054	-119.999016
2610.227966	-119.446266
2610.900879	-119.482208
2611.573792	-119.903786
2612.246704	-119.940239
2612.919617	-120.009857
2613.592529	-119.787369
2614.265442	-119.250023
2614.938354	-119.482025
2615.611267	-119.435234
2616.284180	-119.056931
2616.957092	-119.001434
2617.630005	-119.146942
2618.302917	-119.791847
2618.975830	-120.084335
2619.648743	-119.489555
2620.321655	-119.482353
2620.994568	-119.770302
2621.667480	-119.773766
2622.340393	-119.680649
2623.013306	-119.936844
2623.686218	-120.189415
2624.359131	-119.944908
2625.032043	-119.487289
2625.704956	-119.563705
2626.377869	-120.012932
2627.050781	-120.172813
2627.723694	-119.703110
2628.396606	-119.056854
2629.069519	-118.859337
2629.742432	-118.891823
2630.415344	-118.854553
2631.088257	-119.944260
2631.761169	-120.487892
2632.434082	-120.438797
2633.106995	-120.421562
2633.779907	-119.804062
2634.452820	-119.865990
2635.125732	-119.590019
2635.798645	-119.486580
2636.471558	-119.734421
2637.144470	-119.249603
2637.817383	-118.833496
2638.490295	-119.922768
2639.163208	-120.185875
2639.836121	-120.184845
2640.509033	-119.628685
2641.181946	-119.468689
2641.854858	-119.517372
2642.527771	-119.430649
2643.200684	-120.080299
2643.873596	-119.637352
2644.546509	-119.481880
2645.219421	-119.775223
2645.892334	-119.668900
2646.565247	-119.671585
2647.238159	-119.228775
2647.911072	-119.990845
2648.583984	-119.463707
2649.256897	-119.699562
2649.929810	-119.338249
2650.602722	-119.289398
2651.275635	-119.660858
2651.948547	-119.479309
2652.621460	-120.131218
2653.294373	-119.989525
2653.967285	-119.549797
2654.640198	-119.377258
2655.313110	-119.544487
2655.986023	-119.690979
2656.658936	-120.193558
2657.331848	-120.232887
2658.004761	-120.245415
2658.677673	-120.671257
2659.350586	-119.788170
2660.023499	-119.688622
2660.696411	-119.928589
2661.369324	-119.610870
2662.042236	-119.528717
2662.715149	-120.010033
2663.388062	-120.073021
2664.060974	-120.509102
2664.733887	-120.407509
2665.406799	-120.083763
2666.079712	-119.904854
2666.752625	-119.665245
2667.425537	-119.656776
2668.098450	-119.264488
2668.771362	-119.621033
2669.444275	-119.576157
2670.117188	-119.506737
2670.790100	-119.465080
2671.463013	-119.271942
2672.135925	-119.490952
2672.808838	-119.437546
2673.481750	-119.585915
2674.154663	-119.882072
2674.827576	-119.586365
2675.500488	-120.112183
2676.173401	-119.942719
2676.846313	-119.775269
2677.519226	-119.684883
2678.192139	-119.953934
2678.865051	-119.747757
2679.537964	-119.824432
2680.210876	-119.379333
2680.883789	-119.704659
2681.556702	-119.682877
2682.229614	-119.691544
2682.902527	-119.827698
2683.575439	-119.538673
2684.248352	-119.519539
2684.921265	-119.239807
2685.594177	-119.144485
2686.267090	-119.802574
2686.940002	-120.037735
2687.612915	-120.407097
2688.285828	-120.005852
2688.958740	-119.273514
2689.631653	-119.897781
2690.304565	-119.784286
2690.977478	-119.573692
2691.650391	-119.361687
2692.323303	-119.628265
2692.996216	-119.698708
2693.669128	-119.552383
2694.342041	-119.787292
2695.014954	-119.966835
2695.687866	-119.913765
2696.360779	-119.518806
2697.033691	-119.833496
2697.706604	-120.169121
2698.379517	-119.829185
2699.052429	-119.790710
2699.725342	-119.690628
2700.398254	-119.950546
2701.071167	-119.980606
2701.744080	-119.375465
2702.416992	-120.057533
2703.089905	-120.305656
2703.762817	-119.688919
2704.435730	-119.547920
2705.108643	-119.517113
2705.781555	-120.238144
2706.454468	-120.003685
2707.127380	-119.229347
2707.800293	-119.254120
2708.473206	-119.703789
2709.146118	-120.310539
2709.819031	-120.704399
2710.491943	-120.599129
2711.164856	-120.020905
2711.837769	-119.274277
2712.510681	-119.177185
2713.183594	-119.454002
2713.856506	-118.785408
2714.529419	-119.789650
2715.202332	-120.268631
2715.875244	-120.156601
2716.548157	-119.835945
2717.221069	-120.104942
2717.893982	-119.361702
2718.566895	-118.905136
2719.239807	-119.546555
2719.912720	-119.815689
2720.585632	-119.066795
2721.258545	-119.537712
2721.931458	-119.723633
2722.604370	-119.414948
2723.277283	-119.523804
2723.950195	-119.934601
2724.623108	-120.111084
2725.296021	-119.576599
2725.968933	-119.384308
2726.641846	-119.915771
2727.314758	-120.020958
2727.987671	-120.084320
2728.660583	-119.680367
2729.333496	-120.144669
2730.006409	-120.036545
2730.679321	-120.174706
2731.352234	-119.832489
2732.025146	-119.904877
2732.698059	-119.575478
2733.370972	-119.468773
2734.043884	-120.034332
2734.716797	-119.701431
2735.389709	-119.596535
2736.062622	-118.943489
2736.735535	-119.370438
2737.408447	-120.224617
2738.081360	-120.386971
2738.754272	-120.179207
2739.427185	-120.138229
2740.100098	-120.270897
2740.773010	-120.240677
2741.445923	-120.110039
2742.118835	-120.089417
2742.791748	-120.215126
2743.464661	-120.203033
2744.137573	-120.319412
2744.810486	-119.917168
2745.483398	-120.437500
2746.156311	-120.918839
2746.829224	-120.763336
2747.502136	-119.868668
2748.175049	-119.288582
2748.847961	-119.876732
2749.520874	-120.204582
2750.193787	-120.348145
2750.866699	-119.955742
2751.539612	-119.981842
2752.212524	-119.694244
2752.885437	-119.919327
2753.558350	-120.190010
2754.231262	-119.998039
2754.904175	-120.026230
2755.577087	-119.568687
2756.250000	-119.156685
2756.922913	-119.330978
2757.595825	-120.038086
2758.268738	-119.852684
2758.941650	-120.335732
2759.614563	-120.151138
2760.287476	-119.861496
2760.960388	-119.331879
2761.633301	-119.731300
2762.306213	-119.827782
2762.979126	-119.904579
2763.652039	-119.687035
2764.324951	-119.830002
2764.997864	-119.971863
2765.670776	-120.240471
2766.343689	-120.004227
2767.016602	-120.371910
2767.689514	-120.238907
2768.362427	-119.557739
2769.035339	-119.742050
2769.708252	-120.251244
2770.381165	-119.688889
2771.054077	-119.666641
2771.726990	-119.865837
2772.399902	-119.696983
2773.072815	-119.569031
2773.745728	-119.890427
2774.418640	-119.909821
2775.091553	-118.905663
2775.764465	-119.518333
2776.437378	-119.669540
2777.110291	-119.607033
2777.783203	-119.855240
2778.456116	-119.830345
2779.129028	-120.426163
2779.801941	-120.242538
2780.474854	-120.476852
2781.147766	-120.052765
2781.820679	-119.501663
2782.493591	-119.980179
2783.166504	-121.020737
2783.839417	-120.334030
2784.512329	-119.416847
2785.185242	-120.003548
2785.858154	-120.208344
2786.531067	-120.531441
2787.203979	-120.162003
2787.876892	-118.847267
2788.549805	-119.066147
2789.222717	-119.813789
2789.895630	-119.624237
2790.568542	-119.896378
2791.241455	-120.018829
2791.914368	-119.735909
2792.587280	-119.687576
2793.260193	-119.424393
2793.933105	-119.725197
2794.606018	-120.004776
2795.278931	-119.903625
2795.951843	-120.016609
2796.624756	-120.071289
2797.297668	-119.284966
2797.970581	-119.877571
2798.643494	-120.292725
2799.316406	-119.853012
2799.989319	-119.508133
2800.662231	-119.728477
2801.335144	-119.873779
2802.008057	-119.781425
2802.680969	-120.349297
2803.353882	-120.458710
2804.026794	-120.584633
2804.699707	-120.073456
2805.372620	-120.392052
2806.045532	-120.599083
2806.718445	-119.818245
2807.391357	-119.987366
2808.064270	-120.465279
2808.737183	-120.071411
2809.410095	-119.793358
2810.083008	-119.365730
2810.755920	-119.672783
2811.428833	-120.391640
2812.101746	-119.930275
2812.774658	-119.326607
2813.447571	-119.322807
2814.120483	-119.386452
2814.793396	-119.529495
2815.466309	-119.652824
2816.139221	-119.464302
2816.812134	-118.876251
2817.485046	-119.693359
2818.157959	-119.963684
2818.830872	-119.518112
2819.503784	-119.944176
2820.176697	-120.297981
2820.849609	-120.432404
2821.522522	-119.742126
2822.195435	-119.879639
2822.868347	-120.283409
2823.541260	-120.234741
2824.214172	-119.577568
2824.887085	-120.494362
2825.559998	-120.404251
2826.232910	-119.635582
2826.905823	-119.831207
2827.578735	-120.661598
2828.251648	-120.056076
2828.924561	-120.766464
2829.597473	-120.393509
2830.270386	-119.922127
2830.943298	-119.835243
2831.616211	-119.971992
2832.289124	-119.338707
2832.962036	-119.614723
2833.634949	-120.128113
2834.307861	-119.900299
2834.980774	-120.152931
2835.653687	-119.940559
2836.326599	-120.074081
2836.999512	-119.661644
2837.672424	-120.192139
2838.345337	-120.568123
2839.018250	-119.643806
2839.691162	-120.036591
2840.364075	-119.875793
2841.036987	-120.007866
2841.709900	-120.314758
2842.382812	-119.949615
2843.055725	-119.901382
2843.728638	-119.763130
2844.401550	-119.540154
2845.074463	-119.071739
2845.747375	-119.437256
2846.420288	-119.652405
2847.093201	-120.305565
2847.766113	-119.951180
2848.439026	-119.703003
2849.111938	-119.438599
2849.784851	-119.330803
2850.457764	-119.411469
2851.130676	-119.228477
2851.803589	-119.440063
2852.476501	-119.422256
2853.149414	-120.643654
2853.822327	-120.930679
2854.495239	-120.457878
2855.168152	-119.891907
2855.841064	-119.365616
2856.513977	-119.889275
2857.186890	-119.611610
2857.859802	-119.948700
2858.532715	-119.734406
2859.205627	-119.578079
2859.878540	-119.932678
2860.551453	-120.680397
2861.224365	-120.329842
2861.897278	-120.008705
2862.570190	-119.692757
2863.243103	-119.201271
2863.916016	-119.390053
2864.588928	-118.998741
2865.261841	-119.266640
2865.934753	-119.951096
2866.607666	-119.524796
2867.280579	-119.325745
2867.953491	-119.728516
2868.626404	-120.229950
2869.299316	-121.104988
2869.972229	-120.380630
2870.645142	-119.647224
2871.318054	-119.395737
2871.990967	-120.371040
2872.663879	-121.111763
2873.336792	-119.760475
2874.009705	-118.320564
2874.682617	-118.712349
2875.355530	-119.109100
2876.028442	-119.054001
2876.701355	-119.781395
2877.374268	-120.095482
2878.047180	-119.907539
2878.720093	-119.655998
2879.393005	-120.421921
2880.065918	-120.100777
2880.738831	-120.007858
2881.411743	-120.047409
2882.084656	-119.625458
2882.757568	-119.443535
2883.430481	-120.452385
2884.103394	-119.794548
2884.776306	-119.620468
2885.449219	-120.340569
2886.122131	-120.123863
2886.795044	-120.115387
2887.467957	-119.760330
2888.140869	-119.186211
2888.813782	-119.728767
2889.486694	-119.935287
2890.159607	-119.904976
2890.832520	-119.806587
2891.505432	-119.719643
2892.178345	-119.914703
2892.851257	-120.352028
2893.524170	-119.675735
2894.197083	-119.756523
2894.869995	-120.094078
2895.542908	-119.586090
2896.215820	-119.445541
2896.888733	-119.573349
2897.561646	-119.346634
2898.234558	-119.702377
2898.907471	-120.115074
2899.580383	-120.069511
2900.253296	-120.090843
2900.926208	-120.038597
2901.599121	-119.912735
2902.272034	-119.416573
2902.944946	-119.477882
2903.617859	-119.763107
2904.290771	-119.870300
2904.963684	-120.116188
2905.636597	-119.574402
2906.309509	-119.398788
2906.982422	-120.184837
2907.655334	-120.087219
2908.328247	-120.610687
2909.001160	-121.337952
2909.674072	-120.105743
2910.346985	-119.656265
2911.019897	-119.953979
2911.692810	-120.202179
2912.365723	-120.314026
2913.038635	-119.686119
2913.711548	-119.222511
2914.384460	-119.250092
2915.057373	-119.343285
2915.730286	-119.927391
2916.403198	-119.269249
2917.076111	-119.429604
2917.749023	-119.881050
2918.421936	-119.908569
2919.094849	-119.904373
2919.767761	-119.691544
2920.440674	-119.547943
2921.113586	-119.411980
2921.786499	-119.832901
2922.459412	-119.972031
2923.132324	-120.477562
2923.805237	-120.157722
2924.478149	-120.033516
2925.151062	-120.229744
2925.823975	-119.924591
2926.496887	-119.868019
2927.169800	-120.004173
2927.842712	-120.004250
2928.515625	-119.175873
2929.188538	-119.772934
2929.861450	-120.393700
2930.534363	-120.770187
2931.207275	-119.841949
2931.880188	-119.812004
2932.553101	-119.872063
2933.226013	-120.387527
2933.898926	-120.036888
2934.571838	-119.844933
2935.244751	-119.884392
2935.917664	-120.323647
2936.590576	-120.263306
2937.263489	-119.346214
2937.936401	-119.121422
2938.609314	-119.408096
2939.282227	-119.249527
2939.955139	-119.462151
2940.628052	-119.731148
2941.300964	-119.788704
2941.973877	-119.184319
2942.646790	-120.030823
2943.319702	-119.789719
2943.992615	-119.803589
2944.665527	-119.934624
2945.338440	-119.617531
2946.011353	-119.584595
2946.684265	-119.839378
2947.357178	-119.803261
2948.030090	-119.698524
2948.703003	-119.993317
2949.375916	-120.237396
2950.048828	-119.910538
2950.721741	-120.156670
2951.394653	-120.289062
2952.067566	-120.364868
2952.740479	-120.446777
2953.413391	-119.708725
2954.086304	-119.533676
2954.759216	-119.774628
2955.432129	-119.596924
2956.105042	-119.244209
2956.777954	-119.737595
2957.450867	-120.009666
2958.123779	-119.798248
2958.796692	-119.535339
2959.469604	-119.483047
2960.142517	-119.625793
2960.815430	-119.802483
2961.488342	-119.969421
2962.161255	-120.058372
2962.834167	-120.613129
2963.507080	-120.070999
2964.179993	-119.695709
2964.852905	-119.262650
2965.525818	-119.668610
2966.198730	-121.025261
2966.871643	-119.729462
2967.544556	-119.018379
2968.217468	-119.802094
2968.890381	-119.551636
2969.563293	-119.366722
2970.236206	-120.052597
2970.909119	-120.255264
2971.582031	-120.021095
2972.254944	-120.014961
2972.927856	-120.092155
2973.600769	-120.311867
2974.273682	-119.530205
2974.946594	-119.442368
2975.619507	-119.463516
2976.292419	-119.974274
2976.965332	-120.425377
2977.638245	-120.424286
2978.311157	-119.746994
2978.984070	-119.761772
2979.656982	-120.172348
2980.329895	-120.451195
2981.002808	-120.768730
2981.675720	-120.571663
2982.348633	-120.027565
2983.021545	-120.574440
2983.694458	-120.817474
2984.367371	-120.367371
2985.040283	-120.368332
2985.713196	-119.849564
2986.386108	-119.881798
2987.059021	-119.674515
2987.731934	-119.892815
2988.404846	-119.840683
2989.077759	-119.858047
2989.750671	-120.081062
2990.423584	-119.783836
2991.096497	-120.089973
2991.769409	-119.905746
2992.442322	-120.429779
2993.115234	-120.784264
2993.788147	-120.463249
2994.461060	-119.949249
2995.133972	-118.959808
2995.806885	-119.014221
2996.479797	-119.887070
2997.152710	-120.140953
2997.825623	-120.155983
2998.498535	-120.013885
2999.171448	-119.604919
2999.844360	-118.779594
3000.517273	-118.895500
3001.190186	-119.489784
3001.863098	-119.826294
3002.536011	-120.369110
3003.208923	-120.644356
3003.881836	-119.718834
3004.554749	-120.163681
3005.227661	-120.628563
3005.900574	-120.665993
3006.573486	-120.244461
3007.246399	-119.725090
3007.919312	-119.825775
3008.592224	-119.526459
3009.265137	-119.439232
3009.938049	-119.227303
3010.610962	-119.366089
3011.283875	-120.317123
3011.956787	-119.901909
3012.629700	-119.799522
3013.302612	-119.940308
3013.975525	-120.426697
3014.648438	-119.944405
3015.321350	-119.698975
3015.994263	-120.273705
3016.667175	-119.636848
3017.340088	-119.905731
3018.013000	-119.819176
3018.685913	-119.979256
3019.358826	-119.888588
3020.031738	-119.813042
3020.704651	-120.055923
3021.377563	-119.861053
3022.050476	-120.401901
3022.723389	-119.392891
3023.396301	-119.448380
3024.069214	-120.245644
3024.742126	-120.124802
3025.415039	-120.043518
3026.087952	-120.124146
3026.760864	-120.341591
3027.433777	-120.736351
3028.106689	-119.955345
3028.779602	-119.675758
3029.452515	-119.632835
3030.125427	-119.733727
3030.798340	-119.516914
3031.471252	-119.871201
3032.144165	-120.090019
3032.817078	-120.124306
3033.489990	-120.603561
3034.162903	-120.011749
3034.835815	-119.440590
3035.508728	-119.868294
3036.181641	-119.930450
3036.854553	-119.830711
3037.527466	-119.502640
3038.200378	-119.125153
3038.873291	-119.448151
3039.546204	-120.280594
3040.219116	-120.123466
3040.892029	-120.239098
3041.564941	-119.938507
3042.237854	-119.416077
3042.910767	-120.100456
3043.583679	-120.152107
3044.256592	-119.837341
3044.929504	-120.074379
3045.602417	-120.261696
3046.275330	-119.718475
3046.948242	-119.603912
3047.621155	-119.956261
3048.294067	-119.976616
3048.966980	-119.838280
3049.639893	-119.481743
3050.312805	-119.488434
3050.985718	-119.366898
3051.658630	-119.608009
3052.331543	-119.946381
3053.004456	-120.098145
3053.677368	-120.382507
3054.350281	-120.202171
3055.023193	-120.014534
3055.696106	-120.136292
3056.369019	-119.553429
3057.041931	-119.759071
3057.714844	-120.151291
3058.387756	-120.803902
3059.060669	-120.171852
3059.733582	-119.952095
3060.406494	-120.301003
3061.079407	-120.210419
3061.752319	-120.434151
3062.425232	-120.597816
3063.098145	-120.526291
3063.771057	-120.820358
3064.443970	-120.129021
3065.116882	-120.000076
3065.789795	-120.057228
3066.462708	-119.915497
3067.135620	-120.446808
3067.808533	-120.707809
3068.481445	-120.309090
3069.154358	-119.478317
3069.827271	-119.783638
3070.500183	-119.596985
3071.173096	-119.532089
3071.846008	-120.325981
3072.518921	-120.927452
3073.191833	-120.784172
3073.864746	-120.629974
3074.537659	-120.506752
3075.210571	-119.937912
3075.883484	-119.780357
3076.556396	-119.425377
3077.229309	-119.938446
3077.902222	-119.857620
3078.575134	-119.094223
3079.248047	-119.258514
3079.920959	-119.594963
3080.593872	-119.907600
3081.266785	-120.011177
3081.939697	-119.507233
3082.612610	-120.393448
3083.285522	-120.250183
3083.958435	-120.725105
3084.631348	-120.884705
3085.304260	-120.586830
3085.977173	-120.006226
3086.650085	-120.178825
3087.322998	-119.929619
3087.995911	-119.767540
3088.668823	-119.489594
3089.341736	-119.586342
3090.014648	-119.681732
3090.687561	-119.806534
3091.360474	-119.736115
3092.033386	-119.570587
3092.706299	-119.415245
3093.379211	-119.927719
3094.052124	-120.111305
3094.725037	-120.395119
3095.397949	-119.916977
3096.070862	-120.426842
3096.743774	-120.270538
3097.416687	-120.398064
3098.089600	-120.912186
3098.762512	-121.226562
3099.435425	-120.343491
3100.108337	-119.718956
3100.781250	-119.389030
3101.454163	-120.673866
3102.127075	-120.774231
3102.799988	-120.323418
3103.472900	-120.221909
3104.145813	-119.777916
3104.818726	-119.869263
3105.491638	-120.307846
3106.164551	-119.924744
3106.837463	-119.962997
3107.510376	-120.042923
3108.183289	-120.158875
3108.856201	-120.123810
3109.529114	-120.336876
3110.202026	-120.981812
3110.874939	-120.246552
3111.547852	-120.075066
3112.220764	-119.552658
3112.893677	-119.247879
3113.566589	-119.614273
3114.239502	-120.180252
3114.912415	-119.589439
3115.585327	-119.605995
3116.258240	-119.699318
3116.931152	-120.419334
3117.604065	-121.137543
3118.276978	-120.079094
3118.949890	-120.369034
3119.622803	-119.997269
3120.295715	-119.816025
3120.968628	-119.956024
3121.641541	-120.293167
3122.314453	-119.562683
3122.987366	-119.411049
3123.660278	-119.673584
3124.333191	-119.942192
3125.006104	-119.839180
3125.679016	-120.586273
3126.351929	-120.150208
3127.024841	-119.680023
3127.697754	-120.285782
3128.370667	-120.875404
3129.043579	-120.360306
3129.716492	-120.011215
3130.389404	-119.961555
3131.062317	-120.216316
3131.735229	-120.323723
3132.408142	-120.012383
3133.081055	-119.540276
3133.753967	-119.682213
3134.426880	-119.590240
3135.099792	-119.492844
3135.772705	-120.108086
3136.445618	-120.309601
3137.118530	-120.259972
3137.791443	-120.673210
3138.464355	-120.364006
3139.137268	-120.223557
3139.810181	-119.837463
3140.483093	-119.878250
3141.156006	-119.445786
3141.828918	-119.295624
3142.501831	-120.230888
3143.174744	-119.485771
3143.847656	-119.871811
3144.520569	-120.371277
3145.193481	-119.585587
3145.866394	-120.162926
3146.539307	-120.642059
3147.212219	-119.969788
3147.885132	-119.734222
3148.558044	-120.569443
3149.230957	-120.304497
3149.903870	-121.092903
3150.576782	-120.230270
3151.249695	-119.932274
3151.922607	-119.630745
3152.595520	-120.142288
3153.268433	-120.499031
3153.941345	-120.135857
3154.614258	-120.049477
3155.287170	-120.126778
3155.960083	-119.873177
3156.632996	-119.769608
3157.305908	-119.618057
3157.978821	-119.423172
3158.651733	-119.824501
3159.324646	-120.685158
3159.997559	-120.129852
3160.670471	-119.859657
3161.343384	-119.880623
3162.016296	-119.875771
3162.689209	-119.739433
3163.362122	-120.341873
3164.035034	-120.213844
3164.707947	-119.742241
3165.380859	-119.979774
3166.053772	-120.707993
3166.726685	-120.575439
3167.399597	-120.931099
3168.072510	-120.509392
3168.745422	-119.593956
3169.418335	-119.733261
3170.091248	-119.545708
3170.764160	-119.414825
3171.437073	-119.578011
3172.109985	-119.787125
3172.782898	-120.131516
3173.455811	-120.193748
3174.128723	-120.136368
3174.801636	-120.706779
3175.474548	-120.153320
3176.147461	-120.242371
3176.820374	-120.222847
3177.493286	-120.481911
3178.166199	-120.433060
3178.839111	-119.479843
3179.512024	-119.565407
3180.184937	-120.192284
3180.857849	-120.201721
3181.530762	-119.911964
3182.203674	-120.382584
3182.876587	-120.560822
3183.549500	-120.169113
3184.222412	-120.406807
3184.895325	-120.306725
3185.568237	-121.092987
3186.241150	-121.096191
3186.914062	-120.835175
3187.586975	-120.667313
3188.259888	-120.428009
3188.932800	-120.394096
3189.605713	-119.595123
3190.278625	-119.872589
3190.951538	-119.474022
3191.624451	-119.972961
3192.297363	-119.701988
3192.970276	-120.072121
3193.643188	-120.684036
3194.316101	-120.321465
3194.989014	-120.191528
3195.661926	-119.827393
3196.334839	-119.667915
3197.007751	-119.809784
3197.680664	-119.778427
3198.353577	-121.006744
3199.026489	-120.086899
3199.699402	-119.890862
3200.372314	-119.556145
3201.045227	-119.524200
3201.718140	-120.079300
3202.391052	-120.992264
3203.063965	-120.112465
3203.736877	-119.516243
3204.409790	-119.723663
3205.082703	-120.215004
3205.755615	-120.161453
3206.428528	-119.513870
3207.101440	-119.880333
3207.774353	-119.953888
3208.447266	-119.990845
3209.120178	-120.274635
3209.793091	-119.752739
3210.466003	-119.539536
3211.138916	-119.567192
3211.811829	-119.060867
3212.484741	-120.180008
3213.157654	-120.257248
3213.830566	-120.232307
3214.503479	-120.963432
3215.176392	-120.897659
3215.849304	-120.059860
3216.522217	-120.211548
3217.195129	-120.074333
3217.868042	-119.422356
3218.540955	-119.828384
3219.213867	-120.209557
3219.886780	-119.954582
3220.559692	-119.743813
3221.232605	-119.923393
3221.905518	-120.402069
3222.578430	-120.417839
3223.251343	-120.143005
3223.924255	-119.838951
3224.597168	-119.667854
3225.270081	-119.218521
3225.942993	-119.557648
3226.615906	-120.095764
3227.288818	-121.223732
3227.961731	-120.554024
3228.634644	-119.835396
3229.307556	-119.634987
3229.980469	-119.270996
3230.653381	-119.670952
3231.326294	-120.535439
3231.999207	-121.322311
3232.672119	-121.094322
3233.345032	-120.706589
3234.017944	-120.200233
3234.690857	-120.553482
3235.363770	-120.491928
3236.036682	-120.333481
3236.709595	-119.766846
3237.382507	-120.169930
3238.055420	-121.179344
3238.728333	-120.410210
3239.401245	-119.918907
3240.074158	-120.109749
3240.747070	-120.012772
3241.419983	-119.645714
3242.092896	-120.691940
3242.765808	-120.247658
3243.438721	-119.539131
3244.111633	-120.622963
3244.784546	-120.693329
3245.457458	-120.841110
3246.130371	-120.296333
3246.803284	-119.472633
3247.476196	-119.256882
3248.149109	-119.086838
3248.822021	-119.793396
3249.494934	-120.584091
3250.167847	-120.437622
3250.840759	-120.076431
3251.513672	-120.300957
3252.186584	-120.141571
3252.859497	-120.273460
3253.532410	-120.103920
3254.205322	-119.551231
3254.878235	-119.788132
3255.551147	-119.398590
3256.224060	-120.100128
3256.896973	-120.417946
3257.569885	-120.772980
3258.242798	-120.974831
3258.915710	-120.389359
3259.588623	-120.396355
3260.261536	-120.292084
3260.934448	-120.616493
3261.607361	-120.861443
3262.280273	-119.928391
3262.953186	-120.218178
3263.626099	-120.543892
3264.299011	-119.838417
3264.971924	-119.483459
3265.644836	-120.011482
3266.317749	-119.634689
3266.990662	-119.900780
3267.663574	-119.905823
3268.336487	-120.232277
3269.009399	-120.493309
3269.682312	-119.786278
3270.355225	-119.795517
3271.028137	-120.337898
3271.701050	-120.227097
3272.373962	-119.827156
3273.046875	-120.901283
3273.719788	-120.527580
3274.392700	-120.353798
3275.065613	-119.816078
3275.738525	-119.742920
3276.411438	-120.181122
3277.084351	-120.568703
3277.757263	-120.520790
3278.430176	-120.692169
3279.103088	-120.453003
3279.776001	-120.355309
3280.448914	-119.987457
3281.121826	-119.815575
3281.794739	-120.163834
3282.467651	-120.154449
3283.140564	-119.643814
3283.813477	-120.083336
3284.486389	-119.987167
3285.159302	-120.078247
3285.832214	-120.391487
3286.505127	-120.529526
3287.178040	-120.250183
3287.850952	-120.131386
3288.523865	-119.776436
3289.196777	-120.532806
3289.869690	-120.764046
3290.542603	-120.369240
3291.215515	-120.094543
3291.888428	-119.901375
3292.561340	-119.675323
3293.234253	-119.464241
3293.907166	-119.950134
3294.580078	-120.822495
3295.252991	-120.793434
3295.925903	-120.945358
3296.598816	-120.797302
3297.271729	-119.719528
3297.944641	-119.768234
3298.617554	-119.854614
3299.290466	-119.659348
3299.963379	-119.692490
3300.636292	-121.141068
3301.309204	-120.741562
3301.982117	-119.611839
3302.655029	-119.582397
3303.327942	-120.667755
3304.000854	-121.135262
3304.673767	-120.329567
3305.346680	-120.030396
3306.019592	-119.913155
3306.692505	-119.546425
3307.365417	-119.406876
3308.038330	-119.839088
3308.711243	-120.203583
3309.384155	-120.059715
3310.057068	-120.486046
3310.729980	-120.519211
3311.402893	-120.458168
3312.075806	-120.718666
3312.748718	-120.374908
3313.421631	-119.606468
3314.094543	-119.463417
3314.767456	-119.995789
3315.440369	-119.927071
3316.113281	-120.500534
3316.786194	-119.875916
3317.459106	-119.579651
3318.132019	-120.126717
3318.804932	-120.133141
3319.477844	-119.831711
3320.150757	-119.896835
3320.823669	-120.073311
3321.496582	-119.897644
3322.169495	-120.553719
3322.842407	-120.698509
3323.515320	-120.271622
3324.188232	-119.964592
3324.861145	-119.952881
3325.534058	-120.775826
3326.206970	-120.570572
3326.879883	-120.309776
3327.552795	-120.722183
3328.225708	-120.666428
3328.898621	-120.434959
3329.571533	-120.395035
3330.244446	-120.570885
3330.917358	-120.023628
3331.590271	-119.763268
3332.263184	-119.454430
3332.936096	-119.701935
3333.609009	-119.423271
3334.281921	-119.527214
3334.954834	-119.814568
3335.627747	-120.496628
3336.300659	-120.062378
3336.973572	-120.360649
3337.646484	-120.421547
3338.319397	-119.559891
3338.992310	-119.789406
3339.665222	-119.896606
3340.338135	-119.834305
3341.011047	-119.819939
3341.683960	-120.286560
3342.356873	-120.149918
3343.029785	-119.661674
3343.702698	-120.318459
3344.375610	-120.515785
3345.048523	-120.311951
3345.721436	-120.039558
3346.394348	-119.856354
3347.067261	-119.673523
3347.740173	-120.241974
3348.413086	-120.142220
3349.085999	-120.576241
3349.758911	-120.170151
3350.431824	-119.750008
3351.104736	-120.268829
3351.777649	-120.652977
3352.450562	-120.471451
3353.123474	-119.611534
3353.796387	-119.638321
3354.469299	-119.589851
3355.142212	-119.248741
3355.815125	-120.154800
3356.488037	-119.797523
3357.160950	-120.313263
3357.833862	-120.087013
3358.506775	-119.923569
3359.179688	-120.540672
3359.852600	-120.594482
3360.525513	-120.674286
3361.198425	-119.944267
3361.871338	-119.729286
3362.544250	-119.984276
3363.217163	-120.440613
3363.890076	-120.518021
3364.562988	-120.026108
3365.235901	-119.784569
3365.908813	-119.562172
3366.581726	-120.036140
3367.254639	-120.306725
3367.927551	-119.857552
3368.600464	-120.468666
3369.273376	-120.906349
3369.946289	-120.680115
3370.619202	-120.124680
3371.292114	-119.636017
3371.965027	-119.582123
3372.637939	-119.295044
3373.310852	-120.235352
3373.983765	-120.972206
3374.656677	-121.312248
3375.329590	-120.704308
3376.002502	-120.500694
3376.675415	-120.520218
3377.348328	-120.474510
3378.021240	-119.815575
3378.694153	-119.748070
3379.367065	-120.303146
3380.039978	-120.278496
3380.712891	-119.989182
3381.385803	-120.242218
3382.058716	-120.363480
3382.731628	-119.915123
3383.404541	-120.230286
3384.077454	-120.075432
3384.750366	-119.872849
3385.423279	-120.527084
3386.096191	-120.450439
3386.769104	-120.387932
3387.442017	-119.493301
3388.114929	-119.219818
3388.787842	-119.848167
3389.460754	-119.962883
3390.133667	-120.420982
3390.806580	-120.491158
3391.479492	-120.386742
3392.152405	-120.257454
3392.825317	-119.651794
3393.498230	-120.443298
3394.171143	-120.335587
3394.844055	-119.800919
3395.516968	-119.882500
3396.189880	-120.237419
3396.862793	-119.975288
3397.535706	-120.339287
3398.208618	-120.203827
3398.881531	-119.764740
3399.554443	-120.435806
3400.227356	-120.777428
3400.900269	-120.259850
3401.573181	-119.527863
3402.246094	-120.494865
3402.919006	-120.302223
3403.591919	-119.915108
3404.264832	-120.552940
3404.937744	-119.981750
3405.610657	-119.931824
3406.283569	-120.285057
3406.956482	-119.874596
3407.629395	-119.250298
3408.302307	-120.052490
3408.975220	-120.657852
3409.648132	-120.890060
3410.321045	-120.933884
3410.993958	-120.428726
3411.666870	-119.969475
3412.339783	-120.193848
3413.012695	-119.747490
3413.685608	-120.228470
3414.358521	-120.846535
3415.031433	-120.621750
3415.704346	-120.123978
3416.377258	-119.929085
3417.050171	-120.266022
3417.723083	-119.834747
3418.395996	-119.888344
3419.068909	-119.199608
3419.741821	-119.474281
3420.414734	-120.144058
3421.087646	-120.164551
3421.760559	-120.087891
3422.433472	-120.046051
3423.106384	-119.679108
3423.779297	-119.831085
3424.452209	-120.390320
3425.125122	-120.083038
3425.798035	-119.755760
3426.470947	-120.661217
3427.143860	-120.832428
3427.816772	-120.176811
3428.489685	-119.928886
3429.162598	-121.175453
3429.835510	-120.681900
3430.508423	-120.025749
3431.181335	-120.385162
3431.854248	-119.849182
3432.527161	-119.711205
3433.200073	-119.746368
3433.872986	-120.189041
3434.545898	-120.355118
3435.218811	-119.860283
3435.891724	-119.964149
3436.564636	-119.631416
3437.237549	-119.965424
3437.910461	-120.145607
3438.583374	-119.972961
3439.256287	-119.820488
3439.929199	-119.616760
3440.602112	-120.455292
3441.275024	-119.831680
3441.947937	-119.793449
3442.620850	-119.753342
3443.293762	-120.424133
3443.966675	-120.520836
3444.639587	-120.326187
3445.312500	-120.055557
3445.985413	-120.362976
3446.658325	-120.550301
3447.331238	-120.789566
3448.004150	-120.512665
3448.677063	-120.328140
3449.349976	-120.366371
3450.022888	-120.688049
3450.695801	-121.160759
3451.368713	-121.120781
3452.041626	-120.955154
3452.714539	-120.642494
3453.387451	-119.799034
3454.060364	-119.199814
3454.733276	-119.477455
3455.406189	-120.370522
3456.079102	-120.101860
3456.752014	-119.703186
3457.424927	-120.329277
3458.097839	-120.135017
3458.770752	-120.241493
3459.443665	-120.040390
3460.116577	-119.905914
3460.789490	-120.047691
3461.462402	-120.428902
3462.135315	-120.235245
3462.808228	-120.241287
3463.481140	-120.111397
3464.154053	-119.878510
3464.826965	-120.121460
3465.499878	-120.395065
3466.172791	-119.862373
3466.845703	-119.300339
3467.518616	-119.545334
3468.191528	-120.552338
3468.864441	-120.926735
3469.537354	-120.211250
3470.210266	-119.840370
3470.883179	-119.469528
3471.556091	-120.114120
3472.229004	-119.894600
3472.901917	-120.347031
3473.574829	-120.099403
3474.247742	-120.445885
3474.920654	-120.422607
3475.593567	-120.281273
3476.266479	-120.286148
3476.939392	-120.624847
3477.612305	-119.969017
3478.285217	-120.094688
3478.958130	-120.565720
3479.631042	-120.511765
3480.303955	-119.808998
3480.976868	-119.987770
3481.649780	-120.108131
3482.322693	-120.412544
3482.995605	-120.089188
3483.668518	-119.998825
3484.341431	-120.193642
3485.014343	-120.275612
3485.687256	-119.915619
3486.360168	-119.689178
3487.033081	-120.415291
3487.705994	-120.630180
3488.378906	-120.274506
3489.051819	-120.464958
3489.724731	-120.466545
3490.397644	-120.193398
3491.070557	-119.778717
3491.743469	-119.828453
3492.416382	-120.349777
3493.089294	-120.100990
3493.762207	-120.419655
3494.435120	-120.054268
3495.108032	-119.753838
3495.780945	-119.827583
3496.453857	-119.658165
3497.126770	-119.595650
3497.799683	-120.479805
3498.472595	-120.638794
3499.145508	-119.646553
3499.818420	-120.000473
3500.491333	-120.647469
3501.164246	-120.119820
3501.837158	-120.092133
3502.510071	-120.696526
3503.182983	-120.842033
3503.855896	-120.358475
3504.528809	-119.720612
3505.201721	-119.759270
3505.874634	-120.112396
3506.547546	-120.484276
3507.220459	-120.336914
3507.893372	-120.389595
3508.566284	-119.880798
3509.239197	-120.127419
3509.912109	-120.190407
3510.585022	-119.672577
3511.257935	-119.601578
3511.930847	-119.826752
3512.603760	-120.352180
3513.276672	-120.377174
3513.949585	-119.244888
3514.622498	-119.594971
3515.295410	-120.361862
3515.968323	-119.889931
3516.641235	-119.286530
3517.314148	-119.775566
3517.987061	-120.507759
3518.659973	-120.484634
3519.332886	-120.223999
3520.005798	-120.830109
3520.678711	-120.857521
3521.351624	-120.190392
3522.024536	-119.567902
3522.697449	-119.507790
3523.370361	-120.341904
3524.043274	-120.653831
3524.716187	-120.729607
3525.389099	-120.531319
3526.062012	-120.044098
3526.734924	-120.097000
3527.407837	-119.954895
3528.080750	-120.244904
3528.753662	-119.791313
3529.426575	-119.907898
3530.099487	-120.135590
3530.772400	-120.013535
3531.445312	-120.210739
3532.118225	-119.735054
3532.791138	-119.351280
3533.464050	-119.852173
3534.136963	-120.444382
3534.809875	-119.821510
3535.482788	-119.258858
3536.155701	-119.485794
3536.828613	-119.971848
3537.501526	-120.361580
3538.174438	-120.154205
3538.847351	-119.677170
3539.520264	-120.012627
3540.193176	-119.894295
3540.866089	-119.501915
3541.539001	-119.801674
3542.211914	-119.851578
3542.884827	-120.148949
3543.557739	-120.589157
3544.230652	-120.380791
3544.903564	-120.246384
3545.576477	-120.124786
3546.249390	-120.726936
3546.922302	-121.171638
3547.595215	-120.971901
3548.268127	-120.791779
3548.941040	-119.612991
3549.613953	-119.406982
3550.286865	-120.016319
3550.959778	-120.399483
3551.632690	-120.978683
3552.305603	-120.455406
3552.978516	-120.583740
3553.651428	-120.520065
3554.324341	-119.510170
3554.997253	-119.458138
3555.670166	-120.093468
3556.343079	-120.276718
3557.015991	-119.917984
3557.688904	-120.471649
3558.361816	-120.837090
3559.034729	-120.156235
3559.707642	-120.086594
3560.380554	-120.152840
3561.053467	-120.598839
3561.726379	-120.111313
3562.399292	-120.477219
3563.072205	-120.194420
3563.745117	-119.843300
3564.418030	-120.236046
3565.090942	-119.947693
3565.763855	-120.005577
3566.436768	-120.178040
3567.109680	-120.186874
3567.782593	-120.087212
3568.455505	-119.947830
3569.128418	-119.691483
3569.801331	-120.274521
3570.474243	-119.989914
3571.147156	-119.992554
3571.820068	-120.176239
3572.492981	-120.073746
3573.165894	-120.541756
3573.838806	-121.078934
3574.511719	-120.189095
3575.184631	-120.325974
3575.857544	-120.802979
3576.530457	-120.520119
3577.203369	-121.213211
3577.876282	-120.686394
3578.549194	-120.300735
3579.222107	-120.543182
3579.895020	-120.478798
3580.567932	-120.167320
3581.240845	-120.216560
3581.913757	-119.636208
3582.586670	-119.477219
3583.259583	-120.163124
3583.932495	-120.595718
3584.605408	-120.411705
3585.278320	-119.826683
3585.951233	-120.249062
3586.624146	-120.304176
3587.297058	-121.120384
3587.969971	-121.405350
3588.642883	-120.569290
3589.315796	-119.877739
3589.988708	-120.906685
3590.661621	-120.067627
3591.334534	-119.901962
3592.007446	-120.027580
3592.680359	-120.083496
3593.353271	-120.729134
3594.026184	-120.465675
3594.699097	-120.879494
3595.372009	-120.775597
3596.044922	-120.352379
3596.717834	-120.368446
3597.390747	-119.790070
3598.063660	-119.887978
3598.736572	-120.203590
3599.409485	-120.256371
3600.082397	-119.791168
3600.755310	-120.281670
3601.428223	-120.206673
3602.101135	-119.709663
3602.774048	-119.706871
3603.446960	-120.292320
3604.119873	-120.244637
3604.792786	-120.015778
3605.465698	-120.544106
3606.138611	-120.346725
3606.811523	-120.062981
3607.484436	-120.645599
3608.157349	-120.797714
3608.830261	-120.246872
3609.503174	-120.082520
3610.176086	-119.910393
3610.848999	-119.796219
3611.521912	-119.641052
3612.194824	-119.910088
3612.867737	-119.829597
3613.540649	-120.178375
3614.213562	-119.993698
3614.886475	-120.092354
3615.559387	-119.903793
3616.232300	-119.975136
3616.905212	-120.286446
3617.578125	-120.660652
3618.251038	-120.841873
3618.923950	-119.608658
3619.596863	-120.211502
3620.269775	-120.868576
3620.942688	-121.050148
3621.615601	-119.968185
3622.288513	-119.171600
3622.961426	-118.997589
3623.634338	-119.684601
3624.307251	-120.429749
3624.980164	-120.475357
3625.653076	-120.030846
3626.325989	-119.841988
3626.998901	-119.924301
3627.671814	-120.005043
3628.344727	-120.522057
3629.017639	-120.038216
3629.690552	-119.637390
3630.363464	-119.761505
3631.036377	-120.505554
3631.709290	-120.182877
3632.382202	-120.106049
3633.055115	-120.128952
3633.728027	-120.382164
3634.400940	-119.974022
3635.073853	-120.046310
3635.746765	-120.176308
3636.419678	-120.072990
3637.092590	-120.211899
3637.765503	-119.593422
3638.438416	-120.327988
3639.111328	-120.964401
3639.784241	-120.521194
3640.457153	-120.254044
3641.130066	-120.015800
3641.802979	-119.290123
3642.475891	-119.548546
3643.148804	-119.797043
3643.821716	-120.022858
3644.494629	-119.868690
3645.167542	-120.403503
3645.840454	-119.961143
3646.513367	-120.332588
3647.186279	-119.925949
3647.859192	-119.938255
3648.532104	-120.146233
3649.205017	-120.048630
3649.877930	-120.523064
3650.550842	-120.450294
3651.223755	-120.646637
3651.896667	-120.020203
3652.569580	-119.784340
3653.242493	-120.064606
3653.915405	-119.703468
3654.588318	-119.777122
3655.261230	-120.326324
3655.934143	-120.497505
3656.607056	-120.537758
3657.279968	-120.139847
3657.952881	-120.392624
3658.625793	-120.335449
3659.298706	-120.012917
3659.971619	-119.371635
3660.644531	-119.811752
3661.317444	-120.490128
3661.990356	-120.131844
3662.663269	-119.986053
3663.336182	-120.326347
3664.009094	-120.653320
3664.682007	-120.085472
3665.354919	-120.272331
3666.027832	-120.955406
3666.700745	-120.883446
3667.373657	-120.558731
3668.046570	-120.733528
3668.719482	-120.065132
3669.392395	-120.111900
3670.065308	-120.577324
3670.738220	-120.410286
3671.411133	-120.072578
3672.084045	-119.716591
3672.756958	-120.144974
3673.429871	-120.352898
3674.102783	-120.654755
3674.775696	-120.119492
3675.448608	-119.939026
3676.121521	-120.610153
3676.794434	-120.226509
3677.467346	-119.481339
3678.140259	-119.905128
3678.813171	-119.694824
3679.486084	-120.504868
3680.158997	-121.003532
3680.831909	-120.295982
3681.504822	-120.150429
3682.177734	-120.304260
3682.850647	-120.171471
3683.523560	-120.281059
3684.196472	-120.349213
3684.869385	-120.465538
3685.542297	-120.480400
3686.215210	-120.271385
3686.888123	-120.180733
3687.561035	-120.301544
3688.233948	-119.918869
3688.906860	-119.885155
3689.579773	-119.815865
3690.252686	-119.906136
3690.925598	-120.067932
3691.598511	-120.548828
3692.271423	-120.225548
3692.944336	-119.776329
3693.617249	-119.466919
3694.290161	-119.970139
3694.963074	-120.306961
3695.635986	-119.732399
3696.308899	-119.977318
3696.981812	-120.316437
3697.654724	-119.824921
3698.327637	-119.389587
3699.000549	-120.240860
3699.673462	-120.424110
3700.346375	-120.267448
3701.019287	-120.442223
3701.692200	-119.704475
3702.365112	-120.076782
3703.038025	-119.942886
3703.710938	-120.037453
3704.383850	-120.628700
3705.056763	-120.492218
3705.729675	-120.139694
3706.402588	-120.318855
3707.075500	-120.165703
3707.748413	-120.566742
3708.421326	-120.597115
3709.094238	-119.967644
3709.767151	-120.150864
3710.440063	-120.177208
3711.112976	-119.815811
3711.785889	-120.225105
3712.458801	-120.668571
3713.131714	-120.304764
3713.804626	-120.009468
3714.477539	-119.854248
3715.150452	-119.821060
3715.823364	-120.446304
3716.496277	-119.966843
3717.169189	-119.933388
3717.842102	-119.907417
3718.515015	-120.012093
3719.187927	-120.348709
3719.860840	-120.205376
3720.533752	-119.654106
3721.206665	-119.737755
3721.879578	-120.346275
3722.552490	-120.464378
3723.225403	-119.942162
3723.898315	-119.737617
3724.571228	-119.326294
3725.244141	-119.423531
3725.917053	-119.813675
3726.589966	-119.827499
3727.262878	-119.756348
3727.935791	-119.357666
3728.608704	-119.775955
3729.281616	-120.284264
3729.954529	-120.439934
3730.627441	-120.338943
3731.300354	-120.414513
3731.973267	-119.943001
3732.646179	-119.980766
3733.319092	-120.222885
3733.992004	-120.157364
3734.664917	-119.857018
3735.337830	-120.196342
3736.010742	-120.398842
3736.683655	-120.496056
3737.356567	-120.862976
3738.029480	-120.707825
3738.702393	-120.130417
3739.375305	-120.405014
3740.048218	-120.780807
3740.721130	-120.578819
3741.394043	-120.644112
3742.066956	-120.264229
3742.739868	-120.484818
3743.412781	-120.750786
3744.085693	-119.927917
3744.758606	-120.016960
3745.431519	-120.559799
3746.104431	-120.102707
3746.777344	-119.751701
3747.450256	-119.313133
3748.123169	-119.969322
3748.796082	-120.946243
3749.468994	-120.617371
3750.141907	-120.258766
3750.814819	-120.199478
3751.487732	-120.093437
3752.160645	-119.926994
3752.833557	-120.133423
3753.506470	-120.562546
3754.179382	-120.464455
3754.852295	-120.703102
3755.525208	-120.643074
3756.198120	-120.346886
3756.871033	-120.555389
3757.543945	-120.747093
3758.216858	-119.996658
3758.889771	-120.119362
3759.562683	-120.197990
3760.235596	-120.624123
3760.908508	-120.321037
3761.581421	-119.981155
3762.254333	-119.812393
3762.927246	-119.494873
3763.600159	-120.010910
3764.273071	-120.485283
3764.945984	-120.973038
3765.618896	-120.234894
3766.291809	-120.571571
3766.964722	-120.092056
3767.637634	-120.002647
3768.310547	-121.032303
3768.983459	-120.860016
3769.656372	-120.692917
3770.329285	-120.061760
3771.002197	-119.753639
3771.675110	-120.050522
3772.348022	-120.435577
3773.020935	-120.016342
3773.693848	-120.211182
3774.366760	-120.359520
3775.039673	-120.430489
3775.712585	-120.920761
3776.385498	-121.354622
3777.058411	-120.475449
3777.731323	-120.168655
3778.404236	-119.944077
3779.077148	-120.188812
3779.750061	-119.693192
3780.422974	-119.812660
3781.095886	-120.002785
3781.768799	-119.772270
3782.441711	-120.168236
3783.114624	-120.051880
3783.787537	-120.239883
3784.460449	-120.465645
3785.133362	-119.895844
3785.806274	-119.958923
3786.479187	-120.037872
3787.152100	-120.821396
3787.825012	-120.862114
3788.497925	-120.638695
3789.170837	-120.217995
3789.843750	-120.003975
3790.516663	-120.462570
3791.189575	-120.690582
3791.862488	-119.844398
3792.535400	-120.238251
3793.208313	-121.089378
3793.881226	-121.473679
3794.554138	-120.764397
3795.227051	-120.162239
3795.899963	-120.655228
3796.572876	-119.938522
3797.245789	-120.269264
3797.918701	-120.472816
3798.591614	-120.270149
3799.264526	-120.037918
3799.937439	-120.365768
3800.610352	-120.242020
3801.283264	-120.191536
3801.956177	-120.057556
3802.629089	-119.888275
3803.302002	-119.937607
3803.974915	-120.424911
3804.647827	-120.242599
3805.320740	-120.196106
3805.993652	-120.247421
3806.666565	-119.952507
3807.339478	-120.454155
3808.012390	-120.253723
3808.685303	-120.438881
3809.358215	-121.044464
3810.031128	-120.837883
3810.704041	-120.183113
3811.376953	-119.860298
3812.049866	-119.889038
3812.722778	-120.132469
3813.395691	-119.828629
3814.068604	-120.278397
3814.741516	-120.579124
3815.414429	-120.497467
3816.087341	-120.303719
3816.760254	-120.294167
3817.433167	-120.378487
3818.106079	-120.607185
3818.778992	-121.169640
3819.451904	-120.924942
3820.124817	-120.967712
3820.797729	-120.492508
3821.470642	-120.564636
3822.143555	-120.662231
3822.816467	-119.850090
3823.489380	-120.021179
3824.162292	-120.041496
3824.835205	-120.387436
3825.508118	-120.532898
3826.181030	-120.297333
3826.853943	-120.061569
3827.526855	-120.570625
3828.199768	-120.473251
3828.872681	-120.305679
3829.545593	-119.881836
3830.218506	-119.593575
3830.891418	-119.748749
3831.564331	-119.255547
3832.237244	-119.700279
3832.910156	-120.229233
3833.583069	-119.943214
3834.255981	-120.419495
3834.928894	-120.692162
3835.601807	-119.777039
3836.274719	-119.176109
3836.947632	-119.887154
3837.620544	-120.337624
3838.293457	-119.953766
3838.966370	-120.023201
3839.639282	-120.450348
3840.312195	-120.646454
3840.985107	-120.198029
3841.658020	-120.326248
3842.330933	-119.949524
3843.003845	-119.977905
3843.676758	-120.608475
3844.349670	-120.866844
3845.022583	-120.023483
3845.695496	-119.733864
3846.368408	-119.971878
3847.041321	-120.217216
3847.714233	-120.688232
3848.387146	-120.251030
3849.060059	-120.461197
3849.732971	-119.991638
3850.405884	-120.127769
3851.078796	-120.107155
3851.751709	-120.295113
3852.424622	-120.658585
3853.097534	-120.423607
3853.770447	-120.793381
3854.443359	-120.735229
3855.116272	-119.886345
3855.789185	-120.003075
3856.462097	-119.296104
3857.135010	-119.681587
3857.807922	-120.067444
3858.480835	-120.001541
3859.153748	-119.607903
3859.826660	-120.479973
3860.499573	-120.289391
3861.172485	-121.072975
3861.845398	-120.273590
3862.518311	-119.942162
3863.191223	-120.079811
3863.864136	-120.207077
3864.537048	-120.914085
3865.209961	-121.305923
3865.882874	-120.573463
3866.555786	-120.457558
3867.228699	-119.730560
3867.901611	-120.080910
3868.574524	-120.023300
3869.247437	-120.452744
3869.920349	-120.434219
3870.593262	-120.443245
3871.266174	-120.147362
3871.939087	-119.895981
3872.612000	-120.157463
3873.284912	-120.412598
3873.957825	-120.312111
3874.630737	-120.639763
3875.303650	-120.730949
3875.976562	-119.534248
3876.649475	-119.609375
3877.322388	-120.236191
3877.995300	-120.170464
3878.668213	-119.831253
3879.341125	-119.126579
3880.014038	-119.737663
3880.686951	-120.558525
3881.359863	-121.269760
3882.032776	-120.655434
3882.705688	-120.174866
3883.378601	-120.503487
3884.051514	-120.639870
3884.724426	-120.118210
3885.397339	-120.116875
3886.070251	-119.993835
3886.743164	-119.853889
3887.416077	-120.409439
3888.088989	-120.474236
3888.761902	-119.860535
3889.434814	-120.068420
3890.107727	-120.057579
3890.780640	-120.294739
3891.453552	-119.599030
3892.126465	-119.800247
3892.799377	-119.940109
3893.472290	-120.329559
3894.145203	-120.143852
3894.818115	-119.483665
3895.491028	-119.740211
3896.163940	-119.528725
3896.836853	-120.078362
3897.509766	-119.942520
3898.182678	-119.247238
3898.855591	-119.906219
3899.528503	-120.465164
3900.201416	-120.719810
3900.874329	-120.309174
3901.547241	-119.601219
3902.220154	-120.158783
3902.893066	-121.240120
3903.565979	-120.352707
3904.238892	-120.228882
3904.911804	-120.408104
3905.584717	-120.050323
3906.257629	-120.082512
3906.930542	-119.970856
3907.603455	-119.806580
3908.276367	-120.417534
3908.949280	-120.581680
3909.622192	-120.492279
3910.295105	-120.593292
3910.968018	-120.770660
3911.640930	-120.965790
3912.313843	-120.396225
3912.986755	-119.985703
3913.659668	-120.315216
3914.332581	-120.258469
3915.005493	-120.263908
3915.678406	-120.087723
3916.351318	-120.635971
3917.024231	-121.299149
3917.697144	-120.907028
3918.370056	-120.435158
3919.042969	-120.678352
3919.715881	-120.109291
3920.388794	-119.995049
3921.061707	-120.170731
3921.734619	-119.945633
3922.407532	-120.432388
3923.080444	-120.397469
3923.753357	-120.710381
3924.426270	-120.233833
3925.099182	-120.324997
3925.772095	-120.289337
3926.445007	-119.896568
3927.117920	-119.752747
3927.790833	-120.341614
3928.463745	-120.488861
3929.136658	-120.129662
3929.809570	-120.234375
3930.482483	-120.757469
3931.155396	-120.247345
3931.828308	-120.100296
3932.501221	-120.629295
3933.174133	-120.319206
3933.847046	-120.364662
3934.519958	-120.168839
3935.192871	-120.434311
3935.865784	-120.387611
3936.538696	-120.549019
3937.211609	-119.802376
3937.884521	-120.293938
3938.557434	-119.568108
3939.230347	-119.488403
3939.903259	-119.886871
3940.576172	-119.962456
3941.249084	-119.842606
3941.921997	-120.064972
3942.594910	-120.186958
3943.267822	-120.308609
3943.940735	-120.161507
3944.613647	-120.524605
3945.286560	-120.547852
3945.959473	-119.974487
3946.632385	-119.925316
3947.305298	-120.452179
3947.978210	-120.535629
3948.651123	-119.870590
3949.324036	-120.184761
3949.996948	-120.266502
3950.669861	-120.106461
3951.342773	-120.359497
3952.015686	-120.389214
3952.688599	-119.869194
3953.361511	-118.889694
3954.034424	-119.673615
3954.707336	-120.346436
3955.380249	-119.884506
3956.053162	-120.129715
3956.726074	-120.488976
3957.398987	-119.960808
3958.071899	-119.701813
3958.744812	-120.093346
3959.417725	-120.431442
3960.090637	-120.152901
3960.763550	-120.201180
3961.436462	-120.692673
3962.109375	-120.101547
3962.782288	-120.071739
3963.455200	-120.355873
3964.128113	-119.963478
3964.801025	-119.685432
3965.473938	-119.732704
3966.146851	-120.018044
3966.819763	-119.486603
3967.492676	-119.963104
3968.165588	-120.424217
3968.838501	-119.835716
3969.511414	-120.237289
3970.184326	-120.587456
3970.857239	-120.550209
3971.530151	-120.453293
3972.203064	-120.510201
3972.875977	-120.719536
3973.548889	-120.439560
3974.221802	-120.167198
3974.894714	-119.755943
3975.567627	-120.173714
3976.240540	-120.166962
3976.913452	-120.036186
3977.586365	-120.338028
3978.259277	-119.596245
3978.932190	-120.597870
3979.605103	-120.855797
3980.278015	-120.235863
3980.950928	-120.345238
3981.623840	-120.219002
3982.296753	-119.905853
3982.969666	-119.845612
3983.642578	-120.132401
3984.315491	-119.638077
3984.988403	-120.180077
3985.661316	-120.794945
3986.334229	-120.978554
3987.007141	-120.643463
3987.680054	-119.780029
3988.352966	-119.993896
3989.025879	-120.236305
3989.698792	-120.578278
3990.371704	-120.621872
3991.044617	-120.030151
3991.717529	-120.266479
3992.390442	-120.395058
3993.063354	-120.125168
3993.736267	-119.816864
3994.409180	-119.631134
3995.082092	-119.818993
3995.755005	-120.344246
3996.427917	-120.260841
3997.100830	-119.921234
3997.773743	-120.023277
3998.446655	-120.289780
3999.119568	-120.582039
3999.792480	-120.335037
4000.465393	-120.855690
4001.138306	-120.510132
4001.811218	-120.314590
4002.484131	-119.948074
4003.157043	-119.562614
4003.829956	-119.719292
4004.502869	-120.386856
4005.175781	-120.830963
4005.848694	-120.565102
4006.521606	-120.237831
4007.194519	-120.361534
4007.867432	-120.153099
4008.540344	-120.270508
4009.213257	-120.727371
4009.886169	-120.631821
4010.559082	-119.835907
4011.231995	-120.102768
4011.904907	-120.544136
4012.577820	-120.516624
4013.250732	-119.975128
4013.923645	-119.725510
4014.596558	-119.296196
4015.269470	-119.676682
4015.942383	-119.724220
4016.615295	-120.262840
4017.288208	-121.089165
4017.961121	-120.649124
4018.634033	-120.456734
4019.306946	-120.443481
4019.979858	-119.861061
4020.652771	-119.951645
4021.325684	-119.985764
4021.998596	-120.652267
4022.671509	-121.084183
4023.344421	-121.121315
4024.017334	-120.554161
4024.690247	-119.377052
4025.363159	-119.572166
4026.036072	-120.034981
4026.708984	-120.116051
4027.381897	-119.762238
4028.054810	-120.315109
4028.727722	-120.472549
4029.400635	-119.934402
4030.073547	-120.104897
4030.746460	-119.873528
4031.419373	-119.583366
4032.092285	-120.409363
4032.765198	-121.615669
4033.438110	-121.735771
4034.111023	-120.464958
4034.783936	-120.341385
4035.456848	-119.822495
4036.129761	-119.878258
4036.802673	-119.111931
4037.475586	-119.166634
4038.148499	-120.112724
4038.821411	-120.625732
4039.494324	-120.168678
4040.167236	-119.704697
4040.840149	-119.848465
4041.513062	-119.949295
4042.185974	-119.919106
4042.858887	-120.137390
4043.531799	-120.235687
4044.204712	-120.307404
4044.877625	-120.172096
4045.550537	-119.817093
4046.223450	-120.415764
4046.896362	-120.586258
4047.569275	-120.356476
4048.242188	-120.248817
4048.915100	-120.335106
4049.588013	-120.497635
4050.260925	-120.778938
4050.933838	-120.675087
4051.606750	-121.462181
4052.279663	-120.355858
4052.952576	-119.737274
4053.625488	-119.792488
4054.298401	-119.931702
4054.971313	-119.733444
4055.644226	-120.314865
4056.317139	-120.411964
4056.990051	-119.987907
4057.662964	-119.848274
4058.335876	-120.219269
4059.008789	-120.462486
4059.681702	-119.752991
4060.354614	-119.705322
4061.027527	-119.986435
4061.700439	-120.291115
4062.373352	-120.705925
4063.046265	-120.430901
4063.719177	-120.019348
4064.392090	-120.776764
4065.065002	-120.853806
4065.737915	-120.461205
4066.410828	-120.393646
4067.083740	-120.307358
4067.756653	-120.118263
4068.429565	-120.196381
4069.102478	-120.496170
4069.775391	-120.258110
4070.448303	-120.068298
4071.121216	-120.404816
4071.794128	-119.544464
4072.467041	-119.660713
4073.139954	-120.300110
4073.812866	-120.673042
4074.485779	-120.426231
4075.158691	-120.011574
4075.831604	-120.351883
4076.504517	-120.720352
4077.177429	-121.267647
4077.850342	-120.808380
4078.523254	-120.489624
4079.196167	-120.012840
4079.869080	-119.622719
4080.541992	-119.843521
4081.214905	-119.985527
4081.887817	-120.144615
4082.560730	-119.799164
4083.233643	-119.721771
4083.906555	-120.102753
4084.579468	-119.812042
4085.252380	-119.988914
4085.925293	-120.529907
4086.598206	-121.413849
4087.271118	-121.065575
4087.944031	-120.488373
4088.616943	-120.223991
4089.289856	-119.983650
4089.962769	-119.810982
4090.635681	-119.868141
4091.308594	-120.224480
4091.981506	-119.378693
4092.654419	-120.071884
4093.327332	-120.479546
4094.000244	-120.373970
4094.673157	-119.916000
4095.346069	-119.816879
4096.018982	-120.223572
4096.691895	-120.522141
4097.364807	-120.340149
4098.037720	-120.043541
4098.710632	-120.289238
4099.383545	-120.192635
4100.056458	-119.939980
4100.729370	-120.032120
4101.402283	-119.875481
4102.075195	-120.052856
4102.748108	-120.399582
4103.421021	-120.039024
4104.093933	-120.719193
4104.766846	-120.775085
4105.439758	-120.178085
4106.112671	-119.554665
4106.785583	-120.208046
4107.458496	-120.269814
4108.131409	-119.858871
4108.804321	-119.944878
4109.477234	-120.934677
4110.150146	-120.804489
4110.823059	-120.061134
4111.495972	-119.664436
4112.168884	-120.016029
4112.841797	-120.087532
4113.514709	-121.093216
4114.187622	-120.945709
4114.860535	-120.688797
4115.533447	-120.603180
4116.206360	-120.227989
4116.879272	-120.180176
4117.552185	-120.561424
4118.225098	-120.224953
4118.898010	-119.881721
4119.570923	-120.069351
4120.243835	-119.886490
4120.916748	-119.665337
4121.589661	-119.667694
4122.262573	-119.751099
4122.935486	-119.810356
4123.608398	-120.548271
4124.281311	-120.320381
4124.954224	-120.090736
4125.627136	-120.383308
4126.300049	-119.688805
4126.972961	-119.357841
4127.645874	-119.798416
4128.318787	-120.571388
4128.991699	-120.879272
4129.664612	-119.861900
4130.337524	-119.881493
4131.010437	-120.190285
4131.683350	-120.753746
4132.356262	-120.400444
4133.029175	-120.414917
4133.702087	-120.640671
4134.375000	-120.036949
4135.047913	-119.742882
4135.720825	-119.588264
4136.393738	-119.790024
4137.066650	-120.451782
4137.739563	-120.322227
4138.412476	-120.649956
4139.085388	-120.222710
4139.758301	-119.936394
4140.431213	-120.091560
4141.104126	-120.381859
4141.777039	-120.663254
4142.449951	-120.537918
4143.122864	-120.578888
4143.795776	-121.120842
4144.468689	-121.297272
4145.141602	-120.336647
4145.814514	-120.184669
4146.487427	-119.989281
4147.160339	-119.456329
4147.833252	-120.192696
4148.506165	-120.428589
4149.179077	-119.879524
4149.851990	-120.641121
4150.524902	-119.773956
4151.197815	-119.105659
4151.870728	-119.792694
4152.543640	-120.341919
4153.216553	-120.523094
4153.889465	-120.386307
4154.562378	-120.160667
4155.235291	-120.010292
4155.908203	-119.851814
4156.581116	-120.604988
4157.254028	-119.975510
4157.926941	-120.280777
4158.599854	-120.695129
4159.272766	-120.423332
4159.945679	-120.039024
4160.618591	-119.843239
4161.291504	-119.585037
4161.964417	-119.792534
4162.637329	-120.004852
4163.310242	-120.265373
4163.983154	-120.878922
4164.656067	-120.625046
4165.328979	-120.700340
4166.001892	-120.828094
4166.674805	-120.626556
4167.347717	-119.532303
4168.020630	-119.353119
4168.693542	-119.872818
4169.366455	-120.084587
4170.039368	-120.283257
4170.712280	-120.213867
4171.385193	-120.015068
4172.058105	-120.074013
4172.731018	-120.518532
4173.403931	-120.072701
4174.076843	-119.806854
4174.749756	-119.532852
4175.422668	-119.796745
4176.095581	-120.041046
4176.768494	-120.197235
4177.441406	-120.072334
4178.114319	-119.345970
4178.787231	-119.381409
4179.460144	-119.900238
4180.133057	-119.815247
4180.805969	-120.087852
4181.478882	-120.380981
4182.151794	-119.568657
4182.824707	-119.392639
4183.497620	-119.771736
4184.170532	-120.224388
4184.843445	-119.935722
4185.516357	-120.680199
4186.189270	-120.442482
4186.862183	-120.168221
4187.535095	-120.287842
4188.208008	-120.112328
4188.880920	-119.854454
4189.553833	-120.151878
4190.226746	-120.043854
4190.899658	-120.087502
4191.572571	-120.026329
4192.245483	-120.069992
4192.918396	-120.612587
4193.591309	-120.127159
4194.264221	-119.807076
4194.937134	-119.908951
4195.610046	-120.186134
4196.282959	-120.116707
4196.955872	-119.951904
4197.628784	-120.212784
4198.301697	-120.178421
4198.974609	-120.863731
4199.647522	-120.548096
4200.320435	-120.261559
4200.993347	-120.174896
4201.666260	-119.408875
4202.339172	-119.391815
4203.012085	-120.037231
4203.684998	-120.614830
4204.357910	-120.882294
4205.030823	-120.437119
4205.703735	-120.031456
4206.376648	-120.185661
4207.049561	-121.142166
4207.722473	-120.272316
4208.395386	-119.806564
4209.068298	-119.800095
4209.741211	-119.492966
4210.414124	-119.817299
4211.087036	-119.775810
4211.759949	-120.159889
4212.432861	-120.851402
4213.105774	-121.025520
4213.778687	-120.324745
4214.451599	-120.420769
4215.124512	-120.528748
4215.797424	-120.344505
4216.470337	-120.046265
4217.143250	-119.426369
4217.816162	-120.076508
4218.489075	-120.121048
4219.161987	-120.461426
4219.834900	-120.277298
4220.507812	-120.730865
4221.180725	-121.160294
4221.853638	-120.389900
4222.526550	-120.264816
4223.199463	-120.473663
4223.872375	-120.628822
4224.545288	-120.097275
4225.218201	-119.785149
4225.891113	-120.272430
4226.564026	-119.969048
4227.236938	-120.357368
4227.909851	-119.943207
4228.582764	-120.387383
4229.255676	-120.147331
4229.928589	-120.127617
4230.601501	-120.407143
4231.274414	-120.323257
4231.947327	-119.528275
4232.620239	-119.793076
4233.293152	-120.982353
4233.966064	-120.968430
4234.638977	-120.027748
4235.311890	-120.247169
4235.984802	-120.379669
4236.657715	-120.431023
4237.330627	-120.109177
4238.003540	-119.811348
4238.676453	-119.722206
4239.349365	-120.212006
4240.022278	-120.108292
4240.695190	-119.814346
4241.368103	-119.753700
4242.041016	-120.247742
4242.713928	-120.940361
4243.386841	-120.679626
4244.059753	-120.274582
4244.732666	-120.152077
4245.405579	-119.482361
4246.078491	-119.797470
4246.751404	-120.833237
4247.424316	-120.454819
4248.097229	-120.015755
4248.770142	-119.734940
4249.443054	-120.559441
4250.115967	-120.260010
4250.788879	-120.073143
4251.461792	-120.719498
4252.134705	-120.208900
4252.807617	-119.642403
4253.480530	-119.776772
4254.153442	-120.099777
4254.826355	-119.772545
4255.499268	-119.774956
4256.172180	-120.038521
4256.845093	-120.337257
4257.518005	-120.588234
4258.190918	-120.010170
4258.863831	-119.930618
4259.536743	-119.695480
4260.209656	-119.769218
4260.882568	-119.897385
4261.555481	-120.231071
4262.228394	-120.436813
4262.901306	-120.678581
4263.574219	-120.575699
4264.247131	-120.253960
4264.920044	-120.297630
4265.592957	-120.884872
4266.265869	-120.971535
4266.938782	-120.762169
4267.611694	-120.667625
4268.284607	-120.221260
4268.957520	-120.288925
4269.630432	-120.447838
4270.303345	-120.838875
4270.976257	-120.106171
4271.649170	-119.426399
4272.322083	-119.622086
4272.994995	-119.976265
4273.667908	-119.631378
4274.340820	-119.864746
4275.013733	-120.263687
4275.686646	-119.737289
4276.359558	-119.831703
4277.032471	-120.322510
4277.705383	-120.253021
4278.378296	-119.776550
4279.051208	-120.381477
4279.724121	-119.851372
4280.397034	-119.863945
4281.069946	-119.878952
4281.742859	-120.241653
4282.415771	-119.913437
4283.088684	-119.837502
4283.761597	-120.102104
4284.434509	-120.072739
4285.107422	-119.918579
4285.780334	-119.938469
4286.453247	-119.843575
4287.126160	-119.916565
4287.799072	-119.720970
4288.471985	-119.911453
4289.144897	-120.422691
4289.817810	-121.009064
4290.490723	-120.683372
4291.163635	-120.101944
4291.836548	-120.303200
4292.509460	-120.732178
4293.182373	-119.973480
4293.855286	-120.036583
4294.528198	-120.203148
4295.201111	-119.987900
4295.874023	-120.607933
4296.546936	-120.167839
4297.219849	-120.134850
4297.892761	-120.097198
4298.565674	-120.305901
4299.238586	-120.283424
4299.911499	-120.340889
4300.584412	-120.356537
4301.257324	-120.142799
4301.930237	-119.629578
4302.603149	-120.643753
4303.276062	-121.502930
4303.948975	-120.936844
4304.621887	-120.123459
4305.294800	-120.643318
4305.967712	-120.690605
4306.640625	-120.500526
4307.313538	-119.936798
4307.986450	-119.508904
4308.659363	-119.569069
4309.332275	-119.972649
4310.005188	-119.875168
4310.678101	-120.152985
4311.351013	-119.316246
4312.023926	-120.105103
4312.696838	-120.132904
4313.369751	-119.956017
4314.042664	-120.066154
4314.715576	-120.299911
4315.388489	-120.615417
4316.061401	-119.722107
4316.734314	-119.334457
4317.407227	-120.112755
4318.080139	-119.849541
4318.753052	-120.182014
4319.425964	-119.981461
4320.098877	-119.927963
4320.771790	-119.562408
4321.444702	-119.659920
4322.117615	-120.105400
4322.790527	-119.858620
4323.463440	-119.835266
4324.136353	-119.725395
4324.809265	-120.452423
4325.482178	-120.606613
4326.155090	-120.414658
4326.828003	-120.069611
4327.500916	-119.515724
4328.173828	-119.533020
4328.846741	-119.686874
4329.519653	-120.145653
4330.192566	-120.548347
4330.865479	-119.875267
4331.538391	-120.269035
4332.211304	-120.279106
4332.884216	-119.702896
4333.557129	-119.855568
4334.230042	-120.467461
4334.902954	-120.302940
4335.575867	-120.627823
4336.248779	-120.143623
4336.921692	-120.116760
4337.594604	-120.646866
4338.267517	-120.383789
4338.940430	-120.022102
4339.613342	-120.835365
4340.286255	-120.925705
4340.959167	-120.705986
4341.632080	-120.820541
4342.304993	-120.748802
4342.977905	-121.292526
4343.650818	-120.828842
4344.323730	-120.298813
4344.996643	-120.364655
4345.669556	-119.966629
4346.342468	-119.500916
4347.015381	-120.118454
4347.688293	-120.888748
4348.361206	-120.445480
4349.034119	-119.792480
4349.707031	-119.731247
4350.379944	-120.189095
4351.052856	-120.393883
4351.725769	-120.517334
4352.398682	-120.651833
4353.071594	-120.407433
4353.744507	-120.597435
4354.417419	-120.286423
4355.090332	-120.576660
4355.763245	-120.667397
4356.436157	-120.355507
4357.109070	-119.795685
4357.781982	-120.166290
4358.454895	-120.434395
4359.127808	-120.311134
4359.800720	-120.177391
4360.473633	-119.974129
4361.146545	-119.952721
4361.819458	-120.463387
4362.492371	-120.205444
4363.165283	-120.551285
4363.838196	-119.975777
4364.511108	-119.878937
4365.184021	-120.111618
4365.856934	-121.096573
4366.529846	-120.695412
4367.202759	-120.267624
4367.875671	-120.436798
4368.548584	-120.685127
4369.221497	-120.100784
4369.894409	-120.244583
4370.567322	-120.361420
4371.240234	-120.330856
4371.913147	-120.143219
4372.586060	-119.897697
4373.258972	-120.401184
4373.931885	-119.934486
4374.604797	-120.431648
4375.277710	-120.569740
4375.950623	-120.164871
4376.623535	-120.047394
4377.296448	-120.386208
4377.969360	-119.962814
4378.642273	-120.628540
4379.315186	-120.106995
4379.988098	-120.534111
4380.661011	-120.587158
4381.333923	-119.953209
4382.006836	-120.163605
4382.679749	-120.029366
4383.352661	-120.265411
4384.025574	-120.084892
4384.698486	-119.484375
4385.371399	-119.737709
4386.044312	-120.323486
4386.717224	-119.822411
4387.390137	-119.965034
4388.063049	-120.107132
4388.735962	-120.141594
4389.408875	-120.446434
4390.081787	-120.746117
4390.754700	-120.081085
4391.427612	-119.933098
4392.100525	-120.652451
4392.773438	-120.310822
4393.446350	-120.248604
4394.119263	-120.482445
4394.792175	-120.348824
4395.465088	-120.152069
4396.138000	-120.873199
4396.810913	-120.480553
4397.483826	-120.044395
4398.156738	-119.912880
4398.829651	-119.598877
4399.502563	-119.928337
4400.175476	-119.622536
4400.848389	-119.746704
4401.521301	-120.163406
4402.194214	-120.170685
4402.867126	-120.596481
4403.540039	-120.540367
4404.212952	-120.161888
4404.885864	-120.092728
4405.558777	-120.107201
4406.231689	-119.532654
4406.904602	-119.575302
4407.577515	-119.696831
4408.250427	-120.172035
4408.923340	-120.148949
4409.596252	-120.188316
4410.269165	-119.926979
4410.942078	-119.902039
4411.614990	-120.357323
4412.287903	-120.305229
4412.960815	-119.885498
4413.633728	-119.578339
4414.306641	-119.905258
4414.979553	-120.257210
4415.652466	-120.025589
4416.325378	-119.806366
4416.998291	-119.575676
4417.671204	-120.211136
4418.344116	-120.563896
4419.017029	-120.666771
4419.689941	-120.648872
4420.362854	-120.604843
4421.035767	-121.353973
4421.708679	-120.989647
4422.381592	-120.278999
4423.054504	-120.371307
4423.727417	-120.676918
4424.400330	-120.503883
4425.073242	-120.021416
4425.746155	-119.989883
4426.419067	-120.291634
4427.091980	-119.835419
4427.764893	-120.309013
4428.437805	-120.600662
4429.110718	-120.090981
4429.783630	-119.838791
4430.456543	-120.323059
4431.129456	-121.552208
4431.802368	-120.962044
4432.475281	-120.916870
4433.148193	-120.906441
4433.821106	-120.207161
4434.494019	-120.512474
4435.166931	-120.383400
4435.839844	-119.971313
4436.512756	-120.099373
4437.185669	-120.270905
4437.858582	-120.213821
4438.531494	-119.425034
4439.204407	-120.018341
4439.877319	-120.401947
4440.550232	-121.159866
4441.223145	-121.023750
4441.896057	-120.723061
4442.568970	-120.458969
4443.241882	-120.226799
4443.914795	-119.253326
4444.587708	-120.109062
4445.260620	-120.576454
4445.933533	-119.979935
4446.606445	-120.098030
4447.279358	-120.114532
4447.952271	-119.931404
4448.625183	-119.576904
4449.298096	-120.207504
4449.971008	-120.642273
4450.643921	-120.695831
4451.316833	-120.177811
4451.989746	-120.361885
4452.662659	-120.203560
4453.335571	-120.140747
4454.008484	-120.682007
4454.681396	-120.092117
4455.354309	-120.440895
4456.027222	-120.906654
4456.700134	-120.868500
4457.373047	-120.311516
4458.045959	-120.122009
4458.718872	-120.051788
4459.391785	-120.162071
4460.064697	-120.149483
4460.737610	-120.232780
4461.410522	-120.065231
4462.083435	-119.957237
4462.756348	-120.356239
4463.429260	-121.104256
4464.102173	-120.678635
4464.775085	-120.528114
4465.447998	-120.287193
4466.120911	-120.045883
4466.793823	-119.803886
4467.466736	-120.204414
4468.139648	-119.790703
4468.812561	-120.058662
4469.485474	-120.275101
4470.158386	-120.009239
4470.831299	-120.257889
4471.504211	-120.445457
4472.177124	-120.703781
4472.850037	-121.085083
4473.522949	-120.271416
4474.195862	-119.919144
4474.868774	-120.664604
4475.541687	-120.647842
4476.214600	-120.692642
4476.887512	-120.197739
4477.560425	-120.189278
4478.233337	-120.593178
4478.906250	-120.567421
4479.579163	-120.881958
4480.252075	-120.939499
4480.924988	-120.888672
4481.597900	-120.193268
4482.270813	-120.249603
4482.943726	-120.826996
4483.616638	-120.444565
4484.289551	-120.745300
4484.962463	-121.025391
4485.635376	-121.037453
4486.308289	-121.176651
4486.981201	-121.296585
4487.654114	-120.802666
4488.327026	-120.344612
4488.999939	-120.340805
4489.672852	-120.970703
4490.345764	-120.136230
4491.018677	-119.736382
4491.691589	-120.353310
4492.364502	-120.262627
4493.037415	-120.514740
4493.710327	-120.792465
4494.383240	-120.397484
4495.056152	-120.109848
4495.729065	-120.389450
4496.401978	-119.669746
4497.074890	-119.425438
4497.747803	-119.603279
4498.420715	-120.317268
4499.093628	-120.577675
4499.766541	-120.544945
4500.439453	-119.824730
4501.112366	-120.353638
4501.785278	-120.991188
4502.458191	-120.044586
4503.131104	-120.483765
4503.804016	-120.338989
4504.476929	-121.094727
4505.149841	-120.909668
4505.822754	-120.202209
4506.495667	-120.010826
4507.168579	-120.093765
4507.841492	-120.170609
4508.514404	-119.869568
4509.187317	-119.753410
4509.860229	-119.856834
4510.533142	-119.818214
4511.206055	-119.822533
4511.878967	-119.766357
4512.551880	-120.602005
4513.224792	-120.738480
4513.897705	-120.657494
4514.570618	-120.673538
4515.243530	-120.082184
4515.916443	-120.113678
4516.589355	-120.320801
4517.262268	-120.210602
4517.935181	-120.628197
4518.608093	-119.959282
4519.281006	-119.897346
4519.953918	-119.776009
4520.626831	-119.758942
4521.299744	-120.215881
4521.972656	-120.335449
4522.645569	-120.586746
4523.318481	-120.561234
4523.991394	-120.743134
4524.664307	-120.623764
4525.337219	-120.275414
4526.010132	-120.183136
4526.683044	-120.780701
4527.355957	-120.826248
4528.028870	-120.548943
4528.701782	-120.664536
4529.374695	-121.008209
4530.047607	-120.542496
4530.720520	-120.666908
4531.393433	-120.024437
4532.066345	-119.825844
4532.739258	-120.063980
4533.412170	-120.288132
4534.085083	-120.050438
4534.757996	-119.812416
4535.430908	-120.461700
4536.103821	-121.003777
4536.776733	-121.445107
4537.449646	-121.334007
4538.122559	-120.279213
4538.795471	-120.715797
4539.468384	-120.553940
4540.141296	-120.177261
4540.814209	-120.243530
4541.487122	-120.307129
4542.160034	-120.495300
4542.832947	-120.658516
4543.505859	-119.934593
4544.178772	-119.579033
4544.851685	-119.530128
4545.524597	-120.017067
4546.197510	-119.956001
4546.870422	-119.366386
4547.543335	-120.283615
4548.216248	-120.463661
4548.889160	-119.883797
4549.562073	-120.079811
4550.234985	-120.380829
4550.907898	-120.153595
4551.580811	-120.166412
4552.253723	-120.542946
4552.926636	-120.490143
4553.599548	-119.817184
4554.272461	-120.060600
4554.945374	-120.438248
4555.618286	-120.634727
4556.291199	-120.492134
4556.964111	-119.667206
4557.637024	-119.839699
4558.309937	-120.144356
4558.982849	-120.474144
4559.655762	-120.709717
4560.328674	-121.008331
4561.001587	-120.536995
4561.674500	-120.634888
4562.347412	-120.358040
4563.020325	-119.526985
4563.693237	-119.629807
4564.366150	-119.957069
4565.039062	-120.394615
4565.711975	-120.963112
4566.384888	-120.694283
4567.057800	-119.858467
4567.730713	-119.844780
4568.403625	-120.261070
4569.076538	-120.415161
4569.749451	-120.438416
4570.422363	-120.309853
4571.095276	-119.845772
4571.768188	-120.434288
4572.441101	-120.485634
4573.114014	-120.251801
4573.786926	-120.184654
4574.459839	-120.104080
4575.132751	-120.324707
4575.805664	-120.675568
4576.478577	-121.029053
4577.151489	-120.186981
4577.824402	-119.998680
4578.497314	-119.983795
4579.170227	-119.841431
4579.843140	-120.572090
4580.516052	-121.565231
4581.188965	-120.829437
4581.861877	-120.429985
4582.534790	-120.183731
4583.207703	-121.074532
4583.880615	-120.873146
4584.553528	-120.011436
4585.226440	-119.693428
4585.899353	-119.998001
4586.572266	-120.349876
4587.245178	-120.164642
4587.918091	-119.546555
4588.591003	-120.164833
4589.263916	-120.437775
4589.936829	-120.341423
4590.609741	-120.542831
4591.282654	-120.979225
4591.955566	-121.386414
4592.628479	-120.098015
4593.301392	-119.520531
4593.974304	-119.786240
4594.647217	-120.195122
4595.320129	-119.888779
4595.993042	-119.505089
4596.665955	-120.238739
4597.338867	-121.005989
4598.011780	-120.411316
4598.684692	-120.304855
4599.357605	-120.041451
4600.030518	-120.145004
4600.703430	-120.485344
4601.376343	-120.333763
4602.049255	-119.870644
4602.722168	-120.324539
4603.395081	-120.241776
4604.067993	-120.193092
4604.740906	-120.839676
4605.413818	-120.907143
4606.086731	-121.219208
4606.759644	-121.340759
4607.432556	-121.273964
4608.105469	-121.294197
4608.778381	-120.550529
4609.451294	-120.404984
4610.124207	-120.650459
4610.797119	-120.913811
4611.470032	-119.841064
4612.142944	-120.688965
4612.815857	-121.013046
4613.488770	-119.348938
4614.161682	-119.596107
4614.834595	-120.511414
4615.507507	-121.116562
4616.180420	-120.324875
4616.853333	-120.231133
4617.526245	-120.539429
4618.199158	-120.738739
4618.872070	-120.647858
4619.544983	-120.064705
4620.217896	-120.116844
4620.890808	-120.658867
4621.563721	-120.716148
4622.236633	-120.622643
4622.909546	-120.413048
4623.582458	-119.956238
4624.255371	-120.508636
4624.928284	-120.576233
4625.601196	-120.384392
4626.274109	-121.107307
4626.947021	-120.958260
4627.619934	-121.127533
4628.292847	-120.824287
4628.965759	-120.632042
4629.638672	-120.506546
4630.311584	-120.634239
4630.984497	-120.708511
4631.657410	-120.703484
4632.330322	-120.492508
4633.003235	-120.540596
4633.676147	-120.148186
4634.349060	-119.984344
4635.021973	-120.319206
4635.694885	-120.180908
4636.367798	-120.992722
4637.040710	-119.688858
4637.713623	-119.283562
4638.386536	-119.693062
4639.059448	-120.536568
4639.732361	-120.293198
4640.405273	-119.669502
4641.078186	-119.660034
4641.751099	-119.564163
4642.424011	-120.267159
4643.096924	-120.294739
4643.769836	-120.654648
4644.442749	-120.223244
4645.115662	-119.599754
4645.788574	-120.174164
4646.461487	-120.373291
4647.134399	-120.425972
4647.807312	-120.271599
4648.480225	-119.426300
4649.153137	-119.741425
4649.826050	-120.488510
4650.498962	-120.159828
4651.171875	-119.993973
4651.844788	-119.889992
4652.517700	-120.544983
4653.190613	-120.372086
4653.863525	-120.625412
4654.536438	-120.615280
4655.209351	-120.497528
4655.882263	-120.854897
4656.555176	-121.139503
4657.228088	-120.806519
4657.901001	-120.960960
4658.573914	-120.692215
4659.246826	-120.533264
4659.919739	-120.647652
4660.592651	-120.431984
4661.265564	-120.282455
4661.938477	-119.906937
4662.611389	-120.276375
4663.284302	-120.667885
4663.957214	-120.470863
4664.630127	-120.350060
4665.303040	-119.839981
4665.975952	-119.712402
4666.648865	-120.116425
4667.321777	-120.966827
4667.994690	-120.928993
4668.667603	-120.892303
4669.340515	-120.753052
4670.013428	-120.408958
4670.686340	-120.277924
4671.359253	-120.057892
4672.032166	-120.770721
4672.705078	-120.864601
4673.377991	-120.547501
4674.050903	-120.316727
4674.723816	-120.287338
4675.396729	-119.901291
4676.069641	-119.590752
4676.742554	-120.103508
4677.415466	-120.183563
4678.088379	-120.400284
4678.761292	-120.326035
4679.434204	-120.093559
4680.107117	-120.937874
4680.780029	-120.934769
4681.452942	-120.905281
4682.125854	-120.575493
4682.798767	-120.343063
4683.471680	-120.486954
4684.144592	-120.410103
4684.817505	-120.165154
4685.490417	-120.216660
4686.163330	-120.249908
4686.836243	-120.476501
4687.509155	-120.039330
4688.182068	-119.289253
4688.854980	-119.896912
4689.527893	-120.318314
4690.200806	-120.872826
4690.873718	-120.645126
4691.546631	-120.763054
4692.219543	-120.356781
4692.892456	-120.379875
4693.565369	-120.531822
4694.238281	-120.667152
4694.911194	-120.555824
4695.584106	-120.352615
4696.257019	-120.152733
4696.929932	-120.418251
4697.602844	-120.624138
4698.275757	-120.806274
4698.948669	-120.603355
4699.621582	-121.208328
4700.294495	-121.372459
4700.967407	-121.173607
4701.640320	-120.713112
4702.313232	-120.010315
4702.986145	-120.658875
4703.659058	-120.578949
4704.331970	-120.556366
4705.004883	-120.415428
4705.677795	-120.967690
4706.350708	-121.045654
4707.023621	-120.296280
4707.696533	-120.498817
4708.369446	-120.685898
4709.042358	-120.868103
4709.715271	-121.204414
4710.388184	-120.351654
4711.061096	-120.235512
4711.734009	-120.577187
4712.406921	-120.850815
4713.079834	-120.671211
4713.752747	-120.921478
4714.425659	-120.078926
4715.098572	-119.897079
4715.771484	-120.508659
4716.444397	-120.126839
4717.117310	-119.868874
4717.790222	-119.961952
4718.463135	-119.363159
4719.136047	-119.905380
4719.808960	-120.833542
4720.481873	-120.573235
4721.154785	-120.287567
4721.827698	-120.028008
4722.500610	-119.780579
4723.173523	-119.635399
4723.846436	-120.284622
4724.519348	-120.186882
4725.192261	-120.160019
4725.865173	-120.515823
4726.538086	-120.207680
4727.210999	-120.351418
4727.883911	-120.562721
4728.556824	-121.029633
4729.229736	-120.218613
4729.902649	-119.796593
4730.575562	-120.393440
4731.248474	-121.069710
4731.921387	-120.300217
4732.594299	-120.362343
4733.267212	-120.044067
4733.940125	-120.041840
4734.613037	-121.097946
4735.285950	-121.071754
4735.958862	-120.462204
4736.631775	-119.754753
4737.304688	-120.552177
4737.977600	-120.982704
4738.650513	-120.687958
4739.323425	-120.481926
4739.996338	-119.929169
4740.669250	-120.281090
4741.342163	-120.900810
4742.015076	-120.215591
4742.687988	-119.919304
4743.360901	-120.049461
4744.033813	-119.979156
4744.706726	-119.800682
4745.379639	-119.599617
4746.052551	-120.610764
4746.725464	-120.872093
4747.398376	-119.954727
4748.071289	-120.355446
4748.744202	-120.725952
4749.417114	-120.449539
4750.090027	-120.082130
4750.762939	-120.651314
4751.435852	-121.389122
4752.108765	-121.490692
4752.781677	-120.787804
4753.454590	-119.992165
4754.127502	-119.653877
4754.800415	-119.973770
4755.473328	-119.796402
4756.146240	-120.382889
4756.819153	-120.782845
4757.492065	-120.121674
4758.164978	-120.001320
4758.837891	-120.154610
4759.510803	-120.668839
4760.183716	-120.275444
4760.856628	-120.101395
4761.529541	-119.739090
4762.202454	-120.385620
4762.875366	-121.018570
4763.548279	-119.930565
4764.221191	-120.572601
4764.894104	-120.261391
4765.567017	-120.261536
4766.239929	-120.644211
4766.912842	-120.485855
4767.585754	-120.436172
4768.258667	-120.074997
4768.931580	-120.317070
4769.604492	-120.425232
4770.277405	-120.389511
4770.950317	-120.075897
4771.623230	-119.788460
4772.296143	-120.205086
4772.969055	-120.865311
4773.641968	-120.719986
4774.314880	-120.407951
4774.987793	-120.028137
4775.660706	-119.488281
4776.333618	-119.510406
4777.006531	-119.708160
4777.679443	-120.159645
4778.352356	-119.735046
4779.025269	-120.071136
4779.698181	-120.390762
4780.371094	-120.502167
4781.044006	-120.604431
4781.716919	-119.942795
4782.389832	-119.826302
4783.062744	-120.691277
4783.735657	-120.560631
4784.408569	-120.983307
4785.081482	-120.344078
4785.754395	-119.766045
4786.427307	-119.766968
4787.100220	-119.784592
4787.773132	-120.100464
4788.446045	-120.137680
4789.118958	-120.708466
4789.791870	-120.588707
4790.464783	-120.495613
4791.137695	-120.318741
4791.810608	-120.262863
4792.483521	-119.919418
4793.156433	-120.316467
4793.829346	-120.711899
4794.502258	-120.768440
4795.175171	-120.680481
4795.848083	-120.247063
4796.520996	-120.041023
4797.193909	-120.612892
4797.866821	-120.621979
4798.539734	-120.840652
4799.212646	-120.254311
4799.885559	-120.254547
4800.558472	-120.605263
4801.231384	-120.751221
4801.904297	-120.272903
4802.577209	-120.386948
4803.250122	-120.412819
4803.923035	-120.725166
4804.595947	-120.723534
4805.268860	-120.204193
4805.941772	-120.077011
4806.614685	-119.647064
4807.287598	-120.578911
4807.960510	-120.808052
4808.633423	-120.742714
4809.306335	-120.428459
4809.979248	-119.888008
4810.652161	-119.650414
4811.325073	-120.045959
4811.997986	-119.953934
4812.670898	-120.080170
4813.343811	-120.579239
4814.016724	-120.161942
4814.689636	-120.309906
4815.362549	-120.734978
4816.035461	-120.817940
4816.708374	-120.827339
4817.381287	-120.396378
4818.054199	-120.133217
4818.727112	-120.238213
4819.400024	-120.495743
4820.072937	-120.670914
4820.745850	-120.719109
4821.418762	-120.295868
4822.091675	-120.065086
4822.764587	-120.165382
4823.437500	-120.330475
4824.110413	-120.405884
4824.783325	-120.211754
4825.456238	-120.351913
4826.129150	-120.504250
4826.802063	-120.837250
4827.474976	-120.774887
4828.147888	-120.345619
4828.820801	-120.331604
4829.493713	-120.370949
4830.166626	-119.738197
4830.839539	-119.771866
4831.512451	-119.343422
4832.185364	-119.559143
4832.858276	-120.351463
4833.531189	-120.170273
4834.204102	-120.191429
4834.877014	-120.184471
4835.549927	-120.692467
4836.222839	-120.391754
4836.895752	-120.353966
4837.568665	-119.899300
4838.241577	-119.953812
4838.914490	-120.822823
4839.587402	-120.212471
4840.260315	-120.187134
4840.933228	-120.081718
4841.606140	-119.455872
4842.279053	-119.855141
4842.951965	-120.502716
4843.624878	-120.503052
4844.297791	-121.039116
4844.970703	-121.174469
4845.643616	-120.377975
4846.316528	-120.440765
4846.989441	-120.395851
4847.662354	-121.057449
4848.335266	-120.729691
4849.008179	-120.456184
4849.681091	-120.569717
4850.354004	-120.452934
4851.026917	-120.228401
4851.699829	-120.450386
4852.372742	-120.152046
4853.045654	-119.917206
4853.718567	-120.257294
4854.391479	-121.132210
4855.064392	-120.759300
4855.737305	-120.587219
4856.410217	-120.191032
4857.083130	-119.742012
4857.756042	-119.810982
4858.428955	-119.762787
4859.101868	-119.876915
4859.774780	-119.744370
4860.447693	-120.238106
4861.120605	-120.400513
4861.793518	-120.174797
4862.466431	-120.188477
4863.139343	-120.475792
4863.812256	-120.336548
4864.485168	-120.436020
4865.158081	-120.995163
4865.830994	-120.688660
4866.503906	-120.314957
4867.176819	-121.235092
4867.849731	-121.532906
4868.522644	-121.142624
4869.195557	-120.662132
4869.868469	-120.086205
4870.541382	-120.155525
4871.214294	-120.751083
4871.887207	-120.457588
4872.560120	-120.373840
4873.233032	-121.158142
4873.905945	-120.313942
4874.578857	-119.822746
4875.251770	-120.398026
4875.924683	-121.257530
4876.597595	-120.779953
4877.270508	-119.873810
4877.943420	-120.177872
4878.616333	-120.184860
4879.289246	-120.345818
4879.962158	-120.284126
4880.635071	-120.171249
4881.307983	-120.230110
4881.980896	-120.173500
4882.653809	-119.647583
4883.326721	-119.981705
4883.999634	-120.283043
4884.672546	-119.700264
4885.345459	-119.873558
4886.018372	-120.086975
4886.691284	-120.773628
4887.364197	-120.486191
4888.037109	-120.732269
4888.710022	-120.720673
4889.382935	-120.525757
4890.055847	-121.021606
4890.728760	-120.798340
4891.401672	-120.022240
4892.074585	-120.391922
4892.747498	-120.775589
4893.420410	-119.829849
4894.093323	-119.797989
4894.766235	-120.113350
4895.439148	-120.651649
4896.112061	-120.534218
4896.784973	-119.801254
4897.457886	-119.644501
4898.130798	-120.264008
4898.803711	-120.103416
4899.476624	-120.057281
4900.149536	-120.882973
4900.822449	-120.478172
4901.495361	-119.982491
4902.168274	-120.254967
4902.841187	-120.833275
4903.514099	-120.943428
4904.187012	-120.199203
4904.859924	-119.742523
4905.532837	-119.951851
4906.205750	-119.885765
4906.878662	-120.245743
4907.551575	-120.343773
4908.224487	-119.931297
4908.897400	-120.158836
4909.570312	-119.878685
4910.243225	-120.129616
4910.916138	-119.978325
4911.589050	-120.102753
4912.261963	-120.220642
4912.934875	-120.686279
4913.607788	-120.925766
4914.280701	-120.881012
4914.953613	-120.898430
4915.626526	-120.552925
4916.299438	-120.636505
4916.972351	-120.288368
4917.645264	-120.355515
4918.318176	-120.483467
4918.991089	-120.516129
4919.664001	-120.145531
4920.336914	-120.448494
4921.009827	-120.175804
4921.682739	-119.948730
4922.355652	-120.121956
4923.028564	-119.695915
4923.701477	-119.687439
4924.374390	-120.264534
4925.047302	-119.925026
4925.720215	-120.251534
4926.393127	-120.636124
4927.066040	-120.836998
4927.738953	-120.648582
4928.411865	-120.603889
4929.084778	-120.627541
4929.757690	-120.546341
4930.430603	-120.471329
4931.103516	-119.534492
4931.776428	-119.989944
4932.449341	-120.389450
4933.122253	-120.272690
4933.795166	-120.700958
4934.468079	-120.434715
4935.140991	-120.322151
4935.813904	-119.673767
4936.486816	-119.779076
4937.159729	-119.940086
4937.832642	-119.967514
4938.505554	-120.311836
4939.178467	-120.597977
4939.851379	-120.291367
4940.524292	-119.927010
4941.197205	-119.531509
4941.870117	-120.254341
4942.543030	-120.722572
4943.215942	-120.472313
4943.888855	-120.443260
4944.561768	-119.795761
4945.234680	-120.232666
4945.907593	-120.181244
4946.580505	-120.087090
4947.253418	-120.240341
4947.926331	-120.057106
4948.599243	-120.459160
4949.272156	-120.902626
4949.945068	-120.211456
4950.617981	-120.061913
4951.290894	-120.034035
4951.963806	-120.478867
4952.636719	-120.496620
4953.309631	-121.087059
4953.982544	-120.759171
4954.655457	-120.363586
4955.328369	-120.037285
4956.001282	-120.392197
4956.674194	-120.622055
4957.347107	-120.767189
4958.020020	-119.732178
4958.692932	-120.194557
4959.365845	-120.174095
4960.038757	-120.758484
4960.711670	-120.451767
4961.384583	-119.960052
4962.057495	-120.011459
4962.730408	-120.387909
4963.403320	-120.443611
4964.076233	-120.294533
4964.749146	-120.491287
4965.422058	-120.434082
4966.094971	-120.001732
4966.767883	-120.363564
4967.440796	-120.432678
4968.113708	-119.802765
4968.786621	-120.056038
4969.459534	-120.649475
4970.132446	-120.847145
4970.805359	-121.405563
4971.478271	-121.198921
4972.151184	-121.100685
4972.824097	-120.342278
4973.497009	-120.835220
4974.169922	-120.242950
4974.842834	-120.313889
4975.515747	-120.548424
4976.188660	-120.666603
4976.861572	-120.611595
4977.534485	-120.671402
4978.207397	-120.596733
4978.880310	-120.270233
4979.553223	-120.121391
4980.226135	-121.164009
4980.899048	-121.118561
4981.571960	-120.785896
4982.244873	-121.041824
4982.917786	-120.456833
4983.590698	-119.937035
4984.263611	-119.873512
4984.936523	-120.175552
4985.609436	-120.312622
4986.282349	-120.430473
4986.955261	-120.571510
4987.628174	-121.080124
4988.301086	-120.533485
4988.973999	-121.307243
4989.646912	-121.019821
4990.319824	-120.468521
4990.992737	-120.176323
4991.665649	-120.030876
4992.338562	-120.010231
4993.011475	-120.186951
4993.684387	-120.653160
4994.357300	-120.790398
4995.030212	-120.698128
4995.703125	-120.229935
4996.376038	-119.888687
4997.048950	-119.514771
4997.721863	-120.013138
4998.394775	-120.046799
4999.067688	-120.340294
4999.740601	-120.543808
5000.413513	-120.076836
5001.086426	-119.799995
5001.759338	-119.809586
5002.432251	-120.202515
5003.105164	-120.746971
5003.778076	-120.596642
5004.450989	-120.063301
5005.123901	-120.669769
5005.796814	-120.925827
5006.469727	-120.350121
5007.142639	-120.334839
5007.815552	-121.001305
5008.488464	-120.771362
5009.161377	-120.661942
5009.834290	-120.882446
5010.507202	-120.067337
5011.180115	-119.827698
5011.853027	-119.959892
5012.525940	-120.188187
5013.198853	-120.009521
5013.871765	-120.622711
5014.544678	-120.962502
5015.217590	-120.816704
5015.890503	-120.073776
5016.563416	-119.948898
5017.236328	-120.135971
5017.909241	-119.828949
5018.582153	-120.025459
5019.255066	-121.263206
5019.927979	-121.118095
5020.600891	-120.381828
5021.273804	-119.833092
5021.946716	-120.264137
5022.619629	-120.206551
5023.292542	-120.626900
5023.965454	-120.370735
5024.638367	-119.892754
5025.311279	-120.540642
5025.984192	-121.036949
5026.657104	-120.827789
5027.330017	-120.487923
5028.002930	-120.524323
5028.675842	-120.900620
5029.348755	-120.822716
5030.021667	-120.832397
5030.694580	-120.110489
5031.367493	-120.302269
5032.040405	-120.366699
5032.713318	-119.920822
5033.386230	-119.463150
5034.059143	-119.796959
5034.732056	-119.724220
5035.404968	-119.993004
5036.077881	-120.545128
5036.750793	-120.316902
5037.423706	-120.479469
5038.096619	-120.298584
5038.769531	-120.243217
5039.442444	-120.997643
5040.115356	-120.622978
5040.788269	-120.545204
5041.461182	-120.794464
5042.134094	-120.528091
5042.807007	-120.555893
5043.479919	-119.987793
5044.152832	-120.726753
5044.825745	-120.870323
5045.498657	-119.682907
5046.171570	-119.787712
5046.844482	-119.958878
5047.517395	-120.032021
5048.190308	-121.251404
5048.863220	-121.185600
5049.536133	-120.822556
5050.209045	-119.985428
5050.881958	-120.075188
5051.554871	-120.508446
5052.227783	-119.841148
5052.900696	-119.531738
5053.573608	-119.454803
5054.246521	-119.719635
5054.919434	-119.450119
5055.592346	-119.610954
5056.265259	-120.933372
5056.938171	-120.988739
5057.611084	-119.839760
5058.283997	-120.789581
5058.956909	-120.232094
5059.629822	-119.688965
5060.302734	-120.231941
5060.975647	-120.689072
5061.648560	-120.598099
5062.321472	-120.400803
5062.994385	-119.981483
5063.667297	-120.229164
5064.340210	-120.212585
5065.013123	-120.554230
5065.686035	-120.151451
5066.358948	-119.893661
5067.031860	-119.974846
5067.704773	-120.314842
5068.377686	-120.377701
5069.050598	-120.687416
5069.723511	-120.568008
5070.396423	-120.494080
5071.069336	-120.274475
5071.742249	-120.082100
5072.415161	-120.365852
5073.088074	-121.268356
5073.760986	-120.356606
5074.433899	-120.306946
5075.106812	-120.540558
5075.779724	-120.082497
5076.452637	-120.423714
5077.125549	-121.098312
5077.798462	-120.583878
5078.471375	-120.487434
5079.144287	-120.502625
5079.817200	-120.000755
5080.490112	-120.370712
5081.163025	-120.961250
5081.835938	-120.839203
5082.508850	-120.342728
5083.181763	-120.550789
5083.854675	-119.956062
5084.527588	-120.489799
5085.200500	-120.659058
5085.873413	-120.386253
5086.546326	-120.826569
5087.219238	-120.959702
5087.892151	-120.367729
5088.565063	-119.826218
5089.237976	-120.602257
5089.910889	-121.302116
5090.583801	-120.345894
5091.256714	-120.881104
5091.929626	-120.380928
5092.602539	-119.898933
5093.275452	-121.158920
5093.948364	-120.925804
5094.621277	-120.519592
5095.294189	-120.710701
5095.967102	-120.826668
5096.640015	-120.933983
5097.312927	-120.421867
5097.985840	-120.719154
5098.658752	-120.972656
5099.331665	-120.029251
5100.004578	-120.302231
5100.677490	-120.105728
5101.350403	-119.554733
5102.023315	-119.946526
5102.696228	-119.910210
5103.369141	-120.199493
5104.042053	-120.477951
5104.714966	-121.611008
5105.387878	-120.439964
5106.060791	-119.894974
5106.733704	-120.035767
5107.406616	-120.625504
5108.079529	-120.617714
5108.752441	-120.354912
5109.425354	-119.656891
5110.098267	-119.652191
5110.771179	-120.114273
5111.444092	-120.441788
5112.117004	-120.627426
5112.789917	-120.758888
5113.462830	-120.772354
5114.135742	-120.458687
5114.808655	-120.170525
5115.481567	-120.164108
5116.154480	-120.241837
5116.827393	-120.772102
5117.500305	-121.505844
5118.173218	-120.632317
5118.846130	-120.324944
5119.519043	-120.423096
5120.191956	-120.908318
5120.864868	-120.680496
5121.537781	-120.421783
5122.210693	-120.228577
5122.883606	-119.697334
5123.556519	-120.051338
5124.229431	-120.449089
5124.902344	-120.529495
5125.575256	-119.978920
5126.248169	-119.939087
5126.921082	-120.047913
5127.593994	-120.245621
5128.266907	-120.528946
5128.939819	-119.898155
5129.612732	-119.526665
5130.285645	-119.486748
5130.958557	-119.609634
5131.631470	-120.771240
5132.304382	-119.888977
5132.977295	-119.627602
5133.650208	-120.095123
5134.323120	-120.458961
5134.996033	-120.586197
5135.668945	-121.188980
5136.341858	-120.469978
5137.014771	-119.892525
5137.687683	-120.119171
5138.360596	-120.550102
5139.033508	-120.334404
5139.706421	-120.102356
5140.379333	-119.270775
5141.052246	-119.770020
5141.725159	-120.807564
5142.398071	-120.935913
5143.070984	-120.808838
5143.743896	-121.143013
5144.416809	-120.690781
5145.089722	-120.781876
5145.762634	-120.716743
5146.435547	-121.021339
5147.108459	-120.682831
5147.781372	-120.478325
5148.454285	-120.642548
5149.127197	-120.126648
5149.800110	-120.321426
5150.473022	-120.636261
5151.145935	-119.814766
5151.818848	-120.147987
5152.491760	-120.652901
5153.164673	-119.804504
5153.837585	-120.001465
5154.510498	-120.925224
5155.183411	-120.493118
5155.856323	-120.678276
5156.529236	-120.250099
5157.202148	-119.815636
5157.875061	-120.474594
5158.547974	-120.029175
5159.220886	-119.870872
5159.893799	-120.094048
5160.566711	-120.028351
5161.239624	-119.845734
5161.912537	-119.472015
5162.585449	-119.619781
5163.258362	-120.171364
5163.931274	-120.509285
5164.604187	-120.638992
5165.277100	-120.592682
5165.950012	-120.300385
5166.622925	-119.394638
5167.295837	-119.591469
5167.968750	-120.478600
5168.641663	-120.536751
5169.314575	-120.942177
5169.987488	-121.046371
5170.660400	-121.083183
5171.333313	-121.467491
5172.006226	-120.448143
5172.679138	-120.257317
5173.352051	-120.255302
5174.024963	-120.338364
5174.697876	-120.449013
5175.370789	-120.546349
5176.043701	-120.144371
5176.716614	-120.477707
5177.389526	-120.646065
5178.062439	-120.002808
5178.735352	-119.666245
5179.408264	-120.255730
5180.081177	-120.913475
5180.754089	-120.359024
5181.427002	-119.877815
5182.099915	-120.145264
5182.772827	-120.588013
5183.445740	-120.352203
5184.118652	-120.172226
5184.791565	-120.419975
5185.464478	-120.672142
5186.137390	-120.204109
5186.810303	-119.990967
5187.483215	-120.539322
5188.156128	-120.627945
5188.829041	-120.757965
5189.501953	-120.474304
5190.174866	-120.294716
5190.847778	-119.993752
5191.520691	-120.196945
5192.193604	-120.856895
5192.866516	-120.930267
5193.539429	-119.585587
5194.212341	-119.458351
5194.885254	-120.237526
5195.558167	-120.274529
5196.231079	-120.055061
5196.903992	-119.890564
5197.576904	-120.209747
5198.249817	-119.988731
5198.922729	-119.858376
5199.595642	-119.821533
5200.268555	-120.613014
5200.941467	-120.405121
5201.614380	-119.873428
5202.287292	-119.893082
5202.960205	-120.528961
5203.633118	-120.445686
5204.306030	-120.536621
5204.978943	-120.333687
5205.651855	-119.995888
5206.324768	-119.976532
5206.997681	-120.362602
5207.670593	-120.434387
5208.343506	-120.573128
5209.016418	-120.658760
5209.689331	-121.031784
5210.362244	-120.664719
5211.035156	-120.769989
5211.708069	-120.493446
5212.380981	-120.816864
5213.053894	-120.547272
5213.726807	-120.450409
5214.399719	-120.419075
5215.072632	-120.130104
5215.745544	-120.526314
5216.418457	-119.822624
5217.091370	-120.016472
5217.764282	-120.419777
5218.437195	-120.831085
5219.110107	-120.110245
5219.783020	-119.861969
5220.455933	-120.779526
5221.128845	-121.018272
5221.801758	-121.318550
5222.474670	-120.505257
5223.147583	-119.950867
5223.820496	-120.271996
5224.493408	-120.664230
5225.166321	-120.845528
5225.839233	-121.354187
5226.512146	-120.546318
5227.185059	-119.855644
5227.857971	-119.615440
5228.530884	-120.149376
5229.203796	-120.346809
5229.876709	-120.945976
5230.549622	-120.356987
5231.222534	-120.252174
5231.895447	-120.539375
5232.568359	-120.589806
5233.241272	-120.547310
5233.914185	-120.372856
5234.587097	-120.427567
5235.260010	-120.253265
5235.932922	-120.384804
5236.605835	-120.115662
5237.278748	-120.012672
5237.951660	-120.566338
5238.624573	-120.504707
5239.297485	-120.457977
5239.970398	-119.925476
5240.643311	-120.052864
5241.316223	-119.708603
5241.989136	-119.349731
5242.662048	-120.244942
5243.334961	-121.272400
5244.007874	-120.403160
5244.680786	-120.742393
5245.353699	-120.630440
5246.026611	-120.586105
5246.699524	-121.144051
5247.372437	-120.703270
5248.045349	-119.996742
5248.718262	-119.894386
5249.391174	-119.777756
5250.064087	-120.495308
5250.737000	-120.011063
5251.409912	-119.833115
5252.082825	-119.589455
5252.755737	-120.652351
5253.428650	-120.332443
5254.101562	-120.224258
5254.774475	-120.717957
5255.447388	-120.417641
5256.120300	-119.978836
5256.793213	-119.954803
5257.466125	-120.103584
5258.139038	-120.594414
5258.811951	-120.424187
5259.484863	-120.255730
5260.157776	-119.448753
5260.830688	-119.650604
5261.503601	-120.056351
5262.176514	-120.480972
5262.849426	-120.537331
5263.522339	-120.820274
5264.195251	-120.495079
5264.868164	-120.407326
5265.541077	-120.379105
5266.213989	-120.095741
5266.886902	-120.708199
5267.559814	-120.467003
5268.232727	-120.384727
5268.905640	-120.446953
5269.578552	-120.382843
5270.251465	-120.064293
5270.924377	-120.050934
5271.597290	-120.406464
5272.270203	-120.725838
5272.943115	-121.584442
5273.616028	-121.398453
5274.288940	-121.178734
5274.961853	-120.916077
5275.634766	-120.537468
5276.307678	-120.996956
5276.980591	-121.085403
5277.653503	-120.884987
5278.326416	-120.490654
5278.999329	-120.161987
5279.672241	-120.019424
5280.345154	-120.375977
5281.018066	-120.280548
5281.690979	-120.628372
5282.363892	-120.266190
5283.036804	-119.784805
5283.709717	-120.183479
5284.382629	-120.912292
5285.055542	-120.217300
5285.728455	-119.561974
5286.401367	-120.260132
5287.074280	-120.549545
5287.747192	-120.868271
5288.420105	-121.166222
5289.093018	-121.090851
5289.765930	-120.730644
5290.438843	-120.244797
5291.111755	-120.661209
5291.784668	-120.497009
5292.457581	-120.541023
5293.130493	-120.771477
5293.803406	-120.502991
5294.476318	-120.470917
5295.149231	-120.444153
5295.822144	-120.790291
5296.495056	-120.389084
5297.167969	-120.601753
5297.840881	-120.429237
5298.513794	-120.436348
5299.186707	-119.956482
5299.859619	-120.260109
5300.532532	-120.544090
5301.205444	-120.545624
5301.878357	-120.780998
5302.551270	-120.077812
5303.224182	-119.282822
5303.897095	-119.999550
5304.570007	-120.643822
5305.242920	-120.365273
5305.915833	-119.983467
5306.588745	-120.262802
5307.261658	-119.762764
5307.934570	-119.502518
5308.607483	-119.959984
5309.280396	-119.916672
5309.953308	-120.239281
5310.626221	-120.500511
5311.299133	-119.905739
5311.972046	-120.501572
5312.644958	-120.565811
5313.317871	-120.383118
5313.990784	-120.800346
5314.663696	-120.322533
5315.336609	-120.335968
5316.009521	-120.415939
5316.682434	-120.458107
5317.355347	-120.789528
5318.028259	-120.701248
5318.701172	-121.379784
5319.374084	-120.908134
5320.046997	-120.053932
5320.719910	-120.226860
5321.392822	-119.715355
5322.065735	-119.700111
5322.738647	-119.720589
5323.411560	-120.369446
5324.084473	-120.607735
5324.757385	-120.284760
5325.430298	-120.684845
5326.103210	-120.348991
5326.776123	-120.386795
5327.449036	-120.605865
5328.121948	-120.770378
5328.794861	-121.110565
5329.467773	-120.352112
5330.140686	-119.863586
5330.813599	-120.039703
5331.486511	-119.291740
5332.159424	-119.738258
5332.832336	-120.535583
5333.505249	-120.867302
5334.178162	-120.758606
5334.851074	-120.461021
5335.523987	-120.594994
5336.196899	-119.783173
5336.869812	-119.814278
5337.542725	-120.295326
5338.215637	-120.583977
5338.888550	-120.629707
5339.561462	-121.277702
5340.234375	-120.872444
5340.907288	-119.894051
5341.580200	-119.600952
5342.253113	-120.259659
5342.926025	-120.756393
5343.598938	-121.039955
5344.271851	-121.176376
5344.944763	-120.287628
5345.617676	-120.239098
5346.290588	-120.828850
5346.963501	-120.361389
5347.636414	-120.335251
5348.309326	-120.372948
5348.982239	-120.135429
5349.655151	-120.081367
5350.328064	-120.399734
5351.000977	-120.373413
5351.673889	-120.174232
5352.346802	-120.658592
5353.019714	-120.955055
5353.692627	-120.807800
5354.365540	-120.211281
5355.038452	-120.744141
5355.711365	-121.193665
5356.384277	-120.648453
5357.057190	-120.814682
5357.730103	-120.850952
5358.403015	-120.450119
5359.075928	-119.799240
5359.748840	-119.837067
5360.421753	-120.260986
5361.094666	-120.271835
5361.767578	-120.313843
5362.440491	-120.546440
5363.113403	-120.246529
5363.786316	-119.741318
5364.459229	-119.957642
5365.132141	-120.138947
5365.805054	-120.427589
5366.477966	-120.186951
5367.150879	-120.113281
5367.823792	-120.143326
5368.496704	-120.433327
5369.169617	-119.803154
5369.842529	-120.219002
5370.515442	-120.121368
5371.188354	-120.514000
5371.861267	-120.131882
5372.534180	-119.895874
5373.207092	-120.250618
5373.880005	-120.610641
5374.552917	-120.390442
5375.225830	-120.097939
5375.898743	-119.878822
5376.571655	-120.145004
5377.244568	-120.338509
5377.917480	-119.596008
5378.590393	-120.292862
5379.263306	-120.371803
5379.936218	-120.648788
5380.609131	-120.272186
5381.282043	-120.557816
5381.954956	-120.386482
5382.627869	-120.392555
5383.300781	-120.575348
5383.973694	-120.944916
5384.646606	-121.153740
5385.319519	-121.186134
5385.992432	-120.819733
5386.665344	-120.316170
5387.338257	-120.577522
5388.011169	-120.591354
5388.684082	-119.949776
5389.356995	-119.894798
5390.029907	-120.474525
5390.702820	-120.703407
5391.375732	-120.751350
5392.048645	-120.196167
5392.721558	-119.810455
5393.394470	-120.141701
5394.067383	-120.351135
5394.740295	-120.537468
5395.413208	-120.346542
5396.086121	-120.310776
5396.759033	-120.410606
5397.431946	-120.930222
5398.104858	-120.509506
5398.777771	-120.693535
5399.450684	-120.903015
5400.123596	-120.745125
5400.796509	-120.677788
5401.469421	-120.485207
5402.142334	-120.616524
5402.815247	-120.007492
5403.488159	-119.719780
5404.161072	-120.205833
5404.833984	-119.927132
5405.506897	-119.988548
5406.179810	-120.620407
5406.852722	-120.071144
5407.525635	-120.097565
5408.198547	-120.634827
5408.871460	-120.848000
5409.544373	-120.733513
5410.217285	-120.660736
5410.890198	-120.489349
5411.563110	-120.396629
5412.236023	-120.427902
5412.908936	-120.388878
5413.581848	-120.157410
5414.254761	-120.185219
5414.927673	-120.550827
5415.600586	-120.691116
5416.273499	-120.667320
5416.946411	-120.313858
5417.619324	-119.920914
5418.292236	-120.151695
5418.965149	-120.826820
5419.638062	-120.003204
5420.310974	-120.096893
5420.983887	-120.756706
5421.656799	-120.622360
5422.329712	-120.642639
5423.002625	-120.408676
5423.675537	-120.518913
5424.348450	-120.407745
5425.021362	-120.307503
5425.694275	-119.784546
5426.367188	-119.754501
5427.040100	-119.810883
5427.713013	-119.584953
5428.385925	-120.089104
5429.058838	-120.227814
5429.731750	-120.437813
5430.404663	-120.930023
5431.077576	-120.593506
5431.750488	-120.531448
5432.423401	-121.167061
5433.096313	-121.067986
5433.769226	-120.602554
5434.442139	-121.038971
5435.115051	-121.019432
5435.787964	-120.332542
5436.460876	-120.024872
5437.133789	-120.231049
5437.806702	-119.906357
5438.479614	-120.243050
5439.152527	-120.510406
5439.825439	-120.453125
5440.498352	-120.116341
5441.171265	-120.047554
5441.844177	-119.335564
5442.517090	-120.179932
5443.190002	-120.040794
5443.862915	-120.198837
5444.535828	-120.115700
5445.208740	-120.168694
5445.881653	-120.275375
5446.554565	-120.387161
5447.227478	-119.617287
5447.900391	-119.863289
5448.573303	-120.182877
5449.246216	-120.568657
5449.919128	-120.945396
5450.592041	-120.073807
5451.264954	-119.820168
5451.937866	-120.405609
5452.610779	-120.192101
5453.283691	-120.476532
5453.956604	-120.525948
5454.629517	-119.721405
5455.302429	-119.564835
5455.975342	-120.644218
5456.648254	-120.418762
5457.321167	-121.146324
5457.994080	-120.697586
5458.666992	-120.333305
5459.339905	-119.901253
5460.012817	-119.902313
5460.685730	-120.067276
5461.358643	-119.911003
5462.031555	-120.129295
5462.704468	-120.645988
5463.377380	-120.273262
5464.050293	-120.601158
5464.723206	-120.487572
5465.396118	-119.715927
5466.069031	-120.587563
5466.741943	-120.487541
5467.414856	-120.772255
5468.087769	-120.339348
5468.760681	-119.816689
5469.433594	-120.105560
5470.106506	-120.317116
5470.779419	-120.055038
5471.452332	-120.279907
5472.125244	-120.357529
5472.798157	-120.184753
5473.471069	-120.257378
5474.143982	-119.859390
5474.816895	-120.422821
5475.489807	-120.072952
5476.162720	-119.300262
5476.835632	-119.660629
5477.508545	-119.974113
5478.181458	-120.394135
5478.854370	-120.608177
5479.527283	-121.943344
5480.200195	-121.723045
5480.873108	-120.642418
5481.546021	-120.370789
5482.218933	-120.082924
5482.891846	-120.769012
5483.564758	-120.861610
5484.237671	-120.637421
5484.910583	-120.037521
5485.583496	-120.133690
5486.256409	-120.491974
5486.929321	-120.166000
5487.602234	-119.843376
5488.275146	-120.403648
5488.948059	-120.463860
5489.620972	-120.574417
5490.293884	-121.048889
5490.966797	-120.834183
5491.639709	-120.469971
5492.312622	-120.221252
5492.985535	-120.234062
5493.658447	-119.469109
5494.331360	-119.860245
5495.004272	-120.469040
5495.677185	-120.838219
5496.350098	-120.966980
5497.023010	-120.838432
5497.695923	-120.649109
5498.368835	-120.150604
5499.041748	-120.367584
5499.714661	-120.129318
5500.387573	-119.801079
5501.060486	-120.084259
5501.733398	-119.977303
5502.406311	-120.262894
5503.079224	-120.617043
5503.752136	-120.355606
5504.425049	-120.129257
5505.097961	-120.390831
5505.770874	-119.825806
5506.443787	-119.390259
5507.116699	-120.374969
5507.789612	-120.152878
5508.462524	-120.257805
5509.135437	-120.175667
5509.808350	-120.943321
5510.481262	-121.213631
5511.154175	-120.514839
5511.827087	-120.151207
5512.500000	-120.158569
5513.172913	-121.116890
5513.845825	-120.806076
5514.518738	-120.453697
5515.191650	-120.344910
5515.864563	-120.477631
5516.537476	-120.417313
5517.210388	-120.167770
5517.883301	-119.503815
5518.556213	-119.397598
5519.229126	-119.477898
5519.902039	-120.180397
5520.574951	-120.978241
5521.247864	-120.929146
5521.920776	-120.462227
5522.593689	-120.220161
5523.266602	-120.083611
5523.939514	-120.754112
5524.612427	-120.676048
5525.285339	-120.257957
5525.958252	-120.542862
5526.631165	-121.015831
5527.304077	-120.533638
5527.976990	-119.711861
5528.649902	-120.158493
5529.322815	-120.657578
5529.995728	-120.628311
5530.668640	-121.081802
5531.341553	-120.665405
5532.014465	-120.045753
5532.687378	-119.579536
5533.360291	-119.336433
5534.033203	-120.190033
5534.706116	-120.531319
5535.379028	-120.269302
5536.051941	-119.771828
5536.724854	-119.336533
5537.397766	-119.257927
5538.070679	-120.069725
5538.743591	-120.240005
5539.416504	-120.490364
5540.089417	-120.922432
5540.762329	-121.002441
5541.435242	-120.165459
5542.108154	-120.444275
5542.781067	-119.927261
5543.453979	-120.139297
5544.126892	-120.391724
5544.799805	-121.066788
5545.472717	-120.478294
5546.145630	-119.899437
5546.818542	-120.162270
5547.491455	-120.144073
5548.164368	-119.963669
5548.837280	-119.339310
5549.510193	-119.424339
5550.183105	-119.390327
5550.856018	-120.742584
5551.528931	-120.697243
5552.201843	-120.191010
5552.874756	-120.131042
5553.547668	-120.114670
5554.220581	-119.646439
5554.893494	-119.613754
5555.566406	-120.184631
5556.239319	-120.874741
5556.912231	-120.681023
5557.585144	-120.255806
5558.258057	-120.200218
5558.930969	-120.422340
5559.603882	-120.161491
5560.276794	-120.301094
5560.949707	-119.905289
5561.622620	-120.509819
5562.295532	-120.971313
5562.968445	-120.577049
5563.641357	-120.204193
5564.314270	-120.768524
5564.987183	-120.948517
5565.660095	-120.978752
5566.333008	-121.433739
5567.005920	-120.569305
5567.678833	-120.439575
5568.351746	-120.959473
5569.024658	-120.658394
5569.697571	-120.434990
5570.370483	-120.013268
5571.043396	-119.934494
5571.716309	-120.488350
5572.389221	-120.741791
5573.062134	-120.749191
5573.735046	-120.989578
5574.407959	-120.574249
5575.080872	-121.028152
5575.753784	-120.525566
5576.426697	-119.947594
5577.099609	-120.014061
5577.772522	-120.448746
5578.445435	-120.424477
5579.118347	-119.605736
5579.791260	-119.925919
5580.464172	-120.273079
5581.137085	-120.478401
5581.809998	-119.702522
5582.482910	-119.465813
5583.155823	-119.745430
5583.828735	-120.507500
5584.501648	-121.015015
5585.174561	-120.174622
5585.847473	-119.981194
5586.520386	-120.015465
5587.193298	-119.923958
5587.866211	-119.807167
5588.539124	-120.208015
5589.212036	-119.994545
5589.884949	-120.133522
5590.557861	-120.844116
5591.230774	-120.280830
5591.903687	-119.530556
5592.576599	-119.109810
5593.249512	-119.927460
5593.922424	-120.033302
5594.595337	-120.020439
5595.268250	-120.809105
5595.941162	-119.710335
5596.614075	-119.729370
5597.286987	-120.017357
5597.959900	-120.190742
5598.632812	-120.336304
5599.305725	-120.431633
5599.978638	-120.059120
5600.651550	-120.440636
5601.324463	-120.408539
5601.997375	-119.469673
5602.670288	-119.569740
5603.343201	-119.617287
5604.016113	-120.210030
5604.689026	-120.499062
5605.361938	-120.819847
5606.034851	-120.443840
5606.707764	-120.571770
5607.380676	-120.717323
5608.053589	-119.944992
5608.726501	-119.753242
5609.399414	-120.467773
5610.072327	-120.858131
5610.745239	-120.357201
5611.418152	-119.996361
5612.091064	-120.668236
5612.763977	-120.368195
5613.436890	-120.413170
5614.109802	-119.772408
5614.782715	-119.620750
5615.455627	-120.185120
5616.128540	-120.731949
5616.801453	-120.653908
5617.474365	-120.572021
5618.147278	-119.957565
5618.820190	-120.084274
5619.493103	-120.416962
5620.166016	-119.718521
5620.838928	-120.404465
5621.511841	-120.683434
5622.184753	-120.482788
5622.857666	-120.184784
5623.530579	-120.325195
5624.203491	-120.516037
5624.876404	-120.108688
5625.549316	-119.726448
5626.222229	-119.979019
5626.895142	-119.424988
5627.568054	-119.427162
5628.240967	-119.134850
5628.913879	-120.327980
5629.586792	-120.873932
5630.259705	-120.543518
5630.932617	-120.647980
5631.605530	-120.759689
5632.278442	-121.090591
5632.951355	-120.743958
5633.624268	-120.531265
5634.297180	-120.742188
5634.970093	-119.963226
5635.643005	-120.682732
5636.315918	-120.612251
5636.988831	-120.532997
5637.661743	-120.235970
5638.334656	-120.393318
5639.007568	-120.236214
5639.680481	-119.948372
5640.353394	-119.609734
5641.026306	-120.294609
5641.699219	-120.317146
5642.372131	-121.098717
5643.045044	-120.579659
5643.717957	-120.049431
5644.390869	-120.392311
5645.063782	-120.255821
5645.736694	-120.262024
5646.409607	-120.277405
5647.082520	-120.137833
5647.755432	-120.693893
5648.428345	-120.392960
5649.101257	-120.731514
5649.774170	-120.640198
5650.447083	-120.721268
5651.119995	-120.347275
5651.792908	-120.162651
5652.465820	-119.936768
5653.138733	-120.997932
5653.811646	-120.073837
5654.484558	-120.508362
5655.157471	-120.809502
5655.830383	-120.319832
5656.503296	-120.736328
5657.176208	-120.665810
5657.849121	-120.644852
5658.522034	-120.892372
5659.194946	-121.051796
5659.867859	-120.287712
5660.540771	-120.036446
5661.213684	-120.055527
5661.886597	-119.592209
5662.559509	-119.845848
5663.232422	-120.408440
5663.905334	-120.783432
5664.578247	-120.578331
5665.251160	-120.395302
5665.924072	-120.810425
5666.596985	-120.920532
5667.269897	-120.639206
5667.942810	-121.002151
5668.615723	-120.093483
5669.288635	-119.615021
5669.961548	-120.120178
5670.634460	-120.351814
5671.307373	-120.552887
5671.980286	-120.423119
5672.653198	-120.278152
5673.326111	-119.923683
5673.999023	-119.960976
5674.671936	-120.459290
5675.344849	-119.873360
5676.017761	-120.024101
5676.690674	-120.306473
5677.363586	-120.435616
5678.036499	-119.954559
5678.709412	-120.221344
5679.382324	-120.267830
5680.055237	-120.392235
5680.728149	-119.738884
5681.401062	-119.800941
5682.073975	-120.128830
5682.746887	-120.577614
5683.419800	-120.521980
5684.092712	-119.968040
5684.765625	-120.310394
5685.438538	-120.137337
5686.111450	-119.938042
5686.784363	-120.121422
5687.457275	-120.683975
5688.130188	-120.692398
5688.803101	-120.424042
5689.476013	-120.209190
5690.148926	-120.108124
5690.821838	-120.439552
5691.494751	-119.892326
5692.167664	-119.920296
5692.840576	-120.559029
5693.513489	-120.480507
5694.186401	-120.817818
5694.859314	-120.342468
5695.532227	-119.939590
5696.205139	-120.198936
5696.878052	-120.482605
5697.550964	-120.398880
5698.223877	-120.048462
5698.896790	-119.920959
5699.569702	-119.984192
5700.242615	-120.182396
5700.915527	-120.124771
5701.588440	-120.231888
5702.261353	-120.513878
5702.934265	-120.546829
5703.607178	-120.832184
5704.280090	-120.357552
5704.953003	-120.427788
5705.625916	-120.519951
5706.298828	-119.863091
5706.971741	-119.940453
5707.644653	-120.120712
5708.317566	-119.896431
5708.990479	-120.145615
5709.663391	-120.101135
5710.336304	-119.980774
5711.009216	-120.804802
5711.682129	-120.804047
5712.355042	-120.172737
5713.027954	-120.134560
5713.700867	-120.635895
5714.373779	-120.274757
5715.046692	-120.643661
5715.719604	-120.491898
5716.392517	-120.566124
5717.065430	-120.317162
5717.738342	-120.772141
5718.411255	-120.939804
5719.084167	-120.517288
5719.757080	-120.097229
5720.429993	-120.547310
5721.102905	-120.582588
5721.775818	-120.425827
5722.448730	-119.903687
5723.121643	-120.071053
5723.794556	-120.429924
5724.467468	-119.905411
5725.140381	-120.170189
5725.813293	-120.244469
5726.486206	-120.039375
5727.159119	-120.107506
5727.832031	-120.012871
5728.504944	-120.136398
5729.177856	-119.963684
5729.850769	-120.010971
5730.523682	-120.644432
5731.196594	-120.693909
5731.869507	-120.581749
5732.542419	-120.250420
5733.215332	-120.173050
5733.888245	-120.345802
5734.561157	-120.153275
5735.234070	-120.093781
5735.906982	-119.671486
5736.579895	-120.272232
5737.252808	-120.368706
5737.925720	-120.428291
5738.598633	-120.631989
5739.271545	-120.849617
5739.944458	-120.179787
5740.617371	-120.063942
5741.290283	-120.465355
5741.963196	-120.788551
5742.636108	-120.421265
5743.309021	-120.449745
5743.981934	-121.559189
5744.654846	-121.300392
5745.327759	-120.865524
5746.000671	-120.645325
5746.673584	-120.600540
5747.346497	-119.677940
5748.019409	-119.857216
5748.692322	-120.141090
5749.365234	-120.345146
5750.038147	-120.319244
5750.711060	-119.812454
5751.383972	-119.339943
5752.056885	-119.845627
5752.729797	-120.916367
5753.402710	-121.148453
5754.075623	-120.854057
5754.748535	-120.252205
5755.421448	-120.189308
5756.094360	-119.589569
5756.767273	-120.183441
5757.440186	-120.617447
5758.113098	-121.042023
5758.786011	-120.844025
5759.458923	-120.170013
5760.131836	-119.663612
5760.804749	-119.785286
5761.477661	-119.524506
5762.150574	-120.203674
5762.823486	-119.830505
5763.496399	-119.920700
5764.169312	-119.974747
5764.842224	-120.221405
5765.515137	-120.308655
5766.188049	-120.005653
5766.860962	-120.551361
5767.533875	-120.906380
5768.206787	-120.237213
5768.879700	-120.446754
5769.552612	-120.092224
5770.225525	-119.992142
5770.898438	-120.138405
5771.571350	-119.873795
5772.244263	-119.949203
5772.917175	-120.779388
5773.590088	-120.809647
5774.263000	-120.451561
5774.935913	-120.365707
5775.608826	-120.929863
5776.281738	-120.635651
5776.954651	-120.273384
5777.627563	-119.951775
5778.300476	-119.680962
5778.973389	-120.338219
5779.646301	-120.559814
5780.319214	-119.961472
5780.992126	-120.259979
5781.665039	-120.493706
5782.337952	-120.381401
5783.010864	-120.249603
5783.683777	-119.960564
5784.356689	-120.290771
5785.029602	-119.672653
5785.702515	-119.652672
5786.375427	-120.192657
5787.048340	-120.577309
5787.721252	-120.361702
5788.394165	-120.179054
5789.067078	-120.506386
5789.739990	-120.592957
5790.412903	-121.209694
5791.085815	-120.061691
5791.758728	-120.654655
5792.431641	-120.616554
5793.104553	-120.052780
5793.777466	-120.048180
5794.450378	-119.881981
5795.123291	-120.036537
5795.796204	-120.198479
5796.469116	-120.285828
5797.142029	-120.430748
5797.814941	-120.507523
5798.487854	-120.743126
5799.160767	-120.626854
5799.833679	-120.316887
5800.506592	-119.853081
5801.179504	-119.960861
5801.852417	-120.470444
5802.525330	-120.170052
5803.198242	-119.992714
5803.871155	-119.833809
5804.544067	-120.596931
5805.216980	-120.419571
5805.889893	-119.951187
5806.562805	-120.510361
5807.235718	-120.408455
5807.908630	-120.374367
5808.581543	-120.218445
5809.254456	-120.442810
5809.927368	-120.942307
5810.600281	-121.479263
5811.273193	-120.671501
5811.946106	-120.059944
5812.619019	-119.893509
5813.291931	-120.190750
5813.964844	-120.003967
5814.637756	-120.129150
5815.310669	-119.894371
5815.983582	-120.183014
5816.656494	-120.921501
5817.329407	-120.569504
5818.002319	-120.026932
5818.675232	-119.916901
5819.348145	-120.718857
5820.021057	-120.208435
5820.693970	-120.536377
5821.366882	-120.538940
5822.039795	-119.923134
5822.712708	-120.621567
5823.385620	-120.592171
5824.058533	-120.343185
5824.731445	-120.547050
5825.404358	-120.386284
5826.077271	-120.116478
5826.750183	-119.942719
5827.423096	-119.847107
5828.096008	-120.048073
5828.768921	-120.166084
5829.441833	-119.819069
5830.114746	-120.598503
5830.787659	-121.078239
5831.460571	-120.983986
5832.133484	-120.744522
5832.806396	-119.979225
5833.479309	-119.599419
5834.152222	-119.839890
5834.825134	-120.147018
5835.498047	-119.737946
5836.170959	-119.801300
5836.843872	-120.593651
5837.516785	-120.695793
5838.189697	-120.562889
5838.862610	-120.265816
5839.535522	-120.995552
5840.208435	-120.412270
5840.881348	-120.782761
5841.554260	-120.755829
5842.227173	-120.169815
5842.900085	-119.884903
5843.572998	-120.783997
5844.245911	-120.160751
5844.918823	-120.174355
5845.591736	-120.147461
5846.264648	-119.817024
5846.937561	-120.170532
5847.610474	-120.322014
5848.283386	-120.957962
5848.956299	-120.810837
5849.629211	-120.286171
5850.302124	-119.578117
5850.975037	-119.416771
5851.647949	-120.444031
5852.320862	-121.120811
5852.993774	-120.551712
5853.666687	-120.051941
5854.339600	-120.360931
5855.012512	-120.408066
5855.685425	-120.670204
5856.358337	-119.948563
5857.031250	-119.706642
5857.704163	-120.084854
5858.377075	-119.935226
5859.049988	-120.473145
5859.722900	-120.619064
5860.395813	-120.125374
5861.068726	-120.229767
5861.741638	-120.253677
5862.414551	-120.286964
5863.087463	-120.496078
5863.760376	-120.086456
5864.433289	-120.143913
5865.106201	-120.286583
5865.779114	-120.646820
5866.452026	-120.147438
5867.124939	-120.057671
5867.797852	-120.035950
5868.470764	-120.055420
5869.143677	-120.329948
5869.816589	-120.378304
5870.489502	-120.533340
5871.162415	-120.558945
5871.835327	-119.968239
5872.508240	-119.772240
5873.181152	-120.602272
5873.854065	-120.306572
5874.526978	-120.284531
5875.199890	-120.869102
5875.872803	-120.755272
5876.545715	-120.685555
5877.218628	-120.713531
5877.891541	-120.152214
5878.564453	-119.626694
5879.237366	-120.070435
5879.910278	-120.161095
5880.583191	-120.280098
5881.256104	-119.794930
5881.929016	-120.014427
5882.601929	-120.168457
5883.274841	-120.196114
5883.947754	-120.898041
5884.620667	-120.590622
5885.293579	-120.065445
5885.966492	-120.198830
5886.639404	-119.960060
5887.312317	-120.430489
5887.985229	-120.166039
5888.658142	-119.514503
5889.331055	-120.278374
5890.003967	-120.003990
5890.676880	-120.261139
5891.349792	-120.323563
5892.022705	-120.568787
5892.695618	-119.676453
5893.368530	-120.264870
5894.041443	-120.897888
5894.714355	-120.961555
5895.387268	-120.408218
5896.060181	-120.625877
5896.733093	-121.119400
5897.406006	-121.091789
5898.078918	-120.853790
5898.751831	-120.429352
5899.424744	-120.270752
5900.097656	-120.454529
5900.770569	-120.732864
5901.443481	-120.325096
5902.116394	-120.529030
5902.789307	-120.725746
5903.462219	-120.302528
5904.135132	-120.070564
5904.808044	-120.461205
5905.480957	-120.188004
5906.153870	-120.500565
5906.826782	-120.745995
5907.499695	-120.486740
5908.172607	-119.930428
5908.845520	-119.642639
5909.518433	-120.009338
5910.191345	-120.211197
5910.864258	-119.730972
5911.537170	-120.413414
5912.210083	-120.555115
5912.882996	-120.427567
5913.555908	-120.178406
5914.228821	-119.952377
5914.901733	-119.955818
5915.574646	-119.369591
5916.247559	-120.176247
5916.920471	-120.302162
5917.593384	-119.899719
5918.266296	-120.360199
5918.939209	-120.111069
5919.612122	-120.506393
5920.285034	-120.891373
5920.957947	-121.103638
5921.630859	-120.188644
5922.303772	-120.340424
5922.976685	-120.585464
5923.649597	-120.984337
5924.322510	-120.794594
5924.995422	-120.275597
5925.668335	-120.008430
5926.341248	-120.009262
5927.014160	-120.020226
5927.687073	-120.555000
5928.359985	-120.361855
5929.032898	-119.984116
5929.705811	-120.560890
5930.378723	-120.098045
5931.051636	-120.277153
5931.724548	-119.913651
5932.397461	-120.248878
5933.070374	-120.852509
5933.743286	-120.385536
5934.416199	-120.868820
5935.089111	-121.076088
5935.762024	-120.336884
5936.434937	-120.214249
5937.107849	-120.393394
5937.780762	-120.699951
5938.453674	-120.746162
5939.126587	-120.651169
5939.799500	-120.528404
5940.472412	-120.072823
5941.145325	-119.946632
5941.818237	-120.155914
5942.491150	-120.124298
5943.164062	-120.361244
5943.836975	-120.084785
5944.509888	-119.840645
5945.182800	-119.882973
5945.855713	-120.053291
5946.528625	-119.795410
5947.201538	-120.318146
5947.874451	-120.787354
5948.547363	-120.628136
5949.220276	-120.168961
5949.893188	-120.307159
5950.566101	-119.679321
5951.239014	-120.189178
5951.911926	-120.534546
5952.584839	-121.055077
5953.257751	-119.908394
5953.930664	-119.627213
5954.603577	-120.351326
5955.276489	-120.610588
5955.949402	-120.035118
5956.622314	-119.670967
5957.295227	-120.272377
5957.968140	-120.381454
5958.641052	-120.448891
5959.313965	-120.963356
5959.986877	-120.565041
5960.659790	-120.665245
5961.332703	-120.162552
5962.005615	-120.010948
5962.678528	-120.186302
5963.351440	-119.861603
5964.024353	-119.895355
5964.697266	-119.354477
5965.370178	-119.413544
5966.043091	-120.254532
5966.716003	-120.310410
5967.388916	-120.337830
5968.061829	-120.358253
5968.734741	-120.258781
5969.407654	-119.946678
5970.080566	-119.975372
5970.753479	-119.879562
5971.426392	-120.406013
5972.099304	-120.238281
5972.772217	-120.870995
5973.445129	-120.619560
5974.118042	-119.799355
5974.790955	-120.144066
5975.463867	-120.221458
5976.136780	-120.336121
5976.809692	-120.300224
5977.482605	-119.929367
5978.155518	-119.531395
5978.828430	-119.773468
5979.501343	-119.824158
5980.174255	-120.200134
5980.847168	-120.175293
5981.520081	-120.020851
5982.192993	-119.809616
5982.865906	-120.373215
5983.538818	-120.239441
5984.211731	-120.000938
5984.884644	-119.625740
5985.557556	-119.880600
5986.230469	-120.756271
5986.903381	-120.933601
5987.576294	-120.161041
5988.249207	-119.410103
5988.922119	-119.806458
5989.595032	-120.251305
5990.267944	-120.831284
5990.940857	-120.894890
5991.613770	-120.391335
5992.286682	-120.727486
5992.959595	-120.980263
5993.632507	-119.895432
5994.305420	-119.769394
5994.978333	-120.290222
5995.651245	-120.590752
5996.324158	-119.886780
5996.997070	-120.016449
5997.669983	-120.307899
5998.342896	-120.031395
5999.015808	-119.735092
5999.688721	-120.122612
6000.361633	-120.532066
6001.034546	-121.100090
6001.707458	-120.466011
6002.380371	-120.875832
6003.053284	-120.774597
6003.726196	-120.441322
6004.399109	-120.309662
6005.072021	-120.591743
6005.744934	-120.659203
6006.417847	-120.692696
6007.090759	-120.456398
6007.763672	-120.087601
6008.436584	-119.905640
6009.109497	-120.718018
6009.782410	-120.034569
6010.455322	-120.122437
6011.128235	-120.138680
6011.801147	-119.908234
6012.474060	-120.023376
6013.146973	-119.854897
6013.819885	-119.903702
6014.492798	-119.869148
6015.165710	-120.583549
6015.838623	-120.139046
6016.511536	-120.002686
6017.184448	-120.372734
6017.857361	-119.916809
6018.530273	-119.626678
6019.203186	-119.766571
6019.876099	-119.513138
6020.549011	-120.074013
6021.221924	-119.705872
6021.894836	-120.042641
6022.567749	-120.525543
6023.240662	-119.773811
6023.913574	-119.827179
6024.586487	-120.184158
6025.259399	-120.593056
6025.932312	-119.974434
6026.605225	-120.089127
6027.278137	-120.007652
6027.951050	-119.734924
6028.623962	-120.121681
6029.296875	-120.535919
6029.969788	-120.282104
6030.642700	-120.041199
6031.315613	-120.089424
6031.988525	-120.227486
6032.661438	-119.633141
6033.334351	-119.424072
6034.007263	-119.492386
6034.680176	-120.079681
6035.353088	-120.137253
6036.026001	-120.199799
6036.698914	-120.353149
6037.371826	-121.359390
6038.044739	-120.709557
6038.717651	-119.910202
6039.390564	-120.480118
6040.063477	-120.003975
6040.736389	-119.972382
6041.409302	-120.327255
6042.082214	-120.196396
6042.755127	-120.496727
6043.428040	-120.167610
6044.100952	-120.070076
6044.773865	-120.410774
6045.446777	-120.108101
6046.119690	-119.851349
6046.792603	-119.642151
6047.465515	-119.902260
6048.138428	-120.613396
6048.811340	-120.256233
6049.484253	-120.593758
6050.157166	-120.916367
6050.830078	-120.082718
6051.502991	-119.792046
6052.175903	-120.155464
6052.848816	-120.371758
6053.521729	-120.308945
6054.194641	-120.395645
6054.867554	-119.868736
6055.540466	-120.583244
6056.213379	-120.538300
6056.886292	-120.452515
6057.559204	-120.714958
6058.232117	-120.865730
6058.905029	-120.861137
6059.577942	-120.023323
6060.250854	-119.932739
6060.923767	-120.390076
6061.596680	-120.677040
6062.269592	-120.324318
6062.942505	-120.798119
6063.615417	-120.525764
6064.288330	-119.399147
6064.961243	-119.392357
6065.634155	-119.987030
6066.307068	-119.638351
6066.979980	-119.773819
6067.652893	-120.533760
6068.325806	-120.374260
6068.998718	-120.350418
6069.671631	-120.392029
6070.344543	-120.240967
6071.017456	-120.125916
6071.690369	-119.490921
6072.363281	-120.006477
6073.036194	-119.804840
6073.709106	-120.265717
6074.382019	-119.854301
6075.054932	-120.282440
6075.727844	-120.656616
6076.400757	-120.457405
6077.073669	-120.061646
6077.746582	-120.404434
6078.419495	-120.090355
6079.092407	-120.507294
6079.765320	-120.317841
6080.438232	-120.242081
6081.111145	-120.615273
6081.784058	-119.991982
6082.456970	-119.740639
6083.129883	-119.827866
6083.802795	-119.698654
6084.475708	-119.978447
6085.148621	-119.942451
6085.821533	-119.883987
6086.494446	-119.318253
6087.167358	-119.574860
6087.840271	-120.113495
6088.513184	-120.064468
6089.186096	-119.805481
6089.859009	-119.938484
6090.531921	-120.442345
6091.204834	-119.829185
6091.877747	-120.317238
6092.550659	-119.992142
6093.223572	-120.248718
6093.896484	-119.965927
6094.569397	-119.658455
6095.242310	-119.764389
6095.915222	-120.225128
6096.588135	-120.512161
6097.261047	-120.236313
6097.933960	-119.921188
6098.606873	-120.117874
6099.279785	-120.365753
6099.952698	-120.419487
6100.625610	-120.092178
6101.298523	-120.122383
6101.971436	-120.498901
6102.644348	-120.545723
6103.317261	-120.818741
6103.990173	-120.453148
6104.663086	-120.681053
6105.335999	-120.422134
6106.008911	-120.177742
6106.681824	-120.608208
6107.354736	-120.214569
6108.027649	-120.118477
6108.700562	-120.312080
6109.373474	-120.567772
6110.046387	-120.239273
6110.719299	-120.865601
6111.392212	-120.646469
6112.065125	-120.151207
6112.738037	-119.727821
6113.410950	-119.767708
6114.083862	-120.514503
6114.756775	-120.660942
6115.429688	-120.550087
6116.102600	-120.594742
6116.775513	-120.838448
6117.448425	-120.141129
6118.121338	-119.963760
6118.794250	-120.159492
6119.467163	-120.431137
6120.140076	-120.903732
6120.812988	-120.819504
6121.485901	-120.101082
6122.158813	-119.857437
6122.831726	-120.491432
6123.504639	-120.553299
6124.177551	-121.485374
6124.850464	-120.750450
6125.523376	-119.950523
6126.196289	-119.742317
6126.869202	-120.355774
6127.542114	-120.471886
6128.215027	-120.542229
6128.887939	-120.035362
6129.560852	-120.973763
6130.233765	-120.282570
6130.906677	-119.756546
6131.579590	-120.344582
6132.252502	-119.722229
6132.925415	-120.020897
6133.598328	-120.612846
6134.271240	-120.692810
6134.944153	-120.401627
6135.617065	-120.119621
6136.289978	-120.416481
6136.962891	-120.384583
6137.635803	-120.963768
6138.308716	-119.801773
6138.981628	-119.443954
6139.654541	-119.633614
6140.327454	-120.146675
6141.000366	-120.563789
6141.673279	-120.274887
6142.346191	-120.369873
6143.019104	-120.681351
6143.692017	-120.608002
6144.364929	-120.337524
6145.037842	-120.479935
6145.710754	-121.065239
6146.383667	-120.825806
6147.056580	-120.160332
6147.729492	-120.157593
6148.402405	-120.165314
6149.075317	-119.859222
6149.748230	-120.238174
6150.421143	-120.531937
6151.094055	-119.684341
6151.766968	-119.952866
6152.439880	-120.766632
6153.112793	-120.313110
6153.785706	-120.507530
6154.458618	-120.204109
6155.131531	-119.900993
6155.804443	-120.141487
6156.477356	-120.722923
6157.150269	-120.091255
6157.823181	-119.841728
6158.496094	-119.520821
6159.169006	-119.822075
6159.841919	-120.140343
6160.514832	-120.138893
6161.187744	-120.335228
6161.860657	-119.899071
6162.533569	-120.218666
6163.206482	-120.254387
6163.879395	-120.280205
6164.552307	-120.132172
6165.225220	-119.909515
6165.898132	-120.608429
6166.571045	-119.972588
6167.243958	-119.520500
6167.916870	-120.414734
6168.589783	-119.998207
6169.262695	-120.104912
6169.935608	-120.419006
6170.608521	-120.596436
6171.281433	-120.111794
6171.954346	-119.470642
6172.627258	-119.893440
6173.300171	-120.028236
6173.973083	-120.145515
6174.645996	-119.972176
6175.318909	-120.217476
6175.991821	-120.161339
6176.664734	-120.759087
6177.337646	-120.324074
6178.010559	-120.372398
6178.683472	-120.522499
6179.356384	-120.133560
6180.029297	-120.508980
6180.702209	-120.696671
6181.375122	-120.625473
6182.048035	-120.419418
6182.720947	-120.343498
6183.393860	-120.743393
6184.066772	-120.693031
6184.739685	-121.087296
6185.412598	-120.370857
6186.085510	-120.405464
6186.758423	-120.532692
6187.431335	-119.898552
6188.104248	-119.530479
6188.777161	-119.620155
6189.450073	-119.858360
6190.122986	-119.767708
6190.795898	-119.937256
6191.468811	-120.771660
6192.141724	-120.152184
6192.814636	-120.225319
6193.487549	-120.177963
6194.160461	-119.526146
6194.833374	-120.561447
6195.506287	-120.988235
6196.179199	-120.574158
6196.852112	-120.242683
6197.525024	-120.380241
6198.197937	-120.723305
6198.870850	-121.067894
6199.543762	-120.310249
6200.216675	-120.057037
6200.889587	-119.875687
6201.562500	-120.370117
6202.235413	-120.286217
6202.908325	-120.439377
6203.581238	-120.385582
6204.254150	-119.978004
6204.927063	-120.609955
6205.599976	-120.924545
6206.272888	-120.202568
6206.945801	-119.471024
6207.618713	-119.941124
6208.291626	-120.493851
6208.964539	-119.551529
6209.637451	-119.338150
6210.310364	-119.699356
6210.983276	-119.715134
6211.656189	-119.843002
6212.329102	-119.892715
6213.002014	-119.648277
6213.674927	-120.242767
6214.347839	-120.807091
6215.020752	-120.661354
6215.693665	-120.460823
6216.366577	-120.361809
6217.039490	-120.570686
6217.712402	-120.306801
6218.385315	-120.661079
6219.058228	-119.932495
6219.731140	-119.942482
6220.404053	-120.677208
6221.076965	-121.460899
6221.749878	-120.753181
6222.422791	-120.621689
6223.095703	-120.666214
6223.768616	-120.826347
6224.441528	-120.503502
6225.114441	-120.489677
6225.787354	-119.927422
6226.460266	-119.824341
6227.133179	-119.795792
6227.806091	-120.016266
6228.479004	-119.889755
6229.151917	-119.662331
6229.824829	-120.024826
6230.497742	-119.722252
6231.170654	-119.756226
6231.843567	-120.240166
6232.516479	-120.159760
6233.189392	-119.871246
6233.862305	-119.948112
6234.535217	-120.083244
6235.208130	-119.881897
6235.881042	-119.750366
6236.553955	-120.681305
6237.226868	-120.866333
6237.899780	-120.223862
6238.572693	-120.206726
6239.245605	-120.433937
6239.918518	-119.987526
6240.591431	-119.681351
6241.264343	-120.553032
6241.937256	-120.199379
6242.610168	-119.684326
6243.283081	-119.799637
6243.955994	-120.546150
6244.628906	-120.406715
6245.301819	-120.349579
6245.974731	-120.305534
6246.647644	-119.962700
6247.320557	-120.122643
6247.993469	-120.371063
6248.666382	-120.658600
6249.339294	-120.769821
6250.012207	-119.835129
6250.685120	-119.117165
6251.358032	-119.673645
6252.030945	-120.389465
6252.703857	-120.882912
6253.376770	-119.955116
6254.049683	-120.111549
6254.722595	-119.494507
6255.395508	-120.046143
6256.068420	-120.324684
6256.741333	-119.910080
6257.414246	-120.393204
6258.087158	-120.595566
6258.760071	-120.453529
6259.432983	-120.160568
6260.105896	-120.119797
6260.778809	-120.016960
6261.451721	-119.661636
6262.124634	-119.724579
6262.797546	-120.264168
6263.470459	-120.192123
6264.143372	-119.806946
6264.816284	-119.638885
6265.489197	-119.787384
6266.162109	-120.202911
6266.835022	-119.811127
6267.507935	-120.125229
6268.180847	-120.307907
6268.853760	-120.542534
6269.526672	-120.508400
6270.199585	-119.954781
6270.872498	-119.924896
6271.545410	-120.082909
6272.218323	-120.409142
6272.891235	-120.109924
6273.564148	-120.260399
6274.237061	-120.444893
6274.909973	-119.913727
6275.582886	-120.235832
6276.255798	-120.147438
6276.928711	-119.762856
6277.601624	-120.079842
6278.274536	-120.024963
6278.947449	-119.718590
6279.620361	-119.934158
6280.293274	-120.651299
6280.966187	-120.361595
6281.639099	-120.012848
6282.312012	-119.996460
6282.984924	-119.744965
6283.657837	-119.165604
6284.330750	-119.438995
6285.003662	-119.449661
6285.676575	-119.351730
6286.349487	-120.020935
6287.022400	-120.259201
6287.695312	-120.151886
6288.368225	-120.321526
6289.041138	-120.263206
6289.714050	-120.489372
6290.386963	-120.747078
6291.059875	-120.653770
6291.732788	-120.757080
6292.405701	-120.405914
6293.078613	-120.718666
6293.751526	-120.974098
6294.424438	-120.538857
6295.097351	-120.566521
6295.770264	-120.977394
6296.443176	-120.325562
6297.116089	-120.423271
6297.789001	-120.612297
6298.461914	-119.959679
6299.134827	-119.757866
6299.807739	-120.057343
6300.480652	-120.316444
6301.153564	-120.369713
6301.826477	-120.324493
6302.499390	-119.771568
6303.172302	-120.186264
6303.845215	-120.022728
6304.518127	-120.336128
6305.191040	-119.863647
6305.863953	-120.168167
6306.536865	-119.701744
6307.209778	-119.588135
6307.882690	-120.070915
6308.555603	-120.178505
6309.228516	-120.112846
6309.901428	-120.809402
6310.574341	-120.955200
6311.247253	-120.392494
6311.920166	-119.699127
6312.593079	-119.825592
6313.265991	-120.265099
6313.938904	-120.434425
6314.611816	-120.927528
6315.284729	-120.123650
6315.957642	-120.377708
6316.630554	-120.379364
6317.303467	-120.894394
6317.976379	-120.339844
6318.649292	-120.332726
6319.322205	-120.096916
6319.995117	-120.464767
6320.668030	-120.437408
6321.340942	-120.034012
6322.013855	-120.278107
6322.686768	-121.149239
6323.359680	-119.989868
6324.032593	-119.497871
6324.705505	-119.612854
6325.378418	-120.097260
6326.051331	-120.221855
6326.724243	-120.649506
6327.397156	-121.001472
6328.070068	-120.934402
6328.742981	-120.369522
6329.415894	-119.930527
6330.088806	-119.952347
6330.761719	-119.903358
6331.434631	-119.997765
6332.107544	-120.361366
6332.780457	-120.696022
6333.453369	-120.896416
6334.126282	-120.286217
6334.799194	-120.391144
6335.472107	-120.444748
6336.145020	-120.183952
6336.817932	-120.422714
6337.490845	-120.157654
6338.163757	-120.183067
6338.836670	-120.461067
6339.509583	-120.495712
6340.182495	-119.803459
6340.855408	-119.715927
6341.528320	-120.556030
6342.201233	-120.463959
6342.874146	-120.672699
6343.547058	-120.636940
6344.219971	-120.540237
6344.892883	-120.336288
6345.565796	-119.546654
6346.238708	-119.982445
6346.911621	-120.442986
6347.584534	-119.291382
6348.257446	-118.627029
6348.930359	-119.980804
6349.603271	-120.591087
6350.276184	-120.106407
6350.949097	-119.839790
6351.622009	-120.912262
6352.294922	-121.043098
6352.967834	-120.307999
6353.640747	-119.838593
6354.313660	-120.220604
6354.986572	-120.315323
6355.659485	-120.138855
6356.332397	-120.273468
6357.005310	-120.267136
6357.678223	-120.268646
6358.351135	-119.749641
6359.024048	-119.969391
6359.696960	-120.340240
6360.369873	-120.775841
6361.042786	-119.926376
6361.715698	-119.230347
6362.388611	-120.171806
6363.061523	-120.068947
6363.734436	-120.110573
6364.407349	-120.137520
6365.080261	-120.627502
6365.753174	-121.276291
6366.426086	-120.580940
6367.098999	-120.197372
6367.771912	-119.673889
6368.444824	-119.911934
6369.117737	-120.212837
6369.790649	-120.013855
6370.463562	-120.332275
6371.136475	-120.450165
6371.809387	-119.999123
6372.482300	-119.529549
6373.155212	-119.802025
6373.828125	-120.002693
6374.501038	-120.119629
6375.173950	-119.856346
6375.846863	-119.754013
6376.519775	-120.559151
6377.192688	-120.425163
6377.865601	-120.429955
6378.538513	-120.439209
6379.211426	-121.035164
6379.884338	-120.943596
6380.557251	-120.402367
6381.230164	-120.285553
6381.903076	-120.855934
6382.575989	-121.202141
6383.248901	-121.456352
6383.921814	-120.762375
6384.594727	-119.959602
6385.267639	-120.577286
6385.940552	-120.677658
6386.613464	-120.506142
6387.286377	-120.196777
6387.959290	-119.742569
6388.632202	-119.519852
6389.305115	-119.272438
6389.978027	-120.552658
6390.650940	-121.020683
6391.323853	-120.555580
6391.996765	-119.820480
6392.669678	-120.277557
6393.342590	-120.547508
6394.015503	-120.310890
6394.688416	-120.160820
6395.361328	-120.577629
6396.034241	-120.324020
6396.707153	-119.548393
6397.380066	-120.321815
6398.052979	-121.011024
6398.725891	-120.605873
6399.398804	-119.758980
6400.071716	-119.914703
6400.744629	-120.677200
6401.417542	-120.604523
6402.090454	-120.122307
6402.763367	-119.852127
6403.436279	-120.458443
6404.109192	-120.135796
6404.782104	-119.367073
6405.455017	-119.976875
6406.127930	-120.650421
6406.800842	-120.325333
6407.473755	-119.623085
6408.146667	-119.940140
6408.819580	-120.362083
6409.492493	-120.638908
6410.165405	-120.316994
6410.838318	-120.299385
6411.511230	-120.419395
6412.184143	-119.896408
6412.857056	-119.722008
6413.529968	-120.723717
6414.202881	-120.683334
6414.875793	-120.194336
6415.548706	-120.546951
6416.221619	-120.912689
6416.894531	-120.311119
6417.567444	-120.004082
6418.240356	-119.958702
6418.913269	-120.229279
6419.586182	-120.927071
6420.259094	-120.508926
6420.932007	-120.039238
6421.604919	-120.498329
6422.277832	-120.310242
6422.950745	-120.695190
6423.623657	-120.450554
6424.296570	-120.225952
6424.969482	-119.965019
6425.642395	-119.871307
6426.315308	-119.957581
6426.988220	-120.739655
6427.661133	-120.719948
6428.334045	-120.523674
6429.006958	-120.200584
6429.679871	-120.367523
6430.352783	-120.558914
6431.025696	-120.508102
6431.698608	-120.175529
6432.371521	-120.497581
6433.044434	-120.034195
6433.717346	-119.692047
6434.390259	-120.273033
6435.063171	-120.258774
6435.736084	-120.868866
6436.408997	-120.215584
6437.081909	-119.402473
6437.754822	-119.526573
6438.427734	-120.607498
6439.100647	-121.126595
6439.773560	-120.485069
6440.446472	-120.582954
6441.119385	-120.457283
6441.792297	-120.657555
6442.465210	-120.655472
6443.138123	-119.507324
6443.811035	-119.167839
6444.483948	-119.977760
6445.156860	-120.242386
6445.829773	-119.694458
6446.502686	-120.154427
6447.175598	-119.949051
6447.848511	-119.897026
6448.521423	-119.905327
6449.194336	-119.575584
6449.867249	-119.596863
6450.540161	-119.428062
6451.213074	-119.451614
6451.885986	-119.568390
6452.558899	-119.942551
6453.231812	-120.674843
6453.904724	-120.779579
6454.577637	-120.060524
6455.250549	-119.602959
6455.923462	-120.180878
6456.596375	-120.297554
6457.269287	-120.721039
6457.942200	-120.826866
6458.615112	-120.148140
6459.288025	-119.980568
6459.960938	-119.954651
6460.633850	-120.061790
6461.306763	-120.348892
6461.979675	-120.133934
6462.652588	-119.854828
6463.325500	-119.528946
6463.998413	-120.600433
6464.671326	-120.135979
6465.344238	-119.984535
6466.017151	-120.416115
6466.690063	-121.105537
6467.362976	-120.799080
6468.035889	-119.567047
6468.708801	-119.296089
6469.381714	-119.771461
6470.054626	-119.444809
6470.727539	-120.502449
6471.400452	-120.593773
6472.073364	-120.119194
6472.746277	-120.535706
6473.419189	-120.806381
6474.092102	-120.613495
6474.765015	-120.088860
6475.437927	-119.824623
6476.110840	-119.949051
6476.783752	-120.203575
6477.456665	-120.168068
6478.129578	-120.457855
6478.802490	-119.759033
6479.475403	-120.122299
6480.148315	-119.721840
6480.821228	-120.003502
6481.494141	-120.319786
6482.167053	-119.763260
6482.839966	-120.142006
6483.512878	-120.069794
6484.185791	-119.889885
6484.858704	-120.034760
6485.531616	-120.086937
6486.204529	-120.380844
6486.877441	-119.266029
6487.550354	-120.117493
6488.223267	-120.773117
6488.896179	-121.287140
6489.569092	-120.953156
6490.242004	-120.428993
6490.914917	-119.905273
6491.587830	-119.322411
6492.260742	-119.728699
6492.933655	-119.325294
6493.606567	-119.885513
6494.279480	-120.215736
6494.952393	-120.414284
6495.625305	-120.156670
6496.298218	-119.587730
6496.971130	-119.981453
6497.644043	-119.931938
6498.316956	-119.812790
6498.989868	-120.046791
6499.662781	-119.628792
6500.335693	-119.444298
6501.008606	-119.592834
6501.681519	-119.849968
6502.354431	-120.368645
6503.027344	-120.028786
6503.700256	-120.148849
6504.373169	-119.669823
6505.046082	-119.943695
6505.718994	-120.560951
6506.391907	-119.847916
6507.064819	-119.925446
6507.737732	-119.657028
6508.410645	-120.568115
6509.083557	-120.039505
6509.756470	-119.698372
6510.429382	-120.002182
6511.102295	-119.757965
6511.775208	-119.617668
6512.448120	-119.913033
6513.121033	-120.050835
6513.793945	-120.550644
6514.466858	-120.589211
6515.139771	-119.994286
6515.812683	-120.013542
6516.485596	-120.246880
6517.158508	-119.783897
6517.831421	-120.294189
6518.504333	-120.225586
6519.177246	-120.579865
6519.850159	-121.008156
6520.523071	-119.870979
6521.195984	-119.401527
6521.868896	-119.098000
6522.541809	-119.295448
6523.214722	-119.183838
6523.887634	-119.238876
6524.560547	-119.879143
6525.233459	-120.805695
6525.906372	-120.440742
6526.579285	-120.108833
6527.252197	-120.174217
6527.925110	-119.414230
6528.598022	-119.438431
6529.270935	-120.031113
6529.943848	-120.539658
6530.616760	-120.840042
6531.289673	-120.603928
6531.962585	-120.661736
6532.635498	-120.743050
6533.308411	-120.521812
6533.981323	-120.160126
6534.654236	-119.994789
6535.327148	-119.606789
6536.000061	-119.224281
6536.672974	-119.960373
6537.345886	-120.114868
6538.018799	-120.251892
6538.691711	-119.795593
6539.364624	-119.425758
6540.037537	-119.751694
6540.710449	-120.124664
6541.383362	-120.730087
6542.056274	-120.104477
6542.729187	-120.148277
6543.402100	-120.666916
6544.075012	-120.514084
6544.747925	-120.091667
6545.420837	-120.096260
6546.093750	-120.056137
6546.766663	-120.003502
6547.439575	-119.969803
6548.112488	-120.706169
6548.785400	-119.735039
6549.458313	-119.773567
6550.131226	-121.006775
6550.804138	-120.267494
6551.477051	-119.716980
6552.149963	-120.039780
6552.822876	-120.833595
6553.495789	-121.249046
6554.168701	-121.214050
6554.841614	-120.145073
6555.514526	-120.081528
6556.187439	-120.193108
6556.860352	-119.350456
6557.533264	-120.503601
6558.206177	-120.981735
6558.879089	-120.488258
6559.552002	-119.242241
6560.224915	-119.317665
6560.897827	-120.562332
6561.570740	-120.258400
6562.243652	-120.464149
6562.916565	-120.161819
6563.589478	-120.219177
6564.262390	-119.898399
6564.935303	-119.878563
6565.608215	-120.333359
6566.281128	-120.331131
6566.954041	-120.130867
6567.626953	-119.616592
6568.299866	-120.033539
6568.972778	-120.267014
6569.645691	-120.481293
6570.318604	-120.062225
6570.991516	-119.826134
6571.664429	-120.250015
6572.337341	-120.267502
6573.010254	-120.897629
6573.683167	-121.589622
6574.356079	-121.034607
6575.028992	-119.943077
6575.701904	-119.634407
6576.374817	-119.708519
6577.047729	-120.131241
6577.720642	-120.323082
6578.393555	-120.444481
6579.066467	-119.780533
6579.739380	-119.960793
6580.412292	-120.615471
6581.085205	-120.399902
6581.758118	-120.468628
6582.431030	-120.332199
6583.103943	-119.775719
6583.776855	-119.875717
6584.449768	-120.063339
6585.122681	-119.812370
6585.795593	-120.128563
6586.468506	-120.786797
6587.141418	-120.186852
6587.814331	-120.407906
6588.487244	-120.510391
6589.160156	-120.139603
6589.833069	-119.765045
6590.505981	-119.900322
6591.178894	-120.282585
6591.851807	-119.830673
6592.524719	-120.274712
6593.197632	-120.463951
6593.870544	-120.610794
6594.543457	-119.294228
6595.216370	-119.944839
6595.889282	-120.421661
6596.562195	-120.028214
6597.235107	-119.730698
6597.908020	-120.069824
6598.580933	-120.240318
6599.253845	-119.719086
6599.926758	-119.556686
6600.599670	-119.850388
6601.272583	-119.762894
6601.945496	-119.655296
6602.618408	-119.902763
6603.291321	-120.500977
6603.964233	-120.092575
6604.637146	-119.723640
6605.310059	-119.760399
6605.982971	-120.106247
6606.655884	-120.288521
6607.328796	-120.133064
6608.001709	-120.222633
6608.674622	-119.992859
6609.347534	-119.842583
6610.020447	-119.954407
6610.693359	-120.168983
6611.366272	-120.393654
6612.039185	-120.495743
6612.712097	-120.613617
6613.385010	-119.870514
6614.057922	-120.232353
6614.730835	-120.574959
6615.403748	-120.622925
6616.076660	-120.556335
6616.749573	-120.425308
6617.422485	-120.370888
6618.095398	-120.002319
6618.768311	-119.748352
6619.441223	-119.716431
6620.114136	-119.246841
6620.787048	-119.400322
6621.459961	-120.817719
6622.132874	-120.244720
6622.805786	-120.549049
6623.478699	-120.530113
6624.151611	-120.174103
6624.824524	-120.069298
6625.497437	-119.584106
6626.170349	-120.006233
6626.843262	-120.768761
6627.516174	-120.592247
6628.189087	-120.609467
6628.862000	-120.636200
6629.534912	-119.226494
6630.207825	-119.396454
6630.880737	-119.881989
6631.553650	-120.275909
6632.226562	-119.936127
6632.899475	-119.365143
6633.572388	-119.447189
6634.245300	-120.134186
6634.918213	-119.826897
6635.591125	-119.631821
6636.264038	-119.722290
6636.936951	-120.161316
6637.609863	-120.229408
6638.282776	-119.900932
6638.955688	-120.268654
6639.628601	-119.860619
6640.301514	-119.789993
6640.974426	-119.777878
6641.647339	-119.549507
6642.320251	-120.562302
6642.993164	-120.088676
6643.666077	-119.762192
6644.338989	-119.666145
6645.011902	-120.153633
6645.684814	-120.012367
6646.357727	-120.061836
6647.030640	-120.044365
6647.703552	-119.482246
6648.376465	-119.810532
6649.049377	-120.512962
6649.722290	-120.333000
6650.395203	-120.628059
6651.068115	-120.136261
6651.741028	-119.754601
6652.413940	-119.969620
6653.086853	-120.192421
6653.759766	-119.905182
6654.432678	-119.071350
6655.105591	-119.900925
6655.778503	-120.475403
6656.451416	-120.352318
6657.124329	-120.653488
6657.797241	-119.694168
6658.470154	-119.905243
6659.143066	-119.592567
6659.815979	-119.959511
6660.488892	-119.937576
6661.161804	-120.265869
6661.834717	-119.892937
6662.507629	-119.701561
6663.180542	-119.432487
6663.853455	-119.423569
6664.526367	-120.018715
6665.199280	-119.994125
6665.872192	-119.636108
6666.545105	-119.965973
6667.218018	-119.907867
6667.890930	-120.047989
6668.563843	-120.500816
6669.236755	-120.557404
6669.909668	-120.013397
6670.582581	-119.938919
6671.255493	-119.948326
6671.928406	-119.828941
6672.601318	-120.069992
6673.274231	-120.517784
6673.947144	-120.016357
6674.620056	-120.099838
6675.292969	-120.335686
6675.965881	-120.138916
6676.638794	-120.165718
6677.311707	-120.205246
6677.984619	-120.076508
6678.657532	-120.174828
6679.330444	-120.423759
6680.003357	-119.877991
6680.676270	-119.932526
6681.349182	-120.033318
6682.022095	-119.993416
6682.695007	-119.928215
6683.367920	-120.237457
6684.040833	-119.564682
6684.713745	-119.649643
6685.386658	-120.160553
6686.059570	-119.924210
6686.732483	-119.685516
6687.405396	-119.731407
6688.078308	-119.812370
6688.751221	-119.506302
6689.424133	-119.668831
6690.097046	-119.809120
6690.769958	-119.744476
6691.442871	-119.722260
6692.115784	-120.403633
6692.788696	-120.472275
6693.461609	-119.684181
6694.134521	-119.792831
6694.807434	-120.424271
6695.480347	-120.788017
6696.153259	-120.473488
6696.826172	-119.934792
6697.499084	-119.777245
6698.171997	-120.599556
6698.844910	-120.387520
6699.517822	-119.442223
6700.190735	-120.706490
6700.863647	-120.705978
6701.536560	-119.181183
6702.209473	-119.629326
6702.882385	-120.957268
6703.555298	-120.148117
6704.228210	-119.370056
6704.901123	-119.937599
6705.574036	-119.828461
6706.246948	-119.891258
6706.919861	-119.535202
6707.592773	-119.464882
6708.265686	-119.864571
6708.938599	-120.565132
6709.611511	-120.108032
6710.284424	-119.805191
6710.957336	-119.689255
6711.630249	-119.764709
6712.303162	-119.681274
6712.976074	-119.526276
6713.648987	-120.127441
6714.321899	-120.192253
6714.994812	-119.832214
6715.667725	-119.414238
6716.340637	-120.275215
6717.013550	-120.323349
6717.686462	-120.706383
6718.359375	-120.545563
6719.032288	-119.892593
6719.705200	-119.384216
6720.378113	-119.743362
6721.051025	-120.479004
6721.723938	-119.979584
6722.396851	-119.182571
6723.069763	-120.043785
6723.742676	-120.549072
6724.415588	-120.360817
6725.088501	-120.358749
6725.761414	-119.885170
6726.434326	-120.327827
6727.107239	-120.460510
6727.780151	-120.051422
6728.453064	-119.799698
6729.125977	-120.599464
6729.798889	-120.498528
6730.471802	-120.862129
6731.144714	-120.922966
6731.817627	-120.691978
6732.490540	-119.600182
6733.163452	-119.579445
6733.836365	-119.990471
6734.509277	-119.734322
6735.182190	-119.647072
6735.855103	-119.769020
6736.528015	-120.623795
6737.200928	-119.823265
6737.873840	-119.577057
6738.546753	-120.442314
6739.219666	-120.107460
6739.892578	-120.152405
6740.565491	-120.255730
6741.238403	-119.550468
6741.911316	-119.658813
6742.584229	-120.140732
6743.257141	-120.043991
6743.930054	-120.089684
6744.602966	-120.187698
6745.275879	-119.988106
6745.948792	-119.361771
6746.621704	-119.702133
6747.294617	-120.093086
6747.967529	-120.233009
6748.640442	-120.039711
6749.313354	-119.474747
6749.986267	-119.084381
6750.659180	-119.555359
6751.332092	-120.508392
6752.005005	-119.717361
6752.677917	-119.818260
6753.350830	-119.922195
6754.023743	-119.873901
6754.696655	-119.766068
6755.369568	-120.166260
6756.042480	-120.173134
6756.715393	-120.153595
6757.388306	-119.760330
6758.061218	-120.201698
6758.734131	-119.764755
6759.407043	-119.950157
6760.079956	-119.951668
6760.752869	-119.970863
6761.425781	-120.082504
6762.098694	-119.788086
6762.771606	-119.732269
6763.444519	-119.718895
6764.117432	-120.054527
6764.790344	-120.267685
6765.463257	-119.643547
6766.136169	-120.332001
6766.809082	-120.457863
6767.481995	-120.140266
6768.154907	-120.039551
6768.827820	-120.435211
6769.500732	-120.444427
6770.173645	-120.080513
6770.846558	-119.467468
6771.519470	-119.940643
6772.192383	-120.950592
6772.865295	-120.389091
6773.538208	-120.527710
6774.211121	-120.547638
6774.884033	-120.259926
6775.556946	-120.011169
6776.229858	-119.957260
6776.902771	-119.279190
6777.575684	-119.177834
6778.248596	-119.698196
6778.921509	-119.675804
6779.594421	-119.602463
6780.267334	-120.156693
6780.940247	-120.126862
6781.613159	-120.900368
6782.286072	-120.698715
6782.958984	-120.585976
6783.631897	-120.277802
6784.304810	-119.940514
6784.977722	-119.732109
6785.650635	-120.334229
6786.323547	-119.971832
6786.996460	-120.135490
6787.669373	-119.884354
6788.342285	-120.170540
6789.015198	-119.900620
6789.688110	-119.908142
6790.361023	-120.368568
6791.033936	-120.487503
6791.706848	-120.179924
6792.379761	-120.471413
6793.052673	-120.255638
6793.725586	-119.632423
6794.398499	-120.325958
6795.071411	-120.155144
6795.744324	-119.936325
6796.417236	-119.797523
6797.090149	-120.517372
6797.763062	-120.542633
6798.435974	-120.322571
6799.108887	-120.096237
6799.781799	-119.941696
6800.454712	-120.003914
6801.127625	-120.381302
6801.800537	-121.003288
6802.473450	-120.795815
6803.146362	-119.755180
6803.819275	-119.666252
6804.492188	-120.139267
6805.165100	-120.099205
6805.838013	-120.645592
6806.510925	-120.505348
6807.183838	-120.506027
6807.856750	-120.459480
6808.529663	-120.186218
6809.202576	-119.864723
6809.875488	-119.126755
6810.548401	-119.600105
6811.221313	-119.596512
6811.894226	-119.792084
6812.567139	-119.989075
6813.240051	-120.236328
6813.912964	-120.268051
6814.585876	-119.342529
6815.258789	-119.937401
6815.931702	-120.229454
6816.604614	-120.269081
6817.277527	-120.221588
6817.950439	-120.673042
6818.623352	-120.156784
6819.296265	-119.734123
6819.969177	-120.091644
6820.642090	-119.705238
6821.315002	-119.260895
6821.987915	-119.830597
6822.660828	-120.068413
6823.333740	-120.136971
6824.006653	-119.921188
6824.679565	-120.127922
6825.352478	-119.950813
6826.025391	-119.949623
6826.698303	-120.413605
6827.371216	-120.181908
6828.044128	-119.768021
6828.717041	-119.633484
6829.389954	-120.316795
6830.062866	-119.960114
6830.735779	-119.583092
6831.408691	-120.339470
6832.081604	-120.228416
6832.754517	-119.831635
6833.427429	-119.820885
6834.100342	-120.482590
6834.773254	-120.712769
6835.446167	-119.882172
6836.119080	-119.216072
6836.791992	-119.853172
6837.464905	-119.662544
6838.137817	-120.381920
6838.810730	-120.521278
6839.483643	-120.213020
6840.156555	-119.747726
6840.829468	-119.209549
6841.502380	-118.982971
6842.175293	-119.907509
6842.848206	-120.122307
6843.521118	-120.562561
6844.194031	-120.299339
6844.866943	-120.088791
6845.539856	-119.830559
6846.212769	-120.021034
6846.885681	-119.698860
6847.558594	-119.819916
6848.231506	-120.168503
6848.904419	-119.667564
6849.577332	-119.414673
6850.250244	-119.757332
6850.923157	-120.306343
6851.596069	-120.526314
6852.268982	-119.636658
6852.941895	-120.376617
6853.614807	-120.589119
6854.287720	-119.836029
6854.960632	-119.807182
6855.633545	-120.268967
6856.306458	-120.506157
6856.979370	-120.007118
6857.652283	-120.042183
6858.325195	-119.863998
6858.998108	-120.168648
6859.671021	-120.055634
6860.343933	-119.494225
6861.016846	-120.113899
6861.689758	-119.888023
6862.362671	-119.550392
6863.035583	-119.531769
6863.708496	-120.065376
6864.381409	-119.874084
6865.054321	-119.503891
6865.727234	-119.491234
6866.400146	-120.340027
6867.073059	-119.873535
6867.745972	-119.998955
6868.418884	-119.902367
6869.091797	-119.572639
6869.764709	-119.750008
6870.437622	-119.538452
6871.110535	-119.405518
6871.783447	-119.955070
6872.456360	-120.309448
6873.129272	-119.618980
6873.802185	-119.402267
6874.475098	-119.116493
6875.148010	-119.345840
6875.820923	-119.989159
6876.493835	-119.754456
6877.166748	-119.494995
6877.839661	-119.385544
6878.512573	-119.523232
6879.185486	-119.550636
6879.858398	-119.869766
6880.531311	-120.153015
6881.204224	-119.761642
6881.877136	-119.872757
6882.550049	-119.754471
6883.222961	-119.704239
6883.895874	-119.968544
6884.568787	-120.215157
6885.241699	-120.433929
6885.914612	-120.254089
6886.587524	-119.578888
6887.260437	-119.558281
6887.933350	-119.760811
6888.606262	-119.736320
6889.279175	-119.888824
6889.952087	-119.931633
6890.625000	-120.385651
6891.297913	-120.081093
6891.970825	-119.827538
6892.643738	-120.594185
6893.316650	-120.221359
6893.989563	-119.367020
6894.662476	-119.798370
6895.335388	-119.245155
6896.008301	-119.211433
6896.681213	-120.101334
6897.354126	-120.206627
6898.027039	-120.135628
6898.699951	-120.078758
6899.372864	-119.674576
6900.045776	-119.428421
6900.718689	-119.446007
6901.391602	-119.788231
6902.064514	-120.270561
6902.737427	-119.983765
6903.410339	-120.062767
6904.083252	-119.777000
6904.756165	-120.128067
6905.429077	-120.332741
6906.101990	-120.101402
6906.774902	-119.993660
6907.447815	-120.217850
6908.120728	-120.829590
6908.793640	-120.336121
6909.466553	-120.310501
6910.139465	-120.334999
6910.812378	-120.599823
6911.485291	-120.372925
6912.158203	-120.158760
6912.831116	-120.369728
6913.504028	-120.436676
6914.176941	-119.932404
6914.849854	-119.352119
6915.522766	-119.250938
6916.195679	-119.642326
6916.868591	-119.667984
6917.541504	-119.833740
6918.214417	-119.758003
6918.887329	-120.534271
6919.560242	-119.873032
6920.233154	-119.535347
6920.906067	-120.032005
6921.578979	-119.642456
6922.251892	-119.501862
6922.924805	-120.082748
6923.597717	-119.861206
6924.270630	-119.275963
6924.943542	-120.192268
6925.616455	-120.027817
6926.289368	-120.087486
6926.962280	-120.445343
6927.635193	-119.422134
6928.308105	-119.432030
6928.981018	-120.027863
6929.653931	-119.829941
6930.326843	-119.472328
6930.999756	-120.054581
6931.672668	-120.227196
6932.345581	-119.772995
6933.018494	-119.498695
6933.691406	-119.410088
6934.364319	-119.766090
6935.037231	-120.018456
6935.710144	-120.135956
6936.383057	-121.110962
6937.055969	-121.316383
6937.728882	-120.515930
6938.401794	-120.457825
6939.074707	-120.090622
6939.747620	-119.895950
6940.420532	-120.228012
6941.093445	-119.815620
6941.766357	-120.074303
6942.439270	-119.805962
6943.112183	-120.600792
6943.785095	-120.080902
6944.458008	-120.000542
6945.130920	-120.219009
6945.803833	-119.540001
6946.476746	-119.871208
6947.149658	-120.052437
6947.822571	-120.216606
6948.495483	-120.108864
6949.168396	-120.260277
6949.841309	-119.642326
6950.514221	-119.295349
6951.187134	-119.809189
6951.860046	-120.191963
6952.532959	-119.208115
6953.205872	-119.398354
6953.878784	-120.112358
6954.551697	-120.838997
6955.224609	-120.659653
6955.897522	-120.355537
6956.570435	-120.261162
6957.243347	-119.634544
6957.916260	-120.218208
6958.589172	-120.684402
6959.262085	-120.248169
6959.934998	-119.668724
6960.607910	-119.943199
6961.280823	-119.629974
6961.953735	-118.811852
6962.626648	-119.177025
6963.299561	-119.900848
6963.972473	-120.338104
6964.645386	-120.319313
6965.318298	-120.084877
6965.991211	-120.031166
6966.664124	-120.029060
6967.337036	-119.840553
6968.009949	-120.337975
6968.682861	-119.904884
6969.355774	-119.514732
6970.028687	-119.847885
6970.701599	-119.843483
6971.374512	-119.871208
6972.047424	-120.088425
6972.720337	-120.007637
6973.393250	-120.315315
6974.066162	-120.157333
6974.739075	-120.382004
6975.411987	-119.984352
6976.084900	-119.337845
6976.757812	-120.342766
6977.430725	-120.492462
6978.103638	-120.068558
6978.776550	-119.679176
6979.449463	-119.869728
6980.122375	-119.916336
6980.795288	-119.571609
6981.468201	-120.028221
6982.141113	-119.932961
6982.814026	-120.076744
6983.486938	-119.904648
6984.159851	-119.628723
6984.832764	-119.983055
6985.505676	-120.343231
6986.178589	-119.984871
6986.851501	-120.065796
6987.524414	-119.684258
6988.197327	-119.328384
6988.870239	-119.373268
6989.543152	-119.603989
6990.216064	-119.579727
6990.888977	-120.079605
6991.561890	-120.121819
6992.234802	-120.109459
6992.907715	-120.766441
6993.580627	-120.650497
6994.253540	-120.521202
6994.926453	-120.480972
6995.599365	-120.370941
6996.272278	-120.331902
6996.945190	-120.267883
6997.618103	-119.711235
6998.291016	-119.799255
6998.963928	-120.066963
6999.636841	-119.848228
7000.309753	-119.434311
7000.982666	-119.933311
7001.655579	-119.484375
7002.328491	-119.723305
7003.001404	-119.989082
7003.674316	-119.720901
7004.347229	-119.651237
7005.020142	-119.530594
7005.693054	-119.139114
7006.365967	-119.634972
7007.038879	-119.939987
7007.711792	-120.638168
7008.384705	-120.544189
7009.057617	-120.215286
7009.730530	-119.718437
7010.403442	-119.681625
7011.076355	-119.586647
7011.749268	-119.560074
7012.422180	-119.724770
7013.095093	-119.585518
7013.768005	-119.818100
7014.440918	-120.292168
7015.113831	-119.619110
7015.786743	-118.898865
7016.459656	-119.409874
7017.132568	-120.296371
7017.805481	-119.894936
7018.478394	-119.282005
7019.151306	-119.281265
7019.824219	-119.830643
7020.497131	-119.852074
7021.170044	-120.117744
7021.842957	-120.156334
7022.515869	-119.680542
7023.188782	-120.048248
7023.861694	-120.612793
7024.534607	-120.601257
7025.207520	-119.502113
7025.880432	-119.529678
7026.553345	-119.849365
7027.226257	-120.142426
7027.899170	-120.438820
7028.572083	-119.975563
7029.244995	-120.021255
7029.917908	-120.014999
7030.590820	-119.762321
7031.263733	-119.862717
7031.936646	-119.845497
7032.609558	-119.751709
7033.282471	-119.825066
7033.955383	-120.403351
7034.628296	-120.324036
7035.301208	-120.020027
7035.974121	-119.834595
7036.647034	-119.749519
7037.319946	-119.496880
7037.992859	-119.707451
7038.665771	-119.749237
7039.338684	-120.373596
7040.011597	-120.160355
7040.684509	-119.996307
7041.357422	-120.088806
7042.030334	-120.602753
7042.703247	-120.357231
7043.376160	-120.393852
7044.049072	-119.665840
7044.721985	-119.699150
7045.394897	-120.199081
7046.067810	-120.654762
7046.740723	-120.080368
7047.413635	-120.085899
7048.086548	-120.412476
7048.759460	-120.295937
7049.432373	-120.148354
7050.105286	-120.303574
7050.778198	-120.369858
7051.451111	-120.198532
7052.124023	-119.712723
7052.796936	-119.715378
7053.469849	-119.729324
7054.142761	-120.427574
7054.815674	-120.435326
7055.488586	-120.504982
7056.161499	-119.942795
7056.834412	-119.933167
7057.507324	-119.940704
7058.180237	-120.156944
7058.853149	-120.394112
7059.526062	-119.840172
7060.198975	-120.083824
7060.871887	-120.383018
7061.544800	-120.261848
7062.217712	-120.161324
7062.890625	-119.623917
7063.563538	-119.504623
7064.236450	-119.520790
7064.909363	-119.991508
7065.582275	-120.312401
7066.255188	-120.782219
7066.928101	-120.410934
7067.601013	-120.017845
7068.273926	-120.366859
7068.946838	-120.379913
7069.619751	-119.564445
7070.292664	-119.355431
7070.965576	-119.965759
7071.638489	-119.714447
7072.311401	-119.798004
7072.984314	-119.507660
7073.657227	-119.528755
7074.330139	-119.450081
7075.003052	-119.283783
7075.675964	-119.879929
7076.348877	-120.199432
7077.021790	-119.614929
7077.694702	-119.577774
7078.367615	-120.044884
7079.040527	-120.616791
7079.713440	-119.903214
7080.386353	-119.932076
7081.059265	-120.071030
7081.732178	-120.882179
7082.405090	-120.428391
7083.078003	-119.831718
7083.750916	-119.180489
7084.423828	-119.913895
7085.096741	-119.751770
7085.769653	-118.816582
7086.442566	-118.918571
7087.115479	-119.216858
7087.788391	-119.700478
7088.461304	-120.101814
7089.134216	-120.208443
7089.807129	-119.815773
7090.480042	-119.511612
7091.152954	-120.286667
7091.825867	-120.433655
7092.498779	-120.220947
7093.171692	-120.382690
7093.844604	-120.347702
7094.517517	-119.997208
7095.190430	-119.938866
7095.863342	-120.096024
7096.536255	-119.650101
7097.209167	-119.459160
7097.882080	-119.355766
7098.554993	-119.129677
7099.227905	-119.020638
7099.900818	-119.443985
7100.573730	-119.998138
7101.246643	-120.242157
7101.919556	-120.532097
7102.592468	-120.314880
7103.265381	-119.753166
7103.938293	-119.912537
7104.611206	-119.704239
7105.284119	-119.668915
7105.957031	-120.325584
7106.629944	-120.463356
7107.302856	-120.030846
7107.975769	-119.939156
7108.648682	-120.105125
7109.321594	-119.927490
7109.994507	-119.617599
7110.667419	-119.622421
7111.340332	-119.744591
7112.013245	-119.929123
7112.686157	-119.953049
7113.359070	-119.364639
7114.031982	-119.272240
7114.704895	-119.732964
7115.377808	-119.778831
7116.050720	-119.416328
7116.723633	-119.764076
7117.396545	-120.173096
7118.069458	-120.058281
7118.742371	-120.258827
7119.415283	-119.734673
7120.088196	-119.278900
7120.761108	-119.136650
7121.434021	-119.960098
7122.106934	-120.517319
7122.779846	-120.469765
7123.452759	-120.498840
7124.125671	-120.895912
7124.798584	-120.029991
7125.471497	-119.541153
7126.144409	-119.569008
7126.817322	-119.624214
7127.490234	-119.729874
7128.163147	-119.449699
7128.836060	-119.313484
7129.508972	-119.653175
7130.181885	-119.687569
7130.854797	-119.302437
7131.527710	-120.269547
7132.200623	-120.285782
7132.873535	-120.198723
7133.546448	-120.779488
7134.219360	-120.187859
7134.892273	-120.094414
7135.565186	-119.707832
7136.238098	-119.591782
7136.911011	-118.866806
7137.583923	-119.222748
7138.256836	-119.900963
7138.929749	-119.853760
7139.602661	-119.520897
7140.275574	-119.460312
7140.948486	-120.048401
7141.621399	-119.728294
7142.294312	-119.834496
7142.967224	-120.616005
7143.640137	-120.582771
7144.313049	-121.025711
7144.985962	-120.290565
7145.658875	-119.526382
7146.331787	-120.372429
7147.004700	-120.611702
7147.677612	-120.253098
7148.350525	-120.178711
7149.023438	-120.360306
7149.696350	-119.821632
7150.369263	-119.242096
7151.042175	-119.971657
7151.715088	-119.922928
7152.388000	-120.084091
7153.060913	-120.011581
7153.733826	-120.149384
7154.406738	-120.152153
7155.079651	-120.516960
7155.752563	-120.934677
7156.425476	-120.528175
7157.098389	-119.622887
7157.771301	-119.637970
7158.444214	-119.525276
7159.117126	-119.145668
7159.790039	-120.045448
7160.462952	-120.322914
7161.135864	-119.173935
7161.808777	-119.248604
7162.481689	-119.937012
7163.154602	-120.094170
7163.827515	-119.980774
7164.500427	-120.073448
7165.173340	-119.894379
7165.846252	-120.330757
7166.519165	-120.217659
7167.192078	-119.696075
7167.864990	-119.652428
7168.537903	-119.308586
7169.210815	-119.268509
7169.883728	-119.804382
7170.556641	-119.202103
7171.229553	-119.059784
7171.902466	-118.995430
7172.575378	-119.525154
7173.248291	-120.073105
7173.921204	-119.617104
7174.594116	-119.955566
7175.267029	-120.064819
7175.939941	-119.803909
7176.612854	-119.709251
7177.285767	-119.738899
7177.958679	-118.919662
7178.631592	-119.655113
7179.304504	-119.573723
7179.977417	-119.405235
7180.650330	-119.501877
7181.323242	-119.817390
7181.996155	-120.245979
7182.669067	-120.164070
7183.341980	-120.614861
7184.014893	-119.721313
7184.687805	-119.666512
7185.360718	-119.904549
7186.033630	-119.800011
7186.706543	-119.589958
7187.379456	-119.041687
7188.052368	-119.451706
7188.725281	-120.199120
7189.398193	-120.119995
7190.071106	-119.983513
7190.744019	-119.497574
7191.416931	-119.801872
7192.089844	-119.828445
7192.762756	-119.958672
7193.435669	-119.618141
7194.108582	-119.436256
7194.781494	-119.845116
7195.454407	-119.884544
7196.127319	-119.993042
7196.800232	-120.241379
7197.473145	-119.835007
7198.146057	-119.421562
7198.818970	-119.759186
7199.491882	-120.538582
7200.164795	-120.131271
7200.837708	-119.426605
7201.510620	-119.336205
7202.183533	-120.724075
7202.856445	-120.363235
7203.529358	-119.660072
7204.202271	-119.917282
7204.875183	-119.156288
7205.548096	-118.986710
7206.221008	-120.390091
7206.893921	-120.940483
7207.566833	-120.829056
7208.239746	-119.728691
7208.912659	-119.731331
7209.585571	-120.147026
7210.258484	-120.238556
7210.931396	-119.975708
7211.604309	-119.779633
7212.277222	-120.172226
7212.950134	-120.067917
7213.623047	-119.766731
7214.295959	-119.752602
7214.968872	-120.147964
7215.641785	-119.739693
7216.314697	-119.137337
7216.987610	-119.470139
7217.660522	-119.940178
7218.333435	-119.986092
7219.006348	-119.893036
7219.679260	-119.955490
7220.352173	-119.856575
7221.025085	-119.925117
7221.697998	-119.611000
7222.370911	-119.708923
7223.043823	-119.850487
7223.716736	-119.733269
7224.389648	-119.747154
7225.062561	-119.768387
7225.735474	-119.385643
7226.408386	-119.711121
7227.081299	-119.925369
7227.754211	-119.692329
7228.427124	-119.817657
7229.100037	-120.157753
7229.772949	-120.399704
7230.445862	-120.224243
7231.118774	-119.742607
7231.791687	-119.195038
7232.464600	-118.973763
7233.137512	-118.917213
7233.810425	-119.525017
7234.483337	-119.848373
7235.156250	-119.730293
7235.829163	-119.356361
7236.502075	-119.416145
7237.174988	-118.747345
7237.847900	-119.282333
7238.520813	-119.616356
7239.193726	-119.041992
7239.866638	-119.541374
7240.539551	-119.339066
7241.212463	-119.583298
7241.885376	-120.790489
7242.558289	-120.595062
7243.231201	-119.648956
7243.904114	-119.310196
7244.577026	-119.358452
7245.249939	-119.103683
7245.922852	-119.300957
7246.595764	-119.693138
7247.268677	-119.937103
7247.941589	-120.327965
7248.614502	-119.163467
7249.287415	-118.897476
7249.960327	-119.159737
7250.633240	-119.761299
7251.306152	-119.474968
7251.979065	-119.788834
7252.651978	-119.622810
7253.324890	-120.087051
7253.997803	-120.065315
7254.670715	-119.621735
7255.343628	-119.995262
7256.016541	-120.316376
7256.689453	-120.584427
7257.362366	-119.487465
7258.035278	-119.770706
7258.708191	-119.744553
7259.381104	-119.291298
7260.054016	-119.634903
7260.726929	-120.017868
7261.399841	-119.943748
7262.072754	-119.965500
7262.745667	-119.925980
7263.418579	-120.027901
7264.091492	-119.779655
7264.764404	-119.828781
7265.437317	-119.581062
7266.110229	-120.251503
7266.783142	-120.788910
7267.456055	-120.849449
7268.128967	-120.259987
7268.801880	-120.209030
7269.474792	-119.896423
7270.147705	-119.447105
7270.820618	-120.237045
7271.493530	-119.870216
7272.166443	-119.092842
7272.839355	-119.247231
7273.512268	-119.997345
7274.185181	-120.143837
7274.858093	-119.818222
7275.531006	-119.529778
7276.203918	-120.088249
7276.876831	-120.086555
7277.549744	-119.888397
7278.222656	-119.723907
7278.895569	-119.765297
7279.568481	-119.251839
7280.241394	-119.530067
7280.914307	-120.262093
7281.587219	-120.151657
7282.260132	-119.508308
7282.933044	-119.697166
7283.605957	-120.326370
7284.278870	-120.120888
7284.951782	-120.004860
7285.624695	-119.134407
7286.297607	-119.325264
7286.970520	-119.672157
7287.643433	-119.613220
7288.316345	-119.424706
7288.989258	-119.730705
7289.662170	-120.026932
7290.335083	-120.344711
7291.007996	-119.446045
7291.680908	-119.309792
7292.353821	-120.100533
7293.026733	-120.506546
7293.699646	-120.132484
7294.372559	-119.117714
7295.045471	-118.987122
7295.718384	-119.278702
7296.391296	-119.518593
7297.064209	-119.761093
7297.737122	-119.531380
7298.410034	-119.198517
7299.082947	-119.673042
7299.755859	-119.594002
7300.428772	-119.390396
7301.101685	-119.409218
7301.774597	-119.624275
7302.447510	-120.598091
7303.120422	-119.854538
7303.793335	-119.723396
7304.466248	-119.853447
7305.139160	-119.399269
7305.812073	-119.325302
7306.484985	-119.152809
7307.157898	-119.654274
7307.830811	-119.355377
7308.503723	-119.301865
7309.176636	-120.133827
7309.849548	-120.350067
7310.522461	-119.967575
7311.195374	-119.904366
7311.868286	-119.949181
7312.541199	-119.707947
7313.214111	-119.354340
7313.887024	-119.903824
7314.559937	-119.769905
7315.232849	-119.796524
7315.905762	-119.577286
7316.578674	-119.366722
7317.251587	-119.060478
7317.924500	-119.159546
7318.597412	-119.398582
7319.270325	-119.880775
7319.943237	-120.017036
7320.616150	-120.562660
7321.289062	-119.498360
7321.961975	-119.535820
7322.634888	-120.066231
7323.307800	-119.833694
7323.980713	-119.698143
7324.653625	-120.098915
7325.326538	-120.076782
7325.999451	-120.408981
7326.672363	-120.159637
7327.345276	-119.592285
7328.018188	-118.807640
7328.691101	-119.491539
7329.364014	-120.107712
7330.036926	-119.352478
7330.709839	-119.613228
7331.382751	-119.864136
7332.055664	-119.783585
7332.728577	-119.658798
7333.401489	-119.758652
7334.074402	-119.770615
7334.747314	-119.318169
7335.420227	-120.032669
7336.093140	-120.084503
7336.766052	-119.621063
7337.438965	-120.414917
7338.111877	-120.251076
7338.784790	-119.590919
7339.457703	-120.651703
7340.130615	-121.729195
7340.803528	-120.438255
7341.476440	-119.702972
7342.149353	-119.827255
7342.822266	-119.539429
7343.495178	-119.776596
7344.168091	-120.055046
7344.841003	-119.539902
7345.513916	-119.310913
7346.186829	-119.749023
7346.859741	-119.444473
7347.532654	-119.429565
7348.205566	-120.186523
7348.878479	-119.534340
7349.551392	-120.138550
7350.224304	-120.708115
7350.897217	-119.611801
7351.570129	-119.975349
7352.243042	-120.114700
7352.915955	-119.426178
7353.588867	-119.663330
7354.261780	-119.907562
7354.934692	-119.554176
7355.607605	-119.391251
7356.280518	-120.026810
7356.953430	-120.514336
7357.626343	-119.614922
7358.299255	-119.972061
7358.972168	-120.082344
7359.645081	-119.724297
7360.317993	-119.709396
7360.990906	-120.040390
7361.663818	-119.730949
7362.336731	-119.824196
7363.009644	-119.818451
7363.682556	-120.003235
7364.355469	-120.406311
7365.028381	-119.881927
7365.701294	-119.104698
7366.374207	-119.121773
7367.047119	-119.295372
7367.720032	-119.399269
7368.392944	-119.129761
7369.065857	-119.646133
7369.738770	-119.845810
7370.411682	-119.674812
7371.084595	-119.610649
7371.757507	-119.609749
7372.430420	-119.810188
7373.103333	-119.876686
7373.776245	-119.419540
7374.449158	-119.510994
7375.122070	-119.755592
7375.794983	-119.325363
7376.467896	-119.436165
7377.140808	-119.833900
7377.813721	-120.035706
7378.486633	-120.086807
7379.159546	-120.065704
7379.832458	-119.915741
7380.505371	-119.729797
7381.178284	-120.114174
7381.851196	-119.692772
7382.524109	-119.201317
7383.197021	-119.953194
7383.869934	-119.764687
7384.542847	-119.626076
7385.215759	-119.822380
7385.888672	-119.815369
7386.561584	-120.189186
7387.234497	-119.464859
7387.907410	-118.876289
7388.580322	-119.877205
7389.253235	-119.786835
7389.926147	-120.177948
7390.599060	-120.299309
7391.271973	-120.068573
7391.944885	-119.983757
7392.617798	-119.444641
7393.290710	-119.748947
7393.963623	-120.066719
7394.636536	-119.105133
7395.309448	-119.361336
7395.982361	-119.239708
7396.655273	-119.030647
7397.328186	-119.711433
7398.001099	-119.264099
7398.674011	-119.837776
7399.346924	-119.565041
7400.019836	-119.401306
7400.692749	-119.642128
7401.365662	-119.382576
7402.038574	-119.409309
7402.711487	-119.444069
7403.384399	-119.459663
7404.057312	-119.292603
7404.730225	-119.258171
7405.403137	-119.371132
7406.076050	-119.461166
7406.748962	-119.696014
7407.421875	-119.241661
7408.094788	-119.095535
7408.767700	-119.409653
7409.440613	-119.017349
7410.113525	-119.250206
7410.786438	-119.789421
7411.459351	-119.653030
7412.132263	-120.229240
7412.805176	-120.046318
7413.478088	-120.208710
7414.151001	-120.012711
7414.823914	-119.327080
7415.496826	-119.150963
7416.169739	-119.224052
7416.842651	-119.278816
7417.515564	-119.426430
7418.188477	-118.784195
7418.861389	-119.224457
7419.534302	-120.211357
7420.207214	-120.306831
7420.880127	-119.846169
7421.553040	-119.501518
7422.225952	-119.547234
7422.898865	-119.354485
7423.571777	-119.565529
7424.244690	-119.807381
7424.917603	-119.593208
7425.590515	-119.331970
7426.263428	-119.006012
7426.936340	-119.460236
7427.609253	-120.385101
7428.282166	-120.135735
7428.955078	-119.279816
7429.627991	-119.445641
7430.300903	-119.831345
7430.973816	-119.811012
7431.646729	-120.192642
7432.319641	-119.394722
7432.992554	-119.326851
7433.665466	-120.109962
7434.338379	-119.872116
7435.011292	-120.049934
7435.684204	-120.312660
7436.357117	-119.775894
7437.030029	-119.525581
7437.702942	-119.323387
7438.375854	-119.913071
7439.048767	-119.371712
7439.721680	-119.947037
7440.394592	-120.063889
7441.067505	-119.692245
7441.740417	-119.142754
7442.413330	-120.022095
7443.086243	-120.048386
7443.759155	-119.347656
7444.432068	-119.138145
7445.104980	-119.086266
7445.777893	-119.158035
7446.450806	-119.467659
7447.123718	-119.732216
7447.796631	-119.259308
7448.469543	-119.542648
7449.142456	-120.238312
7449.815369	-119.297348
7450.488281	-118.924545
7451.161194	-118.894585
7451.834106	-118.879707
7452.507019	-118.768654
7453.179932	-119.089355
7453.852844	-119.345093
7454.525757	-119.048386
7455.198669	-119.494698
7455.871582	-120.337311
7456.544495	-119.536087
7457.217407	-119.089935
7457.890320	-118.899193
7458.563232	-119.410500
7459.236145	-120.105659
7459.909058	-119.856033
7460.581970	-119.694862
7461.254883	-119.771744
7461.927795	-119.780693
7462.600708	-118.833931
7463.273621	-118.922379
7463.946533	-119.847397
7464.619446	-120.139404
7465.292358	-120.350418
7465.965271	-119.877968
7466.638184	-119.782524
7467.311096	-119.717041
7467.984009	-119.514969
7468.656921	-119.393074
7469.329834	-119.728722
7470.002747	-119.797012
7470.675659	-119.592102
7471.348572	-119.553566
7472.021484	-119.587288
7472.694397	-119.417145
7473.367310	-119.187813
7474.040222	-120.173088
7474.713135	-120.573112
7475.386047	-120.058258
7476.058960	-120.119049
7476.731873	-119.791557
7477.404785	-119.863106
7478.077698	-119.821083
7478.750610	-119.056160
7479.423523	-119.173309
7480.096436	-119.335106
7480.769348	-119.178978
7481.442261	-119.172623
7482.115173	-119.069496
7482.788086	-118.820915
7483.460999	-119.390030
7484.133911	-119.701744
7484.806824	-119.901329
7485.479736	-119.371284
7486.152649	-120.021202
7486.825562	-120.198448
7487.498474	-119.895973
7488.171387	-120.148445
7488.844299	-119.408638
7489.517212	-119.893082
7490.190125	-119.992279
7490.863037	-119.780479
7491.535950	-119.333160
7492.208862	-119.674339
7492.881775	-120.084877
7493.554688	-119.842476
7494.227600	-119.313416
7494.900513	-120.069633
7495.573425	-119.275986
7496.246338	-119.303978
7496.919250	-119.436104
7497.592163	-119.484459
7498.265076	-120.012115
7498.937988	-119.986298
7499.610901	-119.675407
7500.283813	-119.830879
7500.956726	-119.563858
7501.629639	-118.862915
7502.302551	-119.659454
7502.975464	-120.306297
7503.648376	-119.981636
7504.321289	-119.191849
7504.994202	-119.624268
7505.667114	-120.081230
7506.340027	-120.438629
7507.012939	-119.477982
7507.685852	-119.478119
7508.358765	-119.299431
7509.031677	-119.820030
7509.704590	-120.067894
7510.377502	-118.928795
7511.050415	-118.792587
7511.723328	-118.836098
7512.396240	-119.085785
7513.069153	-119.645798
7513.742065	-120.573380
7514.414978	-120.663109
7515.087891	-119.465439
7515.760803	-119.156334
7516.433716	-119.194839
7517.106628	-119.332596
7517.779541	-119.718063
7518.452454	-120.337608
7519.125366	-120.044052
7519.798279	-120.063072
7520.471191	-119.408546
7521.144104	-119.126617
7521.817017	-119.190262
7522.489929	-119.280487
7523.162842	-119.462807
7523.835754	-120.109238
7524.508667	-119.140076
7525.181580	-118.968719
7525.854492	-119.369316
7526.527405	-119.932388
7527.200317	-120.044060
7527.873230	-120.732765
7528.546143	-120.038010
7529.219055	-118.990944
7529.891968	-118.982506
7530.564880	-119.591362
7531.237793	-119.596268
7531.910706	-119.596153
7532.583618	-119.164116
7533.256531	-119.634155
7533.929443	-120.044998
7534.602356	-119.865311
7535.275269	-119.514702
7535.948181	-119.180008
7536.621094	-119.762566
7537.294006	-119.843384
7537.966919	-120.312813
7538.639832	-120.533562
7539.312744	-119.757561
7539.985657	-119.430779
7540.658569	-119.348122
7541.331482	-119.336235
7542.004395	-120.099449
7542.677307	-119.740295
7543.350220	-119.259460
7544.023132	-119.209358
7544.696045	-119.081711
7545.368958	-119.805336
7546.041870	-119.600479
7546.714783	-119.335960
7547.387695	-119.398514
7548.060608	-119.386864
7548.733521	-119.477104
7549.406433	-119.872665
7550.079346	-118.924423
7550.752258	-119.318756
7551.425171	-120.509392
7552.098083	-120.288147
7552.770996	-119.782127
7553.443909	-119.590195
7554.116821	-119.415985
7554.789734	-119.714233
7555.462646	-119.666870
7556.135559	-119.092186
7556.808472	-118.933441
7557.481384	-118.864136
7558.154297	-119.623985
7558.827209	-120.083961
7559.500122	-119.590370
7560.173035	-119.654633
7560.845947	-119.892914
7561.518860	-119.622040
7562.191772	-119.086670
7562.864685	-119.178795
7563.537598	-119.519814
7564.210510	-119.983452
7564.883423	-119.825684
7565.556335	-119.403152
7566.229248	-119.703354
7566.902161	-119.453270
7567.575073	-119.501938
7568.247986	-119.572365
7568.920898	-120.224602
7569.593811	-120.304771
7570.266724	-119.707565
7570.939636	-119.678642
7571.612549	-120.058258
7572.285461	-119.298187
7572.958374	-119.440765
7573.631287	-119.475220
7574.304199	-119.967400
7574.977112	-119.453102
7575.650024	-119.760902
7576.322937	-119.686035
7576.995850	-119.722282
7577.668762	-119.851448
7578.341675	-119.863274
7579.014587	-120.008919
7579.687500	-119.950089
7580.360413	-120.224976
7581.033325	-119.895355
7581.706238	-120.036743
7582.379150	-119.812996
7583.052063	-119.467033
7583.724976	-119.845749
7584.397888	-120.140556
7585.070801	-119.497269
7585.743713	-119.345314
7586.416626	-119.401405
7587.089539	-119.509888
7587.762451	-119.474747
7588.435364	-119.445885
7589.108276	-119.645164
7589.781189	-120.270508
7590.454102	-119.920059
7591.127014	-119.649551
7591.799927	-119.916664
7592.472839	-119.573593
7593.145752	-119.189789
7593.818665	-119.396027
7594.491577	-119.260971
7595.164490	-119.625244
7595.837402	-119.536652
7596.510315	-119.061234
7597.183228	-119.034416
7597.856140	-119.098206
7598.529053	-119.119804
7599.201965	-119.575134
7599.874878	-119.579720
7600.547791	-119.144226
7601.220703	-119.197533
7601.893616	-119.603104
7602.566528	-119.596504
7603.239441	-119.117523
7603.912354	-119.510490
7604.585266	-119.990128
7605.258179	-119.605339
7605.931091	-119.100861
7606.604004	-119.307365
7607.276917	-118.638840
7607.949829	-119.520432
7608.622742	-119.829056
7609.295654	-118.646339
7609.968567	-118.891815
7610.641479	-119.207886
7611.314392	-118.607323
7611.987305	-119.429367
7612.660217	-119.607018
7613.333130	-119.335541
7614.006042	-119.146027
7614.678955	-119.542831
7615.351868	-119.767891
7616.024780	-118.789719
7616.697693	-119.032394
7617.370605	-119.312996
7618.043518	-119.398804
7618.716431	-118.864960
7619.389343	-118.937271
7620.062256	-119.762680
7620.735168	-120.061340
7621.408081	-119.277435
7622.080994	-119.228935
7622.753906	-120.058113
7623.426819	-119.377151
7624.099731	-119.452782
7624.772644	-119.945480
7625.445557	-119.520439
7626.118469	-119.369003
7626.791382	-119.939819
7627.464294	-120.198380
7628.137207	-119.578781
7628.810120	-119.611267
7629.483032	-119.305214
7630.155945	-119.580299
7630.828857	-119.420723
7631.501770	-119.721588
7632.174683	-119.674446
7632.847595	-119.692711
7633.520508	-119.495140
7634.193420	-119.244843
7634.866333	-118.873451
7635.539246	-119.049904
7636.212158	-119.657478
7636.885071	-120.095436
7637.557983	-119.910515
7638.230896	-119.392693
7638.903809	-119.808975
7639.576721	-120.450066
7640.249634	-119.959389
7640.922546	-119.446289
7641.595459	-119.598099
7642.268372	-119.948029
7642.941284	-119.705704
7643.614197	-119.274544
7644.287109	-118.871964
7644.960022	-118.394211
7645.632935	-119.775024
7646.305847	-119.735878
7646.978760	-120.029175
7647.651672	-119.787094
7648.324585	-119.527344
7648.997498	-120.133888
7649.670410	-119.303299
7650.343323	-119.576355
7651.016235	-119.911743
7651.689148	-119.994621
7652.362061	-120.029045
7653.034973	-119.618599
7653.707886	-119.711296
7654.380798	-119.533569
7655.053711	-119.721321
7655.726624	-119.627304
7656.399536	-119.835640
7657.072449	-120.233360
7657.745361	-119.454391
7658.418274	-118.805931
7659.091187	-119.031013
7659.764099	-119.570213
7660.437012	-119.345856
7661.109924	-119.766045
7661.782837	-119.069283
7662.455750	-118.851486
7663.128662	-119.508133
7663.801575	-119.338188
7664.474487	-119.165443
7665.147400	-119.057884
7665.820312	-119.213303
7666.493225	-119.159172
7667.166138	-119.165527
7667.839050	-119.637184
7668.511963	-119.749428
7669.184875	-119.675995
7669.857788	-119.043022
7670.530701	-119.221344
7671.203613	-119.425461
7671.876526	-120.103142
7672.549438	-119.870522
7673.222351	-119.760628
7673.895264	-119.509811
7674.568176	-119.738335
7675.241089	-119.687782
7675.914001	-119.396156
7676.586914	-119.558380
7677.259827	-120.348763
7677.932739	-119.934052
7678.605652	-120.267456
7679.278564	-119.890594
7679.951477	-119.771606
7680.624390	-120.232185
7681.297302	-119.800919
7681.970215	-118.610245
7682.643127	-119.115822
7683.316040	-120.319565
7683.988953	-119.263611
7684.661865	-118.463661
7685.334778	-119.546768
7686.007690	-119.388817
7686.680603	-119.453384
7687.353516	-119.509689
7688.026428	-119.539940
7688.699341	-118.943649
7689.372253	-119.083534
7690.045166	-119.403076
7690.718079	-119.953690
7691.390991	-119.883934
7692.063904	-119.572556
7692.736816	-119.402542
7693.409729	-118.983406
7694.082642	-118.890823
7694.755554	-118.839180
7695.428467	-119.487587
7696.101379	-119.163727
7696.774292	-119.123550
7697.447205	-119.000854
7698.120117	-119.447235
7698.793030	-119.986183
7699.465942	-119.834175
7700.138855	-119.563309
7700.811768	-118.828499
7701.484680	-119.364563
7702.157593	-119.935738
7702.830505	-119.273537
7703.503418	-118.811974
7704.176331	-119.151192
7704.849243	-119.582237
7705.522156	-118.889999
7706.195068	-119.735527
7706.867981	-119.767784
7707.540894	-119.186432
7708.213806	-119.561195
7708.886719	-120.314781
7709.559631	-120.060577
7710.232544	-119.127449
7710.905457	-118.919868
7711.578369	-118.416687
7712.251282	-117.595596
7712.924194	-117.411324
7713.597107	-116.761337
7714.270020	-115.849251
7714.942932	-115.510742
7715.615845	-115.389862
7716.288757	-115.641533
7716.961670	-115.657784
7717.634583	-116.306679
7718.307495	-116.954712
7718.980408	-118.575584
7719.653320	-118.864899
7720.326233	-118.625496
7720.999146	-118.249084
7721.672058	-119.196312
7722.344971	-118.831604
7723.017883	-118.646294
7723.690796	-118.732986
7724.363708	-119.008278
7725.036621	-119.361031
7725.709534	-119.466743
7726.382446	-119.351959
7727.055359	-119.819267
7727.728271	-120.205406
7728.401184	-119.921516
7729.074097	-119.077744
7729.747009	-118.972145
7730.419922	-118.521873
7731.092834	-118.807968
7731.765747	-119.052902
7732.438660	-118.548019
7733.111572	-118.300659
7733.784485	-118.332405
7734.457397	-119.026932
7735.130310	-119.076843
7735.803223	-118.159546
7736.476135	-117.921661
7737.149048	-119.159782
7737.821960	-119.309906
7738.494873	-119.463905
7739.167786	-119.863228
7739.840698	-119.615089
7740.513611	-118.766731
7741.186523	-118.409561
7741.859436	-117.942604
7742.532349	-118.130028
7743.205261	-117.950623
7743.878174	-117.368248
7744.551086	-117.689857
7745.223999	-117.205948
7745.896912	-117.684502
7746.569824	-118.887848
7747.242737	-118.765579
7747.915649	-118.823532
7748.588562	-119.365898
7749.261475	-118.925919
7749.934387	-118.692787
7750.607300	-119.824516
7751.280212	-119.774391
7751.953125	-118.794060
7752.626038	-118.754196
7753.298950	-119.076202
7753.971863	-119.520828
7754.644775	-119.455223
7755.317688	-119.242615
7755.990601	-119.161026
7756.663513	-118.461960
7757.336426	-118.327759
7758.009338	-118.801903
7758.682251	-118.873039
7759.355164	-118.588722
7760.028076	-118.439659
7760.700989	-118.285484
7761.373901	-118.012840
7762.046814	-118.186340
7762.719727	-118.841682
7763.392639	-118.963951
7764.065552	-118.929695
7764.738464	-119.212448
7765.411377	-119.356232
7766.084290	-119.310684
7766.757202	-119.515617
7767.430115	-118.913635
7768.103027	-119.242142
7768.775940	-118.981659
7769.448853	-119.234238
7770.121765	-118.814377
7770.794678	-118.724457
7771.467590	-118.631943
7772.140503	-118.211594
7772.813416	-119.091774
7773.486328	-119.438866
7774.159241	-119.592003
7774.832153	-119.175110
7775.505066	-118.910568
7776.177979	-118.995575
7776.850891	-118.979889
7777.523804	-119.030296
7778.196716	-119.443069
7778.869629	-119.178299
7779.542542	-119.294960
7780.215454	-119.070435
7780.888367	-119.219933
7781.561279	-119.193123
7782.234192	-119.354599
7782.907104	-119.314537
7783.580017	-119.352531
7784.252930	-119.953964
7784.925842	-119.927917
7785.598755	-119.555656
7786.271667	-119.436371
7786.944580	-119.336411
7787.617493	-119.605988
7788.290405	-119.231422
7788.963318	-119.026749
7789.636230	-119.606583
7790.309143	-119.748726
7790.982056	-119.578438
7791.654968	-119.267967
7792.327881	-118.895393
7793.000793	-119.349228
7793.673706	-119.722702
7794.346619	-120.674416
7795.019531	-120.376190
7795.692444	-119.568527
7796.365356	-119.661980
7797.038269	-119.281563
7797.711182	-119.079231
7798.384094	-119.354218
7799.057007	-119.778023
7799.729919	-119.594971
7800.402832	-119.313950
7801.075745	-118.645569
7801.748657	-119.192764
7802.421570	-119.861580
7803.094482	-119.830933
7803.767395	-119.604515
7804.440308	-119.646561
7805.113220	-119.621933
7805.786133	-119.462753
7806.459045	-119.909767
7807.131958	-118.834244
7807.804871	-118.836349
7808.477783	-118.241348
7809.150696	-118.198830
7809.823608	-118.853622
7810.496521	-119.327675
7811.169434	-118.905861
7811.842346	-119.200195
7812.515259	-119.249702
7813.188171	-119.304764
7813.861084	-119.899384
7814.533997	-119.315773
7815.206909	-119.428185
7815.879822	-119.911095
7816.552734	-119.987221
7817.225647	-119.540932
7817.898560	-118.656044
7818.571472	-119.359161
7819.244385	-119.531563
7819.917297	-119.956261
7820.590210	-119.610764
7821.263123	-119.224205
7821.936035	-119.042603
7822.608948	-119.299904
7823.281860	-118.483482
7823.954773	-119.073868
7824.627686	-119.844719
7825.300598	-120.297058
7825.973511	-119.558472
7826.646423	-119.042137
7827.319336	-119.441658
7827.992249	-119.322708
7828.665161	-118.846138
7829.338074	-119.168526
7830.010986	-119.158730
7830.683899	-119.701508
7831.356812	-119.258179
7832.029724	-118.847008
7832.702637	-119.961975
7833.375549	-119.471832
7834.048462	-119.366386
7834.721375	-119.380676
7835.394287	-119.044006
7836.067200	-119.417061
7836.740112	-119.481575
7837.413025	-118.787361
7838.085938	-118.748306
7838.758850	-118.503174
7839.431763	-119.402428
7840.104675	-119.932053
7840.777588	-119.494621
7841.450500	-119.789001
7842.123413	-119.432549
7842.796326	-119.116333
7843.469238	-119.146744
7844.142151	-119.102196
7844.815063	-119.467171
7845.487976	-119.137184
7846.160889	-119.691795
7846.833801	-119.303810
7847.506714	-118.888298
7848.179626	-119.138229
7848.852539	-119.869102
7849.525452	-119.561104
7850.198364	-119.485161
7850.871277	-119.019646
7851.544189	-119.033859
7852.217102	-119.661308
7852.890015	-120.093956
7853.562927	-120.021339
7854.235840	-120.244392
7854.908752	-119.684830
7855.581665	-119.770302
7856.254578	-119.482750
7856.927490	-119.017914
7857.600403	-118.993454
7858.273315	-119.425522
7858.946228	-119.601303
7859.619141	-119.571327
7860.292053	-119.926445
7860.964966	-119.576889
7861.637878	-119.081161
7862.310791	-119.142662
7862.983704	-119.335831
7863.656616	-119.459312
7864.329529	-119.096794
7865.002441	-118.835205
7865.675354	-119.116531
7866.348267	-119.093987
7867.021179	-119.255020
7867.694092	-118.882179
7868.367004	-119.078674
7869.039917	-119.121010
7869.712830	-119.118340
7870.385742	-120.098503
7871.058655	-120.391968
7871.731567	-119.667892
7872.404480	-119.704826
7873.077393	-119.908669
7873.750305	-118.883995
7874.423218	-119.259445
7875.096130	-119.444992
7875.769043	-119.404778
7876.441956	-119.679733
7877.114868	-119.291191
7877.787781	-118.418480
7878.460693	-118.392120
7879.133606	-118.751526
7879.806519	-119.692581
7880.479431	-119.839470
7881.152344	-119.756760
7881.825256	-120.003510
7882.498169	-119.310699
7883.171082	-119.292320
7883.843994	-119.026703
7884.516907	-119.492119
7885.189819	-119.691223
7885.862732	-119.425110
7886.535645	-118.755341
7887.208557	-119.043106
7887.881470	-119.324684
7888.554382	-119.228806
7889.227295	-118.873474
7889.900208	-119.320168
7890.573120	-119.829422
7891.246033	-119.536293
7891.918945	-118.818192
7892.591858	-119.107025
7893.264771	-119.113266
7893.937683	-119.403557
7894.610596	-119.078194
7895.283508	-119.093513
7895.956421	-118.745918
7896.629333	-118.980942
7897.302246	-119.491592
7897.975159	-119.258163
7898.648071	-119.521667
7899.320984	-119.013710
7899.993896	-119.325905
7900.666809	-118.858620
7901.339722	-119.140297
7902.012634	-119.395386
7902.685547	-119.170311
7903.358459	-119.392570
7904.031372	-119.870239
7904.704285	-119.261238
7905.377197	-119.551674
7906.050110	-119.619392
7906.723022	-119.401283
7907.395935	-118.967087
7908.068848	-119.289902
7908.741760	-119.221024
7909.414673	-119.138657
7910.087585	-119.346680
7910.760498	-119.910339
7911.433411	-119.683441
7912.106323	-119.958366
7912.779236	-119.840561
7913.452148	-119.436249
7914.125061	-119.379814
7914.797974	-119.246010
7915.470886	-119.401276
7916.143799	-119.568954
7916.816711	-119.385384
7917.489624	-119.383904
7918.162537	-119.059280
7918.835449	-119.000755
7919.508362	-118.999313
7920.181274	-118.676109
7920.854187	-118.902199
7921.527100	-119.096779
7922.200012	-119.377037
7922.872925	-119.435997
7923.545837	-119.260399
7924.218750	-119.079620
7924.891663	-119.060516
7925.564575	-118.845207
7926.237488	-118.559845
7926.910400	-118.780983
7927.583313	-119.333076
7928.256226	-119.477966
7928.929138	-119.607071
7929.602051	-119.258255
7930.274963	-119.594650
7930.947876	-119.368912
7931.620789	-119.274170
7932.293701	-119.439804
7932.966614	-119.310463
7933.639526	-119.420509
7934.312439	-119.516983
7934.985352	-119.228348
7935.658264	-118.961075
7936.331177	-118.776672
7937.004089	-119.205994
7937.677002	-119.093460
7938.349915	-119.269188
7939.022827	-119.251694
7939.695740	-119.408844
7940.368652	-119.223625
7941.041565	-119.323631
7941.714478	-119.208328
7942.387390	-119.472572
7943.060303	-118.974205
7943.733215	-119.308517
7944.406128	-119.660057
7945.079041	-119.523582
7945.751953	-119.511917
7946.424866	-119.240952
7947.097778	-119.384659
7947.770691	-119.300369
7948.443604	-119.278732
7949.116516	-118.564384
7949.789429	-118.204109
7950.462341	-119.125748
7951.135254	-119.620506
7951.808167	-119.765564
7952.481079	-119.236961
7953.153992	-118.846436
7953.826904	-118.977783
7954.499817	-118.462311
7955.172729	-118.888535
7955.845642	-119.636246
7956.518555	-118.750587
7957.191467	-118.845299
7957.864380	-119.849129
7958.537292	-119.479088
7959.210205	-118.807564
7959.883118	-119.164375
7960.556030	-119.685013
7961.228943	-119.241844
7961.901855	-119.622551
7962.574768	-119.669617
7963.247681	-119.267448
7963.920593	-119.700089
7964.593506	-119.465874
7965.266418	-119.052452
7965.939331	-119.641266
7966.612244	-119.305084
7967.285156	-119.427673
7967.958069	-119.390266
7968.630981	-120.137138
7969.303894	-118.916115
7969.976807	-118.160904
7970.649719	-118.993973
7971.322632	-119.058449
7971.995544	-118.975540
7972.668457	-119.091164
7973.341370	-119.662567
7974.014282	-119.435051
7974.687195	-119.370186
7975.360107	-119.107986
7976.033020	-119.136925
7976.705933	-119.119110
7977.378845	-119.150673
7978.051758	-119.099213
7978.724670	-119.315918
7979.397583	-119.701637
7980.070496	-119.447983
7980.743408	-119.555496
7981.416321	-119.025963
7982.089233	-118.504509
7982.762146	-119.367767
7983.435059	-119.211098
7984.107971	-119.033264
7984.780884	-119.154167
7985.453796	-119.938179
7986.126709	-120.097328
7986.799622	-119.540459
7987.472534	-119.846169
7988.145447	-119.688225
7988.818359	-119.297699
7989.491272	-119.627480
7990.164185	-119.782967
7990.837097	-119.122681
7991.510010	-118.851288
7992.182922	-118.805550
7992.855835	-118.569260
7993.528748	-119.377167
7994.201660	-119.069954
7994.874573	-119.052246
7995.547485	-119.514999
7996.220398	-119.767502
7996.893311	-119.235641
7997.566223	-119.040169
7998.239136	-119.216972
7998.912048	-119.652222
7999.584961	-118.936134
8000.257874	-118.547623
8000.930786	-118.741669
8001.603699	-119.302460
8002.276611	-119.129745
8002.949524	-118.754456
8003.622437	-119.171288
8004.295349	-119.471962
8004.968262	-119.156860
8005.641174	-119.159866
8006.314087	-119.665459
8006.987000	-119.823372
8007.659912	-119.174110
8008.332825	-118.817062
8009.005737	-119.087753
8009.678650	-119.215172
8010.351562	-119.439621
8011.024475	-119.278282
8011.697388	-118.961708
8012.370300	-118.900726
8013.043213	-118.759789
8013.716125	-119.286324
8014.389038	-119.286530
8015.061951	-119.877190
8015.734863	-119.151978
8016.407776	-118.819214
8017.080688	-118.855415
8017.753601	-118.800400
8018.426514	-118.720688
8019.099426	-118.763748
8019.772339	-119.473137
8020.445251	-119.690514
8021.118164	-119.543343
8021.791077	-118.661461
8022.463989	-119.125931
8023.136902	-119.829201
8023.809814	-119.614975
8024.482727	-119.079468
8025.155640	-118.761635
8025.828552	-119.247032
8026.501465	-119.283455
8027.174377	-118.742439
8027.847290	-119.123985
8028.520203	-119.041374
8029.193115	-119.020180
8029.866028	-118.629570
8030.538940	-119.599304
8031.211853	-119.729790
8031.884766	-119.518982
8032.557678	-119.590347
8033.230591	-119.586205
8033.903503	-119.691193
8034.576416	-119.341248
8035.249329	-119.675674
8035.922241	-119.655960
8036.595154	-119.162277
8037.268066	-118.843750
8037.940979	-118.692184
8038.613892	-118.936996
8039.286804	-120.079788
8039.959717	-120.065613
8040.632629	-119.931206
8041.305542	-119.073044
8041.978455	-118.932220
8042.651367	-119.129166
8043.324280	-119.642075
8043.997192	-119.042656
8044.670105	-119.347794
8045.343018	-119.055832
8046.015930	-118.379013
8046.688843	-118.935135
8047.361755	-119.043457
8048.034668	-118.663956
8048.707581	-119.199715
8049.380493	-119.339790
8050.053406	-119.897408
8050.726318	-120.234268
8051.399231	-119.645729
8052.072144	-118.800499
8052.745056	-119.095207
8053.417969	-119.359032
8054.090881	-118.838821
8054.763794	-118.660973
8055.436707	-118.955002
8056.109619	-119.014435
8056.782532	-118.796265
8057.455444	-118.924072
8058.128357	-119.322517
8058.801270	-119.186447
8059.474182	-119.133423
8060.147095	-118.684341
8060.820007	-118.950813
8061.492920	-119.202881
8062.165833	-119.404846
8062.838745	-118.852402
8063.511658	-118.631828
8064.184570	-118.964439
8064.857483	-118.911034
8065.530396	-118.617561
8066.203308	-119.176918
8066.876221	-119.945007
8067.549133	-119.646431
8068.222046	-119.208862
8068.894958	-118.747353
8069.567871	-118.711357
8070.240784	-118.376343
8070.913696	-118.486145
8071.586609	-119.113441
8072.259521	-118.792969
8072.932434	-119.816360
8073.605347	-119.306656
8074.278259	-119.139275
8074.951172	-119.383842
8075.624084	-119.176880
8076.296997	-119.027267
8076.969910	-119.114967
8077.642822	-119.180710
8078.315735	-119.238380
8078.988647	-119.380341
8079.661560	-119.663521
8080.334473	-119.845818
8081.007385	-119.136230
8081.680298	-119.091805
8082.353210	-119.224564
8083.026123	-119.458847
8083.699036	-119.514145
8084.371948	-120.204765
8085.044861	-120.204056
8085.717773	-119.960068
8086.390686	-118.871078
8087.063599	-119.456543
8087.736511	-120.063309
8088.409424	-119.165100
8089.082336	-119.515877
8089.755249	-119.612335
8090.428162	-119.166252
8091.101074	-119.119392
8091.773987	-119.103508
8092.446899	-119.858551
8093.119812	-119.868774
8093.792725	-119.243431
8094.465637	-119.959221
8095.138550	-119.545677
8095.811462	-118.480522
8096.484375	-118.724983
8097.157288	-118.851433
8097.830200	-119.184906
8098.503113	-119.757996
8099.176025	-119.959679
8099.848938	-119.474686
8100.521851	-119.759384
8101.194763	-119.904190
8101.867676	-119.977654
8102.540588	-119.430901
8103.213501	-119.134903
8103.886414	-119.581932
8104.559326	-119.111656
8105.232239	-118.898254
8105.905151	-119.264290
8106.578064	-119.817818
8107.250977	-119.112114
8107.923889	-118.573067
8108.596802	-118.997581
8109.269714	-119.207840
8109.942627	-119.798073
8110.615540	-118.880432
8111.288452	-118.294296
8111.961365	-118.550262
8112.634277	-119.040909
8113.307190	-119.007431
8113.980103	-118.850037
8114.653015	-119.700897
8115.325928	-118.828705
8115.998840	-119.312347
8116.671753	-119.365280
8117.344666	-119.309525
8118.017578	-119.368088
8118.690491	-118.704842
8119.363403	-118.661583
8120.036316	-119.182823
8120.709229	-119.254791
8121.382141	-119.101410
8122.055054	-119.218224
8122.727966	-119.424942
8123.400879	-119.787231
8124.073792	-119.270012
8124.746704	-118.884216
8125.419617	-119.110367
8126.092529	-119.393867
8126.765442	-119.082672
8127.438354	-118.944321
8128.111267	-119.229774
8128.784180	-118.823242
8129.457092	-119.201630
8130.130005	-119.244514
8130.802917	-119.404068
8131.475830	-119.426735
8132.148743	-119.240410
8132.821655	-119.486687
8133.494568	-119.525780
8134.167480	-119.455322
8134.840393	-119.117744
8135.513306	-118.872681
8136.186218	-119.076492
8136.859131	-118.788345
8137.532043	-119.004303
8138.204956	-119.220497
8138.877869	-119.322227
8139.550781	-119.831528
8140.223694	-119.419006
8140.896606	-119.183899
8141.569519	-118.745369
8142.242432	-119.236687
8142.915344	-119.234390
8143.588257	-118.752213
8144.261169	-118.984352
8144.934082	-118.844872
8145.606995	-118.389191
8146.279907	-118.634834
8146.952820	-119.420097
8147.625732	-119.453163
8148.298645	-119.482338
8148.971558	-119.365791
8149.644470	-119.031822
8150.317383	-118.729790
8150.990295	-118.435387
8151.663208	-119.083633
8152.336121	-119.128593
8153.009033	-119.013054
8153.681946	-119.253281
8154.354858	-119.328781
8155.027771	-119.166977
8155.700684	-119.262924
8156.373596	-119.969643
8157.046509	-119.225449
8157.719421	-118.474533
8158.392334	-119.309753
8159.065247	-119.584915
8159.738159	-119.114220
8160.411072	-119.145363
8161.083984	-119.644623
8161.756897	-119.236519
8162.429810	-119.031616
8163.102722	-118.860741
8163.775635	-119.367180
8164.448547	-119.274368
8165.121460	-118.966927
8165.794373	-119.470703
8166.467285	-119.696114
8167.140198	-119.348068
8167.813110	-119.325958
8168.486023	-119.198669
8169.158936	-119.051529
8169.831848	-119.908508
8170.504761	-120.718918
8171.177673	-120.559166
8171.850586	-119.642006
8172.523499	-118.929024
8173.196411	-119.425705
8173.869324	-119.763702
8174.542236	-118.593315
8175.215149	-118.428543
8175.888062	-118.779045
8176.560974	-118.799706
8177.233887	-119.364021
8177.906799	-119.882507
8178.579712	-118.993851
8179.252625	-119.677277
8179.925537	-119.801399
8180.598450	-119.716248
8181.271362	-119.269112
8181.944275	-118.725739
8182.617188	-119.427368
8183.290100	-119.325706
8183.963013	-119.617775
8184.635925	-119.165596
8185.308838	-119.619339
8185.981750	-119.039970
8186.654663	-119.533653
8187.327576	-119.267700
8188.000488	-118.870102
8188.673401	-119.205803
8189.346313	-119.148735
8190.019226	-118.945160
8190.692139	-119.110573
8191.365051	-119.707153
8192.037964	-118.971123
8192.710876	-118.951401
8193.383789	-119.620575
8194.056702	-119.321472
8194.729614	-119.069717
8195.402527	-119.424355
8196.075439	-119.092674
8196.748352	-119.595665
8197.421265	-119.055893
8198.094177	-118.941254
8198.767090	-119.063255
8199.440002	-119.165466
8200.112915	-118.981972
8200.785828	-119.604202
8201.458740	-119.588181
8202.131653	-119.357849
8202.804565	-119.129837
8203.477478	-119.354729
8204.150391	-119.709160
8204.823303	-119.449966
8205.496216	-119.190536
8206.169128	-118.935646
8206.842041	-118.231842
8207.514954	-118.360550
8208.187866	-118.941498
8208.860779	-118.532448
8209.533691	-118.475670
8210.206604	-118.936333
8210.879517	-119.558090
8211.552429	-118.674278
8212.225342	-118.923088
8212.898254	-118.961853
8213.571167	-119.283119
8214.244080	-119.673035
8214.916992	-119.532982
8215.589905	-119.082977
8216.262817	-118.979591
8216.935730	-119.348923
8217.608643	-119.598259
8218.281555	-119.386116
8218.954468	-119.941139
8219.627380	-119.226540
8220.300293	-118.936928
8220.973206	-119.157936
8221.646118	-119.676811
8222.319031	-119.868340
8222.991943	-119.754051
8223.664856	-118.609077
8224.337769	-118.755745
8225.010681	-118.595985
8225.683594	-119.303810
8226.356506	-119.710098
8227.029419	-119.142647
8227.702332	-119.596909
8228.375244	-119.644135
8229.048157	-119.337257
8229.721069	-119.011665
8230.393982	-119.777145
8231.066895	-119.419777
8231.739807	-118.643089
8232.412720	-118.884140
8233.085632	-119.276268
8233.758545	-119.714828
8234.431458	-119.920082
8235.104370	-119.683640
8235.777283	-119.115868
8236.450195	-119.124809
8237.123108	-119.481438
8237.796021	-119.104317
8238.468933	-118.864922
8239.141846	-118.731506
8239.814758	-118.424622
8240.487671	-118.351212
8241.160583	-118.820328
8241.833496	-118.993790
8242.506409	-119.608971
8243.179321	-119.090050
8243.852234	-119.050163
8244.525146	-119.365967
8245.198059	-118.956818
8245.870972	-119.009148
8246.543884	-119.223122
8247.216797	-118.782440
8247.889709	-119.142853
8248.562622	-119.201744
8249.235535	-119.126381
8249.908447	-119.703079
8250.581360	-119.253677
8251.254272	-119.373550
8251.927185	-119.989586
8252.600098	-119.920235
8253.273010	-120.135735
8253.945923	-119.041969
8254.618835	-119.124825
8255.291748	-119.706253
8255.964661	-119.359955
8256.637573	-119.749336
8257.310486	-119.407227
8257.983398	-118.827248
8258.656311	-118.586792
8259.329224	-118.344223
8260.002136	-118.748077
8260.675049	-119.534546
8261.347961	-119.489098
8262.020874	-119.399986
8262.693787	-119.571968
8263.366699	-119.480240
8264.039612	-119.522209
8264.712524	-119.213821
8265.385437	-118.690468
8266.058350	-118.902451
8266.731262	-119.239662
8267.404175	-119.068092
8268.077087	-118.508179
8268.750000	-118.415573
8269.422913	-118.853867
8270.095825	-119.596169
8270.768738	-119.514938
8271.441650	-119.470985
8272.114563	-119.524513
8272.787476	-119.460701
8273.460388	-119.165161
8274.133301	-119.166298
8274.806213	-118.634979
8275.479126	-119.081802
8276.152039	-119.818413
8276.824951	-119.601814
8277.497864	-118.905357
8278.170776	-119.412682
8278.843689	-119.157982
8279.516602	-119.059311
8280.189514	-118.647728
8280.862427	-118.623711
8281.535339	-118.738914
8282.208252	-118.703766
8282.881165	-118.515511
8283.554077	-118.833138
8284.226990	-119.293488
8284.899902	-119.650467
8285.572815	-119.483307
8286.245728	-119.833466
8286.918640	-119.582397
8287.591553	-118.743973
8288.264465	-118.747169
8288.937378	-118.356567
8289.610291	-118.459335
8290.283203	-118.559456
8290.956116	-118.644318
8291.629028	-118.983940
8292.301941	-119.057983
8292.974854	-119.991234
8293.647766	-119.177559
8294.320679	-118.891678
8294.993591	-118.601601
8295.666504	-118.766022
8296.339417	-119.514671
8297.012329	-119.291946
8297.685242	-119.501793
8298.358154	-119.807625
8299.031067	-119.729614
8299.703979	-119.786606
8300.376892	-119.116768
8301.049805	-118.685349
8301.722717	-119.402016
8302.395630	-119.220490
8303.068542	-119.036186
8303.741455	-119.440201
8304.414368	-119.619499
8305.087280	-119.947609
8305.760193	-119.375648
8306.433105	-118.915154
8307.106018	-119.044044
8307.778931	-119.350433
8308.451843	-119.160950
8309.124756	-119.160912
8309.797668	-118.930168
8310.470581	-118.867470
8311.143494	-119.185143
8311.816406	-119.201271
8312.489319	-118.869377
8313.162231	-119.080452
8313.835144	-119.100372
8314.508057	-118.784843
8315.180969	-119.189865
8315.853882	-119.253670
8316.526794	-119.751770
8317.199707	-119.763885
8317.872620	-119.144127
8318.545532	-119.004913
8319.218445	-119.489761
8319.891357	-119.690460
8320.564270	-119.574707
8321.237183	-118.886688
8321.910095	-118.502609
8322.583008	-119.032188
8323.255920	-119.200645
8323.928833	-119.157776
8324.601746	-119.019585
8325.274658	-119.553947
8325.947571	-119.363144
8326.620483	-119.946022
8327.293396	-119.573074
8327.966309	-118.995316
8328.639221	-119.602425
8329.312134	-119.644745
8329.985046	-119.130180
8330.657959	-118.428093
8331.330872	-118.372368
8332.003784	-118.957970
8332.676697	-118.952065
8333.349609	-119.468948
8334.022522	-119.952690
8334.695435	-119.120842
8335.368347	-119.368164
8336.041260	-119.584084
8336.714172	-119.455505
8337.387085	-118.806595
8338.059998	-119.234955
8338.732910	-119.339485
8339.405823	-119.216980
8340.078735	-119.757637
8340.751648	-119.501114
8341.424561	-119.356209
8342.097473	-119.123039
8342.770386	-119.457901
8343.443298	-119.390335
8344.116211	-119.232323
8344.789124	-119.020081
8345.462036	-118.381271
8346.134949	-118.716110
8346.807861	-119.130325
8347.480774	-118.977219
8348.153687	-118.630219
8348.826599	-119.116837
8349.499512	-119.465866
8350.172424	-119.023247
8350.845337	-119.402191
8351.518250	-119.159309
8352.191162	-119.071495
8352.864075	-118.919815
8353.536987	-119.328560
8354.209900	-119.098946
8354.882812	-119.201210
8355.555725	-118.721863
8356.228638	-118.364258
8356.901550	-118.989761
8357.574463	-119.043465
8358.247375	-118.502167
8358.920288	-119.466042
8359.593201	-119.741989
8360.266113	-119.664566
8360.939026	-119.183640
8361.611938	-119.144669
8362.284851	-119.181915
8362.957764	-119.038696
8363.630676	-118.866127
8364.303589	-119.221077
8364.976501	-119.385483
8365.649414	-119.054749
8366.322327	-119.371178
8366.995239	-119.382248
8367.668152	-118.754044
8368.341064	-118.832565
8369.013977	-119.138657
8369.686890	-118.803291
8370.359802	-118.183891
8371.032715	-118.563431
8371.705627	-119.474258
8372.378540	-119.467339
8373.051453	-119.380585
8373.724365	-119.557320
8374.397278	-118.756516
8375.070190	-119.118492
8375.743103	-119.171783
8376.416016	-118.823242
8377.088928	-119.754623
8377.761841	-119.683563
8378.434753	-119.501411
8379.107666	-119.520020
8379.780579	-119.382599
8380.453491	-119.124084
8381.126404	-119.546181
8381.799316	-119.443153
8382.472229	-119.406197
8383.145142	-119.363304
8383.818054	-119.741928
8384.490967	-119.854912
8385.163879	-119.182144
8385.836792	-118.737267
8386.509705	-119.295784
8387.182617	-118.830536
8387.855530	-119.276382
8388.528442	-120.046883
8389.201355	-119.455429
8389.874268	-119.277283
8390.547180	-119.393021
8391.220093	-119.011604
8391.893005	-118.594574
8392.565918	-118.303429
8393.238831	-118.813217
8393.911743	-119.044792
8394.584656	-118.432999
8395.257568	-118.681717
8395.930481	-119.154320
8396.603394	-118.970009
8397.276306	-119.814438
8397.949219	-119.782265
8398.622131	-118.858345
8399.295044	-118.787621
8399.967957	-119.422729
8400.640869	-118.834099
8401.313782	-118.803230
8401.986694	-119.233131
8402.659607	-119.624847
8403.332520	-119.227394
8404.005432	-119.122482
8404.678345	-118.546890
8405.351257	-118.776833
8406.024170	-119.468239
8406.697083	-119.596649
8407.369995	-119.075630
8408.042908	-119.476974
8408.715820	-119.521500
8409.388733	-119.384872
8410.061646	-119.258080
8410.734558	-118.897995
8411.407471	-118.978188
8412.080383	-119.366615
8412.753296	-119.200684
8413.426208	-119.435226
8414.099121	-119.709724
8414.772034	-119.503265
8415.444946	-119.473595
8416.117859	-119.492088
8416.790771	-119.375259
8417.463684	-119.299820
8418.136597	-119.462227
8418.809509	-119.901215
8419.482422	-119.778458
8420.155334	-119.234901
8420.828247	-119.453880
8421.501160	-119.071907
8422.174072	-118.922348
8422.846985	-119.813110
8423.519897	-119.735664
8424.192810	-119.453964
8424.865723	-119.094429
8425.538635	-119.472305
8426.211548	-119.498642
8426.884460	-119.296646
8427.557373	-118.991295
8428.230286	-118.947701
8428.903198	-119.366776
8429.576111	-119.082817
8430.249023	-119.454201
8430.921936	-119.704292
8431.594849	-119.037819
8432.267761	-118.909691
8432.940674	-118.896362
8433.613586	-119.421227
8434.286499	-119.357689
8434.959412	-119.196487
8435.632324	-119.045395
8436.305237	-118.852432
8436.978149	-118.300125
8437.651062	-118.276871
8438.323975	-118.970451
8438.996887	-118.957794
8439.669800	-119.222771
8440.342712	-119.195381
8441.015625	-119.499947
8441.688538	-119.442848
8442.361450	-119.555252
8443.034363	-118.880081
8443.707275	-118.759529
8444.380188	-118.519409
8445.053101	-118.577599
8445.726013	-119.166542
8446.398926	-119.508286
8447.071838	-119.228119
8447.744751	-118.263977
8448.417664	-118.745453
8449.090576	-119.176643
8449.763489	-119.392891
8450.436401	-119.487251
8451.109314	-118.937981
8451.782227	-119.189445
8452.455139	-118.890594
8453.128052	-118.743896
8453.800964	-119.786758
8454.473877	-119.597137
8455.146790	-119.361908
8455.819702	-119.174644
8456.492615	-118.589691
8457.165527	-118.875305
8457.838440	-119.596474
8458.511353	-119.149429
8459.184265	-119.302773
8459.857178	-119.038300
8460.530090	-118.768272
8461.203003	-118.667625
8461.875916	-119.406891
8462.548828	-119.109505
8463.221741	-118.467369
8463.894653	-118.891464
8464.567566	-119.559975
8465.240479	-119.293877
8465.913391	-119.398666
8466.586304	-119.359680
8467.259216	-118.861542
8467.932129	-118.803825
8468.605042	-118.802979
8469.277954	-118.817154
8469.950867	-119.067871
8470.623779	-118.919273
8471.296692	-119.452515
8471.969604	-119.165588
8472.642517	-119.845474
8473.315430	-119.211395
8473.988342	-119.273468
8474.661255	-119.035095
8475.334167	-118.700272
8476.007080	-119.123985
8476.679993	-119.014114
8477.352905	-119.089172
8478.025818	-118.837547
8478.698730	-118.708885
8479.371643	-118.433594
8480.044556	-118.289757
8480.717468	-118.281616
8481.390381	-118.612175
8482.063293	-118.919563
8482.736206	-119.506332
8483.409119	-120.114838
8484.082031	-119.145012
8484.754944	-118.981934
8485.427856	-119.604248
8486.100769	-119.568138
8486.773682	-118.959831
8487.446594	-118.210312
8488.119507	-118.974831
8488.792419	-120.035988
8489.465332	-118.586929
8490.138245	-118.783562
8490.811157	-119.295296
8491.484070	-120.072411
8492.156982	-119.393829
8492.829895	-118.981194
8493.502808	-119.177704
8494.175720	-119.532722
8494.848633	-119.541801
8495.521545	-118.741615
8496.194458	-118.827591
8496.867371	-119.420128
8497.540283	-119.078789
8498.213196	-119.384438
8498.886108	-120.195175
8499.559021	-120.035103
8500.231934	-119.908638
8500.904846	-119.752365
8501.577759	-118.911018
8502.250671	-119.357910
8502.923584	-118.833260
8503.596497	-118.643929
8504.269409	-118.814201
8504.942322	-118.959328
8505.615234	-118.622078
8506.288147	-118.867271
8506.961060	-118.809578
8507.633972	-119.424255
8508.306885	-118.861916
8508.979797	-118.825500
8509.652710	-118.683281
8510.325623	-119.560509
8510.998535	-119.062439
8511.671448	-118.468391
8512.344360	-118.866699
8513.017273	-120.010010
8513.690186	-119.255310
8514.363098	-118.942459
8515.036011	-119.267281
8515.708923	-118.432724
8516.381836	-118.204964
8517.054749	-119.207359
8517.727661	-119.152184
8518.400574	-118.692268
8519.073486	-118.556023
8519.746399	-118.884834
8520.419312	-119.267990
8521.092224	-118.680382
8521.765137	-118.782654
8522.438049	-118.999298
8523.110962	-118.716911
8523.783875	-118.494720
8524.456787	-118.403282
8525.129700	-119.187912
8525.802612	-119.106941
8526.475525	-119.421127
8527.148438	-119.462860
8527.821350	-119.486389
8528.494263	-118.982941
8529.167175	-118.629372
8529.840088	-118.486038
8530.513000	-118.754318
8531.185913	-118.594864
8531.858826	-119.013817
8532.531738	-119.183372
8533.204651	-119.294998
8533.877563	-118.711632
8534.550476	-118.523613
8535.223389	-118.758522
8535.896301	-119.099030
8536.569214	-119.215714
8537.242126	-119.014603
8537.915039	-118.982033
8538.587952	-119.344994
8539.260864	-119.237877
8539.933777	-119.351379
8540.606689	-119.189835
8541.279602	-119.144051
8541.952515	-118.601372
8542.625427	-118.323540
8543.298340	-119.065346
8543.971252	-118.983719
8544.644165	-118.472145
8545.317078	-118.414925
8545.989990	-118.636497
8546.662903	-118.555977
8547.335815	-118.607224
8548.008728	-118.746315
8548.681641	-118.647560
8549.354553	-119.341660
8550.027466	-118.913406
8550.700378	-119.386879
8551.373291	-118.939499
8552.046204	-119.035606
8552.719116	-118.785744
8553.392029	-119.023567
8554.064941	-118.862030
8554.737854	-118.719933
8555.410767	-119.211388
8556.083679	-119.011612
8556.756592	-118.933525
8557.429504	-118.669815
8558.102417	-118.790314
8558.775330	-118.320763
8559.448242	-118.521301
8560.121155	-118.944954
8560.794067	-119.298767
8561.466980	-119.202789
8562.139893	-118.922997
8562.812805	-118.666893
8563.485718	-118.509743
8564.158630	-119.058022
8564.831543	-118.797783
8565.504456	-118.421303
8566.177368	-118.432892
8566.850281	-119.168312
8567.523193	-118.503136
8568.196106	-118.863327
8568.869019	-118.710793
8569.541931	-119.503777
8570.214844	-119.308319
8570.887756	-118.454582
8571.560669	-118.568260
8572.233582	-118.748482
8572.906494	-118.595398
8573.579407	-119.002213
8574.252319	-119.250755
8574.925232	-119.286850
8575.598145	-118.977272
8576.271057	-118.972710
8576.943970	-118.494942
8577.616882	-119.104500
8578.289795	-119.334053
8578.962708	-118.912483
8579.635620	-118.795975
8580.308533	-119.111328
8580.981445	-119.018333
8581.654358	-118.299774
8582.327271	-118.490135
8583.000183	-118.857941
8583.673096	-118.894646
8584.346008	-118.616272
8585.018921	-118.484261
8585.691833	-118.085793
8586.364746	-118.660736
8587.037659	-118.961311
8587.710571	-118.659233
8588.383484	-119.002907
8589.056396	-118.928070
8589.729309	-118.928047
8590.402222	-119.212395
8591.075134	-119.646675
8591.748047	-118.534485
8592.420959	-118.392509
8593.093872	-118.943565
8593.766785	-119.677147
8594.439697	-119.372963
8595.112610	-119.366524
8595.785522	-118.883629
8596.458435	-118.796288
8597.131348	-118.630455
8597.804260	-118.844238
8598.477173	-118.628807
8599.150085	-118.176605
8599.822998	-118.298698
8600.495911	-119.141045
8601.168823	-119.604370
8601.841736	-119.970932
8602.514648	-119.959236
8603.187561	-118.833862
8603.860474	-118.401146
8604.533386	-118.789658
8605.206299	-118.842346
8605.879211	-118.983521
8606.552124	-119.581261
8607.225037	-119.691582
8607.897949	-118.871849
8608.570862	-118.023476
8609.243774	-118.538727
8609.916687	-118.746719
8610.589600	-119.359261
8611.262512	-119.271339
8611.935425	-118.926025
8612.608337	-118.527107
8613.281250	-118.657135
8613.954163	-119.623100
8614.627075	-119.938515
8615.299988	-119.440109
8615.972900	-119.324059
8616.645813	-119.808136
8617.318726	-119.593376
8617.991638	-118.552345
8618.664551	-118.637207
8619.337463	-119.914543
8620.010376	-119.490585
8620.683289	-119.046547
8621.356201	-118.404221
8622.029114	-118.585098
8622.702026	-119.356201
8623.374939	-118.955147
8624.047852	-119.300476
8624.720764	-119.652939
8625.393677	-119.273132
8626.066589	-119.591286
8626.739502	-118.658577
8627.412415	-118.412117
8628.085327	-119.381279
8628.758240	-119.192284
8629.431152	-119.264236
8630.104065	-119.757202
8630.776978	-118.894958
8631.449890	-119.217438
8632.122803	-118.713829
8632.795715	-118.747894
8633.468628	-118.913300
8634.141541	-118.804634
8634.814453	-118.472481
8635.487366	-118.707886
8636.160278	-118.617020
8636.833191	-118.506668
8637.506104	-118.724281
8638.179016	-119.062721
8638.851929	-118.914589
8639.524841	-118.851227
8640.197754	-118.917572
8640.870667	-118.809715
8641.543579	-118.709846
8642.216492	-118.948944
8642.889404	-119.175827
8643.562317	-119.311432
8644.235229	-119.481972
8644.908142	-119.109413
8645.581055	-119.217224
8646.253967	-118.866890
8646.926880	-118.177628
8647.599792	-118.781898
8648.272705	-118.752647
8648.945618	-118.344002
8649.618530	-119.292427
8650.291443	-119.715935
8650.964355	-119.675240
8651.637268	-119.304420
8652.310181	-119.230675
8652.983093	-118.506248
8653.656006	-118.421623
8654.328918	-118.516029
8655.001831	-118.681313
8655.674744	-118.271523
8656.347656	-118.293335
8657.020569	-118.829979
8657.693481	-118.674767
8658.366394	-118.771179
8659.039307	-119.002388
8659.712219	-119.330704
8660.385132	-119.411804
8661.058044	-119.088905
8661.730957	-118.863464
8662.403870	-118.693527
8663.076782	-118.717354
8663.749695	-118.831680
8664.422607	-118.605904
8665.095520	-118.716522
8665.768433	-118.843117
8666.441345	-118.818436
8667.114258	-118.862099
8667.787170	-119.178604
8668.460083	-119.376740
8669.132996	-119.450371
8669.805908	-119.772446
8670.478821	-119.571579
8671.151733	-119.185890
8671.824646	-118.790405
8672.497559	-118.743042
8673.170471	-119.084007
8673.843384	-118.354431
8674.516296	-118.996613
8675.189209	-118.763420
8675.862122	-119.177887
8676.535034	-119.245605
8677.207947	-118.902313
8677.880859	-118.403191
8678.553772	-118.578018
8679.226685	-118.990707
8679.899597	-118.916344
8680.572510	-118.400063
8681.245422	-118.642830
8681.918335	-119.346466
8682.591248	-119.555527
8683.264160	-119.246941
8683.937073	-119.006851
8684.609985	-118.842766
8685.282898	-119.203125
8685.955811	-119.020065
8686.628723	-119.291542
8687.301636	-119.278046
8687.974548	-119.289116
8688.647461	-119.479988
8689.320374	-119.179031
8689.993286	-119.046059
8690.666199	-119.187386
8691.339111	-119.601707
8692.012024	-119.695862
8692.684937	-118.606781
8693.357849	-119.354713
8694.030762	-119.264679
8694.703674	-118.561165
8695.376587	-119.494316
8696.049500	-119.528831
8696.722412	-119.097832
8697.395325	-119.008545
8698.068237	-118.842468
8698.741150	-118.539268
8699.414062	-118.493561
8700.086975	-119.178246
8700.759888	-119.154694
8701.432800	-118.711327
8702.105713	-118.690498
8702.778625	-119.358299
8703.451538	-119.230873
8704.124451	-118.989357
8704.797363	-119.196991
8705.470276	-119.358055
8706.143188	-119.331795
8706.816101	-119.280998
8707.489014	-119.052689
8708.161926	-118.922836
8708.834839	-119.371384
8709.507751	-119.633781
8710.180664	-119.154205
8710.853577	-119.262383
8711.526489	-118.311768
8712.199402	-118.150139
8712.872314	-118.683655
8713.545227	-118.636787
8714.218140	-118.338936
8714.891052	-118.656570
8715.563965	-118.302109
8716.236877	-118.621948
8716.909790	-118.487228
8717.582703	-118.837364
8718.255615	-118.821762
8718.928528	-118.801506
8719.601440	-119.351860
8720.274353	-119.004341
8720.947266	-118.129120
8721.620178	-118.417862
8722.293091	-118.392868
8722.966003	-118.698112
8723.638916	-119.718239
8724.311829	-119.186188
8724.984741	-118.753120
8725.657654	-118.795082
8726.330566	-118.494316
8727.003479	-118.697395
8727.676392	-119.505257
8728.349304	-119.419334
8729.022217	-119.293259
8729.695129	-119.550064
8730.368042	-119.958672
8731.040955	-119.113930
8731.713867	-118.471786
8732.386780	-118.724831
8733.059692	-118.972572
8733.732605	-118.608185
8734.405518	-118.772301
8735.078430	-118.889275
8735.751343	-118.629158
8736.424255	-119.087860
8737.097168	-119.253166
8737.770081	-118.982346
8738.442993	-119.545074
8739.115906	-119.215729
8739.788818	-119.366257
8740.461731	-119.216423
8741.134644	-118.675659
8741.807556	-118.134865
8742.480469	-118.532242
8743.153381	-118.512703
8743.826294	-118.853401
8744.499207	-118.659523
8745.172119	-118.751984
8745.845032	-119.083794
8746.517944	-119.014404
8747.190857	-118.782005
8747.863770	-118.434685
8748.536682	-118.714622
8749.209595	-118.755898
8749.882507	-119.112656
8750.555420	-118.352737
8751.228333	-118.395157
8751.901245	-119.300285
8752.574158	-119.061897
8753.247070	-118.877213
8753.919983	-118.672699
8754.592896	-117.804604
8755.265808	-118.274467
8755.938721	-119.010345
8756.611633	-118.581482
8757.284546	-118.598946
8757.957458	-118.965286
8758.630371	-119.208115
8759.303284	-119.457413
8759.976196	-118.566879
8760.649109	-118.060005
8761.322021	-118.498436
8761.994934	-118.957993
8762.667847	-118.546745
8763.340759	-118.890457
8764.013672	-118.412140
8764.686584	-118.436882
8765.359497	-118.865555
8766.032410	-119.170204
8766.705322	-118.831680
8767.378235	-119.260201
8768.051147	-119.272202
8768.724060	-119.384056
8769.396973	-119.574722
8770.069885	-118.692940
8770.742798	-119.168625
8771.415710	-119.172569
8772.088623	-118.830971
8772.761536	-118.328926
8773.434448	-118.489189
8774.107361	-118.716629
8774.780273	-118.765068
8775.453186	-118.467758
8776.126099	-118.815163
8776.799011	-118.868019
8777.471924	-118.731445
8778.144836	-119.312119
8778.817749	-119.483810
8779.490662	-118.900093
8780.163574	-118.611282
8780.836487	-118.876167
8781.509399	-119.442558
8782.182312	-118.948318
8782.855225	-119.222427
8783.528137	-119.138283
8784.201050	-118.962654
8784.873962	-118.604721
8785.546875	-118.844757
8786.219788	-119.251404
8786.892700	-118.902885
8787.565613	-118.469704
8788.238525	-118.375954
8788.911438	-119.165359
8789.584351	-119.000404
8790.257263	-118.964142
8790.930176	-118.696968
8791.603088	-118.520432
8792.276001	-118.539703
8792.948914	-119.243874
8793.621826	-118.749504
8794.294739	-118.990868
8794.967651	-118.711456
8795.640564	-118.807137
8796.313477	-119.217163
8796.986389	-119.160233
8797.659302	-118.656738
8798.332214	-119.016006
8799.005127	-119.347610
8799.678040	-119.034531
8800.350952	-118.834129
8801.023865	-119.258659
8801.696777	-118.343193
8802.369690	-117.725128
8803.042603	-118.429932
8803.715515	-118.744598
8804.388428	-118.372475
8805.061340	-118.638092
8805.734253	-118.576302
8806.407166	-118.418312
8807.080078	-118.242905
8807.752991	-118.193497
8808.425903	-118.475800
8809.098816	-119.016365
8809.771729	-118.834236
8810.444641	-118.824104
8811.117554	-119.065529
8811.790466	-118.776070
8812.463379	-118.828552
8813.136292	-119.609291
8813.809204	-119.407906
8814.482117	-118.950218
8815.155029	-118.960350
8815.827942	-118.694244
8816.500854	-118.388573
8817.173767	-118.694344
8817.846680	-118.258904
8818.519592	-118.104744
8819.192505	-118.898132
8819.865417	-119.108704
8820.538330	-118.542976
8821.211243	-118.605515
8821.884155	-118.699638
8822.557068	-118.547760
8823.229980	-118.341705
8823.902893	-118.426109
8824.575806	-118.326065
8825.248718	-117.883896
8825.921631	-118.414879
8826.594543	-118.713226
8827.267456	-118.712402
8827.940369	-118.821335
8828.613281	-119.053856
8829.286194	-119.629913
8829.959106	-119.494072
8830.632019	-119.419319
8831.304932	-119.054497
8831.977844	-118.531334
8832.650757	-118.857964
8833.323669	-118.690659
8833.996582	-118.872444
8834.669495	-119.104034
8835.342407	-118.498688
8836.015320	-118.142860
8836.688232	-118.502625
8837.361145	-119.118332
8838.034058	-119.001595
8838.706970	-118.827812
8839.379883	-118.726112
8840.052795	-118.419678
8840.725708	-119.231499
8841.398621	-118.911034
8842.071533	-118.250786
8842.744446	-119.141434
8843.417358	-118.896637
8844.090271	-118.793465
8844.763184	-118.627319
8845.436096	-118.669289
8846.109009	-119.045082
8846.781921	-119.075325
8847.454834	-118.491524
8848.127747	-118.569519
8848.800659	-119.008080
8849.473572	-119.010178
8850.146484	-118.587730
8850.819397	-118.066124
8851.492310	-118.740753
8852.165222	-118.355026
8852.838135	-118.795120
8853.511047	-118.969696
8854.183960	-119.137459
8854.856873	-118.817810
8855.529785	-118.154991
8856.202698	-118.335091
8856.875610	-119.032051
8857.548523	-118.660049
8858.221436	-119.018471
8858.894348	-119.620667
8859.567261	-119.004845
8860.240173	-118.914925
8860.913086	-119.733582
8861.585999	-119.106651
8862.258911	-118.736214
8862.931824	-119.028847
8863.604736	-118.779701
8864.277649	-118.322693
8864.950562	-118.460556
8865.623474	-118.572289
8866.296387	-118.803154
8866.969299	-118.721191
8867.642212	-118.533081
8868.315125	-118.924217
8868.988037	-118.366280
8869.660950	-118.390350
8870.333862	-119.121338
8871.006775	-119.308907
8871.679688	-119.223801
8872.352600	-118.836975
8873.025513	-118.385139
8873.698425	-118.081596
8874.371338	-118.295609
8875.044250	-118.338432
8875.717163	-118.638847
8876.390076	-118.576080
8877.062988	-118.516121
8877.735901	-118.588158
8878.408813	-118.738113
8879.081726	-118.635727
8879.754639	-118.676643
8880.427551	-118.692566
8881.100464	-118.711739
8881.773376	-118.335472
8882.446289	-117.762543
8883.119202	-118.096443
8883.792114	-118.751778
8884.465027	-118.680298
8885.137939	-118.689812
8885.810852	-118.430908
8886.483765	-119.137306
8887.156677	-118.887527
8887.829590	-118.912285
8888.502502	-118.518509
8889.175415	-118.683929
8889.848328	-119.220169
8890.521240	-118.742622
8891.194153	-118.313286
8891.867065	-118.925209
8892.539978	-119.034813
8893.212891	-118.594208
8893.885803	-118.221756
8894.558716	-118.799599
8895.231628	-118.972198
8895.904541	-118.837288
8896.577454	-119.638893
8897.250366	-119.708443
8897.923279	-118.836815
8898.596191	-118.789391
8899.269104	-118.706642
8899.942017	-118.856949
8900.614929	-118.464233
8901.287842	-118.248764
8901.960754	-118.473885
8902.633667	-118.523125
8903.306580	-118.717216
8903.979492	-118.781357
8904.652405	-118.990768
8905.325317	-119.357025
8905.998230	-119.088554
8906.671143	-118.935638
8907.344055	-119.456757
8908.016968	-119.800179
8908.689880	-119.412254
8909.362793	-119.065186
8910.035706	-118.895042
8910.708618	-118.165413
8911.381531	-118.237442
8912.054443	-118.263870
8912.727356	-118.638832
8913.400269	-119.398804
8914.073181	-119.384468
8914.746094	-118.763901
8915.419006	-118.185730
8916.091919	-118.367477
8916.764832	-118.409706
8917.437744	-118.453606
8918.110657	-118.235931
8918.783569	-118.642937
8919.456482	-118.835693
8920.129395	-118.370766
8920.802307	-118.438728
8921.475220	-119.132256
8922.148132	-118.875420
8922.821045	-118.121445
8923.493958	-117.722565
8924.166870	-118.009720
8924.839783	-118.356979
8925.512695	-118.520844
8926.185608	-118.568230
8926.858521	-118.882767
8927.531433	-118.848106
8928.204346	-118.399147
8928.877258	-118.446564
8929.550171	-118.262482
8930.223083	-118.154327
8930.895996	-117.992050
8931.568909	-118.429306
8932.241821	-118.318520
8932.914734	-118.504311
8933.587646	-118.968277
8934.260559	-119.348244
8934.933472	-119.038315
8935.606384	-119.530426
8936.279297	-119.626595
8936.952209	-118.835022
8937.625122	-119.038902
8938.298035	-119.169785
8938.970947	-118.933052
8939.643860	-118.131935
8940.316772	-118.212830
8940.989685	-118.902367
8941.662598	-119.420746
8942.335510	-118.835434
8943.008423	-118.700043
8943.681335	-119.022888
8944.354248	-119.644447
8945.027161	-119.782806
8945.700073	-118.901863
8946.372986	-118.992783
8947.045898	-118.742722
8947.718811	-118.203796
8948.391724	-118.627785
8949.064636	-118.818375
8949.737549	-118.740700
8950.410461	-118.454536
8951.083374	-118.248848
8951.756287	-118.526817
8952.429199	-119.019440
8953.102112	-119.095558
8953.775024	-119.723518
8954.447937	-119.128830
8955.120850	-118.234673
8955.793762	-118.594231
8956.466675	-118.657974
8957.139587	-118.207817
8957.812500	-118.150856
8958.485413	-118.549194
8959.158325	-118.757515
8959.831238	-119.002396
8960.504150	-118.752899
8961.177063	-119.337746
8961.849976	-118.564056
8962.522888	-118.292946
8963.195801	-118.510750
8963.868713	-118.632065
8964.541626	-118.207527
8965.214539	-118.991013
8965.887451	-119.187569
8966.560364	-118.817314
8967.233276	-119.054932
8967.906189	-119.185577
8968.579102	-118.669884
8969.252014	-117.877533
8969.924927	-118.208687
8970.597839	-118.991272
8971.270752	-119.160896
8971.943665	-118.594849
8972.616577	-118.546753
8973.289490	-118.299553
8973.962402	-119.058144
8974.635315	-118.678703
8975.308228	-118.555824
8975.981140	-118.552422
8976.654053	-118.569168
8977.326965	-118.899826
8977.999878	-119.042053
8978.672791	-118.832489
8979.345703	-118.532318
8980.018616	-118.722466
8980.691528	-118.785294
8981.364441	-118.977394
8982.037354	-118.865677
8982.710266	-118.800499
8983.383179	-118.812820
8984.056091	-119.138687
8984.729004	-118.871353
8985.401917	-118.693871
8986.074829	-118.582741
8986.747742	-118.287277
8987.420654	-118.583961
8988.093567	-119.199516
8988.766479	-118.698402
8989.439392	-118.743721
8990.112305	-118.351913
8990.785217	-118.541908
8991.458130	-118.712364
8992.131042	-118.114204
8992.803955	-118.265678
8993.476868	-118.468605
8994.149780	-119.303886
8994.822693	-118.736488
8995.495605	-118.671837
8996.168518	-118.094444
8996.841431	-119.246147
8997.514343	-118.980354
8998.187256	-119.171692
8998.860168	-118.753479
8999.533081	-118.542946
9000.205994	-119.100151
9000.878906	-119.164658
9001.551819	-118.762482
9002.224731	-118.572502
9002.897644	-119.185768
9003.570557	-119.124023
9004.243469	-119.122246
9004.916382	-118.934845
9005.589294	-119.237610
9006.262207	-119.348656
9006.935120	-119.192886
9007.608032	-118.910675
9008.280945	-118.914352
9008.953857	-118.972603
9009.626770	-118.766045
9010.299683	-118.880463
9010.972595	-119.032127
9011.645508	-119.217644
9012.318420	-119.133385
9012.991333	-118.268188
9013.664246	-118.231682
9014.337158	-118.577782
9015.010071	-118.931061
9015.682983	-119.067635
9016.355896	-118.748383
9017.028809	-118.931221
9017.701721	-118.489899
9018.374634	-118.551659
9019.047546	-119.225914
9019.720459	-119.268272
9020.393372	-118.343575
9021.066284	-117.736076
9021.739197	-118.142273
9022.412109	-118.829163
9023.085022	-118.781181
9023.757935	-118.648605
9024.430847	-119.135971
9025.103760	-118.866440
9025.776672	-118.249321
9026.449585	-118.289696
9027.122498	-118.818466
9027.795410	-118.608307
9028.468323	-118.971939
9029.141235	-119.018066
9029.814148	-118.954628
9030.487061	-119.097603
9031.159973	-118.594727
9031.832886	-118.278961
9032.505798	-118.553856
9033.178711	-118.303642
9033.851624	-119.171120
9034.524536	-119.700645
9035.197449	-119.252037
9035.870361	-119.309807
9036.543274	-119.611351
9037.216187	-119.348000
9037.889099	-119.032669
9038.562012	-118.949791
9039.234924	-118.935402
9039.907837	-119.071129
9040.580750	-119.417099
9041.253662	-119.096344
9041.926575	-118.034592
9042.599487	-117.890388
9043.272400	-118.300827
9043.945312	-118.783165
9044.618225	-118.464363
9045.291138	-118.075584
9045.964050	-118.926208
9046.636963	-118.722275
9047.309875	-118.127106
9047.982788	-118.417236
9048.655701	-119.141304
9049.328613	-118.758713
9050.001526	-119.095886
9050.674438	-119.417953
9051.347351	-118.735016
9052.020264	-118.788506
9052.693176	-119.025978
9053.366089	-119.832352
9054.039001	-119.604973
9054.711914	-118.697708
9055.384827	-119.060562
9056.057739	-118.784882
9056.730652	-119.422478
9057.403564	-118.763519
9058.076477	-118.244087
9058.749390	-118.357407
9059.422302	-118.300903
9060.095215	-118.468422
9060.768127	-118.163979
9061.441040	-118.282219
9062.113953	-118.281387
9062.786865	-117.944672
9063.459778	-118.423752
9064.132690	-118.445221
9064.805603	-118.917152
9065.478516	-119.513779
9066.151428	-119.103653
9066.824341	-118.928543
9067.497253	-118.669739
9068.170166	-118.438080
9068.843079	-118.444145
9069.515991	-118.690102
9070.188904	-119.189873
9070.861816	-118.657539
9071.534729	-118.390511
9072.207642	-118.172882
9072.880554	-118.676849
9073.553467	-118.824333
9074.226379	-118.530235
9074.899292	-118.034248
9075.572205	-118.361832
9076.245117	-119.319511
9076.918030	-119.173355
9077.590942	-118.673164
9078.263855	-118.916260
9078.936768	-119.457329
9079.609680	-118.343407
9080.282593	-118.075150
9080.955505	-118.260162
9081.628418	-119.134682
9082.301331	-118.787651
9082.974243	-118.476181
9083.647156	-118.153114
9084.320068	-118.838669
9084.992981	-119.086449
9085.665894	-118.705025
9086.338806	-119.025566
9087.011719	-118.926796
9087.684631	-118.723587
9088.357544	-118.636795
9089.030457	-118.491142
9089.703369	-118.289070
9090.376282	-118.494186
9091.049194	-118.708138
9091.722107	-118.990616
9092.395020	-119.047211
9093.067932	-118.276321
9093.740845	-118.105499
9094.413757	-118.832642
9095.086670	-118.321312
9095.759583	-118.369331
9096.432495	-118.314667
9097.105408	-118.306366
9097.778320	-118.664574
9098.451233	-118.375336
9099.124146	-118.551422
9099.797058	-118.329597
9100.469971	-118.390625
9101.142883	-118.587814
9101.815796	-118.203880
9102.488708	-118.093765
9103.161621	-118.367844
9103.834534	-118.787857
9104.507446	-118.523483
9105.180359	-118.191742
9105.853271	-118.067467
9106.526184	-118.680405
9107.199097	-119.067978
9107.872009	-119.491867
9108.544922	-119.201630
9109.217834	-118.589279
9109.890747	-118.098297
9110.563660	-117.983086
9111.236572	-118.555237
9111.909485	-118.623283
9112.582397	-118.773033
9113.255310	-118.343933
9113.928223	-118.300964
9114.601135	-118.590683
9115.274048	-118.913429
9115.946960	-118.797142
9116.619873	-118.560738
9117.292786	-118.109680
9117.965698	-118.593010
9118.638611	-118.868591
9119.311523	-118.813049
9119.984436	-118.700623
9120.657349	-118.859924
9121.330261	-118.689880
9122.003174	-118.197670
9122.676086	-118.152657
9123.348999	-117.940407
9124.021912	-117.881889
9124.694824	-118.177650
9125.367737	-118.929497
9126.040649	-118.944374
9126.713562	-118.879280
9127.386475	-118.397636
9128.059387	-117.967346
9128.732300	-118.711853
9129.405212	-118.665085
9130.078125	-119.113579
9130.751038	-119.253746
9131.423950	-118.719688
9132.096863	-118.918587
9132.769775	-119.830399
9133.442688	-119.494720
9134.115601	-118.787956
9134.788513	-118.000900
9135.461426	-118.042480
9136.134338	-119.439552
9136.807251	-119.604477
9137.480164	-118.594803
9138.153076	-118.212120
9138.825989	-118.570580
9139.498901	-118.919640
9140.171814	-118.832726
9140.844727	-118.346466
9141.517639	-118.591202
9142.190552	-118.354073
9142.863464	-118.168839
9143.536377	-117.654236
9144.209290	-118.139343
9144.882202	-118.842087
9145.555115	-118.764877
9146.228027	-118.363342
9146.900940	-118.850647
9147.573853	-118.488533
9148.246765	-118.557030
9148.919678	-118.449280
9149.592590	-118.479012
9150.265503	-118.911316
9150.938416	-119.110207
9151.611328	-118.945374
9152.284241	-118.690994
9152.957153	-118.666000
9153.630066	-119.096024
9154.302979	-119.203659
9154.975891	-118.706642
9155.648804	-118.661324
9156.321716	-118.032501
9156.994629	-117.891342
9157.667542	-118.476067
9158.340454	-118.686325
9159.013367	-118.684601
9159.686279	-118.993515
9160.359192	-118.838402
9161.032104	-118.249405
9161.705017	-118.739548
9162.377930	-118.968994
9163.050842	-119.222382
9163.723755	-119.113335
9164.396667	-118.912544
9165.069580	-118.964256
9165.742493	-118.465759
9166.415405	-118.664200
9167.088318	-118.919106
9167.761230	-119.512550
9168.434143	-119.082558
9169.107056	-118.878326
9169.779968	-119.209442
9170.452881	-119.452400
9171.125793	-119.173843
9171.798706	-118.707397
9172.471619	-118.989357
9173.144531	-118.905144
9173.817444	-119.179222
9174.490356	-118.850700
9175.163269	-119.032677
9175.836182	-118.748596
9176.509094	-118.599289
9177.182007	-118.729103
9177.854919	-118.320465
9178.527832	-117.941292
9179.200745	-119.046890
9179.873657	-120.094048
9180.546570	-119.789024
9181.219482	-118.701508
9181.892395	-118.213379
9182.565308	-118.194534
9183.238220	-118.429489
9183.911133	-118.641167
9184.584045	-118.871986
9185.256958	-119.222237
9185.929871	-118.567627
9186.602783	-118.254677
9187.275696	-118.646057
9187.948608	-119.027512
9188.621521	-118.955795
9189.294434	-118.263023
9189.967346	-118.387291
9190.640259	-118.566460
9191.313171	-118.909264
9191.986084	-118.723793
9192.658997	-118.356026
9193.331909	-118.652145
9194.004822	-118.502190
9194.677734	-118.810646
9195.350647	-118.576050
9196.023560	-118.371872
9196.696472	-118.182716
9197.369385	-118.303726
9198.042297	-118.438850
9198.715210	-118.538506
9199.388123	-118.879402
9200.061035	-118.737579
9200.733948	-118.594772
9201.406860	-119.294739
9202.079773	-119.455269
9202.752686	-118.580284
9203.425598	-119.039146
9204.098511	-118.012024
9204.771423	-117.729179
9205.444336	-118.133667
9206.117249	-118.125313
9206.790161	-118.840897
9207.463074	-119.618484
9208.135986	-119.379044
9208.808899	-118.969650
9209.481812	-117.733459
9210.154724	-118.417603
9210.827637	-118.420799
9211.500549	-118.441582
9212.173462	-118.249741
9212.846375	-118.464600
9213.519287	-118.711868
9214.192200	-118.971794
9214.865112	-118.532745
9215.538025	-118.110893
9216.210938	-118.545891
9216.883850	-118.649261
9217.556763	-119.031715
9218.229675	-118.397102
9218.902588	-118.044754
9219.575500	-118.635185
9220.248413	-118.199310
9220.921326	-118.378883
9221.594238	-118.617737
9222.267151	-118.632812
9222.940063	-118.791107
9223.612976	-118.678726
9224.285889	-118.445038
9224.958801	-118.665604
9225.631714	-117.998985
9226.304626	-118.772011
9226.977539	-118.707581
9227.650452	-118.585693
9228.323364	-118.781776
9228.996277	-118.132797
9229.669189	-118.534401
9230.342102	-118.524681
9231.015015	-118.653168
9231.687927	-118.533852
9232.360840	-118.283211
9233.033752	-118.274811
9233.706665	-118.536880
9234.379578	-118.624634
9235.052490	-118.323738
9235.725403	-118.389893
9236.398315	-118.978218
9237.071228	-118.601181
9237.744141	-118.544189
9238.417053	-118.974762
9239.089966	-118.610519
9239.762878	-118.921898
9240.435791	-119.137627
9241.108704	-118.170288
9241.781616	-118.260536
9242.454529	-118.722427
9243.127441	-118.462540
9243.800354	-118.043152
9244.473267	-118.315010
9245.146179	-118.627014
9245.819092	-117.750824
9246.492004	-117.866180
9247.164917	-119.299736
9247.837830	-119.093117
9248.510742	-118.441383
9249.183655	-118.634010
9249.856567	-118.602585
9250.529480	-118.702324
9251.202393	-118.873398
9251.875305	-118.476868
9252.548218	-118.252510
9253.221130	-118.052361
9253.894043	-118.813072
9254.566956	-119.321053
9255.239868	-118.983551
9255.912781	-118.649231
9256.585693	-118.502426
9257.258606	-119.133301
9257.931519	-118.417892
9258.604431	-118.215332
9259.277344	-118.446091
9259.950256	-118.288597
9260.623169	-118.316513
9261.296082	-117.912086
9261.968994	-118.200829
9262.641907	-118.022987
9263.314819	-117.748123
9263.987732	-118.090706
9264.660645	-118.640457
9265.333557	-118.553215
9266.006470	-118.368378
9266.679382	-118.244194
9267.352295	-118.852074
9268.025208	-119.243950
9268.698120	-119.038788
9269.371033	-119.542595
9270.043945	-119.111404
9270.716858	-118.537971
9271.389771	-118.143089
9272.062683	-118.600441
9272.735596	-118.788170
9273.408508	-118.547096
9274.081421	-118.579582
9274.754333	-118.484077
9275.427246	-118.330696
9276.100159	-118.704155
9276.773071	-118.648529
9277.445984	-119.182365
9278.118896	-118.723907
9278.791809	-119.039230
9279.464722	-118.739586
9280.137634	-117.656929
9280.810547	-118.323151
9281.483459	-118.615860
9282.156372	-118.147598
9282.829285	-118.494560
9283.502197	-118.137199
9284.175110	-118.497108
9284.848022	-118.825127
9285.520935	-118.266830
9286.193848	-118.616920
9286.866760	-119.209846
9287.539673	-118.875954
9288.212585	-118.142456
9288.885498	-118.183105
9289.558411	-117.767433
9290.231323	-118.023903
9290.904236	-118.325546
9291.577148	-118.796181
9292.250061	-118.793327
9292.922974	-118.528862
9293.595886	-118.489395
9294.268799	-118.936638
9294.941711	-118.072182
9295.614624	-118.593140
9296.287537	-118.767525
9296.960449	-118.915390
9297.633362	-118.608948
9298.306274	-117.813492
9298.979187	-118.486992
9299.652100	-119.246017
9300.325012	-119.123611
9300.997925	-117.996796
9301.670837	-118.007065
9302.343750	-117.807808
9303.016663	-118.034904
9303.689575	-117.829834
9304.362488	-117.469391
9305.035400	-116.637489
9305.708313	-116.506912
9306.381226	-116.918686
9307.054138	-117.018288
9307.727051	-116.225975
9308.399963	-116.127281
9309.072876	-116.538605
9309.745789	-115.971565
9310.418701	-115.904053
9311.091614	-116.481880
9311.764526	-117.401764
9312.437439	-117.751488
9313.110352	-117.745285
9313.783264	-117.431725
9314.456177	-117.316971
9315.129089	-117.793526
9315.802002	-118.028847
9316.474915	-117.711479
9317.147827	-118.177811
9317.820740	-118.531754
9318.493652	-118.454582
9319.166565	-116.944214
9319.839478	-117.184502
9320.512390	-117.088562
9321.185303	-116.975883
9321.858215	-117.069183
9322.531128	-117.947037
9323.204041	-117.882599
9323.876953	-117.508270
9324.549866	-118.334091
9325.222778	-118.197159
9325.895691	-118.037872
9326.568604	-118.434647
9327.241516	-118.178520
9327.914429	-118.588547
9328.587341	-118.880577
9329.260254	-118.182259
9329.933167	-117.905586
9330.606079	-117.409592
9331.278992	-117.708420
9331.951904	-117.778229
9332.624817	-116.963531
9333.297729	-117.496048
9333.970642	-118.487556
9334.643555	-118.539459
9335.316467	-117.963799
9335.989380	-118.054031
9336.662292	-118.246384
9337.335205	-118.499969
9338.008118	-118.114395
9338.681030	-118.319603
9339.353943	-118.589401
9340.026855	-118.260361
9340.699768	-117.736855
9341.372681	-117.865959
9342.045593	-118.214928
9342.718506	-119.159760
9343.391418	-118.452576
9344.064331	-117.953156
9344.737244	-117.484886
9345.410156	-117.737793
9346.083069	-117.556618
9346.755981	-117.085663
9347.428894	-117.538162
9348.101807	-118.426231
9348.774719	-117.986885
9349.447632	-118.859505
9350.120544	-118.882507
9350.793457	-118.435295
9351.466370	-118.875168
9352.139282	-119.183540
9352.812195	-118.412018
9353.485107	-118.345169
9354.158020	-118.983994
9354.830933	-118.284264
9355.503845	-117.944214
9356.176758	-118.248001
9356.849670	-118.119720
9357.522583	-117.265999
9358.195496	-117.355392
9358.868408	-117.968681
9359.541321	-118.912598
9360.214233	-118.898735
9360.887146	-118.276505
9361.560059	-118.476105
9362.232971	-118.310616
9362.905884	-118.093910
9363.578796	-118.351372
9364.251709	-118.742065
9364.924622	-117.649803
9365.597534	-118.255707
9366.270447	-118.901024
9366.943359	-118.675140
9367.616272	-118.552856
9368.289185	-118.831360
9368.962097	-118.063034
9369.635010	-118.672272
9370.307922	-119.116875
9370.980835	-118.589813
9371.653748	-118.602951
9372.326660	-119.207497
9372.999573	-118.518127
9373.672485	-119.070618
9374.345398	-118.828995
9375.018311	-118.428108
9375.691223	-118.377182
9376.364136	-117.917343
9377.037048	-118.282730
9377.709961	-119.059235
9378.382874	-119.185753
9379.055786	-118.416016
9379.728699	-118.584923
9380.401611	-118.151489
9381.074524	-118.756966
9381.747437	-118.892784
9382.420349	-118.572250
9383.093262	-118.518799
9383.766174	-118.476730
9384.439087	-118.844109
9385.112000	-118.533623
9385.784912	-117.674881
9386.457825	-117.704742
9387.130737	-118.124634
9387.803650	-118.160980
9388.476562	-118.311462
9389.149475	-118.250031
9389.822388	-119.325394
9390.495300	-118.942413
9391.168213	-118.441429
9391.841125	-118.615112
9392.514038	-117.987190
9393.186951	-117.923828
9393.859863	-119.061661
9394.532776	-119.326736
9395.205688	-118.456802
9395.878601	-117.858589
9396.551514	-117.983498
9397.224426	-118.073532
9397.897339	-118.560158
9398.570251	-118.264458
9399.243164	-118.342026
9399.916077	-118.231766
9400.588989	-118.727470
9401.261902	-119.039391
9401.934814	-119.083412
9402.607727	-118.798569
9403.280640	-118.548531
9403.953552	-118.623451
9404.626465	-118.336876
9405.299377	-118.020241
9405.972290	-118.359779
9406.645203	-117.943146
9407.318115	-117.866844
9407.991028	-118.108894
9408.663940	-118.236687
9409.336853	-118.781136
9410.009766	-119.590622
9410.682678	-119.068489
9411.355591	-119.140648
9412.028503	-118.140495
9412.701416	-117.984299
9413.374329	-118.067749
9414.047241	-118.432388
9414.720154	-119.259033
9415.393066	-118.892242
9416.065979	-119.004951
9416.738892	-118.543701
9417.411804	-118.345512
9418.084717	-118.929558
9418.757629	-118.939507
9419.430542	-118.298485
9420.103455	-118.331169
9420.776367	-118.149498
9421.449280	-118.267372
9422.122192	-117.921005
9422.795105	-118.139046
9423.468018	-118.886528
9424.140930	-118.796021
9424.813843	-118.067307
9425.486755	-117.416306
9426.159668	-117.954613
9426.832581	-118.928185
9427.505493	-118.366165
9428.178406	-118.404396
9428.851318	-118.763039
9429.524231	-118.753014
9430.197144	-118.888283
9430.870056	-118.582268
9431.542969	-118.729019
9432.215881	-118.670410
9432.888794	-118.324318
9433.561707	-118.204628
9434.234619	-117.740822
9434.907532	-118.549530
9435.580444	-118.497803
9436.253357	-118.236816
9436.926270	-117.598587
9437.599182	-118.467094
9438.272095	-119.004189
9438.945007	-118.574554
9439.617920	-118.256653
9440.290833	-118.107697
9440.963745	-118.526680
9441.636658	-118.052841
9442.309570	-118.248344
9442.982483	-118.317299
9443.655396	-118.654289
9444.328308	-118.475273
9445.001221	-118.390923
9445.674133	-118.416527
9446.347046	-118.426804
9447.019958	-118.067574
9447.692871	-118.769440
9448.365784	-118.725204
9449.038696	-118.523849
9449.711609	-118.525162
9450.384521	-118.845490
9451.057434	-118.425629
9451.730347	-118.029152
9452.403259	-118.147224
9453.076172	-118.591393
9453.749084	-119.375229
9454.421997	-118.613274
9455.094910	-117.758675
9455.767822	-118.508171
9456.440735	-118.514099
9457.113647	-118.530663
9457.786560	-119.168037
9458.459473	-119.050018
9459.132385	-118.929726
9459.805298	-118.489929
9460.478210	-119.013481
9461.151123	-119.129715
9461.824036	-118.948891
9462.496948	-118.802643
9463.169861	-118.612770
9463.842773	-118.898438
9464.515686	-118.429253
9465.188599	-117.916138
9465.861511	-118.726074
9466.534424	-118.591560
9467.207336	-118.208382
9467.880249	-117.918205
9468.553162	-118.096245
9469.226074	-118.337372
9469.898987	-118.150795
9470.571899	-118.150414
9471.244812	-118.193756
9471.917725	-118.386925
9472.590637	-118.818687
9473.263550	-118.198997
9473.936462	-118.336273
9474.609375	-118.473381
9475.282288	-118.764961
9475.955200	-118.651863
9476.628113	-118.834290
9477.301025	-118.904205
9477.973938	-118.428993
9478.646851	-118.660118
9479.319763	-118.989449
9479.992676	-118.470329
9480.665588	-118.338928
9481.338501	-118.824417
9482.011414	-118.972473
9482.684326	-118.899475
9483.357239	-118.988754
9484.030151	-118.380455
9484.703064	-118.141838
9485.375977	-118.290894
9486.048889	-117.858780
9486.721802	-117.626564
9487.394714	-117.970436
9488.067627	-118.541878
9488.740540	-118.516724
9489.413452	-119.003342
9490.086365	-119.145897
9490.759277	-118.789482
9491.432190	-118.665802
9492.105103	-118.113365
9492.778015	-118.119965
9493.450928	-118.308472
9494.123840	-117.788643
9494.796753	-118.239601
9495.469666	-118.355576
9496.142578	-118.865150
9496.815491	-118.658226
9497.488403	-118.562714
9498.161316	-118.866219
9498.834229	-118.161057
9499.507141	-118.222893
9500.180054	-118.629738
9500.852966	-118.539742
9501.525879	-118.544891
9502.198792	-118.806229
9502.871704	-118.447792
9503.544617	-118.383911
9504.217529	-118.755035
9504.890442	-118.272659
9505.563354	-118.039749
9506.236267	-117.757828
9506.909180	-118.807480
9507.582092	-119.043205
9508.255005	-118.601685
9508.927917	-118.334419
9509.600830	-118.606964
9510.273743	-118.964424
9510.946655	-118.632538
9511.619568	-118.368011
9512.292480	-118.593056
9512.965393	-118.169197
9513.638306	-118.554070
9514.311218	-118.581566
9514.984131	-118.621254
9515.657043	-118.556320
9516.329956	-118.027420
9517.002869	-117.635933
9517.675781	-118.154427
9518.348694	-118.668236
9519.021606	-118.601196
9519.694519	-118.478729
9520.367432	-118.940628
9521.040344	-118.641418
9521.713257	-118.383957
9522.386169	-118.256920
9523.059082	-118.520531
9523.731995	-118.747528
9524.404907	-119.348892
9525.077820	-119.147110
9525.750732	-118.398277
9526.423645	-119.243195
9527.096558	-119.653717
9527.769470	-118.752419
9528.442383	-118.473389
9529.115295	-118.262375
9529.788208	-118.018852
9530.461121	-118.350960
9531.134033	-118.978058
9531.806946	-118.666794
9532.479858	-118.569786
9533.152771	-118.782463
9533.825684	-118.251961
9534.498596	-118.824272
9535.171509	-119.022896
9535.844421	-118.310997
9536.517334	-119.078217
9537.190247	-119.193451
9537.863159	-118.667160
9538.536072	-118.951988
9539.208984	-118.997818
9539.881897	-118.920746
9540.554810	-118.944244
9541.227722	-118.502266
9541.900635	-118.441513
9542.573547	-119.032791
9543.246460	-119.136032
9543.919373	-118.940811
9544.592285	-118.704376
9545.265198	-119.167191
9545.938110	-118.309662
9546.611023	-118.016556
9547.283936	-118.347755
9547.956848	-118.467293
9548.629761	-118.562820
9549.302673	-119.341431
9549.975586	-119.307106
9550.648499	-119.541649
9551.321411	-118.949715
9551.994324	-118.220627
9552.667236	-118.576500
9553.340149	-118.619614
9554.013062	-118.553139
9554.685974	-118.804596
9555.358887	-118.613113
9556.031799	-118.291397
9556.704712	-118.471825
9557.377625	-118.325569
9558.050537	-117.946312
9558.723450	-118.126656
9559.396362	-118.012894
9560.069275	-118.165260
9560.742188	-117.735603
9561.415100	-118.167419
9562.088013	-118.487488
9562.760925	-118.761261
9563.433838	-118.856430
9564.106750	-118.565514
9564.779663	-118.369804
9565.452576	-118.250984
9566.125488	-118.874237
9566.798401	-118.582451
9567.471313	-117.985558
9568.144226	-117.850700
9568.817139	-118.485283
9569.490051	-118.467148
9570.162964	-118.632248
9570.835876	-118.744431
9571.508789	-118.670776
9572.181702	-119.121002
9572.854614	-119.187355
9573.527527	-118.937180
9574.200439	-118.632362
9574.873352	-118.505203
9575.546265	-118.568748
9576.219177	-118.733734
9576.892090	-118.680527
9577.565002	-118.644318
9578.237915	-118.872871
9578.910828	-118.324707
9579.583740	-118.096687
9580.256653	-118.635300
9580.929565	-118.551689
9581.602478	-118.259979
9582.275391	-118.433167
9582.948303	-118.653786
9583.621216	-118.678322
9584.294128	-118.583778
9584.967041	-118.533737
9585.639954	-119.219963
9586.312866	-118.823235
9586.985779	-118.237122
9587.658691	-119.206230
9588.331604	-118.534309
9589.004517	-118.060982
9589.677429	-119.098206
9590.350342	-118.656967
9591.023254	-118.511864
9591.696167	-118.032753
9592.369080	-118.168533
9593.041992	-118.372818
9593.714905	-118.246048
9594.387817	-118.451828
9595.060730	-118.488853
9595.733643	-118.268196
9596.406555	-118.295662
9597.079468	-118.365883
9597.752380	-118.081390
9598.425293	-118.275787
9599.098206	-118.283409
9599.771118	-119.038322
9600.444031	-119.391792
9601.116943	-118.989716
9601.789856	-118.674500
9602.462769	-118.323296
9603.135681	-118.315636
9603.808594	-119.223595
9604.481506	-118.867035
9605.154419	-118.926254
9605.827332	-118.540314
9606.500244	-118.127495
9607.173157	-118.447243
9607.846069	-118.342628
9608.518982	-119.069756
9609.191895	-119.110161
9609.864807	-118.389900
9610.537720	-119.015106
9611.210632	-119.245949
9611.883545	-119.297012
9612.556458	-119.298248
9613.229370	-118.878502
9613.902283	-118.669044
9614.575195	-118.340012
9615.248108	-118.558235
9615.921021	-119.466339
9616.593933	-118.800934
9617.266846	-118.154816
9617.939758	-118.248123
9618.612671	-118.537682
9619.285583	-119.345436
9619.958496	-118.905060
9620.631409	-118.693565
9621.304321	-118.664268
9621.977234	-118.613411
9622.650146	-118.653198
9623.323059	-118.274567
9623.995972	-118.168251
9624.668884	-118.193199
9625.341797	-118.679268
9626.014709	-118.918335
9626.687622	-118.464668
9627.360535	-118.733032
9628.033447	-119.013084
9628.706360	-119.084854
9629.379272	-118.742508
9630.052185	-118.439095
9630.725098	-118.655251
9631.398010	-118.301193
9632.070923	-118.844398
9632.743835	-118.841736
9633.416748	-119.103493
9634.089661	-119.598694
9634.762573	-119.399544
9635.435486	-119.054047
9636.108398	-118.421959
9636.781311	-118.595161
9637.454224	-119.100975
9638.127136	-118.714195
9638.800049	-118.868317
9639.472961	-119.386642
9640.145874	-118.464401
9640.818787	-118.843483
9641.491699	-119.020111
9642.164612	-119.385071
9642.837524	-119.407486
9643.510437	-118.126526
9644.183350	-118.460571
9644.856262	-118.306587
9645.529175	-119.188187
9646.202087	-119.459602
9646.875000	-118.234901
9647.547913	-118.596619
9648.220825	-119.122101
9648.893738	-118.577385
9649.566650	-118.167549
9650.239563	-118.206108
9650.912476	-118.875725
9651.585388	-119.052605
9652.258301	-118.709206
9652.931213	-118.641220
9653.604126	-118.190079
9654.277039	-118.369881
9654.949951	-118.995735
9655.622864	-119.207176
9656.295776	-118.521851
9656.968689	-118.364006
9657.641602	-118.808502
9658.314514	-118.894196
9658.987427	-119.101097
9659.660339	-118.963226
9660.333252	-118.976135
9661.006165	-119.227257
9661.679077	-119.278923
9662.351990	-118.846718
9663.024902	-118.943893
9663.697815	-118.691399
9664.370728	-118.763252
9665.043640	-118.232689
9665.716553	-118.453804
9666.389465	-118.766533
9667.062378	-118.678787
9667.735291	-118.739426
9668.408203	-119.404251
9669.081116	-118.766479
9669.754028	-117.904480
9670.426941	-117.858803
9671.099854	-118.530586
9671.772766	-118.698296
9672.445679	-118.930176
9673.118591	-119.669830
9673.791504	-118.963692
9674.464417	-119.048820
9675.137329	-118.355881
9675.810242	-118.186249
9676.483154	-118.933395
9677.156067	-119.070053
9677.828979	-118.851082
9678.501892	-118.539879
9679.174805	-118.404381
9679.847717	-118.045029
9680.520630	-118.085762
9681.193542	-119.030106
9681.866455	-118.578972
9682.539368	-119.041245
9683.212280	-119.117729
9683.885193	-118.572052
9684.558105	-118.314987
9685.231018	-119.034973
9685.903931	-117.857658
9686.576843	-118.378830
9687.249756	-118.883965
9687.922668	-118.878647
9688.595581	-119.241829
9689.268494	-118.352776
9689.941406	-117.906517
9690.614319	-118.604469
9691.287231	-118.945824
9691.960144	-118.626350
9692.633057	-118.753342
9693.305969	-118.802841
9693.978882	-118.856758
9694.651794	-119.094597
9695.324707	-118.896744
9695.997620	-119.202705
9696.670532	-118.765968
9697.343445	-118.836769
9698.016357	-118.699379
9698.689270	-118.931442
9699.362183	-118.961296
9700.035095	-118.204117
9700.708008	-118.424026
9701.380920	-118.522163
9702.053833	-118.880043
9702.726746	-119.509239
9703.399658	-119.266716
9704.072571	-119.429207
9704.745483	-118.808098
9705.418396	-118.565788
9706.091309	-118.394524
9706.764221	-118.075172
9707.437134	-118.234795
9708.110046	-118.932945
9708.782959	-119.142143
9709.455872	-119.221649
9710.128784	-119.187668
9710.801697	-119.119690
9711.474609	-118.600311
9712.147522	-118.621101
9712.820435	-118.986343
9713.493347	-118.919556
9714.166260	-119.050377
9714.839172	-118.340462
9715.512085	-117.968552
9716.184998	-118.277008
9716.857910	-118.776711
9717.530823	-118.334091
9718.203735	-118.406609
9718.876648	-119.026375
9719.549561	-118.546715
9720.222473	-118.910912
9720.895386	-118.678947
9721.568298	-118.955963
9722.241211	-118.993561
9722.914124	-118.358032
9723.587036	-118.495407
9724.259949	-118.502037
9724.932861	-118.418549
9725.605774	-117.991013
9726.278687	-119.100723
9726.951599	-118.261589
9727.624512	-118.453461
9728.297424	-118.280815
9728.970337	-117.829872
9729.643250	-118.427650
9730.316162	-118.447174
9730.989075	-118.056839
9731.661987	-118.469017
9732.334900	-118.792763
9733.007812	-118.743477
9733.680725	-119.577919
9734.353638	-119.839745
9735.026550	-119.354095
9735.699463	-118.873055
9736.372375	-119.467316
9737.045288	-119.253448
9737.718201	-118.469406
9738.391113	-118.474464
9739.064026	-118.240105
9739.736938	-118.620811
9740.409851	-118.945045
9741.082764	-118.985298
9741.755676	-119.455437
9742.428589	-118.898674
9743.101501	-118.771820
9743.774414	-118.671227
9744.447327	-118.644508
9745.120239	-118.593361
9745.793152	-118.622910
9746.466064	-118.146408
9747.138977	-118.689400
9747.811890	-119.082550
9748.484802	-119.090744
9749.157715	-118.763817
9749.830627	-118.123207
9750.503540	-118.176628
9751.176453	-118.873970
9751.849365	-118.949219
9752.522278	-118.186005
9753.195190	-118.609344
9753.868103	-118.702126
9754.541016	-118.493034
9755.213928	-119.003662
9755.886841	-118.517570
9756.559753	-118.494530
9757.232666	-118.575974
9757.905579	-118.569855
9758.578491	-118.203484
9759.251404	-118.529747
9759.924316	-119.057434
9760.597229	-118.613663
9761.270142	-118.779892
9761.943054	-118.702263
9762.615967	-118.405212
9763.288879	-118.208519
9763.961792	-118.748810
9764.634705	-118.684082
9765.307617	-118.693291
9765.980530	-118.434029
9766.653442	-118.758064
9767.326355	-118.980125
9767.999268	-118.556129
9768.672180	-118.394226
9769.345093	-118.597694
9770.018005	-118.343193
9770.690918	-119.258644
9771.363831	-118.993317
9772.036743	-119.151482
9772.709656	-119.192482
9773.382568	-118.713989
9774.055481	-119.547035
9774.728394	-119.561966
9775.401306	-118.958786
9776.074219	-118.893288
9776.747131	-119.051193
9777.420044	-119.458359
9778.092957	-119.514221
9778.765869	-119.167686
9779.438782	-118.521065
9780.111694	-117.878029
9780.784607	-118.459908
9781.457520	-119.264801
9782.130432	-118.338768
9782.803345	-118.316368
9783.476257	-118.596100
9784.149170	-118.846672
9784.822083	-118.795792
9785.494995	-119.106712
9786.167908	-119.385635
9786.840820	-119.312798
9787.513733	-118.801346
9788.186646	-118.682693
9788.859558	-118.290039
9789.532471	-117.949425
9790.205383	-118.325409
9790.878296	-118.071602
9791.551208	-118.524200
9792.224121	-118.028053
9792.897034	-118.654091
9793.569946	-119.093369
9794.242859	-119.013443
9794.915771	-118.514931
9795.588684	-118.073730
9796.261597	-119.130623
9796.934509	-118.771637
9797.607422	-118.371086
9798.280334	-118.588860
9798.953247	-119.044533
9799.626160	-118.794281
9800.299072	-118.857773
9800.971985	-118.665611
9801.644897	-118.943855
9802.317810	-119.322037
9802.990723	-119.455101
9803.663635	-118.293983
9804.336548	-118.311195
9805.009460	-119.186165
9805.682373	-119.694931
9806.355286	-119.060539
9807.028198	-118.612076
9807.701111	-117.989578
9808.374023	-118.251564
9809.046936	-118.339417
9809.719849	-118.607788
9810.392761	-118.785896
9811.065674	-118.658195
9811.738586	-118.891823
9812.411499	-119.156815
9813.084412	-118.925735
9813.757324	-118.485733
9814.430237	-118.069893
9815.103149	-118.602959
9815.776062	-119.023628
9816.448975	-118.200111
9817.121887	-118.027023
9817.794800	-119.253334
9818.467712	-119.694252
9819.140625	-118.911507
9819.813538	-118.557991
9820.486450	-119.287239
9821.159363	-119.503426
9821.832275	-118.930077
9822.505188	-118.227226
9823.178101	-118.314781
9823.851013	-118.406891
9824.523926	-118.391144
9825.196838	-118.708000
9825.869751	-118.558937
9826.542664	-118.614517
9827.215576	-119.188385
9827.888489	-118.794395
9828.561401	-118.265648
9829.234314	-118.414467
9829.907227	-118.224854
9830.580139	-117.830811
9831.253052	-118.176849
9831.925964	-119.320656
9832.598877	-118.811417
9833.271790	-118.427765
9833.944702	-118.560501
9834.617615	-118.865433
9835.290527	-119.627129
9835.963440	-119.055267
9836.636353	-118.345337
9837.309265	-118.365463
9837.982178	-118.677002
9838.655090	-119.321724
9839.328003	-119.092606
9840.000916	-118.616455
9840.673828	-118.507149
9841.346741	-118.984970
9842.019653	-118.814255
9842.692566	-118.225418
9843.365479	-118.826851
9844.038391	-119.150360
9844.711304	-118.799828
9845.384216	-119.461235
9846.057129	-118.859642
9846.730042	-118.824356
9847.402954	-118.955711
9848.075867	-118.609116
9848.748779	-119.092789
9849.421692	-119.036301
9850.094604	-118.877151
9850.767517	-118.815964
9851.440430	-119.071045
9852.113342	-119.496964
9852.786255	-119.150223
9853.459167	-118.973419
9854.132080	-119.162407
9854.804993	-118.735710
9855.477905	-118.378593
9856.150818	-119.236511
9856.823730	-119.756355
9857.496643	-119.739525
9858.169556	-119.571671
9858.842468	-119.185097
9859.515381	-119.244484
9860.188293	-119.277771
9860.861206	-119.627274
9861.534119	-119.270241
9862.207031	-118.945641
9862.879944	-118.999046
9863.552856	-118.834236
9864.225769	-119.012146
9864.898682	-118.667870
9865.571594	-118.868988
9866.244507	-119.293938
9866.917419	-119.287033
9867.590332	-119.172844
9868.263245	-118.812920
9868.936157	-119.456154
9869.609070	-119.022339
9870.281982	-118.774940
9870.954895	-119.076180
9871.627808	-118.840347
9872.300720	-118.784439
9872.973633	-118.285637
9873.646545	-118.292587
9874.319458	-119.081551
9874.992371	-119.201553
9875.665283	-118.802811
9876.338196	-118.849037
9877.011108	-119.777748
9877.684021	-119.538025
9878.356934	-119.371025
9879.029846	-119.207390
9879.702759	-119.469055
9880.375671	-119.184532
9881.048584	-118.486076
9881.721497	-119.067154
9882.394409	-118.989143
9883.067322	-119.512520
9883.740234	-119.899330
9884.413147	-119.163589
9885.086060	-119.118454
9885.758972	-119.874573
9886.431885	-118.796692
9887.104797	-118.942612
9887.777710	-119.631744
9888.450623	-119.705688
9889.123535	-119.564354
9889.796448	-119.032921
9890.469360	-118.597183
9891.142273	-118.448151
9891.815186	-119.093811
9892.488098	-119.307320
9893.161011	-119.283112
9893.833923	-118.476250
9894.506836	-118.478828
9895.179749	-119.221664
9895.852661	-119.595184
9896.525574	-119.379959
9897.198486	-119.174103
9897.871399	-119.123238
9898.544312	-119.035278
9899.217224	-119.054634
9899.890137	-119.046387
9900.563049	-119.160652
9901.235962	-119.375908
9901.908875	-119.155090
9902.581787	-119.135048
9903.254700	-118.836487
9903.927612	-118.575035
9904.600525	-118.492195
9905.273438	-118.898689
9905.946350	-119.105927
9906.619263	-119.087433
9907.292175	-118.894577
9907.965088	-118.791687
9908.638000	-119.107162
9909.310913	-119.553886
9909.983826	-118.585449
9910.656738	-118.372574
9911.329651	-118.821182
9912.002563	-118.834778
9912.675476	-118.357635
9913.348389	-118.629623
9914.021301	-118.738640
9914.694214	-118.987282
9915.367126	-118.832741
9916.040039	-118.981087
9916.712952	-119.143433
9917.385864	-119.172722
9918.058777	-118.996437
9918.731689	-119.098526
9919.404602	-119.345383
9920.077515	-119.309616
9920.750427	-118.591446
9921.423340	-118.487511
9922.096252	-118.904411
9922.769165	-118.496269
9923.442078	-119.350670
9924.114990	-119.503983
9924.787903	-118.613243
9925.460815	-118.888069
9926.133728	-118.623528
9926.806641	-118.971252
9927.479553	-118.788658
9928.152466	-119.095757
9928.825378	-118.944000
9929.498291	-118.958466
9930.171204	-119.138802
9930.844116	-118.857094
9931.517029	-118.854797
9932.189941	-119.336990
9932.862854	-118.860077
9933.535767	-118.801910
9934.208679	-119.067329
9934.881592	-118.937782
9935.554504	-119.357414
9936.227417	-119.312912
9936.900330	-118.868607
9937.573242	-119.164642
9938.246155	-119.485786
9938.919067	-118.777931
9939.591980	-119.145599
9940.264893	-119.106812
9940.937805	-119.784683
9941.610718	-119.705536
9942.283630	-118.993248
9942.956543	-118.736176
9943.629456	-119.191620
9944.302368	-119.111366
9944.975281	-119.065231
9945.648193	-119.364403
9946.321106	-119.133728
9946.994019	-119.224228
9947.666931	-119.440674
9948.339844	-119.406830
9949.012756	-119.002266
9949.685669	-119.075066
9950.358582	-119.626694
9951.031494	-119.494049
9951.704407	-119.595070
9952.377319	-119.162704
9953.050232	-118.446701
9953.723145	-118.589378
9954.396057	-119.660439
9955.068970	-119.594063
9955.741882	-119.117355
9956.414795	-118.666786
9957.087708	-118.900620
9957.760620	-118.741898
9958.433533	-119.194962
9959.106445	-119.551239
9959.779358	-119.662735
9960.452271	-119.176102
9961.125183	-118.713432
9961.798096	-118.910881
9962.471008	-119.911514
9963.143921	-120.080338
9963.816833	-119.240311
9964.489746	-119.217949
9965.162659	-119.172356
9965.835571	-119.384964
9966.508484	-120.129356
9967.181396	-119.202484
9967.854309	-119.366249
9968.527222	-119.103455
9969.200134	-119.075005
9969.873047	-118.634056
9970.545959	-118.777138
9971.218872	-119.101189
9971.891785	-119.105621
9972.564697	-118.825768
9973.237610	-118.551506
9973.910522	-119.222015
9974.583435	-119.238907
9975.256348	-118.817078
9975.929260	-119.101845
9976.602173	-119.401733
9977.275085	-119.452446
9977.947998	-119.493561
9978.620911	-118.780128
9979.293823	-118.853874
9979.966736	-119.167786
9980.639648	-118.850227
9981.312561	-118.903015
9981.985474	-118.905930
9982.658386	-119.012283
9983.331299	-119.532600
9984.004211	-119.494659
9984.677124	-118.968040
9985.350037	-119.179298
9986.022949	-119.368164
9986.695862	-119.296379
9987.368774	-119.111366
9988.041687	-119.280380
9988.714600	-119.348480
9989.387512	-119.472939
9990.060425	-119.738586
9990.733337	-119.221199
9991.406250	-119.377991
9992.079163	-119.221779
9992.752075	-118.979805
9993.424988	-119.549362
9994.097900	-119.465446
9994.770813	-119.171875
9995.443726	-118.777740
9996.116638	-119.456238
9996.789551	-120.027725
9997.462463	-119.686440
9998.135376	-119.464699
9998.808289	-119.469498
9999.481201	-119.284485
10000.154114	-120.343521
10000.827026	-120.204277
10001.499939	-119.976509
10002.172852	-119.504860
10002.845764	-118.815323
10003.518677	-118.752258
10004.191589	-119.398804
10004.864502	-119.657608
10005.537415	-119.774063
10006.210327	-119.666878
10006.883240	-118.843567
10007.556152	-119.676003
10008.229065	-119.523506
10008.901978	-119.361511
10009.574890	-119.440460
10010.247803	-119.589279
10010.920715	-119.732498
10011.593628	-119.454483
10012.266541	-119.019783
10012.939453	-119.722977
10013.612366	-119.769287
10014.285278	-119.493362
10014.958191	-118.838020
10015.631104	-118.943787
10016.304016	-119.009430
10016.976929	-119.650894
10017.649841	-119.327438
10018.322754	-119.291275
10018.995667	-119.641785
10019.668579	-119.467041
10020.341492	-119.295380
10021.014404	-119.560074
10021.687317	-119.385246
10022.360229	-119.485123
10023.033142	-119.298515
10023.706055	-119.632652
10024.378967	-120.047852
10025.051880	-119.989853
10025.724792	-119.528961
10026.397705	-119.563889
10027.070618	-119.606285
10027.743530	-119.976250
10028.416443	-120.303284
10029.089355	-119.230988
10029.762268	-119.485023
10030.435181	-119.279633
10031.108093	-120.167473
10031.781006	-119.918602
10032.453918	-119.564697
10033.126831	-119.452286
10033.799744	-119.917435
10034.472656	-119.297577
10035.145569	-119.192062
10035.818481	-119.141220
10036.491394	-119.689461
10037.164307	-119.658211
10037.837219	-119.260712
10038.510132	-119.090210
10039.183044	-118.788185
10039.855957	-118.975967
10040.528870	-119.045898
10041.201782	-119.383217
10041.874695	-119.200577
10042.547607	-119.900497
10043.220520	-120.410934
10043.893433	-120.397255
10044.566345	-119.201530
10045.239258	-119.849167
10045.912170	-120.154160
10046.585083	-120.094452
10047.257996	-120.247505
10047.930908	-119.880119
10048.603821	-119.045319
10049.276733	-119.563347
10049.949646	-119.460571
10050.622559	-119.372856
10051.295471	-119.496147
10051.968384	-119.602531
10052.641296	-119.589661
10053.314209	-119.610634
10053.987122	-119.295540
10054.660034	-119.952759
10055.332947	-119.910736
10056.005859	-119.551788
10056.678772	-119.472084
10057.351685	-119.367790
10058.024597	-119.559875
10058.697510	-119.181793
10059.370422	-119.099182
10060.043335	-119.439468
10060.716248	-119.291405
10061.389160	-119.121094
10062.062073	-119.292389
10062.734985	-119.275749
10063.407898	-119.624290
10064.080811	-119.740448
10064.753723	-119.926643
10065.426636	-119.775040
10066.099548	-119.372063
10066.772461	-119.563553
10067.445374	-119.839455
10068.118286	-120.011223
10068.791199	-120.207909
10069.464111	-120.732468
10070.137024	-120.132637
10070.809937	-120.082222
10071.482849	-119.553978
10072.155762	-119.556877
10072.828674	-119.861778
10073.501587	-120.093712
10074.174500	-120.115990
10074.847412	-119.972542
10075.520325	-119.378029
10076.193237	-120.004074
10076.866150	-120.257545
10077.539062	-118.875381
10078.211975	-118.879578
10078.884888	-119.835579
10079.557800	-120.029999
10080.230713	-119.423164
10080.903625	-119.373352
10081.576538	-119.629555
10082.249451	-119.578934
10082.922363	-119.158279
10083.595276	-119.674065
10084.268188	-120.744041
10084.941101	-120.386192
10085.614014	-119.722847
10086.286926	-119.625877
10086.959839	-119.257652
10087.632751	-119.409332
10088.305664	-119.192833
10088.978577	-119.446739
10089.651489	-119.511009
10090.324402	-119.269371
10090.997314	-118.526321
10091.670227	-118.549675
10092.343140	-118.802940
10093.016052	-119.158707
10093.688965	-119.627831
10094.361877	-119.635902
10095.034790	-118.994804
10095.707703	-119.230026
10096.380615	-119.564468
10097.053528	-119.922035
10097.726440	-119.353676
10098.399353	-119.490311
10099.072266	-119.932281
10099.745178	-119.927132
10100.418091	-119.867569
10101.091003	-120.004448
10101.763916	-120.193787
10102.436829	-119.977585
10103.109741	-119.829353
10103.782654	-119.680672
10104.455566	-119.220345
10105.128479	-119.094604
10105.801392	-119.134911
10106.474304	-119.012253
10107.147217	-119.427917
10107.820129	-119.806602
10108.493042	-119.974937
10109.165955	-119.621498
10109.838867	-119.673470
10110.511780	-119.784294
10111.184692	-119.561195
10111.857605	-119.603500
10112.530518	-119.588692
10113.203430	-120.298813
10113.876343	-120.407318
10114.549255	-120.304100
10115.222168	-119.998146
10115.895081	-119.414627
10116.567993	-119.765610
10117.240906	-119.874939
10117.913818	-120.313408
10118.586731	-119.959320
10119.259644	-119.915054
10119.932556	-119.776825
10120.605469	-119.330048
10121.278381	-119.509827
10121.951294	-119.531174
10122.624207	-119.226204
10123.297119	-119.837059
10123.970032	-120.056847
10124.642944	-119.906761
10125.315857	-119.439682
10125.988770	-120.111847
10126.661682	-119.829109
10127.334595	-119.979828
10128.007507	-119.446526
10128.680420	-119.876953
10129.353333	-119.742096
10130.026245	-119.547020
10130.699158	-119.854416
10131.372070	-120.158371
10132.044983	-119.806313
10132.717896	-119.138809
10133.390808	-119.102600
10134.063721	-119.389091
10134.736633	-119.981201
10135.409546	-120.298737
10136.082458	-120.461983
10136.755371	-120.572884
10137.428284	-120.118240
10138.101196	-119.716232
10138.774109	-120.405464
10139.447021	-120.479134
10140.119934	-119.735954
10140.792847	-119.448929
10141.465759	-119.738930
10142.138672	-119.464745
10142.811584	-119.417473
10143.484497	-120.342621
10144.157410	-119.719376
10144.830322	-119.340759
10145.503235	-119.553986
10146.176147	-119.626633
10146.849060	-119.118820
10147.521973	-119.476791
10148.194885	-119.706085
10148.867798	-120.083832
10149.540710	-120.328743
10150.213623	-120.631966
10150.886536	-120.414032
10151.559448	-120.600998
10152.232361	-120.418648
10152.905273	-120.303558
10153.578186	-119.793541
10154.251099	-120.779228
10154.924011	-120.730873
10155.596924	-119.889687
10156.269836	-119.794189
10156.942749	-119.493431
10157.615662	-119.082809
10158.288574	-119.520966
10158.961487	-119.359940
10159.634399	-119.378410
10160.307312	-120.081070
10160.980225	-120.380325
10161.653137	-119.472610
10162.326050	-119.677948
10162.998962	-120.143440
10163.671875	-119.924797
10164.344788	-119.514313
10165.017700	-119.600441
10165.690613	-120.068863
10166.363525	-119.780411
10167.036438	-119.722160
10167.709351	-120.102554
10168.382263	-120.255501
10169.055176	-120.111832
10169.728088	-119.764580
10170.401001	-119.951309
10171.073914	-120.194855
10171.746826	-120.004211
10172.419739	-119.949829
10173.092651	-119.532364
10173.765564	-120.083481
10174.438477	-120.293022
10175.111389	-119.899117
10175.784302	-119.858063
10176.457214	-120.406319
10177.130127	-120.351288
10177.803040	-120.559013
10178.475952	-120.633400
10179.148865	-120.519806
10179.821777	-119.992157
10180.494690	-119.260834
10181.167603	-119.686584
10181.840515	-120.831284
10182.513428	-120.314255
10183.186340	-120.736488
10183.859253	-120.237602
10184.532166	-119.714935
10185.205078	-119.507523
10185.877991	-120.447166
10186.550903	-120.259163
10187.223816	-119.936378
10187.896729	-119.751099
10188.569641	-119.988098
10189.242554	-120.501442
10189.915466	-120.306946
10190.588379	-120.383881
10191.261292	-119.590523
10191.934204	-119.899765
10192.607117	-120.344505
10193.280029	-120.278580
10193.952942	-119.728256
10194.625854	-119.754982
10195.298767	-120.005257
10195.971680	-120.548035
10196.644592	-119.715446
10197.317505	-119.238678
10197.990417	-120.215332
10198.663330	-120.746468
10199.336243	-120.638222
10200.009155	-120.088120
10200.682068	-119.838249
10201.354980	-120.026161
10202.027893	-120.750160
10202.700806	-120.660446
10203.373718	-120.854515
10204.046631	-120.289597
10204.719543	-120.747337
10205.392456	-121.244720
10206.065369	-120.396904
10206.738281	-119.888084
10207.411194	-120.013008
10208.084106	-119.824013
10208.757019	-119.895432
10209.429932	-120.009254
10210.102844	-119.914467
10210.775757	-119.451988
10211.448669	-120.036942
10212.121582	-119.861504
10212.794495	-120.388786
10213.467407	-120.299377
10214.140320	-119.348206
10214.813232	-118.913712
10215.486145	-119.499222
10216.159058	-120.016434
10216.831970	-119.962784
10217.504883	-119.850739
10218.177795	-120.576988
10218.850708	-120.171112
10219.523621	-119.942696
10220.196533	-120.028900
10220.869446	-120.537636
10221.542358	-120.365448
10222.215271	-120.286858
10222.888184	-119.914108
10223.561096	-119.983940
10224.234009	-120.309837
10224.906921	-120.501236
10225.579834	-120.455513
10226.252747	-120.346428
10226.925659	-120.298248
10227.598572	-120.729790
10228.271484	-120.319054
10228.944397	-120.201370
10229.617310	-119.747253
10230.290222	-120.504730
10230.963135	-120.699013
10231.636047	-119.989883
10232.308960	-120.375275
10232.981873	-120.094986
10233.654785	-120.764854
10234.327698	-120.798691
10235.000610	-120.377174
10235.673523	-120.405670
10236.346436	-120.987953
10237.019348	-120.425262
10237.692261	-120.642212
10238.365173	-120.682617
10239.038086	-120.642296
10239.710999	-120.578445
10240.383911	-120.159424
10241.056824	-120.787903
10241.729736	-120.275665
10242.402649	-120.113586
10243.075562	-120.416634
10243.748474	-120.301895
10244.421387	-120.466385
10245.094299	-121.126701
10245.767212	-120.315338
10246.440125	-120.184135
10247.113037	-119.930260
10247.785950	-120.354202
10248.458862	-119.898346
10249.131775	-119.649780
10249.804688	-119.510544
10250.477600	-120.707542
10251.150513	-120.895714
10251.823425	-120.065826
10252.496338	-120.929726
10253.169250	-121.046867
10253.842163	-120.837814
10254.515076	-120.093163
10255.187988	-120.428185
10255.860901	-120.906830
10256.533813	-120.536911
10257.206726	-120.824425
10257.879639	-120.638672
10258.552551	-120.296661
10259.225464	-120.566628
10259.898376	-120.781273
10260.571289	-120.114494
10261.244202	-120.416664
10261.917114	-120.666107
10262.590027	-120.808876
10263.262939	-120.305138
10263.935852	-120.382233
10264.608765	-120.248955
10265.281677	-120.961525
10265.954590	-121.424309
10266.627502	-120.342224
10267.300415	-119.689178
10267.973328	-119.784492
10268.646240	-119.921562
10269.319153	-120.237114
10269.992065	-120.430824
10270.664978	-120.585884
10271.337891	-120.898720
10272.010803	-120.175537
10272.683716	-119.898415
10273.356628	-120.978394
10274.029541	-120.812050
10274.702454	-120.248405
10275.375366	-120.682320
10276.048279	-121.114822
10276.721191	-120.663788
10277.394104	-121.126534
10278.067017	-120.640472
10278.739929	-121.163605
10279.412842	-121.225327
10280.085754	-120.321159
10280.758667	-120.136108
10281.431580	-120.333649
10282.104492	-120.292908
10282.777405	-120.514465
10283.450317	-120.816002
10284.123230	-120.871117
10284.796143	-120.372711
10285.469055	-120.156708
10286.141968	-120.733406
10286.814880	-120.414337
10287.487793	-120.062668
10288.160706	-119.899315
10288.833618	-119.786560
10289.506531	-119.769791
10290.179443	-120.157974
10290.852356	-120.104103
10291.525269	-120.510185
10292.198181	-120.105408
10292.871094	-120.161583
10293.544006	-120.405037
10294.216919	-120.434639
10294.889832	-120.550407
10295.562744	-120.654556
10296.235657	-120.984436
10296.908569	-120.495590
10297.581482	-120.751678
10298.254395	-120.769386
10298.927307	-120.711647
10299.600220	-120.526497
10300.273132	-120.945755
10300.946045	-120.671005
10301.618958	-120.300201
10302.291870	-120.261871
10302.964783	-120.354034
10303.637695	-120.865883
10304.310608	-120.706177
10304.983521	-120.715363
10305.656433	-120.288574
10306.329346	-119.859970
10307.002258	-120.925865
10307.675171	-121.311630
10308.348083	-120.870476
10309.020996	-120.473839
10309.693909	-120.174423
10310.366821	-120.826416
10311.039734	-121.324646
10311.712646	-120.864594
10312.385559	-120.929672
10313.058472	-120.683342
10313.731384	-121.007149
10314.404297	-121.131004
10315.077209	-120.990059
10315.750122	-121.239502
10316.423035	-120.906967
10317.095947	-120.871925
10317.768860	-120.678925
10318.441772	-120.831993
10319.114685	-120.539474
10319.787598	-120.564095
10320.460510	-120.686852
10321.133423	-121.471573
10321.806335	-120.812912
10322.479248	-120.460785
10323.152161	-121.036964
10323.825073	-121.438805
10324.497986	-121.029663
10325.170898	-120.671608
10325.843811	-120.750351
10326.516724	-121.032082
10327.189636	-120.918762
10327.862549	-121.160423
10328.535461	-120.798141
10329.208374	-120.353439
10329.881287	-120.770889
10330.554199	-120.978218
10331.227112	-120.942604
10331.900024	-120.851509
10332.572937	-120.701828
10333.245850	-121.099815
10333.918762	-121.038811
10334.591675	-120.766335
10335.264587	-120.783829
10335.937500	-120.583054
10336.610413	-120.503510
10337.283325	-120.710716
10337.956238	-120.537338
10338.629150	-120.957123
10339.302063	-122.227959
10339.974976	-120.990654
10340.647888	-120.420425
10341.320801	-120.967407
10341.993713	-120.684128
10342.666626	-120.340279
10343.339539	-120.273674
10344.012451	-120.797005
10344.685364	-120.899513
10345.358276	-121.147095
10346.031189	-120.985405
10346.704102	-120.900116
10347.377014	-120.570244
10348.049927	-121.029617
10348.722839	-121.250076
10349.395752	-119.803467
10350.068665	-120.255569
10350.741577	-120.895966
10351.414490	-121.307556
10352.087402	-120.834869
10352.760315	-121.073235
10353.433228	-121.148605
10354.106140	-120.421677
10354.779053	-120.571381
10355.451965	-121.333206
10356.124878	-121.077621
10356.797791	-120.689720
10357.470703	-121.161201
10358.143616	-121.004242
10358.816528	-120.876060
10359.489441	-121.334015
10360.162354	-121.390450
10360.835266	-120.759743
10361.508179	-120.408401
10362.181091	-120.824844
10362.854004	-120.987213
10363.526917	-120.870117
10364.199829	-120.694489
10364.872742	-120.810036
10365.545654	-121.029480
10366.218567	-120.990471
10366.891479	-121.185898
10367.564392	-120.285683
10368.237305	-120.176888
10368.910217	-120.400360
10369.583130	-121.166069
10370.256042	-121.901558
10370.928955	-121.306946
10371.601868	-120.563263
10372.274780	-120.692825
10372.947693	-120.898521
10373.620605	-120.889351
10374.293518	-121.193886
10374.966431	-120.863983
10375.639343	-120.376816
10376.312256	-120.569504
10376.985168	-121.006744
10377.658081	-120.510323
10378.330994	-120.427467
10379.003906	-121.172768
10379.676819	-121.789932
10380.349731	-121.729660
10381.022644	-121.379311
10381.695557	-121.029549
10382.368469	-121.700218
10383.041382	-121.483452
10383.714294	-121.279518
10384.387207	-121.100906
10385.060120	-122.066605
10385.733032	-121.368614
10386.405945	-121.181114
10387.078857	-121.322731
10387.751770	-121.608093
10388.424683	-120.705032
10389.097595	-120.635468
10389.770508	-121.165794
10390.443420	-121.589844
10391.116333	-121.252495
10391.789246	-120.748955
10392.462158	-120.419441
10393.135071	-120.749260
10393.807983	-120.831024
10394.480896	-121.077148
10395.153809	-121.075882
10395.826721	-121.051048
10396.499634	-120.670502
10397.172546	-121.363480
10397.845459	-121.541000
10398.518372	-121.765869
10399.191284	-121.559814
10399.864197	-121.024094
10400.537109	-121.248825
10401.210022	-121.672089
10401.882935	-121.035957
10402.555847	-121.182098
10403.228760	-120.834702
10403.901672	-121.584465
10404.574585	-121.707329
10405.247498	-121.660835
10405.920410	-121.288803
10406.593323	-121.564369
10407.266235	-121.312065
10407.939148	-121.494865
10408.612061	-121.199242
10409.284973	-120.925652
10409.957886	-121.553833
10410.630798	-121.496544
10411.303711	-121.357063
10411.976624	-121.066696
10412.649536	-120.926720
10413.322449	-121.033241
10413.995361	-121.346718
10414.668274	-121.032593
10415.341187	-121.024223
10416.014099	-121.095612
10416.687012	-121.568321
10417.359924	-121.792236
10418.032837	-121.241325
10418.705750	-121.192062
10419.378662	-121.478806
10420.051575	-121.332642
10420.724487	-120.914162
10421.397400	-121.412727
10422.070312	-121.408142
10422.743225	-120.979561
10423.416138	-120.918381
10424.089050	-120.952454
10424.761963	-120.849388
10425.434875	-121.456612
10426.107788	-121.814697
10426.780701	-121.254593
10427.453613	-121.050697
10428.126526	-121.222435
10428.799438	-121.282936
10429.472351	-121.802361
10430.145264	-121.309464
10430.818176	-121.429169
10431.491089	-120.955070
10432.164001	-120.665337
10432.836914	-121.315857
10433.509827	-121.343239
10434.182739	-121.802353
10434.855652	-122.040756
10435.528564	-121.688225
10436.201477	-121.616760
10436.874390	-122.140678
10437.547302	-122.568756
10438.220215	-122.096069
10438.893127	-121.389145
10439.566040	-121.922104
10440.238953	-121.652306
10440.911865	-121.209785
10441.584778	-121.111153
10442.257690	-121.742958
10442.930603	-121.724937
10443.603516	-121.396187
10444.276428	-121.476433
10444.949341	-121.169197
10445.622253	-121.610207
10446.295166	-122.182899
10446.968079	-121.949059
10447.640991	-121.392509
10448.313904	-121.596489
10448.986816	-121.650642
10449.659729	-121.191544
10450.332642	-121.479874
10451.005554	-121.529251
10451.678467	-121.357788
10452.351379	-121.188240
10453.024292	-121.429550
10453.697205	-121.812332
10454.370117	-121.538406
10455.043030	-120.997314
10455.715942	-121.431877
10456.388855	-122.141495
10457.061768	-122.192963
10457.734680	-121.828712
10458.407593	-121.310349
10459.080505	-121.402725
10459.753418	-120.842293
10460.426331	-121.369545
10461.099243	-121.693939
10461.772156	-122.768517
10462.445068	-121.860252
10463.117981	-121.123337
10463.790894	-121.753990
10464.463806	-121.974831
10465.136719	-121.894081
10465.809631	-121.559502
10466.482544	-120.627373
10467.155457	-121.528214
10467.828369	-121.805527
10468.501282	-121.364540
10469.174194	-121.449669
10469.847107	-121.342842
10470.520020	-121.501404
10471.192932	-121.398834
10471.865845	-121.717079
10472.538757	-122.725899
10473.211670	-121.956612
10473.884583	-121.730453
10474.557495	-121.365768
10475.230408	-121.487892
10475.903320	-121.961334
10476.576233	-121.565956
10477.249146	-121.164238
10477.922058	-120.769173
10478.594971	-121.635406
10479.267883	-121.948441
10479.940796	-121.463295
10480.613708	-122.603050
10481.286621	-122.138672
10481.959534	-121.336563
10482.632446	-121.352531
10483.305359	-121.441742
10483.978271	-122.119011
10484.651184	-121.827911
10485.324097	-121.867439
10485.997009	-122.745308
10486.669922	-122.478043
10487.342834	-121.488754
10488.015747	-121.979988
10488.688660	-121.943054
10489.361572	-121.529221
10490.034485	-121.966988
10490.707397	-121.889023
10491.380310	-122.136192
10492.053223	-121.615334
10492.726135	-121.293251
10493.399048	-121.918259
10494.071960	-121.462044
10494.744873	-121.082794
10495.417786	-120.849625
10496.090698	-121.649704
10496.763611	-121.505913
10497.436523	-121.590706
10498.109436	-122.325691
10498.782349	-121.663193
10499.455261	-122.018257
10500.128174	-122.536453
10500.801086	-121.924156
10501.473999	-121.599373
10502.146912	-121.316948
10502.819824	-121.611702
10503.492737	-121.700424
10504.165649	-121.810036
10504.838562	-121.386009
10505.511475	-121.605705
10506.184387	-121.896996
10506.857300	-121.824760
10507.530212	-121.524429
10508.203125	-121.950882
10508.876038	-122.178894
10509.548950	-121.511604
10510.221863	-121.999916
10510.894775	-122.301445
10511.567688	-122.432510
10512.240601	-122.717087
10512.913513	-122.055305
10513.586426	-122.095276
10514.259338	-121.896194
10514.932251	-122.352051
10515.605164	-121.908737
10516.278076	-121.380447
10516.950989	-121.840797
10517.623901	-121.734009
10518.296814	-121.437820
10518.969727	-121.563866
10519.642639	-122.205139
10520.315552	-122.368538
10520.988464	-122.071045
10521.661377	-122.424469
10522.334290	-122.155907
10523.007202	-121.878410
10523.680115	-121.521416
10524.353027	-121.914368
10525.025940	-122.853996
10525.698853	-122.561417
10526.371765	-122.569641
10527.044678	-122.410698
10527.717590	-122.709862
10528.390503	-122.497063
10529.063416	-121.813820
10529.736328	-122.375671
10530.409241	-123.029648
10531.082153	-122.589821
10531.755066	-122.803604
10532.427979	-122.559288
10533.100891	-121.902550
10533.773804	-122.027267
10534.446716	-121.757034
10535.119629	-122.663727
10535.792542	-122.655602
10536.465454	-122.933144
10537.138367	-122.506714
10537.811279	-122.648415
10538.484192	-121.989738
10539.157104	-121.850060
10539.830017	-121.986107
10540.502930	-122.729713
10541.175842	-122.740700
10541.848755	-122.270737
10542.521667	-122.036690
10543.194580	-122.218666
10543.867493	-122.531502
10544.540405	-122.396469
10545.213318	-122.441040
10545.886230	-123.055893
10546.559143	-123.211449
10547.232056	-122.414406
10547.904968	-122.109879
10548.577881	-121.912949
10549.250793	-121.410553
10549.923706	-121.907692
10550.596619	-122.323570
10551.269531	-122.545418
10551.942444	-122.559334
10552.615356	-121.922958
10553.288269	-121.778198
10553.961182	-121.728287
10554.634094	-121.565292
10555.307007	-121.880875
10555.979919	-122.080582
10556.652832	-121.880630
10557.325745	-122.471802
10557.998657	-121.937195
10558.671570	-121.980705
10559.344482	-122.122177
10560.017395	-122.637398
10560.690308	-122.279640
10561.363220	-122.193604
10562.036133	-122.443924
10562.709045	-122.514000
10563.381958	-122.590752
10564.054871	-122.830238
10564.727783	-123.354546
10565.400696	-122.536697
10566.073608	-122.725006
10566.746521	-122.377502
10567.419434	-122.001015
10568.092346	-121.802429
10568.765259	-121.960411
10569.438171	-122.546555
10570.111084	-123.201912
10570.783997	-123.208466
10571.456909	-122.264252
10572.129822	-122.112381
10572.802734	-122.384552
10573.475647	-122.628853
10574.148560	-122.642448
10574.821472	-122.499336
10575.494385	-123.261505
10576.167297	-122.770508
10576.840210	-123.249481
10577.513123	-122.354164
10578.186035	-122.100563
10578.858948	-122.336220
10579.531860	-122.238304
10580.204773	-122.528900
10580.877686	-122.966148
10581.550598	-123.123726
10582.223511	-122.903816
10582.896423	-122.640984
10583.569336	-122.187187
10584.242249	-122.503349
10584.915161	-122.662125
10585.588074	-122.727936
10586.260986	-122.706451
10586.933899	-122.361130
10587.606812	-123.346504
10588.279724	-122.506516
10588.952637	-122.242424
10589.625549	-122.459740
10590.298462	-122.576042
10590.971375	-122.991714
10591.644287	-123.185509
10592.317200	-122.696968
10592.990112	-122.756195
10593.663025	-123.299019
10594.335938	-122.774124
10595.008850	-122.496094
10595.681763	-123.210884
10596.354675	-123.220276
10597.027588	-122.424095
10597.700500	-122.545151
10598.373413	-122.861313
10599.046326	-122.596046
10599.719238	-122.879204
10600.392151	-122.678001
10601.065063	-122.164848
10601.737976	-122.805939
10602.410889	-122.916275
10603.083801	-122.693604
10603.756714	-123.321800
10604.429626	-123.066673
10605.102539	-122.845451
10605.775452	-122.855637
10606.448364	-122.656288
10607.121277	-122.239365
10607.794189	-122.291649
10608.467102	-122.710403
10609.140015	-122.948631
10609.812927	-123.512115
10610.485840	-123.151894
10611.158752	-122.581833
10611.831665	-123.109886
10612.504578	-122.840950
10613.177490	-122.370895
10613.850403	-122.306831
10614.523315	-122.080276
10615.196228	-122.398949
10615.869141	-123.147217
10616.542053	-122.780785
10617.214966	-122.891190
10617.887878	-123.211487
10618.560791	-122.937675
10619.233704	-122.425026
10619.906616	-122.598839
10620.579529	-122.461014
10621.252441	-122.401871
10621.925354	-122.636818
10622.598267	-122.623222
10623.271179	-122.989166
10623.944092	-123.283981
10624.617004	-123.420403
10625.289917	-123.085197
10625.962830	-122.736778
10626.635742	-122.339485
10627.308655	-122.550903
10627.981567	-122.806679
10628.654480	-122.794189
10629.327393	-123.042595
10630.000305	-122.845978
10630.673218	-122.673622
10631.346130	-122.496887
10632.019043	-123.027611
10632.691956	-122.948227
10633.364868	-122.989426
10634.037781	-123.850021
10634.710693	-124.699257
10635.383606	-123.785103
10636.056519	-122.723244
10636.729431	-123.143135
10637.402344	-122.758354
10638.075256	-122.361984
10638.748169	-122.326698
10639.421082	-122.490738
10640.093994	-122.597992
10640.766907	-122.883392
10641.439819	-123.454636
10642.112732	-124.063248
10642.785645	-123.869019
10643.458557	-123.592247
10644.131470	-122.950615
10644.804382	-123.189247
10645.477295	-123.143456
10646.150208	-122.889488
10646.823120	-122.444939
10647.496033	-122.690201
10648.168945	-123.358078
10648.841858	-123.090378
10649.514771	-122.189384
10650.187683	-122.532333
10650.860596	-122.636238
10651.533508	-122.679230
10652.206421	-123.547676
10652.879333	-123.180725
10653.552246	-122.655457
10654.225159	-122.887238
10654.898071	-123.021172
10655.570984	-123.083847
10656.243896	-122.463364
10656.916809	-122.390678
10657.589722	-123.390762
10658.262634	-123.714836
10658.935547	-123.507759
10659.608459	-123.614128
10660.281372	-122.911407
10660.954285	-123.026627
10661.627197	-124.017769
10662.300110	-123.479881
10662.973022	-123.556732
10663.645935	-123.968056
10664.318848	-123.533951
10664.991760	-123.233047
10665.664673	-123.172173
10666.337585	-123.368858
10667.010498	-124.041702
10667.683411	-123.234352
10668.356323	-123.059059
10669.029236	-123.084846
10669.702148	-123.061279
10670.375061	-122.912880
10671.047974	-123.167625
10671.720886	-123.311577
10672.393799	-123.113464
10673.066711	-123.117188
10673.739624	-123.755302
10674.412537	-123.035240
10675.085449	-122.507431
10675.758362	-122.605011
10676.431274	-122.564285
10677.104187	-123.277954
10677.777100	-123.065010
10678.450012	-122.957336
10679.122925	-123.369560
10679.795837	-123.501648
10680.468750	-123.423004
10681.141663	-123.676788
10681.814575	-122.943474
10682.487488	-123.309044
10683.160400	-123.234291
10683.833313	-123.350883
10684.506226	-123.446426
10685.179138	-123.050385
10685.852051	-123.017479
10686.524963	-123.884193
10687.197876	-123.872086
10687.870789	-123.507477
10688.543701	-123.537727
10689.216614	-123.096313
10689.889526	-123.341522
10690.562439	-123.438416
10691.235352	-124.004211
10691.908264	-123.493027
10692.581177	-123.585487
10693.254089	-122.805916
10693.927002	-122.915260
10694.599915	-123.456390
10695.272827	-122.920761
10695.945740	-122.650780
10696.618652	-123.428535
10697.291565	-123.847191
10697.964478	-124.084465
10698.637390	-124.176445
10699.310303	-123.677429
10699.983215	-123.278877
10700.656128	-123.166077
10701.329041	-122.896851
10702.001953	-122.804169
10702.674866	-123.162514
10703.347778	-122.926506
10704.020691	-123.639732
10704.693604	-123.368561
10705.366516	-123.592926
10706.039429	-123.748932
10706.712341	-123.797119
10707.385254	-123.080101
10708.058167	-123.703148
10708.731079	-123.317032
10709.403992	-122.984787
10710.076904	-123.736633
10710.749817	-124.273239
10711.422729	-123.816185
10712.095642	-123.924759
10712.768555	-123.915337
10713.441467	-124.139435
10714.114380	-123.426178
10714.787292	-123.661499
10715.460205	-123.718155
10716.133118	-123.827576
10716.806030	-123.417305
10717.478943	-123.367973
10718.151855	-123.126595
10718.824768	-123.459076
10719.497681	-123.942520
10720.170593	-123.973434
10720.843506	-124.005844
10721.516418	-123.965965
10722.189331	-123.934097
10722.862244	-124.117439
10723.535156	-123.979301
10724.208069	-124.037010
10724.880981	-123.726616
10725.553894	-123.145187
10726.226807	-123.496735
10726.899719	-124.097130
10727.572632	-123.694283
10728.245544	-123.075783
10728.918457	-123.309601
10729.591370	-123.533157
10730.264282	-123.715828
10730.937195	-123.907570
10731.610107	-124.703499
10732.283020	-124.556686
10732.955933	-123.589577
10733.628845	-123.247314
10734.301758	-123.388237
10734.974670	-122.742950
10735.647583	-123.329895
10736.320496	-123.535866
10736.993408	-123.905754
10737.666321	-124.628197
10738.339233	-123.348564
10739.012146	-123.543373
10739.685059	-123.632095
10740.357971	-123.690048
10741.030884	-124.282570
10741.703796	-123.602226
10742.376709	-123.105431
10743.049622	-123.370934
10743.722534	-124.084755
10744.395447	-124.586082
10745.068359	-123.830734
10745.741272	-123.607239
10746.414185	-123.843857
10747.087097	-123.391785
10747.760010	-123.131966
10748.432922	-123.420403
10749.105835	-124.224434
10749.778748	-124.314034
10750.451660	-124.040154
10751.124573	-123.801453
10751.797485	-123.959488
10752.470398	-124.446281
10753.143311	-124.527580
10753.816223	-124.696381
10754.489136	-123.990013
10755.162048	-123.819168
10755.834961	-124.095451
10756.507874	-124.120827
10757.180786	-123.796303
10757.853699	-123.775978
10758.526611	-123.696167
10759.199524	-123.525635
10759.872437	-123.365891
10760.545349	-123.550163
10761.218262	-123.927727
10761.891174	-124.214951
10762.564087	-124.044579
10763.237000	-123.567146
10763.909912	-123.845184
10764.582825	-124.068611
10765.255737	-124.107361
10765.928650	-124.193962
10766.601562	-124.022781
10767.274475	-124.270477
10767.947388	-124.259453
10768.620300	-123.907372
10769.293213	-123.657318
10769.966125	-123.316635
10770.639038	-123.722656
10771.311951	-123.930840
10771.984863	-123.725433
10772.657776	-123.812294
10773.330688	-123.988686
10774.003601	-124.227730
10774.676514	-124.388016
10775.349426	-123.828224
10776.022339	-123.877632
10776.695251	-123.470169
10777.368164	-123.908958
10778.041077	-124.313858
10778.713989	-123.868202
10779.386902	-124.204422
10780.059814	-124.421341
10780.732727	-124.312340
10781.405640	-124.509598
10782.078552	-124.649437
10782.751465	-124.266685
10783.424377	-124.104012
10784.097290	-123.728287
10784.770203	-123.905830
10785.443115	-123.748634
10786.116028	-123.955276
10786.788940	-124.861168
10787.461853	-123.429344
10788.134766	-123.750725
10788.807678	-123.918320
10789.480591	-123.940010
10790.153503	-124.676224
10790.826416	-123.909386
10791.499329	-124.248032
10792.172241	-124.599648
10792.845154	-123.759689
10793.518066	-123.872398
10794.190979	-123.600960
10794.863892	-124.126320
10795.536804	-124.508873
10796.209717	-124.876320
10796.882629	-124.346031
10797.555542	-124.400986
10798.228455	-124.594574
10798.901367	-124.932549
10799.574280	-124.757721
10800.247192	-124.656990
10800.920105	-124.034088
10801.593018	-123.689781
10802.265930	-123.933632
10802.938843	-124.034676
10803.611755	-124.545219
10804.284668	-124.500664
10804.957581	-124.124763
10805.630493	-124.480881
10806.303406	-124.335304
10806.976318	-124.231277
10807.649231	-123.806244
10808.322144	-123.700935
10808.995056	-124.243851
10809.667969	-124.142830
10810.340881	-124.415291
10811.013794	-124.856773
10811.686707	-124.674263
10812.359619	-124.324593
10813.032532	-124.003319
10813.705444	-124.099442
10814.378357	-123.949547
10815.051270	-124.163887
10815.724182	-125.139862
10816.397095	-123.980820
10817.070007	-124.174591
10817.742920	-124.395744
10818.415833	-123.967712
10819.088745	-124.030586
10819.761658	-123.580017
10820.434570	-124.005180
10821.107483	-124.292961
10821.780396	-124.759239
10822.453308	-124.144432
10823.126221	-123.872978
10823.799133	-124.171860
10824.472046	-124.471199
10825.144958	-124.631775
10825.817871	-123.930977
10826.490784	-124.116096
10827.163696	-124.720901
10827.836609	-124.308495
10828.509521	-124.284698
10829.182434	-124.499474
10829.855347	-124.460762
10830.528259	-124.658920
10831.201172	-124.389503
10831.874084	-123.820389
10832.546997	-124.058556
10833.219910	-124.334877
10833.892822	-124.198975
10834.565735	-124.056137
10835.238647	-124.193115
10835.911560	-124.761192
10836.584473	-124.868896
10837.257385	-124.551041
10837.930298	-124.526466
10838.603210	-123.866631
10839.276123	-124.360870
10839.949036	-125.035759
10840.621948	-124.353081
10841.294861	-124.350029
10841.967773	-124.140320
10842.640686	-124.061684
10843.313599	-123.912872
10843.986511	-124.527092
10844.659424	-125.060806
10845.332336	-124.576134
10846.005249	-124.697029
10846.678162	-124.828255
10847.351074	-125.340500
10848.023987	-124.416092
10848.696899	-124.181763
10849.369812	-124.118851
10850.042725	-124.020393
10850.715637	-124.355118
10851.388550	-124.140808
10852.061462	-124.487595
10852.734375	-124.232819
10853.407288	-124.025978
10854.080200	-124.702354
10854.753113	-124.480354
10855.426025	-123.947006
10856.098938	-124.618744
10856.771851	-124.010765
10857.444763	-123.784210
10858.117676	-124.884003
10858.790588	-124.267021
10859.463501	-124.276283
10860.136414	-124.642067
10860.809326	-124.744064
10861.482239	-124.716095
10862.155151	-125.018364
10862.828064	-124.878258
10863.500977	-124.262680
10864.173889	-124.355957
10864.846802	-124.797035
10865.519714	-124.556229
10866.192627	-124.082802
10866.865540	-124.409531
10867.538452	-124.717072
10868.211365	-124.484055
10868.884277	-124.005333
10869.557190	-123.978012
10870.230103	-123.932816
10870.903015	-124.060242
10871.575928	-124.228203
10872.248840	-123.783188
10872.921753	-124.264053
10873.594666	-124.528053
10874.267578	-124.532532
10874.940491	-124.575562
10875.613403	-124.553299
10876.286316	-124.658745
10876.959229	-124.579369
10877.632141	-124.210129
10878.305054	-124.295906
10878.977966	-124.121552
10879.650879	-124.584984
10880.323792	-125.239769
10880.996704	-125.276245
10881.669617	-124.689880
10882.342529	-124.522812
10883.015442	-124.849915
10883.688354	-124.741760
10884.361267	-124.633621
10885.034180	-125.046906
10885.707092	-125.020599
10886.380005	-125.365044
10887.052917	-125.215157
10887.725830	-124.938316
10888.398743	-124.752991
10889.071655	-124.120911
10889.744568	-124.081093
10890.417480	-124.991608
10891.090393	-124.852608
10891.763306	-125.041145
10892.436218	-125.491264
10893.109131	-125.415291
10893.782043	-125.341179
10894.454956	-125.389015
10895.127869	-125.390587
10895.800781	-124.879402
10896.473694	-124.528709
10897.146606	-124.410690
10897.819519	-125.002129
10898.492432	-124.770325
10899.165344	-124.755775
10899.838257	-124.415703
10900.511169	-124.581871
10901.184082	-123.692421
10901.856995	-123.941338
10902.529907	-124.216461
10903.202820	-123.996841
10903.875732	-124.500908
10904.548645	-124.838882
10905.221558	-124.959442
10905.894470	-124.907356
10906.567383	-124.414001
10907.240295	-124.021255
10907.913208	-124.388863
10908.586121	-124.141106
10909.259033	-124.386986
10909.931946	-124.919724
10910.604858	-124.595825
10911.277771	-124.998688
10911.950684	-125.421944
10912.623596	-124.826881
10913.296509	-124.571915
10913.969421	-124.907326
10914.642334	-125.331909
10915.315247	-125.102989
10915.988159	-124.466759
10916.661072	-124.959641
10917.333984	-125.106567
10918.006897	-125.381866
10918.679810	-124.907501
10919.352722	-124.797066
10920.025635	-124.628082
10920.698547	-124.803238
10921.371460	-125.185684
10922.044373	-124.515427
10922.717285	-124.414528
10923.390198	-124.889717
10924.063110	-124.852890
10924.736023	-124.776779
10925.408936	-124.668587
10926.081848	-124.288925
10926.754761	-124.659943
10927.427673	-124.450119
10928.100586	-124.568077
10928.773499	-125.593987
10929.446411	-125.216370
10930.119324	-125.114189
10930.792236	-124.708145
10931.465149	-124.256721
10932.138062	-124.112488
10932.810974	-124.736526
10933.483887	-125.247017
10934.156799	-125.119423
10934.829712	-124.955582
10935.502625	-124.829979
10936.175537	-125.312759
10936.848450	-125.565544
10937.521362	-125.165108
10938.194275	-124.930847
10938.867188	-124.776527
10939.540100	-124.960312
10940.213013	-124.922615
10940.885925	-124.843063
10941.558838	-124.109657
10942.231750	-124.960068
10942.904663	-125.457848
10943.577576	-125.011009
10944.250488	-124.104156
10944.923401	-124.420601
10945.596313	-124.745163
10946.269226	-124.732986
10946.942139	-124.794121
10947.615051	-124.455490
10948.287964	-124.141602
10948.960876	-123.800293
10949.633789	-124.634087
10950.306702	-125.091682
10950.979614	-124.440086
10951.652527	-124.526764
10952.325439	-124.056908
10952.998352	-124.915680
10953.671265	-125.047935
10954.344177	-125.078728
10955.017090	-125.096863
10955.690002	-124.832100
10956.362915	-125.419754
10957.035828	-125.598495
10957.708740	-125.001305
10958.381653	-125.153328
10959.054565	-125.007912
10959.727478	-125.257935
10960.400391	-124.507111
10961.073303	-124.249123
10961.746216	-125.077324
10962.419128	-124.717674
10963.092041	-124.363930
10963.764954	-124.696976
10964.437866	-125.353020
10965.110779	-125.671204
10965.783691	-124.636566
10966.456604	-125.099922
10967.129517	-125.221451
10967.802429	-124.690758
10968.475342	-124.254791
10969.148254	-124.595642
10969.821167	-125.142342
10970.494080	-124.242142
10971.166992	-124.576233
10971.839905	-125.059090
10972.512817	-124.654541
10973.185730	-124.383881
10973.858643	-124.717377
10974.531555	-125.116173
10975.204468	-125.542542
10975.877380	-125.546051
10976.550293	-125.147705
10977.223206	-124.820656
10977.896118	-124.619232
10978.569031	-125.236565
10979.241943	-124.991676
10979.914856	-124.673615
10980.587769	-124.572998
10981.260681	-124.982269
10981.933594	-124.821007
10982.606506	-124.440262
10983.279419	-124.461182
10983.952332	-124.620720
10984.625244	-125.427872
10985.298157	-124.655807
10985.971069	-124.899773
10986.643982	-125.362915
10987.316895	-125.051552
10987.989807	-124.992477
10988.662720	-124.858231
10989.335632	-124.968262
10990.008545	-124.946655
10990.681458	-125.307472
10991.354370	-125.062523
10992.027283	-124.745995
10992.700195	-124.518066
10993.373108	-124.666092
10994.046021	-124.575523
10994.718933	-125.068527
10995.391846	-125.153633
10996.064758	-125.169792
10996.737671	-124.422256
10997.410583	-124.223892
10998.083496	-124.246338
10998.756409	-124.294823
10999.429321	-124.507317
11000.102234	-125.180145
11000.775146	-124.898605
11001.448059	-125.075722
11002.120972	-124.653618
11002.793884	-125.046844
11003.466797	-125.320602
11004.139709	-124.545654
11004.812622	-124.980644
11005.485535	-124.981148
11006.158447	-125.038879
11006.831360	-124.726883
11007.504272	-124.354141
11008.177185	-125.009567
11008.850098	-124.909592
11009.523010	-124.358368
11010.195923	-124.093369
11010.868835	-124.749069
11011.541748	-124.673439
11012.214661	-125.496056
11012.887573	-126.159233
11013.560486	-125.507057
11014.233398	-125.675598
11014.906311	-125.474457
11015.579224	-124.829193
11016.252136	-125.410042
11016.925049	-124.879463
11017.597961	-124.685059
11018.270874	-125.105164
11018.943787	-124.892387
11019.616699	-124.538284
11020.289612	-124.681175
11020.962524	-125.088600
11021.635437	-124.676941
11022.308350	-124.927231
11022.981262	-124.836037
11023.654175	-124.767990
11024.327087	-124.543190
