Frequency (Hz)	Level (dB)
0.672913	-95.257492
1.345825	-119.521820
2.018738	-119.498505
2.691650	-119.012215
3.364563	-117.694901
4.037476	-112.893990
4.710388	-111.791489
5.383301	-113.052696
6.056213	-112.687157
6.729126	-111.118446
7.402039	-109.052666
8.074951	-109.810181
8.747864	-109.120331
9.420776	-107.763260
10.093689	-105.572266
10.766602	-102.788429
11.439514	-101.367683
12.112427	-100.825264
12.785339	-100.169044
13.458252	-95.523804
14.131165	-90.056435
14.804077	-84.655235
15.476990	-82.496597
16.149902	-86.338089
16.822815	-91.794540
17.495728	-94.077316
18.168640	-97.577538
18.841553	-98.718369
19.514465	-96.300552
20.187378	-95.901260
20.860291	-95.435333
21.533203	-94.489586
22.206116	-93.975090
22.879028	-93.554420
23.551941	-94.677773
24.224854	-97.440971
24.897766	-95.365097
25.570679	-94.934448
26.243591	-92.837280
26.916504	-91.955338
27.589417	-94.248001
28.262329	-96.653183
28.935242	-98.274536
29.608154	-98.434517
30.281067	-98.903542
30.953979	-98.275856
31.626892	-97.677910
32.299805	-97.439957
32.972717	-98.445648
33.645630	-98.761330
34.318542	-97.795479
34.991455	-96.964157
35.664368	-96.707268
36.337280	-96.910004
37.010193	-96.160583
37.683105	-95.247574
38.356018	-94.393768
39.028931	-93.320518
39.701843	-91.687561
40.374756	-90.649384
41.047668	-89.383217
41.720581	-87.356720
42.393494	-85.587090
43.066406	-83.818718
43.739319	-81.591400
44.412231	-78.993675
45.085144	-74.778076
45.758057	-70.976341
46.430969	-68.236130
47.103882	-66.235016
47.776794	-65.664078
48.449707	-66.753304
49.122620	-68.234673
49.795532	-68.554237
50.468445	-68.253235
51.141357	-68.750381
51.814270	-70.470161
52.487183	-72.709290
53.160095	-74.449654
53.833008	-76.215614
54.505920	-79.133308
55.178833	-81.837418
55.851746	-81.844955
56.524658	-81.231728
57.197571	-80.706161
57.870483	-80.331871
58.543396	-80.198601
59.216309	-80.962982
59.889221	-81.243919
60.562134	-80.771645
61.235046	-80.817917
61.907959	-80.914078
62.580872	-80.194160
63.253784	-79.427490
63.926697	-78.826668
64.599609	-77.883667
65.272522	-77.045738
65.945435	-76.728943
66.618347	-76.955742
67.291260	-77.250900
67.964172	-77.466614
68.637085	-78.146263
69.309998	-79.742508
69.982910	-81.859161
70.655823	-83.533119
71.328735	-85.037117
72.001648	-85.658493
72.674561	-84.265915
73.347473	-82.347946
74.020386	-82.407990
74.693298	-84.169235
75.366211	-87.435593
76.039124	-90.817802
76.712036	-94.290695
77.384949	-95.856987
78.057861	-97.008881
78.730774	-97.012810
79.403687	-97.528168
80.076599	-98.232468
80.749512	-97.248306
81.422424	-97.262260
82.095337	-97.218216
82.768250	-97.210510
83.441162	-95.880341
84.114075	-96.119011
84.786987	-96.351349
85.459900	-95.989662
86.132812	-95.230461
86.805725	-95.255402
87.478638	-94.009422
88.151550	-92.976639
88.824463	-92.217979
89.497375	-89.066467
90.170288	-87.127037
90.843201	-87.097412
91.516113	-87.540001
92.189026	-87.884598
92.861938	-89.275482
93.534851	-89.554527
94.207764	-87.717812
94.880676	-87.063461
95.553589	-86.976059
96.226501	-86.630455
96.899414	-86.204239
97.572327	-86.381470
98.245239	-86.990982
98.918152	-88.147896
99.591064	-89.849220
100.263977	-91.502075
100.936890	-94.124367
101.609802	-96.524040
102.282715	-97.469505
102.955627	-95.998428
103.628540	-94.532501
104.301453	-93.292809
104.974365	-91.842461
105.647278	-90.729317
106.320190	-90.958626
106.993103	-91.773872
107.666016	-91.888016
108.338928	-90.687096
109.011841	-89.113731
109.684753	-87.148880
110.357666	-85.753769
111.030579	-85.379601
111.703491	-85.862091
112.376404	-87.174263
113.049316	-89.363014
113.722229	-92.295158
114.395142	-96.477158
115.068054	-100.043159
115.740967	-99.910858
116.413879	-98.815323
117.086792	-97.688057
117.759705	-97.038399
118.432617	-96.817764
119.105530	-95.893311
119.778442	-94.975983
120.451355	-93.042938
121.124268	-91.707092
121.797180	-91.343094
122.470093	-91.645821
123.143005	-92.472931
123.815918	-93.584259
124.488831	-95.079819
125.161743	-96.584160
125.834656	-98.195007
126.507568	-98.718620
127.180481	-98.217102
127.853394	-98.288376
128.526306	-98.000862
129.199219	-97.745476
129.872131	-96.629860
130.545044	-96.312637
131.217957	-96.813316
131.890869	-97.907860
132.563782	-97.958481
133.236694	-98.441368
133.909607	-98.956329
134.582520	-98.740761
135.255432	-98.409828
135.928345	-96.797546
136.601257	-94.804108
137.274170	-93.612206
137.947083	-92.818756
138.619995	-92.450012
139.292908	-92.537048
139.965820	-92.638916
140.638733	-92.748764
141.311646	-92.727013
141.984558	-91.906647
142.657471	-89.754097
143.330383	-87.749237
144.003296	-86.812622
144.676208	-87.353500
145.349121	-88.978416
146.022034	-91.179459
146.694946	-93.982651
147.367859	-97.276588
148.040771	-99.853111
148.713684	-100.952057
149.386597	-102.929909
150.059509	-105.631508
150.732422	-103.896095
151.405334	-101.725861
152.078247	-101.703377
152.751160	-102.231453
153.424072	-103.795715
154.096985	-103.646965
154.769897	-103.301666
155.442810	-102.047760
156.115723	-100.305641
156.788635	-98.543175
157.461548	-95.279549
158.134460	-92.401451
158.807373	-91.375519
159.480286	-91.748077
160.153198	-92.966179
160.826111	-92.789650
161.499023	-91.175827
162.171936	-90.500267
162.844849	-91.045197
163.517761	-92.248863
164.190674	-93.722389
164.863586	-95.447350
165.536499	-97.157021
166.209412	-98.923721
166.882324	-100.041336
167.555237	-98.665054
168.228149	-97.167374
168.901062	-96.823433
169.573975	-96.692261
170.246887	-96.392624
170.919800	-95.578262
171.592712	-94.328819
172.265625	-93.555367
172.938538	-93.336296
173.611450	-93.845253
174.284363	-94.948936
174.957275	-95.802078
175.630188	-95.800827
176.303101	-94.787727
176.976013	-93.325005
177.648926	-92.082451
178.321838	-91.080566
178.994751	-90.778404
179.667664	-91.238686
180.340576	-92.616142
181.013489	-95.522980
181.686401	-98.647766
182.359314	-98.690720
183.032227	-97.121452
183.705139	-95.542435
184.378052	-95.440224
185.050964	-95.417419
185.723877	-95.068687
186.396790	-94.058052
187.069702	-93.000069
187.742615	-93.038612
188.415527	-93.120781
189.088440	-92.560219
189.761353	-91.668121
190.434265	-91.091667
191.107178	-90.674049
191.780090	-89.656555
192.453003	-89.086296
193.125916	-89.559654
193.798828	-91.327995
194.471741	-92.795143
195.144653	-92.625504
195.817566	-91.108292
196.490479	-89.536949
197.163391	-89.427895
197.836304	-90.569420
198.509216	-92.385612
199.182129	-93.894501
199.855042	-90.848175
200.527954	-93.112320
201.200867	-96.110626
201.873779	-94.977646
202.546692	-93.866989
203.219604	-93.174629
203.892517	-92.796814
204.565430	-93.078201
205.238342	-94.100777
205.911255	-95.604683
206.584167	-98.058037
207.257080	-101.623856
207.929993	-102.020470
208.602905	-98.786575
209.275818	-97.130600
209.948730	-97.241356
210.621643	-98.936821
211.294556	-101.063927
211.967468	-102.198982
212.640381	-101.668503
213.313293	-100.235161
213.986206	-99.062836
214.659119	-98.419350
215.332031	-98.249031
216.004944	-97.409050
216.677856	-97.070862
217.350769	-97.891975
218.023682	-99.188820
218.696594	-99.648613
219.369507	-100.546593
220.042419	-100.519310
220.715332	-99.559212
221.388245	-99.501076
222.061157	-100.211639
222.734070	-101.782829
223.406982	-102.476250
224.079895	-104.375458
224.752808	-106.809326
225.425720	-106.090813
226.098633	-103.700653
226.771545	-101.380165
227.444458	-101.145714
228.117371	-102.398796
228.790283	-102.449600
229.463196	-102.806511
230.136108	-103.186966
230.809021	-103.679909
231.481934	-103.885574
232.154846	-102.628273
232.827759	-101.195580
233.500671	-100.364845
234.173584	-99.389221
234.846497	-98.583282
235.519409	-97.892807
236.192322	-97.708336
236.865234	-97.114975
237.538147	-96.185196
238.211060	-96.105431
238.883972	-96.792198
239.556885	-97.643646
240.229797	-97.978584
240.902710	-96.351051
241.575623	-95.191650
242.248535	-95.422295
242.921448	-95.657593
243.594360	-95.329826
244.267273	-95.661446
244.940186	-96.640533
245.613098	-98.005463
246.286011	-99.211662
246.958923	-100.327568
247.631836	-102.986351
248.304749	-103.526634
248.977661	-100.867241
249.650574	-100.497437
250.323486	-100.722298
250.996399	-101.458809
251.669312	-101.416992
252.342224	-100.849030
253.015137	-100.495865
253.688049	-100.471863
254.360962	-100.851196
255.033875	-100.812149
255.706787	-98.858391
256.379700	-96.574982
257.052612	-95.325577
257.725525	-94.875328
258.398438	-94.342171
259.071350	-94.722191
259.744263	-94.254417
260.417175	-93.791870
261.090088	-93.937698
261.763000	-93.756302
262.435913	-94.319016
263.108826	-95.118446
263.781738	-96.460854
264.454651	-98.273857
265.127563	-99.626328
265.800476	-99.823433
266.473389	-99.253693
267.146301	-98.204910
267.819214	-97.112320
268.492126	-97.124481
269.165039	-96.949730
269.837952	-97.613716
270.510864	-99.465828
271.183777	-99.565422
271.856689	-97.974609
272.529602	-96.438286
273.202515	-94.853592
273.875427	-93.358337
274.548340	-92.891602
275.221252	-93.257576
275.894165	-93.787109
276.567078	-93.755173
277.239990	-93.763664
277.912903	-93.734116
278.585815	-94.309135
279.258728	-94.756493
279.931641	-95.179604
280.604553	-95.711021
281.277466	-96.861694
281.950378	-98.470192
282.623291	-99.182274
283.296204	-98.920929
283.969116	-99.082878
284.642029	-98.769821
285.314941	-98.658134
285.987854	-97.883522
286.660767	-96.826546
287.333679	-96.038406
288.006592	-95.457977
288.679504	-95.997810
289.352417	-97.631226
290.025330	-99.269463
290.698242	-99.875999
291.371155	-101.382980
292.044067	-103.685753
292.716980	-104.743721
293.389893	-103.403664
294.062805	-102.276154
294.735718	-101.994675
295.408630	-101.128586
296.081543	-100.412155
296.754456	-99.424980
297.427368	-98.247787
298.100281	-97.779671
298.773193	-97.018852
299.446106	-96.574020
300.119019	-96.603180
300.791931	-96.469749
301.464844	-96.380600
302.137756	-96.459915
302.810669	-95.988708
303.483582	-95.484184
304.156494	-95.417854
304.829407	-95.069649
305.502319	-94.363815
306.175232	-93.914688
306.848145	-93.709465
307.521057	-94.344063
308.193970	-95.658035
308.866882	-97.581802
309.539795	-100.954941
310.212708	-103.800110
310.885620	-104.603416
311.558533	-103.941055
312.231445	-103.339890
312.904358	-102.905075
313.577271	-103.239395
314.250183	-103.839043
314.923096	-104.224113
315.596008	-102.873474
316.268921	-102.621506
316.941833	-101.440788
317.614746	-100.571762
318.287659	-99.841133
318.960571	-99.419365
319.633484	-100.282768
320.306396	-101.380135
320.979309	-100.803162
321.652222	-99.837379
322.325134	-98.116913
322.998047	-96.354698
323.670959	-95.666023
324.343872	-96.269577
325.016785	-97.271194
325.689697	-96.756584
326.362610	-95.867203
327.035522	-96.186546
327.708435	-97.447792
328.381348	-98.590607
329.054260	-98.850563
329.727173	-99.420151
330.400085	-100.328873
331.072998	-100.134499
331.745911	-100.039429
332.418823	-100.334351
333.091736	-100.237381
333.764648	-100.233833
334.437561	-99.593414
335.110474	-98.568382
335.783386	-97.815727
336.456299	-98.056633
337.129211	-98.161995
337.802124	-98.306519
338.475037	-98.902016
339.147949	-99.947632
339.820862	-101.098427
340.493774	-102.079338
341.166687	-102.695717
341.839600	-103.436241
342.512512	-103.094604
343.185425	-102.747520
343.858337	-102.269737
344.531250	-100.896378
345.204163	-100.378349
345.877075	-99.447723
346.549988	-98.067223
347.222900	-96.611526
347.895813	-96.111633
348.568726	-95.715134
349.241638	-94.600426
349.914551	-93.590584
350.587463	-93.778702
351.260376	-93.730148
351.933289	-93.374779
352.606201	-93.296509
353.279114	-92.420113
353.952026	-91.195061
354.624939	-90.252747
355.297852	-89.939590
355.970764	-90.156715
356.643677	-89.782516
357.316589	-89.461197
357.989502	-89.707077
358.662415	-90.545647
359.335327	-92.027405
360.008240	-94.141602
360.681152	-96.659126
361.354065	-98.253151
362.026978	-99.648033
362.699890	-101.406990
363.372803	-102.412918
364.045715	-103.540947
364.718628	-102.993103
365.391541	-102.739403
366.064453	-103.076675
366.737366	-102.360222
367.410278	-103.085495
368.083191	-102.596512
368.756104	-102.489677
369.429016	-101.986801
370.101929	-101.830879
370.774841	-102.603546
371.447754	-102.547241
372.120667	-101.195671
372.793579	-99.512993
373.466492	-98.892448
374.139404	-98.466881
374.812317	-98.319550
375.485229	-98.426804
376.158142	-98.196472
376.831055	-98.162300
377.503967	-98.304993
378.176880	-98.351509
378.849792	-98.865883
379.522705	-99.038750
380.195618	-100.078995
380.868530	-100.303856
381.541443	-100.175362
382.214355	-100.856766
382.887268	-101.322754
383.560181	-101.672775
384.233093	-103.504326
384.906006	-103.641922
385.578918	-103.209915
386.251831	-101.737808
386.924744	-100.508476
387.597656	-101.407417
388.270569	-101.912399
388.943481	-101.114723
389.616394	-101.520805
390.289307	-100.279037
390.962219	-99.332497
391.635132	-99.524742
392.308044	-99.829750
392.980957	-99.714592
393.653870	-99.328369
394.326782	-99.571869
394.999695	-100.951332
395.672607	-102.868713
396.345520	-103.776672
397.018433	-104.617416
397.691345	-106.039024
398.364258	-105.360176
399.037170	-103.420929
399.710083	-102.035683
400.382996	-101.029182
401.055908	-100.945686
401.728821	-101.362610
402.401733	-101.958237
403.074646	-102.915230
403.747559	-102.985031
404.420471	-102.481689
405.093384	-102.499863
405.766296	-100.484619
406.439209	-99.076546
407.112122	-98.970062
407.785034	-99.326439
408.457947	-100.054604
409.130859	-101.310265
409.803772	-102.379044
410.476685	-102.925720
411.149597	-103.668518
411.822510	-104.422234
412.495422	-103.991669
413.168335	-104.208557
413.841248	-103.478958
414.514160	-102.581490
415.187073	-102.593620
415.859985	-102.425552
416.532898	-102.012062
417.205811	-101.755394
417.878723	-101.198463
418.551636	-100.843903
419.224548	-100.467796
419.897461	-100.107018
420.570374	-100.298523
421.243286	-100.779991
421.916199	-101.353210
422.589111	-101.502007
423.262024	-101.685677
423.934937	-102.672981
424.607849	-102.888329
425.280762	-103.788101
425.953674	-104.431129
426.626587	-104.281059
427.299500	-104.099457
427.972412	-103.934647
428.645325	-104.377563
429.318237	-104.058960
429.991150	-103.150314
430.664062	-102.893669
431.336975	-102.240952
432.009888	-101.146408
432.682800	-100.845596
433.355713	-100.463524
434.028625	-100.739189
434.701538	-100.459320
435.374451	-99.951843
436.047363	-100.558655
436.720276	-101.217941
437.393188	-101.674438
438.066101	-103.210289
438.739014	-102.559448
439.411926	-101.332115
440.084839	-101.433800
440.757751	-101.990944
441.430664	-102.197670
442.103577	-102.935356
442.776489	-102.293983
443.449402	-102.078690
444.122314	-102.894104
444.795227	-103.336914
445.468140	-103.475586
446.141052	-103.028336
446.813965	-102.100151
447.486877	-101.916481
448.159790	-102.383728
448.832703	-103.011047
449.505615	-102.614494
450.178528	-102.389854
450.851440	-102.691040
451.524353	-102.694481
452.197266	-101.917831
452.870178	-101.206123
453.543091	-102.262680
454.216003	-103.300194
454.888916	-101.245468
455.561829	-100.137840
456.234741	-99.384315
456.907654	-100.201729
457.580566	-101.786400
458.253479	-102.773964
458.926392	-102.183167
459.599304	-102.857826
460.272217	-103.342979
460.945129	-103.708427
461.618042	-104.128044
462.290955	-104.189323
462.963867	-105.048126
463.636780	-104.706711
464.309692	-105.176567
464.982605	-105.812309
465.655518	-106.194061
466.328430	-105.855370
467.001343	-106.282745
467.674255	-106.096855
468.347168	-105.301300
469.020081	-105.890976
469.692993	-106.014305
470.365906	-106.162971
471.038818	-105.543266
471.711731	-105.052673
472.384644	-104.216629
473.057556	-104.377365
473.730469	-105.057495
474.403381	-105.414528
475.076294	-104.997856
475.749207	-105.068703
476.422119	-105.009293
477.095032	-104.574646
477.767944	-104.311127
478.440857	-104.572090
479.113770	-105.188065
479.786682	-105.224571
480.459595	-104.511772
481.132507	-104.801735
481.805420	-104.807106
482.478333	-104.240868
483.151245	-103.324989
483.824158	-104.543335
484.497070	-104.417686
485.169983	-104.615463
485.842896	-104.031441
486.515808	-103.715248
487.188721	-104.453621
487.861633	-104.786324
488.534546	-105.366692
489.207458	-105.662567
489.880371	-105.218132
490.553284	-105.049187
491.226196	-104.976585
491.899109	-104.877617
492.572021	-104.322578
493.244934	-103.761482
493.917847	-103.543129
494.590759	-103.217102
495.263672	-102.803551
495.936584	-102.437035
496.609497	-102.267822
497.282410	-101.627838
497.955322	-101.818268
498.628235	-102.501305
499.301147	-102.083290
499.974060	-102.742683
500.646973	-104.335907
501.319885	-104.226959
501.992798	-103.658470
502.665710	-103.588646
503.338623	-104.144264
504.011536	-104.416664
504.684448	-104.175331
505.357361	-104.750191
506.030273	-104.711807
506.703186	-105.102951
507.376099	-105.426224
508.049011	-104.990234
508.721924	-103.969254
509.394836	-102.623077
510.067749	-101.936409
510.740662	-101.506752
511.413574	-101.828415
512.086487	-101.575623
512.759399	-101.896721
513.432312	-102.414749
514.105225	-102.274323
514.778137	-101.882469
515.451050	-101.519630
516.123962	-101.293060
516.796875	-100.918442
517.469788	-101.091888
518.142700	-101.562874
518.815613	-101.779350
519.488525	-102.205589
520.161438	-102.000793
520.834351	-102.016739
521.507263	-101.199448
522.180176	-100.994835
522.853088	-102.477509
523.526001	-102.635529
524.198914	-103.222763
524.871826	-103.874985
525.544739	-104.672676
526.217651	-105.473198
526.890564	-104.963348
527.563477	-105.108780
528.236389	-105.169090
528.909302	-104.934944
529.582214	-105.596420
530.255127	-105.831390
530.928040	-105.047775
531.600952	-105.169365
532.273865	-105.051506
532.946777	-104.450630
533.619690	-105.105179
534.292603	-105.370491
534.965515	-105.854385
535.638428	-106.151077
536.311340	-105.697212
536.984253	-105.716324
537.657166	-104.844109
538.330078	-104.641579
539.002991	-104.579491
539.675903	-104.283913
540.348816	-104.880264
541.021729	-104.991852
541.694641	-105.905678
542.367554	-105.433716
543.040466	-105.024651
543.713379	-104.335190
544.386292	-104.253822
545.059204	-104.380402
545.732117	-104.923653
546.405029	-105.613441
547.077942	-104.957481
547.750854	-105.405098
548.423767	-104.867607
549.096680	-105.006866
549.769592	-106.117325
550.442505	-106.254883
551.115417	-105.934471
551.788330	-106.276443
552.461243	-106.569916
553.134155	-105.552689
553.807068	-105.514839
554.479980	-105.723373
555.152893	-105.716263
555.825806	-105.147598
556.498718	-104.705940
557.171631	-104.510361
557.844543	-104.480553
558.517456	-104.621666
559.190369	-104.540009
559.863281	-105.043182
560.536194	-106.115128
561.209106	-106.514503
561.882019	-106.639923
562.554932	-106.182968
563.227844	-106.415688
563.900757	-106.803131
564.573669	-107.202171
565.246582	-107.714615
565.919495	-108.717079
566.592407	-109.093758
567.265320	-109.071518
567.938232	-108.911316
568.611145	-108.843376
569.284058	-108.391090
569.956970	-108.454330
570.629883	-108.298515
571.302795	-107.675682
571.975708	-107.498795
572.648621	-107.850838
573.321533	-107.184402
573.994446	-106.785263
574.667358	-107.176514
575.340271	-107.414200
576.013184	-107.077385
576.686096	-107.496193
577.359009	-109.034882
578.031921	-110.353081
578.704834	-109.307098
579.377747	-109.046692
580.050659	-109.402443
580.723572	-109.033546
581.396484	-108.390320
582.069397	-107.991005
582.742310	-107.329163
583.415222	-106.804291
584.088135	-107.243149
584.761047	-107.302002
585.433960	-107.829483
586.106873	-109.824074
586.779785	-111.027718
587.452698	-111.931328
588.125610	-111.651146
588.798523	-111.142403
589.471436	-110.593643
590.144348	-109.249313
590.817261	-107.635422
591.490173	-105.972641
592.163086	-104.984085
592.835999	-103.955048
593.508911	-103.159332
594.181824	-102.541985
594.854736	-102.182426
595.527649	-101.997505
596.200562	-101.315178
596.873474	-100.882706
597.546387	-101.419952
598.219299	-102.625862
598.892212	-103.578972
599.565125	-103.994865
600.238037	-104.941315
600.910950	-106.695572
601.583862	-107.370155
602.256775	-107.753929
602.929688	-107.807480
603.602600	-108.065659
604.275513	-109.569801
604.948425	-110.301155
605.621338	-110.982597
606.294250	-110.444984
606.967163	-110.358444
607.640076	-110.567268
608.312988	-110.007675
608.985901	-109.849030
609.658813	-108.493507
610.331726	-107.997803
611.004639	-108.870438
611.677551	-108.961792
612.350464	-108.822639
613.023376	-108.636543
613.696289	-109.068779
614.369202	-110.713493
615.042114	-111.622299
615.715027	-111.360161
616.387939	-110.718613
617.060852	-110.292572
617.733765	-109.669365
618.406677	-109.839607
619.079590	-109.219566
619.752502	-109.084435
620.425415	-110.488136
621.098328	-110.844254
621.771240	-111.714783
622.444153	-111.656029
623.117065	-111.248672
623.789978	-112.502060
624.462891	-112.187012
625.135803	-110.442108
625.808716	-110.614433
626.481628	-110.704620
627.154541	-110.900215
627.827454	-110.778366
628.500366	-110.096382
629.173279	-110.252647
629.846191	-110.467705
630.519104	-109.743843
631.192017	-110.011810
631.864929	-110.256081
632.537842	-109.501221
633.210754	-109.401718
633.883667	-109.129059
634.556580	-109.069725
635.229492	-109.319160
635.902405	-109.506836
636.575317	-109.808304
637.248230	-110.589638
637.921143	-110.575394
638.594055	-111.719917
639.266968	-113.478462
639.939880	-113.028725
640.612793	-112.566963
641.285706	-113.542236
641.958618	-114.138329
642.631531	-112.701759
643.304443	-111.306686
643.977356	-111.160713
644.650269	-111.046638
645.323181	-110.532578
645.996094	-111.216507
646.669006	-111.659172
647.341919	-111.976295
648.014832	-112.211670
648.687744	-111.356125
649.360657	-110.090965
650.033569	-110.163422
650.706482	-110.533043
651.379395	-111.103111
652.052307	-110.170578
652.725220	-109.874763
653.398132	-110.931404
654.071045	-110.388596
654.743958	-109.969444
655.416870	-109.652084
656.089783	-109.464630
656.762695	-109.934547
657.435608	-109.709694
658.108521	-109.483742
658.781433	-110.539803
659.454346	-110.491585
660.127258	-111.715889
660.800171	-111.938423
661.473083	-111.151169
662.145996	-110.329369
662.818909	-109.138512
663.491821	-109.045654
664.164734	-109.037766
664.837646	-109.278275
665.510559	-110.337379
666.183472	-111.865845
666.856384	-112.561378
667.529297	-112.549706
668.202209	-112.418877
668.875122	-111.586830
669.548035	-111.723587
670.220947	-112.235077
670.893860	-111.809052
671.566772	-111.262932
672.239685	-112.156342
672.912598	-111.380974
673.585510	-109.693115
674.258423	-109.316277
674.931335	-110.135880
675.604248	-110.338699
676.277161	-110.554909
676.950073	-110.139977
677.622986	-110.932831
678.295898	-111.750488
678.968811	-111.243668
679.641724	-111.410019
680.314636	-111.789787
680.987549	-110.483727
681.660461	-109.913292
682.333374	-109.096336
683.006287	-108.530098
683.679199	-107.725090
684.352112	-107.429733
685.025024	-106.771767
685.697937	-105.824219
686.370850	-105.438820
687.043762	-106.125107
687.716675	-107.164276
688.389587	-107.693153
689.062500	-107.613716
689.735413	-108.548416
690.408325	-109.707497
691.081238	-110.270721
691.754150	-111.729614
692.427063	-112.459915
693.099976	-112.601158
693.772888	-113.333923
694.445801	-114.245308
695.118713	-113.971336
695.791626	-113.652458
696.464539	-114.479195
697.137451	-115.886360
697.810364	-114.891914
698.483276	-114.696518
699.156189	-114.757240
699.829102	-114.829659
700.502014	-114.934326
701.174927	-114.625069
701.847839	-113.797043
702.520752	-113.530930
703.193665	-112.398605
703.866577	-112.019417
704.539490	-112.342346
705.212402	-112.404251
705.885315	-111.847244
706.558228	-110.947319
707.231140	-111.217934
707.904053	-111.417137
708.576965	-110.590569
709.249878	-111.028488
709.922791	-112.830917
710.595703	-112.435242
711.268616	-112.339912
711.941528	-112.123466
712.614441	-112.418747
713.287354	-113.755287
713.960266	-114.060127
714.633179	-114.239517
715.306091	-113.327606
715.979004	-112.248528
716.651917	-112.679916
717.324829	-112.918625
717.997742	-113.077599
718.670654	-112.470474
719.343567	-111.555023
720.016479	-112.610474
720.689392	-113.891899
721.362305	-112.744820
722.035217	-112.170631
722.708130	-112.261497
723.381042	-112.559624
724.053955	-111.657654
724.726868	-111.354935
725.399780	-110.764618
726.072693	-109.381699
726.745605	-108.122520
727.418518	-107.845978
728.091431	-108.014999
728.764343	-107.530235
729.437256	-107.806541
730.110168	-108.647209
730.783081	-109.899040
731.455994	-110.478409
732.128906	-111.275093
732.801819	-111.300690
733.474731	-110.804199
734.147644	-111.819130
734.820557	-111.886276
735.493469	-111.525887
736.166382	-111.200302
736.839294	-111.316353
737.512207	-112.677551
738.185120	-112.455956
738.858032	-112.721222
739.530945	-112.656448
740.203857	-112.205864
740.876770	-111.457260
741.549683	-111.825745
742.222595	-112.175598
742.895508	-111.354149
743.568420	-111.077522
744.241333	-110.762283
744.914246	-112.144943
745.587158	-112.677223
746.260071	-113.527542
746.932983	-113.783958
747.605896	-113.663391
748.278809	-113.961029
748.951721	-112.544739
749.624634	-111.763809
750.297546	-111.380119
750.970459	-111.421890
751.643372	-111.219284
752.316284	-111.032677
752.989197	-111.073669
753.662109	-110.660675
754.335022	-110.787209
755.007935	-111.595467
755.680847	-111.907379
756.353760	-112.823952
757.026672	-113.240051
757.699585	-113.145561
758.372498	-113.712570
759.045410	-113.283936
759.718323	-113.039909
760.391235	-112.645782
761.064148	-112.203705
761.737061	-112.652008
762.409973	-112.602013
763.082886	-113.094803
763.755798	-112.771179
764.428711	-112.677269
765.101624	-113.060661
765.774536	-113.616661
766.447449	-115.176880
767.120361	-115.913445
767.793274	-114.811150
768.466187	-113.302795
769.139099	-113.025536
769.812012	-113.018349
770.484924	-112.963547
771.157837	-112.733391
771.830750	-112.743156
772.503662	-112.530472
773.176575	-112.968605
773.849487	-112.642899
774.522400	-112.600456
775.195312	-111.700371
775.868225	-111.960236
776.541138	-112.462280
777.214050	-112.385986
777.886963	-111.937714
778.559875	-111.797974
779.232788	-112.023430
779.905701	-112.485062
780.578613	-112.994003
781.251526	-112.219933
781.924438	-111.540749
782.597351	-111.886719
783.270264	-111.933212
783.943176	-110.731888
784.616089	-109.284546
785.289001	-108.354233
785.961914	-108.423454
786.634827	-109.076050
787.307739	-109.363930
787.980652	-109.458160
788.653564	-110.165802
789.326477	-110.523354
789.999390	-111.226913
790.672302	-111.859650
791.345215	-111.122704
792.018127	-110.066475
792.691040	-110.011536
793.363953	-110.472206
794.036865	-110.940704
794.709778	-110.479248
795.382690	-111.650299
796.055603	-112.621719
796.728516	-111.716888
797.401428	-111.914230
798.074341	-111.165161
798.747253	-109.813316
799.420166	-109.587639
800.093079	-109.600189
800.765991	-109.768051
801.438904	-110.604637
802.111816	-111.700935
802.784729	-111.570091
803.457642	-111.802132
804.130554	-111.953323
804.803467	-111.131653
805.476379	-111.090027
806.149292	-110.840149
806.822205	-111.510521
807.495117	-111.601730
808.168030	-112.285164
808.840942	-113.351440
809.513855	-114.296158
810.186768	-113.788261
810.859680	-113.579346
811.532593	-113.794746
812.205505	-114.259842
812.878418	-115.579865
813.551331	-115.007393
814.224243	-114.681274
814.897156	-114.149368
815.570068	-114.729752
816.242981	-113.699600
816.915894	-113.477394
817.588806	-113.773537
818.261719	-113.368782
818.934631	-113.326248
819.607544	-113.021355
820.280457	-113.514267
820.953369	-114.020332
821.626282	-113.814789
822.299194	-113.970970
822.972107	-114.171555
823.645020	-113.825241
824.317932	-112.473503
824.990845	-112.940636
825.663757	-113.121208
826.336670	-112.022263
827.009583	-111.846138
827.682495	-111.828545
828.355408	-112.342026
829.028320	-113.562759
829.701233	-113.851532
830.374146	-113.540321
831.047058	-113.335518
831.719971	-113.303864
832.392883	-113.620087
833.065796	-113.351532
833.738708	-112.669945
834.411621	-112.656303
835.084534	-112.105270
835.757446	-111.791595
836.430359	-111.758537
837.103271	-112.699295
837.776184	-113.152328
838.449097	-113.423515
839.122009	-113.497948
839.794922	-113.270370
840.467834	-112.730324
841.140747	-114.207153
841.813660	-114.463593
842.486572	-114.869415
843.159485	-114.539742
843.832397	-114.455864
844.505310	-114.474251
845.178223	-113.295853
845.851135	-114.250603
846.524048	-114.623917
847.196960	-114.564880
847.869873	-114.550049
848.542786	-114.342545
849.215698	-113.791763
849.888611	-114.242226
850.561523	-114.527634
851.234436	-115.569992
851.907349	-114.585968
852.580261	-113.117332
853.253174	-113.596596
853.926086	-114.659325
854.598999	-114.142105
855.271912	-113.085396
855.944824	-113.706314
856.617737	-114.045723
857.290649	-114.253792
857.963562	-113.408859
858.636475	-112.793755
859.309387	-113.000641
859.982300	-114.117485
860.655212	-113.685707
861.328125	-114.425682
862.001038	-113.770599
862.673950	-113.558876
863.346863	-114.383621
864.019775	-114.483490
864.692688	-114.687622
865.365601	-115.674042
866.038513	-115.427635
866.711426	-114.659180
867.384338	-115.617905
868.057251	-114.096764
868.730164	-112.559128
869.403076	-112.949577
870.075989	-114.202156
870.748901	-114.007599
871.421814	-114.302650
872.094727	-114.222763
872.767639	-114.605774
873.440552	-114.419312
874.113464	-114.090408
874.786377	-114.665237
875.459290	-114.294022
876.132202	-114.870865
876.805115	-113.981110
877.478027	-114.239319
878.150940	-115.390015
878.823853	-115.662498
879.496765	-114.967400
880.169678	-113.808449
880.842590	-114.486069
881.515503	-115.640129
882.188416	-115.839523
882.861328	-114.843498
883.534241	-115.084114
884.207153	-115.551270
884.880066	-115.415016
885.552979	-114.898155
886.225891	-116.136551
886.898804	-115.112923
887.571716	-114.412788
888.244629	-114.581833
888.917542	-115.853111
889.590454	-115.431976
890.263367	-115.057922
890.936279	-114.152191
891.609192	-114.023788
892.282104	-113.619972
892.955017	-113.360916
893.627930	-113.610069
894.300842	-114.952576
894.973755	-113.853058
895.646667	-112.809311
896.319580	-114.153442
896.992493	-113.974564
897.665405	-112.827888
898.338318	-112.711967
899.011230	-112.514908
899.684143	-112.985085
900.357056	-112.994133
901.029968	-113.525604
901.702881	-114.346649
902.375793	-113.682472
903.048706	-112.646858
903.721619	-112.840790
904.394531	-113.304550
905.067444	-114.114059
905.740356	-113.652718
906.413269	-113.236893
907.086182	-114.625458
907.759094	-113.203316
908.432007	-112.816803
909.104919	-113.754433
909.777832	-114.623749
910.450745	-115.330391
911.123657	-115.161156
911.796570	-113.909744
912.469482	-113.458664
913.142395	-113.005508
913.815308	-112.079018
914.488220	-110.983437
915.161133	-110.862320
915.834045	-110.532578
916.506958	-109.871613
917.179871	-110.394905
917.852783	-111.492653
918.525696	-111.628654
919.198608	-111.656784
919.871521	-112.729996
920.544434	-114.016930
921.217346	-114.469254
921.890259	-114.907593
922.563171	-115.692390
923.236084	-115.486588
923.908997	-115.521652
924.581909	-115.545097
925.254822	-115.836555
925.927734	-115.212807
926.600647	-114.554268
927.273560	-114.036125
927.946472	-114.553062
928.619385	-113.209839
929.292297	-112.886124
929.965210	-112.820412
930.638123	-112.763039
931.311035	-113.677391
931.983948	-114.299141
932.656860	-113.762146
933.329773	-113.347176
934.002686	-113.811989
934.675598	-113.973877
935.348511	-113.705879
936.021423	-113.407890
936.694336	-113.543037
937.367249	-113.902138
938.040161	-115.052002
938.713074	-115.273865
939.385986	-116.172173
940.058899	-115.843620
940.731812	-115.353134
941.404724	-115.123375
942.077637	-115.178123
942.750549	-115.119934
943.423462	-115.998970
944.096375	-116.434067
944.769287	-116.371483
945.442200	-115.349098
946.115112	-115.071526
946.788025	-115.558998
947.460938	-115.626617
948.133850	-114.889549
948.806763	-114.150200
949.479675	-114.622902
950.152588	-114.142960
950.825500	-113.836998
951.498413	-113.849365
952.171326	-114.200035
952.844238	-114.504028
953.517151	-114.311226
954.190063	-114.257057
954.862976	-114.226547
955.535889	-112.947296
956.208801	-113.481323
956.881714	-113.886635
957.554626	-113.631737
958.227539	-114.022308
958.900452	-112.870132
959.573364	-114.674332
960.246277	-115.262192
960.919189	-114.714661
961.592102	-115.549484
962.265015	-114.744904
962.937927	-115.013168
963.610840	-115.558258
964.283752	-115.269417
964.956665	-115.495514
965.629578	-114.723724
966.302490	-114.251556
966.975403	-113.849510
967.648315	-114.565712
968.321228	-114.564987
968.994141	-114.037056
969.667053	-113.042610
970.339966	-113.737099
971.012878	-114.711388
971.685791	-114.367401
972.358704	-113.683884
973.031616	-113.581505
973.704529	-113.691277
974.377441	-113.765213
975.050354	-113.822289
975.723267	-114.530327
976.396179	-115.299820
977.069092	-115.388000
977.742004	-113.783562
978.414917	-113.024429
979.087830	-113.511757
979.760742	-113.084106
980.433655	-113.423233
981.106567	-114.434113
981.779480	-114.919220
982.452393	-114.794434
983.125305	-114.682808
983.798218	-114.194321
984.471130	-113.814095
985.144043	-115.384819
985.816956	-116.402489
986.489868	-115.843040
987.162781	-116.030434
987.835693	-116.105698
988.508606	-115.992783
989.181519	-116.890778
989.854431	-116.674255
990.527344	-116.417305
991.200256	-117.036255
991.873169	-117.049896
992.546082	-115.643463
993.218994	-115.796906
993.891907	-115.913658
994.564819	-116.002991
995.237732	-115.302109
995.910645	-115.728500
996.583557	-116.444519
997.256470	-116.244781
997.929382	-116.560081
998.602295	-116.949783
999.275208	-116.425194
999.948120	-115.532143
1000.621033	-116.548470
1001.293945	-117.366425
1001.966858	-116.449051
1002.639771	-117.156700
1003.312683	-116.251160
1003.985596	-115.922127
1004.658508	-116.276031
1005.331421	-115.880714
1006.004333	-115.401016
1006.677246	-114.720322
1007.350159	-115.359703
1008.023071	-115.581009
1008.695984	-114.571274
1009.368896	-115.305611
1010.041809	-116.483269
1010.714722	-115.526772
1011.387634	-115.227898
1012.060547	-116.752403
1012.733459	-116.760368
1013.406372	-116.520576
1014.079285	-115.896484
1014.752197	-116.111053
1015.425110	-117.192879
1016.098022	-115.846123
1016.770935	-115.579300
1017.443848	-115.505524
1018.116760	-115.702446
1018.789673	-115.878075
1019.462585	-116.245926
1020.135498	-117.055008
1020.808411	-116.780159
1021.481323	-116.783127
1022.154236	-116.256805
1022.827148	-116.012169
1023.500061	-116.023727
1024.172974	-114.864563
1024.845886	-114.570831
1025.518799	-114.495186
1026.191711	-115.519257
1026.864624	-115.427574
1027.537537	-116.177109
1028.210449	-116.402023
1028.883362	-115.706924
1029.556274	-115.617638
1030.229187	-115.081383
1030.902100	-115.005959
1031.575012	-115.851173
1032.247925	-116.712433
1032.920837	-117.191864
1033.593750	-116.729477
1034.266663	-116.146629
1034.939575	-117.043320
1035.612488	-116.308678
1036.285400	-115.092735
1036.958313	-116.749985
1037.631226	-116.152496
1038.304138	-116.095924
1038.977051	-115.401222
1039.649963	-115.145645
1040.322876	-116.307922
1040.995789	-116.175858
1041.668701	-115.312965
1042.341614	-115.290405
1043.014526	-115.469574
1043.687439	-116.941406
1044.360352	-116.390411
1045.033264	-115.448578
1045.706177	-115.517380
1046.379089	-116.356972
1047.052002	-116.192184
1047.724915	-115.961700
1048.397827	-115.862343
1049.070740	-115.400124
1049.743652	-115.655418
1050.416565	-114.509590
1051.089478	-113.923523
1051.762390	-114.993996
1052.435303	-115.075943
1053.108215	-114.000038
1053.781128	-114.278481
1054.454041	-115.239456
1055.126953	-114.905464
1055.799866	-114.604042
1056.472778	-115.192581
1057.145691	-115.362183
1057.818604	-114.049232
1058.491516	-113.785698
1059.164429	-114.305603
1059.837341	-115.110962
1060.510254	-115.362213
1061.183167	-114.612190
1061.856079	-114.323372
1062.528992	-114.715416
1063.201904	-115.637932
1063.874817	-116.904167
1064.547729	-116.938385
1065.220642	-116.377678
1065.893555	-116.420494
1066.566467	-116.319977
1067.239380	-116.030762
1067.912292	-115.555038
1068.585205	-115.808685
1069.258118	-115.218239
1069.931030	-115.489456
1070.603943	-116.656342
1071.276855	-117.066650
1071.949768	-116.224739
1072.622681	-116.264107
1073.295593	-116.106316
1073.968506	-116.538666
1074.641418	-116.258873
1075.314331	-116.019867
1075.987244	-116.860512
1076.660156	-116.058418
1077.333069	-116.099289
1078.005981	-115.936264
1078.678894	-116.142288
1079.351807	-116.453499
1080.024719	-116.620049
1080.697632	-116.862259
1081.370544	-116.211960
1082.043457	-115.296593
1082.716370	-115.067261
1083.389282	-115.575584
1084.062195	-114.667023
1084.735107	-113.944038
1085.408020	-114.310036
1086.080933	-114.399864
1086.753845	-113.461983
1087.426758	-113.357536
1088.099670	-113.976540
1088.772583	-113.585098
1089.445496	-115.109711
1090.118408	-114.405441
1090.791321	-114.046036
1091.464233	-113.622322
1092.137146	-113.903236
1092.810059	-114.513718
1093.482971	-114.630112
1094.155884	-114.736763
1094.828796	-115.409454
1095.501709	-115.405663
1096.174622	-115.131088
1096.847534	-114.974518
1097.520447	-114.441086
1098.193359	-115.061821
1098.866272	-115.170219
1099.539185	-114.150665
1100.212097	-114.458275
1100.885010	-115.680237
1101.557922	-114.943428
1102.230835	-114.748337
1102.903748	-115.278336
1103.576660	-114.301010
1104.249573	-113.029037
1104.922485	-113.744957
1105.595398	-114.456383
1106.268311	-114.290611
1106.941223	-114.787460
1107.614136	-114.561646
1108.287048	-114.478951
1108.959961	-115.375061
1109.632874	-115.029007
1110.305786	-115.223824
1110.978699	-115.628540
1111.651611	-115.440865
1112.324524	-115.538887
1112.997437	-114.890678
1113.670349	-115.979179
1114.343262	-116.753883
1115.016174	-116.896393
1115.689087	-116.624695
1116.362000	-116.257500
1117.034912	-116.321823
1117.707825	-115.683601
1118.380737	-116.054527
1119.053650	-115.897400
1119.726562	-115.993790
1120.399475	-116.101112
1121.072388	-116.416908
1121.745300	-117.294815
1122.418213	-117.370216
1123.091125	-116.216568
1123.764038	-116.156136
1124.436951	-115.886826
1125.109863	-116.117111
1125.782776	-115.840851
1126.455688	-116.133530
1127.128601	-115.519379
1127.801514	-116.647171
1128.474426	-116.114937
1129.147339	-117.002205
1129.820251	-116.688499
1130.493164	-116.774399
1131.166077	-116.105659
1131.838989	-115.555443
1132.511902	-116.404968
1133.184814	-115.476768
1133.857727	-116.098816
1134.530640	-116.521362
1135.203552	-116.570236
1135.876465	-115.550491
1136.549377	-115.936806
1137.222290	-116.634544
1137.895203	-116.373062
1138.568115	-115.833702
1139.241028	-116.727783
1139.913940	-117.532005
1140.586853	-117.303795
1141.259766	-116.275177
1141.932678	-116.135025
1142.605591	-115.543465
1143.278503	-115.599586
1143.951416	-115.869659
1144.624329	-117.254982
1145.297241	-116.975105
1145.970154	-117.205872
1146.643066	-117.921524
1147.315979	-118.412239
1147.988892	-117.151360
1148.661804	-115.840996
1149.334717	-116.179947
1150.007629	-116.070427
1150.680542	-116.343521
1151.353455	-115.901146
1152.026367	-115.680855
1152.699280	-115.974075
1153.372192	-116.151314
1154.045105	-117.122131
1154.718018	-117.774681
1155.390930	-117.664055
1156.063843	-116.887268
1156.736755	-116.331573
1157.409668	-115.520119
1158.082581	-116.351295
1158.755493	-117.113045
1159.428406	-116.874519
1160.101318	-116.726242
1160.774231	-116.613640
1161.447144	-116.350761
1162.120056	-116.335449
1162.792969	-116.429321
1163.465881	-118.089378
1164.138794	-116.499420
1164.811707	-116.779655
1165.484619	-117.023010
1166.157532	-117.369186
1166.830444	-118.277290
1167.503357	-117.740562
1168.176270	-117.708443
1168.849182	-117.273354
1169.522095	-117.546814
1170.195007	-117.137932
1170.867920	-116.356476
1171.540833	-117.177979
1172.213745	-116.839653
1172.886658	-116.442574
1173.559570	-116.640198
1174.232483	-115.608597
1174.905396	-115.179390
1175.578308	-115.929649
1176.251221	-116.096916
1176.924133	-116.507523
1177.597046	-116.926239
1178.269958	-115.821625
1178.942871	-116.170845
1179.615784	-116.076538
1180.288696	-116.068665
1180.961609	-116.247864
1181.634521	-115.991653
1182.307434	-116.149940
1182.980347	-116.116486
1183.653259	-116.007858
1184.326172	-115.351616
1184.999084	-116.053223
1185.671997	-117.216019
1186.344910	-117.070450
1187.017822	-116.916405
1187.690735	-117.239998
1188.363647	-117.423775
1189.036560	-116.666512
1189.709473	-116.053635
1190.382385	-116.751015
1191.055298	-116.267540
1191.728210	-115.787735
1192.401123	-116.179054
1193.074036	-116.655540
1193.746948	-117.240448
1194.419861	-116.053749
1195.092773	-115.586754
1195.765686	-115.932693
1196.438599	-116.011536
1197.111511	-115.629196
1197.784424	-115.787827
1198.457336	-116.294540
1199.130249	-116.483047
1199.803162	-116.247551
1200.476074	-116.100731
1201.148987	-116.519608
1201.821899	-117.154137
1202.494812	-116.181412
1203.167725	-115.960953
1203.840637	-115.862762
1204.513550	-116.313805
1205.186462	-115.932625
1205.859375	-116.182693
1206.532288	-117.456085
1207.205200	-117.047783
1207.878113	-116.942467
1208.551025	-116.209778
1209.223938	-116.889664
1209.896851	-117.164146
1210.569763	-116.323280
1211.242676	-115.844620
1211.915588	-116.684830
1212.588501	-116.777412
1213.261414	-117.108307
1213.934326	-117.132774
1214.607239	-117.276779
1215.280151	-116.714836
1215.953064	-116.861580
1216.625977	-117.141556
1217.298889	-117.409042
1217.971802	-116.739334
1218.644714	-117.122520
1219.317627	-117.112122
1219.990540	-116.300575
1220.663452	-116.079910
1221.336365	-116.442261
1222.009277	-116.472847
1222.682190	-117.220032
1223.355103	-117.099434
1224.028015	-117.067917
1224.700928	-116.610596
1225.373840	-116.010429
1226.046753	-116.252190
1226.719666	-117.033417
1227.392578	-117.290665
1228.065491	-117.556274
1228.738403	-117.747971
1229.411316	-117.224892
1230.084229	-116.464592
1230.757141	-116.425850
1231.430054	-117.926292
1232.102966	-116.811188
1232.775879	-117.117218
1233.448792	-117.091270
1234.121704	-117.558693
1234.794617	-116.758965
1235.467529	-116.480316
1236.140442	-116.683128
1236.813354	-116.782318
1237.486267	-117.194794
1238.159180	-116.558044
1238.832092	-116.175240
1239.505005	-115.164619
1240.177917	-115.521790
1240.850830	-116.547920
1241.523743	-116.655121
1242.196655	-116.590111
1242.869568	-116.924026
1243.542480	-117.147255
1244.215393	-117.931099
1244.888306	-117.487595
1245.561218	-117.460381
1246.234131	-117.012489
1246.907043	-117.154129
1247.579956	-116.897293
1248.252869	-117.123787
1248.925781	-117.061615
1249.598694	-116.878365
1250.271606	-117.325394
1250.944519	-117.684860
1251.617432	-117.893311
1252.290344	-117.425446
1252.963257	-117.190895
1253.636169	-117.752907
1254.309082	-116.521835
1254.981995	-116.197357
1255.654907	-117.345367
1256.327820	-117.130898
1257.000732	-117.225174
1257.673645	-116.911240
1258.346558	-116.160133
1259.019470	-116.703262
1259.692383	-116.721756
1260.365295	-116.602852
1261.038208	-116.369965
1261.711121	-116.915291
1262.384033	-117.970749
1263.056946	-117.664268
1263.729858	-117.220482
1264.402771	-118.243271
1265.075684	-116.977104
1265.748596	-116.940231
1266.421509	-117.002930
1267.094421	-117.713036
1267.767334	-117.410881
1268.440247	-116.412231
1269.113159	-117.054855
1269.786072	-117.539902
1270.458984	-118.299011
1271.131897	-118.273827
1271.804810	-117.674316
1272.477722	-117.404366
1273.150635	-117.796219
1273.823547	-116.935120
1274.496460	-118.031204
1275.169373	-116.937088
1275.842285	-116.742935
1276.515198	-118.149269
1277.188110	-118.430542
1277.861023	-119.259079
1278.533936	-118.274574
1279.206848	-116.745705
1279.879761	-116.084572
1280.552673	-117.294380
1281.225586	-118.228951
1281.898499	-117.333023
1282.571411	-117.353539
1283.244324	-117.294350
1283.917236	-116.968979
1284.590149	-116.512123
1285.263062	-117.332253
1285.935974	-117.832573
1286.608887	-118.366020
1287.281799	-117.138268
1287.954712	-117.132858
1288.627625	-118.317070
1289.300537	-116.956703
1289.973450	-117.495522
1290.646362	-117.602066
1291.319275	-117.787300
1291.992188	-117.385338
1292.665100	-117.312675
1293.338013	-117.184402
1294.010925	-116.128960
1294.683838	-116.068008
1295.356750	-115.937584
1296.029663	-117.205833
1296.702576	-116.623032
1297.375488	-117.388229
1298.048401	-117.608620
1298.721313	-118.042122
1299.394226	-118.348763
1300.067139	-117.097603
1300.740051	-116.955109
1301.412964	-117.595634
1302.085876	-117.211037
1302.758789	-116.489990
1303.431702	-116.434456
1304.104614	-116.960442
1304.777527	-117.566757
1305.450439	-116.864227
1306.123352	-116.981964
1306.796265	-116.205841
1307.469177	-116.884010
1308.142090	-117.571327
1308.815002	-118.465485
1309.487915	-118.345985
1310.160828	-118.074020
1310.833740	-118.608040
1311.506653	-117.394005
1312.179565	-117.171646
1312.852478	-117.421165
1313.525391	-117.866570
1314.198303	-117.934731
1314.871216	-117.391121
1315.544128	-116.749336
1316.217041	-116.592926
1316.889954	-116.920349
1317.562866	-116.712814
1318.235779	-117.301292
1318.908691	-116.796249
1319.581604	-117.111763
1320.254517	-117.548126
1320.927429	-116.759949
1321.600342	-116.620499
1322.273254	-117.652481
1322.946167	-117.270409
1323.619080	-116.630684
1324.291992	-117.682755
1324.964905	-118.004799
1325.637817	-117.957848
1326.310730	-117.172600
1326.983643	-117.082047
1327.656555	-116.527748
1328.329468	-116.603279
1329.002380	-117.084183
1329.675293	-117.063866
1330.348206	-116.837189
1331.021118	-117.377731
1331.694031	-116.787651
1332.366943	-117.567734
1333.039856	-118.270760
1333.712769	-117.360916
1334.385681	-117.699669
1335.058594	-117.522614
1335.731506	-117.889275
1336.404419	-117.529129
1337.077332	-117.131668
1337.750244	-118.443130
1338.423157	-118.379951
1339.096069	-118.107468
1339.768982	-118.555229
1340.441895	-117.770905
1341.114807	-117.473602
1341.787720	-118.195152
1342.460632	-118.603394
1343.133545	-118.693924
1343.806458	-118.405518
1344.479370	-117.789360
1345.152283	-117.005760
1345.825195	-117.438667
1346.498108	-117.769127
1347.171021	-117.928268
1347.843933	-118.335167
1348.516846	-116.773926
1349.189758	-117.261017
1349.862671	-118.030273
1350.535583	-117.483650
1351.208496	-117.593483
1351.881409	-117.432617
1352.554321	-117.530220
1353.227234	-118.334396
1353.900146	-117.981819
1354.573059	-117.481148
1355.245972	-116.996658
1355.918884	-117.256409
1356.591797	-116.955154
1357.264709	-116.972786
1357.937622	-117.900612
1358.610535	-118.024925
1359.283447	-117.774452
1359.956360	-117.972679
1360.629272	-118.053368
1361.302185	-117.129822
1361.975098	-117.148079
1362.648010	-117.363358
1363.320923	-116.978981
1363.993835	-117.868195
1364.666748	-118.860771
1365.339661	-118.358551
1366.012573	-117.639359
1366.685486	-117.141685
1367.358398	-117.135727
1368.031311	-116.629585
1368.704224	-117.409401
1369.377136	-117.326096
1370.050049	-116.799675
1370.722961	-116.496735
1371.395874	-117.607216
1372.068787	-117.545815
1372.741699	-117.190140
1373.414612	-116.794235
1374.087524	-117.064728
1374.760437	-116.703903
1375.433350	-115.917778
1376.106262	-116.862808
1376.779175	-117.592148
1377.452087	-117.146942
1378.125000	-117.090820
1378.797913	-116.901596
1379.470825	-117.148224
1380.143738	-116.950546
1380.816650	-117.857895
1381.489563	-118.386147
1382.162476	-118.041893
1382.835388	-118.234344
1383.508301	-118.461578
1384.181213	-118.245987
1384.854126	-117.916756
1385.527039	-117.865974
1386.199951	-117.924210
1386.872864	-118.425659
1387.545776	-117.429886
1388.218689	-117.970795
1388.891602	-118.239441
1389.564514	-118.080879
1390.237427	-117.402863
1390.910339	-117.504021
1391.583252	-117.398209
1392.256165	-117.298180
1392.929077	-118.896576
1393.601990	-118.338287
1394.274902	-118.857582
1394.947815	-118.199112
1395.620728	-118.098793
1396.293640	-117.605026
1396.966553	-118.467010
1397.639465	-118.052597
1398.312378	-118.063881
1398.985291	-117.945374
1399.658203	-118.071831
1400.331116	-117.710037
1401.004028	-118.382378
1401.676941	-118.843307
1402.349854	-119.472519
1403.022766	-117.990730
1403.695679	-117.356796
1404.368591	-117.176399
1405.041504	-118.152534
1405.714417	-118.026138
1406.387329	-117.110229
1407.060242	-116.583702
1407.733154	-117.627594
1408.406067	-118.683464
1409.078979	-118.360268
1409.751892	-117.996620
1410.424805	-118.092903
1411.097717	-118.927803
1411.770630	-118.839844
1412.443542	-118.188583
1413.116455	-117.530380
1413.789368	-117.695053
1414.462280	-117.797752
1415.135193	-117.493225
1415.808105	-117.675453
1416.481018	-116.350189
1417.153931	-116.438461
1417.826843	-117.183495
1418.499756	-117.336487
1419.172668	-116.624664
1419.845581	-117.630959
1420.518494	-118.822334
1421.191406	-118.164589
1421.864319	-118.945984
1422.537231	-118.591873
1423.210144	-117.397232
1423.883057	-117.451370
1424.555969	-118.306656
1425.228882	-117.218544
1425.901794	-117.495171
1426.574707	-118.057373
1427.247620	-118.763748
1427.920532	-119.353943
1428.593445	-117.550934
1429.266357	-117.292595
1429.939270	-117.819962
1430.612183	-117.268906
1431.285095	-117.840355
1431.958008	-117.722656
1432.630920	-117.248253
1433.303833	-117.848541
1433.976746	-116.929993
1434.649658	-117.225685
1435.322571	-118.152145
1435.995483	-118.042007
1436.668396	-117.069420
1437.341309	-118.476555
1438.014221	-118.342384
1438.687134	-117.648010
1439.360046	-116.743240
1440.032959	-116.487450
1440.705872	-117.888290
1441.378784	-118.070175
1442.051697	-118.519508
1442.724609	-118.715584
1443.397522	-119.062866
1444.070435	-118.189346
1444.743347	-117.989761
1445.416260	-117.548409
1446.089172	-117.349571
1446.762085	-117.529442
1447.434998	-117.639290
1448.107910	-117.235718
1448.780823	-117.612061
1449.453735	-117.259163
1450.126648	-117.130135
1450.799561	-116.914543
1451.472473	-118.196121
1452.145386	-117.469452
1452.818298	-117.223312
1453.491211	-118.293594
1454.164124	-118.990723
1454.837036	-118.561111
1455.509949	-117.756897
1456.182861	-116.869987
1456.855774	-116.917702
1457.528687	-117.138733
1458.201599	-116.194977
1458.874512	-116.472755
1459.547424	-116.994255
1460.220337	-117.898018
1460.893250	-116.479469
1461.566162	-116.273651
1462.239075	-117.727455
1462.911987	-118.371613
1463.584900	-117.946785
1464.257812	-118.430992
1464.930725	-118.741745
1465.603638	-117.007202
1466.276550	-116.514816
1466.949463	-117.143990
1467.622375	-117.141098
1468.295288	-118.416039
1468.968201	-118.725197
1469.641113	-117.827354
1470.314026	-116.932442
1470.986938	-116.066330
1471.659851	-116.993042
1472.332764	-116.886650
1473.005676	-116.709846
1473.678589	-116.875595
1474.351501	-117.794029
1475.024414	-117.670441
1475.697327	-117.710693
1476.370239	-118.765503
1477.043152	-118.461876
1477.716064	-118.157692
1478.388977	-117.942993
1479.061890	-117.968254
1479.734802	-117.549522
1480.407715	-116.476845
1481.080627	-116.696777
1481.753540	-117.375496
1482.426453	-117.564850
1483.099365	-116.590683
1483.772278	-116.727554
1484.445190	-116.489891
1485.118103	-117.447479
1485.791016	-117.703224
1486.463928	-117.975517
1487.136841	-117.248711
1487.809753	-117.456581
1488.482666	-117.496086
1489.155579	-116.727867
1489.828491	-117.050430
1490.501404	-118.498589
1491.174316	-117.547363
1491.847229	-117.057472
1492.520142	-117.339638
1493.193054	-118.019905
1493.865967	-117.800652
1494.538879	-116.671326
1495.211792	-117.006813
1495.884705	-117.541939
1496.557617	-116.847031
1497.230530	-116.744385
1497.903442	-116.856064
1498.576355	-116.409668
1499.249268	-116.396751
1499.922180	-116.954239
1500.595093	-116.396736
1501.268005	-116.785530
1501.940918	-117.269478
1502.613831	-117.855217
1503.286743	-117.613991
1503.959656	-117.493248
1504.632568	-117.701645
1505.305481	-116.586037
1505.978394	-116.512253
1506.651306	-117.739899
1507.324219	-117.732193
1507.997131	-117.134308
1508.670044	-117.353127
1509.342957	-117.528641
1510.015869	-116.431282
1510.688782	-117.384697
1511.361694	-117.928001
1512.034607	-116.416405
1512.707520	-117.174957
1513.380432	-117.290215
1514.053345	-117.595863
1514.726257	-117.363007
1515.399170	-116.619011
1516.072083	-116.015709
1516.744995	-116.768707
1517.417908	-117.719749
1518.090820	-118.626892
1518.763733	-117.519112
1519.436646	-117.914017
1520.109558	-117.739410
1520.782471	-116.969704
1521.455383	-117.167282
1522.128296	-117.654327
1522.801208	-117.863182
1523.474121	-117.898415
1524.147034	-118.829994
1524.819946	-117.970367
1525.492859	-117.132500
1526.165771	-117.641197
1526.838684	-117.794075
1527.511597	-117.780777
1528.184509	-118.166466
1528.857422	-118.584084
1529.530334	-117.577309
1530.203247	-117.272209
1530.876160	-117.164368
1531.549072	-116.816254
1532.221985	-117.545349
1532.894897	-117.047920
1533.567810	-116.872284
1534.240723	-117.097008
1534.913635	-117.551064
1535.586548	-117.913956
1536.259460	-117.836609
1536.932373	-116.416832
1537.605286	-116.340866
1538.278198	-116.671135
1538.951111	-117.596436
1539.624023	-118.990021
1540.296936	-118.042290
1540.969849	-116.682945
1541.642761	-117.304932
1542.315674	-117.408447
1542.988586	-117.258255
1543.661499	-117.900459
1544.334412	-118.591614
1545.007324	-118.046272
1545.680237	-117.107605
1546.353149	-117.317520
1547.026062	-117.508415
1547.698975	-117.799675
1548.371887	-117.202965
1549.044800	-118.142433
1549.717712	-118.057632
1550.390625	-118.262405
1551.063538	-118.369934
1551.736450	-117.783195
1552.409363	-118.086029
1553.082275	-119.454437
1553.755188	-119.533089
1554.428101	-118.356361
1555.101013	-117.671814
1555.773926	-118.296471
1556.446838	-118.303749
1557.119751	-118.382423
1557.792664	-117.367119
1558.465576	-116.699280
1559.138489	-117.365067
1559.811401	-118.514824
1560.484314	-118.877617
1561.157227	-118.094498
1561.830139	-116.558846
1562.503052	-116.758743
1563.175964	-117.571350
1563.848877	-118.233307
1564.521790	-118.228127
1565.194702	-117.480186
1565.867615	-118.296806
1566.540527	-118.539879
1567.213440	-117.558151
1567.886353	-117.966202
1568.559265	-118.455635
1569.232178	-118.219757
1569.905090	-118.711792
1570.578003	-118.643135
1571.250916	-118.669319
1571.923828	-118.807640
1572.596741	-117.719200
1573.269653	-118.137825
1573.942566	-118.382019
1574.615479	-118.232620
1575.288391	-118.383125
1575.961304	-117.203568
1576.634216	-117.118996
1577.307129	-118.479469
1577.980042	-117.986946
1578.652954	-117.600151
1579.325867	-117.895882
1579.998779	-117.488243
1580.671692	-117.323120
1581.344604	-117.868164
1582.017517	-117.358757
1582.690430	-117.497078
1583.363342	-118.063728
1584.036255	-117.982025
1584.709167	-118.310539
1585.382080	-117.374054
1586.054993	-117.689751
1586.727905	-118.319191
1587.400818	-117.725586
1588.073730	-118.557007
1588.746643	-118.620033
1589.419556	-118.148674
1590.092468	-117.922516
1590.765381	-118.517151
1591.438293	-118.024162
1592.111206	-118.046837
1592.784119	-118.330971
1593.457031	-118.130150
1594.129944	-118.254974
1594.802856	-118.368004
1595.475769	-117.110771
1596.148682	-117.197372
1596.821594	-118.673378
1597.494507	-118.475891
1598.167419	-116.806061
1598.840332	-117.922256
1599.513245	-118.562889
1600.186157	-118.834404
1600.859070	-118.839867
1601.531982	-118.957893
1602.204895	-119.284500
1602.877808	-117.911980
1603.550720	-118.229179
1604.223633	-118.583496
1604.896545	-118.426674
1605.569458	-118.826584
1606.242371	-118.307053
1606.915283	-118.098114
1607.588196	-118.939194
1608.261108	-119.395226
1608.934021	-118.677109
1609.606934	-118.766693
1610.279846	-118.290199
1610.952759	-117.661690
1611.625671	-117.954819
1612.298584	-118.380699
1612.971497	-118.698845
1613.644409	-118.969910
1614.317322	-119.524483
1614.990234	-118.894958
1615.663147	-119.930794
1616.336060	-119.277061
1617.008972	-118.106163
1617.681885	-119.156395
1618.354797	-119.264931
1619.027710	-118.669731
1619.700623	-117.863716
1620.373535	-117.790062
1621.046448	-118.087547
1621.719360	-117.752708
1622.392273	-118.120743
1623.065186	-117.772408
1623.738098	-118.936096
1624.411011	-117.924171
1625.083923	-118.103798
1625.756836	-118.218613
1626.429749	-117.911911
1627.102661	-117.635269
1627.775574	-117.881058
1628.448486	-117.636940
1629.121399	-117.368752
1629.794312	-117.539871
1630.467224	-117.725784
1631.140137	-117.141907
1631.813049	-117.036186
1632.485962	-117.183495
1633.158875	-117.286621
1633.831787	-117.175797
1634.504700	-117.482803
1635.177612	-118.266182
1635.850525	-118.069740
1636.523438	-117.406586
1637.196350	-117.781967
1637.869263	-117.692322
1638.542175	-118.768890
1639.215088	-118.379814
1639.888000	-118.820595
1640.560913	-118.930756
1641.233826	-118.635284
1641.906738	-119.107666
1642.579651	-118.803177
1643.252563	-119.161606
1643.925476	-118.407738
1644.598389	-118.957138
1645.271301	-119.361595
1645.944214	-118.667320
1646.617126	-118.473251
1647.290039	-118.081200
1647.962952	-117.458305
1648.635864	-117.686821
1649.308777	-117.802650
1649.981689	-118.597702
1650.654602	-118.346245
1651.327515	-117.856361
1652.000427	-118.303642
1652.673340	-117.874641
1653.346252	-117.542564
1654.019165	-118.695236
1654.692078	-118.860023
1655.364990	-119.257843
1656.037903	-118.158722
1656.710815	-117.835907
1657.383728	-118.466080
1658.056641	-118.588554
1658.729553	-117.029114
1659.402466	-117.328835
1660.075378	-117.806580
1660.748291	-118.302650
1661.421204	-117.450890
1662.094116	-117.931366
1662.767029	-119.592667
1663.439941	-119.325836
1664.112854	-119.052094
1664.785767	-119.304810
1665.458679	-119.162598
1666.131592	-118.492645
1666.804504	-117.687630
1667.477417	-118.378281
1668.150330	-118.422127
1668.823242	-117.998573
1669.496155	-118.538948
1670.169067	-118.455246
1670.841980	-118.093063
1671.514893	-118.172066
1672.187805	-118.882301
1672.860718	-118.124588
1673.533630	-116.531464
1674.206543	-116.462273
1674.879456	-117.141846
1675.552368	-117.134880
1676.225281	-118.477325
1676.898193	-118.675339
1677.571106	-118.960907
1678.244019	-118.648727
1678.916931	-117.856972
1679.589844	-117.957954
1680.262756	-117.481827
1680.935669	-118.251030
1681.608582	-118.274818
1682.281494	-116.732193
1682.954407	-116.696793
1683.627319	-117.684814
1684.300232	-117.960182
1684.973145	-117.567932
1685.646057	-116.765228
1686.318970	-117.438110
1686.991882	-116.940788
1687.664795	-117.033218
1688.337708	-117.371696
1689.010620	-116.702881
1689.683533	-117.402824
1690.356445	-117.223747
1691.029358	-117.794075
1691.702271	-118.809761
1692.375183	-118.633293
1693.048096	-118.942635
1693.721008	-118.775360
1694.393921	-119.278183
1695.066833	-118.437454
1695.739746	-118.131996
1696.412659	-118.697487
1697.085571	-117.852623
1697.758484	-117.616524
1698.431396	-117.648750
1699.104309	-117.836250
1699.777222	-117.477348
1700.450134	-116.754959
1701.123047	-118.603836
1701.795959	-119.124657
1702.468872	-119.570473
1703.141785	-119.016121
1703.814697	-118.318481
1704.487610	-119.751457
1705.160522	-119.730217
1705.833435	-118.086830
1706.506348	-118.440155
1707.179260	-119.809914
1707.852173	-119.310165
1708.525085	-119.559349
1709.197998	-119.083054
1709.870911	-120.006958
1710.543823	-119.110764
1711.216736	-117.876266
1711.889648	-117.757339
1712.562561	-118.380806
1713.235474	-119.354576
1713.908386	-118.648216
1714.581299	-118.090080
1715.254211	-118.522156
1715.927124	-118.606422
1716.600037	-119.002708
1717.272949	-119.188232
1717.945862	-118.248749
1718.618774	-118.249878
1719.291687	-118.756409
1719.964600	-118.027504
1720.637512	-117.648346
1721.310425	-118.304100
1721.983337	-117.832123
1722.656250	-118.441696
1723.329163	-118.898834
1724.002075	-118.398994
1724.674988	-119.446999
1725.347900	-118.097610
1726.020813	-118.155922
1726.693726	-118.761368
1727.366638	-117.646126
1728.039551	-117.548111
1728.712463	-118.286636
1729.385376	-119.483902
1730.058289	-118.857941
1730.731201	-117.999176
1731.404114	-118.550804
1732.077026	-118.492477
1732.749939	-117.782059
1733.422852	-118.867859
1734.095764	-119.882767
1734.768677	-119.178635
1735.441589	-119.470795
1736.114502	-119.325951
1736.787415	-118.818810
1737.460327	-117.720047
1738.133240	-118.068207
1738.806152	-119.534729
1739.479065	-118.980530
1740.151978	-119.090126
1740.824890	-119.051567
1741.497803	-119.116409
1742.170715	-118.879028
1742.843628	-119.380287
1743.516541	-118.669662
1744.189453	-119.284042
1744.862366	-118.126686
1745.535278	-117.837296
1746.208191	-118.774193
1746.881104	-118.484161
1747.554016	-118.060005
1748.226929	-119.004959
1748.899841	-119.602974
1749.572754	-118.344360
1750.245667	-118.212875
1750.918579	-119.507370
1751.591492	-118.939667
1752.264404	-118.777901
1752.937317	-118.282341
1753.610229	-117.789711
1754.283142	-118.079384
1754.956055	-118.014755
1755.628967	-118.493271
1756.301880	-119.083267
1756.974792	-118.290283
1757.647705	-118.630890
1758.320618	-118.719254
1758.993530	-118.419403
1759.666443	-118.635094
1760.339355	-118.131035
1761.012268	-118.320244
1761.685181	-118.065506
1762.358093	-118.832428
1763.031006	-119.234207
1763.703918	-118.201759
1764.376831	-117.798958
1765.049744	-118.248512
1765.722656	-118.525909
1766.395569	-118.195000
1767.068481	-118.533310
1767.741394	-118.254211
1768.414307	-119.160522
1769.087219	-118.957230
1769.760132	-119.017197
1770.433044	-118.602638
1771.105957	-117.847855
1771.778870	-117.841698
1772.451782	-117.337227
1773.124695	-118.557007
1773.797607	-118.711441
1774.470520	-118.151733
1775.143433	-119.132866
1775.816345	-119.602905
1776.489258	-118.338684
1777.162170	-119.102730
1777.835083	-118.874924
1778.507996	-118.330284
1779.180908	-118.346397
1779.853821	-120.115753
1780.526733	-119.399300
1781.199646	-118.201675
1781.872559	-118.046127
1782.545471	-117.976494
1783.218384	-118.122108
1783.891296	-118.109283
1784.564209	-118.958557
1785.237122	-119.705826
1785.910034	-119.938896
1786.582947	-118.531601
1787.255859	-117.832764
1787.928772	-119.107407
1788.601685	-118.513062
1789.274597	-119.043701
1789.947510	-120.461388
1790.620422	-118.641281
1791.293335	-118.475113
1791.966248	-118.595680
1792.639160	-118.472481
1793.312073	-118.455269
1793.984985	-117.764969
1794.657898	-118.201477
1795.330811	-117.941032
1796.003723	-117.255745
1796.676636	-118.260651
1797.349548	-119.089905
1798.022461	-119.377930
1798.695374	-118.523666
1799.368286	-118.472633
1800.041199	-118.293938
1800.714111	-119.046562
1801.387024	-119.511948
1802.059937	-119.786758
1802.732849	-119.771729
1803.405762	-118.681297
1804.078674	-118.522713
1804.751587	-118.262566
1805.424500	-117.973923
1806.097412	-118.399391
1806.770325	-119.058052
1807.443237	-119.179604
1808.116150	-119.178375
1808.789062	-119.174767
1809.461975	-118.156212
1810.134888	-118.340881
1810.807800	-118.205780
1811.480713	-118.363625
1812.153625	-118.749237
1812.826538	-118.221436
1813.499451	-118.466942
1814.172363	-118.270004
1814.845276	-118.434624
1815.518188	-118.434402
1816.191101	-118.812218
1816.864014	-118.601448
1817.536926	-117.960632
1818.209839	-118.920250
1818.882751	-119.201767
1819.555664	-118.889053
1820.228577	-118.728996
1820.901489	-119.226578
1821.574402	-118.635544
1822.247314	-117.892227
1822.920227	-118.039551
1823.593140	-118.387123
1824.266052	-119.427933
1824.938965	-119.626808
1825.611877	-119.122574
1826.284790	-119.495338
1826.957703	-119.075897
1827.630615	-118.237938
1828.303528	-118.473869
1828.976440	-119.880592
1829.649353	-118.701073
1830.322266	-118.785912
1830.995178	-119.312836
1831.668091	-118.389244
1832.341003	-119.029114
1833.013916	-118.806267
1833.686829	-118.146057
1834.359741	-119.411438
1835.032654	-119.271263
1835.705566	-118.348091
1836.378479	-119.593040
1837.051392	-118.961937
1837.724304	-118.605057
1838.397217	-119.186798
1839.070129	-118.913399
1839.743042	-118.691124
1840.415955	-118.514000
1841.088867	-119.275230
1841.761780	-119.342735
1842.434692	-118.869667
1843.107605	-119.342339
1843.780518	-119.197990
1844.453430	-118.561295
1845.126343	-118.456940
1845.799255	-119.326019
1846.472168	-118.390633
1847.145081	-118.739059
1847.817993	-118.983047
1848.490906	-118.091354
1849.163818	-118.845482
1849.836731	-119.881760
1850.509644	-119.392479
1851.182556	-119.338112
1851.855469	-117.881462
1852.528381	-117.899086
1853.201294	-120.482033
1853.874207	-119.273888
1854.547119	-118.510010
1855.220032	-119.334312
1855.892944	-119.181877
1856.565857	-119.421989
1857.238770	-118.652397
1857.911682	-118.150909
1858.584595	-118.057030
1859.257507	-119.008690
1859.930420	-118.275963
1860.603333	-118.732216
1861.276245	-119.681870
1861.949158	-119.421906
1862.622070	-120.415375
1863.294983	-120.649483
1863.967896	-120.635826
1864.640808	-119.804405
1865.313721	-118.071449
1865.986633	-118.481018
1866.659546	-118.537346
1867.332458	-118.621841
1868.005371	-118.792099
1868.678284	-118.738876
1869.351196	-120.192795
1870.024109	-120.424652
1870.697021	-119.535706
1871.369934	-118.781586
1872.042847	-119.467163
1872.715759	-119.637077
1873.388672	-119.948845
1874.061584	-120.092209
1874.734497	-119.935509
1875.407410	-119.312798
1876.080322	-119.042755
1876.753235	-117.798820
1877.426147	-118.454796
1878.099060	-118.893013
1878.771973	-118.759697
1879.444885	-118.043564
1880.117798	-118.825661
1880.790710	-118.705734
1881.463623	-119.000801
1882.136536	-118.966347
1882.809448	-119.102028
1883.482361	-119.172005
1884.155273	-118.389771
1884.828186	-118.060013
1885.501099	-118.698235
1886.174011	-119.089737
1886.846924	-118.693039
1887.519836	-117.831734
1888.192749	-118.197052
1888.865662	-118.801201
1889.538574	-117.864174
1890.211487	-118.447197
1890.884399	-118.915436
1891.557312	-118.977631
1892.230225	-119.246803
1892.903137	-120.343239
1893.576050	-120.157928
1894.248962	-118.661049
1894.921875	-118.227737
1895.594788	-118.060814
1896.267700	-118.520950
1896.940613	-119.401718
1897.613525	-119.446709
1898.286438	-117.918762
1898.959351	-119.325943
1899.632263	-119.811234
1900.305176	-118.490349
1900.978088	-119.257713
1901.651001	-119.259979
1902.323914	-118.761047
1902.996826	-118.289673
1903.669739	-118.700470
1904.342651	-118.394608
1905.015564	-118.845451
1905.688477	-119.189087
1906.361389	-118.235680
1907.034302	-117.819695
1907.707214	-119.057594
1908.380127	-119.737511
1909.053040	-119.346695
1909.725952	-119.606995
1910.398865	-118.617111
1911.071777	-118.574196
1911.744690	-118.368614
1912.417603	-117.980537
1913.090515	-118.821655
1913.763428	-119.788597
1914.436340	-119.569283
1915.109253	-119.207558
1915.782166	-119.093895
1916.455078	-120.026878
1917.127991	-118.386513
1917.800903	-117.818069
1918.473816	-119.490967
1919.146729	-118.764076
1919.819641	-119.407455
1920.492554	-119.794884
1921.165466	-119.217270
1921.838379	-119.046944
1922.511292	-119.514374
1923.184204	-118.650360
1923.857117	-117.480766
1924.530029	-118.751617
1925.202942	-119.002586
1925.875854	-118.540100
1926.548767	-118.369164
1927.221680	-118.606331
1927.894592	-118.691185
1928.567505	-118.241333
1929.240417	-117.979004
1929.913330	-118.402122
1930.586243	-117.904419
1931.259155	-117.745232
1931.932068	-118.588013
1932.604980	-118.893913
1933.277893	-119.698120
1933.950806	-119.668617
1934.623718	-118.511330
1935.296631	-118.140488
1935.969543	-118.867149
1936.642456	-119.636414
1937.315369	-119.100342
1937.988281	-118.516418
1938.661194	-119.201187
1939.334106	-119.508636
1940.007019	-119.515465
1940.679932	-118.995621
1941.352844	-118.296936
1942.025757	-118.361076
1942.698669	-118.282333
1943.371582	-118.444595
1944.044495	-118.693726
1944.717407	-118.072876
1945.390320	-118.221825
1946.063232	-118.404907
1946.736145	-118.937775
1947.409058	-120.543266
1948.081970	-119.573303
1948.754883	-119.231018
1949.427795	-119.449608
1950.100708	-119.284828
1950.773621	-119.046341
1951.446533	-119.246445
1952.119446	-119.405998
1952.792358	-119.441719
1953.465271	-119.067345
1954.138184	-118.874413
1954.811096	-118.295921
1955.484009	-119.149979
1956.156921	-119.320557
1956.829834	-118.951683
1957.502747	-118.103210
1958.175659	-118.907890
1958.848572	-119.648323
1959.521484	-119.157440
1960.194397	-118.762939
1960.867310	-118.804321
1961.540222	-117.298691
1962.213135	-117.867455
1962.886047	-118.405251
1963.558960	-117.841377
1964.231873	-117.828987
1964.904785	-118.761116
1965.577698	-118.812752
1966.250610	-118.744133
1966.923523	-119.116791
1967.596436	-119.666702
1968.269348	-119.156319
1968.942261	-119.300583
1969.615173	-119.155258
1970.288086	-118.792694
1970.960999	-118.963768
1971.633911	-119.533440
1972.306824	-119.698349
1972.979736	-119.724823
1973.652649	-120.367592
1974.325562	-120.626923
1974.998474	-118.662834
1975.671387	-118.728600
1976.344299	-119.422462
1977.017212	-118.889191
1977.690125	-119.099007
1978.363037	-119.658516
1979.035950	-119.171516
1979.708862	-118.994064
1980.381775	-119.581009
1981.054688	-119.181770
1981.727600	-119.468483
1982.400513	-119.433586
1983.073425	-119.122673
1983.746338	-118.411171
1984.419250	-118.722778
1985.092163	-118.765167
1985.765076	-118.968239
1986.437988	-118.214760
1987.110901	-118.905685
1987.783813	-119.609161
1988.456726	-120.078499
1989.129639	-120.131607
1989.802551	-120.076241
1990.475464	-119.323471
1991.148376	-119.226494
1991.821289	-118.673264
1992.494202	-119.720543
1993.167114	-118.284927
1993.840027	-117.212852
1994.512939	-118.495163
1995.185852	-118.975548
1995.858765	-119.315887
1996.531677	-119.345451
1997.204590	-118.846413
1997.877502	-118.492035
1998.550415	-118.267517
1999.223328	-118.003738
1999.896240	-118.557076
2000.569153	-118.629654
2001.242065	-118.981377
2001.914978	-118.070389
2002.587891	-118.435776
2003.260803	-119.616661
2003.933716	-119.583488
2004.606628	-118.814194
2005.279541	-118.422844
2005.952454	-119.200859
2006.625366	-119.827873
2007.298279	-119.425819
2007.971191	-119.077660
2008.644104	-118.633011
2009.317017	-118.144951
2009.989929	-118.403610
2010.662842	-119.341698
2011.335754	-119.820961
2012.008667	-118.974358
2012.681580	-119.187416
2013.354492	-118.821022
2014.027405	-119.764091
2014.700317	-119.965408
2015.373230	-119.495735
2016.046143	-118.992508
2016.719055	-118.649506
2017.391968	-118.462418
2018.064880	-118.446854
2018.737793	-118.639786
2019.410706	-118.206131
2020.083618	-117.849594
2020.756531	-118.760277
2021.429443	-119.417191
2022.102356	-120.023041
2022.775269	-119.409592
2023.448181	-118.662086
2024.121094	-118.961769
2024.794006	-118.792557
2025.466919	-119.204407
2026.139832	-119.449966
2026.812744	-118.619705
2027.485657	-118.796532
2028.158569	-119.598267
2028.831482	-119.419739
2029.504395	-118.720581
2030.177307	-118.135162
2030.850220	-117.963936
2031.523132	-119.295105
2032.196045	-120.179497
2032.868958	-119.371658
2033.541870	-119.091599
2034.214783	-118.973671
2034.887695	-119.113297
2035.560608	-119.022552
2036.233521	-119.318069
2036.906433	-118.930069
2037.579346	-118.978333
2038.252258	-118.689827
2038.925171	-118.820763
2039.598083	-119.205490
2040.270996	-119.635971
2040.943909	-119.860329
2041.616821	-118.435722
2042.289734	-119.291588
2042.962646	-119.513039
2043.635559	-118.523323
2044.308472	-119.424568
2044.981384	-118.781334
2045.654297	-118.716835
2046.327209	-118.451630
2047.000122	-118.500885
2047.673035	-118.814346
2048.345947	-118.752014
2049.018860	-118.719498
2049.691772	-119.465973
2050.364685	-118.401138
2051.037598	-118.974731
2051.710510	-119.438004
2052.383423	-120.049812
2053.056335	-120.957947
2053.729248	-119.122169
2054.402161	-118.980949
2055.075073	-118.920525
2055.747986	-119.425407
2056.420898	-119.161118
2057.093811	-118.178909
2057.766724	-118.620728
2058.439636	-119.293961
2059.112549	-119.267998
2059.785461	-120.057228
2060.458374	-119.490410
2061.131287	-119.686066
2061.804199	-119.263206
2062.477112	-118.482704
2063.150024	-119.461845
2063.822937	-118.793190
2064.495850	-118.531494
2065.168762	-119.291649
2065.841675	-118.633598
2066.514587	-119.031349
2067.187500	-119.005600
2067.860413	-118.322807
2068.533325	-118.151726
2069.206238	-119.185265
2069.879150	-119.924965
2070.552063	-119.416519
2071.224976	-118.785454
2071.897888	-120.149666
2072.570801	-118.984924
2073.243713	-118.856812
2073.916626	-118.935104
2074.589539	-118.816605
2075.262451	-120.118546
2075.935364	-119.653412
2076.608276	-118.543343
2077.281189	-118.515739
2077.954102	-118.334831
2078.627014	-118.594109
2079.299927	-119.171379
2079.972839	-118.676872
2080.645752	-118.805840
2081.318665	-118.887878
2081.991577	-119.696449
2082.664490	-120.687851
2083.337402	-119.699852
2084.010315	-118.595741
2084.683228	-118.286446
2085.356140	-119.706551
2086.029053	-119.385895
2086.701965	-120.349014
2087.374878	-118.984390
2088.047791	-118.569496
2088.720703	-119.551949
2089.393616	-118.894897
2090.066528	-119.335320
2090.739441	-118.935272
2091.412354	-118.903442
2092.085266	-119.513916
2092.758179	-120.207779
2093.431091	-120.486267
2094.104004	-119.749176
2094.776917	-119.177040
2095.449829	-118.589195
2096.122742	-119.296913
2096.795654	-119.664490
2097.468567	-119.677429
2098.141479	-119.803352
2098.814392	-120.713821
2099.487305	-119.978958
2100.160217	-119.067474
2100.833130	-118.929756
2101.506042	-118.257584
2102.178955	-117.607552
2102.851868	-119.366936
2103.524780	-119.835045
2104.197693	-119.907471
2104.870605	-118.905777
2105.543518	-118.835007
2106.216431	-118.767769
2106.889343	-118.792328
2107.562256	-119.513702
2108.235168	-120.203796
2108.908081	-119.947220
2109.580994	-119.919975
2110.253906	-119.149399
2110.926819	-118.794777
2111.599731	-119.308670
2112.272644	-119.691795
2112.945557	-119.060104
2113.618469	-118.593826
2114.291382	-118.654800
2114.964294	-119.224632
2115.637207	-118.742325
2116.310120	-118.390175
2116.983032	-118.267517
2117.655945	-118.781113
2118.328857	-119.995819
2119.001770	-118.548866
2119.674683	-118.301025
2120.347595	-119.031601
2121.020508	-118.706902
2121.693420	-118.482414
2122.366333	-118.442986
2123.039246	-118.429832
2123.712158	-118.896866
2124.385071	-118.816833
2125.057983	-119.069069
2125.730896	-118.096909
2126.403809	-118.601112
2127.076721	-119.796127
2127.749634	-119.885368
2128.422546	-119.245453
2129.095459	-118.699928
2129.768372	-118.775146
2130.441284	-118.572502
2131.114197	-118.812202
2131.787109	-119.179810
2132.460022	-119.056900
2133.132935	-118.790123
2133.805847	-118.861450
2134.478760	-119.349579
2135.151672	-120.084442
2135.824585	-118.827019
2136.497498	-118.346100
2137.170410	-119.139404
2137.843323	-117.953590
2138.516235	-117.359268
2139.189148	-118.108063
2139.862061	-118.654892
2140.534973	-119.857414
2141.207886	-118.799065
2141.880798	-118.354698
2142.553711	-119.209991
2143.226624	-118.749435
2143.899536	-118.120964
2144.572449	-118.209068
2145.245361	-119.353615
2145.918274	-118.359848
2146.591187	-118.406090
2147.264099	-118.729187
2147.937012	-119.342545
2148.609924	-118.659973
2149.282837	-118.097687
2149.955750	-119.087433
2150.628662	-118.849380
2151.301575	-118.900497
2151.974487	-118.550041
2152.647400	-119.063423
2153.320312	-119.013306
2153.993225	-118.407249
2154.666138	-118.418648
2155.339050	-118.675362
2156.011963	-118.436890
2156.684875	-118.703789
2157.357788	-119.471703
2158.030701	-119.793427
2158.703613	-119.681786
2159.376526	-119.396072
2160.049438	-118.132210
2160.722351	-118.245735
2161.395264	-119.370613
2162.068176	-120.156631
2162.741089	-118.993019
2163.414001	-119.049797
2164.086914	-120.702576
2164.759827	-120.297035
2165.432739	-118.965759
2166.105652	-118.689781
2166.778564	-119.188370
2167.451477	-119.478249
2168.124390	-120.235092
2168.797302	-120.116646
2169.470215	-119.879997
2170.143127	-120.213516
2170.816040	-119.047874
2171.488953	-118.805595
2172.161865	-118.878494
2172.834778	-118.373001
2173.507690	-119.290848
2174.180603	-118.593712
2174.853516	-118.490768
2175.526428	-118.860275
2176.199341	-119.375328
2176.872253	-118.129951
2177.545166	-118.771706
2178.218079	-118.425591
2178.890991	-118.493172
2179.563904	-120.380501
2180.236816	-120.933029
2180.909729	-120.321968
2181.582642	-119.786186
2182.255554	-119.471542
2182.928467	-119.142288
2183.601379	-119.732498
2184.274292	-120.341690
2184.947205	-119.528770
2185.620117	-119.243027
2186.293030	-120.129913
2186.965942	-119.487823
2187.638855	-118.949623
2188.311768	-119.619431
2188.984680	-119.288216
2189.657593	-119.071213
2190.330505	-119.577484
2191.003418	-119.201920
2191.676331	-119.337891
2192.349243	-120.328232
2193.022156	-121.163300
2193.695068	-119.369835
2194.367981	-119.425812
2195.040894	-120.275368
2195.713806	-119.651711
2196.386719	-119.182419
2197.059631	-118.696381
2197.732544	-119.090454
2198.405457	-119.512077
2199.078369	-119.088135
2199.751282	-118.611359
2200.424194	-118.005821
2201.097107	-119.058372
2201.770020	-120.059822
2202.442932	-119.992241
2203.115845	-119.927841
2203.788757	-119.917732
2204.461670	-120.279694
2205.134583	-119.334602
2205.807495	-119.184128
2206.480408	-118.370705
2207.153320	-117.928612
2207.826233	-119.115845
2208.499146	-120.300072
2209.172058	-118.965210
2209.844971	-118.990814
2210.517883	-119.427589
2211.190796	-119.446838
2211.863708	-119.535881
2212.536621	-120.147163
2213.209534	-120.120781
2213.882446	-121.806549
2214.555359	-121.015450
2215.228271	-118.701561
2215.901184	-118.611526
2216.574097	-118.803101
2217.247009	-118.895035
2217.919922	-119.100365
2218.592834	-118.958168
2219.265747	-119.621674
2219.938660	-119.581993
2220.611572	-120.009354
2221.284485	-119.357368
2221.957397	-119.441833
2222.630310	-119.452171
2223.303223	-118.538406
2223.976135	-118.660583
2224.649048	-119.499664
2225.321960	-119.082108
2225.994873	-118.714439
2226.667786	-119.806793
2227.340698	-118.516373
2228.013611	-119.161766
2228.686523	-118.872688
2229.359436	-119.955246
2230.032349	-120.018127
2230.705261	-119.542046
2231.378174	-119.351387
2232.051086	-119.532860
2232.723999	-119.490799
2233.396912	-119.189331
2234.069824	-119.383835
2234.742737	-119.766106
2235.415649	-118.700409
2236.088562	-118.478813
2236.761475	-119.835388
2237.434387	-119.932922
2238.107300	-119.352249
2238.780212	-118.729759
2239.453125	-117.826736
2240.126038	-119.690384
2240.798950	-120.450684
2241.471863	-119.264481
2242.144775	-118.834251
2242.817688	-118.756668
2243.490601	-119.539856
2244.163513	-120.621712
2244.836426	-119.788528
2245.509338	-118.827927
2246.182251	-118.534172
2246.855164	-118.514946
2247.528076	-119.950401
2248.200989	-120.118980
2248.873901	-120.128601
2249.546814	-120.115547
2250.219727	-121.278908
2250.892639	-120.091263
2251.565552	-118.771782
2252.238464	-119.205620
2252.911377	-119.500305
2253.584290	-119.834419
2254.257202	-119.532318
2254.930115	-118.746468
2255.603027	-118.550575
2256.275940	-119.016655
2256.948853	-119.266350
2257.621765	-119.599655
2258.294678	-120.826309
2258.967590	-119.380829
2259.640503	-119.162338
2260.313416	-119.662086
2260.986328	-119.821022
2261.659241	-119.539078
2262.332153	-118.466743
2263.005066	-118.566307
2263.677979	-119.194832
2264.350891	-120.549835
2265.023804	-120.234108
2265.696716	-119.185127
2266.369629	-119.621521
2267.042542	-119.703506
2267.715454	-120.045113
2268.388367	-118.948799
2269.061279	-119.172012
2269.734192	-118.992340
2270.407104	-118.190063
2271.080017	-118.391655
2271.752930	-119.088295
2272.425842	-119.779854
2273.098755	-119.825523
2273.771667	-119.801132
2274.444580	-120.421349
2275.117493	-120.060486
2275.790405	-119.969246
2276.463318	-119.322281
2277.136230	-118.875214
2277.809143	-119.180244
2278.482056	-119.585312
2279.154968	-118.866280
2279.827881	-118.906479
2280.500793	-119.706268
2281.173706	-119.723579
2281.846619	-119.755608
2282.519531	-119.363419
2283.192444	-119.184700
2283.865356	-119.321243
2284.538269	-119.507942
2285.211182	-120.173965
2285.884094	-119.507225
2286.557007	-119.766075
2287.229919	-120.557686
2287.902832	-118.302368
2288.575745	-118.551254
2289.248657	-119.657433
2289.921570	-120.534821
2290.594482	-120.273125
2291.267395	-119.001991
2291.940308	-118.928490
2292.613220	-119.684189
2293.286133	-119.602440
2293.959045	-118.604866
2294.631958	-118.590965
2295.304871	-118.773109
2295.977783	-118.900093
2296.650696	-118.544472
2297.323608	-117.668465
2297.996521	-118.681778
2298.669434	-118.636864
2299.342346	-118.430473
2300.015259	-118.523460
2300.688171	-118.939697
2301.361084	-118.586060
2302.033997	-119.083931
2302.706909	-120.300186
2303.379822	-119.782494
2304.052734	-118.962418
2304.725647	-119.347801
2305.398560	-119.733002
2306.071472	-120.051666
2306.744385	-118.908791
2307.417297	-120.142387
2308.090210	-120.386711
2308.763123	-119.269623
2309.436035	-118.943314
2310.108948	-118.935242
2310.781860	-119.069313
2311.454773	-119.057602
2312.127686	-119.551826
2312.800598	-118.336006
2313.473511	-118.957047
2314.146423	-119.662949
2314.819336	-119.298576
2315.492249	-119.488472
2316.165161	-119.702652
2316.838074	-120.040947
2317.510986	-119.489578
2318.183899	-119.850670
2318.856812	-119.934593
2319.529724	-119.815536
2320.202637	-120.298126
2320.875549	-120.927422
2321.548462	-119.255272
2322.221375	-118.066124
2322.894287	-118.672798
2323.567200	-120.052299
2324.240112	-118.863342
2324.913025	-118.398300
2325.585938	-119.164017
2326.258850	-119.012939
2326.931763	-120.052666
2327.604675	-120.002121
2328.277588	-118.854141
2328.950500	-119.298531
2329.623413	-119.645226
2330.296326	-120.434868
2330.969238	-120.206741
2331.642151	-119.822113
2332.315063	-119.541153
2332.987976	-119.987137
2333.660889	-119.674362
2334.333801	-120.683327
2335.006714	-120.183380
2335.679626	-119.474358
2336.352539	-118.757256
2337.025452	-119.037727
2337.698364	-118.823814
2338.371277	-119.403023
2339.044189	-120.645866
2339.717102	-119.379433
2340.390015	-118.535744
2341.062927	-119.642036
2341.735840	-119.658234
2342.408752	-120.467804
2343.081665	-119.526276
2343.754578	-119.274986
2344.427490	-120.203697
2345.100403	-120.457634
2345.773315	-120.011536
2346.446228	-119.547417
2347.119141	-118.822998
2347.792053	-118.893326
2348.464966	-119.454773
2349.137878	-118.717484
2349.810791	-118.517807
2350.483704	-118.986717
2351.156616	-119.734085
2351.829529	-119.306305
2352.502441	-119.209274
2353.175354	-119.033531
2353.848267	-118.877045
2354.521179	-119.321167
2355.194092	-118.881935
2355.867004	-118.953217
2356.539917	-119.945351
2357.212830	-119.753738
2357.885742	-118.020409
2358.558655	-118.225372
2359.231567	-119.630997
2359.904480	-119.368782
2360.577393	-118.501701
2361.250305	-119.265213
2361.923218	-119.316513
2362.596130	-118.944130
2363.269043	-119.282959
2363.941956	-120.061455
2364.614868	-120.259918
2365.287781	-119.488205
2365.960693	-118.683052
2366.633606	-119.451202
2367.306519	-118.952850
2367.979431	-119.056541
2368.652344	-118.265793
2369.325256	-119.076126
2369.998169	-118.153389
2370.671082	-117.893364
2371.343994	-118.862793
2372.016907	-120.336906
2372.689819	-119.553085
2373.362732	-118.608627
2374.035645	-119.042404
2374.708557	-118.583862
2375.381470	-118.109894
2376.054382	-118.572342
2376.727295	-118.930458
2377.400208	-119.364265
2378.073120	-118.994583
2378.746033	-119.807831
2379.418945	-119.577248
2380.091858	-118.223854
2380.764771	-118.904587
2381.437683	-118.302818
2382.110596	-118.939995
2382.783508	-120.022392
2383.456421	-120.036224
2384.129333	-118.695755
2384.802246	-119.512375
2385.475159	-119.550583
2386.148071	-118.421547
2386.820984	-119.072243
2387.493896	-119.397400
2388.166809	-119.635056
2388.839722	-119.577415
2389.512634	-118.949295
2390.185547	-119.752678
2390.858459	-120.534904
2391.531372	-120.149872
2392.204285	-119.833817
2392.877197	-119.103165
2393.550110	-120.438934
2394.223022	-119.195198
2394.895935	-118.511909
2395.568848	-119.688545
2396.241760	-119.115936
2396.914673	-119.339821
2397.587585	-119.193588
2398.260498	-119.489143
2398.933411	-120.845161
2399.606323	-119.628456
2400.279236	-118.963379
2400.952148	-119.241959
2401.625061	-119.864067
2402.297974	-119.479294
2402.970886	-119.342758
2403.643799	-118.959663
2404.316711	-118.537964
2404.989624	-119.237595
2405.662537	-119.439514
2406.335449	-118.982887
2407.008362	-117.958771
2407.681274	-117.771217
2408.354187	-119.202553
2409.027100	-119.622635
2409.700012	-119.170135
2410.372925	-118.931450
2411.045837	-118.639648
2411.718750	-119.582047
2412.391663	-119.385056
2413.064575	-120.325012
2413.737488	-119.552795
2414.410400	-118.897842
2415.083313	-119.306419
2415.756226	-119.971924
2416.429138	-120.275963
2417.102051	-120.558174
2417.774963	-120.600906
2418.447876	-120.006805
2419.120789	-120.274994
2419.793701	-118.910210
2420.466614	-118.893822
2421.139526	-119.491394
2421.812439	-120.724686
2422.485352	-121.058266
2423.158264	-119.818214
2423.831177	-118.318382
2424.504089	-119.175560
2425.177002	-119.127014
2425.849915	-118.857414
2426.522827	-119.712456
2427.195740	-119.080063
2427.868652	-118.639511
2428.541565	-118.845024
2429.214478	-119.336067
2429.887390	-119.917702
2430.560303	-119.560936
2431.233215	-119.699532
2431.906128	-120.022560
2432.579041	-119.573105
2433.251953	-119.387169
2433.924866	-118.997810
2434.597778	-118.431030
2435.270691	-118.505608
2435.943604	-119.165871
2436.616516	-119.134079
2437.289429	-118.992104
2437.962341	-118.613754
2438.635254	-118.189873
2439.308167	-119.377083
2439.981079	-119.982788
2440.653992	-119.191467
2441.326904	-119.956917
2441.999817	-120.319885
2442.672729	-119.943375
2443.345642	-119.610909
2444.018555	-118.887482
2444.691467	-119.017342
2445.364380	-120.302391
2446.037292	-119.928429
2446.710205	-118.890862
2447.383118	-118.754669
2448.056030	-118.704109
2448.728943	-119.253387
2449.401855	-120.116226
2450.074768	-120.408234
2450.747681	-119.326454
2451.420593	-119.971397
2452.093506	-119.860069
2452.766418	-119.426666
2453.439331	-120.458466
2454.112244	-119.279785
2454.785156	-119.748169
2455.458069	-119.749672
2456.130981	-119.781830
2456.803894	-118.960632
2457.476807	-118.929947
2458.149719	-118.938644
2458.822632	-120.169739
2459.495544	-121.159508
2460.168457	-119.071289
2460.841370	-117.891014
2461.514282	-118.910538
2462.187195	-119.235847
2462.860107	-119.382065
2463.533020	-119.511322
2464.205933	-120.473526
2464.878845	-119.276314
2465.551758	-119.061234
2466.224670	-119.193512
2466.897583	-119.460594
2467.570496	-119.791534
2468.243408	-120.527466
2468.916321	-120.795456
2469.589233	-119.733521
2470.262146	-119.631432
2470.935059	-120.717155
2471.607971	-119.545738
2472.280884	-119.618408
2472.953796	-118.915802
2473.626709	-119.167892
2474.299622	-119.201546
2474.972534	-119.503075
2475.645447	-118.698105
2476.318359	-118.307823
2476.991272	-118.693192
2477.664185	-119.568001
2478.337097	-119.764145
2479.010010	-119.460503
2479.682922	-118.200066
2480.355835	-118.525009
2481.028748	-119.081070
2481.701660	-119.463875
2482.374573	-119.250549
2483.047485	-119.399895
2483.720398	-119.708321
2484.393311	-119.236832
2485.066223	-119.179047
2485.739136	-120.266205
2486.412048	-119.967903
2487.084961	-119.146248
2487.757874	-119.352592
2488.430786	-119.861198
2489.103699	-118.250885
2489.776611	-118.704414
2490.449524	-119.623047
2491.122437	-119.453400
2491.795349	-118.994270
2492.468262	-119.877701
2493.141174	-119.077324
2493.814087	-118.733994
2494.487000	-118.546066
2495.159912	-118.890450
2495.832825	-119.053848
2496.505737	-119.387039
2497.178650	-119.752205
2497.851562	-120.324608
2498.524475	-118.816574
2499.197388	-119.063400
2499.870300	-118.706085
2500.543213	-119.359222
2501.216125	-120.904495
2501.889038	-119.661362
2502.561951	-119.819023
2503.234863	-119.323013
2503.907776	-118.314407
2504.580688	-118.871483
2505.253601	-119.951241
2505.926514	-119.576294
2506.599426	-118.989120
2507.272339	-118.452736
2507.945251	-118.822495
2508.618164	-119.591530
2509.291077	-119.038383
2509.963989	-118.857758
2510.636902	-119.651474
2511.309814	-119.106850
2511.982727	-119.097519
2512.655640	-119.226875
2513.328552	-119.506554
2514.001465	-119.904243
2514.674377	-120.247841
2515.347290	-119.778580
2516.020203	-119.325317
2516.693115	-119.284912
2517.366028	-118.832695
2518.038940	-119.350883
2518.711853	-119.562981
2519.384766	-119.239914
2520.057678	-119.168274
2520.730591	-118.744995
2521.403503	-119.127113
2522.076416	-119.890411
2522.749329	-119.897255
2523.422241	-119.773773
2524.095154	-119.959167
2524.768066	-119.416397
2525.440979	-119.214989
2526.113892	-118.897675
2526.786804	-119.833519
2527.459717	-118.639069
2528.132629	-118.674423
2528.805542	-119.373703
2529.478455	-119.835312
2530.151367	-119.518280
2530.824280	-118.831947
2531.497192	-119.629974
2532.170105	-119.949028
2532.843018	-120.567253
2533.515930	-119.440262
2534.188843	-120.165428
2534.861755	-120.440781
2535.534668	-120.190659
2536.207581	-119.594200
2536.880493	-119.787300
2537.553406	-119.681946
2538.226318	-119.454468
2538.899231	-119.178825
2539.572144	-118.806587
2540.245056	-118.617889
2540.917969	-118.919388
2541.590881	-119.613831
2542.263794	-119.533226
2542.936707	-118.635078
2543.609619	-118.565529
2544.282532	-119.130096
2544.955444	-119.738068
2545.628357	-119.290947
2546.301270	-118.598785
2546.974182	-117.763535
2547.647095	-119.391357
2548.320007	-120.486702
2548.992920	-120.600418
2549.665833	-119.720398
2550.338745	-119.629601
2551.011658	-119.368492
2551.684570	-118.432976
2552.357483	-119.007805
2553.030396	-119.293480
2553.703308	-119.492325
2554.376221	-119.123337
2555.049133	-119.905495
2555.722046	-119.084587
2556.394958	-119.340500
2557.067871	-120.328575
2557.740784	-119.857674
2558.413696	-119.433426
2559.086609	-119.236717
2559.759521	-117.992149
2560.432434	-118.055901
2561.105347	-118.761459
2561.778259	-118.497238
2562.451172	-118.595337
2563.124084	-118.902306
2563.796997	-119.997772
2564.469910	-120.373360
2565.142822	-119.733299
2565.815735	-119.906616
2566.488647	-119.770203
2567.161560	-118.627899
2567.834473	-118.985603
2568.507385	-120.232628
2569.180298	-120.066101
2569.853210	-119.403534
2570.526123	-119.605583
2571.199036	-119.831490
2571.871948	-120.408791
2572.544861	-120.481377
2573.217773	-120.169144
2573.890686	-119.675575
2574.563599	-118.610229
2575.236511	-119.773041
2575.909424	-120.257507
2576.582336	-120.197166
2577.255249	-119.056862
2577.928162	-118.343178
2578.601074	-118.983673
2579.273987	-119.897720
2579.946899	-118.396729
2580.619812	-118.475533
2581.292725	-119.040047
2581.965637	-119.589638
2582.638550	-120.231560
2583.311462	-120.453003
2583.984375	-121.128044
2584.657288	-119.346779
2585.330200	-119.343582
2586.003113	-119.339417
2586.676025	-119.843826
2587.348938	-119.371246
2588.021851	-119.514641
2588.694763	-119.639999
2589.367676	-120.244835
2590.040588	-119.630203
2590.713501	-120.172089
2591.386414	-121.182190
2592.059326	-121.371758
2592.732239	-120.211281
2593.405151	-120.079178
2594.078064	-119.615433
2594.750977	-119.023727
2595.423889	-119.860512
2596.096802	-119.034508
2596.769714	-117.837852
2597.442627	-118.202271
2598.115540	-118.880890
2598.788452	-118.954857
2599.461365	-118.965599
2600.134277	-119.000977
2600.807190	-118.537773
2601.480103	-119.105240
2602.153015	-118.799240
2602.825928	-119.250000
2603.498840	-120.161446
2604.171753	-119.716385
2604.844666	-119.324768
2605.517578	-119.008690
2606.190491	-119.088707
2606.863403	-119.695747
2607.536316	-119.901825
2608.209229	-119.351234
2608.882141	-119.751816
2609.555054	-119.685356
2610.227966	-119.304626
2610.900879	-119.911110
2611.573792	-119.363487
2612.246704	-120.026382
2612.919617	-119.755577
2613.592529	-118.670967
2614.265442	-118.852119
2614.938354	-119.071182
2615.611267	-119.631165
2616.284180	-119.297371
2616.957092	-119.396469
2617.630005	-119.456520
2618.302917	-119.424255
2618.975830	-119.528267
2619.648743	-119.201355
2620.321655	-120.314201
2620.994568	-120.408134
2621.667480	-119.884201
2622.340393	-119.141060
2623.013306	-118.619789
2623.686218	-119.157280
2624.359131	-119.988983
2625.032043	-121.215500
2625.704956	-120.682381
2626.377869	-120.333633
2627.050781	-120.460625
2627.723694	-119.519150
2628.396606	-119.079308
2629.069519	-120.452789
2629.742432	-120.025780
2630.415344	-119.383621
2631.088257	-119.187561
2631.761169	-119.797127
2632.434082	-120.363617
2633.106995	-120.254478
2633.779907	-119.521179
2634.452820	-119.924446
2635.125732	-119.065727
2635.798645	-119.912270
2636.471558	-119.318588
2637.144470	-119.523964
2637.817383	-119.929604
2638.490295	-119.457870
2639.163208	-119.011032
2639.836121	-119.339401
2640.509033	-119.074562
2641.181946	-120.581230
2641.854858	-119.733307
2642.527771	-118.773232
2643.200684	-119.535011
2643.873596	-120.158714
2644.546509	-121.189140
2645.219421	-121.369202
2645.892334	-120.093933
2646.565247	-119.718536
2647.238159	-119.751556
2647.911072	-119.881554
2648.583984	-119.288345
2649.256897	-119.378326
2649.929810	-119.661201
2650.602722	-119.655403
2651.275635	-119.436798
2651.948547	-119.832993
2652.621460	-119.826599
2653.294373	-119.270187
2653.967285	-119.396461
2654.640198	-119.666397
2655.313110	-119.092819
2655.986023	-118.967476
2656.658936	-119.317390
2657.331848	-120.002472
2658.004761	-120.312691
2658.677673	-120.004578
2659.350586	-119.371880
2660.023499	-119.407799
2660.696411	-119.429230
2661.369324	-119.510239
2662.042236	-120.107674
2662.715149	-120.144859
2663.388062	-119.746498
2664.060974	-120.048828
2664.733887	-120.321526
2665.406799	-120.080994
2666.079712	-120.316643
2666.752625	-120.516579
2667.425537	-119.571480
2668.098450	-119.934380
2668.771362	-119.784233
2669.444275	-119.727036
2670.117188	-119.449097
2670.790100	-120.701782
2671.463013	-120.744789
2672.135925	-118.965683
2672.808838	-119.778419
2673.481750	-120.007271
2674.154663	-119.571106
2674.827576	-118.873138
2675.500488	-118.281189
2676.173401	-119.555634
2676.846313	-118.884453
2677.519226	-119.117233
2678.192139	-119.137505
2678.865051	-119.174232
2679.537964	-119.614174
2680.210876	-120.177681
2680.883789	-120.655998
2681.556702	-119.835953
2682.229614	-119.753357
2682.902527	-118.922745
2683.575439	-119.215683
2684.248352	-119.537926
2684.921265	-120.774246
2685.594177	-119.386322
2686.267090	-119.128510
2686.940002	-118.608528
2687.612915	-119.207848
2688.285828	-119.326523
2688.958740	-118.870598
2689.631653	-119.903763
2690.304565	-119.300110
2690.977478	-119.823486
2691.650391	-119.314796
2692.323303	-119.340385
2692.996216	-120.325455
2693.669128	-120.358315
2694.342041	-120.630653
2695.014954	-119.590942
2695.687866	-118.670387
2696.360779	-119.025314
2697.033691	-119.590851
2697.706604	-119.856522
2698.379517	-119.313843
2699.052429	-118.867065
2699.725342	-119.429367
2700.398254	-119.723328
2701.071167	-119.531059
2701.744080	-119.051003
2702.416992	-119.282082
2703.089905	-120.377983
2703.762817	-119.974625
2704.435730	-119.543999
2705.108643	-119.810402
2705.781555	-119.526367
2706.454468	-119.661003
2707.127380	-119.969162
2707.800293	-120.080978
2708.473206	-120.780182
2709.146118	-119.796631
2709.819031	-119.451279
2710.491943	-120.783997
2711.164856	-120.454536
2711.837769	-118.720123
2712.510681	-119.070091
2713.183594	-119.667915
2713.856506	-120.525620
2714.529419	-120.867561
2715.202332	-119.744308
2715.875244	-119.050140
2716.548157	-119.075150
2717.221069	-120.377579
2717.893982	-119.757172
2718.566895	-118.980118
2719.239807	-118.932579
2719.912720	-119.177437
2720.585632	-118.924850
2721.258545	-118.541962
2721.931458	-119.130142
2722.604370	-119.610641
2723.277283	-119.668076
2723.950195	-118.156853
2724.623108	-117.966187
2725.296021	-119.102242
2725.968933	-119.725769
2726.641846	-120.266777
2727.314758	-120.822372
2727.987671	-120.116425
2728.660583	-120.447136
2729.333496	-120.020958
2730.006409	-120.494865
2730.679321	-120.563499
2731.352234	-120.577347
2732.025146	-120.419365
2732.698059	-120.411034
2733.370972	-119.787102
2734.043884	-119.308525
2734.716797	-120.014412
2735.389709	-119.957535
2736.062622	-118.917313
2736.735535	-119.008369
2737.408447	-120.622284
2738.081360	-120.052841
2738.754272	-120.490852
2739.427185	-120.389503
2740.100098	-120.679626
2740.773010	-120.098808
2741.445923	-120.535301
2742.118835	-120.440140
2742.791748	-119.775497
2743.464661	-120.395088
2744.137573	-119.892212
2744.810486	-119.575096
2745.483398	-120.402023
2746.156311	-119.736938
2746.829224	-119.009384
2747.502136	-118.724083
2748.175049	-119.245636
2748.847961	-119.032265
2749.520874	-119.275917
2750.193787	-119.781746
2750.866699	-119.402863
2751.539612	-118.246887
2752.212524	-119.226936
2752.885437	-119.227135
2753.558350	-119.232079
2754.231262	-120.037987
2754.904175	-120.079887
2755.577087	-119.501717
2756.250000	-118.618515
2756.922913	-119.043045
2757.595825	-119.916061
2758.268738	-119.531876
2758.941650	-118.918243
2759.614563	-119.145523
2760.287476	-119.758278
2760.960388	-120.367851
2761.633301	-120.496086
2762.306213	-120.151764
2762.979126	-118.895027
2763.652039	-119.559425
2764.324951	-119.198547
2764.997864	-118.649513
2765.670776	-119.059593
2766.343689	-119.921440
2767.016602	-119.272484
2767.689514	-120.183525
2768.362427	-120.500824
2769.035339	-121.171577
2769.708252	-120.842247
2770.381165	-120.217758
2771.054077	-119.557381
2771.726990	-119.269516
2772.399902	-119.736893
2773.072815	-119.082237
2773.745728	-119.665329
2774.418640	-119.257477
2775.091553	-119.958183
2775.764465	-120.042557
2776.437378	-118.606834
2777.110291	-118.173119
2777.783203	-118.677483
2778.456116	-119.629013
2779.129028	-120.657394
2779.801941	-120.604805
2780.474854	-119.066238
2781.147766	-119.048531
2781.820679	-120.154907
2782.493591	-119.483902
2783.166504	-119.392387
2783.839417	-119.602997
2784.512329	-119.175056
2785.185242	-119.501129
2785.858154	-119.630875
2786.531067	-119.704353
2787.203979	-120.037521
2787.876892	-119.251251
2788.549805	-118.746208
2789.222717	-119.595009
2789.895630	-119.594345
2790.568542	-119.874985
2791.241455	-119.673157
2791.914368	-119.161835
2792.587280	-119.661545
2793.260193	-119.956322
2793.933105	-120.507713
2794.606018	-119.957832
2795.278931	-120.448631
2795.951843	-120.345840
2796.624756	-119.166420
2797.297668	-119.004532
2797.970581	-119.466942
2798.643494	-120.081261
2799.316406	-119.936073
2799.989319	-119.152519
2800.662231	-118.926254
2801.335144	-119.143822
2802.008057	-119.115532
2802.680969	-119.475861
2803.353882	-119.880386
2804.026794	-119.753914
2804.699707	-119.854073
2805.372620	-119.407738
2806.045532	-118.938286
2806.718445	-119.123451
2807.391357	-120.078995
2808.064270	-120.108200
2808.737183	-120.302841
2809.410095	-119.208138
2810.083008	-119.833244
2810.755920	-120.663780
2811.428833	-119.918312
2812.101746	-119.311081
2812.774658	-119.409195
2813.447571	-119.081406
2814.120483	-119.193230
2814.793396	-119.689964
2815.466309	-119.198189
2816.139221	-119.365700
2816.812134	-119.835663
2817.485046	-119.572899
2818.157959	-119.678078
2818.830872	-119.511353
2819.503784	-119.623314
2820.176697	-119.639160
2820.849609	-119.128990
2821.522522	-119.362129
2822.195435	-119.463348
2822.868347	-119.354431
2823.541260	-119.937462
2824.214172	-119.177963
2824.887085	-119.436058
2825.559998	-120.218521
2826.232910	-119.521538
2826.905823	-119.514061
2827.578735	-119.750168
2828.251648	-120.671722
2828.924561	-120.086525
2829.597473	-120.263565
2830.270386	-120.724670
2830.943298	-120.346222
2831.616211	-119.609734
2832.289124	-119.014236
2832.962036	-119.662453
2833.634949	-119.363800
2834.307861	-118.995522
2834.980774	-119.051346
2835.653687	-119.059258
2836.326599	-120.059464
2836.999512	-119.329247
2837.672424	-119.719215
2838.345337	-119.208359
2839.018250	-119.490410
2839.691162	-119.507698
2840.364075	-120.156441
2841.036987	-119.709785
2841.709900	-119.181694
2842.382812	-119.074722
2843.055725	-119.153587
2843.728638	-120.660660
2844.401550	-119.739159
2845.074463	-119.434845
2845.747375	-118.150299
2846.420288	-119.260483
2847.093201	-119.085991
2847.766113	-118.794800
2848.439026	-118.897812
2849.111938	-119.419151
2849.784851	-119.147980
2850.457764	-119.135254
2851.130676	-119.381599
2851.803589	-118.340202
2852.476501	-118.500542
2853.149414	-118.972282
2853.822327	-119.531288
2854.495239	-119.814232
2855.168152	-119.687439
2855.841064	-119.195404
2856.513977	-119.788788
2857.186890	-119.775299
2857.859802	-119.583565
2858.532715	-118.946289
2859.205627	-118.183472
2859.878540	-118.389816
2860.551453	-119.185287
2861.224365	-118.850250
2861.897278	-119.384148
2862.570190	-119.979965
2863.243103	-118.988327
2863.916016	-119.094398
2864.588928	-120.481781
2865.261841	-120.666405
2865.934753	-120.340454
2866.607666	-119.924568
2867.280579	-119.502243
2867.953491	-119.495956
2868.626404	-119.482155
2869.299316	-119.209572
2869.972229	-118.595863
2870.645142	-118.557983
2871.318054	-119.031494
2871.990967	-118.980484
2872.663879	-118.315735
2873.336792	-119.147339
2874.009705	-119.088593
2874.682617	-119.367790
2875.355530	-119.126068
2876.028442	-118.408127
2876.701355	-119.268402
2877.374268	-120.225403
2878.047180	-118.950264
2878.720093	-118.545364
2879.393005	-119.258453
2880.065918	-119.829811
2880.738831	-119.638939
2881.411743	-119.267792
2882.084656	-119.711159
2882.757568	-119.073380
2883.430481	-119.376541
2884.103394	-119.837502
2884.776306	-119.274796
2885.449219	-118.888527
2886.122131	-119.240166
2886.795044	-119.953392
2887.467957	-119.962067
2888.140869	-119.582085
2888.813782	-119.991638
2889.486694	-119.417152
2890.159607	-119.789536
2890.832520	-119.323212
2891.505432	-118.260185
2892.178345	-119.688660
2892.851257	-120.186844
2893.524170	-120.493752
2894.197083	-120.385078
2894.869995	-120.401352
2895.542908	-118.765610
2896.215820	-119.097206
2896.888733	-119.581505
2897.561646	-119.969055
2898.234558	-120.317978
2898.907471	-119.527466
2899.580383	-119.422173
2900.253296	-118.831955
2900.926208	-119.085831
2901.599121	-119.119011
2902.272034	-119.238304
2902.944946	-119.519348
2903.617859	-120.313164
2904.290771	-119.256798
2904.963684	-119.411804
2905.636597	-120.093353
2906.309509	-120.398735
2906.982422	-119.389496
2907.655334	-118.642921
2908.328247	-118.480698
2909.001160	-119.284561
2909.674072	-120.154671
2910.346985	-119.997177
2911.019897	-119.767792
2911.692810	-119.396744
2912.365723	-119.912178
2913.038635	-119.013039
2913.711548	-119.112999
2914.384460	-119.949120
2915.057373	-119.632538
2915.730286	-119.309799
2916.403198	-119.015076
2917.076111	-119.734825
2917.749023	-119.086769
2918.421936	-118.872154
2919.094849	-120.195755
2919.767761	-120.566292
2920.440674	-119.933151
2921.113586	-119.704239
2921.786499	-118.622147
2922.459412	-119.383774
2923.132324	-118.863838
2923.805237	-119.603607
2924.478149	-121.277016
2925.151062	-120.500465
2925.823975	-119.133583
2926.496887	-119.427071
2927.169800	-119.592659
2927.842712	-118.964775
2928.515625	-119.298210
2929.188538	-119.329155
2929.861450	-118.963379
2930.534363	-118.243378
2931.207275	-117.426720
2931.880188	-118.962250
2932.553101	-119.842476
2933.226013	-120.093758
2933.898926	-120.154755
2934.571838	-120.045815
2935.244751	-120.018517
2935.917664	-119.703133
2936.590576	-119.776337
2937.263489	-119.606865
2937.936401	-120.540871
2938.609314	-119.816353
2939.282227	-118.918488
2939.955139	-119.606644
2940.628052	-120.274048
2941.300964	-120.272247
2941.973877	-119.716644
2942.646790	-118.709534
2943.319702	-118.755310
2943.992615	-118.555099
2944.665527	-119.365417
2945.338440	-118.992523
2946.011353	-118.767258
2946.684265	-118.864967
2947.357178	-119.340202
2948.030090	-119.473007
2948.703003	-119.544006
2949.375916	-119.859039
2950.048828	-119.171394
2950.721741	-118.656082
2951.394653	-118.714226
2952.067566	-119.884926
2952.740479	-119.561218
2953.413391	-120.039955
2954.086304	-120.012398
2954.759216	-119.507858
2955.432129	-118.622513
2956.105042	-118.921478
2956.777954	-119.349442
2957.450867	-119.301292
2958.123779	-118.825790
2958.796692	-118.451546
2959.469604	-118.706818
2960.142517	-119.260727
2960.815430	-119.386581
2961.488342	-119.790970
2962.161255	-119.285835
2962.834167	-118.635002
2963.507080	-118.727890
2964.179993	-119.174026
2964.852905	-119.415665
2965.525818	-118.502243
2966.198730	-119.305389
2966.871643	-119.894791
2967.544556	-119.403778
2968.217468	-119.289810
2968.890381	-118.829124
2969.563293	-119.423325
2970.236206	-120.256210
2970.909119	-120.343933
2971.582031	-120.029465
2972.254944	-118.878899
2972.927856	-118.906364
2973.600769	-119.001663
2974.273682	-119.570099
2974.946594	-119.991310
2975.619507	-119.892426
2976.292419	-120.400322
2976.965332	-120.244003
2977.638245	-119.458878
2978.311157	-119.785812
2978.984070	-120.444237
2979.656982	-119.447105
2980.329895	-119.646912
2981.002808	-121.029007
2981.675720	-120.584076
2982.348633	-120.084518
2983.021545	-119.886574
2983.694458	-118.947968
2984.367371	-119.056984
2985.040283	-119.576584
2985.713196	-119.537354
2986.386108	-120.052238
2987.059021	-119.588272
2987.731934	-119.934311
2988.404846	-120.971397
2989.077759	-119.019905
2989.750671	-118.837311
2990.423584	-119.110817
2991.096497	-119.376534
2991.769409	-119.847031
2992.442322	-119.462288
2993.115234	-118.804047
2993.788147	-118.571060
2994.461060	-119.927528
2995.133972	-119.999626
2995.806885	-119.667725
2996.479797	-119.372475
2997.152710	-119.867752
2997.825623	-120.289406
2998.498535	-119.515213
2999.171448	-119.161697
2999.844360	-118.143242
3000.517273	-119.067245
3001.190186	-119.644394
3001.863098	-119.782997
3002.536011	-119.808968
3003.208923	-120.042801
3003.881836	-120.537361
3004.554749	-119.162857
3005.227661	-119.023773
3005.900574	-119.797470
3006.573486	-119.550491
3007.246399	-119.210785
3007.919312	-119.379097
3008.592224	-119.551689
3009.265137	-120.155762
3009.938049	-119.990410
3010.610962	-119.994980
3011.283875	-121.019928
3011.956787	-119.604591
3012.629700	-119.374405
3013.302612	-119.404793
3013.975525	-119.996414
3014.648438	-118.904099
3015.321350	-119.913727
3015.994263	-120.864227
3016.667175	-120.600243
3017.340088	-119.879532
3018.013000	-119.802071
3018.685913	-119.477043
3019.358826	-120.588921
3020.031738	-119.567162
3020.704651	-118.587624
3021.377563	-119.197083
3022.050476	-118.763428
3022.723389	-119.847626
3023.396301	-119.343147
3024.069214	-119.832703
3024.742126	-119.826752
3025.415039	-119.839653
3026.087952	-119.049477
3026.760864	-118.846725
3027.433777	-119.452766
3028.106689	-118.807556
3028.779602	-118.321709
3029.452515	-119.072121
3030.125427	-119.366058
3030.798340	-119.446609
3031.471252	-120.028801
3032.144165	-119.484184
3032.817078	-120.462708
3033.489990	-121.531296
3034.162903	-120.577309
3034.835815	-119.715057
3035.508728	-119.879761
3036.181641	-119.426872
3036.854553	-119.377159
3037.527466	-119.355782
3038.200378	-118.748428
3038.873291	-118.409721
3039.546204	-119.862244
3040.219116	-118.902588
3040.892029	-118.780899
3041.564941	-118.751343
3042.237854	-118.767601
3042.910767	-119.225922
3043.583679	-119.104370
3044.256592	-119.580391
3044.929504	-120.150734
3045.602417	-120.800514
3046.275330	-119.921799
3046.948242	-120.130051
3047.621155	-118.904381
3048.294067	-118.846634
3048.966980	-118.791443
3049.639893	-119.917023
3050.312805	-120.319450
3050.985718	-119.951508
3051.658630	-120.083565
3052.331543	-119.146072
3053.004456	-119.010063
3053.677368	-120.490845
3054.350281	-120.496948
3055.023193	-120.611794
3055.696106	-119.655930
3056.369019	-120.667358
3057.041931	-120.763916
3057.714844	-119.741478
3058.387756	-118.778717
3059.060669	-118.948128
3059.733582	-118.970184
3060.406494	-118.730362
3061.079407	-120.104095
3061.752319	-120.166138
3062.425232	-119.245262
3063.098145	-119.067421
3063.771057	-118.727905
3064.443970	-119.589462
3065.116882	-119.592148
3065.789795	-120.351349
3066.462708	-120.587250
3067.135620	-118.958435
3067.808533	-119.137199
3068.481445	-119.037735
3069.154358	-119.213867
3069.827271	-118.645439
3070.500183	-119.317039
3071.173096	-120.127708
3071.846008	-118.867149
3072.518921	-118.879929
3073.191833	-119.708954
3073.864746	-120.860565
3074.537659	-119.534477
3075.210571	-118.345192
3075.883484	-119.597450
3076.556396	-119.332077
3077.229309	-119.742279
3077.902222	-118.937027
3078.575134	-118.545616
3079.248047	-119.340591
3079.920959	-119.476357
3080.593872	-119.587746
3081.266785	-120.264030
3081.939697	-119.040771
3082.612610	-118.666534
3083.285522	-119.580368
3083.958435	-118.494797
3084.631348	-118.585335
3085.304260	-119.072403
3085.977173	-117.938896
3086.650085	-119.446274
3087.322998	-120.118820
3087.995911	-120.057465
3088.668823	-118.535347
3089.341736	-118.631569
3090.014648	-119.074501
3090.687561	-119.854759
3091.360474	-120.183670
3092.033386	-119.324295
3092.706299	-119.279366
3093.379211	-119.192070
3094.052124	-118.278702
3094.725037	-118.971008
3095.397949	-119.308266
3096.070862	-119.248802
3096.743774	-119.106651
3097.416687	-118.711769
3098.089600	-119.468628
3098.762512	-120.123924
3099.435425	-120.308617
3100.108337	-119.917397
3100.781250	-119.113373
3101.454163	-118.883705
3102.127075	-119.769600
3102.799988	-119.670425
3103.472900	-119.886185
3104.145813	-120.344955
3104.818726	-119.405273
3105.491638	-119.219498
3106.164551	-119.581245
3106.837463	-119.106186
3107.510376	-118.710976
3108.183289	-119.558670
3108.856201	-119.257568
3109.529114	-119.610062
3110.202026	-119.447052
3110.874939	-118.187614
3111.547852	-118.881264
3112.220764	-119.741966
3112.893677	-119.020317
3113.566589	-119.247711
3114.239502	-119.828453
3114.912415	-119.882286
3115.585327	-120.302025
3116.258240	-119.632019
3116.931152	-118.342384
3117.604065	-118.702225
3118.276978	-119.473946
3118.949890	-119.863747
3119.622803	-119.674393
3120.295715	-119.667145
3120.968628	-119.423912
3121.641541	-118.977516
3122.314453	-118.877655
3122.987366	-119.343834
3123.660278	-119.289093
3124.333191	-119.998062
3125.006104	-118.945633
3125.679016	-118.519485
3126.351929	-118.306702
3127.024841	-119.947235
3127.697754	-119.197662
3128.370667	-118.888535
3129.043579	-118.894989
3129.716492	-117.922745
3130.389404	-119.120819
3131.062317	-118.816833
3131.735229	-118.702324
3132.408142	-118.995346
3133.081055	-120.026138
3133.753967	-119.328720
3134.426880	-119.358284
3135.099792	-119.728088
3135.772705	-119.575920
3136.445618	-119.969025
3137.118530	-120.826759
3137.791443	-120.319588
3138.464355	-119.448051
3139.137268	-119.210472
3139.810181	-119.692055
3140.483093	-119.899307
3141.156006	-119.234253
3141.828918	-119.654037
3142.501831	-119.804649
3143.174744	-120.318832
3143.847656	-120.406921
3144.520569	-119.408897
3145.193481	-120.096504
3145.866394	-120.198433
3146.539307	-119.536964
3147.212219	-119.261864
3147.885132	-120.423203
3148.558044	-120.116997
3149.230957	-120.035713
3149.903870	-120.056602
3150.576782	-119.799812
3151.249695	-120.176468
3151.922607	-119.056908
3152.595520	-119.588249
3153.268433	-120.171936
3153.941345	-119.818077
3154.614258	-120.978333
3155.287170	-120.874550
3155.960083	-120.359894
3156.632996	-120.017639
3157.305908	-119.716248
3157.978821	-119.418716
3158.651733	-119.408165
3159.324646	-119.884308
3159.997559	-119.491226
3160.670471	-119.299095
3161.343384	-119.883759
3162.016296	-119.305244
3162.689209	-119.196762
3163.362122	-119.223694
3164.035034	-120.016762
3164.707947	-119.522659
3165.380859	-117.964638
3166.053772	-118.046425
3166.726685	-118.563240
3167.399597	-119.912933
3168.072510	-120.292740
3168.745422	-120.139145
3169.418335	-120.041451
3170.091248	-119.738815
3170.764160	-119.882462
3171.437073	-120.713753
3172.109985	-120.582626
3172.782898	-119.520294
3173.455811	-119.077034
3174.128723	-118.940849
3174.801636	-119.596222
3175.474548	-119.010185
3176.147461	-119.429245
3176.820374	-120.503906
3177.493286	-120.841545
3178.166199	-120.049759
3178.839111	-119.747917
3179.512024	-119.653824
3180.184937	-118.901505
3180.857849	-119.773796
3181.530762	-119.831467
3182.203674	-119.705681
3182.876587	-119.308388
3183.549500	-119.494507
3184.222412	-119.677963
3184.895325	-119.946793
3185.568237	-119.338051
3186.241150	-119.717957
3186.914062	-121.220940
3187.586975	-119.662964
3188.259888	-119.152390
3188.932800	-119.567894
3189.605713	-119.932823
3190.278625	-119.344261
3190.951538	-119.136795
3191.624451	-119.554626
3192.297363	-119.702515
3192.970276	-119.769051
3193.643188	-119.375908
3194.316101	-119.674904
3194.989014	-119.960854
3195.661926	-119.323296
3196.334839	-118.683975
3197.007751	-118.105072
3197.680664	-118.726357
3198.353577	-119.921318
3199.026489	-119.304428
3199.699402	-117.704514
3200.372314	-117.291107
3201.045227	-119.080162
3201.718140	-119.815025
3202.391052	-120.397781
3203.063965	-120.573082
3203.736877	-119.914650
3204.409790	-121.006714
3205.082703	-120.515106
3205.755615	-119.727066
3206.428528	-119.176445
3207.101440	-118.811638
3207.774353	-118.292847
3208.447266	-118.452713
3209.120178	-119.144775
3209.793091	-119.405602
3210.466003	-119.659248
3211.138916	-120.051231
3211.811829	-119.843697
3212.484741	-119.490532
3213.157654	-119.115944
3213.830566	-119.365417
3214.503479	-119.676773
3215.176392	-120.025078
3215.849304	-119.420601
3216.522217	-119.661736
3217.195129	-120.718224
3217.868042	-119.778641
3218.540955	-119.782158
3219.213867	-119.441689
3219.886780	-119.203629
3220.559692	-120.192093
3221.232605	-119.919006
3221.905518	-120.221703
3222.578430	-119.624985
3223.251343	-120.402069
3223.924255	-119.909019
3224.597168	-118.746315
3225.270081	-119.402687
3225.942993	-120.398903
3226.615906	-120.684166
3227.288818	-119.271851
3227.961731	-118.721909
3228.634644	-119.315689
3229.307556	-118.327469
3229.980469	-119.040329
3230.653381	-119.318092
3231.326294	-119.322502
3231.999207	-119.471939
3232.672119	-119.487312
3233.345032	-120.144150
3234.017944	-120.580116
3234.690857	-120.233932
3235.363770	-118.898323
3236.036682	-119.046143
3236.709595	-118.584610
3237.382507	-119.826187
3238.055420	-119.836365
3238.728333	-119.893181
3239.401245	-119.634331
3240.074158	-120.299095
3240.747070	-120.729752
3241.419983	-120.126411
3242.092896	-120.547615
3242.765808	-119.679352
3243.438721	-118.497559
3244.111633	-118.644325
3244.784546	-119.722733
3245.457458	-119.364700
3246.130371	-119.544380
3246.803284	-119.332954
3247.476196	-119.840141
3248.149109	-119.586693
3248.822021	-118.746582
3249.494934	-119.122849
3250.167847	-119.300247
3250.840759	-119.313660
3251.513672	-119.339088
3252.186584	-118.734612
3252.859497	-119.412598
3253.532410	-119.787010
3254.205322	-118.760849
3254.878235	-118.776833
3255.551147	-120.481918
3256.224060	-120.544388
3256.896973	-120.317329
3257.569885	-120.838058
3258.242798	-121.523689
3258.915710	-120.422356
3259.588623	-119.075859
3260.261536	-118.463905
3260.934448	-119.430397
3261.607361	-119.794830
3262.280273	-119.771561
3262.953186	-119.747086
3263.626099	-119.199951
3264.299011	-118.556084
3264.971924	-118.614243
3265.644836	-119.897560
3266.317749	-119.755867
3266.990662	-119.381218
3267.663574	-119.926918
3268.336487	-119.509941
3269.009399	-119.466415
3269.682312	-120.011215
3270.355225	-119.227188
3271.028137	-119.084579
3271.701050	-119.202797
3272.373962	-119.107323
3273.046875	-120.342430
3273.719788	-120.352257
3274.392700	-119.041832
3275.065613	-118.199425
3275.738525	-119.390038
3276.411438	-119.898071
3277.084351	-119.788239
3277.757263	-119.673332
3278.430176	-120.461243
3279.103088	-119.889656
3279.776001	-120.316925
3280.448914	-119.686539
3281.121826	-119.070709
3281.794739	-118.715233
3282.467651	-119.171417
3283.140564	-119.942947
3283.813477	-120.092522
3284.486389	-119.195290
3285.159302	-119.781471
3285.832214	-120.279297
3286.505127	-120.481461
3287.178040	-120.045242
3287.850952	-119.357712
3288.523865	-119.550133
3289.196777	-119.619545
3289.869690	-118.788521
3290.542603	-118.868553
3291.215515	-119.377792
3291.888428	-119.395729
3292.561340	-119.959488
3293.234253	-119.941521
3293.907166	-118.342537
3294.580078	-119.080238
3295.252991	-119.491188
3295.925903	-118.964111
3296.598816	-119.807175
3297.271729	-118.932449
3297.944641	-118.942589
3298.617554	-119.620461
3299.290466	-120.410461
3299.963379	-120.316566
3300.636292	-120.389206
3301.309204	-120.181656
3301.982117	-119.906265
3302.655029	-120.319412
3303.327942	-121.779282
3304.000854	-121.404404
3304.673767	-120.093468
3305.346680	-120.379105
3306.019592	-121.292389
3306.692505	-120.572060
3307.365417	-119.988144
3308.038330	-119.639618
3308.711243	-118.557838
3309.384155	-119.017380
3310.057068	-118.845123
3310.729980	-118.023621
3311.402893	-118.508881
3312.075806	-118.966545
3312.748718	-119.848198
3313.421631	-120.305969
3314.094543	-120.100067
3314.767456	-120.031799
3315.440369	-119.658302
3316.113281	-120.640442
3316.786194	-121.090446
3317.459106	-120.643280
3318.132019	-120.852417
3318.804932	-120.111382
3319.477844	-119.560928
3320.150757	-119.316742
3320.823669	-120.146652
3321.496582	-120.810646
3322.169495	-119.218498
3322.842407	-120.208771
3323.515320	-119.616455
3324.188232	-119.214684
3324.861145	-120.747757
3325.534058	-120.286873
3326.206970	-119.828476
3326.879883	-119.490181
3327.552795	-118.981728
3328.225708	-119.077080
3328.898621	-119.307632
3329.571533	-120.354393
3330.244446	-120.917992
3330.917358	-120.146645
3331.590271	-119.694099
3332.263184	-120.255768
3332.936096	-121.100586
3333.609009	-121.522522
3334.281921	-119.960159
3334.954834	-119.256805
3335.627747	-120.422714
3336.300659	-120.496628
3336.973572	-119.266083
3337.646484	-120.320953
3338.319397	-119.631439
3338.992310	-118.411858
3339.665222	-118.514175
3340.338135	-119.029808
3341.011047	-119.230743
3341.683960	-120.096062
3342.356873	-119.889015
3343.029785	-119.283875
3343.702698	-119.957390
3344.375610	-120.785324
3345.048523	-120.747047
3345.721436	-120.632393
3346.394348	-120.280579
3347.067261	-120.083527
3347.740173	-119.371712
3348.413086	-118.620232
3349.085999	-118.804367
3349.758911	-118.372215
3350.431824	-119.543144
3351.104736	-119.634209
3351.777649	-120.002831
3352.450562	-120.117271
3353.123474	-119.248856
3353.796387	-120.055435
3354.469299	-120.359016
3355.142212	-119.005516
3355.815125	-119.003838
3356.488037	-119.223099
3357.160950	-120.108093
3357.833862	-120.097298
3358.506775	-120.012909
3359.179688	-120.360870
3359.852600	-119.260094
3360.525513	-118.556412
3361.198425	-119.476204
3361.871338	-120.509666
3362.544250	-120.008904
3363.217163	-121.159721
3363.890076	-120.374489
3364.562988	-119.728508
3365.235901	-120.132957
3365.908813	-119.799812
3366.581726	-119.851318
3367.254639	-119.071854
3367.927551	-119.548355
3368.600464	-119.573700
3369.273376	-119.312469
3369.946289	-120.213203
3370.619202	-119.721863
3371.292114	-120.918770
3371.965027	-120.854874
3372.637939	-119.804878
3373.310852	-119.599358
3373.983765	-120.132385
3374.656677	-119.270363
3375.329590	-119.351181
3376.002502	-120.315224
3376.675415	-120.679672
3377.348328	-119.971344
3378.021240	-119.615921
3378.694153	-119.677437
3379.367065	-120.086441
3380.039978	-119.578087
3380.712891	-119.857864
3381.385803	-119.799347
3382.058716	-119.446892
3382.731628	-119.874931
3383.404541	-119.781418
3384.077454	-120.200470
3384.750366	-119.864365
3385.423279	-119.262947
3386.096191	-119.722618
3386.769104	-119.839493
3387.442017	-119.964859
3388.114929	-120.347221
3388.787842	-120.573402
3389.460754	-120.142067
3390.133667	-120.281303
3390.806580	-119.993156
3391.479492	-119.718613
3392.152405	-120.059990
3392.825317	-119.907524
3393.498230	-120.153191
3394.171143	-119.655998
3394.844055	-119.162125
3395.516968	-120.184494
3396.189880	-120.157890
3396.862793	-119.427948
3397.535706	-119.026161
3398.208618	-119.061234
3398.881531	-119.536331
3399.554443	-120.347763
3400.227356	-119.715012
3400.900269	-119.531242
3401.573181	-119.386620
3402.246094	-120.171608
3402.919006	-119.250847
3403.591919	-119.222176
3404.264832	-120.680595
3404.937744	-120.517311
3405.610657	-119.252487
3406.283569	-119.381355
3406.956482	-119.543137
3407.629395	-119.344513
3408.302307	-120.500938
3408.975220	-119.927788
3409.648132	-120.229149
3410.321045	-121.353493
3410.993958	-121.056160
3411.666870	-120.146378
3412.339783	-120.058022
3413.012695	-119.894676
3413.685608	-120.580956
3414.358521	-120.016258
3415.031433	-119.989212
3415.704346	-119.637932
3416.377258	-120.536842
3417.050171	-120.747238
3417.723083	-120.362816
3418.395996	-120.394928
3419.068909	-120.146904
3419.741821	-120.298790
3420.414734	-119.484497
3421.087646	-120.020020
3421.760559	-120.951103
3422.433472	-120.802658
3423.106384	-120.283234
3423.779297	-120.392288
3424.452209	-120.070023
3425.125122	-120.344696
3425.798035	-120.760956
3426.470947	-120.677330
3427.143860	-120.097710
3427.816772	-120.158012
3428.489685	-120.654236
3429.162598	-121.069794
3429.835510	-119.662865
3430.508423	-119.182907
3431.181335	-120.647476
3431.854248	-120.113518
3432.527161	-119.302711
3433.200073	-119.892105
3433.872986	-119.647575
3434.545898	-120.502579
3435.218811	-121.304359
3435.891724	-120.265572
3436.564636	-119.525101
3437.237549	-119.295799
3437.910461	-120.376999
3438.583374	-120.438744
3439.256287	-120.689552
3439.929199	-119.898277
3440.602112	-119.426064
3441.275024	-119.457657
3441.947937	-119.929688
3442.620850	-119.867271
3443.293762	-120.484787
3443.966675	-119.736847
3444.639587	-119.968491
3445.312500	-120.299507
3445.985413	-120.199692
3446.658325	-121.451706
3447.331238	-120.681885
3448.004150	-119.945358
3448.677063	-120.460800
3449.349976	-120.807175
3450.022888	-119.674309
3450.695801	-119.599747
3451.368713	-119.855766
3452.041626	-119.785149
3452.714539	-119.755684
3453.387451	-120.653542
3454.060364	-120.834602
3454.733276	-119.553841
3455.406189	-120.128540
3456.079102	-120.479256
3456.752014	-120.342201
3457.424927	-120.478050
3458.097839	-119.799316
3458.770752	-120.081261
3459.443665	-120.790611
3460.116577	-119.760742
3460.789490	-119.499855
3461.462402	-119.575592
3462.135315	-120.230888
3462.808228	-120.409470
3463.481140	-119.314354
3464.154053	-119.219879
3464.826965	-119.112671
3465.499878	-119.737694
3466.172791	-120.643044
3466.845703	-119.630211
3467.518616	-119.019806
3468.191528	-118.591217
3468.864441	-119.661377
3469.537354	-119.864120
3470.210266	-119.718719
3470.883179	-120.755669
3471.556091	-120.476746
3472.229004	-119.582634
3472.901917	-119.253075
3473.574829	-119.685097
3474.247742	-119.741020
3474.920654	-119.280014
3475.593567	-120.328804
3476.266479	-120.615608
3476.939392	-120.391602
3477.612305	-120.253952
3478.285217	-120.298264
3478.958130	-119.954025
3479.631042	-119.875618
3480.303955	-119.959740
3480.976868	-119.274475
3481.649780	-119.852905
3482.322693	-121.456711
3482.995605	-120.589378
3483.668518	-120.365929
3484.341431	-120.097084
3485.014343	-119.123940
3485.687256	-119.148262
3486.360168	-120.052933
3487.033081	-120.106155
3487.705994	-119.097107
3488.378906	-119.085228
3489.051819	-119.758308
3489.724731	-119.839630
3490.397644	-119.472183
3491.070557	-119.408966
3491.743469	-119.940430
3492.416382	-119.754272
3493.089294	-119.568520
3493.762207	-120.333801
3494.435120	-120.608627
3495.108032	-120.240814
3495.780945	-119.390793
3496.453857	-119.923401
3497.126770	-120.596596
3497.799683	-120.817307
3498.472595	-121.465698
3499.145508	-120.393677
3499.818420	-119.421814
3500.491333	-118.964073
3501.164246	-120.134140
3501.837158	-120.216919
3502.510071	-119.783470
3503.182983	-120.048424
3503.855896	-119.448830
3504.528809	-119.318726
3505.201721	-119.896950
3505.874634	-120.670959
3506.547546	-120.078270
3507.220459	-119.301743
3507.893372	-119.672462
3508.566284	-120.239861
3509.239197	-120.046608
3509.912109	-120.050667
3510.585022	-119.935257
3511.257935	-120.235443
3511.930847	-120.480850
3512.603760	-119.743843
3513.276672	-119.451294
3513.949585	-119.140793
3514.622498	-120.009956
3515.295410	-120.264069
3515.968323	-119.723892
3516.641235	-119.598213
3517.314148	-120.169991
3517.987061	-120.994476
3518.659973	-120.932213
3519.332886	-120.693970
3520.005798	-120.178642
3520.678711	-119.274208
3521.351624	-119.447395
3522.024536	-119.654205
3522.697449	-119.874474
3523.370361	-119.456535
3524.043274	-120.033081
3524.716187	-120.747658
3525.389099	-119.920319
3526.062012	-120.143539
3526.734924	-120.394249
3527.407837	-119.509155
3528.080750	-119.608360
3528.753662	-119.588898
3529.426575	-119.870872
3530.099487	-120.516052
3530.772400	-120.881119
3531.445312	-120.231262
3532.118225	-119.938843
3532.791138	-119.592514
3533.464050	-120.417671
3534.136963	-120.508118
3534.809875	-120.513527
3535.482788	-119.309677
3536.155701	-119.052055
3536.828613	-120.021507
3537.501526	-120.314430
3538.174438	-120.247803
3538.847351	-119.535278
3539.520264	-119.582138
3540.193176	-120.248566
3540.866089	-119.689674
3541.539001	-119.844574
3542.211914	-119.338715
3542.884827	-119.266335
3543.557739	-120.600128
3544.230652	-120.835861
3544.903564	-120.275833
3545.576477	-119.927422
3546.249390	-120.013268
3546.922302	-120.383820
3547.595215	-119.797592
3548.268127	-119.472275
3548.941040	-119.971176
3549.613953	-121.143745
3550.286865	-120.927795
3550.959778	-120.354660
3551.632690	-119.151169
3552.305603	-119.181305
3552.978516	-120.359108
3553.651428	-120.423401
3554.324341	-120.482658
3554.997253	-120.609779
3555.670166	-120.976387
3556.343079	-120.599579
3557.015991	-119.841469
3557.688904	-119.542717
3558.361816	-120.228477
3559.034729	-119.718895
3559.707642	-120.371506
3560.380554	-121.173828
3561.053467	-120.375648
3561.726379	-120.206627
3562.399292	-120.427742
3563.072205	-120.658501
3563.745117	-120.669365
3564.418030	-120.343864
3565.090942	-119.167969
3565.763855	-119.266411
3566.436768	-119.825119
3567.109680	-121.178925
3567.782593	-120.303658
3568.455505	-120.047836
3569.128418	-120.125748
3569.801331	-119.919159
3570.474243	-120.193138
3571.147156	-119.873596
3571.820068	-120.405502
3572.492981	-120.751236
3573.165894	-120.838287
3573.838806	-119.488853
3574.511719	-119.263596
3575.184631	-119.472427
3575.857544	-119.257240
3576.530457	-119.721413
3577.203369	-119.344337
3577.876282	-119.879700
3578.549194	-119.898254
3579.222107	-119.429733
3579.895020	-119.282204
3580.567932	-119.726265
3581.240845	-119.945992
3581.913757	-120.225777
3582.586670	-119.616386
3583.259583	-119.809937
3583.932495	-120.581223
3584.605408	-119.839630
3585.278320	-119.948204
3585.951233	-119.523773
3586.624146	-119.981033
3587.297058	-120.528008
3587.969971	-120.654060
3588.642883	-120.194809
3589.315796	-120.312393
3589.988708	-119.707077
3590.661621	-119.767601
3591.334534	-119.635551
3592.007446	-119.643929
3592.680359	-120.342606
3593.353271	-120.392883
3594.026184	-121.255379
3594.699097	-119.285103
3595.372009	-119.346489
3596.044922	-119.502327
3596.717834	-119.969215
3597.390747	-120.501495
3598.063660	-119.796394
3598.736572	-119.842110
3599.409485	-118.729065
3600.082397	-118.291122
3600.755310	-118.821114
3601.428223	-119.985489
3602.101135	-119.889343
3602.774048	-119.945877
3603.446960	-119.582550
3604.119873	-119.637009
3604.792786	-119.096100
3605.465698	-119.977715
3606.138611	-119.038521
3606.811523	-119.291557
3607.484436	-119.227661
3608.157349	-119.530540
3608.830261	-119.645866
3609.503174	-119.179008
3610.176086	-119.507996
3610.848999	-119.247902
3611.521912	-120.358719
3612.194824	-120.849991
3612.867737	-120.362099
3613.540649	-120.453217
3614.213562	-120.159683
3614.886475	-119.750214
3615.559387	-119.717468
3616.232300	-119.123474
3616.905212	-120.553108
3617.578125	-120.592300
3618.251038	-120.877792
3618.923950	-120.744797
3619.596863	-120.761208
3620.269775	-119.961121
3620.942688	-120.450691
3621.615601	-119.869576
3622.288513	-119.899078
3622.961426	-120.210472
3623.634338	-119.954163
3624.307251	-119.108955
3624.980164	-119.518036
3625.653076	-120.282257
3626.325989	-120.624214
3626.998901	-119.989082
3627.671814	-119.674225
3628.344727	-119.345261
3629.017639	-119.767525
3629.690552	-119.395027
3630.363464	-119.628075
3631.036377	-119.922180
3631.709290	-120.357254
3632.382202	-120.489220
3633.055115	-120.437325
3633.728027	-120.572296
3634.400940	-120.081848
3635.073853	-119.641335
3635.746765	-120.201912
3636.419678	-120.685181
3637.092590	-121.036835
3637.765503	-120.401428
3638.438416	-119.877060
3639.111328	-119.356766
3639.784241	-119.176270
3640.457153	-119.145218
3641.130066	-119.029762
3641.802979	-119.286232
3642.475891	-119.589531
3643.148804	-119.401329
3643.821716	-119.421524
3644.494629	-119.888351
3645.167542	-119.153419
3645.840454	-119.432838
3646.513367	-119.831284
3647.186279	-119.077682
3647.859192	-119.561295
3648.532104	-119.535522
3649.205017	-119.983147
3649.877930	-119.052498
3650.550842	-120.345230
3651.223755	-119.045471
3651.896667	-119.997810
3652.569580	-120.791519
3653.242493	-120.322762
3653.915405	-120.361137
3654.588318	-120.696159
3655.261230	-120.628075
3655.934143	-120.820335
3656.607056	-120.911163
3657.279968	-120.711395
3657.952881	-120.801643
3658.625793	-120.365799
3659.298706	-120.545013
3659.971619	-120.667740
3660.644531	-120.258957
3661.317444	-119.884109
3661.990356	-119.508881
3662.663269	-119.652946
3663.336182	-120.141846
3664.009094	-120.696884
3664.682007	-120.495476
3665.354919	-120.911072
3666.027832	-120.449142
3666.700745	-119.899727
3667.373657	-119.807724
3668.046570	-119.865791
3668.719482	-120.067459
3669.392395	-119.405800
3670.065308	-119.915146
3670.738220	-119.638474
3671.411133	-118.784058
3672.084045	-119.007629
3672.756958	-119.693680
3673.429871	-120.074860
3674.102783	-119.826180
3674.775696	-119.324257
3675.448608	-118.743362
3676.121521	-118.606560
3676.794434	-119.054138
3677.467346	-119.655983
3678.140259	-119.314758
3678.813171	-119.728943
3679.486084	-119.413429
3680.158997	-120.016426
3680.831909	-119.898819
3681.504822	-119.649078
3682.177734	-119.457535
3682.850647	-120.074692
3683.523560	-120.935097
3684.196472	-119.888084
3684.869385	-119.446198
3685.542297	-119.924118
3686.215210	-119.956070
3686.888123	-120.083267
3687.561035	-120.790955
3688.233948	-120.506798
3688.906860	-120.206131
3689.579773	-120.546761
3690.252686	-119.611496
3690.925598	-119.841087
3691.598511	-120.432449
3692.271423	-119.985138
3692.944336	-120.755577
3693.617249	-120.725342
3694.290161	-119.957962
3694.963074	-119.288757
3695.635986	-119.154205
3696.308899	-120.032845
3696.981812	-119.806305
3697.654724	-119.718338
3698.327637	-120.149078
3699.000549	-120.713341
3699.673462	-121.298088
3700.346375	-120.285301
3701.019287	-120.458107
3701.692200	-120.224739
3702.365112	-120.642174
3703.038025	-120.162209
3703.710938	-119.635078
3704.383850	-119.004028
3705.056763	-120.000557
3705.729675	-120.071571
3706.402588	-119.850372
3707.075500	-120.360870
3707.748413	-119.256760
3708.421326	-119.421501
3709.094238	-120.005188
3709.767151	-120.825279
3710.440063	-120.137405
3711.112976	-119.904228
3711.785889	-119.771011
3712.458801	-119.834259
3713.131714	-120.132957
3713.804626	-119.830772
3714.477539	-120.125061
3715.150452	-119.561783
3715.823364	-119.839088
3716.496277	-120.058929
3717.169189	-119.880653
3717.842102	-120.072433
3718.515015	-121.161057
3719.187927	-120.026176
3719.860840	-119.537109
3720.533752	-119.923111
3721.206665	-119.815826
3721.879578	-119.451576
3722.552490	-119.844505
3723.225403	-120.275101
3723.898315	-119.607155
3724.571228	-119.684532
3725.244141	-119.976494
3725.917053	-120.188370
3726.589966	-119.246651
3727.262878	-119.605591
3727.935791	-120.730980
3728.608704	-119.721771
3729.281616	-119.637039
3729.954529	-120.060822
3730.627441	-120.531891
3731.300354	-120.636688
3731.973267	-120.540695
3732.646179	-120.080475
3733.319092	-120.779961
3733.992004	-120.123810
3734.664917	-119.907265
3735.337830	-120.255104
3736.010742	-119.993607
3736.683655	-119.234634
3737.356567	-119.626534
3738.029480	-119.011642
3738.702393	-119.021454
3739.375305	-120.069084
3740.048218	-120.377541
3740.721130	-120.494720
3741.394043	-120.362419
3742.066956	-119.979721
3742.739868	-120.317734
3743.412781	-119.395279
3744.085693	-119.399170
3744.758606	-120.073883
3745.431519	-120.400635
3746.104431	-120.660240
3746.777344	-120.282845
3747.450256	-119.469666
3748.123169	-120.370087
3748.796082	-120.979965
3749.468994	-120.763992
3750.141907	-119.793365
3750.814819	-120.681480
3751.487732	-120.205338
3752.160645	-120.423355
3752.833557	-120.465889
3753.506470	-119.395012
3754.179382	-119.668663
3754.852295	-119.898926
3755.525208	-120.764076
3756.198120	-121.042191
3756.871033	-120.009857
3757.543945	-120.201675
3758.216858	-119.923752
3758.889771	-118.882835
3759.562683	-119.824486
3760.235596	-120.831421
3760.908508	-121.368752
3761.581421	-121.027763
3762.254333	-121.018578
3762.927246	-120.789383
3763.600159	-119.855675
3764.273071	-119.850983
3764.945984	-120.273247
3765.618896	-120.603943
3766.291809	-120.139549
3766.964722	-120.002174
3767.637634	-120.123207
3768.310547	-120.772942
3768.983459	-120.713676
3769.656372	-120.423958
3770.329285	-119.944878
3771.002197	-119.497894
3771.675110	-120.723190
3772.348022	-119.188385
3773.020935	-118.387512
3773.693848	-120.623962
3774.366760	-120.791145
3775.039673	-120.766708
3775.712585	-119.315453
3776.385498	-118.932999
3777.058411	-119.713631
3777.731323	-120.103561
3778.404236	-120.118668
3779.077148	-119.969048
3779.750061	-119.448318
3780.422974	-119.516495
3781.095886	-119.632965
3781.768799	-120.869415
3782.441711	-120.749214
3783.114624	-120.626656
3783.787537	-119.820694
3784.460449	-120.063499
3785.133362	-119.541023
3785.806274	-120.107811
3786.479187	-119.912529
3787.152100	-120.159790
3787.825012	-120.222984
3788.497925	-120.192078
3789.170837	-120.180359
3789.843750	-120.262627
3790.516663	-120.072578
3791.189575	-118.797508
3791.862488	-119.546143
3792.535400	-119.933678
3793.208313	-121.232742
3793.881226	-120.117485
3794.554138	-119.147881
3795.227051	-119.034538
3795.899963	-119.224236
3796.572876	-119.511665
3797.245789	-120.508003
3797.918701	-120.710815
3798.591614	-120.533455
3799.264526	-121.202675
3799.937439	-120.437805
3800.610352	-120.176910
3801.283264	-120.569412
3801.956177	-120.748817
3802.629089	-121.439713
3803.302002	-120.673256
3803.974915	-119.856491
3804.647827	-120.868759
3805.320740	-120.331131
3805.993652	-120.205620
3806.666565	-120.695686
3807.339478	-120.370979
3808.012390	-119.575027
3808.685303	-119.880974
3809.358215	-120.096756
3810.031128	-121.184792
3810.704041	-120.989059
3811.376953	-119.963333
3812.049866	-119.495079
3812.722778	-119.401237
3813.395691	-119.599739
3814.068604	-120.099319
3814.741516	-121.138725
3815.414429	-120.172600
3816.087341	-119.228714
3816.760254	-119.287857
3817.433167	-119.487694
3818.106079	-120.171974
3818.778992	-120.908882
3819.451904	-120.863647
3820.124817	-120.136017
3820.797729	-118.998917
3821.470642	-119.555351
3822.143555	-119.954681
3822.816467	-119.650681
3823.489380	-120.144012
3824.162292	-119.306793
3824.835205	-118.860451
3825.508118	-119.118828
3826.181030	-120.571983
3826.853943	-121.369820
3827.526855	-121.157104
3828.199768	-121.463486
3828.872681	-120.478378
3829.545593	-120.157692
3830.218506	-120.507332
3830.891418	-120.836342
3831.564331	-120.533226
3832.237244	-119.526451
3832.910156	-119.927185
3833.583069	-119.498375
3834.255981	-119.065865
3834.928894	-119.716347
3835.601807	-119.978867
3836.274719	-120.299881
3836.947632	-119.485451
3837.620544	-120.300980
3838.293457	-120.182922
3838.966370	-118.831039
3839.639282	-119.435966
3840.312195	-119.961037
3840.985107	-120.173859
3841.658020	-119.515572
3842.330933	-119.253410
3843.003845	-120.890144
3843.676758	-120.097435
3844.349670	-119.727837
3845.022583	-119.965775
3845.695496	-119.992950
3846.368408	-120.273880
3847.041321	-120.607956
3847.714233	-120.621750
3848.387146	-120.324280
3849.060059	-119.831367
3849.732971	-119.757721
3850.405884	-119.219742
3851.078796	-119.875229
3851.751709	-120.410721
3852.424622	-120.486015
3853.097534	-119.977188
3853.770447	-119.661102
3854.443359	-119.660591
3855.116272	-120.149353
3855.789185	-121.284393
3856.462097	-121.937180
3857.135010	-121.204819
3857.807922	-120.375320
3858.480835	-121.016411
3859.153748	-120.933899
3859.826660	-119.981255
3860.499573	-119.698761
3861.172485	-120.588356
3861.845398	-119.113510
3862.518311	-119.903641
3863.191223	-120.963684
3863.864136	-120.643433
3864.537048	-119.522102
3865.209961	-120.063782
3865.882874	-120.203407
3866.555786	-120.314568
3867.228699	-120.371368
3867.901611	-121.119080
3868.574524	-120.558372
3869.247437	-121.248642
3869.920349	-120.147774
3870.593262	-119.621414
3871.266174	-119.901321
3871.939087	-120.092392
3872.612000	-119.895897
3873.284912	-119.464737
3873.957825	-120.045448
3874.630737	-120.850838
3875.303650	-121.369232
3875.976562	-119.797798
3876.649475	-120.496201
3877.322388	-120.074562
3877.995300	-119.785622
3878.668213	-119.863503
3879.341125	-119.954140
3880.014038	-119.693253
3880.686951	-120.490097
3881.359863	-120.224716
3882.032776	-120.936172
3882.705688	-119.821823
3883.378601	-119.685753
3884.051514	-120.768318
3884.724426	-121.581703
3885.397339	-120.453964
3886.070251	-119.696747
3886.743164	-118.948799
3887.416077	-119.581322
3888.088989	-120.501060
3888.761902	-120.310593
3889.434814	-120.661209
3890.107727	-120.002579
3890.780640	-120.555611
3891.453552	-121.642212
3892.126465	-120.112404
3892.799377	-120.468117
3893.472290	-119.925385
3894.145203	-119.546783
3894.818115	-120.658730
3895.491028	-121.147682
3896.163940	-121.205162
3896.836853	-119.772408
3897.509766	-120.558090
3898.182678	-120.959267
3898.855591	-119.866745
3899.528503	-119.693626
3900.201416	-119.524689
3900.874329	-119.743530
3901.547241	-119.546249
3902.220154	-119.465393
3902.893066	-119.035629
3903.565979	-119.713203
3904.238892	-120.173790
3904.911804	-120.644501
3905.584717	-121.397697
3906.257629	-120.678307
3906.930542	-120.376633
3907.603455	-119.965714
3908.276367	-119.402367
3908.949280	-120.769341
3909.622192	-120.868652
3910.295105	-121.064346
3910.968018	-120.018532
3911.640930	-119.643166
3912.313843	-119.771652
3912.986755	-119.131927
3913.659668	-118.871849
3914.332581	-119.619316
3915.005493	-120.043839
3915.678406	-119.976601
3916.351318	-120.131042
3917.024231	-120.733917
3917.697144	-122.202499
3918.370056	-121.926117
3919.042969	-121.123734
3919.715881	-119.681129
3920.388794	-119.360840
3921.061707	-120.273529
3921.734619	-120.395630
3922.407532	-120.186188
3923.080444	-120.034218
3923.753357	-120.498581
3924.426270	-120.850304
3925.099182	-119.522842
3925.772095	-120.257034
3926.445007	-120.817848
3927.117920	-120.485779
3927.790833	-120.196938
3928.463745	-119.742149
3929.136658	-119.996445
3929.809570	-120.134995
3930.482483	-118.958923
3931.155396	-118.816429
3931.828308	-119.588997
3932.501221	-119.771439
3933.174133	-120.522652
3933.847046	-120.073364
3934.519958	-120.583382
3935.192871	-121.137810
3935.865784	-120.469421
3936.538696	-119.089630
3937.211609	-119.815605
3937.884521	-119.634018
3938.557434	-119.407295
3939.230347	-119.804749
3939.903259	-120.137802
3940.576172	-119.644730
3941.249084	-119.969139
3941.921997	-119.814949
3942.594910	-119.142891
3943.267822	-119.468620
3943.940735	-120.316872
3944.613647	-120.529922
3945.286560	-120.714714
3945.959473	-119.756493
3946.632385	-119.365219
3947.305298	-120.775726
3947.978210	-120.123466
3948.651123	-119.881706
3949.324036	-119.718750
3949.996948	-119.613579
3950.669861	-119.035316
3951.342773	-119.770569
3952.015686	-120.395958
3952.688599	-120.171471
3953.361511	-119.727707
3954.034424	-120.392029
3954.707336	-119.528671
3955.380249	-118.884178
3956.053162	-121.052834
3956.726074	-120.364021
3957.398987	-119.525177
3958.071899	-121.214584
3958.744812	-122.151413
3959.417725	-120.890633
3960.090637	-120.089821
3960.763550	-119.264679
3961.436462	-119.336906
3962.109375	-120.750565
3962.782288	-119.850853
3963.455200	-120.265251
3964.128113	-119.432686
3964.801025	-119.091606
3965.473938	-121.340775
3966.146851	-122.000145
3966.819763	-120.015129
3967.492676	-119.436180
3968.165588	-119.261330
3968.838501	-119.923737
3969.511414	-120.171112
3970.184326	-119.949745
3970.857239	-121.333580
3971.530151	-120.559509
3972.203064	-120.240898
3972.875977	-119.744759
3973.548889	-119.733841
3974.221802	-121.392555
3974.894714	-119.732201
3975.567627	-119.877037
3976.240540	-120.670578
3976.913452	-119.337021
3977.586365	-119.849960
3978.259277	-120.840416
3978.932190	-120.114716
3979.605103	-121.198471
3980.278015	-120.758255
3980.950928	-120.084320
3981.623840	-119.901039
3982.296753	-119.575340
3982.969666	-119.989891
3983.642578	-119.992775
3984.315491	-119.244240
3984.988403	-120.342323
3985.661316	-120.993118
3986.334229	-121.031906
3987.007141	-121.261780
3987.680054	-120.036987
3988.352966	-120.636642
3989.025879	-120.432297
3989.698792	-119.768867
3990.371704	-119.551529
3991.044617	-120.847847
3991.717529	-120.963127
3992.390442	-120.594254
3993.063354	-119.583931
3993.736267	-120.143814
3994.409180	-120.971619
3995.082092	-121.333862
3995.755005	-120.335899
3996.427917	-119.849266
3997.100830	-120.720551
3997.773743	-122.023758
3998.446655	-120.930855
3999.119568	-120.173073
3999.792480	-119.449318
4000.465393	-119.100151
4001.138306	-119.630783
4001.811218	-119.916023
4002.484131	-119.630615
4003.157043	-120.970451
4003.829956	-120.743156
4004.502869	-119.989632
4005.175781	-119.150169
4005.848694	-120.200249
4006.521606	-120.100746
4007.194519	-120.671303
4007.867432	-121.202858
4008.540344	-119.838860
4009.213257	-119.907997
4009.886169	-119.053970
4010.559082	-118.928658
4011.231995	-119.777588
4011.904907	-120.182701
4012.577820	-120.275276
4013.250732	-119.539497
4013.923645	-119.731300
4014.596558	-120.913902
4015.269470	-120.969315
4015.942383	-120.643456
4016.615295	-120.178787
4017.288208	-119.494453
4017.961121	-120.694557
4018.634033	-122.221001
4019.306946	-120.554230
4019.979858	-120.288010
4020.652771	-118.822289
4021.325684	-120.320961
4021.998596	-120.827606
4022.671509	-120.043701
4023.344421	-119.442986
4024.017334	-119.875931
4024.690247	-120.087318
4025.363159	-120.162834
4026.036072	-120.392624
4026.708984	-119.508698
4027.381897	-119.458588
4028.054810	-119.833405
4028.727722	-119.955711
4029.400635	-120.622124
4030.073547	-120.099907
4030.746460	-119.853539
4031.419373	-119.416840
4032.092285	-119.995728
4032.765198	-119.879997
4033.438110	-119.405807
4034.111023	-119.536842
4034.783936	-119.635376
4035.456848	-119.776421
4036.129761	-119.837540
4036.802673	-119.481857
4037.475586	-118.980553
4038.148499	-119.373680
4038.821411	-120.477348
4039.494324	-120.191460
4040.167236	-119.802536
4040.840149	-119.416260
4041.513062	-119.385033
4042.185974	-120.392349
4042.858887	-120.523643
4043.531799	-118.963737
4044.204712	-118.410362
4044.877625	-118.821480
4045.550537	-119.043732
4046.223450	-119.263702
4046.896362	-120.691780
4047.569275	-120.272331
4048.242188	-120.667953
4048.915100	-119.550781
4049.588013	-120.029526
4050.260925	-120.489525
4050.933838	-120.306358
4051.606750	-120.037560
4052.279663	-120.741844
4052.952576	-120.952118
4053.625488	-120.648628
4054.298401	-120.081528
4054.971313	-120.042755
4055.644226	-119.217270
4056.317139	-120.161575
4056.990051	-119.710648
4057.662964	-119.040985
4058.335876	-118.687241
4059.008789	-119.054642
4059.681702	-119.826561
4060.354614	-118.749290
4061.027527	-118.819649
4061.700439	-119.591194
4062.373352	-119.470215
4063.046265	-120.169212
4063.719177	-119.605026
4064.392090	-119.712692
4065.065002	-119.204018
4065.737915	-119.415733
4066.410828	-119.332756
4067.083740	-119.147362
4067.756653	-119.877464
4068.429565	-119.799240
4069.102478	-120.319054
4069.775391	-120.348351
4070.448303	-121.690323
4071.121216	-121.336143
4071.794128	-120.236649
4072.467041	-120.259697
4073.139954	-119.460976
4073.812866	-119.460320
4074.485779	-120.669510
4075.158691	-120.921761
4075.831604	-119.445221
4076.504517	-119.293991
4077.177429	-120.089386
4077.850342	-119.572899
4078.523254	-119.454544
4079.196167	-119.296516
4079.869080	-119.352798
4080.541992	-119.784088
4081.214905	-119.369881
4081.887817	-120.443283
4082.560730	-121.569847
4083.233643	-120.619408
4083.906555	-119.031219
4084.579468	-119.468307
4085.252380	-120.287727
4085.925293	-120.305130
4086.598206	-121.714577
4087.271118	-121.352913
4087.944031	-120.256920
4088.616943	-120.677170
4089.289856	-119.887642
4089.962769	-118.836082
4090.635681	-118.926353
4091.308594	-119.909996
4091.981506	-120.330070
4092.654419	-119.713531
4093.327332	-119.533501
4094.000244	-119.895721
4094.673157	-119.865196
4095.346069	-120.781044
4096.018982	-120.339478
4096.691895	-119.243073
4097.364807	-119.932076
4098.037720	-120.664429
4098.710632	-120.568382
4099.383545	-120.237045
4100.056458	-120.269913
4100.729370	-120.004036
4101.402283	-119.501549
4102.075195	-119.986870
4102.748108	-120.709938
4103.421021	-120.661285
4104.093933	-119.535355
4104.766846	-119.328117
4105.439758	-121.136436
4106.112671	-120.884193
4106.785583	-119.777039
4107.458496	-119.746948
4108.131409	-120.386948
4108.804321	-120.197166
4109.477234	-120.453506
4110.150146	-119.488815
4110.823059	-119.905434
4111.495972	-121.570412
4112.168884	-120.274544
4112.841797	-120.209885
4113.514709	-120.097412
4114.187622	-119.845734
4114.860535	-120.028809
4115.533447	-119.611702
4116.206360	-119.248497
4116.879272	-119.638023
4117.552185	-122.032883
4118.225098	-121.066559
4118.898010	-120.132881
4119.570923	-121.157761
4120.243835	-120.794411
4120.916748	-120.717621
4121.589661	-119.897430
4122.262573	-120.202614
4122.935486	-120.704887
4123.608398	-120.480888
4124.281311	-120.063004
4124.954224	-119.938347
4125.627136	-119.322990
4126.300049	-119.745499
4126.972961	-120.656670
4127.645874	-120.392487
4128.318787	-120.170372
4128.991699	-119.646622
4129.664612	-119.552147
4130.337524	-120.309357
4131.010437	-119.662941
4131.683350	-120.136528
4132.356262	-120.754852
4133.029175	-120.009636
4133.702087	-119.771904
4134.375000	-120.128342
4135.047913	-120.127899
4135.720825	-119.386955
4136.393738	-120.092598
4137.066650	-120.436592
4137.739563	-120.302322
4138.412476	-120.564850
4139.085388	-120.235535
4139.758301	-119.724899
4140.431213	-120.636749
4141.104126	-119.946991
4141.777039	-119.663292
4142.449951	-119.935883
4143.122864	-119.484665
4143.795776	-120.325630
4144.468689	-120.622185
4145.141602	-120.277016
4145.814514	-120.055984
4146.487427	-120.330635
4147.160339	-119.873375
4147.833252	-120.287857
4148.506165	-120.506264
4149.179077	-120.080139
4149.851990	-120.907555
4150.524902	-120.666084
4151.197815	-119.870972
4151.870728	-119.949463
4152.543640	-120.599899
4153.216553	-119.317650
4153.889465	-119.399529
4154.562378	-121.053360
4155.235291	-119.925468
4155.908203	-118.686012
4156.581116	-119.504570
4157.254028	-120.120323
4157.926941	-119.317711
4158.599854	-119.150284
4159.272766	-119.344124
4159.945679	-119.923271
4160.618591	-118.718506
4161.291504	-119.200714
4161.964417	-119.724602
4162.637329	-119.397812
4163.310242	-119.992706
4163.983154	-119.551048
4164.656067	-119.173592
4165.328979	-120.097771
4166.001892	-119.239296
4166.674805	-119.758453
4167.347717	-120.507362
4168.020630	-120.046814
4168.693542	-120.262520
4169.366455	-120.814903
4170.039368	-119.940895
4170.712280	-120.002785
4171.385193	-119.675125
4172.058105	-119.629333
4172.731018	-119.751320
4173.403931	-120.332794
4174.076843	-119.804451
4174.749756	-118.593719
4175.422668	-119.338280
4176.095581	-120.541946
4176.768494	-120.795143
4177.441406	-120.846504
4178.114319	-120.404846
4178.787231	-119.779457
4179.460144	-119.683693
4180.133057	-120.109688
4180.805969	-119.794853
4181.478882	-119.723305
4182.151794	-120.142639
4182.824707	-120.209145
4183.497620	-119.983917
4184.170532	-119.651222
4184.843445	-120.855499
4185.516357	-120.181351
4186.189270	-119.830322
4186.862183	-120.126518
4187.535095	-120.210716
4188.208008	-120.483376
4188.880920	-121.151176
4189.553833	-119.069427
4190.226746	-119.312630
4190.899658	-119.614281
4191.572571	-119.983559
4192.245483	-119.668777
4192.918396	-118.829308
4193.591309	-119.832611
4194.264221	-119.884834
4194.937134	-119.553978
4195.610046	-120.079323
4196.282959	-119.804276
4196.955872	-118.989449
4197.628784	-118.358269
4198.301697	-118.459602
4198.974609	-119.728729
4199.647522	-119.626289
4200.320435	-119.420837
4200.993347	-120.024460
4201.666260	-121.238106
4202.339172	-120.180733
4203.012085	-120.122993
4203.684998	-120.494858
4204.357910	-119.183983
4205.030823	-119.898193
4205.703735	-119.429199
4206.376648	-118.665657
4207.049561	-120.141640
4207.722473	-120.273033
4208.395386	-120.488800
4209.068298	-119.375076
4209.741211	-119.072914
4210.414124	-119.586929
4211.087036	-119.284866
4211.759949	-118.975304
4212.432861	-120.556587
4213.105774	-119.659515
4213.778687	-119.328156
4214.451599	-119.483681
4215.124512	-119.204514
4215.797424	-120.062012
4216.470337	-120.298676
4217.143250	-120.310577
4217.816162	-120.050827
4218.489075	-119.800797
4219.161987	-119.343697
4219.834900	-120.001007
4220.507812	-120.065567
4221.180725	-119.053261
4221.853638	-119.226219
4222.526550	-119.434296
4223.199463	-119.670807
4223.872375	-118.993614
4224.545288	-119.612045
4225.218201	-119.221741
4225.891113	-119.600868
4226.564026	-120.322182
4227.236938	-120.322624
4227.909851	-120.188713
4228.582764	-120.621925
4229.255676	-121.015030
4229.928589	-121.259811
4230.601501	-121.393867
4231.274414	-119.825310
4231.947327	-119.631615
4232.620239	-120.030907
4233.293152	-119.498734
4233.966064	-119.852127
4234.638977	-118.912643
4235.311890	-118.772476
4235.984802	-119.466675
4236.657715	-119.842224
4237.330627	-119.725113
4238.003540	-119.917419
4238.676453	-120.278000
4239.349365	-119.824554
4240.022278	-119.925423
4240.695190	-121.011726
4241.368103	-120.351723
4242.041016	-120.329918
4242.713928	-120.516495
4243.386841	-120.632263
4244.059753	-120.772278
4244.732666	-120.172920
4245.405579	-120.455193
4246.078491	-120.439438
4246.751404	-119.604744
4247.424316	-118.731842
4248.097229	-119.032982
4248.770142	-119.629204
4249.443054	-120.287430
4250.115967	-119.533073
4250.788879	-119.164467
4251.461792	-118.994774
4252.134705	-120.021622
4252.807617	-120.032516
4253.480530	-119.335793
4254.153442	-119.089462
4254.826355	-118.937798
4255.499268	-120.271965
4256.172180	-120.120033
4256.845093	-120.290047
4257.518005	-120.788429
4258.190918	-120.621208
4258.863831	-120.454414
4259.536743	-119.762070
4260.209656	-119.633934
4260.882568	-119.546265
4261.555481	-119.226707
4262.228394	-119.957138
4262.901306	-120.060822
4263.574219	-119.676735
4264.247131	-119.799294
4264.920044	-120.337395
4265.592957	-120.070427
4266.265869	-119.828743
4266.938782	-120.815567
4267.611694	-120.585701
4268.284607	-119.510208
4268.957520	-120.459930
4269.630432	-120.743011
4270.303345	-120.773438
4270.976257	-120.143471
4271.649170	-119.904510
4272.322083	-120.560501
4272.994995	-120.954346
4273.667908	-120.179703
4274.340820	-120.322929
4275.013733	-119.170929
4275.686646	-120.165894
4276.359558	-119.697350
4277.032471	-119.676125
4277.705383	-119.335365
4278.378296	-120.166283
4279.051208	-120.096283
4279.724121	-119.831673
4280.397034	-119.646561
4281.069946	-121.062065
4281.742859	-120.126335
4282.415771	-119.515144
4283.088684	-120.011070
4283.761597	-120.015396
4284.434509	-119.193169
4285.107422	-119.285629
4285.780334	-120.044891
4286.453247	-119.237358
4287.126160	-118.901031
4287.799072	-119.231819
4288.471985	-119.562004
4289.144897	-118.618011
4289.817810	-118.662544
4290.490723	-118.652023
4291.163635	-119.526337
4291.836548	-119.183731
4292.509460	-118.975151
4293.182373	-120.182610
4293.855286	-119.836975
4294.528198	-119.494118
4295.201111	-119.960052
4295.874023	-120.708878
4296.546936	-119.931778
4297.219849	-119.224991
4297.892761	-119.575653
4298.565674	-119.817162
4299.238586	-119.417076
4299.911499	-118.889450
4300.584412	-119.940521
4301.257324	-120.566780
4301.930237	-120.031960
4302.603149	-120.438141
4303.276062	-119.802231
4303.948975	-119.682617
4304.621887	-119.667007
4305.294800	-119.648384
4305.967712	-120.734543
4306.640625	-120.374733
4307.313538	-120.339363
4307.986450	-119.591599
4308.659363	-119.894867
4309.332275	-120.646164
4310.005188	-121.133240
4310.678101	-120.921875
4311.351013	-120.247223
4312.023926	-119.485435
4312.696838	-119.680466
4313.369751	-119.003075
4314.042664	-119.326675
4314.715576	-120.103973
4315.388489	-119.366653
4316.061401	-118.966698
4316.734314	-119.468346
4317.407227	-119.992889
4318.080139	-119.367729
4318.753052	-119.368179
4319.425964	-119.337784
4320.098877	-119.569542
4320.771790	-120.360748
4321.444702	-119.117393
4322.117615	-119.719269
4322.790527	-120.442108
4323.463440	-120.385925
4324.136353	-119.909164
4324.809265	-119.522247
4325.482178	-119.773323
4326.155090	-120.390953
4326.828003	-119.583984
4327.500916	-120.158165
4328.173828	-120.712852
4328.846741	-120.210022
4329.519653	-120.668571
4330.192566	-120.769852
4330.865479	-120.722496
4331.538391	-119.962051
4332.211304	-120.339859
4332.884216	-121.143883
4333.557129	-120.927483
4334.230042	-120.742836
4334.902954	-119.820976
4335.575867	-119.464241
4336.248779	-119.099770
4336.921692	-119.109810
4337.594604	-119.298004
4338.267517	-119.810860
4338.940430	-120.084351
4339.613342	-119.578316
4340.286255	-120.343575
4340.959167	-119.964180
4341.632080	-120.753944
4342.304993	-120.865616
4342.977905	-120.290558
4343.650818	-120.520111
4344.323730	-120.069519
4344.996643	-120.171852
4345.669556	-120.694405
4346.342468	-120.360435
4347.015381	-120.944550
4347.688293	-120.250008
4348.361206	-120.027451
4349.034119	-121.378387
4349.707031	-120.032867
4350.379944	-120.157272
4351.052856	-119.923996
4351.725769	-119.339508
4352.398682	-119.689499
4353.071594	-119.926666
4353.744507	-120.463943
4354.417419	-120.192482
4355.090332	-119.177422
4355.763245	-119.085823
4356.436157	-120.046608
4357.109070	-120.722488
4357.781982	-120.446831
4358.454895	-121.077911
4359.127808	-120.868217
4359.800720	-120.776329
4360.473633	-121.472832
4361.146545	-120.012344
4361.819458	-120.543282
4362.492371	-121.543633
4363.165283	-121.459442
4363.838196	-119.496155
4364.511108	-119.759438
4365.184021	-120.615372
4365.856934	-119.806602
4366.529846	-119.114456
4367.202759	-118.897301
4367.875671	-119.529114
4368.548584	-120.203423
4369.221497	-120.354172
4369.894409	-119.855125
4370.567322	-120.821045
4371.240234	-120.765671
4371.913147	-121.854553
4372.586060	-121.468307
4373.258972	-120.664864
4373.931885	-119.830566
4374.604797	-119.094597
4375.277710	-119.395470
4375.950623	-118.404556
4376.623535	-119.408691
4377.296448	-120.530312
4377.969360	-121.645119
4378.642273	-121.761520
4379.315186	-120.696442
4379.988098	-120.132408
4380.661011	-120.550690
4381.333923	-120.227798
4382.006836	-119.906288
4382.679749	-120.847229
4383.352661	-119.852287
4384.025574	-119.256271
4384.698486	-120.090927
4385.371399	-120.699593
4386.044312	-121.035324
4386.717224	-119.030800
4387.390137	-118.704033
4388.063049	-119.403694
4388.735962	-120.696190
4389.408875	-120.920456
4390.081787	-120.083832
4390.754700	-121.650009
4391.427612	-121.934662
4392.100525	-120.888657
4392.773438	-120.911774
4393.446350	-121.000854
4394.119263	-119.937469
4394.792175	-119.844818
4395.465088	-120.028511
4396.138000	-119.314445
4396.810913	-119.822823
4397.483826	-119.201851
4398.156738	-120.071861
4398.829651	-120.359383
4399.502563	-120.095261
4400.175476	-120.632988
4400.848389	-120.217033
4401.521301	-119.917542
4402.194214	-120.386612
4402.867126	-119.569252
4403.540039	-120.573463
4404.212952	-121.544601
4404.885864	-120.217964
4405.558777	-119.805115
4406.231689	-119.869057
4406.904602	-119.283813
4407.577515	-119.885765
4408.250427	-119.932846
4408.923340	-120.577736
4409.596252	-120.773193
4410.269165	-120.666260
4410.942078	-120.618965
4411.614990	-120.894493
4412.287903	-120.683266
4412.960815	-120.305321
4413.633728	-119.808075
4414.306641	-120.574181
4414.979553	-120.125366
4415.652466	-118.880569
4416.325378	-119.994896
4416.998291	-120.175156
4417.671204	-119.918549
4418.344116	-119.868210
4419.017029	-119.801094
4419.689941	-118.865417
4420.362854	-119.010277
4421.035767	-119.537025
4421.708679	-119.913544
4422.381592	-119.354424
4423.054504	-119.603592
4423.727417	-119.890900
4424.400330	-119.514549
4425.073242	-119.777985
4425.746155	-120.208702
4426.419067	-119.584175
4427.091980	-120.032394
4427.764893	-121.628632
4428.437805	-120.757050
4429.110718	-119.636108
4429.783630	-119.765862
4430.456543	-120.411972
4431.129456	-120.211617
4431.802368	-119.262589
4432.475281	-119.210541
4433.148193	-119.998344
4433.821106	-120.254539
4434.494019	-120.413116
4435.166931	-119.362671
4435.839844	-119.607925
4436.512756	-119.829346
4437.185669	-120.032692
4437.858582	-120.511391
4438.531494	-120.084961
4439.204407	-120.794472
4439.877319	-121.368866
4440.550232	-120.636787
4441.223145	-120.475357
4441.896057	-119.793037
4442.568970	-120.149521
4443.241882	-120.374069
4443.914795	-119.732124
4444.587708	-119.728004
4445.260620	-120.007065
4445.933533	-120.625076
4446.606445	-120.687988
4447.279358	-120.304642
4447.952271	-119.056114
4448.625183	-118.518913
4449.298096	-120.358047
4449.971008	-120.774361
4450.643921	-120.205383
4451.316833	-119.029533
4451.989746	-119.389816
4452.662659	-119.243813
4453.335571	-119.805664
4454.008484	-120.588013
4454.681396	-119.657280
4455.354309	-119.481331
4456.027222	-119.364883
4456.700134	-119.079552
4457.373047	-118.898399
4458.045959	-119.752785
4458.718872	-121.087791
4459.391785	-120.663727
4460.064697	-119.441162
4460.737610	-119.218552
4461.410522	-118.759529
4462.083435	-119.711517
4462.756348	-120.550369
4463.429260	-119.716347
4464.102173	-120.144257
4464.775085	-119.697166
4465.447998	-119.259140
4466.120911	-119.621162
4466.793823	-120.580818
4467.466736	-121.255783
4468.139648	-121.481430
4468.812561	-120.616463
4469.485474	-120.281868
4470.158386	-120.155640
4470.831299	-120.781967
4471.504211	-120.019173
4472.177124	-119.422661
4472.850037	-119.433739
4473.522949	-119.957031
4474.195862	-120.515846
4474.868774	-120.811584
4475.541687	-121.455002
4476.214600	-121.030006
4476.887512	-120.007027
4477.560425	-119.690147
4478.233337	-120.186081
4478.906250	-120.583328
4479.579163	-120.296310
4480.252075	-119.962135
4480.924988	-121.324554
4481.597900	-120.903122
4482.270813	-119.002274
4482.943726	-119.820808
4483.616638	-120.562401
4484.289551	-121.022186
4484.962463	-121.115929
4485.635376	-120.051605
4486.308289	-120.010330
4486.981201	-120.117760
4487.654114	-119.703728
4488.327026	-119.548286
4488.999939	-120.195229
4489.672852	-120.716408
4490.345764	-120.893860
4491.018677	-120.308159
4491.691589	-120.232460
4492.364502	-119.514786
4493.037415	-119.958694
4493.710327	-119.283707
4494.383240	-119.033203
4495.056152	-119.204269
4495.729065	-119.458527
4496.401978	-119.107903
4497.074890	-120.536263
4497.747803	-120.746826
4498.420715	-120.671486
4499.093628	-120.845222
4499.766541	-120.226875
4500.439453	-119.967957
4501.112366	-120.148956
4501.785278	-120.888535
4502.458191	-120.996078
4503.131104	-121.560295
4503.804016	-120.815346
4504.476929	-120.581413
4505.149841	-120.230370
4505.822754	-120.683189
4506.495667	-121.048851
4507.168579	-120.109680
4507.841492	-119.331627
4508.514404	-119.077866
4509.187317	-119.213242
4509.860229	-119.298851
4510.533142	-120.193520
4511.206055	-120.792656
4511.878967	-121.125496
4512.551880	-120.728027
4513.224792	-119.886620
4513.897705	-120.074791
4514.570618	-121.037720
4515.243530	-120.332916
4515.916443	-119.947533
4516.589355	-120.006439
4517.262268	-120.180458
4517.935181	-119.809364
4518.608093	-119.489365
4519.281006	-119.994179
4519.953918	-120.548027
4520.626831	-120.010376
4521.299744	-120.965233
4521.972656	-121.219589
4522.645569	-121.094078
4523.318481	-120.494011
4523.991394	-120.948257
4524.664307	-120.954063
4525.337219	-120.353745
4526.010132	-120.131485
4526.683044	-119.591522
4527.355957	-119.140678
4528.028870	-119.694595
4528.701782	-119.948746
4529.374695	-119.930176
4530.047607	-121.430786
4530.720520	-121.137253
4531.393433	-120.995247
4532.066345	-120.511574
4532.739258	-120.923798
4533.412170	-120.245102
4534.085083	-119.885544
4534.757996	-120.426445
4535.430908	-120.112236
4536.103821	-120.688980
4536.776733	-120.449547
4537.449646	-120.609535
4538.122559	-120.709396
4538.795471	-120.585541
4539.468384	-121.066460
4540.141296	-120.672203
4540.814209	-121.336014
4541.487122	-120.357147
4542.160034	-120.323708
4542.832947	-120.745667
4543.505859	-120.982483
4544.178772	-120.148506
4544.851685	-120.396881
4545.524597	-120.235397
4546.197510	-119.617348
4546.870422	-119.429718
4547.543335	-120.694862
4548.216248	-120.440910
4548.889160	-119.351631
4549.562073	-119.818146
4550.234985	-120.780121
4550.907898	-120.851776
4551.580811	-121.146355
4552.253723	-121.160973
4552.926636	-121.304619
4553.599548	-121.285889
4554.272461	-120.793327
4554.945374	-120.649582
4555.618286	-120.687523
4556.291199	-120.068687
4556.964111	-120.885002
4557.637024	-120.388245
4558.309937	-119.199806
4558.982849	-119.303253
4559.655762	-119.747444
4560.328674	-120.935852
4561.001587	-119.985542
4561.674500	-119.654709
4562.347412	-119.609612
4563.020325	-119.454124
4563.693237	-119.986687
4564.366150	-121.385002
4565.039062	-120.767822
4565.711975	-120.338486
4566.384888	-119.923462
4567.057800	-119.827522
4567.730713	-120.068481
4568.403625	-119.847717
4569.076538	-119.317589
4569.749451	-119.771500
4570.422363	-118.950760
4571.095276	-119.507072
4571.768188	-120.959015
4572.441101	-120.658798
4573.114014	-120.980614
4573.786926	-120.981743
4574.459839	-121.121048
4575.132751	-120.473579
4575.805664	-119.250160
4576.478577	-119.614380
4577.151489	-119.653862
4577.824402	-119.940247
4578.497314	-120.388023
4579.170227	-119.877228
4579.843140	-119.644394
4580.516052	-119.491020
4581.188965	-120.698532
4581.861877	-120.974899
4582.534790	-120.377777
4583.207703	-119.885406
4583.880615	-120.094925
4584.553528	-119.976997
4585.226440	-119.267952
4585.899353	-119.043251
4586.572266	-119.389687
4587.245178	-119.655403
4587.918091	-120.323517
4588.591003	-120.878174
4589.263916	-121.297569
4589.936829	-119.559380
4590.609741	-118.877419
4591.282654	-119.599518
4591.955566	-120.479431
4592.628479	-119.838257
4593.301392	-119.558868
4593.974304	-120.073372
4594.647217	-120.303101
4595.320129	-120.390831
4595.993042	-120.709976
4596.665955	-121.015442
4597.338867	-119.679588
4598.011780	-119.300011
4598.684692	-119.813759
4599.357605	-119.702110
4600.030518	-120.310661
4600.703430	-119.638779
4601.376343	-119.653122
4602.049255	-120.379791
4602.722168	-120.050117
4603.395081	-120.625130
4604.067993	-120.929550
4604.740906	-120.551651
4605.413818	-120.758972
4606.086731	-120.398346
4606.759644	-120.494286
4607.432556	-121.475655
4608.105469	-121.219154
4608.778381	-120.856598
4609.451294	-120.111038
4610.124207	-119.070076
4610.797119	-118.509712
4611.470032	-118.853920
4612.142944	-119.835381
4612.815857	-119.914680
4613.488770	-119.957649
4614.161682	-119.483482
4614.834595	-119.435425
4615.507507	-120.014259
4616.180420	-120.820885
4616.853333	-120.252602
4617.526245	-120.653816
4618.199158	-120.123749
4618.872070	-120.390450
4619.544983	-121.736771
4620.217896	-120.509956
4620.890808	-119.436195
4621.563721	-120.121178
4622.236633	-120.206665
4622.909546	-120.068909
4623.582458	-120.754417
4624.255371	-120.997192
4624.928284	-119.591110
4625.601196	-119.928444
4626.274109	-120.605316
4626.947021	-119.470253
4627.619934	-120.103249
4628.292847	-120.010262
4628.965759	-120.094421
4629.638672	-120.887657
4630.311584	-121.298141
4630.984497	-120.935776
4631.657410	-120.472084
4632.330322	-120.508614
4633.003235	-120.739647
4633.676147	-120.786987
4634.349060	-120.102905
4635.021973	-120.373901
4635.694885	-121.458786
4636.367798	-120.850220
4637.040710	-121.650963
4637.713623	-120.647194
4638.386536	-120.685608
4639.059448	-120.618118
4639.732361	-120.612709
4640.405273	-120.186096
4641.078186	-120.439461
4641.751099	-120.088348
4642.424011	-119.106445
4643.096924	-119.143639
4643.769836	-120.690994
4644.442749	-120.610451
4645.115662	-119.747894
4645.788574	-119.530083
4646.461487	-120.504822
4647.134399	-119.913307
4647.807312	-120.270592
4648.480225	-120.183289
4649.153137	-120.311142
4649.826050	-119.931221
4650.498962	-119.458099
4651.171875	-119.075584
4651.844788	-120.609558
4652.517700	-120.625359
4653.190613	-120.408119
4653.863525	-120.090141
4654.536438	-120.027283
4655.209351	-120.063454
4655.882263	-120.522926
4656.555176	-121.048073
4657.228088	-120.339493
4657.901001	-119.559525
4658.573914	-120.100945
4659.246826	-120.001450
4659.919739	-119.765907
4660.592651	-120.481880
4661.265564	-120.038681
4661.938477	-119.827362
4662.611389	-120.777229
4663.284302	-119.886505
4663.957214	-120.108307
4664.630127	-120.414474
4665.303040	-119.896194
4665.975952	-119.802689
4666.648865	-119.944801
4667.321777	-120.175026
4667.994690	-121.072357
4668.667603	-121.326103
4669.340515	-120.390533
4670.013428	-119.331863
4670.686340	-120.143936
4671.359253	-120.663193
4672.032166	-120.135307
4672.705078	-119.006287
4673.377991	-120.095383
4674.050903	-119.944656
4674.723816	-119.414001
4675.396729	-120.625931
4676.069641	-121.136909
4676.742554	-120.972511
4677.415466	-120.172951
4678.088379	-120.423325
4678.761292	-120.102638
4679.434204	-119.864174
4680.107117	-120.404205
4680.780029	-120.468361
4681.452942	-119.795181
4682.125854	-120.659355
4682.798767	-121.111687
4683.471680	-119.624466
4684.144592	-119.762321
4684.817505	-120.576691
4685.490417	-120.161163
4686.163330	-121.407234
4686.836243	-119.855713
4687.509155	-119.137672
4688.182068	-119.863449
4688.854980	-119.801926
4689.527893	-120.247581
4690.200806	-120.151680
4690.873718	-119.302811
4691.546631	-119.214577
4692.219543	-119.301697
4692.892456	-120.382156
4693.565369	-121.592072
4694.238281	-121.786003
4694.911194	-120.737877
4695.584106	-121.376770
4696.257019	-120.897247
4696.929932	-120.562111
4697.602844	-119.847282
4698.275757	-119.245224
4698.948669	-120.142967
4699.621582	-120.327011
4700.294495	-119.696655
4700.967407	-118.862335
4701.640320	-118.790840
4702.313232	-120.080368
4702.986145	-120.892578
4703.659058	-119.797607
4704.331970	-119.466057
4705.004883	-119.838997
4705.677795	-119.600609
4706.350708	-120.319695
4707.023621	-120.517914
4707.696533	-120.697884
4708.369446	-119.476494
4709.042358	-120.021454
4709.715271	-120.523170
4710.388184	-120.892662
4711.061096	-119.678604
4711.734009	-121.080063
4712.406921	-120.363792
4713.079834	-120.515816
4713.752747	-120.803696
4714.425659	-119.864426
4715.098572	-119.852585
4715.771484	-120.286842
4716.444397	-120.103622
4717.117310	-120.201569
4717.790222	-120.891830
4718.463135	-120.671112
4719.136047	-120.268250
4719.808960	-120.665207
4720.481873	-120.265343
4721.154785	-120.047295
4721.827698	-119.730232
4722.500610	-119.089890
4723.173523	-120.122368
4723.846436	-120.855370
4724.519348	-121.338928
4725.192261	-120.328171
4725.865173	-120.328102
4726.538086	-120.227219
4727.210999	-119.807076
4727.883911	-120.005447
4728.556824	-120.166351
4729.229736	-119.844734
4729.902649	-120.631607
4730.575562	-120.553970
4731.248474	-120.332336
4731.921387	-120.833748
4732.594299	-119.910347
4733.267212	-119.405258
4733.940125	-119.563515
4734.613037	-119.952148
4735.285950	-119.432770
4735.958862	-119.914810
4736.631775	-119.528893
4737.304688	-120.876472
4737.977600	-121.308090
4738.650513	-120.503380
4739.323425	-120.789452
4739.996338	-119.876259
4740.669250	-120.075829
4741.342163	-120.366150
4742.015076	-120.187302
4742.687988	-119.828896
4743.360901	-120.290741
4744.033813	-120.719818
4744.706726	-120.352592
4745.379639	-120.453842
4746.052551	-120.455910
4746.725464	-120.586983
4747.398376	-120.647285
4748.071289	-120.334259
4748.744202	-119.762215
4749.417114	-120.615791
4750.090027	-120.320732
4750.762939	-120.566895
4751.435852	-120.711792
4752.108765	-120.201057
4752.781677	-120.018402
4753.454590	-119.955086
4754.127502	-120.784309
4754.800415	-121.232422
4755.473328	-120.439949
4756.146240	-120.000328
4756.819153	-119.861687
4757.492065	-119.268677
4758.164978	-119.989998
4758.837891	-120.289787
4759.510803	-120.300934
4760.183716	-120.696419
4760.856628	-120.019150
4761.529541	-120.019859
4762.202454	-122.055069
4762.875366	-121.090797
4763.548279	-119.858513
4764.221191	-119.735619
4764.894104	-120.424500
4765.567017	-120.052681
4766.239929	-120.220245
4766.912842	-119.014183
4767.585754	-119.066666
4768.258667	-119.834869
4768.931580	-120.468147
4769.604492	-120.328964
4770.277405	-120.660988
4770.950317	-120.501060
4771.623230	-119.428459
4772.296143	-119.944740
4772.969055	-120.285324
4773.641968	-120.198395
4774.314880	-120.094193
4774.987793	-119.585365
4775.660706	-119.374725
4776.333618	-119.454987
4777.006531	-120.434128
4777.679443	-121.264885
4778.352356	-121.065788
4779.025269	-121.212120
4779.698181	-120.641273
4780.371094	-120.396408
4781.044006	-119.570992
4781.716919	-119.321312
4782.389832	-119.872108
4783.062744	-120.601791
4783.735657	-121.432373
4784.408569	-121.428329
4785.081482	-119.763542
4785.754395	-120.088226
4786.427307	-120.173050
4787.100220	-119.431137
4787.773132	-120.313042
4788.446045	-120.009102
4789.118958	-119.709579
4789.791870	-120.597404
4790.464783	-121.005592
4791.137695	-120.774033
4791.810608	-119.879478
4792.483521	-119.992714
4793.156433	-120.513535
4793.829346	-120.064560
4794.502258	-118.698395
4795.175171	-119.534706
4795.848083	-120.115593
4796.520996	-119.783943
4797.193909	-120.753983
4797.866821	-120.519814
4798.539734	-119.133331
4799.212646	-119.369553
4799.885559	-120.818909
4800.558472	-121.292313
4801.231384	-121.620789
4801.904297	-120.325661
4802.577209	-119.415512
4803.250122	-121.050835
4803.923035	-120.663063
4804.595947	-119.350014
4805.268860	-120.029388
4805.941772	-120.228874
4806.614685	-119.610596
4807.287598	-120.628319
4807.960510	-120.762177
4808.633423	-120.048935
4809.306335	-120.296005
4809.979248	-121.235794
4810.652161	-119.913177
4811.325073	-119.524529
4811.997986	-119.904114
4812.670898	-119.741394
4813.343811	-119.818710
4814.016724	-119.518288
4814.689636	-119.978912
4815.362549	-119.787033
4816.035461	-120.000641
4816.708374	-120.847389
4817.381287	-120.555862
4818.054199	-121.238899
4818.727112	-121.733704
4819.400024	-121.747742
4820.072937	-120.478951
4820.745850	-119.707451
4821.418762	-119.216446
4822.091675	-119.352943
4822.764587	-119.499374
4823.437500	-119.602074
4824.110413	-119.970657
4824.783325	-119.681435
4825.456238	-119.805290
4826.129150	-120.633881
4826.802063	-120.182137
4827.474976	-119.915443
4828.147888	-120.695602
4828.820801	-120.328247
4829.493713	-119.228729
4830.166626	-118.714577
4830.839539	-119.260757
4831.512451	-121.190125
4832.185364	-119.326035
4832.858276	-119.066544
4833.531189	-119.367889
4834.204102	-120.093704
4834.877014	-121.522629
4835.549927	-120.583275
4836.222839	-120.799652
4836.895752	-120.165390
4837.568665	-119.562325
4838.241577	-119.922935
4838.914490	-119.945724
4839.587402	-120.355507
4840.260315	-120.779915
4840.933228	-121.003189
4841.606140	-120.337761
4842.279053	-119.770866
4842.951965	-120.499184
4843.624878	-121.242493
4844.297791	-120.422684
4844.970703	-119.692703
4845.643616	-119.343727
4846.316528	-119.562363
4846.989441	-120.409332
4847.662354	-119.726799
4848.335266	-120.533661
4849.008179	-120.813751
4849.681091	-120.468094
4850.354004	-120.633568
4851.026917	-120.039398
4851.699829	-120.411407
4852.372742	-119.515076
4853.045654	-119.308571
4853.718567	-120.092346
4854.391479	-120.601181
4855.064392	-120.104576
4855.737305	-119.744797
4856.410217	-119.975517
4857.083130	-120.010559
4857.756042	-119.532005
4858.428955	-119.490623
4859.101868	-119.880615
4859.774780	-120.759537
4860.447693	-120.860229
4861.120605	-120.583717
4861.793518	-119.892258
4862.466431	-120.261833
4863.139343	-120.704941
4863.812256	-120.230453
4864.485168	-120.211327
4865.158081	-120.119568
4865.830994	-120.420647
4866.503906	-120.730492
4867.176819	-119.989143
4867.849731	-120.653290
4868.522644	-120.621269
4869.195557	-120.521355
4869.868469	-120.362885
4870.541382	-119.986511
4871.214294	-120.311562
4871.887207	-119.788498
4872.560120	-120.393326
4873.233032	-121.072151
4873.905945	-119.702065
4874.578857	-118.943100
4875.251770	-120.028358
4875.924683	-120.713371
4876.597595	-120.849327
4877.270508	-120.675934
4877.943420	-121.052917
4878.616333	-120.527313
4879.289246	-120.340401
4879.962158	-119.826103
4880.635071	-120.063438
4881.307983	-120.092087
4881.980896	-119.840759
4882.653809	-119.046509
4883.326721	-119.368317
4883.999634	-119.596718
4884.672546	-120.281944
4885.345459	-119.946457
4886.018372	-120.480476
4886.691284	-120.490143
4887.364197	-120.761253
4888.037109	-119.370697
4888.710022	-119.831398
4889.382935	-120.423904
4890.055847	-120.299385
4890.728760	-120.047340
4891.401672	-120.502205
4892.074585	-120.031197
4892.747498	-119.738510
4893.420410	-119.659607
4894.093323	-119.849083
4894.766235	-119.950180
4895.439148	-120.341743
4896.112061	-120.164444
4896.784973	-120.031097
4897.457886	-119.922516
4898.130798	-120.999405
4898.803711	-119.892799
4899.476624	-119.914719
4900.149536	-119.686020
4900.822449	-120.357948
4901.495361	-119.936050
4902.168274	-119.130806
4902.841187	-119.610527
4903.514099	-120.520653
4904.187012	-120.389801
4904.859924	-119.950508
4905.532837	-120.234329
4906.205750	-120.078247
4906.878662	-120.031372
4907.551575	-120.885696
4908.224487	-120.646957
4908.897400	-120.090523
4909.570312	-119.869164
4910.243225	-120.139801
4910.916138	-120.233200
4911.589050	-121.178879
4912.261963	-121.156548
4912.934875	-120.820976
4913.607788	-119.892189
4914.280701	-120.342155
4914.953613	-121.250084
4915.626526	-121.045029
4916.299438	-119.809586
4916.972351	-119.483894
4917.645264	-120.187286
4918.318176	-120.417488
4918.991089	-120.832687
4919.664001	-120.810303
4920.336914	-120.133728
4921.009827	-118.852234
4921.682739	-119.836044
4922.355652	-120.675430
4923.028564	-120.611595
4923.701477	-119.481140
4924.374390	-119.994698
4925.047302	-120.493668
4925.720215	-120.971138
4926.393127	-119.782455
4927.066040	-119.411453
4927.738953	-119.423294
4928.411865	-119.920380
4929.084778	-119.321739
4929.757690	-120.462921
4930.430603	-121.192177
4931.103516	-119.639740
4931.776428	-119.605148
4932.449341	-120.133392
4933.122253	-120.135979
4933.795166	-120.027634
4934.468079	-120.078125
4935.140991	-120.786896
4935.813904	-120.027748
4936.486816	-119.778618
4937.159729	-120.127098
4937.832642	-120.070061
4938.505554	-120.484695
4939.178467	-121.871323
4939.851379	-120.780823
4940.524292	-119.944954
4941.197205	-119.589249
4941.870117	-119.854164
4942.543030	-120.674728
4943.215942	-120.951317
4943.888855	-120.861282
4944.561768	-120.996605
4945.234680	-120.810143
4945.907593	-119.454277
4946.580505	-119.957245
4947.253418	-121.559845
4947.926331	-120.526390
4948.599243	-119.883125
4949.272156	-120.849251
4949.945068	-120.338989
4950.617981	-119.869438
4951.290894	-119.507469
4951.963806	-119.453751
4952.636719	-120.328072
4953.309631	-120.471199
4953.982544	-120.144539
4954.655457	-119.561180
4955.328369	-120.162590
4956.001282	-120.201324
4956.674194	-119.954460
4957.347107	-120.228172
4958.020020	-121.211479
4958.692932	-121.046844
4959.365845	-119.890076
4960.038757	-119.923584
4960.711670	-121.377647
4961.384583	-121.247185
4962.057495	-119.816093
4962.730408	-119.751854
4963.403320	-120.377319
4964.076233	-121.024872
4964.749146	-120.601364
4965.422058	-120.071419
4966.094971	-118.648949
4966.767883	-119.032555
4967.440796	-120.038078
4968.113708	-120.462410
4968.786621	-120.440247
4969.459534	-120.977348
4970.132446	-119.682816
4970.805359	-120.411758
4971.478271	-121.268158
4972.151184	-121.793045
4972.824097	-119.679703
4973.497009	-119.777626
4974.169922	-120.557152
4974.842834	-120.886948
4975.515747	-119.835869
4976.188660	-120.049477
4976.861572	-120.500015
4977.534485	-120.818550
4978.207397	-119.980194
4978.880310	-119.875824
4979.553223	-120.199188
4980.226135	-120.775467
4980.899048	-120.607140
4981.571960	-121.380737
4982.244873	-120.477448
4982.917786	-119.727448
4983.590698	-119.628487
4984.263611	-120.109009
4984.936523	-119.925903
4985.609436	-118.673653
4986.282349	-119.832649
4986.955261	-121.620750
4987.628174	-120.779121
4988.301086	-119.998489
4988.973999	-119.784897
4989.646912	-119.715149
4990.319824	-120.029915
4990.992737	-119.992805
4991.665649	-119.903183
4992.338562	-120.136650
4993.011475	-120.271149
4993.684387	-121.090790
4994.357300	-120.822731
4995.030212	-120.545280
4995.703125	-120.119820
4996.376038	-120.614944
4997.048950	-120.587006
4997.721863	-119.860115
4998.394775	-119.412987
4999.067688	-120.066414
4999.740601	-120.235123
5000.413513	-121.369987
5001.086426	-120.955231
5001.759338	-120.215515
5002.432251	-119.570259
5003.105164	-119.697472
5003.778076	-119.900345
5004.450989	-119.609940
5005.123901	-119.675186
5005.796814	-119.100967
5006.469727	-119.164024
5007.142639	-119.895950
5007.815552	-121.115593
5008.488464	-120.726158
5009.161377	-120.443687
5009.834290	-119.331085
5010.507202	-119.148819
5011.180115	-120.229721
5011.853027	-120.284073
5012.525940	-121.060120
5013.198853	-120.563797
5013.871765	-120.265381
5014.544678	-120.020714
5015.217590	-120.384232
5015.890503	-120.396317
5016.563416	-120.578659
5017.236328	-120.986870
5017.909241	-120.484680
5018.582153	-119.848228
5019.255066	-119.517792
5019.927979	-119.958382
5020.600891	-119.353905
5021.273804	-119.432602
5021.946716	-120.229256
5022.619629	-119.807930
5023.292542	-119.952477
5023.965454	-120.582253
5024.638367	-120.693962
5025.311279	-121.291550
5025.984192	-120.574409
5026.657104	-121.698196
5027.330017	-121.826515
5028.002930	-119.960258
5028.675842	-120.451744
5029.348755	-120.507828
5030.021667	-121.729607
5030.694580	-121.176430
5031.367493	-120.409775
5032.040405	-120.542816
5032.713318	-121.330353
5033.386230	-120.360947
5034.059143	-120.299942
5034.732056	-120.881767
5035.404968	-121.362190
5036.077881	-119.977814
5036.750793	-118.880150
5037.423706	-119.779320
5038.096619	-120.317802
5038.769531	-119.799316
5039.442444	-119.774597
5040.115356	-120.288879
5040.788269	-119.761734
5041.461182	-119.077148
5042.134094	-118.907738
5042.807007	-119.089355
5043.479919	-119.860664
5044.152832	-120.967857
5044.825745	-120.680069
5045.498657	-119.977448
5046.171570	-119.767097
5046.844482	-119.751472
5047.517395	-120.231369
5048.190308	-120.768456
5048.863220	-120.597015
5049.536133	-120.885834
5050.209045	-120.099548
5050.881958	-120.451530
5051.554871	-121.040001
5052.227783	-120.496666
5052.900696	-120.678726
5053.573608	-120.251015
5054.246521	-119.468987
5054.919434	-120.520218
5055.592346	-120.766319
5056.265259	-120.482147
5056.938171	-120.332489
5057.611084	-120.659065
5058.283997	-119.174194
5058.956909	-119.193329
5059.629822	-119.601295
5060.302734	-119.494064
5060.975647	-119.007088
5061.648560	-119.456764
5062.321472	-119.611160
5062.994385	-120.175522
5063.667297	-121.278648
5064.340210	-120.487595
5065.013123	-119.189323
5065.686035	-119.560722
5066.358948	-120.757652
5067.031860	-120.514931
5067.704773	-120.597122
5068.377686	-120.431808
5069.050598	-119.856155
5069.723511	-120.138153
5070.396423	-120.422333
5071.069336	-120.114159
5071.742249	-120.529671
5072.415161	-120.618843
5073.088074	-120.527336
5073.760986	-119.079239
5074.433899	-119.659706
5075.106812	-121.161354
5075.779724	-120.520248
5076.452637	-120.043991
5077.125549	-120.070724
5077.798462	-119.896202
5078.471375	-121.045364
5079.144287	-121.508659
5079.817200	-119.756279
5080.490112	-119.510727
5081.163025	-119.736382
5081.835938	-120.403900
5082.508850	-119.890747
5083.181763	-119.859428
5083.854675	-121.370300
5084.527588	-121.280495
5085.200500	-120.762680
5085.873413	-120.711273
5086.546326	-120.047134
5087.219238	-120.188240
5087.892151	-119.784286
5088.565063	-120.178825
5089.237976	-120.444321
5089.910889	-120.957031
5090.583801	-121.469475
5091.256714	-120.760315
5091.929626	-121.087067
5092.602539	-121.468323
5093.275452	-121.164825
5093.948364	-120.016434
5094.621277	-120.597015
5095.294189	-120.038071
5095.967102	-120.547447
5096.640015	-120.990463
5097.312927	-121.257706
5097.985840	-121.619431
5098.658752	-121.173256
5099.331665	-120.340134
5100.004578	-119.943985
5100.677490	-120.698227
5101.350403	-120.190598
5102.023315	-120.003120
5102.696228	-119.545395
5103.369141	-120.481102
5104.042053	-120.742149
5104.714966	-119.867584
5105.387878	-120.374458
5106.060791	-119.902931
5106.733704	-119.650101
5107.406616	-119.868126
5108.079529	-120.251839
5108.752441	-119.996841
5109.425354	-120.709717
5110.098267	-119.754486
5110.771179	-119.292305
5111.444092	-118.550987
5112.117004	-118.799072
5112.789917	-119.877022
5113.462830	-120.862488
5114.135742	-121.314064
5114.808655	-121.153259
5115.481567	-120.647591
5116.154480	-120.207016
5116.827393	-120.147499
5117.500305	-120.123016
5118.173218	-120.557327
5118.846130	-121.465897
5119.519043	-121.889114
5120.191956	-121.368034
5120.864868	-121.122353
5121.537781	-120.932114
5122.210693	-121.134621
5122.883606	-121.529335
5123.556519	-120.827080
5124.229431	-119.789032
5124.902344	-119.799751
5125.575256	-120.180008
5126.248169	-120.252205
5126.921082	-120.454422
5127.593994	-120.152390
5128.266907	-120.688522
5128.939819	-121.463013
5129.612732	-120.873192
5130.285645	-121.288734
5130.958557	-120.450714
5131.631470	-120.996826
5132.304382	-120.271461
5132.977295	-120.392456
5133.650208	-119.641701
5134.323120	-119.688774
5134.996033	-120.102379
5135.668945	-120.518379
5136.341858	-120.138847
5137.014771	-119.657127
5137.687683	-119.964325
5138.360596	-120.323425
5139.033508	-119.772919
5139.706421	-120.337753
5140.379333	-121.557724
5141.052246	-121.031784
5141.725159	-120.188210
5142.398071	-119.910255
5143.070984	-119.555756
5143.743896	-120.268707
5144.416809	-120.707794
5145.089722	-120.376892
5145.762634	-120.614120
5146.435547	-121.016228
5147.108459	-120.942863
5147.781372	-121.447083
5148.454285	-120.236382
5149.127197	-120.415443
5149.800110	-121.154701
5150.473022	-121.519173
5151.145935	-121.559753
5151.818848	-121.264854
5152.491760	-120.583160
5153.164673	-119.570930
5153.837585	-120.295425
5154.510498	-120.473907
5155.183411	-119.764511
5155.856323	-120.412971
5156.529236	-120.953529
5157.202148	-120.548485
5157.875061	-121.193726
5158.547974	-120.878403
5159.220886	-120.522316
5159.893799	-121.110123
5160.566711	-120.770676
5161.239624	-119.249672
5161.912537	-119.619041
5162.585449	-120.640633
5163.258362	-120.907570
5163.931274	-120.782310
5164.604187	-120.014969
5165.277100	-120.244232
5165.950012	-120.773376
5166.622925	-120.293121
5167.295837	-120.182968
5167.968750	-121.414444
5168.641663	-120.841972
5169.314575	-119.909081
5169.987488	-119.955879
5170.660400	-119.695808
5171.333313	-119.097878
5172.006226	-119.238152
5172.679138	-119.332825
5173.352051	-119.912598
5174.024963	-121.182999
5174.697876	-120.263481
5175.370789	-119.787582
5176.043701	-120.140190
5176.716614	-120.663803
5177.389526	-120.862808
5178.062439	-120.851013
5178.735352	-120.037643
5179.408264	-119.661247
5180.081177	-120.043106
5180.754089	-120.078766
5181.427002	-119.779572
5182.099915	-120.251289
5182.772827	-120.448647
5183.445740	-119.908646
5184.118652	-120.073624
5184.791565	-121.360397
5185.464478	-121.231171
5186.137390	-120.498444
5186.810303	-119.865402
5187.483215	-119.688301
5188.156128	-120.005173
5188.829041	-119.364342
5189.501953	-120.181725
5190.174866	-120.253822
5190.847778	-120.292953
5191.520691	-121.296188
5192.193604	-120.918304
5192.866516	-121.138596
5193.539429	-120.247849
5194.212341	-119.445885
5194.885254	-119.909584
5195.558167	-119.609543
5196.231079	-119.570961
5196.903992	-119.461807
5197.576904	-120.164085
5198.249817	-120.090294
5198.922729	-119.849358
5199.595642	-119.505341
5200.268555	-119.995659
5200.941467	-120.033272
5201.614380	-121.074730
5202.287292	-120.847786
5202.960205	-121.085938
5203.633118	-121.336334
5204.306030	-120.229095
5204.978943	-119.821823
5205.651855	-120.150642
5206.324768	-120.886002
5206.997681	-120.372208
5207.670593	-121.729927
5208.343506	-121.837616
5209.016418	-120.448250
5209.689331	-119.545120
5210.362244	-119.980171
5211.035156	-120.347122
5211.708069	-120.428383
5212.380981	-120.356544
5213.053894	-119.526138
5213.726807	-118.787033
5214.399719	-119.514893
5215.072632	-120.373810
5215.745544	-119.704445
5216.418457	-119.501717
5217.091370	-120.956078
5217.764282	-120.912827
5218.437195	-120.336197
5219.110107	-120.949631
5219.783020	-120.901001
5220.455933	-119.797493
5221.128845	-119.075356
5221.801758	-119.661240
5222.474670	-120.839325
5223.147583	-120.229675
5223.820496	-120.416222
5224.493408	-120.408775
5225.166321	-119.967529
5225.839233	-121.444366
5226.512146	-120.476959
5227.185059	-120.144646
5227.857971	-119.467018
5228.530884	-119.504494
5229.203796	-120.413910
5229.876709	-120.754166
5230.549622	-120.442337
5231.222534	-121.324806
5231.895447	-120.528114
5232.568359	-119.858032
5233.241272	-120.319733
5233.914185	-120.407211
5234.587097	-120.478317
5235.260010	-121.076012
5235.932922	-119.359367
5236.605835	-119.472870
5237.278748	-120.090469
5237.951660	-119.543617
5238.624573	-120.810028
5239.297485	-120.597893
5239.970398	-119.726929
5240.643311	-119.072105
5241.316223	-119.172935
5241.989136	-120.001091
5242.662048	-119.514664
5243.334961	-120.336998
5244.007874	-120.666496
5244.680786	-120.482704
5245.353699	-119.727592
5246.026611	-119.919838
5246.699524	-120.106262
5247.372437	-120.845345
5248.045349	-120.840477
5248.718262	-120.216019
5249.391174	-120.101151
5250.064087	-120.397652
5250.737000	-120.338646
5251.409912	-120.751068
5252.082825	-119.481247
5252.755737	-119.559883
5253.428650	-120.246437
5254.101562	-120.024055
5254.774475	-121.001976
5255.447388	-119.936989
5256.120300	-119.525780
5256.793213	-121.333305
5257.466125	-120.988495
5258.139038	-120.936653
5258.811951	-121.348343
5259.484863	-120.177994
5260.157776	-120.824158
5260.830688	-120.692802
5261.503601	-120.388725
5262.176514	-120.644745
5262.849426	-121.499763
5263.522339	-120.312790
5264.195251	-120.595955
5264.868164	-120.247208
5265.541077	-120.433601
5266.213989	-120.815285
5266.886902	-120.548195
5267.559814	-119.961723
5268.232727	-119.489639
5268.905640	-119.228157
5269.578552	-119.825310
5270.251465	-119.876976
5270.924377	-120.833221
5271.597290	-121.075340
5272.270203	-121.213699
5272.943115	-121.439980
5273.616028	-121.096771
5274.288940	-121.315262
5274.961853	-120.025101
5275.634766	-119.318756
5276.307678	-120.370956
5276.980591	-120.008759
5277.653503	-119.842140
5278.326416	-119.845924
5278.999329	-119.913643
5279.672241	-120.008232
5280.345154	-119.687103
5281.018066	-119.683655
5281.690979	-120.249184
5282.363892	-120.403297
5283.036804	-120.323624
5283.709717	-120.423073
5284.382629	-120.205360
5285.055542	-121.020996
5285.728455	-119.973381
5286.401367	-120.781464
5287.074280	-120.671791
5287.747192	-120.092293
5288.420105	-119.770790
5289.093018	-119.795662
5289.765930	-120.576492
5290.438843	-120.122765
5291.111755	-119.707550
5291.784668	-119.371696
5292.457581	-120.530457
5293.130493	-120.666107
5293.803406	-121.400055
5294.476318	-122.141586
5295.149231	-121.722115
5295.822144	-120.851303
5296.495056	-119.798485
5297.167969	-119.794495
5297.840881	-119.996872
5298.513794	-120.212303
5299.186707	-120.763443
5299.859619	-120.723831
5300.532532	-120.633156
5301.205444	-119.777573
5301.878357	-120.430893
5302.551270	-120.828430
5303.224182	-120.513870
5303.897095	-119.777634
5304.570007	-119.939827
5305.242920	-119.939445
5305.915833	-121.027992
5306.588745	-121.611893
5307.261658	-120.920593
5307.934570	-120.895996
5308.607483	-121.109840
5309.280396	-120.862785
5309.953308	-120.090889
5310.626221	-120.201012
5311.299133	-120.327499
5311.972046	-120.540779
5312.644958	-119.716492
5313.317871	-120.102791
5313.990784	-120.429192
5314.663696	-120.587036
5315.336609	-120.710121
5316.009521	-120.590416
5316.682434	-121.339134
5317.355347	-119.683571
5318.028259	-119.769547
5318.701172	-120.106544
5319.374084	-119.928795
5320.046997	-120.952904
5320.719910	-120.942871
5321.392822	-120.582283
5322.065735	-119.801392
5322.738647	-119.810493
5323.411560	-121.062439
5324.084473	-120.737808
5324.757385	-120.499428
5325.430298	-120.401482
5326.103210	-120.640060
5326.776123	-120.995911
5327.449036	-120.018005
5328.121948	-119.623573
5328.794861	-120.931236
5329.467773	-120.928612
5330.140686	-119.415047
5330.813599	-119.864746
5331.486511	-120.143326
5332.159424	-119.758972
5332.832336	-120.028038
5333.505249	-120.830353
5334.178162	-120.999481
5334.851074	-119.804710
5335.523987	-119.144997
5336.196899	-119.437332
5336.869812	-119.646286
5337.542725	-120.173553
5338.215637	-121.094582
5338.888550	-121.202492
5339.561462	-120.691360
5340.234375	-120.475906
5340.907288	-119.895760
5341.580200	-120.134537
5342.253113	-120.990860
5342.926025	-120.299667
5343.598938	-119.799583
5344.271851	-119.006844
5344.944763	-119.499290
5345.617676	-120.437065
5346.290588	-119.536560
5346.963501	-119.977783
5347.636414	-120.906044
5348.309326	-120.581444
5348.982239	-120.455307
5349.655151	-119.316284
5350.328064	-119.468559
5351.000977	-120.626747
5351.673889	-120.415207
5352.346802	-121.600853
5353.019714	-119.931717
5353.692627	-119.292061
5354.365540	-119.258041
5355.038452	-121.105682
5355.711365	-119.865303
5356.384277	-120.015511
5357.057190	-120.133194
5357.730103	-120.342827
5358.403015	-119.750870
5359.075928	-119.096992
5359.748840	-120.321640
5360.421753	-120.581985
5361.094666	-120.206825
5361.767578	-120.030838
5362.440491	-119.924728
5363.113403	-120.749290
5363.786316	-119.065720
5364.459229	-119.124611
5365.132141	-119.706955
5365.805054	-120.270721
5366.477966	-120.650246
5367.150879	-120.029869
5367.823792	-120.608559
5368.496704	-120.472237
5369.169617	-120.175240
5369.842529	-119.884079
5370.515442	-120.040672
5371.188354	-120.441910
5371.861267	-120.482307
5372.534180	-120.874199
5373.207092	-119.696671
5373.880005	-120.870361
5374.552917	-120.613762
5375.225830	-119.697166
5375.898743	-120.390450
5376.571655	-120.291504
5377.244568	-120.299057
5377.917480	-121.121475
5378.590393	-120.872620
5379.263306	-120.340065
5379.936218	-120.469498
5380.609131	-121.169510
5381.282043	-121.897751
5381.954956	-121.694878
5382.627869	-120.930161
5383.300781	-120.758507
5383.973694	-121.190224
5384.646606	-120.478996
5385.319519	-120.319374
5385.992432	-120.737068
5386.665344	-120.241913
5387.338257	-120.345795
5388.011169	-120.918846
5388.684082	-120.972168
5389.356995	-120.012932
5390.029907	-120.329681
5390.702820	-121.090775
5391.375732	-121.081627
5392.048645	-120.084282
5392.721558	-120.060066
5393.394470	-121.140076
5394.067383	-120.180077
5394.740295	-119.764236
5395.413208	-120.345459
5396.086121	-120.702988
5396.759033	-120.559792
5397.431946	-120.303635
5398.104858	-119.986008
5398.777771	-120.601410
5399.450684	-121.163902
5400.123596	-119.619774
5400.796509	-118.648918
5401.469421	-120.507698
5402.142334	-121.770546
5402.815247	-121.079796
5403.488159	-120.504311
5404.161072	-119.653214
5404.833984	-119.873947
5405.506897	-120.464844
5406.179810	-120.705208
5406.852722	-121.616943
5407.525635	-119.406197
5408.198547	-119.093399
5408.871460	-120.202271
5409.544373	-120.112541
5410.217285	-120.234238
5410.890198	-120.578011
5411.563110	-120.269417
5412.236023	-120.695572
5412.908936	-120.351448
5413.581848	-120.622551
5414.254761	-120.748764
5414.927673	-120.133484
5415.600586	-119.812202
5416.273499	-120.751732
5416.946411	-120.672653
5417.619324	-120.415886
5418.292236	-120.808403
5418.965149	-119.845993
5419.638062	-120.861687
5420.310974	-121.099678
5420.983887	-120.138374
5421.656799	-119.871147
5422.329712	-120.832550
5423.002625	-120.496971
5423.675537	-120.466911
5424.348450	-120.708115
5425.021362	-120.890785
5425.694275	-120.021179
5426.367188	-120.408798
5427.040100	-120.831596
5427.713013	-120.283287
5428.385925	-119.876007
5429.058838	-120.244209
5429.731750	-120.328621
5430.404663	-120.168457
5431.077576	-119.478325
5431.750488	-119.819214
5432.423401	-119.637695
5433.096313	-119.651321
5433.769226	-120.727127
5434.442139	-121.455986
5435.115051	-120.415649
5435.787964	-120.360138
5436.460876	-120.253204
5437.133789	-121.001472
5437.806702	-121.156952
5438.479614	-120.040405
5439.152527	-119.882393
5439.825439	-119.630569
5440.498352	-119.984177
5441.171265	-121.065323
5441.844177	-121.831276
5442.517090	-121.149200
5443.190002	-120.144669
5443.862915	-119.520645
5444.535828	-120.013702
5445.208740	-120.887367
5445.881653	-119.438713
5446.554565	-120.357918
5447.227478	-120.962585
5447.900391	-121.605118
5448.573303	-120.551430
5449.246216	-120.051628
5449.919128	-120.083275
5450.592041	-120.093811
5451.264954	-120.815727
5451.937866	-120.430359
5452.610779	-120.021767
5453.283691	-120.301598
5453.956604	-120.558754
5454.629517	-119.033295
5455.302429	-120.153648
5455.975342	-120.294510
5456.648254	-120.294594
5457.321167	-120.502899
5457.994080	-120.190102
5458.666992	-120.157082
5459.339905	-119.636810
5460.012817	-120.511765
5460.685730	-120.458397
5461.358643	-120.756424
5462.031555	-120.458763
5462.704468	-119.907356
5463.377380	-120.129875
5464.050293	-121.401405
5464.723206	-122.019951
5465.396118	-121.321930
5466.069031	-119.730232
5466.741943	-120.069221
5467.414856	-120.528679
5468.087769	-119.087105
5468.760681	-119.533768
5469.433594	-120.722420
5470.106506	-121.451851
5470.779419	-121.530136
5471.452332	-120.081009
5472.125244	-119.177704
5472.798157	-119.498039
5473.471069	-119.759750
5474.143982	-119.549553
5474.816895	-120.492508
5475.489807	-119.844788
5476.162720	-120.093521
5476.835632	-120.276016
5477.508545	-119.645294
5478.181458	-119.900429
5478.854370	-119.957138
5479.527283	-119.309456
5480.200195	-119.936714
5480.873108	-119.879501
5481.546021	-120.206551
5482.218933	-119.200882
5482.891846	-119.254608
5483.564758	-119.826202
5484.237671	-120.234398
5484.910583	-121.101257
5485.583496	-120.917892
5486.256409	-120.105667
5486.929321	-119.689224
5487.602234	-120.414787
5488.275146	-122.110786
5488.948059	-121.060349
5489.620972	-119.713608
5490.293884	-119.893478
5490.966797	-119.678902
5491.639709	-119.701546
5492.312622	-120.068260
5492.985535	-120.190636
5493.658447	-119.840996
5494.331360	-119.929161
5495.004272	-120.245140
5495.677185	-120.591774
5496.350098	-119.865822
5497.023010	-120.810852
5497.695923	-121.947311
5498.368835	-121.111931
5499.041748	-120.976166
5499.714661	-120.009903
5500.387573	-119.106125
5501.060486	-119.375801
5501.733398	-121.404633
5502.406311	-121.531624
5503.079224	-121.001999
5503.752136	-121.174438
5504.425049	-119.994461
5505.097961	-119.816780
5505.770874	-121.867981
5506.443787	-120.955948
5507.116699	-119.890701
5507.789612	-119.935066
5508.462524	-120.005539
5509.135437	-119.896843
5509.808350	-120.384300
5510.481262	-120.970154
5511.154175	-120.484184
5511.827087	-119.590393
5512.500000	-119.996521
5513.172913	-120.561630
5513.845825	-119.953018
5514.518738	-119.914314
5515.191650	-119.909767
5515.864563	-120.690125
5516.537476	-119.996559
5517.210388	-120.215614
5517.883301	-120.825333
5518.556213	-120.771629
5519.229126	-121.076775
5519.902039	-120.382881
5520.574951	-119.596642
5521.247864	-119.651276
5521.920776	-120.733932
5522.593689	-120.425385
5523.266602	-120.767715
5523.939514	-120.245651
5524.612427	-120.402893
5525.285339	-120.548615
5525.958252	-119.794067
5526.631165	-120.435188
5527.304077	-121.077950
5527.976990	-120.621246
5528.649902	-120.448875
5529.322815	-120.546196
5529.995728	-119.481659
5530.668640	-119.353775
5531.341553	-120.816650
5532.014465	-119.416489
5532.687378	-120.143661
5533.360291	-119.942871
5534.033203	-119.257225
5534.706116	-118.857048
5535.379028	-119.589172
5536.051941	-119.980530
5536.724854	-119.848434
5537.397766	-119.140167
5538.070679	-119.487640
5538.743591	-119.808792
5539.416504	-120.231171
5540.089417	-119.928635
5540.762329	-120.007469
5541.435242	-121.056763
5542.108154	-121.039505
5542.781067	-120.231659
5543.453979	-118.623596
5544.126892	-119.061989
5544.799805	-121.033875
5545.472717	-121.231094
5546.145630	-120.760826
5546.818542	-120.832565
5547.491455	-120.813568
5548.164368	-120.658684
5548.837280	-120.266762
5549.510193	-121.008606
5550.183105	-120.392975
5550.856018	-120.247986
5551.528931	-120.842308
5552.201843	-120.165291
5552.874756	-119.528976
5553.547668	-119.832581
5554.220581	-119.640465
5554.893494	-119.583618
5555.566406	-119.276733
5556.239319	-120.123192
5556.912231	-120.825722
5557.585144	-121.014343
5558.258057	-120.364952
5558.930969	-119.980171
5559.603882	-120.879730
5560.276794	-120.138031
5560.949707	-121.179131
5561.622620	-120.100388
5562.295532	-119.786659
5562.968445	-119.701782
5563.641357	-119.368851
5564.314270	-120.236610
5564.987183	-120.093857
5565.660095	-120.035217
5566.333008	-120.498161
5567.005920	-120.532600
5567.678833	-119.755943
5568.351746	-119.108902
5569.024658	-120.539871
5569.697571	-120.039864
5570.370483	-119.994919
5571.043396	-120.985626
5571.716309	-120.459061
5572.389221	-120.462311
5573.062134	-120.840416
5573.735046	-119.935547
5574.407959	-120.351585
5575.080872	-121.394485
5575.753784	-119.992767
5576.426697	-119.678108
5577.099609	-120.344322
5577.772522	-120.095551
5578.445435	-119.217392
5579.118347	-119.720009
5579.791260	-120.204460
5580.464172	-119.914871
5581.137085	-120.959038
5581.809998	-122.336693
5582.482910	-120.411713
5583.155823	-121.145119
5583.828735	-120.471420
5584.501648	-119.938370
5585.174561	-120.070747
5585.847473	-119.602249
5586.520386	-119.956490
5587.193298	-120.732536
5587.866211	-120.593849
5588.539124	-120.860138
5589.212036	-121.309982
5589.884949	-120.934547
5590.557861	-120.441284
5591.230774	-120.668571
5591.903687	-120.146225
5592.576599	-120.375916
5593.249512	-120.723305
5593.922424	-120.063568
5594.595337	-119.596024
5595.268250	-120.113953
5595.941162	-120.281799
5596.614075	-119.694519
5597.286987	-120.656830
5597.959900	-120.104507
5598.632812	-119.374153
5599.305725	-120.014359
5599.978638	-119.487816
5600.651550	-118.900703
5601.324463	-119.481445
5601.997375	-121.137100
5602.670288	-120.384605
5603.343201	-120.197716
5604.016113	-120.746864
5604.689026	-121.007446
5605.361938	-120.331894
5606.034851	-120.225128
5606.707764	-119.698242
5607.380676	-118.944298
5608.053589	-119.207123
5608.726501	-119.669632
5609.399414	-119.793129
5610.072327	-119.648521
5610.745239	-119.499191
5611.418152	-119.925018
5612.091064	-120.303978
5612.763977	-120.260132
5613.436890	-120.641602
5614.109802	-120.755661
5614.782715	-120.988815
5615.455627	-121.458244
5616.128540	-121.504608
5616.801453	-120.801575
5617.474365	-119.633110
5618.147278	-120.519684
5618.820190	-120.227196
5619.493103	-119.471703
5620.166016	-120.478012
5620.838928	-119.961212
5621.511841	-119.622917
5622.184753	-120.280769
5622.857666	-120.886147
5623.530579	-121.701286
5624.203491	-120.620842
5624.876404	-119.725136
5625.549316	-119.951309
5626.222229	-119.958076
5626.895142	-119.711258
5627.568054	-120.309433
5628.240967	-120.741165
5628.913879	-119.944603
5629.586792	-120.586082
5630.259705	-120.625031
5630.932617	-120.690826
5631.605530	-119.571358
5632.278442	-119.881889
5632.951355	-119.590408
5633.624268	-120.073502
5634.297180	-120.618889
5634.970093	-120.278267
5635.643005	-120.059631
5636.315918	-120.294876
5636.988831	-120.178291
5637.661743	-121.261063
5638.334656	-121.612755
5639.007568	-120.835037
5639.680481	-120.713470
5640.353394	-120.727478
5641.026306	-120.632263
5641.699219	-120.426674
5642.372131	-120.915825
5643.045044	-121.539146
5643.717957	-121.366791
5644.390869	-120.438820
5645.063782	-119.802353
5645.736694	-119.363441
5646.409607	-119.561584
5647.082520	-119.839783
5647.755432	-119.831261
5648.428345	-120.410553
5649.101257	-120.889366
5649.774170	-120.475716
5650.447083	-120.624580
5651.119995	-119.785934
5651.792908	-120.315865
5652.465820	-120.712547
5653.138733	-120.255554
5653.811646	-120.557648
5654.484558	-119.671295
5655.157471	-119.977509
5655.830383	-119.441635
5656.503296	-119.859253
5657.176208	-119.609741
5657.849121	-119.614487
5658.522034	-120.178421
5659.194946	-120.994537
5659.867859	-121.650467
5660.540771	-120.916725
5661.213684	-120.609497
5661.886597	-121.159050
5662.559509	-120.338364
5663.232422	-119.805496
5663.905334	-119.115189
5664.578247	-119.921089
5665.251160	-120.474670
5665.924072	-119.854469
5666.596985	-120.434021
5667.269897	-120.762009
5667.942810	-120.914978
5668.615723	-121.128616
5669.288635	-120.692978
5669.961548	-119.979073
5670.634460	-119.610352
5671.307373	-120.632980
5671.980286	-121.340149
5672.653198	-121.211876
5673.326111	-120.475861
5673.999023	-121.210686
5674.671936	-120.255272
5675.344849	-120.404221
5676.017761	-120.774780
5676.690674	-121.121086
5677.363586	-120.627388
5678.036499	-120.170082
5678.709412	-121.206314
5679.382324	-120.302139
5680.055237	-120.432693
5680.728149	-120.396263
5681.401062	-119.988167
5682.073975	-120.859970
5682.746887	-120.440720
5683.419800	-119.995987
5684.092712	-119.078049
5684.765625	-119.258904
5685.438538	-119.519081
5686.111450	-119.849792
5686.784363	-119.747902
5687.457275	-120.076103
5688.130188	-120.517097
5688.803101	-119.875763
5689.476013	-119.698524
5690.148926	-120.500603
5690.821838	-120.613205
5691.494751	-120.322693
5692.167664	-120.709061
5692.840576	-121.175331
5693.513489	-120.577850
5694.186401	-119.767990
5694.859314	-120.866440
5695.532227	-120.364517
5696.205139	-119.797279
5696.878052	-120.346008
5697.550964	-120.726540
5698.223877	-120.499931
5698.896790	-121.217995
5699.569702	-120.759346
5700.242615	-120.467659
5700.915527	-120.008675
5701.588440	-119.492584
5702.261353	-120.595726
5702.934265	-120.282272
5703.607178	-120.674690
5704.280090	-120.763878
5704.953003	-120.129730
5705.625916	-119.798439
5706.298828	-119.339874
5706.971741	-119.750565
5707.644653	-120.767830
5708.317566	-120.525253
5708.990479	-121.233086
5709.663391	-121.471375
5710.336304	-120.510384
5711.009216	-119.991211
5711.682129	-120.342613
5712.355042	-120.383896
5713.027954	-120.958542
5713.700867	-120.792465
5714.373779	-120.588623
5715.046692	-120.445610
5715.719604	-120.241051
5716.392517	-120.324944
5717.065430	-120.636620
5717.738342	-120.321472
5718.411255	-120.222099
5719.084167	-119.427361
5719.757080	-119.442322
5720.429993	-120.328430
5721.102905	-120.114372
5721.775818	-119.991188
5722.448730	-119.963760
5723.121643	-120.705650
5723.794556	-120.924911
5724.467468	-120.161308
5725.140381	-120.984901
5725.813293	-120.630615
5726.486206	-120.177788
5727.159119	-119.485588
5727.832031	-119.792023
5728.504944	-120.949791
5729.177856	-120.776596
5729.850769	-120.814743
5730.523682	-120.967293
5731.196594	-121.439552
5731.869507	-120.439209
5732.542419	-120.313194
5733.215332	-120.383202
5733.888245	-120.353249
5734.561157	-121.100410
5735.234070	-121.611717
5735.906982	-120.649124
5736.579895	-120.737747
5737.252808	-120.699127
5737.925720	-120.682762
5738.598633	-120.970772
5739.271545	-120.633362
5739.944458	-119.882042
5740.617371	-119.438400
5741.290283	-120.763359
5741.963196	-119.440422
5742.636108	-118.876015
5743.309021	-120.532921
5743.981934	-120.945869
5744.654846	-118.662140
5745.327759	-118.696800
5746.000671	-120.034752
5746.673584	-120.754196
5747.346497	-120.236969
5748.019409	-119.798874
5748.692322	-119.359909
5749.365234	-120.078697
5750.038147	-120.234726
5750.711060	-119.632439
5751.383972	-119.840370
5752.056885	-120.568253
5752.729797	-119.643272
5753.402710	-119.608887
5754.075623	-121.033157
5754.748535	-123.200905
5755.421448	-121.254494
5756.094360	-119.879585
5756.767273	-120.171944
5757.440186	-120.192535
5758.113098	-120.071899
5758.786011	-119.510506
5759.458923	-120.322334
5760.131836	-120.378624
5760.804749	-120.007309
5761.477661	-120.257736
5762.150574	-121.045944
5762.823486	-120.616318
5763.496399	-120.545601
5764.169312	-120.482544
5764.842224	-119.965309
5765.515137	-120.799423
5766.188049	-121.055672
5766.860962	-120.503052
5767.533875	-120.898132
5768.206787	-120.668068
5768.879700	-119.394211
5769.552612	-119.248550
5770.225525	-119.869095
5770.898438	-119.640564
5771.571350	-120.500458
5772.244263	-120.004036
5772.917175	-119.757881
5773.590088	-120.775543
5774.263000	-120.563133
5774.935913	-120.710754
5775.608826	-121.604622
5776.281738	-120.905693
5776.954651	-120.397934
5777.627563	-121.511948
5778.300476	-121.606712
5778.973389	-120.562881
5779.646301	-120.810982
5780.319214	-120.998291
5780.992126	-119.463692
5781.665039	-119.055084
5782.337952	-119.560898
5783.010864	-119.718857
5783.683777	-119.915382
5784.356689	-120.445000
5785.029602	-120.916161
5785.702515	-120.956429
5786.375427	-120.988632
5787.048340	-120.439629
5787.721252	-120.131920
5788.394165	-120.524185
5789.067078	-120.563530
5789.739990	-119.933701
5790.412903	-119.964729
5791.085815	-120.246742
5791.758728	-120.108437
5792.431641	-120.471268
5793.104553	-120.365051
5793.777466	-120.736206
5794.450378	-121.683228
5795.123291	-120.782982
5795.796204	-120.685188
5796.469116	-119.547844
5797.142029	-119.656670
5797.814941	-120.379333
5798.487854	-120.072372
5799.160767	-120.518440
5799.833679	-120.679634
5800.506592	-120.147438
5801.179504	-119.909348
5801.852417	-120.201332
5802.525330	-121.618973
5803.198242	-120.018135
5803.871155	-119.765732
5804.544067	-119.834877
5805.216980	-120.187447
5805.889893	-120.426041
5806.562805	-121.276085
5807.235718	-121.449875
5807.908630	-121.369019
5808.581543	-120.846519
5809.254456	-120.786476
5809.927368	-120.548393
5810.600281	-121.073380
5811.273193	-119.875336
5811.946106	-119.530884
5812.619019	-120.101418
5813.291931	-120.707542
5813.964844	-120.163399
5814.637756	-119.585548
5815.310669	-119.994324
5815.983582	-121.689888
5816.656494	-121.175858
5817.329407	-119.933014
5818.002319	-119.335976
5818.675232	-120.047333
5819.348145	-120.222694
5820.021057	-119.388428
5820.693970	-119.190208
5821.366882	-119.921692
5822.039795	-121.454987
5822.712708	-121.245262
5823.385620	-121.258308
5824.058533	-120.149178
5824.731445	-120.445168
5825.404358	-121.199852
5826.077271	-120.354767
5826.750183	-120.561218
5827.423096	-120.288757
5828.096008	-119.871620
5828.768921	-119.196823
5829.441833	-120.074211
5830.114746	-119.389977
5830.787659	-119.103264
5831.460571	-120.937737
5832.133484	-119.516678
5832.806396	-119.996986
5833.479309	-121.103302
5834.152222	-121.234329
5834.825134	-120.715965
5835.498047	-121.153107
5836.170959	-121.339233
5836.843872	-121.584236
5837.516785	-120.450066
5838.189697	-120.286728
5838.862610	-120.461891
5839.535522	-120.314735
5840.208435	-121.285194
5840.881348	-120.606102
5841.554260	-120.210655
5842.227173	-119.617256
5842.900085	-120.414429
5843.572998	-121.159874
5844.245911	-120.319344
5844.918823	-120.740524
5845.591736	-119.754448
5846.264648	-120.202690
5846.937561	-119.805435
5847.610474	-119.699936
5848.283386	-120.825600
5848.956299	-120.986115
5849.629211	-120.199013
5850.302124	-120.169815
5850.975037	-120.086090
5851.647949	-120.068565
5852.320862	-120.155716
5852.993774	-119.575752
5853.666687	-120.454308
5854.339600	-120.546547
5855.012512	-119.961411
5855.685425	-120.512161
5856.358337	-121.160332
5857.031250	-120.745888
5857.704163	-120.165573
5858.377075	-120.394707
5859.049988	-120.238663
5859.722900	-120.856949
5860.395813	-121.142426
5861.068726	-119.289917
5861.741638	-119.209534
5862.414551	-121.137985
5863.087463	-120.636139
5863.760376	-119.789551
5864.433289	-120.196358
5865.106201	-120.748497
5865.779114	-121.412834
5866.452026	-121.054993
5867.124939	-120.803818
5867.797852	-120.018417
5868.470764	-119.826492
5869.143677	-120.385574
5869.816589	-120.854492
5870.489502	-120.721970
5871.162415	-120.325630
5871.835327	-120.580704
5872.508240	-120.783203
5873.181152	-119.803085
5873.854065	-118.981316
5874.526978	-119.759315
5875.199890	-120.659721
5875.872803	-121.672028
5876.545715	-119.838387
5877.218628	-120.511871
5877.891541	-120.587173
5878.564453	-120.256355
5879.237366	-120.891518
5879.910278	-121.254822
5880.583191	-120.188347
5881.256104	-119.831573
5881.929016	-121.092308
5882.601929	-121.392799
5883.274841	-120.979408
5883.947754	-121.024574
5884.620667	-120.512856
5885.293579	-120.294235
5885.966492	-120.684677
5886.639404	-119.885117
5887.312317	-120.061852
5887.985229	-119.940331
5888.658142	-120.165009
5889.331055	-120.328880
5890.003967	-120.388931
5890.676880	-120.487083
5891.349792	-119.831566
5892.022705	-120.642288
5892.695618	-120.713478
5893.368530	-120.257576
5894.041443	-120.409889
5894.714355	-120.394112
5895.387268	-119.826981
5896.060181	-120.416199
5896.733093	-119.755043
5897.406006	-119.524269
5898.078918	-121.308426
5898.751831	-120.168159
5899.424744	-120.205795
5900.097656	-120.591698
5900.770569	-120.925331
5901.443481	-119.691063
5902.116394	-119.446472
5902.789307	-120.353165
5903.462219	-120.363960
5904.135132	-119.481514
5904.808044	-120.094673
5905.480957	-120.221992
5906.153870	-120.065605
5906.826782	-121.155815
5907.499695	-120.934990
5908.172607	-119.180138
5908.845520	-119.841171
5909.518433	-120.814606
5910.191345	-121.002983
5910.864258	-120.359245
5911.537170	-120.468559
5912.210083	-120.001556
5912.882996	-120.051125
5913.555908	-119.803398
5914.228821	-119.864319
5914.901733	-120.112068
5915.574646	-120.513199
5916.247559	-119.140022
5916.920471	-119.856438
5917.593384	-120.446144
5918.266296	-120.931282
5918.939209	-120.672981
5919.612122	-120.390610
5920.285034	-121.036057
5920.957947	-121.648270
5921.630859	-121.223785
5922.303772	-120.312340
5922.976685	-121.668625
5923.649597	-120.403458
5924.322510	-119.447884
5924.995422	-120.565025
5925.668335	-120.918663
5926.341248	-121.456673
5927.014160	-120.819328
5927.687073	-119.947289
5928.359985	-120.416077
5929.032898	-120.477554
5929.705811	-120.775810
5930.378723	-121.104622
5931.051636	-120.551918
5931.724548	-119.684929
5932.397461	-119.861137
5933.070374	-119.780495
5933.743286	-120.644722
5934.416199	-120.864563
5935.089111	-120.837234
5935.762024	-120.424515
5936.434937	-119.754044
5937.107849	-121.483818
5937.780762	-121.123024
5938.453674	-121.370796
5939.126587	-120.818451
5939.799500	-119.965523
5940.472412	-120.046066
5941.145325	-121.062698
5941.818237	-121.236191
5942.491150	-121.062462
5943.164062	-120.242821
5943.836975	-120.603958
5944.509888	-121.420929
5945.182800	-122.061905
5945.855713	-120.263588
5946.528625	-119.489624
5947.201538	-120.198196
5947.874451	-120.200302
5948.547363	-120.592819
5949.220276	-120.859001
5949.893188	-119.503044
5950.566101	-120.380577
5951.239014	-120.447083
5951.911926	-119.527893
5952.584839	-119.917015
5953.257751	-120.481758
5953.930664	-120.574715
5954.603577	-120.617393
5955.276489	-120.581795
5955.949402	-119.666000
5956.622314	-120.263237
5957.295227	-121.246292
5957.968140	-121.300301
5958.641052	-121.277786
5959.313965	-121.608826
5959.986877	-120.375381
5960.659790	-119.618958
5961.332703	-119.961914
5962.005615	-120.855507
5962.678528	-121.097664
5963.351440	-120.432343
5964.024353	-120.657516
5964.697266	-120.668762
5965.370178	-119.203629
5966.043091	-120.034447
5966.716003	-120.759979
5967.388916	-121.061935
5968.061829	-120.642014
5968.734741	-120.662102
5969.407654	-120.371613
5970.080566	-119.674301
5970.753479	-119.635002
5971.426392	-119.703186
5972.099304	-120.828262
5972.772217	-120.640251
5973.445129	-119.837021
5974.118042	-119.869217
5974.790955	-121.076637
5975.463867	-120.689873
5976.136780	-121.081841
5976.809692	-121.593445
5977.482605	-121.522202
5978.155518	-120.865723
5978.828430	-120.662628
5979.501343	-120.394196
5980.174255	-120.055130
5980.847168	-120.314644
5981.520081	-119.747589
5982.192993	-119.344414
5982.865906	-120.134636
5983.538818	-120.377884
5984.211731	-119.478218
5984.884644	-119.611984
5985.557556	-121.842072
5986.230469	-121.662857
5986.903381	-120.512970
5987.576294	-119.854721
5988.249207	-119.055466
5988.922119	-119.002449
5989.595032	-119.631714
5990.267944	-120.112694
5990.940857	-119.653343
5991.613770	-121.205353
5992.286682	-119.754280
5992.959595	-119.600777
5993.632507	-120.605621
5994.305420	-120.006149
5994.978333	-119.707893
5995.651245	-120.517464
5996.324158	-121.218147
5996.997070	-120.259109
5997.669983	-119.886505
5998.342896	-118.622719
5999.015808	-119.009949
5999.688721	-120.368713
6000.361633	-120.630890
6001.034546	-120.167534
6001.707458	-120.150482
6002.380371	-119.890915
6003.053284	-120.054192
6003.726196	-120.629013
6004.399109	-120.363091
6005.072021	-120.207619
6005.744934	-120.191299
6006.417847	-119.513550
6007.090759	-119.923279
6007.763672	-119.636665
6008.436584	-119.400131
6009.109497	-120.793327
6009.782410	-121.007172
6010.455322	-120.470093
6011.128235	-119.716019
6011.801147	-118.858101
6012.474060	-119.304466
6013.146973	-119.461594
6013.819885	-120.209976
6014.492798	-121.053276
6015.165710	-120.518211
6015.838623	-120.181129
6016.511536	-119.816956
6017.184448	-119.410110
6017.857361	-120.141785
6018.530273	-121.470039
6019.203186	-121.025063
6019.876099	-120.936668
6020.549011	-120.252304
6021.221924	-119.732338
6021.894836	-121.256577
6022.567749	-120.917114
6023.240662	-119.713623
6023.913574	-119.024658
6024.586487	-119.671761
6025.259399	-120.705452
6025.932312	-121.244881
6026.605225	-120.917137
6027.278137	-120.459457
6027.951050	-119.421677
6028.623962	-119.531815
6029.296875	-119.664330
6029.969788	-120.037170
6030.642700	-120.824402
6031.315613	-121.526421
6031.988525	-121.374603
6032.661438	-121.034706
6033.334351	-120.301147
6034.007263	-120.028976
6034.680176	-120.674927
6035.353088	-119.657959
6036.026001	-119.388351
6036.698914	-119.587318
6037.371826	-119.825653
6038.044739	-119.787300
6038.717651	-119.922577
6039.390564	-120.554131
6040.063477	-120.786102
6040.736389	-120.380264
6041.409302	-120.262627
6042.082214	-120.130852
6042.755127	-119.944481
6043.428040	-120.128479
6044.100952	-120.238129
6044.773865	-120.425110
6045.446777	-120.817596
6046.119690	-120.400688
6046.792603	-120.789841
6047.465515	-120.817307
6048.138428	-119.879723
6048.811340	-119.652542
6049.484253	-119.202019
6050.157166	-119.198326
6050.830078	-119.454483
6051.502991	-120.066933
6052.175903	-119.702087
6052.848816	-119.635414
6053.521729	-120.929260
6054.194641	-121.128670
6054.867554	-120.613716
6055.540466	-119.967354
6056.213379	-119.936951
6056.886292	-120.295357
6057.559204	-120.267929
6058.232117	-120.571327
6058.905029	-120.288521
6059.577942	-119.724022
6060.250854	-119.411476
6060.923767	-120.568329
6061.596680	-121.619942
6062.269592	-121.251961
6062.942505	-121.802917
6063.615417	-122.059288
6064.288330	-120.751457
6064.961243	-120.799889
6065.634155	-120.479858
6066.307068	-120.231773
6066.979980	-119.927193
6067.652893	-120.030243
6068.325806	-119.100975
6068.998718	-120.769096
6069.671631	-120.590408
6070.344543	-119.962006
6071.017456	-120.244308
6071.690369	-120.211700
6072.363281	-121.205467
6073.036194	-121.339027
6073.709106	-120.785065
6074.382019	-120.133148
6075.054932	-120.019539
6075.727844	-119.725800
6076.400757	-119.714111
6077.073669	-119.735939
6077.746582	-120.452858
6078.419495	-121.186089
6079.092407	-119.992241
6079.765320	-119.477440
6080.438232	-120.296577
6081.111145	-120.360916
6081.784058	-120.650154
6082.456970	-120.105392
6083.129883	-119.731796
6083.802795	-120.031441
6084.475708	-120.382385
6085.148621	-120.851067
6085.821533	-121.638359
6086.494446	-120.783859
6087.167358	-120.014877
6087.840271	-120.035896
6088.513184	-121.139359
6089.186096	-121.556992
6089.859009	-121.791176
6090.531921	-120.300369
6091.204834	-120.532295
6091.877747	-121.309090
6092.550659	-120.478951
6093.223572	-119.273933
6093.896484	-119.085419
6094.569397	-120.139633
6095.242310	-121.187378
6095.915222	-121.314873
6096.588135	-121.004776
6097.261047	-119.376434
6097.933960	-119.671234
6098.606873	-120.487541
6099.279785	-120.003517
6099.952698	-120.280846
6100.625610	-120.635826
6101.298523	-121.164680
6101.971436	-121.596817
6102.644348	-121.365021
6103.317261	-120.557137
6103.990173	-120.090965
6104.663086	-120.221153
6105.335999	-119.964851
6106.008911	-120.957176
6106.681824	-120.742287
6107.354736	-120.612411
6108.027649	-120.216522
6108.700562	-120.204826
6109.373474	-120.498192
6110.046387	-119.955498
6110.719299	-119.762856
6111.392212	-120.348114
6112.065125	-120.338593
6112.738037	-120.140045
6113.410950	-119.898254
6114.083862	-119.596954
6114.756775	-120.295837
6115.429688	-119.982582
6116.102600	-119.875526
6116.775513	-120.583878
6117.448425	-121.303497
6118.121338	-122.052376
6118.794250	-121.043610
6119.467163	-120.594910
6120.140076	-120.628227
6120.812988	-121.322403
6121.485901	-121.187073
6122.158813	-121.304001
6122.831726	-121.215820
6123.504639	-120.247040
6124.177551	-120.075073
6124.850464	-120.385002
6125.523376	-119.667572
6126.196289	-119.976425
6126.869202	-119.443512
6127.542114	-119.849960
6128.215027	-120.623306
6128.887939	-120.348335
6129.560852	-120.468048
6130.233765	-120.401932
6130.906677	-121.247391
6131.579590	-120.865662
6132.252502	-120.084381
6132.925415	-119.952545
6133.598328	-120.177528
6134.271240	-120.745285
6134.944153	-120.018021
6135.617065	-119.430809
6136.289978	-121.143074
6136.962891	-120.452530
6137.635803	-119.078293
6138.308716	-119.790016
6138.981628	-120.280563
6139.654541	-119.833549
6140.327454	-120.773666
6141.000366	-120.302170
6141.673279	-119.435295
6142.346191	-120.112343
6143.019104	-120.235069
6143.692017	-119.674110
6144.364929	-119.838654
6145.037842	-119.409317
6145.710754	-120.303795
6146.383667	-120.695259
6147.056580	-119.932335
6147.729492	-121.184364
6148.402405	-121.951500
6149.075317	-120.134323
6149.748230	-119.651428
6150.421143	-119.774651
6151.094055	-119.814735
6151.766968	-120.243530
6152.439880	-120.403839
6153.112793	-119.417892
6153.785706	-120.077019
6154.458618	-120.069656
6155.131531	-120.976814
6155.804443	-121.579483
6156.477356	-121.155533
6157.150269	-120.515617
6157.823181	-119.860535
6158.496094	-119.389641
6159.169006	-119.744385
6159.841919	-119.358513
6160.514832	-119.992889
6161.187744	-120.372162
6161.860657	-120.001228
6162.533569	-120.423378
6163.206482	-120.676231
6163.879395	-121.066452
6164.552307	-121.245583
6165.225220	-120.472473
6165.898132	-119.406410
6166.571045	-119.842453
6167.243958	-120.135330
6167.916870	-118.946243
6168.589783	-118.781631
6169.262695	-119.644012
6169.935608	-119.455284
6170.608521	-121.599876
6171.281433	-121.349869
6171.954346	-121.336067
6172.627258	-121.528465
6173.300171	-121.322647
6173.973083	-120.013924
6174.645996	-119.230125
6175.318909	-120.194901
6175.991821	-119.231522
6176.664734	-119.932922
6177.337646	-120.220505
6178.010559	-120.287277
6178.683472	-119.994705
6179.356384	-119.884254
6180.029297	-120.192169
6180.702209	-120.490784
6181.375122	-120.547920
6182.048035	-120.781311
6182.720947	-119.739700
6183.393860	-119.907265
6184.066772	-120.500160
6184.739685	-120.458565
6185.412598	-120.083298
6186.085510	-119.834702
6186.758423	-120.893311
6187.431335	-120.300720
6188.104248	-121.585655
6188.777161	-121.411163
6189.450073	-120.927010
6190.122986	-120.586136
6190.795898	-119.600174
6191.468811	-119.131065
6192.141724	-120.428955
6192.814636	-120.808090
6193.487549	-119.304260
6194.160461	-119.835403
6194.833374	-120.056862
6195.506287	-120.162582
6196.179199	-121.746880
6196.852112	-121.160065
6197.525024	-120.476273
6198.197937	-118.637268
6198.870850	-119.592827
6199.543762	-120.645050
6200.216675	-120.566246
6200.889587	-120.454803
6201.562500	-120.825752
6202.235413	-120.052979
6202.908325	-119.196785
6203.581238	-119.988823
6204.254150	-121.504608
6204.927063	-120.593811
6205.599976	-120.478188
6206.272888	-119.657455
6206.945801	-119.571304
6207.618713	-120.254707
6208.291626	-120.313911
6208.964539	-121.462219
6209.637451	-120.788658
6210.310364	-120.160942
6210.983276	-120.509521
6211.656189	-120.369484
6212.329102	-120.374474
6213.002014	-119.844841
6213.674927	-119.373848
6214.347839	-118.876785
6215.020752	-119.810730
6215.693665	-119.933273
6216.366577	-119.968155
6217.039490	-120.552589
6217.712402	-120.543274
6218.385315	-119.973732
6219.058228	-119.822090
6219.731140	-119.112823
6220.404053	-119.404556
6221.076965	-120.388069
6221.749878	-121.013374
6222.422791	-121.134789
6223.095703	-120.459747
6223.768616	-120.559174
6224.441528	-120.079926
6225.114441	-120.043060
6225.787354	-119.597313
6226.460266	-119.334068
6227.133179	-120.162857
6227.806091	-120.653702
6228.479004	-120.738968
6229.151917	-120.951370
6229.824829	-120.902390
6230.497742	-119.849068
6231.170654	-120.213211
6231.843567	-119.334038
6232.516479	-119.904411
6233.189392	-120.928101
6233.862305	-120.615524
6234.535217	-119.440712
6235.208130	-119.980179
6235.881042	-119.525970
6236.553955	-119.902222
6237.226868	-119.590996
6237.899780	-119.043259
6238.572693	-118.833229
6239.245605	-119.937607
6239.918518	-120.374634
6240.591431	-120.139313
6241.264343	-119.511719
6241.937256	-119.531502
6242.610168	-120.256897
6243.283081	-119.741020
6243.955994	-119.609695
6244.628906	-120.221146
6245.301819	-119.698189
6245.974731	-120.301743
6246.647644	-120.319633
6247.320557	-119.978844
6247.993469	-120.785713
6248.666382	-120.160530
6249.339294	-120.412430
6250.012207	-120.901115
6250.685120	-120.151093
6251.358032	-119.537308
6252.030945	-119.739487
6252.703857	-119.751709
6253.376770	-119.431801
6254.049683	-119.620956
6254.722595	-119.445564
6255.395508	-119.383766
6256.068420	-120.805206
6256.741333	-120.593300
6257.414246	-119.891953
6258.087158	-119.540878
6258.760071	-120.070541
6259.432983	-119.996277
6260.105896	-120.541977
6260.778809	-119.628937
6261.451721	-119.737183
6262.124634	-120.327026
6262.797546	-120.577644
6263.470459	-121.074638
6264.143372	-120.176071
6264.816284	-120.452759
6265.489197	-119.550011
6266.162109	-119.740036
6266.835022	-119.209091
6267.507935	-119.626709
6268.180847	-121.052803
6268.853760	-120.354324
6269.526672	-120.739311
6270.199585	-121.322609
6270.872498	-120.529503
6271.545410	-120.731316
6272.218323	-120.262444
6272.891235	-120.980492
6273.564148	-120.337074
6274.237061	-120.057709
6274.909973	-119.591118
6275.582886	-120.260742
6276.255798	-119.982513
6276.928711	-120.169060
6277.601624	-118.392570
6278.274536	-119.215820
6278.947449	-120.743248
6279.620361	-120.459702
6280.293274	-120.033806
6280.966187	-119.492264
6281.639099	-120.634972
6282.312012	-121.272568
6282.984924	-120.799973
6283.657837	-120.881279
6284.330750	-121.177734
6285.003662	-120.142815
6285.676575	-119.338074
6286.349487	-119.536575
6287.022400	-119.645760
6287.695312	-119.650917
6288.368225	-119.901375
6289.041138	-119.933922
6289.714050	-120.335373
6290.386963	-119.145226
6291.059875	-119.046280
6291.732788	-120.411316
6292.405701	-120.950951
6293.078613	-119.840042
6293.751526	-121.001663
6294.424438	-119.914818
6295.097351	-119.350174
6295.770264	-120.272507
6296.443176	-120.372772
6297.116089	-120.837349
6297.789001	-121.410141
6298.461914	-120.749481
6299.134827	-120.596588
6299.807739	-120.132088
6300.480652	-120.682152
6301.153564	-120.434090
6301.826477	-119.603867
6302.499390	-119.902733
6303.172302	-120.307297
6303.845215	-121.149399
6304.518127	-120.919075
6305.191040	-119.998123
6305.863953	-119.299026
6306.536865	-119.918678
6307.209778	-121.324005
6307.882690	-121.043045
6308.555603	-120.494659
6309.228516	-120.669731
6309.901428	-121.302582
6310.574341	-121.660477
6311.247253	-122.072487
6311.920166	-120.872772
6312.593079	-120.735504
6313.265991	-121.202301
6313.938904	-120.483856
6314.611816	-119.664146
6315.284729	-119.769936
6315.957642	-120.440720
6316.630554	-120.453705
6317.303467	-121.179131
6317.976379	-120.592712
6318.649292	-119.357635
6319.322205	-120.587379
6319.995117	-120.900780
6320.668030	-120.023796
6321.340942	-119.553795
6322.013855	-119.197487
6322.686768	-119.518402
6323.359680	-119.941528
6324.032593	-120.147194
6324.705505	-119.564476
6325.378418	-119.907990
6326.051331	-119.840652
6326.724243	-120.242599
6327.397156	-119.830063
6328.070068	-119.659615
6328.742981	-119.490845
6329.415894	-120.391273
6330.088806	-120.693665
6330.761719	-121.193665
6331.434631	-120.829559
6332.107544	-119.487755
6332.780457	-119.516029
6333.453369	-119.732262
6334.126282	-119.274063
6334.799194	-119.503227
6335.472107	-120.249466
6336.145020	-119.292892
6336.817932	-119.237862
6337.490845	-120.127930
6338.163757	-120.490143
6338.836670	-119.287758
6339.509583	-120.184402
6340.182495	-120.795578
6340.855408	-119.636177
6341.528320	-119.678986
6342.201233	-120.688652
6342.874146	-119.919708
6343.547058	-120.568626
6344.219971	-120.648613
6344.892883	-119.846642
6345.565796	-119.678604
6346.238708	-121.216827
6346.911621	-121.168602
6347.584534	-121.622307
6348.257446	-121.163742
6348.930359	-120.870171
6349.603271	-120.917061
6350.276184	-120.421921
6350.949097	-119.153519
6351.622009	-119.756691
6352.294922	-120.565941
6352.967834	-120.065926
6353.640747	-120.731201
6354.313660	-120.807526
6354.986572	-121.551201
6355.659485	-121.515938
6356.332397	-120.034599
6357.005310	-119.579605
6357.678223	-118.807655
6358.351135	-119.863434
6359.024048	-119.592941
6359.696960	-119.080406
6360.369873	-119.497269
6361.042786	-120.928612
6361.715698	-120.857277
6362.388611	-120.985283
6363.061523	-119.779327
6363.734436	-118.651955
6364.407349	-119.071739
6365.080261	-120.042061
6365.753174	-119.366776
6366.426086	-119.178497
6367.098999	-119.084930
6367.771912	-119.238556
6368.444824	-119.508728
6369.117737	-120.551735
6369.790649	-119.553627
6370.463562	-119.993881
6371.136475	-119.848396
6371.809387	-119.413864
6372.482300	-119.457253
6373.155212	-119.655487
6373.828125	-119.677231
6374.501038	-120.854317
6375.173950	-121.199699
6375.846863	-121.182716
6376.519775	-120.611237
6377.192688	-120.270012
6377.865601	-120.572128
6378.538513	-120.001556
6379.211426	-120.172096
6379.884338	-119.906296
6380.557251	-120.256668
6381.230164	-120.981514
6381.903076	-121.322266
6382.575989	-120.904839
6383.248901	-119.793434
6383.921814	-119.282013
6384.594727	-119.986404
6385.267639	-121.191574
6385.940552	-121.647835
6386.613464	-121.427040
6387.286377	-121.408173
6387.959290	-120.457680
6388.632202	-120.270729
6389.305115	-119.454460
6389.978027	-119.112282
6390.650940	-119.640800
6391.323853	-119.578842
6391.996765	-120.066422
6392.669678	-120.161682
6393.342590	-120.036736
6394.015503	-120.436653
6394.688416	-120.279938
6395.361328	-119.477524
6396.034241	-120.145638
6396.707153	-120.017807
6397.380066	-120.808617
6398.052979	-120.824562
6398.725891	-120.206970
6399.398804	-120.192841
6400.071716	-119.788925
6400.744629	-119.754494
6401.417542	-119.174255
6402.090454	-118.982918
6402.763367	-119.443367
6403.436279	-120.442459
6404.109192	-120.574486
6404.782104	-120.380905
6405.455017	-120.306847
6406.127930	-120.063309
6406.800842	-121.220917
6407.473755	-120.910095
6408.146667	-120.058228
6408.819580	-119.713043
6409.492493	-118.395592
6410.165405	-119.161247
6410.838318	-120.317787
6411.511230	-119.969475
6412.184143	-120.060745
6412.857056	-120.407158
6413.529968	-121.243401
6414.202881	-120.599075
6414.875793	-121.010902
6415.548706	-120.846054
6416.221619	-121.556068
6416.894531	-120.069672
6417.567444	-119.613174
6418.240356	-120.444923
6418.913269	-119.810577
6419.586182	-119.026367
6420.259094	-119.150810
6420.932007	-119.431786
6421.604919	-120.772507
6422.277832	-121.456657
6422.950745	-120.557472
6423.623657	-120.093513
6424.296570	-120.529594
6424.969482	-121.337440
6425.642395	-121.479729
6426.315308	-121.377876
6426.988220	-121.358582
6427.661133	-121.466568
6428.334045	-120.798012
6429.006958	-120.104416
6429.679871	-120.614433
6430.352783	-120.734947
6431.025696	-120.408318
6431.698608	-120.038078
6432.371521	-120.103432
6433.044434	-119.290062
6433.717346	-119.461784
6434.390259	-120.148003
6435.063171	-120.456818
6435.736084	-120.133171
6436.408997	-119.861046
6437.081909	-118.650749
6437.754822	-118.855728
6438.427734	-119.467056
6439.100647	-120.086807
6439.773560	-119.615494
6440.446472	-119.404297
6441.119385	-120.173470
6441.792297	-119.736397
6442.465210	-119.835930
6443.138123	-120.327728
6443.811035	-120.414696
6444.483948	-120.483971
6445.156860	-119.564545
6445.829773	-119.635353
6446.502686	-119.605370
6447.175598	-119.462624
6447.848511	-118.723969
6448.521423	-119.570709
6449.194336	-120.111595
6449.867249	-119.693092
6450.540161	-120.511299
6451.213074	-121.658310
6451.885986	-120.421730
6452.558899	-120.832443
6453.231812	-119.864304
6453.904724	-120.535439
6454.577637	-119.943298
6455.250549	-119.495277
6455.923462	-121.118835
6456.596375	-121.212547
6457.269287	-120.568268
6457.942200	-120.254135
6458.615112	-120.953209
6459.288025	-119.306229
6459.960938	-119.483490
6460.633850	-120.435875
6461.306763	-119.759407
6461.979675	-120.011993
6462.652588	-120.191002
6463.325500	-120.780533
6463.998413	-120.518829
6464.671326	-120.534424
6465.344238	-120.818039
6466.017151	-120.726669
6466.690063	-119.828712
6467.362976	-119.794304
6468.035889	-120.174118
6468.708801	-120.107346
6469.381714	-120.024803
6470.054626	-120.602852
6470.727539	-119.940865
6471.400452	-120.469917
6472.073364	-120.629333
6472.746277	-120.739937
6473.419189	-120.008522
6474.092102	-119.620087
6474.765015	-120.099876
6475.437927	-120.588257
6476.110840	-120.533485
6476.783752	-120.738602
6477.456665	-120.560944
6478.129578	-121.033958
6478.802490	-120.546547
6479.475403	-120.575462
6480.148315	-120.371231
6480.821228	-120.604584
6481.494141	-120.570503
6482.167053	-119.734055
6482.839966	-121.252594
6483.512878	-120.218346
6484.185791	-119.576385
6484.858704	-119.785194
6485.531616	-120.351707
6486.204529	-119.950623
6486.877441	-120.097092
6487.550354	-121.215607
6488.223267	-120.809906
6488.896179	-120.291534
6489.569092	-119.598694
6490.242004	-120.571556
6490.914917	-120.548378
6491.587830	-120.428230
6492.260742	-120.115120
6492.933655	-119.790619
6493.606567	-120.075020
6494.279480	-120.382851
6494.952393	-120.335236
6495.625305	-120.877045
6496.298218	-120.617470
6496.971130	-120.498344
6497.644043	-120.379112
6498.316956	-120.797714
6498.989868	-119.858528
6499.662781	-120.409973
6500.335693	-121.043365
6501.008606	-119.881020
6501.681519	-121.334290
6502.354431	-121.457527
6503.027344	-121.041679
6503.700256	-120.045212
6504.373169	-118.960258
6505.046082	-120.181709
6505.718994	-119.925369
6506.391907	-120.159889
6507.064819	-119.715050
6507.737732	-120.095459
6508.410645	-121.111908
6509.083557	-120.365707
6509.756470	-119.363434
6510.429382	-119.902283
6511.102295	-120.365425
6511.775208	-120.512154
6512.448120	-121.532898
6513.121033	-120.752037
6513.793945	-119.551392
6514.466858	-119.985222
6515.139771	-119.961433
6515.812683	-119.817398
6516.485596	-119.935478
6517.158508	-119.845711
6517.831421	-120.586502
6518.504333	-120.605339
6519.177246	-119.892395
6519.850159	-120.625084
6520.523071	-120.777725
6521.195984	-120.512039
6521.868896	-121.350487
6522.541809	-121.260933
6523.214722	-121.239716
6523.887634	-120.353134
6524.560547	-120.083076
6525.233459	-119.713577
6525.906372	-119.205612
6526.579285	-119.607941
6527.252197	-119.765083
6527.925110	-120.012711
6528.598022	-120.192230
6529.270935	-120.756523
6529.943848	-120.749527
6530.616760	-119.778770
6531.289673	-119.762497
6531.962585	-119.854462
6532.635498	-119.086052
6533.308411	-119.449982
6533.981323	-120.555763
6534.654236	-120.662315
6535.327148	-119.810768
6536.000061	-119.709999
6536.672974	-120.279022
6537.345886	-120.587906
6538.018799	-119.790947
6538.691711	-120.408051
6539.364624	-119.268967
6540.037537	-119.084686
6540.710449	-119.280502
6541.383362	-119.805763
6542.056274	-120.926842
6542.729187	-122.093773
6543.402100	-121.171982
6544.075012	-119.589127
6544.747925	-120.056091
6545.420837	-120.567139
6546.093750	-120.784012
6546.766663	-120.607361
6547.439575	-120.146935
6548.112488	-119.887978
6548.785400	-118.871628
6549.458313	-119.360435
6550.131226	-120.030670
6550.804138	-120.736984
6551.477051	-121.033913
6552.149963	-120.097626
6552.822876	-119.441566
6553.495789	-119.499588
6554.168701	-119.929359
6554.841614	-121.010742
6555.514526	-121.280289
6556.187439	-119.699120
6556.860352	-119.702171
6557.533264	-119.917000
6558.206177	-120.870056
6558.879089	-120.889420
6559.552002	-119.565117
6560.224915	-120.265091
6560.897827	-121.033119
6561.570740	-120.017822
6562.243652	-118.984665
6562.916565	-119.664993
6563.589478	-120.916084
6564.262390	-120.722519
6564.935303	-121.371498
6565.608215	-120.230545
6566.281128	-120.261162
6566.954041	-120.338356
6567.626953	-121.167686
6568.299866	-120.979904
6568.972778	-119.369484
6569.645691	-118.709923
6570.318604	-119.585602
6570.991516	-120.020264
6571.664429	-120.205658
6572.337341	-120.604515
6573.010254	-120.578072
6573.683167	-121.002693
6574.356079	-120.155739
6575.028992	-120.771660
6575.701904	-119.775139
6576.374817	-119.297028
6577.047729	-119.483513
6577.720642	-120.432083
6578.393555	-120.139832
6579.066467	-120.511139
6579.739380	-121.460098
6580.412292	-121.099350
6581.085205	-119.913849
6581.758118	-119.828415
6582.431030	-119.518883
6583.103943	-120.448349
6583.776855	-119.641045
6584.449768	-120.645866
6585.122681	-121.083862
6585.795593	-121.197174
6586.468506	-120.575500
6587.141418	-119.450638
6587.814331	-119.345222
6588.487244	-120.758652
6589.160156	-120.333450
6589.833069	-119.673492
6590.505981	-120.326553
6591.178894	-119.753822
6591.851807	-120.417290
6592.524719	-120.952904
6593.197632	-120.251305
6593.870544	-119.386185
6594.543457	-120.188629
6595.216370	-121.147964
6595.889282	-121.375397
6596.562195	-119.711777
6597.235107	-119.082710
6597.908020	-119.179039
6598.580933	-119.780083
6599.253845	-120.018822
6599.926758	-121.093826
6600.599670	-120.507347
6601.272583	-121.470711
6601.945496	-120.431793
6602.618408	-119.332077
6603.291321	-120.230484
6603.964233	-120.911247
6604.637146	-120.043541
6605.310059	-121.397652
6605.982971	-120.258278
6606.655884	-119.682655
6607.328796	-121.252022
6608.001709	-120.724907
6608.674622	-120.284584
6609.347534	-119.883820
6610.020447	-119.108566
6610.693359	-119.410721
6611.366272	-119.506660
6612.039185	-120.189850
6612.712097	-120.534630
6613.385010	-119.307152
6614.057922	-118.438492
6614.730835	-119.027077
6615.403748	-120.332214
6616.076660	-120.733345
6616.749573	-119.717888
6617.422485	-119.682594
6618.095398	-119.414642
6618.768311	-119.602623
6619.441223	-120.345589
6620.114136	-120.166611
6620.787048	-120.713463
6621.459961	-120.832130
6622.132874	-120.072540
6622.805786	-119.371094
6623.478699	-118.939301
6624.151611	-120.154831
6624.824524	-120.126389
6625.497437	-120.048096
6626.170349	-120.092155
6626.843262	-119.911835
6627.516174	-119.783813
6628.189087	-119.290817
6628.862000	-118.936264
6629.534912	-119.609962
6630.207825	-120.332359
6630.880737	-120.476204
6631.553650	-119.843536
6632.226562	-119.265648
6632.899475	-119.955994
6633.572388	-120.534187
6634.245300	-119.970306
6634.918213	-120.086395
6635.591125	-120.600891
6636.264038	-120.457085
6636.936951	-119.999626
6637.609863	-119.917976
6638.282776	-120.977226
6638.955688	-120.770813
6639.628601	-120.859680
6640.301514	-121.121948
6640.974426	-121.138176
6641.647339	-119.325386
6642.320251	-119.446762
6642.993164	-120.738411
6643.666077	-120.538445
6644.338989	-119.328400
6645.011902	-118.627914
6645.684814	-119.978226
6646.357727	-119.860397
6647.030640	-119.285187
6647.703552	-119.637520
6648.376465	-120.230316
6649.049377	-120.139648
6649.722290	-119.377533
6650.395203	-120.745232
6651.068115	-120.654984
6651.741028	-120.691666
6652.413940	-119.787537
6653.086853	-120.064529
6653.759766	-120.792587
6654.432678	-120.418961
6655.105591	-119.148109
6655.778503	-119.833977
6656.451416	-119.839775
6657.124329	-119.466743
6657.797241	-120.991791
6658.470154	-120.991890
6659.143066	-119.810318
6659.815979	-120.077156
6660.488892	-120.417549
6661.161804	-120.880569
6661.834717	-120.439781
6662.507629	-120.935532
6663.180542	-120.996239
6663.853455	-121.125397
6664.526367	-121.254318
6665.199280	-119.477463
6665.872192	-119.124809
6666.545105	-120.240463
6667.218018	-119.944229
6667.890930	-119.886917
6668.563843	-119.028648
6669.236755	-120.133110
6669.909668	-120.454933
6670.582581	-120.300629
6671.255493	-120.730896
6671.928406	-121.099297
6672.601318	-121.565628
6673.274231	-121.791451
6673.947144	-121.208321
6674.620056	-120.994858
6675.292969	-120.361931
6675.965881	-120.204254
6676.638794	-120.562073
6677.311707	-119.924515
6677.984619	-120.400169
6678.657532	-120.546875
6679.330444	-119.703949
6680.003357	-118.840851
6680.676270	-120.233330
6681.349182	-120.886597
6682.022095	-121.221512
6682.695007	-120.027580
6683.367920	-118.422684
6684.040833	-119.198555
6684.713745	-120.226395
6685.386658	-120.818016
6686.059570	-119.290375
6686.732483	-119.028740
6687.405396	-120.158142
6688.078308	-120.850922
6688.751221	-121.704613
6689.424133	-121.748634
6690.097046	-120.586975
6690.769958	-120.545471
6691.442871	-120.074684
6692.115784	-119.599556
6692.788696	-120.156853
6693.461609	-120.739777
6694.134521	-119.950073
6694.807434	-119.612534
6695.480347	-119.463493
6696.153259	-120.940941
6696.826172	-121.338753
6697.499084	-120.462402
6698.171997	-120.263321
6698.844910	-120.527893
6699.517822	-120.259506
6700.190735	-119.882301
6700.863647	-119.701759
6701.536560	-120.127808
6702.209473	-120.967972
6702.882385	-120.546646
6703.555298	-120.114433
6704.228210	-120.462250
6704.901123	-120.226753
6705.574036	-119.970795
6706.246948	-119.319344
6706.919861	-120.214478
6707.592773	-120.558380
6708.265686	-119.637924
6708.938599	-120.331078
6709.611511	-119.808014
6710.284424	-119.788094
6710.957336	-120.261414
6711.630249	-120.612717
6712.303162	-119.906441
6712.976074	-120.474030
6713.648987	-120.685097
6714.321899	-120.455185
6714.994812	-121.276741
6715.667725	-120.600372
6716.340637	-120.858681
6717.013550	-120.337669
6717.686462	-120.200294
6718.359375	-119.876724
6719.032288	-119.513329
6719.705200	-119.559502
6720.378113	-121.188446
6721.051025	-119.999084
6721.723938	-120.359329
6722.396851	-120.086082
6723.069763	-119.727585
6723.742676	-120.077225
6724.415588	-120.834763
6725.088501	-119.678795
6725.761414	-119.718185
6726.434326	-120.594803
6727.107239	-120.569824
6727.780151	-120.124542
6728.453064	-120.397179
6729.125977	-120.814606
6729.798889	-120.077301
6730.471802	-119.829765
6731.144714	-119.645119
6731.817627	-119.158890
6732.490540	-118.943932
6733.163452	-119.343658
6733.836365	-119.913460
6734.509277	-120.213951
6735.182190	-120.090332
6735.855103	-120.240913
6736.528015	-120.026337
6737.200928	-119.531326
6737.873840	-120.197113
6738.546753	-120.660057
6739.219666	-120.460678
6739.892578	-120.243004
6740.565491	-119.948967
6741.238403	-120.548523
6741.911316	-120.062889
6742.584229	-119.854813
6743.257141	-120.955864
6743.930054	-122.050171
6744.602966	-120.713097
6745.275879	-120.874023
6745.948792	-120.702362
6746.621704	-120.697998
6747.294617	-120.726158
6747.967529	-120.630249
6748.640442	-120.477013
6749.313354	-121.139572
6749.986267	-119.946037
6750.659180	-119.892792
6751.332092	-121.171791
6752.005005	-120.805809
6752.677917	-120.734436
6753.350830	-119.453094
6754.023743	-120.678848
6754.696655	-121.561516
6755.369568	-120.812469
6756.042480	-120.274025
6756.715393	-120.322418
6757.388306	-120.476021
6758.061218	-120.065331
6758.734131	-119.825417
6759.407043	-120.210411
6760.079956	-119.508057
6760.752869	-120.019012
6761.425781	-119.215630
6762.098694	-120.070267
6762.771606	-120.317299
6763.444519	-119.532532
6764.117432	-120.045143
6764.790344	-120.101517
6765.463257	-119.783821
6766.136169	-119.339897
6766.809082	-119.366333
6767.481995	-119.600441
6768.154907	-119.748604
6768.827820	-120.369820
6769.500732	-120.415352
6770.173645	-120.097832
6770.846558	-120.390694
6771.519470	-119.590263
6772.192383	-119.516739
6772.865295	-119.987381
6773.538208	-119.588440
6774.211121	-119.922905
6774.884033	-119.574631
6775.556946	-119.897614
6776.229858	-120.241364
6776.902771	-120.517746
6777.575684	-119.562599
6778.248596	-118.813477
6778.921509	-120.226913
6779.594421	-119.024529
6780.267334	-118.635498
6780.940247	-119.006836
6781.613159	-118.752144
6782.286072	-118.884438
6782.958984	-119.650848
6783.631897	-120.319664
6784.304810	-120.141953
6784.977722	-120.078674
6785.650635	-119.684608
6786.323547	-119.828651
6786.996460	-120.043076
6787.669373	-119.726006
6788.342285	-119.612122
6789.015198	-120.624527
6789.688110	-119.725258
6790.361023	-118.512695
6791.033936	-119.268257
6791.706848	-119.871353
6792.379761	-120.343491
6793.052673	-120.726379
6793.725586	-120.572464
6794.398499	-121.014198
6795.071411	-121.030396
6795.744324	-119.876022
6796.417236	-120.083817
6797.090149	-120.777435
6797.763062	-120.400604
6798.435974	-121.293129
6799.108887	-120.729027
6799.781799	-119.999542
6800.454712	-119.670639
6801.127625	-120.063019
6801.800537	-120.198914
6802.473450	-120.170265
6803.146362	-119.676872
6803.819275	-119.441917
6804.492188	-119.714600
6805.165100	-120.619347
6805.838013	-121.612946
6806.510925	-121.103531
6807.183838	-120.074760
6807.856750	-120.442070
6808.529663	-120.480072
6809.202576	-119.800842
6809.875488	-118.470024
6810.548401	-119.391663
6811.221313	-120.035652
6811.894226	-121.619041
6812.567139	-120.727325
6813.240051	-120.206863
6813.912964	-119.732651
6814.585876	-119.267807
6815.258789	-119.413498
6815.931702	-119.700424
6816.604614	-120.144188
6817.277527	-120.102722
6817.950439	-119.894539
6818.623352	-120.538857
6819.296265	-119.538803
6819.969177	-119.251007
6820.642090	-119.452400
6821.315002	-119.211578
6821.987915	-120.171776
6822.660828	-120.554817
6823.333740	-119.757355
6824.006653	-120.326561
6824.679565	-119.185707
6825.352478	-118.294945
6826.025391	-119.233551
6826.698303	-120.051598
6827.371216	-119.933365
6828.044128	-120.462364
6828.717041	-121.986229
6829.389954	-120.625420
6830.062866	-119.945038
6830.735779	-120.572128
6831.408691	-120.129593
6832.081604	-119.415741
6832.754517	-119.703362
6833.427429	-120.055092
6834.100342	-120.132042
6834.773254	-119.037468
6835.446167	-119.597298
6836.119080	-120.945023
6836.791992	-120.353500
6837.464905	-120.117973
6838.137817	-120.127823
6838.810730	-119.905846
6839.483643	-120.162483
6840.156555	-120.029640
6840.829468	-119.855888
6841.502380	-119.155861
6842.175293	-120.145187
6842.848206	-119.522499
6843.521118	-118.777115
6844.194031	-119.941010
6844.866943	-120.870934
6845.539856	-120.198181
6846.212769	-120.325302
6846.885681	-119.265251
6847.558594	-119.490257
6848.231506	-120.822266
6848.904419	-119.623718
6849.577332	-119.493713
6850.250244	-119.677902
6850.923157	-120.170013
6851.596069	-120.689430
6852.268982	-120.574692
6852.941895	-119.595879
6853.614807	-119.183052
6854.287720	-119.459076
6854.960632	-118.889343
6855.633545	-119.285461
6856.306458	-119.879166
6856.979370	-120.391762
6857.652283	-120.577614
6858.325195	-119.337250
6858.998108	-119.478584
6859.671021	-120.148445
6860.343933	-119.880630
6861.016846	-119.414108
6861.689758	-119.082413
6862.362671	-120.290764
6863.035583	-120.693275
6863.708496	-119.914986
6864.381409	-120.010025
6865.054321	-119.899185
6865.727234	-120.364571
6866.400146	-120.418404
6867.073059	-120.599121
6867.745972	-120.238403
6868.418884	-119.541458
6869.091797	-120.636642
6869.764709	-121.171867
6870.437622	-121.046600
6871.110535	-119.264900
6871.783447	-118.347374
6872.456360	-119.038864
6873.129272	-119.137436
6873.802185	-119.785400
6874.475098	-120.199806
6875.148010	-120.538315
6875.820923	-119.755463
6876.493835	-119.628105
6877.166748	-119.835068
6877.839661	-120.331223
6878.512573	-120.362633
6879.185486	-120.580887
6879.858398	-120.492661
6880.531311	-119.781158
6881.204224	-119.922035
6881.877136	-120.049164
6882.550049	-120.965172
6883.222961	-119.758224
6883.895874	-119.258301
6884.568787	-119.698349
6885.241699	-119.836555
6885.914612	-119.663139
6886.587524	-120.419800
6887.260437	-119.930656
6887.933350	-119.760262
6888.606262	-119.513824
6889.279175	-120.014351
6889.952087	-119.397217
6890.625000	-120.276245
6891.297913	-120.538712
6891.970825	-120.456703
6892.643738	-120.283531
6893.316650	-120.869095
6893.989563	-119.977753
6894.662476	-118.556114
6895.335388	-119.731995
6896.008301	-121.244133
6896.681213	-121.188942
6897.354126	-121.050575
6898.027039	-119.450203
6898.699951	-118.736076
6899.372864	-119.213791
6900.045776	-119.320694
6900.718689	-120.241791
6901.391602	-120.514008
6902.064514	-120.514946
6902.737427	-120.474983
6903.410339	-119.284447
6904.083252	-118.777916
6904.756165	-119.036400
6905.429077	-119.211349
6906.101990	-119.687889
6906.774902	-119.676094
6907.447815	-120.069984
6908.120728	-119.639534
6908.793640	-119.922287
6909.466553	-119.445953
6910.139465	-119.944412
6910.812378	-120.334389
6911.485291	-119.070099
6912.158203	-118.870598
6912.831116	-119.915558
6913.504028	-119.748528
6914.176941	-119.276459
6914.849854	-119.972939
6915.522766	-120.347900
6916.195679	-120.601799
6916.868591	-121.039780
6917.541504	-119.975967
6918.214417	-120.094872
6918.887329	-120.060913
6919.560242	-119.708435
6920.233154	-119.958450
6920.906067	-119.250824
6921.578979	-119.325928
6922.251892	-121.075905
6922.924805	-119.323456
6923.597717	-119.089630
6924.270630	-120.360909
6924.943542	-120.690002
6925.616455	-119.830254
6926.289368	-120.884972
6926.962280	-120.015938
6927.635193	-120.126785
6928.308105	-121.055244
6928.981018	-120.858749
6929.653931	-120.911621
6930.326843	-120.833839
6930.999756	-120.634201
6931.672668	-120.393425
6932.345581	-120.612366
6933.018494	-119.499550
6933.691406	-119.109436
6934.364319	-120.511894
6935.037231	-120.867661
6935.710144	-119.927284
6936.383057	-118.563278
6937.055969	-119.572319
6937.728882	-120.872719
6938.401794	-119.857109
6939.074707	-119.284569
6939.747620	-120.385727
6940.420532	-119.737335
6941.093445	-118.668762
6941.766357	-119.533730
6942.439270	-120.542870
6943.112183	-120.292107
6943.785095	-119.576454
6944.458008	-120.142876
6945.130920	-119.892601
6945.803833	-120.182938
6946.476746	-120.734451
6947.149658	-120.703674
6947.822571	-120.329208
6948.495483	-120.251701
6949.168396	-120.154068
6949.841309	-119.082809
6950.514221	-119.756889
6951.187134	-120.520172
6951.860046	-120.208572
6952.532959	-119.971809
6953.205872	-120.166542
6953.878784	-121.213539
6954.551697	-120.354103
6955.224609	-119.886505
6955.897522	-119.936211
6956.570435	-120.156456
6957.243347	-119.892380
6957.916260	-119.254745
6958.589172	-119.568237
6959.262085	-120.057846
6959.934998	-120.112976
6960.607910	-120.408081
6961.280823	-120.725067
6961.953735	-120.261620
6962.626648	-119.897110
6963.299561	-121.543999
6963.972473	-121.402367
6964.645386	-121.287987
6965.318298	-119.631027
6965.991211	-119.504204
6966.664124	-119.380234
6967.337036	-120.101349
6968.009949	-120.123421
6968.682861	-120.273117
6969.355774	-119.924637
6970.028687	-119.605484
6970.701599	-119.265091
6971.374512	-119.472351
6972.047424	-120.291977
6972.720337	-120.184746
6973.393250	-120.148819
6974.066162	-119.824509
6974.739075	-119.253288
6975.411987	-119.534256
6976.084900	-119.974800
6976.757812	-119.335457
6977.430725	-119.655785
6978.103638	-119.372887
6978.776550	-119.794655
6979.449463	-119.937210
6980.122375	-120.445801
6980.795288	-120.727219
6981.468201	-120.265930
6982.141113	-119.930946
6982.814026	-119.369461
6983.486938	-119.084854
6984.159851	-119.576630
6984.832764	-119.851501
6985.505676	-120.544144
6986.178589	-121.809006
6986.851501	-121.498383
6987.524414	-120.902199
6988.197327	-119.810638
6988.870239	-120.549355
6989.543152	-120.715080
6990.216064	-120.173836
6990.888977	-119.065781
6991.561890	-118.934479
6992.234802	-119.212158
6992.907715	-119.208755
6993.580627	-119.384987
6994.253540	-120.226692
6994.926453	-119.671127
6995.599365	-118.631798
6996.272278	-119.245872
6996.945190	-120.225136
6997.618103	-120.304939
6998.291016	-119.387856
6998.963928	-119.771744
6999.636841	-120.727516
7000.309753	-120.635811
7000.982666	-120.658600
7001.655579	-120.010376
7002.328491	-120.556198
7003.001404	-120.506645
7003.674316	-119.718376
7004.347229	-120.002304
7005.020142	-120.682343
7005.693054	-120.372643
7006.365967	-120.079704
7007.038879	-119.413979
7007.711792	-119.773849
7008.384705	-119.894051
7009.057617	-119.359497
7009.730530	-120.092148
7010.403442	-120.779228
7011.076355	-120.273590
7011.749268	-120.247635
7012.422180	-119.156921
7013.095093	-118.429596
7013.768005	-119.558716
7014.440918	-120.152992
7015.113831	-120.140213
7015.786743	-120.395958
7016.459656	-120.191628
7017.132568	-119.731491
7017.805481	-120.185997
7018.478394	-119.978592
7019.151306	-119.629318
7019.824219	-120.265526
7020.497131	-120.945213
7021.170044	-120.181267
7021.842957	-119.449402
7022.515869	-118.423721
7023.188782	-119.458008
7023.861694	-119.327438
7024.534607	-120.542664
7025.207520	-120.611450
7025.880432	-119.896690
7026.553345	-119.855148
7027.226257	-119.237549
7027.899170	-119.200378
7028.572083	-120.071251
7029.244995	-120.289703
7029.917908	-119.792580
7030.590820	-118.582092
7031.263733	-119.812218
7031.936646	-119.770340
7032.609558	-120.955673
7033.282471	-119.692307
7033.955383	-120.013367
7034.628296	-120.149307
7035.301208	-120.364067
7035.974121	-120.523392
7036.647034	-120.009911
7037.319946	-120.199753
7037.992859	-120.151093
7038.665771	-120.351051
7039.338684	-120.321617
7040.011597	-120.168350
7040.684509	-119.393013
7041.357422	-119.949478
7042.030334	-120.372650
7042.703247	-118.876694
7043.376160	-119.241234
7044.049072	-119.988235
7044.721985	-119.455521
7045.394897	-119.608307
7046.067810	-119.498894
7046.740723	-120.024574
7047.413635	-119.665527
7048.086548	-119.828697
7048.759460	-120.522118
7049.432373	-120.115623
7050.105286	-119.462372
7050.778198	-119.468056
7051.451111	-119.260101
7052.124023	-119.096298
7052.796936	-118.902924
7053.469849	-119.352608
7054.142761	-120.727539
7054.815674	-120.744293
7055.488586	-120.059639
7056.161499	-120.226006
7056.834412	-121.559738
7057.507324	-120.566345
7058.180237	-119.654350
7058.853149	-120.439766
7059.526062	-118.888474
7060.198975	-119.264252
7060.871887	-120.157631
7061.544800	-119.728180
7062.217712	-119.830109
7062.890625	-120.073990
7063.563538	-120.610016
7064.236450	-120.389397
7064.909363	-120.340576
7065.582275	-120.096954
7066.255188	-119.868355
7066.928101	-120.340599
7067.601013	-120.650963
7068.273926	-120.572853
7068.946838	-120.511681
7069.619751	-120.296852
7070.292664	-119.871101
7070.965576	-119.061852
7071.638489	-119.702751
7072.311401	-119.475288
7072.984314	-119.204033
7073.657227	-120.440735
7074.330139	-120.075386
7075.003052	-119.595573
7075.675964	-119.131454
7076.348877	-119.180183
7077.021790	-120.403381
7077.694702	-120.951447
7078.367615	-120.369644
7079.040527	-120.808350
7079.713440	-120.673622
7080.386353	-120.893890
7081.059265	-119.466179
7081.732178	-119.038994
7082.405090	-119.479523
7083.078003	-119.308853
7083.750916	-118.910202
7084.423828	-118.895729
7085.096741	-119.945030
7085.769653	-120.425774
7086.442566	-120.238548
7087.115479	-120.018768
7087.788391	-119.251801
7088.461304	-120.098236
7089.134216	-120.282448
7089.807129	-119.099510
7090.480042	-120.979492
7091.152954	-121.713165
7091.825867	-120.850609
7092.498779	-121.790268
7093.171692	-120.347939
7093.844604	-118.813507
7094.517517	-118.775764
7095.190430	-119.334702
7095.863342	-119.262711
7096.536255	-119.497925
7097.209167	-119.703949
7097.882080	-119.612984
7098.554993	-118.545822
7099.227905	-119.118660
7099.900818	-120.566475
7100.573730	-120.904236
7101.246643	-120.706802
7101.919556	-118.618492
7102.592468	-119.349075
7103.265381	-120.433754
7103.938293	-120.536263
7104.611206	-120.487312
7105.284119	-120.287628
7105.957031	-119.550537
7106.629944	-119.090218
7107.302856	-120.069527
7107.975769	-120.786415
7108.648682	-120.345085
7109.321594	-119.831734
7109.994507	-119.918434
7110.667419	-119.805412
7111.340332	-119.169289
7112.013245	-119.783585
7112.686157	-119.740723
7113.359070	-120.355431
7114.031982	-120.510353
7114.704895	-119.702736
7115.377808	-119.421371
7116.050720	-119.972542
7116.723633	-119.607216
7117.396545	-119.485306
7118.069458	-119.517639
7118.742371	-119.961998
7119.415283	-119.618996
7120.088196	-120.049187
7120.761108	-119.939972
7121.434021	-120.539047
7122.106934	-120.099419
7122.779846	-119.461845
7123.452759	-119.544144
7124.125671	-119.794632
7124.798584	-120.100449
7125.471497	-119.896126
7126.144409	-120.496216
7126.817322	-120.829079
7127.490234	-120.848648
7128.163147	-119.690323
7128.836060	-119.457687
7129.508972	-119.322876
7130.181885	-119.890930
7130.854797	-120.947060
7131.527710	-121.359360
7132.200623	-120.220909
7132.873535	-119.606323
7133.546448	-119.655540
7134.219360	-119.320450
7134.892273	-118.883423
7135.565186	-118.864830
7136.238098	-119.838463
7136.911011	-118.505264
7137.583923	-118.711472
7138.256836	-119.414185
7138.929749	-119.893623
7139.602661	-120.541267
7140.275574	-119.822975
7140.948486	-119.549530
7141.621399	-119.561714
7142.294312	-118.849770
7142.967224	-119.085457
7143.640137	-119.988335
7144.313049	-121.213326
7144.985962	-119.680557
7145.658875	-119.988174
7146.331787	-120.251823
7147.004700	-121.003288
7147.677612	-119.951538
7148.350525	-119.779282
7149.023438	-119.862190
7149.696350	-119.621910
7150.369263	-119.842751
7151.042175	-119.018623
7151.715088	-119.438080
7152.388000	-119.424576
7153.060913	-118.920746
7153.733826	-119.020714
7154.406738	-119.513191
7155.079651	-119.639870
7155.752563	-119.470207
7156.425476	-119.154869
7157.098389	-118.835854
7157.771301	-119.094666
7158.444214	-120.393028
7159.117126	-120.844978
7159.790039	-119.820267
7160.462952	-119.236206
7161.135864	-119.150406
7161.808777	-119.881744
7162.481689	-119.567688
7163.154602	-119.260841
7163.827515	-119.970024
7164.500427	-120.648224
7165.173340	-120.065422
7165.846252	-120.654228
7166.519165	-120.086266
7167.192078	-119.589119
7167.864990	-119.214172
7168.537903	-119.011032
7169.210815	-119.601227
7169.883728	-119.686653
7170.556641	-119.788155
7171.229553	-119.877899
7171.902466	-120.058456
7172.575378	-120.112900
7173.248291	-119.618675
7173.921204	-120.021278
7174.594116	-119.730789
7175.267029	-119.495148
7175.939941	-119.763756
7176.612854	-119.990974
7177.285767	-119.926620
7177.958679	-119.380066
7178.631592	-119.778816
7179.304504	-120.711296
7179.977417	-119.729736
7180.650330	-119.671799
7181.323242	-119.814697
7181.996155	-120.140945
7182.669067	-119.595230
7183.341980	-118.678467
7184.014893	-119.291046
7184.687805	-120.572449
7185.360718	-120.242805
7186.033630	-120.434219
7186.706543	-121.069176
7187.379456	-121.108040
7188.052368	-119.727814
7188.725281	-120.045120
7189.398193	-121.230034
7190.071106	-121.096619
7190.744019	-119.912628
7191.416931	-119.579506
7192.089844	-119.898361
7192.762756	-119.031754
7193.435669	-118.747963
7194.108582	-119.750603
7194.781494	-119.889526
7195.454407	-119.754120
7196.127319	-120.597160
7196.800232	-119.985443
7197.473145	-120.185570
7198.146057	-118.669968
7198.818970	-118.413879
7199.491882	-119.644569
7200.164795	-119.761879
7200.837708	-120.577995
7201.510620	-119.927429
7202.183533	-120.000374
7202.856445	-120.537949
7203.529358	-119.985229
7204.202271	-119.452209
7204.875183	-120.148445
7205.548096	-119.661186
7206.221008	-119.574593
7206.893921	-119.801979
7207.566833	-119.973724
7208.239746	-120.740532
7208.912659	-120.561806
7209.585571	-120.101311
7210.258484	-119.439125
7210.931396	-119.459908
7211.604309	-119.433685
7212.277222	-119.854256
7212.950134	-119.980171
7213.623047	-119.440704
7214.295959	-120.535179
7214.968872	-120.061699
7215.641785	-120.309494
7216.314697	-120.036308
7216.987610	-119.602966
7217.660522	-119.912590
7218.333435	-119.929512
7219.006348	-120.345207
7219.679260	-119.878304
7220.352173	-119.580803
7221.025085	-120.195198
7221.697998	-120.800728
7222.370911	-120.908974
7223.043823	-120.000511
7223.716736	-119.742455
7224.389648	-119.264435
7225.062561	-119.174110
7225.735474	-119.631546
7226.408386	-119.966270
7227.081299	-120.342430
7227.754211	-120.409149
7228.427124	-119.289330
7229.100037	-119.410583
7229.772949	-120.278519
7230.445862	-119.291168
7231.118774	-119.499268
7231.791687	-119.990349
7232.464600	-119.996918
7233.137512	-120.098984
7233.810425	-118.935196
7234.483337	-118.974617
7235.156250	-119.714401
7235.829163	-120.073471
7236.502075	-119.598427
7237.174988	-119.334503
7237.847900	-119.036064
7238.520813	-119.194977
7239.193726	-119.372665
7239.866638	-119.673187
7240.539551	-120.351799
7241.212463	-120.363052
7241.885376	-120.453606
7242.558289	-120.331375
7243.231201	-120.328636
7243.904114	-119.627647
7244.577026	-119.724091
7245.249939	-118.893410
7245.922852	-119.213486
7246.595764	-119.488647
7247.268677	-119.699829
7247.941589	-119.517593
7248.614502	-119.309105
7249.287415	-119.875237
7249.960327	-120.640991
7250.633240	-119.998161
7251.306152	-119.916351
7251.979065	-119.739960
7252.651978	-119.612663
7253.324890	-119.889862
7253.997803	-120.041222
7254.670715	-120.041420
7255.343628	-121.045029
7256.016541	-120.068207
7256.689453	-119.120956
7257.362366	-119.833824
7258.035278	-119.595238
7258.708191	-120.827286
7259.381104	-120.119041
7260.054016	-120.102058
7260.726929	-119.154976
7261.399841	-119.817497
7262.072754	-119.979813
7262.745667	-118.646660
7263.418579	-119.360390
7264.091492	-120.263618
7264.764404	-119.737488
7265.437317	-119.475693
7266.110229	-119.643616
7266.783142	-119.902649
7267.456055	-119.601006
7268.128967	-119.940338
7268.801880	-120.251923
7269.474792	-119.979248
7270.147705	-119.867683
7270.820618	-119.118439
7271.493530	-119.670731
7272.166443	-120.310631
7272.839355	-119.389870
7273.512268	-120.132095
7274.185181	-120.088516
7274.858093	-120.245308
7275.531006	-120.051102
7276.203918	-119.567268
7276.876831	-121.212723
7277.549744	-119.911728
7278.222656	-119.118660
7278.895569	-119.039093
7279.568481	-120.240303
7280.241394	-119.511284
7280.914307	-119.915749
7281.587219	-120.379318
7282.260132	-120.031395
7282.933044	-120.204628
7283.605957	-119.970245
7284.278870	-120.746582
7284.951782	-119.584709
7285.624695	-119.056641
7286.297607	-120.113243
7286.970520	-120.416885
7287.643433	-119.253326
7288.316345	-119.161362
7288.989258	-119.307320
7289.662170	-119.927544
7290.335083	-119.432892
7291.007996	-119.435211
7291.680908	-119.619080
7292.353821	-120.614784
7293.026733	-120.345245
7293.699646	-120.093163
7294.372559	-120.941742
7295.045471	-120.041977
7295.718384	-119.548866
7296.391296	-120.515816
7297.064209	-119.733765
7297.737122	-118.575966
7298.410034	-118.471107
7299.082947	-119.047501
7299.755859	-119.211876
7300.428772	-119.963806
7301.101685	-118.774292
7301.774597	-119.104042
7302.447510	-119.457207
7303.120422	-119.124924
7303.793335	-118.929008
7304.466248	-119.334373
7305.139160	-119.693108
7305.812073	-120.752029
7306.484985	-120.222420
7307.157898	-119.227669
7307.830811	-119.412308
7308.503723	-118.802155
7309.176636	-119.274376
7309.849548	-119.029579
7310.522461	-119.930046
7311.195374	-119.597618
7311.868286	-119.781601
7312.541199	-119.069809
7313.214111	-118.413124
7313.887024	-119.388939
7314.559937	-119.377983
7315.232849	-119.147469
7315.905762	-119.465202
7316.578674	-118.622910
7317.251587	-119.815666
7317.924500	-119.527725
7318.597412	-119.574738
7319.270325	-119.389084
7319.943237	-119.579124
7320.616150	-120.031013
7321.289062	-119.581802
7321.961975	-119.271347
7322.634888	-120.008522
7323.307800	-120.247238
7323.980713	-119.425331
7324.653625	-120.030861
7325.326538	-120.781860
7325.999451	-121.040741
7326.672363	-121.184692
7327.345276	-121.522621
7328.018188	-121.726555
7328.691101	-121.218956
7329.364014	-119.577438
7330.036926	-119.286247
7330.709839	-119.376038
7331.382751	-119.872604
7332.055664	-119.856178
7332.728577	-120.245026
7333.401489	-120.988235
7334.074402	-119.279655
7334.747314	-119.669159
7335.420227	-119.790054
7336.093140	-120.069847
7336.766052	-119.448433
7337.438965	-119.355164
7338.111877	-120.688232
7338.784790	-120.936287
7339.457703	-119.854668
7340.130615	-119.835533
7340.803528	-120.730843
7341.476440	-121.339630
7342.149353	-119.884972
7342.822266	-119.755920
7343.495178	-120.113998
7344.168091	-120.000900
7344.841003	-121.109421
7345.513916	-120.522469
7346.186829	-120.734207
7346.859741	-119.534164
7347.532654	-120.031723
7348.205566	-120.695740
7348.878479	-120.583862
7349.551392	-119.681183
7350.224304	-119.568703
7350.897217	-119.758141
7351.570129	-119.559364
7352.243042	-119.692726
7352.915955	-119.875023
7353.588867	-120.146805
7354.261780	-119.716103
7354.934692	-119.043701
7355.607605	-119.500740
7356.280518	-119.587646
7356.953430	-119.946587
7357.626343	-119.829376
7358.299255	-118.888657
7358.972168	-119.292801
7359.645081	-119.053452
7360.317993	-119.867508
7360.990906	-119.476257
7361.663818	-119.461456
7362.336731	-119.478432
7363.009644	-120.014717
7363.682556	-120.032875
7364.355469	-119.285866
7365.028381	-119.721741
7365.701294	-120.453186
7366.374207	-120.191154
7367.047119	-119.241241
7367.720032	-120.016846
7368.392944	-120.555771
7369.065857	-119.997292
7369.738770	-119.700180
7370.411682	-118.830353
7371.084595	-119.196053
7371.757507	-118.700943
7372.430420	-118.929970
7373.103333	-119.127472
7373.776245	-119.980896
7374.449158	-119.595161
7375.122070	-119.382172
7375.794983	-119.049049
7376.467896	-119.358536
7377.140808	-120.252571
7377.813721	-119.783524
7378.486633	-119.913315
7379.159546	-119.903122
7379.832458	-120.152664
7380.505371	-121.155319
7381.178284	-120.690666
7381.851196	-119.788460
7382.524109	-120.046883
7383.197021	-118.510796
7383.869934	-119.331268
7384.542847	-119.626503
7385.215759	-119.296600
7385.888672	-120.109665
7386.561584	-121.995117
7387.234497	-121.314323
7387.907410	-119.058289
7388.580322	-119.295067
7389.253235	-120.351952
7389.926147	-120.244682
7390.599060	-120.598137
7391.271973	-120.271263
7391.944885	-120.603264
7392.617798	-120.409119
7393.290710	-119.711823
7393.963623	-119.840492
7394.636536	-120.072769
7395.309448	-120.243660
7395.982361	-119.131866
7396.655273	-119.388298
7397.328186	-119.038582
7398.001099	-119.205795
7398.674011	-120.285042
7399.346924	-120.296799
7400.019836	-120.360298
7400.692749	-120.157738
7401.365662	-119.865387
7402.038574	-119.973480
7402.711487	-120.251457
7403.384399	-120.255859
7404.057312	-118.948822
7404.730225	-118.345909
7405.403137	-118.600021
7406.076050	-119.288521
7406.748962	-118.994171
7407.421875	-119.514816
7408.094788	-120.211853
7408.767700	-120.113937
7409.440613	-119.024719
7410.113525	-118.927780
7410.786438	-119.978073
7411.459351	-120.318230
7412.132263	-121.459641
7412.805176	-120.173439
7413.478088	-118.836014
7414.151001	-119.237106
7414.823914	-119.809334
7415.496826	-120.281822
7416.169739	-119.804054
7416.842651	-119.716209
7417.515564	-119.388321
7418.188477	-120.936058
7418.861389	-120.558014
7419.534302	-120.976616
7420.207214	-120.452606
7420.880127	-120.249962
7421.553040	-119.837067
7422.225952	-119.493393
7422.898865	-119.895264
7423.571777	-119.340431
7424.244690	-120.106636
7424.917603	-119.893303
7425.590515	-118.959068
7426.263428	-118.920052
7426.936340	-120.662979
7427.609253	-121.117531
7428.282166	-120.482559
7428.955078	-119.880997
7429.627991	-119.241646
7430.300903	-119.410408
7430.973816	-120.195549
7431.646729	-119.823769
7432.319641	-119.578369
7432.992554	-120.934296
7433.665466	-120.643608
7434.338379	-120.439758
7435.011292	-120.135056
7435.684204	-120.251373
7436.357117	-119.203171
7437.030029	-119.078712
7437.702942	-120.938202
7438.375854	-121.433075
7439.048767	-120.250282
7439.721680	-119.163155
7440.394592	-119.397804
7441.067505	-119.374382
7441.740417	-119.632339
7442.413330	-119.691292
7443.086243	-119.893379
7443.759155	-120.440628
7444.432068	-120.699936
7445.104980	-120.835838
7445.777893	-120.763840
7446.450806	-120.303940
7447.123718	-121.098000
7447.796631	-119.913490
7448.469543	-119.607582
7449.142456	-120.574310
7449.815369	-121.294014
7450.488281	-120.189682
7451.161194	-119.593819
7451.834106	-119.984406
7452.507019	-120.006989
7453.179932	-119.368896
7453.852844	-119.853050
7454.525757	-120.343262
7455.198669	-120.055695
7455.871582	-119.895645
7456.544495	-118.620018
7457.217407	-119.170151
7457.890320	-119.938187
7458.563232	-119.936707
7459.236145	-120.032913
7459.909058	-119.737167
7460.581970	-119.168671
7461.254883	-119.303925
7461.927795	-119.491058
7462.600708	-119.943367
7463.273621	-120.294769
7463.946533	-119.271530
7464.619446	-119.557709
7465.292358	-120.090454
7465.965271	-120.492149
7466.638184	-119.780182
7467.311096	-120.408195
7467.984009	-120.916115
7468.656921	-119.617371
7469.329834	-119.510788
7470.002747	-119.582176
7470.675659	-120.279167
7471.348572	-119.082977
7472.021484	-119.279556
7472.694397	-120.787407
7473.367310	-120.786156
7474.040222	-120.604004
7474.713135	-119.503296
7475.386047	-120.012695
7476.058960	-119.673347
7476.731873	-120.638100
7477.404785	-120.930260
7478.077698	-119.156479
7478.750610	-117.971771
7479.423523	-119.065102
7480.096436	-119.762833
7480.769348	-118.720894
7481.442261	-119.096008
7482.115173	-120.200027
7482.788086	-119.919701
7483.460999	-119.462570
7484.133911	-119.475929
7484.806824	-120.075935
7485.479736	-120.498680
7486.152649	-120.246445
7486.825562	-120.269470
7487.498474	-119.728981
7488.171387	-119.707008
7488.844299	-119.858864
7489.517212	-119.143303
7490.190125	-118.597427
7490.863037	-119.539635
7491.535950	-120.049194
7492.208862	-120.569351
7492.881775	-119.566284
7493.554688	-118.597908
7494.227600	-118.968803
7494.900513	-119.517159
7495.573425	-120.044891
7496.246338	-119.463539
7496.919250	-119.399666
7497.592163	-120.194794
7498.265076	-120.109589
7498.937988	-119.216438
7499.610901	-119.108009
7500.283813	-118.935112
7500.956726	-118.926720
7501.629639	-119.188240
7502.302551	-119.462532
7502.975464	-120.333321
7503.648376	-119.607147
7504.321289	-119.847771
7504.994202	-120.206718
7505.667114	-119.358292
7506.340027	-119.256577
7507.012939	-119.643776
7507.685852	-119.197586
7508.358765	-119.796906
7509.031677	-120.437195
7509.704590	-120.601730
7510.377502	-120.282936
7511.050415	-120.097092
7511.723328	-119.000656
7512.396240	-118.548637
7513.069153	-119.624786
7513.742065	-119.870209
7514.414978	-119.712898
7515.087891	-119.994797
7515.760803	-119.741394
7516.433716	-119.251038
7517.106628	-120.303940
7517.779541	-120.442871
7518.452454	-120.561462
7519.125366	-120.152603
7519.798279	-119.994377
7520.471191	-119.659210
7521.144104	-120.819565
7521.817017	-119.089722
7522.489929	-119.532608
7523.162842	-120.230095
7523.835754	-118.929153
7524.508667	-118.611717
7525.181580	-119.555916
7525.854492	-119.059509
7526.527405	-119.006905
7527.200317	-119.129120
7527.873230	-119.314941
7528.546143	-119.904091
7529.219055	-120.402679
7529.891968	-120.391411
7530.564880	-120.448456
7531.237793	-120.778015
7531.910706	-120.655220
7532.583618	-119.003662
7533.256531	-118.693840
7533.929443	-119.218842
7534.602356	-119.322495
7535.275269	-119.983795
7535.948181	-120.075157
7536.621094	-119.928078
7537.294006	-119.576591
7537.966919	-119.513702
7538.639832	-119.321480
7539.312744	-119.693893
7539.985657	-120.403465
7540.658569	-120.417358
7541.331482	-120.140106
7542.004395	-119.926849
7542.677307	-119.971840
7543.350220	-121.056641
7544.023132	-120.132462
7544.696045	-120.982330
7545.368958	-119.880272
7546.041870	-119.513252
7546.714783	-117.642525
7547.387695	-117.401794
7548.060608	-119.020630
7548.733521	-119.306717
7549.406433	-118.828117
7550.079346	-119.549011
7550.752258	-120.661903
7551.425171	-118.976440
7552.098083	-118.437843
7552.770996	-120.258438
7553.443909	-119.122459
7554.116821	-117.301918
7554.789734	-117.422470
7555.462646	-117.108597
7556.135559	-116.008392
7556.808472	-116.868347
7557.481384	-116.942612
7558.154297	-116.288696
7558.827209	-117.464066
7559.500122	-118.219704
7560.173035	-118.332520
7560.845947	-117.354462
7561.518860	-117.728355
7562.191772	-120.598427
7562.864685	-120.432922
7563.537598	-119.633202
7564.210510	-118.690369
7564.883423	-118.215530
7565.556335	-119.672050
7566.229248	-120.002716
7566.902161	-119.896324
7567.575073	-119.216705
7568.247986	-119.984283
7568.920898	-120.649643
7569.593811	-120.824493
7570.266724	-120.064468
7570.939636	-120.328003
7571.612549	-119.813148
7572.285461	-120.942932
7572.958374	-121.324486
7573.631287	-120.399551
7574.304199	-120.089149
7574.977112	-119.177101
7575.650024	-119.371918
7576.322937	-119.809158
7576.995850	-118.951111
7577.668762	-119.408768
7578.341675	-118.517456
7579.014587	-119.269890
7579.687500	-119.386208
7580.360413	-119.387878
7581.033325	-120.588554
7581.706238	-120.392807
7582.379150	-119.151283
7583.052063	-118.678253
7583.724976	-119.444962
7584.397888	-119.806801
7585.070801	-119.865578
7585.743713	-119.750854
7586.416626	-119.124878
7587.089539	-118.774551
7587.762451	-119.321785
7588.435364	-120.127167
7589.108276	-121.089104
7589.781189	-121.523125
7590.454102	-119.968193
7591.127014	-119.063965
7591.799927	-118.656075
7592.472839	-119.298302
7593.145752	-119.255058
7593.818665	-119.428383
7594.491577	-119.547760
7595.164490	-121.090599
7595.837402	-120.491524
7596.510315	-120.976929
7597.183228	-120.773277
7597.856140	-120.126999
7598.529053	-119.936005
7599.201965	-119.412819
7599.874878	-120.111984
7600.547791	-120.245346
7601.220703	-119.722588
7601.893616	-120.050926
7602.566528	-119.298683
7603.239441	-119.159760
7603.912354	-119.688400
7604.585266	-120.123924
7605.258179	-119.937157
7605.931091	-119.426323
7606.604004	-119.207115
7607.276917	-119.663605
7607.949829	-119.976181
7608.622742	-119.434410
7609.295654	-119.099998
7609.968567	-118.833672
7610.641479	-119.514755
7611.314392	-119.720596
7611.987305	-118.703888
7612.660217	-119.231094
7613.333130	-119.640663
7614.006042	-119.556366
7614.678955	-119.271225
7615.351868	-119.344872
7616.024780	-119.107582
7616.697693	-118.916862
7617.370605	-118.884956
7618.043518	-118.356895
7618.716431	-119.772491
7619.389343	-120.388084
7620.062256	-119.667290
7620.735168	-120.102257
7621.408081	-120.289078
7622.080994	-120.228874
7622.753906	-119.862076
7623.426819	-119.942848
7624.099731	-119.513687
7624.772644	-118.842293
7625.445557	-118.172523
7626.118469	-119.090630
7626.791382	-118.844742
7627.464294	-119.383804
7628.137207	-118.870430
7628.810120	-119.131737
7629.483032	-119.030708
7630.155945	-118.324539
7630.828857	-118.680893
7631.501770	-118.677162
7632.174683	-118.344307
7632.847595	-119.299477
7633.520508	-120.181213
7634.193420	-119.730484
7634.866333	-118.544571
7635.539246	-118.669731
7636.212158	-118.977852
7636.885071	-119.668144
7637.557983	-119.294670
7638.230896	-118.433502
7638.903809	-119.186455
7639.576721	-119.866539
7640.249634	-119.728409
7640.922546	-120.364235
7641.595459	-120.691689
7642.268372	-120.424667
7642.941284	-119.927406
7643.614197	-119.452591
7644.287109	-119.093521
7644.960022	-118.782784
7645.632935	-119.366623
7646.305847	-120.573425
7646.978760	-119.713860
7647.651672	-120.543060
7648.324585	-120.234467
7648.997498	-119.906998
7649.670410	-119.273033
7650.343323	-119.752502
7651.016235	-119.535767
7651.689148	-118.952881
7652.362061	-119.725189
7653.034973	-119.249573
7653.707886	-118.737053
7654.380798	-120.142258
7655.053711	-120.159500
7655.726624	-119.741936
7656.399536	-119.747765
7657.072449	-119.104507
7657.745361	-119.618431
7658.418274	-120.210060
7659.091187	-120.081841
7659.764099	-120.343033
7660.437012	-120.079292
7661.109924	-120.186928
7661.782837	-120.900551
7662.455750	-119.626129
7663.128662	-119.433350
7663.801575	-119.916252
7664.474487	-120.145592
7665.147400	-121.141266
7665.820312	-121.145134
7666.493225	-119.590073
7667.166138	-119.365189
7667.839050	-118.632957
7668.511963	-119.546318
7669.184875	-120.336296
7669.857788	-119.843445
7670.530701	-119.087227
7671.203613	-119.216469
7671.876526	-118.930496
7672.549438	-118.818977
7673.222351	-119.364822
7673.895264	-119.623558
7674.568176	-119.139481
7675.241089	-119.226990
7675.914001	-119.895599
7676.586914	-119.375473
7677.259827	-119.135475
7677.932739	-120.267624
7678.605652	-119.663750
7679.278564	-119.104202
7679.951477	-119.558784
7680.624390	-119.542305
7681.297302	-119.225853
7681.970215	-119.731659
7682.643127	-120.590256
7683.316040	-120.898521
7683.988953	-120.275337
7684.661865	-118.985855
7685.334778	-118.812126
7686.007690	-119.552010
7686.680603	-121.146385
7687.353516	-120.787132
7688.026428	-119.398735
7688.699341	-118.779129
7689.372253	-119.139977
7690.045166	-121.003685
7690.718079	-121.384743
7691.390991	-120.817963
7692.063904	-119.535255
7692.736816	-118.926193
7693.409729	-119.299805
7694.082642	-119.424820
7694.755554	-119.347092
7695.428467	-119.329536
7696.101379	-119.142624
7696.774292	-119.669044
7697.447205	-119.783752
7698.120117	-118.819199
7698.793030	-119.359894
7699.465942	-120.077332
7700.138855	-119.357018
7700.811768	-118.971649
7701.484680	-119.350418
7702.157593	-118.687576
7702.830505	-118.555656
7703.503418	-118.396217
7704.176331	-118.409752
7704.849243	-117.988045
7705.522156	-117.875221
7706.195068	-117.132362
7706.867981	-117.677200
7707.540894	-118.041191
7708.213806	-117.942451
7708.886719	-118.655121
7709.559631	-117.876907
7710.232544	-117.603226
7710.905457	-117.092232
7711.578369	-118.009438
7712.251282	-117.759033
7712.924194	-120.078667
7713.597107	-119.563400
7714.270020	-118.477127
7714.942932	-118.345116
7715.615845	-119.168800
7716.288757	-118.842972
7716.961670	-118.660980
7717.634583	-120.017899
7718.307495	-120.550797
7718.980408	-119.703712
7719.653320	-119.635399
7720.326233	-120.009186
7720.999146	-118.708641
7721.672058	-119.031929
7722.344971	-119.043953
7723.017883	-118.632217
7723.690796	-119.598602
7724.363708	-120.107132
7725.036621	-120.214096
7725.709534	-119.614136
7726.382446	-119.773582
7727.055359	-118.899300
7727.728271	-119.289703
7728.401184	-119.011925
7729.074097	-118.768585
7729.747009	-119.497154
7730.419922	-119.773193
7731.092834	-120.409508
7731.765747	-120.437630
7732.438660	-120.955681
7733.111572	-120.625710
7733.784485	-119.412468
7734.457397	-118.135353
7735.130310	-119.145866
7735.803223	-119.621292
7736.476135	-119.738419
7737.149048	-120.154755
7737.821960	-119.339439
7738.494873	-119.939713
7739.167786	-119.531441
7739.840698	-119.376190
7740.513611	-119.596123
7741.186523	-120.082535
7741.859436	-119.314766
7742.532349	-119.614014
7743.205261	-119.371124
7743.878174	-119.531441
7744.551086	-120.252853
7745.223999	-119.072937
7745.896912	-118.475525
7746.569824	-118.894745
7747.242737	-120.291031
7747.915649	-119.999222
7748.588562	-120.541351
7749.261475	-120.657204
7749.934387	-119.347214
7750.607300	-120.250244
7751.280212	-119.927391
7751.953125	-120.458992
7752.626038	-119.134933
7753.298950	-119.599747
7753.971863	-120.261055
7754.644775	-120.312508
7755.317688	-119.171455
7755.990601	-119.408447
7756.663513	-119.301903
7757.336426	-119.208145
7758.009338	-120.060287
7758.682251	-119.569351
7759.355164	-119.105782
7760.028076	-119.113625
7760.700989	-119.045189
7761.373901	-120.090042
7762.046814	-120.234314
7762.719727	-119.272530
7763.392639	-119.731819
7764.065552	-119.781334
7764.738464	-119.081161
7765.411377	-119.029037
7766.084290	-119.328232
7766.757202	-121.185898
7767.430115	-120.565880
7768.103027	-119.973137
7768.775940	-119.758629
7769.448853	-119.101654
7770.121765	-118.909348
7770.794678	-119.086884
7771.467590	-119.830811
7772.140503	-120.399673
7772.813416	-119.416306
7773.486328	-120.001663
7774.159241	-118.685074
7774.832153	-119.121254
7775.505066	-119.182350
7776.177979	-119.662933
7776.850891	-119.742821
7777.523804	-118.867271
7778.196716	-118.721748
7778.869629	-118.585510
7779.542542	-119.367134
7780.215454	-120.122490
7780.888367	-120.788818
7781.561279	-120.028908
7782.234192	-119.802490
7782.907104	-119.738365
7783.580017	-119.761330
7784.252930	-119.828522
7784.925842	-119.349045
7785.598755	-118.911133
7786.271667	-119.370804
7786.944580	-118.945213
7787.617493	-118.343620
7788.290405	-118.533249
7788.963318	-119.793938
7789.636230	-118.552277
7790.309143	-118.949478
7790.982056	-119.418022
7791.654968	-119.612114
7792.327881	-119.646217
7793.000793	-120.289398
7793.673706	-120.455399
7794.346619	-119.369827
7795.019531	-119.105255
7795.692444	-119.545380
7796.365356	-120.433815
7797.038269	-120.026558
7797.711182	-119.139473
7798.384094	-119.208115
7799.057007	-118.964394
7799.729919	-118.283188
7800.402832	-118.245972
7801.075745	-118.988564
7801.748657	-119.099518
7802.421570	-120.086792
7803.094482	-117.987495
7803.767395	-118.107368
7804.440308	-120.205048
7805.113220	-119.281845
7805.786133	-119.530655
7806.459045	-119.280304
7807.131958	-120.049583
7807.804871	-120.504959
7808.477783	-120.401901
7809.150696	-120.189995
7809.823608	-120.258766
7810.496521	-119.522629
7811.169434	-120.502480
7811.842346	-119.191589
7812.515259	-118.707344
7813.188171	-118.476868
7813.861084	-119.140419
7814.533997	-121.025360
7815.206909	-120.557770
7815.879822	-119.579239
7816.552734	-119.425980
7817.225647	-119.547859
7817.898560	-119.671562
7818.571472	-118.851799
7819.244385	-119.273102
7819.917297	-119.619827
7820.590210	-120.112488
7821.263123	-118.954964
7821.936035	-118.060753
7822.608948	-118.769775
7823.281860	-119.573349
7823.954773	-119.587128
7824.627686	-119.018219
7825.300598	-118.316994
7825.973511	-117.946060
7826.646423	-119.517273
7827.319336	-119.998894
7827.992249	-118.514702
7828.665161	-118.729660
7829.338074	-119.258827
7830.010986	-119.678581
7830.683899	-118.940948
7831.356812	-118.796822
7832.029724	-119.891045
7832.702637	-119.086418
7833.375549	-118.874229
7834.048462	-119.056084
7834.721375	-118.996124
7835.394287	-120.586411
7836.067200	-120.104500
7836.740112	-119.194908
7837.413025	-119.722145
7838.085938	-120.706467
7838.758850	-119.300476
7839.431763	-119.499138
7840.104675	-119.798103
7840.777588	-119.833130
7841.450500	-120.540657
7842.123413	-120.335632
7842.796326	-119.554436
7843.469238	-119.971100
7844.142151	-119.618172
7844.815063	-120.087585
7845.487976	-119.965614
7846.160889	-120.650360
7846.833801	-119.708405
7847.506714	-118.313408
7848.179626	-118.933777
7848.852539	-119.048004
7849.525452	-119.070618
7850.198364	-119.528206
7850.871277	-120.408646
7851.544189	-120.788040
7852.217102	-119.048225
7852.890015	-118.730171
7853.562927	-118.827827
7854.235840	-119.677200
7854.908752	-118.639526
7855.581665	-118.391403
7856.254578	-118.929039
7856.927490	-118.736023
7857.600403	-119.071098
7858.273315	-118.274597
7858.946228	-118.927017
7859.619141	-118.768379
7860.292053	-119.304550
7860.964966	-119.331207
7861.637878	-118.678749
7862.310791	-118.670616
7862.983704	-119.512947
7863.656616	-119.437805
7864.329529	-119.247261
7865.002441	-119.520538
7865.675354	-119.325142
7866.348267	-118.958237
7867.021179	-120.145226
7867.694092	-120.094055
7868.367004	-118.808144
7869.039917	-118.408691
7869.712830	-119.676727
7870.385742	-119.005943
7871.058655	-118.398476
7871.731567	-118.538544
7872.404480	-119.479767
7873.077393	-120.616669
7873.750305	-120.038300
7874.423218	-119.542679
7875.096130	-119.119171
7875.769043	-119.859009
7876.441956	-119.981148
7877.114868	-118.804199
7877.787781	-118.917603
7878.460693	-119.401733
7879.133606	-119.875122
7879.806519	-120.151543
7880.479431	-119.141510
7881.152344	-119.280182
7881.825256	-120.256973
7882.498169	-120.290176
7883.171082	-119.902542
7883.843994	-120.470856
7884.516907	-119.825249
7885.189819	-119.810318
7885.862732	-120.944786
7886.535645	-120.353134
7887.208557	-118.926521
7887.881470	-118.441338
7888.554382	-118.161613
7889.227295	-119.692299
7889.900208	-119.230576
7890.573120	-118.309425
7891.246033	-118.772514
7891.918945	-119.210648
7892.591858	-119.675110
7893.264771	-118.837547
7893.937683	-120.094650
7894.610596	-119.321251
7895.283508	-118.571152
7895.956421	-119.299149
7896.629333	-119.623718
7897.302246	-119.668823
7897.975159	-120.049095
7898.648071	-119.874649
7899.320984	-119.302628
7899.993896	-119.711205
7900.666809	-120.368355
7901.339722	-119.632080
7902.012634	-120.347702
7902.685547	-121.221771
7903.358459	-120.818748
7904.031372	-119.167229
7904.704285	-118.858826
7905.377197	-118.814789
7906.050110	-119.532806
7906.723022	-119.281647
7907.395935	-119.289612
7908.068848	-119.206734
7908.741760	-119.087265
7909.414673	-119.027000
7910.087585	-119.206223
7910.760498	-118.963432
7911.433411	-118.941635
7912.106323	-120.182106
7912.779236	-119.822868
7913.452148	-119.136604
7914.125061	-120.025223
7914.797974	-120.279785
7915.470886	-119.131836
7916.143799	-119.476028
7916.816711	-119.339462
7917.489624	-119.050896
7918.162537	-119.022491
7918.835449	-120.474640
7919.508362	-119.509033
7920.181274	-118.973160
7920.854187	-118.460518
7921.527100	-118.828430
7922.200012	-119.014069
7922.872925	-118.578468
7923.545837	-119.086952
7924.218750	-119.297211
7924.891663	-119.268501
7925.564575	-119.666992
7926.237488	-120.112732
7926.910400	-119.431007
7927.583313	-120.368309
7928.256226	-119.618660
7928.929138	-119.069069
7929.602051	-119.074478
7930.274963	-119.644867
7930.947876	-120.145081
7931.620789	-119.707489
7932.293701	-118.864655
7932.966614	-119.290833
7933.639526	-119.510147
7934.312439	-119.738861
7934.985352	-118.736481
7935.658264	-118.946457
7936.331177	-119.499962
7937.004089	-118.946434
7937.677002	-118.803894
7938.349915	-119.101028
7939.022827	-118.679276
7939.695740	-118.492325
7940.368652	-119.280457
7941.041565	-119.255798
7941.714478	-118.533562
7942.387390	-119.088356
7943.060303	-120.077019
7943.733215	-121.050232
7944.406128	-119.584991
7945.079041	-120.222122
7945.751953	-119.865166
7946.424866	-119.218658
7947.097778	-119.251343
7947.770691	-119.215225
7948.443604	-119.300438
7949.116516	-120.281952
7949.789429	-120.540916
7950.462341	-120.338173
7951.135254	-120.467575
7951.808167	-120.054626
7952.481079	-120.107864
7953.153992	-118.867569
7953.826904	-119.807243
7954.499817	-119.915497
7955.172729	-119.656876
7955.845642	-119.617134
7956.518555	-118.993927
7957.191467	-118.517227
7957.864380	-118.651810
7958.537292	-119.028488
7959.210205	-119.291359
7959.883118	-119.586502
7960.556030	-120.305908
7961.228943	-119.079704
7961.901855	-118.440659
7962.574768	-118.353363
7963.247681	-118.689560
7963.920593	-118.579773
7964.593506	-117.874626
7965.266418	-119.218063
7965.939331	-120.328293
7966.612244	-119.368599
7967.285156	-118.769791
7967.958069	-118.547935
7968.630981	-119.342834
7969.303894	-119.225098
7969.976807	-119.531921
7970.649719	-119.392525
7971.322632	-118.738342
7971.995544	-120.123802
7972.668457	-119.843811
7973.341370	-119.827927
7974.014282	-119.985786
7974.687195	-118.401657
7975.360107	-118.501534
7976.033020	-118.422195
7976.705933	-119.323479
7977.378845	-118.303871
7978.051758	-119.020142
7978.724670	-119.323509
7979.397583	-119.884850
7980.070496	-119.873566
7980.743408	-119.020180
7981.416321	-119.467491
7982.089233	-119.360886
7982.762146	-119.163048
7983.435059	-118.687309
7984.107971	-118.485786
7984.780884	-119.897415
7985.453796	-118.716866
7986.126709	-119.626556
7986.799622	-120.493469
7987.472534	-119.340736
7988.145447	-119.668587
7988.818359	-119.743202
7989.491272	-119.653023
7990.164185	-118.408508
7990.837097	-118.910706
7991.510010	-120.137016
7992.182922	-121.058975
7992.855835	-119.807861
7993.528748	-119.669182
7994.201660	-119.618713
7994.874573	-120.244370
7995.547485	-120.393753
7996.220398	-118.917999
7996.893311	-118.599197
7997.566223	-119.283447
7998.239136	-120.587013
7998.912048	-120.265831
7999.584961	-119.211967
8000.257874	-119.130379
8000.930786	-119.419220
8001.603699	-119.790108
8002.276611	-119.173508
8002.949524	-119.270203
8003.622437	-119.050697
8004.295349	-119.094559
8004.968262	-118.831528
8005.641174	-119.331665
8006.314087	-119.810555
8006.987000	-119.061928
8007.659912	-118.419807
8008.332825	-119.569115
8009.005737	-120.186905
8009.678650	-119.480362
8010.351562	-119.806740
8011.024475	-119.034813
8011.697388	-118.189697
8012.370300	-119.738548
8013.043213	-119.747826
8013.716125	-119.642639
8014.389038	-119.074684
8015.061951	-119.411179
8015.734863	-119.947327
8016.407776	-119.403748
8017.080688	-119.187645
8017.753601	-119.742401
8018.426514	-120.604881
8019.099426	-119.376488
8019.772339	-118.682663
8020.445251	-117.892471
8021.118164	-118.815674
8021.791077	-119.493515
8022.463989	-119.682030
8023.136902	-118.799667
8023.809814	-118.560333
8024.482727	-119.420967
8025.155640	-119.527344
8025.828552	-118.889374
8026.501465	-119.778366
8027.174377	-119.057701
8027.847290	-118.806503
8028.520203	-119.456100
8029.193115	-120.157524
8029.866028	-120.164398
8030.538940	-119.144341
8031.211853	-118.767189
8031.884766	-119.482353
8032.557678	-119.126305
8033.230591	-118.399414
8033.903503	-117.219704
8034.576416	-117.586334
8035.249329	-119.277000
8035.922241	-119.837006
8036.595154	-119.803001
8037.268066	-119.560753
8037.940979	-119.767273
8038.613892	-119.573944
8039.286804	-119.183083
8039.959717	-117.635574
8040.632629	-118.250328
8041.305542	-120.074295
8041.978455	-119.762825
8042.651367	-119.167252
8043.324280	-118.987587
8043.997192	-119.528732
8044.670105	-119.494720
8045.343018	-118.322449
8046.015930	-119.673584
8046.688843	-119.684509
8047.361755	-119.900528
8048.034668	-120.330696
8048.707581	-119.294907
8049.380493	-118.936745
8050.053406	-120.223770
8050.726318	-119.940437
8051.399231	-119.440041
8052.072144	-119.087959
8052.745056	-119.593956
8053.417969	-120.048027
8054.090881	-118.554054
8054.763794	-118.181366
8055.436707	-119.563271
8056.109619	-119.006706
8056.782532	-118.339485
8057.455444	-118.546829
8058.128357	-118.859985
8058.801270	-119.852974
8059.474182	-119.835220
8060.147095	-119.724815
8060.820007	-120.056038
8061.492920	-118.983971
8062.165833	-119.524605
8062.838745	-118.764259
8063.511658	-119.177658
8064.184570	-119.044769
8064.857483	-119.492828
8065.530396	-118.552856
8066.203308	-118.878662
8066.876221	-119.615974
8067.549133	-119.110466
8068.222046	-119.211388
8068.894958	-119.214638
8069.567871	-118.582863
8070.240784	-118.527016
8070.913696	-118.654839
8071.586609	-119.304863
8072.259521	-118.885834
8072.932434	-118.310921
8073.605347	-118.515800
8074.278259	-118.883026
8074.951172	-119.281555
8075.624084	-120.442703
8076.296997	-119.624962
8076.969910	-118.667091
8077.642822	-118.429153
8078.315735	-118.590805
8078.988647	-118.866905
8079.661560	-119.176567
8080.334473	-119.231079
8081.007385	-119.474510
8081.680298	-120.100670
8082.353210	-119.902740
8083.026123	-119.109482
8083.699036	-118.875793
8084.371948	-119.112106
8085.044861	-120.076492
8085.717773	-119.833260
8086.390686	-120.152496
8087.063599	-119.783203
8087.736511	-119.559631
8088.409424	-120.121773
8089.082336	-118.949173
8089.755249	-119.433907
8090.428162	-119.894318
8091.101074	-119.458824
8091.773987	-119.655449
8092.446899	-119.456696
8093.119812	-118.805191
8093.792725	-118.221931
8094.465637	-119.432671
8095.138550	-120.278358
8095.811462	-119.854858
8096.484375	-119.298386
8097.157288	-118.801697
8097.830200	-117.809677
8098.503113	-118.932564
8099.176025	-120.150063
8099.848938	-119.900276
8100.521851	-119.453445
8101.194763	-119.819252
8101.867676	-119.523560
8102.540588	-119.554428
8103.213501	-121.037079
8103.886414	-120.201385
8104.559326	-118.964211
8105.232239	-118.811478
8105.905151	-118.828339
8106.578064	-120.183777
8107.250977	-120.643852
8107.923889	-120.584854
8108.596802	-119.857353
8109.269714	-119.116005
8109.942627	-119.623390
8110.615540	-119.333252
8111.288452	-118.414116
8111.961365	-118.748428
8112.634277	-119.594398
8113.307190	-119.120934
8113.980103	-118.971001
8114.653015	-118.642365
8115.325928	-119.355331
8115.998840	-119.178047
8116.671753	-118.535835
8117.344666	-118.619492
8118.017578	-119.601959
8118.690491	-119.041840
8119.363403	-118.874008
8120.036316	-119.486313
8120.709229	-119.627029
8121.382141	-120.315468
8122.055054	-119.641243
8122.727966	-119.691589
8123.400879	-118.758041
8124.073792	-118.270752
8124.746704	-118.962067
8125.419617	-119.368874
8126.092529	-119.664703
8126.765442	-119.535049
8127.438354	-119.764671
8128.111267	-120.111580
8128.784180	-119.638130
8129.457092	-119.016373
8130.130005	-118.929115
8130.802917	-118.407562
8131.475830	-118.193481
8132.148743	-119.371696
8132.821655	-119.554070
8133.494568	-118.282967
8134.167480	-118.349464
8134.840393	-119.212227
8135.513306	-119.339943
8136.186218	-118.293152
8136.859131	-118.893684
8137.532043	-118.478889
8138.204956	-119.191650
8138.877869	-119.123779
8139.550781	-119.330933
8140.223694	-118.841003
8140.896606	-119.450470
8141.569519	-119.124741
8142.242432	-118.274773
8142.915344	-118.933495
8143.588257	-118.426445
8144.261169	-119.083458
8144.934082	-120.059059
8145.606995	-119.473656
8146.279907	-118.682449
8146.952820	-118.761131
8147.625732	-118.676086
8148.298645	-118.564140
8148.971558	-118.851196
8149.644470	-118.603531
8150.317383	-118.879539
8150.990295	-119.456947
8151.663208	-119.982536
8152.336121	-119.853035
8153.009033	-119.561264
8153.681946	-120.010567
8154.354858	-119.715080
8155.027771	-119.579964
8155.700684	-119.341682
8156.373596	-118.591110
8157.046509	-118.582535
8157.719421	-119.774139
8158.392334	-118.877235
8159.065247	-118.692429
8159.738159	-119.916054
8160.411072	-120.345619
8161.083984	-120.707520
8161.756897	-120.433128
8162.429810	-119.692154
8163.102722	-119.860054
8163.775635	-119.366165
8164.448547	-119.729866
8165.121460	-119.280029
8165.794373	-118.641159
8166.467285	-119.865875
8167.140198	-120.047363
8167.813110	-119.807701
8168.486023	-119.594269
8169.158936	-118.971283
8169.831848	-118.429138
8170.504761	-118.874092
8171.177673	-118.649734
8171.850586	-118.241501
8172.523499	-118.656822
8173.196411	-118.359840
8173.869324	-119.110222
8174.542236	-119.974609
8175.215149	-119.753540
8175.888062	-120.901543
8176.560974	-119.821266
8177.233887	-120.101311
8177.906799	-119.982552
8178.579712	-118.268456
8179.252625	-118.651215
8179.925537	-120.835060
8180.598450	-119.734566
8181.271362	-119.446640
8181.944275	-118.783699
8182.617188	-118.707886
8183.290100	-118.419807
8183.963013	-117.990715
8184.635925	-118.076576
8185.308838	-119.307343
8185.981750	-120.282524
8186.654663	-119.297470
8187.327576	-118.822411
8188.000488	-119.674728
8188.673401	-119.530228
8189.346313	-119.418152
8190.019226	-118.447517
8190.692139	-117.850792
8191.365051	-118.340843
8192.037964	-119.638237
8192.710876	-120.129379
8193.383789	-121.471352
8194.056702	-121.008293
8194.729614	-119.525726
8195.402527	-119.201332
8196.075439	-120.359589
8196.748352	-120.072182
8197.421265	-119.169716
8198.094177	-119.675163
8198.767090	-118.518463
8199.440002	-118.836281
8200.112915	-119.057915
8200.785828	-118.911377
8201.458740	-118.897079
8202.131653	-119.713104
8202.804565	-119.406784
8203.477478	-118.997696
8204.150391	-119.003578
8204.823303	-118.571739
8205.496216	-118.908035
8206.169128	-119.681099
8206.842041	-119.263893
8207.514954	-119.038185
8208.187866	-119.316170
8208.860779	-118.916122
8209.533691	-118.332840
8210.206604	-119.146042
8210.879517	-119.234367
8211.552429	-119.103645
8212.225342	-120.026016
8212.898254	-119.207893
8213.571167	-118.692268
8214.244080	-118.227921
8214.916992	-118.668106
8215.589905	-119.070045
8216.262817	-118.774712
8216.935730	-118.883804
8217.608643	-118.919579
8218.281555	-118.501266
8218.954468	-119.252548
8219.627380	-119.524315
8220.300293	-119.656853
8220.973206	-119.695427
8221.646118	-120.339798
8222.319031	-118.820679
8222.991943	-118.515778
8223.664856	-119.120125
8224.337769	-119.136368
8225.010681	-119.112640
8225.683594	-119.192001
8226.356506	-119.296082
8227.029419	-119.423691
8227.702332	-118.902550
8228.375244	-118.923187
8229.048157	-120.232941
8229.721069	-119.986397
8230.393982	-119.369713
8231.066895	-119.532173
8231.739807	-120.001793
8232.412720	-119.374969
8233.085632	-119.006554
8233.758545	-118.382263
8234.431458	-118.986107
8235.104370	-119.590546
8235.777283	-118.288719
8236.450195	-118.618111
8237.123108	-119.719063
8237.796021	-119.696548
8238.468933	-118.820305
8239.141846	-119.186058
8239.814758	-118.852791
8240.487671	-119.697769
8241.160583	-120.157181
8241.833496	-119.797600
8242.506409	-118.949936
8243.179321	-118.340233
8243.852234	-119.186806
8244.525146	-119.471283
8245.198059	-118.520973
8245.870972	-119.687996
8246.543884	-119.375031
8247.216797	-119.249977
8247.889709	-120.075348
8248.562622	-120.125252
8249.235535	-119.337341
8249.908447	-120.343079
8250.581360	-120.507668
8251.254272	-119.888756
8251.927185	-119.863770
8252.600098	-119.725571
8253.273010	-118.840950
8253.945923	-118.574707
8254.618835	-119.035507
8255.291748	-119.533173
8255.964661	-120.225258
8256.637573	-119.570671
8257.310486	-119.681175
8257.983398	-119.388283
8258.656311	-119.092834
8259.329224	-119.794540
8260.002136	-119.591026
8260.675049	-120.012093
8261.347961	-119.338593
8262.020874	-117.932999
8262.693787	-119.208511
8263.366699	-120.094955
8264.039612	-119.628456
8264.712524	-118.901573
8265.385437	-119.801300
8266.058350	-119.779633
8266.731262	-119.002113
8267.404175	-118.086098
8268.077087	-118.925400
8268.750000	-120.613434
8269.422913	-119.569351
8270.095825	-119.289284
8270.768738	-119.422249
8271.441650	-118.929161
8272.114563	-119.327789
8272.787476	-120.065643
8273.460388	-119.307701
8274.133301	-119.610481
8274.806213	-119.294617
8275.479126	-118.924423
8276.152039	-119.579079
8276.824951	-119.079292
8277.497864	-119.128723
8278.170776	-119.498695
8278.843689	-119.247108
8279.516602	-119.324440
8280.189514	-119.616692
8280.862427	-119.287849
8281.535339	-118.985352
8282.208252	-117.978020
8282.881165	-118.425659
8283.554077	-118.834450
8284.226990	-118.682526
8284.899902	-118.718452
8285.572815	-119.420174
8286.245728	-119.025543
8286.918640	-118.103233
8287.591553	-117.992378
8288.264465	-119.242188
8288.937378	-119.053062
8289.610291	-119.295532
8290.283203	-119.145294
8290.956116	-118.792358
8291.629028	-119.004318
8292.301941	-119.927673
8292.974854	-119.424149
8293.647766	-118.696571
8294.320679	-118.590668
8294.993591	-119.144768
8295.666504	-119.603180
8296.339417	-118.974892
8297.012329	-118.471741
8297.685242	-119.501266
8298.358154	-118.656479
8299.031067	-117.999298
8299.703979	-119.036049
8300.376892	-119.581841
8301.049805	-119.047661
8301.722717	-118.936005
8302.395630	-118.715385
8303.068542	-118.666313
8303.741455	-119.338684
8304.414368	-119.346283
8305.087280	-119.820587
8305.760193	-118.700783
8306.433105	-118.974152
8307.106018	-119.491638
8307.778931	-118.570076
8308.451843	-119.449921
8309.124756	-120.225380
8309.797668	-119.617264
8310.470581	-120.052307
8311.143494	-120.034874
8311.816406	-119.703514
8312.489319	-119.557510
8313.162231	-119.796608
8313.835144	-118.814880
8314.508057	-119.416664
8315.180969	-118.843750
8315.853882	-118.598877
8316.526794	-118.934082
8317.199707	-119.370819
8317.872620	-119.806343
8318.545532	-119.011337
8319.218445	-118.843025
8319.891357	-120.754814
8320.564270	-120.148956
8321.237183	-118.885445
8321.910095	-119.877151
8322.583008	-120.478592
8323.255920	-119.927536
8323.928833	-118.758209
8324.601746	-119.037018
8325.274658	-119.130074
8325.947571	-119.217400
8326.620483	-119.141174
8327.293396	-120.162727
8327.966309	-120.304161
8328.639221	-119.765923
8329.312134	-118.548248
8329.985046	-117.798790
8330.657959	-117.585335
8331.330872	-118.281197
8332.003784	-118.475510
8332.676697	-118.950584
8333.349609	-118.969124
8334.022522	-119.665657
8334.695435	-118.933380
8335.368347	-117.975189
8336.041260	-118.407799
8336.714172	-119.318283
8337.387085	-119.158356
8338.059998	-119.077957
8338.732910	-118.353523
8339.405823	-117.895912
8340.078735	-118.405167
8340.751648	-118.376732
8341.424561	-117.936653
8342.097473	-118.468834
8342.770386	-118.653618
8343.443298	-119.503899
8344.116211	-120.005119
8344.789124	-119.329636
8345.462036	-119.509315
8346.134949	-119.287872
8346.807861	-119.114151
8347.480774	-119.197319
8348.153687	-118.999443
8348.826599	-118.601311
8349.499512	-119.291611
8350.172424	-119.755699
8350.845337	-119.542931
8351.518250	-120.535294
8352.191162	-120.635529
8352.864075	-120.298653
8353.536987	-120.313889
8354.209900	-120.522491
8354.882812	-119.518394
8355.555725	-119.462151
8356.228638	-118.805008
8356.901550	-118.344078
8357.574463	-118.939041
8358.247375	-119.631409
8358.920288	-119.482307
8359.593201	-118.714561
8360.266113	-117.848282
8360.939026	-117.911591
8361.611938	-118.838310
8362.284851	-118.726608
8362.957764	-119.005775
8363.630676	-118.728554
8364.303589	-119.241615
8364.976501	-119.441254
8365.649414	-119.898537
8366.322327	-119.595390
8366.995239	-119.657616
8367.668152	-120.254120
8368.341064	-118.818077
8369.013977	-118.994225
8369.686890	-119.541367
8370.359802	-119.354378
8371.032715	-118.526031
8371.705627	-119.488495
8372.378540	-119.435181
8373.051453	-119.128838
8373.724365	-119.990410
8374.397278	-119.936493
8375.070190	-118.716248
8375.743103	-119.248779
8376.416016	-119.268425
8377.088928	-119.278526
8377.761841	-118.901718
8378.434753	-119.164070
8379.107666	-118.519661
8379.780579	-119.223526
8380.453491	-120.373413
8381.126404	-119.316612
8381.799316	-118.531723
8382.472229	-117.903931
8383.145142	-118.530937
8383.818054	-119.541451
8384.490967	-120.005600
8385.163879	-120.164711
8385.836792	-119.566284
8386.509705	-119.230362
8387.182617	-119.272972
8387.855530	-118.838249
8388.528442	-118.927361
8389.201355	-119.608711
8389.874268	-120.083824
8390.547180	-119.540619
8391.220093	-119.121765
8391.893005	-119.842331
8392.565918	-120.366531
8393.238831	-118.499275
8393.911743	-118.562027
8394.584656	-119.551270
8395.257568	-119.745720
8395.930481	-119.332191
8396.603394	-119.440788
8397.276306	-118.638466
8397.949219	-118.248413
8398.622131	-118.241959
8399.295044	-118.827789
8399.967957	-119.116692
8400.640869	-118.942749
8401.313782	-118.706207
8401.986694	-118.526031
8402.659607	-119.081841
8403.332520	-119.926613
8404.005432	-119.300629
8404.678345	-119.091370
8405.351257	-119.328247
8406.024170	-119.354607
8406.697083	-119.000092
8407.369995	-118.919647
8408.042908	-119.040665
8408.715820	-118.595146
8409.388733	-119.432655
8410.061646	-119.740814
8410.734558	-119.509125
8411.407471	-120.129684
8412.080383	-118.528549
8412.753296	-119.732147
8413.426208	-120.040001
8414.099121	-119.987617
8414.772034	-119.004410
8415.444946	-118.000847
8416.117859	-118.371338
8416.790771	-119.520920
8417.463684	-118.579895
8418.136597	-118.513725
8418.809509	-118.412346
8419.482422	-118.380272
8420.155334	-118.215897
8420.828247	-118.013245
8421.501160	-118.465492
8422.174072	-119.210136
8422.846985	-118.830315
8423.519897	-118.042183
8424.192810	-118.880943
8424.865723	-119.026802
8425.538635	-118.917862
8426.211548	-118.499176
8426.884460	-118.240196
8427.557373	-118.674553
8428.230286	-118.709549
8428.903198	-119.209282
8429.576111	-118.671997
8430.249023	-118.323051
8430.921936	-118.037704
8431.594849	-119.201614
8432.267761	-118.498085
8432.940674	-118.577614
8433.613586	-119.752068
8434.286499	-118.682205
8434.959412	-118.761688
8435.632324	-119.400017
8436.305237	-119.638039
8436.978149	-119.277504
8437.651062	-118.704124
8438.323975	-119.083351
8438.996887	-119.192535
8439.669800	-119.621971
8440.342712	-119.033508
8441.015625	-118.866920
8441.688538	-118.899002
8442.361450	-119.485703
8443.034363	-118.924873
8443.707275	-119.448822
8444.380188	-119.394829
8445.053101	-118.758926
8445.726013	-119.172844
8446.398926	-118.726631
8447.071838	-118.681732
8447.744751	-119.361069
8448.417664	-119.214859
8449.090576	-119.118523
8449.763489	-119.467026
8450.436401	-119.106178
8451.109314	-119.242783
8451.782227	-120.458168
8452.455139	-119.333725
8453.128052	-118.973610
8453.800964	-119.180153
8454.473877	-118.827957
8455.146790	-118.401176
8455.819702	-117.731476
8456.492615	-118.587013
8457.165527	-118.594711
8457.838440	-118.614861
8458.511353	-119.792686
8459.184265	-119.995178
8459.857178	-119.606178
8460.530090	-119.247711
8461.203003	-118.235405
8461.875916	-118.776649
8462.548828	-118.401337
8463.221741	-117.990921
8463.894653	-119.051674
8464.567566	-119.243706
8465.240479	-119.306976
8465.913391	-118.499695
8466.586304	-119.107330
8467.259216	-119.526764
8467.932129	-119.891243
8468.605042	-119.787453
8469.277954	-118.347527
8469.950867	-118.212891
8470.623779	-118.471832
8471.296692	-119.001541
8471.969604	-118.429329
8472.642517	-118.718102
8473.315430	-118.837799
8473.988342	-118.775215
8474.661255	-119.064774
8475.334167	-119.606796
8476.007080	-119.921722
8476.679993	-119.428741
8477.352905	-118.849182
8478.025818	-119.831894
8478.698730	-120.272026
8479.371643	-120.512497
8480.044556	-120.061615
8480.717468	-119.557304
8481.390381	-119.224304
8482.063293	-120.399208
8482.736206	-119.058250
8483.409119	-118.292671
8484.082031	-119.120033
8484.754944	-119.103737
8485.427856	-119.421074
8486.100769	-119.135597
8486.773682	-118.704712
8487.446594	-118.219650
8488.119507	-118.750023
8488.792419	-120.439476
8489.465332	-120.283012
8490.138245	-119.108963
8490.811157	-118.361351
8491.484070	-119.839561
8492.156982	-119.122131
8492.829895	-118.918877
8493.502808	-118.804977
8494.175720	-118.068344
8494.848633	-118.756004
8495.521545	-120.047638
8496.194458	-119.720558
8496.867371	-119.531990
8497.540283	-118.678032
8498.213196	-119.018959
8498.886108	-120.383423
8499.559021	-119.633438
8500.231934	-118.884544
8500.904846	-119.345604
8501.577759	-120.091019
8502.250671	-119.623749
8502.923584	-119.628853
8503.596497	-119.805687
8504.269409	-119.234367
8504.942322	-118.926720
8505.615234	-118.893623
8506.288147	-119.027031
8506.961060	-119.635063
8507.633972	-119.051331
8508.306885	-119.544243
8508.979797	-118.944862
8509.652710	-118.028305
8510.325623	-118.028580
8510.998535	-118.938713
8511.671448	-119.451439
8512.344360	-120.182159
8513.017273	-120.009109
8513.690186	-118.834778
8514.363098	-119.404716
8515.036011	-117.974457
8515.708923	-118.290451
8516.381836	-119.306801
8517.054749	-119.206490
8517.727661	-120.062439
8518.400574	-119.722290
8519.073486	-118.364151
8519.746399	-117.941772
8520.419312	-118.154083
8521.092224	-118.338768
8521.765137	-117.565010
8522.438049	-119.075508
8523.110962	-119.464363
8523.783875	-118.668732
8524.456787	-118.280510
8525.129700	-118.640755
8525.802612	-120.177277
8526.475525	-120.139671
8527.148438	-118.804855
8527.821350	-118.722397
8528.494263	-119.428726
8529.167175	-118.963783
8529.840088	-118.776497
8530.513000	-118.920204
8531.185913	-119.471031
8531.858826	-118.371513
8532.531738	-119.306183
8533.204651	-119.016724
8533.877563	-119.324379
8534.550476	-119.388626
8535.223389	-119.222198
8535.896301	-117.216507
8536.569214	-117.023163
8537.242126	-118.590538
8537.915039	-119.451042
8538.587952	-119.455620
8539.260864	-118.393517
8539.933777	-118.809433
8540.606689	-119.326118
8541.279602	-118.851158
8541.952515	-119.487968
8542.625427	-118.227936
8543.298340	-118.771248
8543.971252	-120.613358
8544.644165	-118.921585
8545.317078	-120.109566
8545.989990	-119.573425
8546.662903	-119.306725
8547.335815	-118.900612
8548.008728	-119.076057
8548.681641	-118.886185
8549.354553	-119.630547
8550.027466	-120.782608
8550.700378	-120.416016
8551.373291	-119.646034
8552.046204	-119.222916
8552.719116	-119.466507
8553.392029	-119.350487
8554.064941	-118.970528
8554.737854	-118.982368
8555.410767	-118.556000
8556.083679	-118.364883
8556.756592	-118.907509
8557.429504	-119.490494
8558.102417	-120.331123
8558.775330	-119.745239
8559.448242	-119.242531
8560.121155	-119.454338
8560.794067	-118.477097
8561.466980	-119.181808
8562.139893	-119.831100
8562.812805	-119.451424
8563.485718	-119.379646
8564.158630	-119.772804
8564.831543	-118.682030
8565.504456	-118.830269
8566.177368	-118.910606
8566.850281	-119.085770
8567.523193	-117.788605
8568.196106	-118.912086
8568.869019	-119.840530
8569.541931	-119.617874
8570.214844	-119.695198
8570.887756	-119.352341
8571.560669	-119.390923
8572.233582	-119.319061
8572.906494	-119.931145
8573.579407	-119.344841
8574.252319	-119.918343
8574.925232	-119.252892
8575.598145	-118.039009
8576.271057	-118.183945
8576.943970	-119.057922
8577.616882	-118.289665
8578.289795	-118.537415
8578.962708	-118.911179
8579.635620	-119.005241
8580.308533	-118.853981
8580.981445	-119.239655
8581.654358	-119.227386
8582.327271	-118.636253
8583.000183	-119.241203
8583.673096	-118.412354
8584.346008	-119.042336
8585.018921	-118.514297
8585.691833	-118.739479
8586.364746	-118.747856
8587.037659	-118.453896
8587.710571	-119.077133
8588.383484	-119.742958
8589.056396	-119.916519
8589.729309	-120.604340
8590.402222	-119.893677
8591.075134	-119.524414
8591.748047	-118.958817
8592.420959	-118.636703
8593.093872	-118.729889
8593.766785	-118.111420
8594.439697	-118.561096
8595.112610	-118.993996
8595.785522	-119.463898
8596.458435	-119.835831
8597.131348	-118.523766
8597.804260	-117.930283
8598.477173	-118.864502
8599.150085	-118.635750
8599.822998	-118.229729
8600.495911	-118.881050
8601.168823	-118.454178
8601.841736	-118.944160
8602.514648	-118.934822
8603.187561	-119.369843
8603.860474	-119.186699
8604.533386	-118.880737
8605.206299	-118.469803
8605.879211	-118.096558
8606.552124	-118.241486
8607.225037	-118.437714
8607.897949	-119.028053
8608.570862	-118.871704
8609.243774	-118.785919
8609.916687	-118.123466
8610.589600	-117.659775
8611.262512	-117.700508
8611.935425	-118.658371
8612.608337	-118.663589
8613.281250	-119.520714
8613.954163	-119.428535
8614.627075	-118.618446
8615.299988	-119.350723
8615.972900	-119.446144
8616.645813	-119.170059
8617.318726	-119.758347
8617.991638	-119.091660
8618.664551	-118.248596
8619.337463	-119.077400
8620.010376	-118.283943
8620.683289	-117.721672
8621.356201	-118.588509
8622.029114	-118.771645
8622.702026	-118.730034
8623.374939	-118.787025
8624.047852	-118.048592
8624.720764	-118.208488
8625.393677	-118.723961
8626.066589	-118.410873
8626.739502	-118.341042
8627.412415	-119.624496
8628.085327	-119.102074
8628.758240	-119.759430
8629.431152	-119.009529
8630.104065	-118.075378
8630.776978	-118.113106
8631.449890	-117.502884
8632.122803	-117.991333
8632.795715	-118.859642
8633.468628	-118.871964
8634.141541	-119.616409
8634.814453	-120.508171
8635.487366	-119.258324
8636.160278	-118.694931
8636.833191	-118.319252
8637.506104	-118.865479
8638.179016	-119.821808
8638.851929	-120.250534
8639.524841	-119.192734
8640.197754	-119.595535
8640.870667	-119.577011
8641.543579	-118.771912
8642.216492	-117.866302
8642.889404	-118.177185
8643.562317	-119.438438
8644.235229	-118.790161
8644.908142	-118.313759
8645.581055	-119.607475
8646.253967	-118.288055
8646.926880	-117.928299
8647.599792	-117.755775
8648.272705	-118.447243
8648.945618	-118.994789
8649.618530	-119.337357
8650.291443	-119.702293
8650.964355	-119.127075
8651.637268	-118.097176
8652.310181	-118.476677
8652.983093	-118.361984
8653.656006	-118.513870
8654.328918	-119.314026
8655.001831	-119.874603
8655.674744	-120.224144
8656.347656	-119.657104
8657.020569	-119.605164
8657.693481	-118.516396
8658.366394	-119.093536
8659.039307	-119.966225
8659.712219	-119.064217
8660.385132	-119.536850
8661.058044	-119.556206
8661.730957	-118.567772
8662.403870	-118.755730
8663.076782	-119.208229
8663.749695	-118.148903
8664.422607	-119.269379
8665.095520	-119.679031
8665.768433	-118.722786
8666.441345	-117.765076
8667.114258	-118.172516
8667.787170	-117.891479
8668.460083	-118.252953
8669.132996	-118.976334
8669.805908	-117.577011
8670.478821	-118.420921
8671.151733	-119.724098
8671.824646	-119.365219
8672.497559	-119.769760
8673.170471	-118.909019
8673.843384	-118.338318
8674.516296	-117.794960
8675.189209	-117.345467
8675.862122	-118.871216
8676.535034	-119.181755
8677.207947	-119.237572
8677.880859	-119.409729
8678.553772	-120.146759
8679.226685	-119.696884
8679.899597	-119.543365
8680.572510	-118.691040
8681.245422	-118.731941
8681.918335	-117.791901
8682.591248	-117.640732
8683.264160	-117.542488
8683.937073	-120.362206
8684.609985	-119.718018
8685.282898	-119.712677
8685.955811	-118.854271
8686.628723	-119.405533
8687.301636	-119.351349
8687.974548	-118.476440
8688.647461	-118.639122
8689.320374	-118.539886
8689.993286	-119.004868
8690.666199	-118.681526
8691.339111	-118.220200
8692.012024	-118.106125
8692.684937	-117.765610
8693.357849	-118.372421
8694.030762	-119.509338
8694.703674	-119.352753
8695.376587	-119.639664
8696.049500	-118.966164
8696.722412	-118.855759
8697.395325	-118.960815
8698.068237	-118.914276
8698.741150	-118.810417
8699.414062	-119.263580
8700.086975	-118.074295
8700.759888	-118.648796
8701.432800	-118.261124
8702.105713	-117.992210
8702.778625	-118.435066
8703.451538	-119.494865
8704.124451	-119.008492
8704.797363	-119.154800
8705.470276	-118.949181
8706.143188	-118.477463
8706.816101	-119.037163
8707.489014	-119.331558
8708.161926	-118.925179
8708.834839	-119.218704
8709.507751	-118.451889
8710.180664	-118.396141
8710.853577	-119.069099
8711.526489	-119.432831
8712.199402	-119.283882
8712.872314	-118.441574
8713.545227	-118.568253
8714.218140	-119.276962
8714.891052	-117.889954
8715.563965	-117.670128
8716.236877	-118.999168
8716.909790	-119.711983
8717.582703	-118.580261
8718.255615	-118.171532
8718.928528	-118.466888
8719.601440	-118.263435
8720.274353	-118.750237
8720.947266	-119.520187
8721.620178	-119.536171
8722.293091	-118.853668
8722.966003	-118.382553
8723.638916	-118.156876
8724.311829	-118.933678
8724.984741	-119.323601
8725.657654	-119.165604
8726.330566	-118.173882
8727.003479	-118.667809
8727.676392	-119.436005
8728.349304	-119.150818
8729.022217	-119.640259
8729.695129	-118.529854
8730.368042	-118.005478
8731.040955	-118.302437
8731.713867	-119.337906
8732.386780	-118.734940
8733.059692	-118.182297
8733.732605	-117.831833
8734.405518	-118.833496
8735.078430	-119.211220
8735.751343	-118.646393
8736.424255	-118.911102
8737.097168	-118.394043
8737.770081	-118.931717
8738.442993	-119.059883
8739.115906	-118.609825
8739.788818	-118.904129
8740.461731	-119.549942
8741.134644	-118.477402
8741.807556	-117.676918
8742.480469	-118.817139
8743.153381	-118.990021
8743.826294	-119.134148
8744.499207	-119.408882
8745.172119	-119.472557
8745.845032	-119.079399
8746.517944	-119.499390
8747.190857	-118.327034
8747.863770	-119.093391
8748.536682	-119.652069
8749.209595	-118.682030
8749.882507	-118.195763
8750.555420	-118.738403
8751.228333	-118.969025
8751.901245	-118.302681
8752.574158	-119.363380
8753.247070	-119.089249
8753.919983	-118.621132
8754.592896	-118.182991
8755.265808	-118.631599
8755.938721	-119.601120
8756.611633	-119.744812
8757.284546	-119.904373
8757.957458	-119.339447
8758.630371	-118.805641
8759.303284	-118.495270
8759.976196	-118.901390
8760.649109	-118.961098
8761.322021	-118.872734
8761.994934	-118.547256
8762.667847	-117.970436
8763.340759	-118.595718
8764.013672	-118.389259
8764.686584	-118.286781
8765.359497	-118.715363
8766.032410	-119.533325
8766.705322	-119.773064
8767.378235	-118.811096
8768.051147	-117.876404
8768.724060	-118.789711
8769.396973	-119.514862
8770.069885	-119.233261
8770.742798	-117.926224
8771.415710	-118.233757
8772.088623	-119.372871
8772.761536	-120.275154
8773.434448	-118.382210
8774.107361	-118.377075
8774.780273	-118.791481
8775.453186	-118.346161
8776.126099	-118.150429
8776.799011	-118.235634
8777.471924	-118.146851
8778.144836	-119.033485
8778.817749	-118.322792
8779.490662	-118.269005
8780.163574	-119.267700
8780.836487	-119.275558
8781.509399	-118.785706
8782.182312	-118.989838
8782.855225	-118.033653
8783.528137	-117.519493
8784.201050	-117.764374
8784.873962	-118.311340
8785.546875	-118.607925
8786.219788	-118.447403
8786.892700	-118.254448
8787.565613	-118.622047
8788.238525	-119.574326
8788.911438	-117.400513
8789.584351	-117.702934
8790.257263	-117.473961
8790.930176	-117.920609
8791.603088	-119.398811
8792.276001	-119.871452
8792.948914	-118.945389
8793.621826	-118.780167
8794.294739	-118.620483
8794.967651	-119.009048
8795.640564	-119.033432
8796.313477	-119.144943
8796.986389	-117.858490
8797.659302	-117.419090
8798.332214	-117.994698
8799.005127	-118.489220
8799.678040	-119.158852
8800.350952	-119.427803
8801.023865	-118.721527
8801.696777	-117.743576
8802.369690	-119.066238
8803.042603	-119.617317
8803.715515	-119.969879
8804.388428	-120.295372
8805.061340	-119.141174
8805.734253	-118.664474
8806.407166	-118.949799
8807.080078	-118.303055
8807.752991	-118.010040
8808.425903	-119.290764
8809.098816	-118.433578
8809.771729	-118.573776
8810.444641	-118.509644
8811.117554	-119.211418
8811.790466	-119.312889
8812.463379	-119.080429
8813.136292	-119.530411
8813.809204	-119.008812
8814.482117	-118.336945
8815.155029	-119.052376
8815.827942	-118.522072
8816.500854	-118.115440
8817.173767	-117.734879
8817.846680	-117.482803
8818.519592	-118.421837
8819.192505	-119.009644
8819.865417	-118.924629
8820.538330	-119.386780
8821.211243	-119.135544
8821.884155	-118.929993
8822.557068	-119.569839
8823.229980	-118.572090
8823.902893	-118.305733
8824.575806	-119.254501
8825.248718	-119.103424
8825.921631	-118.434387
8826.594543	-118.625717
8827.267456	-118.858536
8827.940369	-118.920074
8828.613281	-118.303658
8829.286194	-118.641129
8829.959106	-119.999687
8830.632019	-119.629456
8831.304932	-119.150597
8831.977844	-119.437309
8832.650757	-118.856583
8833.323669	-118.420135
8833.996582	-118.446152
8834.669495	-118.711777
8835.342407	-118.099617
8836.015320	-118.602875
8836.688232	-118.871536
8837.361145	-119.358139
8838.034058	-118.897247
8838.706970	-118.091682
8839.379883	-118.302734
8840.052795	-118.621811
8840.725708	-118.301285
8841.398621	-118.167938
8842.071533	-118.061325
8842.744446	-118.174850
8843.417358	-118.656357
8844.090271	-118.193993
8844.763184	-118.209236
8845.436096	-118.711082
8846.109009	-119.117592
8846.781921	-118.785416
8847.454834	-119.552338
8848.127747	-119.780739
8848.800659	-119.085625
8849.473572	-118.772217
8850.146484	-119.081444
8850.819397	-119.465683
8851.492310	-120.387131
8852.165222	-121.088326
8852.838135	-119.268326
8853.511047	-118.497765
8854.183960	-118.447983
8854.856873	-118.470573
8855.529785	-118.323387
8856.202698	-118.775673
8856.875610	-118.149437
8857.548523	-117.778229
8858.221436	-118.377174
8858.894348	-119.245918
8859.567261	-119.610901
8860.240173	-119.829445
8860.913086	-118.733734
8861.585999	-118.875465
8862.258911	-118.917450
8862.931824	-118.654007
8863.604736	-118.469955
8864.277649	-118.819893
8864.950562	-119.579216
8865.623474	-119.641357
8866.296387	-118.804588
8866.969299	-119.777481
8867.642212	-119.199211
8868.315125	-119.167152
8868.988037	-118.900612
8869.660950	-117.047508
8870.333862	-117.858116
8871.006775	-118.510208
8871.679688	-118.423370
8872.352600	-118.595818
8873.025513	-119.025856
8873.698425	-118.926529
8874.371338	-118.620979
8875.044250	-119.283005
8875.717163	-118.930023
8876.390076	-118.197441
8877.062988	-118.632393
8877.735901	-118.977058
8878.408813	-118.847954
8879.081726	-118.372765
8879.754639	-118.251526
8880.427551	-118.502571
8881.100464	-119.085365
8881.773376	-118.963257
8882.446289	-118.611282
8883.119202	-118.887833
8883.792114	-117.828178
8884.465027	-119.160248
8885.137939	-118.498550
8885.810852	-118.027481
8886.483765	-119.064293
8887.156677	-119.571220
8887.829590	-118.702126
8888.502502	-118.658020
8889.175415	-118.339233
8889.848328	-118.850761
8890.521240	-118.912788
8891.194153	-118.787285
8891.867065	-117.399605
8892.539978	-116.880066
8893.212891	-117.558517
8893.885803	-118.446167
8894.558716	-118.446526
8895.231628	-119.263367
8895.904541	-118.144333
8896.577454	-117.730576
8897.250366	-119.042999
8897.923279	-120.031143
8898.596191	-118.440804
8899.269104	-119.304047
8899.942017	-118.582886
8900.614929	-118.622093
8901.287842	-119.252518
8901.960754	-119.589813
8902.633667	-120.020760
8903.306580	-119.614952
8903.979492	-119.621773
8904.652405	-118.616020
8905.325317	-118.757858
8905.998230	-119.073723
8906.671143	-119.879066
8907.344055	-118.819153
8908.016968	-119.334579
8908.689880	-119.276352
8909.362793	-118.910255
8910.035706	-118.646751
8910.708618	-118.857864
8911.381531	-118.658195
8912.054443	-118.114067
8912.727356	-119.004852
8913.400269	-119.375954
8914.073181	-119.492683
8914.746094	-119.785217
8915.419006	-119.888573
8916.091919	-118.391159
8916.764832	-117.571312
8917.437744	-118.180099
8918.110657	-117.949219
8918.783569	-118.550323
8919.456482	-119.537468
8920.129395	-118.625061
8920.802307	-117.879807
8921.475220	-117.758034
8922.148132	-116.803955
8922.821045	-117.047165
8923.493958	-118.583023
8924.166870	-119.447868
8924.839783	-119.502914
8925.512695	-119.608200
8926.185608	-118.932022
8926.858521	-119.240311
8927.531433	-119.168861
8928.204346	-119.374176
8928.877258	-118.741676
8929.550171	-119.117058
8930.223083	-119.117805
8930.895996	-118.191750
8931.568909	-118.075401
8932.241821	-118.018723
8932.914734	-118.662796
8933.587646	-119.089035
8934.260559	-118.934479
8934.933472	-119.320435
8935.606384	-119.755058
8936.279297	-118.963699
8936.952209	-118.428207
8937.625122	-118.218819
8938.298035	-119.065483
8938.970947	-120.465096
8939.643860	-118.785461
8940.316772	-118.370537
8940.989685	-117.637901
8941.662598	-118.175224
8942.335510	-119.487061
8943.008423	-119.686234
8943.681335	-119.705956
8944.354248	-119.071213
8945.027161	-118.054375
8945.700073	-118.648293
8946.372986	-119.001343
8947.045898	-118.885529
8947.718811	-118.381012
8948.391724	-118.476387
8949.064636	-118.368233
8949.737549	-117.964478
8950.410461	-118.145218
8951.083374	-118.760620
8951.756287	-119.206390
8952.429199	-118.531860
8953.102112	-118.788345
8953.775024	-118.567719
8954.447937	-119.076019
8955.120850	-118.456764
8955.793762	-119.309647
8956.466675	-119.042053
8957.139587	-119.407211
8957.812500	-119.151489
8958.485413	-118.811333
8959.158325	-118.797722
8959.831238	-118.625679
8960.504150	-118.150131
8961.177063	-118.524605
8961.849976	-118.385315
8962.522888	-119.263939
8963.195801	-119.185890
8963.868713	-118.479843
8964.541626	-118.470520
8965.214539	-119.913254
8965.887451	-119.281357
8966.560364	-118.281174
8967.233276	-118.421669
8967.906189	-119.948944
8968.579102	-119.906410
8969.252014	-119.723915
8969.924927	-119.253891
8970.597839	-118.700325
8971.270752	-118.186378
8971.943665	-118.353813
8972.616577	-119.232323
8973.289490	-118.811752
8973.962402	-119.284294
8974.635315	-118.913902
8975.308228	-118.903091
8975.981140	-119.184486
8976.654053	-120.083336
8977.326965	-119.068810
8977.999878	-119.567474
8978.672791	-118.498863
8979.345703	-118.028816
8980.018616	-118.965057
8980.691528	-118.812714
8981.364441	-118.219398
8982.037354	-118.693123
8982.710266	-119.215645
8983.383179	-118.805786
8984.056091	-118.401306
8984.729004	-119.688911
8985.401917	-119.158302
8986.074829	-118.948715
8986.747742	-118.764282
8987.420654	-118.863640
8988.093567	-118.343315
8988.766479	-119.001038
8989.439392	-119.313499
8990.112305	-119.847916
8990.785217	-119.637482
8991.458130	-119.051376
8992.131042	-118.379921
8992.803955	-118.121101
8993.476868	-119.577225
8994.149780	-120.364296
8994.822693	-118.740044
8995.495605	-118.696762
8996.168518	-119.547440
8996.841431	-119.712494
8997.514343	-119.253571
8998.187256	-118.240334
8998.860168	-119.200546
8999.533081	-118.954842
9000.205994	-118.382210
9000.878906	-118.693123
9001.551819	-118.974182
9002.224731	-118.795662
9002.897644	-118.602745
9003.570557	-119.208183
9004.243469	-119.073471
9004.916382	-118.661522
9005.589294	-117.943893
9006.262207	-117.278740
9006.935120	-118.469620
9007.608032	-119.762047
9008.280945	-120.196251
9008.953857	-118.947960
9009.626770	-118.778328
9010.299683	-118.392296
9010.972595	-117.782494
9011.645508	-118.107964
9012.318420	-119.277534
9012.991333	-119.695274
9013.664246	-118.144394
9014.337158	-118.168610
9015.010071	-118.754089
9015.682983	-119.319527
9016.355896	-119.031883
9017.028809	-119.362610
9017.701721	-119.532486
9018.374634	-118.551941
9019.047546	-118.904648
9019.720459	-118.767189
9020.393372	-118.806435
9021.066284	-118.560020
9021.739197	-119.324745
9022.412109	-118.822754
9023.085022	-118.289391
9023.757935	-118.631927
9024.430847	-118.473396
9025.103760	-119.275040
9025.776672	-118.683281
9026.449585	-119.203896
9027.122498	-118.459076
9027.795410	-118.470284
9028.468323	-119.747292
9029.141235	-119.084373
9029.814148	-118.935471
9030.487061	-118.359154
9031.159973	-117.857925
9031.832886	-117.996147
9032.505798	-118.858696
9033.178711	-119.348358
9033.851624	-119.705421
9034.524536	-118.639458
9035.197449	-118.501373
9035.870361	-118.645126
9036.543274	-119.198944
9037.216187	-118.587204
9037.889099	-119.814880
9038.562012	-120.261070
9039.234924	-119.995979
9039.907837	-119.781837
9040.580750	-119.466187
9041.253662	-118.906563
9041.926575	-117.806732
9042.599487	-118.435127
9043.272400	-119.205566
9043.945312	-119.347595
9044.618225	-119.289467
9045.291138	-118.668762
9045.964050	-118.552971
9046.636963	-118.001411
9047.309875	-118.236519
9047.982788	-118.003708
9048.655701	-118.136681
9049.328613	-118.343002
9050.001526	-118.549408
9050.674438	-118.335030
9051.347351	-117.490219
9052.020264	-118.240150
9052.693176	-118.726761
9053.366089	-118.366783
9054.039001	-118.384903
9054.711914	-118.800591
9055.384827	-118.784691
9056.057739	-119.055328
9056.730652	-119.392914
9057.403564	-118.808662
9058.076477	-119.092361
9058.749390	-118.785873
9059.422302	-117.919983
9060.095215	-117.823532
9060.768127	-119.115494
9061.441040	-119.276749
9062.113953	-119.228638
9062.786865	-118.537285
9063.459778	-118.129120
9064.132690	-117.735542
9064.805603	-118.245468
9065.478516	-118.395203
9066.151428	-118.549187
9066.824341	-119.249649
9067.497253	-119.614754
9068.170166	-119.480980
9068.843079	-118.531792
9069.515991	-118.820183
9070.188904	-118.589340
9070.861816	-118.500946
9071.534729	-118.191582
9072.207642	-118.432961
9072.880554	-119.029518
9073.553467	-118.831726
9074.226379	-118.220070
9074.899292	-118.707726
9075.572205	-119.521515
9076.245117	-119.468842
9076.918030	-119.323776
9077.590942	-118.983688
9078.263855	-118.988754
9078.936768	-118.672005
9079.609680	-118.095116
9080.282593	-118.351227
9080.955505	-118.504478
9081.628418	-118.070091
9082.301331	-118.427841
9082.974243	-118.748734
9083.647156	-117.430580
9084.320068	-117.963608
9084.992981	-118.329941
9085.665894	-118.332848
9086.338806	-118.125839
9087.011719	-117.653069
9087.684631	-118.247414
9088.357544	-118.446899
9089.030457	-117.679718
9089.703369	-118.930557
9090.376282	-118.700287
9091.049194	-118.490738
9091.722107	-119.060341
9092.395020	-119.000175
9093.067932	-119.060448
9093.740845	-119.332619
9094.413757	-119.809914
9095.086670	-120.115715
9095.759583	-119.770294
9096.432495	-118.515732
9097.105408	-118.797966
9097.778320	-118.053101
9098.451233	-117.950790
9099.124146	-117.796829
9099.797058	-118.142540
9100.469971	-117.954895
9101.142883	-118.078094
9101.815796	-118.720230
9102.488708	-118.593552
9103.161621	-118.428391
9103.834534	-118.657738
9104.507446	-118.620789
9105.180359	-118.922394
9105.853271	-119.101471
9106.526184	-119.008453
9107.199097	-119.009224
9107.872009	-118.788818
9108.544922	-119.699158
9109.217834	-119.859581
9109.890747	-118.877045
9110.563660	-117.676483
9111.236572	-118.236382
9111.909485	-118.600586
9112.582397	-118.606209
9113.255310	-118.004837
9113.928223	-117.321411
9114.601135	-118.308250
9115.274048	-117.479210
9115.946960	-117.886765
9116.619873	-118.755592
9117.292786	-118.765556
9117.965698	-119.071587
9118.638611	-119.269768
9119.311523	-119.019531
9119.984436	-119.138947
9120.657349	-119.264160
9121.330261	-117.722992
9122.003174	-118.113617
9122.676086	-118.716721
9123.348999	-119.289490
9124.021912	-118.754433
9124.694824	-117.608231
9125.367737	-117.961197
9126.040649	-119.779198
9126.713562	-119.408722
9127.386475	-118.546631
9128.059387	-118.468277
9128.732300	-118.772659
9129.405212	-118.983620
9130.078125	-118.381889
9130.751038	-118.922340
9131.423950	-118.154480
9132.096863	-117.845032
9132.769775	-117.887650
9133.442688	-117.971062
9134.115601	-117.468063
9134.788513	-118.417526
9135.461426	-118.486267
9136.134338	-119.161324
9136.807251	-119.195297
9137.480164	-118.946053
9138.153076	-119.687851
9138.825989	-119.409706
9139.498901	-119.451561
9140.171814	-118.786674
9140.844727	-117.633690
9141.517639	-118.794807
9142.190552	-119.293884
9142.863464	-118.758751
9143.536377	-118.591316
9144.209290	-118.847298
9144.882202	-117.778145
9145.555115	-118.645256
9146.228027	-119.195435
9146.900940	-118.915825
9147.573853	-118.918556
9148.246765	-118.321251
9148.919678	-117.138931
9149.592590	-118.054955
9150.265503	-118.821701
9150.938416	-118.868904
9151.611328	-118.765266
9152.284241	-118.167252
9152.957153	-118.257629
9153.630066	-118.516144
9154.302979	-118.569191
9154.975891	-119.104759
9155.648804	-118.426788
9156.321716	-118.607025
9156.994629	-118.072754
9157.667542	-117.529999
9158.340454	-118.872414
9159.013367	-118.414925
9159.686279	-118.089828
9160.359192	-118.840683
9161.032104	-118.293922
9161.705017	-117.652115
9162.377930	-118.006844
9163.050842	-119.325378
9163.723755	-119.076469
9164.396667	-119.345085
9165.069580	-119.618805
9165.742493	-119.857910
9166.415405	-118.493561
9167.088318	-117.906609
9167.761230	-119.684998
9168.434143	-120.145622
9169.107056	-119.087326
9169.779968	-117.982353
9170.452881	-118.799232
9171.125793	-118.367973
9171.798706	-117.502754
9172.471619	-118.025963
9173.144531	-117.900009
9173.817444	-117.925003
9174.490356	-118.681000
9175.163269	-118.403351
9175.836182	-118.274017
9176.509094	-118.638977
9177.182007	-119.751205
9177.854919	-119.037598
9178.527832	-118.998322
9179.200745	-118.730797
9179.873657	-118.172714
9180.546570	-118.444489
9181.219482	-118.468750
9181.892395	-118.752151
9182.565308	-117.614967
9183.238220	-118.023499
9183.911133	-117.477707
9184.584045	-116.941483
9185.256958	-118.170319
9185.929871	-119.227196
9186.602783	-118.411331
9187.275696	-118.619827
9187.948608	-118.523048
9188.621521	-119.214088
9189.294434	-118.935944
9189.967346	-118.107613
9190.640259	-118.326912
9191.313171	-118.493538
9191.986084	-119.014511
9192.658997	-118.935188
9193.331909	-117.446152
9194.004822	-117.086365
9194.677734	-117.867348
9195.350647	-118.726204
9196.023560	-118.825119
9196.696472	-118.090485
9197.369385	-118.553871
9198.042297	-118.670570
9198.715210	-118.101250
9199.388123	-118.342918
9200.061035	-117.872910
9200.733948	-117.944687
9201.406860	-118.635864
9202.079773	-118.214409
9202.752686	-118.020515
9203.425598	-118.425575
9204.098511	-118.130287
9204.771423	-118.615417
9205.444336	-118.653862
9206.117249	-118.692802
9206.790161	-118.517342
9207.463074	-117.488831
9208.135986	-118.103905
9208.808899	-117.630371
9209.481812	-117.017097
9210.154724	-116.080505
9210.827637	-116.453415
9211.500549	-116.746773
9212.173462	-115.257080
9212.846375	-115.039642
9213.519287	-116.158791
9214.192200	-117.371994
9214.865112	-117.557953
9215.538025	-118.203041
9216.210938	-118.310326
9216.883850	-118.261383
9217.556763	-117.638145
9218.229675	-117.345779
9218.902588	-118.749123
9219.575500	-119.090973
9220.248413	-118.058144
9220.921326	-117.905792
9221.594238	-118.052483
9222.267151	-118.120522
9222.940063	-118.256310
9223.612976	-119.697220
9224.285889	-119.428719
9224.958801	-119.155891
9225.631714	-118.886421
9226.304626	-118.018944
9226.977539	-117.364044
9227.650452	-118.287987
9228.323364	-118.105942
9228.996277	-117.930138
9229.669189	-119.287071
9230.342102	-119.223427
9231.015015	-118.148323
9231.687927	-118.248192
9232.360840	-118.298332
9233.033752	-118.386887
9233.706665	-117.603218
9234.379578	-116.769188
9235.052490	-116.686653
9235.725403	-117.253387
9236.398315	-117.767372
9237.071228	-117.639137
9237.744141	-118.005211
9238.417053	-118.610825
9239.089966	-118.429131
9239.762878	-118.846992
9240.435791	-118.480118
9241.108704	-118.920883
9241.781616	-118.573402
9242.454529	-118.935852
9243.127441	-118.688980
9243.800354	-117.821823
9244.473267	-118.058205
9245.146179	-118.391380
9245.819092	-118.123276
9246.492004	-118.732437
9247.164917	-118.574730
9247.837830	-117.978378
9248.510742	-117.377182
9249.183655	-119.137688
9249.856567	-118.935112
9250.529480	-118.126541
9251.202393	-119.340637
9251.875305	-118.401581
9252.548218	-117.625008
9253.221130	-118.715591
9253.894043	-118.302826
9254.566956	-117.847839
9255.239868	-118.930435
9255.912781	-118.689873
9256.585693	-118.051971
9257.258606	-118.090256
9257.931519	-117.977730
9258.604431	-117.296104
9259.277344	-118.049416
9259.950256	-117.747742
9260.623169	-118.039032
9261.296082	-118.401512
9261.968994	-117.997078
9262.641907	-118.472969
9263.314819	-118.633446
9263.987732	-117.754250
9264.660645	-119.161583
9265.333557	-118.440079
9266.006470	-117.544449
9266.679382	-118.211296
9267.352295	-118.354462
9268.025208	-118.971748
9268.698120	-118.013252
9269.371033	-118.454796
9270.043945	-119.053543
9270.716858	-118.337738
9271.389771	-117.965942
9272.062683	-117.077118
9272.735596	-118.079620
9273.408508	-118.544815
9274.081421	-118.130775
9274.754333	-118.374062
9275.427246	-119.327431
9276.100159	-118.835571
9276.773071	-118.632439
9277.445984	-118.321304
9278.118896	-117.286827
9278.791809	-117.640045
9279.464722	-118.859352
9280.137634	-118.862251
9280.810547	-119.171440
9281.483459	-119.393272
9282.156372	-118.601700
9282.829285	-117.853531
9283.502197	-117.699203
9284.175110	-117.827408
9284.848022	-118.013817
9285.520935	-117.549881
9286.193848	-117.852074
9286.866760	-118.607689
9287.539673	-118.846291
9288.212585	-118.301819
9288.885498	-117.810745
9289.558411	-117.845276
9290.231323	-118.446281
9290.904236	-119.231750
9291.577148	-118.370712
9292.250061	-117.832512
9292.922974	-118.288841
9293.595886	-117.268730
9294.268799	-117.509491
9294.941711	-119.022102
9295.614624	-118.656288
9296.287537	-117.623756
9296.960449	-117.105751
9297.633362	-116.941498
9298.306274	-116.810318
9298.979187	-115.684677
9299.652100	-115.373314
9300.325012	-116.111107
9300.997925	-117.845253
9301.670837	-118.299522
9302.343750	-118.484505
9303.016663	-117.718071
9303.689575	-118.550842
9304.362488	-118.036598
9305.035400	-117.604042
9305.708313	-117.811111
9306.381226	-117.116821
9307.054138	-117.295036
9307.727051	-118.881195
9308.399963	-119.502449
9309.072876	-118.306267
9309.745789	-117.717903
9310.418701	-118.098427
9311.091614	-119.154228
9311.764526	-119.760132
9312.437439	-119.377510
9313.110352	-118.911331
9313.783264	-118.471672
9314.456177	-118.477989
9315.129089	-118.013153
9315.802002	-118.022934
9316.474915	-117.627937
9317.147827	-117.577576
9317.820740	-118.657288
9318.493652	-117.896393
9319.166565	-117.525261
9319.839478	-118.711983
9320.512390	-119.171638
9321.185303	-119.361526
9321.858215	-118.699547
9322.531128	-117.345337
9323.204041	-117.352234
9323.876953	-118.016838
9324.549866	-118.649948
9325.222778	-118.925774
9325.895691	-118.290184
9326.568604	-117.774277
9327.241516	-118.075272
9327.914429	-118.779610
9328.587341	-118.324066
9329.260254	-117.868164
9329.933167	-118.521820
9330.606079	-119.179192
9331.278992	-119.660110
9331.951904	-118.501190
9332.624817	-118.194481
9333.297729	-118.927406
9333.970642	-118.543869
9334.643555	-118.271065
9335.316467	-117.978416
9335.989380	-119.478470
9336.662292	-119.764557
9337.335205	-119.922325
9338.008118	-118.748184
9338.681030	-117.426147
9339.353943	-118.546280
9340.026855	-118.808868
9340.699768	-118.374214
9341.372681	-119.178535
9342.045593	-120.295341
9342.718506	-118.024368
9343.391418	-117.843910
9344.064331	-118.568428
9344.737244	-119.141510
9345.410156	-118.781288
9346.083069	-118.974831
9346.755981	-118.642921
9347.428894	-118.581032
9348.101807	-119.331360
9348.774719	-118.871498
9349.447632	-118.376053
9350.120544	-119.131699
9350.793457	-119.580109
9351.466370	-118.831390
9352.139282	-118.982765
9352.812195	-118.380417
9353.485107	-117.862045
9354.158020	-117.895638
9354.830933	-118.074219
9355.503845	-119.230247
9356.176758	-118.658386
9356.849670	-118.021103
9357.522583	-117.061073
9358.195496	-117.754089
9358.868408	-118.329666
9359.541321	-118.473061
9360.214233	-118.860115
9360.887146	-118.562950
9361.560059	-118.945053
9362.232971	-119.978699
9362.905884	-119.363434
9363.578796	-119.135178
9364.251709	-119.011322
9364.924622	-118.962502
9365.597534	-118.463440
9366.270447	-117.728745
9366.943359	-117.429970
9367.616272	-118.105186
9368.289185	-117.167343
9368.962097	-117.675545
9369.635010	-119.165733
9370.307922	-117.963776
9370.980835	-117.207336
9371.653748	-117.776825
9372.326660	-118.487434
9372.999573	-118.620201
9373.672485	-118.369888
9374.345398	-118.056923
9375.018311	-117.690651
9375.691223	-118.197266
9376.364136	-117.716934
9377.037048	-117.881592
9377.709961	-117.924553
9378.382874	-118.890686
9379.055786	-118.959076
9379.728699	-119.320488
9380.401611	-118.033981
9381.074524	-117.545723
9381.747437	-118.087585
9382.420349	-118.787857
9383.093262	-118.660767
9383.766174	-118.327759
9384.439087	-117.132706
9385.112000	-116.878494
9385.784912	-118.064072
9386.457825	-118.289894
9387.130737	-118.031433
9387.803650	-118.054749
9388.476562	-118.223030
9389.149475	-117.313309
9389.822388	-118.069351
9390.495300	-118.310555
9391.168213	-118.880234
9391.841125	-120.314934
9392.514038	-119.502167
9393.186951	-120.133537
9393.859863	-118.895348
9394.532776	-118.587166
9395.205688	-119.046387
9395.878601	-118.812943
9396.551514	-119.162621
9397.224426	-119.299797
9397.897339	-118.253372
9398.570251	-117.719650
9399.243164	-118.898911
9399.916077	-117.757484
9400.588989	-118.412262
9401.261902	-118.527435
9401.934814	-118.167145
9402.607727	-117.119522
9403.280640	-117.128738
9403.953552	-117.979263
9404.626465	-118.553619
9405.299377	-118.116058
9405.972290	-118.629471
9406.645203	-118.352142
9407.318115	-117.739136
9407.991028	-117.532639
9408.663940	-118.426109
9409.336853	-119.719116
9410.009766	-119.505676
9410.682678	-119.052490
9411.355591	-118.539085
9412.028503	-118.996712
9412.701416	-118.913933
9413.374329	-118.412659
9414.047241	-117.877045
9414.720154	-118.456795
9415.393066	-118.211571
9416.065979	-118.929199
9416.738892	-118.760895
9417.411804	-118.050056
9418.084717	-118.412903
9418.757629	-119.169533
9419.430542	-118.542824
9420.103455	-118.720695
9420.776367	-118.725166
9421.449280	-118.771690
9422.122192	-118.189178
9422.795105	-118.471237
9423.468018	-117.914223
9424.140930	-118.482170
9424.813843	-118.709274
9425.486755	-119.387703
9426.159668	-119.756310
9426.832581	-119.609016
9427.505493	-119.243233
9428.178406	-118.663841
9428.851318	-118.225807
9429.524231	-118.997063
9430.197144	-118.872993
9430.870056	-118.331642
9431.542969	-117.905418
9432.215881	-117.678970
9432.888794	-119.086319
9433.561707	-118.547462
9434.234619	-119.719963
9434.907532	-119.923599
9435.580444	-119.688171
9436.253357	-118.796097
9436.926270	-119.158501
9437.599182	-119.370918
9438.272095	-118.772766
9438.945007	-118.017197
9439.617920	-117.856857
9440.290833	-118.378532
9440.963745	-119.394852
9441.636658	-119.624413
9442.309570	-119.514511
9442.982483	-118.429947
9443.655396	-119.260559
9444.328308	-119.165810
9445.001221	-119.307938
9445.674133	-119.167122
9446.347046	-119.511528
9447.019958	-118.433121
9447.692871	-117.366379
9448.365784	-116.834099
9449.038696	-118.328392
9449.711609	-117.911980
9450.384521	-117.901093
9451.057434	-118.498833
9451.730347	-118.752647
9452.403259	-118.322327
9453.076172	-117.637688
9453.749084	-117.445648
9454.421997	-117.984596
9455.094910	-117.937263
9455.767822	-118.831116
9456.440735	-118.323456
9457.113647	-118.450226
9457.786560	-119.342178
9458.459473	-117.728043
9459.132385	-118.688004
9459.805298	-118.220398
9460.478210	-117.910645
9461.151123	-117.653107
9461.824036	-118.527351
9462.496948	-118.257988
9463.169861	-118.658195
9463.842773	-118.820297
9464.515686	-118.483009
9465.188599	-119.164680
9465.861511	-118.130524
9466.534424	-118.566162
9467.207336	-118.584503
9467.880249	-118.462051
9468.553162	-118.714203
9469.226074	-117.731674
9469.898987	-118.380661
9470.571899	-119.168762
9471.244812	-119.041435
9471.917725	-117.798332
9472.590637	-117.728035
9473.263550	-118.469460
9473.936462	-118.108116
9474.609375	-118.497246
9475.282288	-118.173454
9475.955200	-118.876839
9476.628113	-119.023224
9477.301025	-119.426949
9477.973938	-118.800659
9478.646851	-118.129059
9479.319763	-118.711365
9479.992676	-118.845360
9480.665588	-118.974419
9481.338501	-118.991119
9482.011414	-119.466187
9482.684326	-118.705284
9483.357239	-118.415321
9484.030151	-118.420113
9484.703064	-118.504471
9485.375977	-118.623543
9486.048889	-118.294464
9486.721802	-119.314278
9487.394714	-118.606888
9488.067627	-118.120705
9488.740540	-119.981987
9489.413452	-119.807693
9490.086365	-118.581841
9490.759277	-118.782372
9491.432190	-119.513710
9492.105103	-119.121681
9492.778015	-117.881393
9493.450928	-118.508904
9494.123840	-118.947853
9494.796753	-118.875565
9495.469666	-118.010338
9496.142578	-117.671860
9496.815491	-117.900963
9497.488403	-117.408546
9498.161316	-118.033920
9498.834229	-118.594841
9499.507141	-118.890160
9500.180054	-119.066307
9500.852966	-118.382683
9501.525879	-118.543152
9502.198792	-118.572166
9502.871704	-118.940224
9503.544617	-119.194214
9504.217529	-118.082291
9504.890442	-117.961021
9505.563354	-118.554932
9506.236267	-118.261414
9506.909180	-117.419807
9507.582092	-117.943520
9508.255005	-118.037437
9508.927917	-118.028702
9509.600830	-117.650505
9510.273743	-118.386948
9510.946655	-118.414322
9511.619568	-118.404434
9512.292480	-118.880684
9512.965393	-119.391533
9513.638306	-119.100807
9514.311218	-118.050438
9514.984131	-118.056831
9515.657043	-118.424522
9516.329956	-118.827637
9517.002869	-119.168900
9517.675781	-118.590233
9518.348694	-117.904259
9519.021606	-118.540344
9519.694519	-117.975441
9520.367432	-118.518051
9521.040344	-119.137253
9521.713257	-119.257637
9522.386169	-119.254944
9523.059082	-119.485344
9523.731995	-119.587166
9524.404907	-119.630409
9525.077820	-119.795662
9525.750732	-119.123215
9526.423645	-119.150490
9527.096558	-118.671829
9527.769470	-118.177704
9528.442383	-118.321617
9529.115295	-117.917900
9529.788208	-118.533752
9530.461121	-119.190697
9531.134033	-118.900002
9531.806946	-118.361946
9532.479858	-118.315010
9533.152771	-118.402931
9533.825684	-118.146500
9534.498596	-116.989410
9535.171509	-117.091110
9535.844421	-118.280128
9536.517334	-119.251610
9537.190247	-120.081062
9537.863159	-119.584061
9538.536072	-119.060493
9539.208984	-117.389160
9539.881897	-117.628609
9540.554810	-119.295280
9541.227722	-118.569290
9541.900635	-118.924515
9542.573547	-118.744186
9543.246460	-118.596497
9543.919373	-119.454559
9544.592285	-120.468468
9545.265198	-119.823593
9545.938110	-118.493553
9546.611023	-119.154297
9547.283936	-119.032928
9547.956848	-118.394035
9548.629761	-119.417229
9549.302673	-120.126480
9549.975586	-118.947807
9550.648499	-118.253479
9551.321411	-118.536972
9551.994324	-118.921661
9552.667236	-119.018753
9553.340149	-117.901161
9554.013062	-118.407516
9554.685974	-119.378792
9555.358887	-118.823517
9556.031799	-117.908150
9556.704712	-118.283844
9557.377625	-118.890564
9558.050537	-119.017166
9558.723450	-118.983521
9559.396362	-118.853722
9560.069275	-118.354187
9560.742188	-118.622772
9561.415100	-118.746605
9562.088013	-118.144707
9562.760925	-117.965530
9563.433838	-118.614761
9564.106750	-117.989548
9564.779663	-118.783119
9565.452576	-119.042793
9566.125488	-118.345200
9566.798401	-118.378502
9567.471313	-118.795601
9568.144226	-118.834564
9568.817139	-119.364403
9569.490051	-119.425552
9570.162964	-118.513618
9570.835876	-117.749687
9571.508789	-118.491714
9572.181702	-118.613190
9572.854614	-118.556992
9573.527527	-117.758774
9574.200439	-118.560875
9574.873352	-117.950981
9575.546265	-117.656349
9576.219177	-117.496727
9576.892090	-118.024101
9577.565002	-119.098389
9578.237915	-120.253342
9578.910828	-119.963074
9579.583740	-119.178535
9580.256653	-119.014397
9580.929565	-119.473557
9581.602478	-119.278831
9582.275391	-118.726273
9582.948303	-118.426590
9583.621216	-119.540642
9584.294128	-119.180153
9584.967041	-118.810005
9585.639954	-118.361305
9586.312866	-119.140190
9586.985779	-118.263191
9587.658691	-118.351341
9588.331604	-117.931076
9589.004517	-117.681152
9589.677429	-118.339203
9590.350342	-118.250648
9591.023254	-119.126030
9591.696167	-119.324265
9592.369080	-119.245026
9593.041992	-119.701393
9593.714905	-118.682594
9594.387817	-119.736176
9595.060730	-120.383186
9595.733643	-119.120476
9596.406555	-118.380852
9597.079468	-118.509758
9597.752380	-118.445374
9598.425293	-118.444740
9599.098206	-118.847397
9599.771118	-119.069458
9600.444031	-119.138206
9601.116943	-118.995972
9601.789856	-118.669281
9602.462769	-118.654953
9603.135681	-119.170792
9603.808594	-119.066788
9604.481506	-118.397369
9605.154419	-117.686188
9605.827332	-118.132599
9606.500244	-118.360497
9607.173157	-119.388184
9607.846069	-119.641502
9608.518982	-119.962074
9609.191895	-118.440376
9609.864807	-118.319054
9610.537720	-118.675346
9611.210632	-118.459244
9611.883545	-119.199165
9612.556458	-118.850052
9613.229370	-118.222412
9613.902283	-119.093163
9614.575195	-118.248276
9615.248108	-118.487465
9615.921021	-119.696594
9616.593933	-118.824791
9617.266846	-119.324928
9617.939758	-118.862762
9618.612671	-117.905418
9619.285583	-118.274109
9619.958496	-118.310989
9620.631409	-118.000923
9621.304321	-118.217659
9621.977234	-118.736305
9622.650146	-118.679993
9623.323059	-119.191193
9623.995972	-118.421249
9624.668884	-118.655624
9625.341797	-118.534538
9626.014709	-118.228790
9626.687622	-118.880798
9627.360535	-118.807915
9628.033447	-119.073753
9628.706360	-119.152901
9629.379272	-118.805275
9630.052185	-118.623680
9630.725098	-119.695038
9631.398010	-118.824112
9632.070923	-119.795540
9632.743835	-118.355827
9633.416748	-117.301247
9634.089661	-118.691956
9634.762573	-119.521500
9635.435486	-119.281372
9636.108398	-119.226303
9636.781311	-119.292297
9637.454224	-119.076958
9638.127136	-119.105682
9638.800049	-119.167015
9639.472961	-119.735580
9640.145874	-119.210373
9640.818787	-119.922318
9641.491699	-119.503586
9642.164612	-118.762459
9642.837524	-119.392166
9643.510437	-117.996819
9644.183350	-118.019997
9644.856262	-119.251228
9645.529175	-119.116982
9646.202087	-119.233467
9646.875000	-118.460953
9647.547913	-118.347664
9648.220825	-119.092484
9648.893738	-119.089386
9649.566650	-118.628799
9650.239563	-119.119827
9650.912476	-118.534615
9651.585388	-118.636742
9652.258301	-118.649559
9652.931213	-118.401070
9653.604126	-119.319115
9654.277039	-118.885536
9654.949951	-118.682510
9655.622864	-119.464439
9656.295776	-118.583160
9656.968689	-118.203636
9657.641602	-117.182465
9658.314514	-117.224167
9658.987427	-118.722122
9659.660339	-119.012993
9660.333252	-118.490570
9661.006165	-118.679886
9661.679077	-117.967003
9662.351990	-117.979813
9663.024902	-118.426659
9663.697815	-118.317635
9664.370728	-118.073219
9665.043640	-118.514290
9665.716553	-118.912849
9666.389465	-118.689156
9667.062378	-119.208382
9667.735291	-118.907547
9668.408203	-119.662445
9669.081116	-118.569939
9669.754028	-117.991379
9670.426941	-117.889351
9671.099854	-117.759468
9671.772766	-118.993317
9672.445679	-118.619583
9673.118591	-117.910301
9673.791504	-117.893005
9674.464417	-117.959381
9675.137329	-118.318260
9675.810242	-119.253044
9676.483154	-119.860626
9677.156067	-118.112747
9677.828979	-118.176033
9678.501892	-119.396492
9679.174805	-119.737587
9679.847717	-118.534294
9680.520630	-117.402946
9681.193542	-117.138168
9681.866455	-117.626335
9682.539368	-119.254829
9683.212280	-119.656181
9683.885193	-119.376411
9684.558105	-118.756752
9685.231018	-117.770012
9685.903931	-118.103676
9686.576843	-118.561256
9687.249756	-118.558968
9687.922668	-118.309540
9688.595581	-117.950508
9689.268494	-118.805679
9689.941406	-118.820030
9690.614319	-118.526604
9691.287231	-117.855705
9691.960144	-118.777824
9692.633057	-118.683029
9693.305969	-118.137810
9693.978882	-118.793159
9694.651794	-118.517471
9695.324707	-118.055969
9695.997620	-118.422752
9696.670532	-119.110580
9697.343445	-118.677216
9698.016357	-118.453400
9698.689270	-118.731087
9699.362183	-118.971825
9700.035095	-120.563934
9700.708008	-120.060364
9701.380920	-118.946075
9702.053833	-118.562050
9702.726746	-117.778854
9703.399658	-118.369202
9704.072571	-119.255142
9704.745483	-119.922211
9705.418396	-118.826309
9706.091309	-118.804131
9706.764221	-118.159256
9707.437134	-118.448105
9708.110046	-118.624893
9708.782959	-118.157036
9709.455872	-118.130798
9710.128784	-118.729942
9710.801697	-119.575356
9711.474609	-118.530762
9712.147522	-118.086098
9712.820435	-118.075394
9713.493347	-117.961098
9714.166260	-117.478569
9714.839172	-118.760910
9715.512085	-118.027054
9716.184998	-117.584343
9716.857910	-117.563782
9717.530823	-118.349518
9718.203735	-119.100418
9718.876648	-119.219368
9719.549561	-118.654808
9720.222473	-118.033371
9720.895386	-119.129623
9721.568298	-119.209839
9722.241211	-119.138908
9722.914124	-119.215454
9723.587036	-119.127602
9724.259949	-117.680725
9724.932861	-118.259514
9725.605774	-120.280045
9726.278687	-119.873955
9726.951599	-118.174713
9727.624512	-118.251495
9728.297424	-118.780838
9728.970337	-118.595291
9729.643250	-118.912109
9730.316162	-119.056664
9730.989075	-118.714333
9731.661987	-118.230782
9732.334900	-119.117264
9733.007812	-119.635422
9733.680725	-119.851936
9734.353638	-118.769630
9735.026550	-118.794701
9735.699463	-119.394363
9736.372375	-120.059677
9737.045288	-118.471413
9737.718201	-119.119827
9738.391113	-119.235374
9739.064026	-119.151619
9739.736938	-119.531807
9740.409851	-119.319756
9741.082764	-118.776741
9741.755676	-117.846123
9742.428589	-117.789810
9743.101501	-118.581436
9743.774414	-118.385559
9744.447327	-118.953415
9745.120239	-118.913559
9745.793152	-118.444542
9746.466064	-119.266014
9747.138977	-119.063454
9747.811890	-117.723381
9748.484802	-119.074944
9749.157715	-118.993874
9749.830627	-118.056511
9750.503540	-118.005600
9751.176453	-119.097542
9751.849365	-119.025681
9752.522278	-119.158409
9753.195190	-118.536835
9753.868103	-118.095901
9754.541016	-118.617142
9755.213928	-117.879868
9755.886841	-117.668861
9756.559753	-117.984146
9757.232666	-118.190742
9757.905579	-118.499275
9758.578491	-118.953545
9759.251404	-118.549385
9759.924316	-118.476410
9760.597229	-118.660316
9761.270142	-119.217087
9761.943054	-118.766846
9762.615967	-118.901085
9763.288879	-119.372253
9763.961792	-118.572456
9764.634705	-118.064011
9765.307617	-118.531952
9765.980530	-118.623688
9766.653442	-120.065407
9767.326355	-119.371483
9767.999268	-118.085442
9768.672180	-119.028976
9769.345093	-119.858345
9770.018005	-119.210472
9770.690918	-118.865372
9771.363831	-119.429817
9772.036743	-118.107910
9772.709656	-118.545311
9773.382568	-117.799271
9774.055481	-117.702484
9774.728394	-118.039543
9775.401306	-118.531357
9776.074219	-118.304001
9776.747131	-118.003998
9777.420044	-118.209564
9778.092957	-118.026276
9778.765869	-118.031578
9779.438782	-118.023804
9780.111694	-118.711411
9780.784607	-118.304459
9781.457520	-119.199677
9782.130432	-119.324043
9782.803345	-118.564461
9783.476257	-118.634987
9784.149170	-119.020897
9784.822083	-118.877617
9785.494995	-118.637344
9786.167908	-119.645988
9786.840820	-120.498169
9787.513733	-119.072128
9788.186646	-118.127998
9788.859558	-118.832893
9789.532471	-119.635574
9790.205383	-119.283806
9790.878296	-118.503159
9791.551208	-118.894234
9792.224121	-120.781982
9792.897034	-120.848793
9793.569946	-120.400047
9794.242859	-118.770744
9794.915771	-118.829582
9795.588684	-118.956276
9796.261597	-119.337204
9796.934509	-118.843178
9797.607422	-118.432571
9798.280334	-118.331093
9798.953247	-118.641518
9799.626160	-118.117264
9800.299072	-117.983948
9800.971985	-118.742157
9801.644897	-119.256493
9802.317810	-119.463417
9802.990723	-119.601822
9803.663635	-119.057022
9804.336548	-119.236809
9805.009460	-119.639786
9805.682373	-118.990501
9806.355286	-119.008934
9807.028198	-118.397697
9807.701111	-119.171188
9808.374023	-118.938622
9809.046936	-118.395393
9809.719849	-118.654518
9810.392761	-118.317917
9811.065674	-118.916817
9811.738586	-119.437798
9812.411499	-119.080605
9813.084412	-118.738388
9813.757324	-119.359962
9814.430237	-119.064201
9815.103149	-118.939079
9815.776062	-118.432045
9816.448975	-119.183609
9817.121887	-119.152451
9817.794800	-118.971359
9818.467712	-119.354622
9819.140625	-119.729927
9819.813538	-119.594597
9820.486450	-119.404121
9821.159363	-117.981133
9821.832275	-117.641846
9822.505188	-119.110222
9823.178101	-118.781090
9823.851013	-118.152603
9824.523926	-119.629044
9825.196838	-119.067947
9825.869751	-119.722473
9826.542664	-118.984550
9827.215576	-118.036552
9827.888489	-117.784981
9828.561401	-118.658501
9829.234314	-119.046524
9829.907227	-119.820969
9830.580139	-119.201584
9831.253052	-118.852905
9831.925964	-118.941856
9832.598877	-118.779945
9833.271790	-118.617859
9833.944702	-118.439697
9834.617615	-118.096603
9835.290527	-118.456596
9835.963440	-118.502304
9836.636353	-118.206039
9837.309265	-118.777100
9837.982178	-119.295479
9838.655090	-119.112549
9839.328003	-118.983612
9840.000916	-118.435860
9840.673828	-118.497185
9841.346741	-119.167702
9842.019653	-119.134682
9842.692566	-118.897812
9843.365479	-118.680885
9844.038391	-118.747765
9844.711304	-118.967529
9845.384216	-118.437065
9846.057129	-117.854301
9846.730042	-119.031273
9847.402954	-119.135605
9848.075867	-119.350868
9848.748779	-118.910698
9849.421692	-118.156136
9850.094604	-118.852943
9850.767517	-118.547523
9851.440430	-119.285080
9852.113342	-119.258621
9852.786255	-119.615189
9853.459167	-119.586708
9854.132080	-118.980865
9854.804993	-118.722450
9855.477905	-119.180145
9856.150818	-119.572029
9856.823730	-118.816032
9857.496643	-119.119278
9858.169556	-118.920120
9858.842468	-118.468918
9859.515381	-119.677757
9860.188293	-119.336433
9860.861206	-119.299461
9861.534119	-119.222984
9862.207031	-118.956482
9862.879944	-118.911644
9863.552856	-118.294563
9864.225769	-118.132217
9864.898682	-118.855347
9865.571594	-118.389748
9866.244507	-118.423935
9866.917419	-118.195312
9867.590332	-118.010902
9868.263245	-118.460403
9868.936157	-118.998833
9869.609070	-119.344635
9870.281982	-118.763382
9870.954895	-117.721848
9871.627808	-119.071747
9872.300720	-119.210938
9872.973633	-120.233269
9873.646545	-120.285568
9874.319458	-119.524422
9874.992371	-120.064667
9875.665283	-120.088776
9876.338196	-119.895103
9877.011108	-120.066925
9877.684021	-119.129486
9878.356934	-118.086113
9879.029846	-118.420349
9879.702759	-118.914101
9880.375671	-118.906067
9881.048584	-119.494888
9881.721497	-119.726578
9882.394409	-118.915375
9883.067322	-119.106781
9883.740234	-120.210419
9884.413147	-119.355873
9885.086060	-119.363823
9885.758972	-119.591774
9886.431885	-119.014557
9887.104797	-119.056931
9887.777710	-119.682930
9888.450623	-119.637451
9889.123535	-118.700752
9889.796448	-119.325249
9890.469360	-118.391205
9891.142273	-117.131569
9891.815186	-118.280724
9892.488098	-119.637329
9893.161011	-119.194389
9893.833923	-119.808540
9894.506836	-119.511467
9895.179749	-118.799744
9895.852661	-118.821297
9896.525574	-118.937332
9897.198486	-118.632301
9897.871399	-117.907372
9898.544312	-118.159630
9899.217224	-118.739883
9899.890137	-119.262680
9900.563049	-120.141144
9901.235962	-119.248665
9901.908875	-119.283730
9902.581787	-118.798920
9903.254700	-118.835579
9903.927612	-118.365593
9904.600525	-119.662834
9905.273438	-119.690445
9905.946350	-119.035789
9906.619263	-118.831749
9907.292175	-118.653358
9907.965088	-118.673988
9908.638000	-118.915901
9909.310913	-119.516846
9909.983826	-119.944351
9910.656738	-119.244843
9911.329651	-118.534782
9912.002563	-118.548538
9912.675476	-119.040726
9913.348389	-119.313126
9914.021301	-119.754158
9914.694214	-119.226402
9915.367126	-119.084969
9916.040039	-118.340454
9916.712952	-118.102844
9917.385864	-119.172356
9918.058777	-120.933403
9918.731689	-119.659439
9919.404602	-119.794594
9920.077515	-119.606346
9920.750427	-119.680069
9921.423340	-120.054314
9922.096252	-119.927338
9922.769165	-118.869476
9923.442078	-118.988762
9924.114990	-119.224480
9924.787903	-118.880165
9925.460815	-119.024666
9926.133728	-119.510521
9926.806641	-118.033913
9927.479553	-118.797180
9928.152466	-119.167183
9928.825378	-118.448708
9929.498291	-118.703590
9930.171204	-118.856834
9930.844116	-119.098076
9931.517029	-118.195709
9932.189941	-118.200569
9932.862854	-118.474945
9933.535767	-119.486504
9934.208679	-120.435463
9934.881592	-120.012962
9935.554504	-119.871902
9936.227417	-119.089973
9936.900330	-119.413963
9937.573242	-120.033699
9938.246155	-120.300346
9938.919067	-119.164711
9939.591980	-118.201500
9940.264893	-118.599648
9940.937805	-118.680855
9941.610718	-118.614067
9942.283630	-118.093590
9942.956543	-118.109215
9943.629456	-118.987129
9944.302368	-120.401054
9944.975281	-119.651733
9945.648193	-119.204208
9946.321106	-120.108017
9946.994019	-119.629028
9947.666931	-118.665825
9948.339844	-118.028473
9949.012756	-118.156586
9949.685669	-119.160858
9950.358582	-120.109612
9951.031494	-120.323616
9951.704407	-118.852303
9952.377319	-118.699684
9953.050232	-119.188919
9953.723145	-120.137444
9954.396057	-119.161964
9955.068970	-118.673767
9955.741882	-118.980721
9956.414795	-118.817284
9957.087708	-119.630821
9957.760620	-120.001488
9958.433533	-119.852974
9959.106445	-119.480278
9959.779358	-119.331665
9960.452271	-118.571861
9961.125183	-118.562256
9961.798096	-118.593010
9962.471008	-119.068825
9963.143921	-119.861298
9963.816833	-120.107887
9964.489746	-119.704269
9965.162659	-119.508980
9965.835571	-119.143272
9966.508484	-119.603302
9967.181396	-118.798042
9967.854309	-119.209206
9968.527222	-120.687637
9969.200134	-119.260704
9969.873047	-119.560654
9970.545959	-120.318565
9971.218872	-120.030838
9971.891785	-120.505447
9972.564697	-119.441223
9973.237610	-118.234024
9973.910522	-118.766510
9974.583435	-118.657608
9975.256348	-119.091797
9975.929260	-120.076576
9976.602173	-118.996223
9977.275085	-118.498283
9977.947998	-118.660728
9978.620911	-118.146133
9979.293823	-118.999741
9979.966736	-118.686630
9980.639648	-118.762505
9981.312561	-119.039497
9981.985474	-118.205963
9982.658386	-118.590065
9983.331299	-118.743805
9984.004211	-119.331421
9984.677124	-120.393661
9985.350037	-119.104385
9986.022949	-118.337830
9986.695862	-119.346939
9987.368774	-119.865211
9988.041687	-119.066872
9988.714600	-117.642731
9989.387512	-118.053955
9990.060425	-118.396713
9990.733337	-118.015091
9991.406250	-118.980721
9992.079163	-118.984985
9992.752075	-118.307838
9993.424988	-118.070648
9994.097900	-118.140991
9994.770813	-118.237419
9995.443726	-119.088982
9996.116638	-119.252274
9996.789551	-119.377182
9997.462463	-119.804955
9998.135376	-118.781189
9998.808289	-118.861763
9999.481201	-119.333420
10000.154114	-118.766312
10000.827026	-118.862495
10001.499939	-119.630157
10002.172852	-118.526375
10002.845764	-118.493507
10003.518677	-119.094490
10004.191589	-119.361931
10004.864502	-119.222992
10005.537415	-119.524879
10006.210327	-119.628418
10006.883240	-118.887848
10007.556152	-118.549377
10008.229065	-118.546074
10008.901978	-118.387192
10009.574890	-119.159966
10010.247803	-119.015785
10010.920715	-118.728157
10011.593628	-119.092621
10012.266541	-119.513878
10012.939453	-120.327309
10013.612366	-119.362762
10014.285278	-118.941910
10014.958191	-118.892960
10015.631104	-118.438782
10016.304016	-117.767929
10016.976929	-118.555504
10017.649841	-118.702042
10018.322754	-118.394318
10018.995667	-119.295769
10019.668579	-119.623779
10020.341492	-119.280304
10021.014404	-119.071800
10021.687317	-119.569054
10022.360229	-119.134888
10023.033142	-119.928375
10023.706055	-119.401176
10024.378967	-119.720093
10025.051880	-119.806976
10025.724792	-118.946236
10026.397705	-119.353691
10027.070618	-119.755104
10027.743530	-119.910034
10028.416443	-118.834442
10029.089355	-118.835464
10029.762268	-119.114006
10030.435181	-119.033249
10031.108093	-119.006149
10031.781006	-120.378510
10032.453918	-119.931625
10033.126831	-119.956802
10033.799744	-119.645142
10034.472656	-119.616249
10035.145569	-119.656227
10035.818481	-120.031281
10036.491394	-119.649948
10037.164307	-118.655495
10037.837219	-119.101212
10038.510132	-119.304443
10039.183044	-119.467514
10039.855957	-119.765244
10040.528870	-119.015831
10041.201782	-119.978889
10041.874695	-120.572456
10042.547607	-119.201584
10043.220520	-120.118675
10043.893433	-119.987411
10044.566345	-118.766762
10045.239258	-119.517296
10045.912170	-119.260963
10046.585083	-119.791443
10047.257996	-119.998528
10047.930908	-119.692810
10048.603821	-119.866821
10049.276733	-119.694778
10049.949646	-118.989914
10050.622559	-119.861954
10051.295471	-119.351730
10051.968384	-119.680397
10052.641296	-119.918266
10053.314209	-119.466019
10053.987122	-120.287086
10054.660034	-119.223732
10055.332947	-118.810570
10056.005859	-119.222282
10056.678772	-119.298904
10057.351685	-119.231880
10058.024597	-119.636086
10058.697510	-119.663277
10059.370422	-119.400322
10060.043335	-119.245163
10060.716248	-119.475052
10061.389160	-119.890503
10062.062073	-120.494522
10062.734985	-120.218170
10063.407898	-119.654793
10064.080811	-119.462341
10064.753723	-119.083344
10065.426636	-119.482887
10066.099548	-119.103920
10066.772461	-118.560295
10067.445374	-118.288750
10068.118286	-119.520210
10068.791199	-120.792915
10069.464111	-120.504814
10070.137024	-120.231506
10070.809937	-120.419632
10071.482849	-119.529480
10072.155762	-120.471642
10072.828674	-120.094635
10073.501587	-119.571960
10074.174500	-119.777397
10074.847412	-119.248978
10075.520325	-118.359482
10076.193237	-119.421379
10076.866150	-119.911568
10077.539062	-120.082115
10078.211975	-120.082191
10078.884888	-120.431526
10079.557800	-119.792366
10080.230713	-119.599350
10080.903625	-120.060959
10081.576538	-119.764351
10082.249451	-120.650360
10082.922363	-120.696846
10083.595276	-119.196449
10084.268188	-118.192001
10084.941101	-119.418358
10085.614014	-119.232361
10086.286926	-118.502632
10086.959839	-118.669006
10087.632751	-120.275475
10088.305664	-119.331535
10088.978577	-119.419159
10089.651489	-120.094498
10090.324402	-120.609108
10090.997314	-120.167953
10091.670227	-119.393570
10092.343140	-119.612389
10093.016052	-119.245407
10093.688965	-119.588654
10094.361877	-120.057373
10095.034790	-119.459641
10095.707703	-118.657005
10096.380615	-119.293945
10097.053528	-121.549484
10097.726440	-121.239105
10098.399353	-119.964546
10099.072266	-119.531296
10099.745178	-120.176308
10100.418091	-120.229294
10101.091003	-120.072105
10101.763916	-120.409653
10102.436829	-120.381531
10103.109741	-120.756737
10103.782654	-120.515503
10104.455566	-119.729362
10105.128479	-119.404785
10105.801392	-119.697845
10106.474304	-119.470543
10107.147217	-119.581413
10107.820129	-120.198471
10108.493042	-119.740555
10109.165955	-119.602661
10109.838867	-119.473412
10110.511780	-119.443031
10111.184692	-118.795380
10111.857605	-118.506012
10112.530518	-119.608795
10113.203430	-120.584885
10113.876343	-120.078728
10114.549255	-119.454163
10115.222168	-118.690941
10115.895081	-119.065193
10116.567993	-119.424767
10117.240906	-119.378349
10117.913818	-119.973488
10118.586731	-119.627365
10119.259644	-119.710739
10119.932556	-119.500786
10120.605469	-119.355194
10121.278381	-118.902550
10121.951294	-118.965637
10122.624207	-119.901505
10123.297119	-120.236794
10123.970032	-119.826378
10124.642944	-119.623222
10125.315857	-120.498474
10125.988770	-120.834251
10126.661682	-120.058258
10127.334595	-119.527397
10128.007507	-119.536720
10128.680420	-119.382065
10129.353333	-119.746445
10130.026245	-120.120941
10130.699158	-120.584702
10131.372070	-119.954811
10132.044983	-118.769775
10132.717896	-119.211159
10133.390808	-118.778938
10134.063721	-118.639107
10134.736633	-120.720070
10135.409546	-120.384552
10136.082458	-119.012566
10136.755371	-120.252571
10137.428284	-120.378799
10138.101196	-119.481514
10138.774109	-119.090591
10139.447021	-119.595726
10140.119934	-119.888100
10140.792847	-120.651817
10141.465759	-120.833832
10142.138672	-120.066566
10142.811584	-118.896492
10143.484497	-119.254181
10144.157410	-119.752159
10144.830322	-119.249825
10145.503235	-119.962097
10146.176147	-119.598572
10146.849060	-120.641190
10147.521973	-120.909615
10148.194885	-119.985207
10148.867798	-120.239075
10149.540710	-120.518799
10150.213623	-119.453812
10150.886536	-119.106209
10151.559448	-119.870605
10152.232361	-119.735542
10152.905273	-120.135185
10153.578186	-120.365379
10154.251099	-119.993637
10154.924011	-120.618454
10155.596924	-119.734558
10156.269836	-119.143326
10156.942749	-119.473396
10157.615662	-119.826065
10158.288574	-120.172516
10158.961487	-119.769836
10159.634399	-120.627960
10160.307312	-120.078369
10160.980225	-119.353447
10161.653137	-120.033478
10162.326050	-120.786957
10162.998962	-120.240540
10163.671875	-119.408127
10164.344788	-118.880432
10165.017700	-119.335983
10165.690613	-119.612274
10166.363525	-120.071449
10167.036438	-121.275986
10167.709351	-121.135269
10168.382263	-121.088158
10169.055176	-120.154114
10169.728088	-120.349030
10170.401001	-120.701553
10171.073914	-120.303772
10171.746826	-120.191216
10172.419739	-120.311935
10173.092651	-120.840073
10173.765564	-120.289108
10174.438477	-119.159981
10175.111389	-118.777130
10175.784302	-119.600838
10176.457214	-120.235733
10177.130127	-120.355621
10177.803040	-120.926758
10178.475952	-119.614494
10179.148865	-119.726387
10179.821777	-120.253662
10180.494690	-120.126068
10181.167603	-120.112053
10181.840515	-119.557076
10182.513428	-120.600670
10183.186340	-120.327858
10183.859253	-121.120361
10184.532166	-119.994133
10185.205078	-119.907822
10185.877991	-120.714134
10186.550903	-121.187477
10187.223816	-119.240791
10187.896729	-119.206947
10188.569641	-119.331970
10189.242554	-120.661118
10189.915466	-119.644592
10190.588379	-120.165787
10191.261292	-120.633606
10191.934204	-120.460289
10192.607117	-120.610832
10193.280029	-120.992393
10193.952942	-119.721542
10194.625854	-119.959465
10195.298767	-119.419579
10195.971680	-120.147293
10196.644592	-120.451820
10197.317505	-120.269989
10197.990417	-120.685089
10198.663330	-119.253136
10199.336243	-119.086304
10200.009155	-119.700981
10200.682068	-120.483719
10201.354980	-119.628754
10202.027893	-119.056587
10202.700806	-120.119377
10203.373718	-119.842171
10204.046631	-118.898949
10204.719543	-119.645790
10205.392456	-119.195099
10206.065369	-119.460953
10206.738281	-120.099579
10207.411194	-119.130730
10208.084106	-119.396072
10208.757019	-120.252945
10209.429932	-120.754005
10210.102844	-120.854218
10210.775757	-120.920013
10211.448669	-120.518074
10212.121582	-119.797600
10212.794495	-120.786156
10213.467407	-120.323997
10214.140320	-120.555977
10214.813232	-120.058159
10215.486145	-119.923340
10216.159058	-120.818283
10216.831970	-119.660515
10217.504883	-120.257683
10218.177795	-120.801018
10218.850708	-120.197754
10219.523621	-119.795715
10220.196533	-120.381462
10220.869446	-121.930901
10221.542358	-122.590340
10222.215271	-121.961784
10222.888184	-120.661911
10223.561096	-119.495331
10224.234009	-119.857651
10224.906921	-120.199440
10225.579834	-120.119484
10226.252747	-119.914536
10226.925659	-120.289474
10227.598572	-120.623085
10228.271484	-119.991592
10228.944397	-121.082703
10229.617310	-120.739586
10230.290222	-120.430595
10230.963135	-119.900375
10231.636047	-120.494591
10232.308960	-120.671516
10232.981873	-121.082634
10233.654785	-119.564529
10234.327698	-119.964325
10235.000610	-120.555847
10235.673523	-120.178337
10236.346436	-119.875641
10237.019348	-119.956108
10237.692261	-119.695740
10238.365173	-119.556839
10239.038086	-119.274651
10239.710999	-121.123619
10240.383911	-120.508530
10241.056824	-121.624229
10241.729736	-121.879524
10242.402649	-120.538750
10243.075562	-119.837296
10243.748474	-120.474525
10244.421387	-121.096069
10245.094299	-120.895454
10245.767212	-120.711731
10246.440125	-119.576454
10247.113037	-119.776543
10247.785950	-119.960899
10248.458862	-119.181236
10249.131775	-119.718803
10249.804688	-120.170700
10250.477600	-119.564781
10251.150513	-120.610504
10251.823425	-121.111092
10252.496338	-119.925758
10253.169250	-120.043457
10253.842163	-120.324532
10254.515076	-119.965454
10255.187988	-120.859055
10255.860901	-120.732857
10256.533813	-121.052727
10257.206726	-120.997910
10257.879639	-120.468483
10258.552551	-120.709953
10259.225464	-121.125298
10259.898376	-120.521027
10260.571289	-120.079018
10261.244202	-120.337524
10261.917114	-119.352997
10262.590027	-119.832848
10263.262939	-119.817963
10263.935852	-120.521019
10264.608765	-121.024300
10265.281677	-120.732552
10265.954590	-121.117973
10266.627502	-120.988213
10267.300415	-120.087585
10267.973328	-121.222824
10268.646240	-120.994499
10269.319153	-120.415390
10269.992065	-120.657784
10270.664978	-120.062080
10271.337891	-120.980377
10272.010803	-120.432114
10272.683716	-119.999130
10273.356628	-120.245964
10274.029541	-119.721481
10274.702454	-121.385841
10275.375366	-122.577545
10276.048279	-121.129761
10276.721191	-120.608688
10277.394104	-119.780037
10278.067017	-119.556129
10278.739929	-120.212593
10279.412842	-121.074234
10280.085754	-120.638481
10280.758667	-119.573990
10281.431580	-120.119652
10282.104492	-121.065224
10282.777405	-120.348221
10283.450317	-120.329872
10284.123230	-120.004051
10284.796143	-119.672157
10285.469055	-120.370377
10286.141968	-120.118340
10286.814880	-120.156494
10287.487793	-120.819290
10288.160706	-120.356491
10288.833618	-119.883858
10289.506531	-120.681778
10290.179443	-121.109192
10290.852356	-121.043861
10291.525269	-121.792343
10292.198181	-120.925316
10292.871094	-121.126007
10293.544006	-121.577003
10294.216919	-120.810944
10294.889832	-120.569626
10295.562744	-120.898079
10296.235657	-120.446693
10296.908569	-121.613235
10297.581482	-121.864868
10298.254395	-119.680412
10298.927307	-119.690033
10299.600220	-119.629158
10300.273132	-120.798042
10300.946045	-120.925987
10301.618958	-120.442909
10302.291870	-120.963593
10302.964783	-120.220886
10303.637695	-120.291924
10304.310608	-120.828339
10304.983521	-120.128258
10305.656433	-119.901978
10306.329346	-119.524345
10307.002258	-121.233131
10307.675171	-120.739685
10308.348083	-120.231560
10309.020996	-121.337547
10309.693909	-121.371445
10310.366821	-120.859299
10311.039734	-120.411629
10311.712646	-120.811485
10312.385559	-119.500214
10313.058472	-120.071671
10313.731384	-120.874062
10314.404297	-120.793526
10315.077209	-120.480278
10315.750122	-119.469337
10316.423035	-120.003906
10317.095947	-121.051941
10317.768860	-121.214058
10318.441772	-121.031425
10319.114685	-121.051773
10319.787598	-120.518089
10320.460510	-120.505501
10321.133423	-121.229210
10321.806335	-121.826851
10322.479248	-121.089439
10323.152161	-120.489632
10323.825073	-121.155365
10324.497986	-120.610687
10325.170898	-121.473778
10325.843811	-121.223442
10326.516724	-122.010071
10327.189636	-121.581673
10327.862549	-122.035011
10328.535461	-122.321861
10329.208374	-121.736961
10329.881287	-121.612015
10330.554199	-120.231232
10331.227112	-120.182449
10331.900024	-119.988190
10332.572937	-120.295433
10333.245850	-121.052452
10333.918762	-120.372887
10334.591675	-119.647362
10335.264587	-119.378616
10335.937500	-120.035561
10336.610413	-120.798492
10337.283325	-120.952202
10337.956238	-120.385567
10338.629150	-119.904015
10339.302063	-120.151016
10339.974976	-120.235939
10340.647888	-121.246826
10341.320801	-121.734756
10341.993713	-120.086357
10342.666626	-120.409821
10343.339539	-120.134003
10344.012451	-120.684418
10344.685364	-120.063377
10345.358276	-119.548523
10346.031189	-120.891808
10346.704102	-121.160515
10347.377014	-120.221352
10348.049927	-120.334862
10348.722839	-121.987144
10349.395752	-121.393867
10350.068665	-122.031952
10350.741577	-121.318459
10351.414490	-120.754028
10352.087402	-120.487167
10352.760315	-120.695305
10353.433228	-119.928001
10354.106140	-120.452118
10354.779053	-122.080673
10355.451965	-121.005249
10356.124878	-121.418709
10356.797791	-120.680649
10357.470703	-119.184326
10358.143616	-120.246048
10358.816528	-121.208496
10359.489441	-121.359070
10360.162354	-121.142113
10360.835266	-121.242874
10361.508179	-121.370850
10362.181091	-120.708054
10362.854004	-121.233879
10363.526917	-120.579041
10364.199829	-120.567719
10364.872742	-121.785149
10365.545654	-121.137772
10366.218567	-120.731514
10366.891479	-120.597450
10367.564392	-120.599388
10368.237305	-120.060341
10368.910217	-119.723488
10369.583130	-121.723480
10370.256042	-121.337418
10370.928955	-121.154854
10371.601868	-121.283539
10372.274780	-120.975815
10372.947693	-120.604851
10373.620605	-120.354202
10374.293518	-120.459702
10374.966431	-121.930626
10375.639343	-122.151550
10376.312256	-121.070442
10376.985168	-120.873154
10377.658081	-120.878830
10378.330994	-120.992073
10379.003906	-121.512543
10379.676819	-121.546547
10380.349731	-122.408989
10381.022644	-122.913162
10381.695557	-121.792801
10382.368469	-121.362183
10383.041382	-121.415733
10383.714294	-121.550224
10384.387207	-122.249741
10385.060120	-122.546165
10385.733032	-122.526466
10386.405945	-122.122635
10387.078857	-120.685272
10387.751770	-121.093079
10388.424683	-120.501587
10389.097595	-120.524422
10389.770508	-120.938461
10390.443420	-121.203621
10391.116333	-121.557373
10391.789246	-121.014671
10392.462158	-121.914795
10393.135071	-122.155098
10393.807983	-121.084213
10394.480896	-120.778740
10395.153809	-120.950195
10395.826721	-121.793083
10396.499634	-122.079330
10397.172546	-121.039764
10397.845459	-121.275391
10398.518372	-120.943008
10399.191284	-120.564362
10399.864197	-121.423286
10400.537109	-121.155975
10401.210022	-120.736954
10401.882935	-121.240753
10402.555847	-120.203018
10403.228760	-120.405571
10403.901672	-121.805771
10404.574585	-122.062927
10405.247498	-121.255875
10405.920410	-121.819290
10406.593323	-121.616028
10407.266235	-120.506363
10407.939148	-121.322357
10408.612061	-121.565582
10409.284973	-121.380295
10409.957886	-121.734489
10410.630798	-120.752304
10411.303711	-120.799042
10411.976624	-120.873306
10412.649536	-121.516708
10413.322449	-121.558067
10413.995361	-121.751846
10414.668274	-121.511993
10415.341187	-121.159958
10416.014099	-121.190529
10416.687012	-120.706337
10417.359924	-120.290649
10418.032837	-121.386284
10418.705750	-122.047211
10419.378662	-122.664482
10420.051575	-122.094879
10420.724487	-121.073235
10421.397400	-121.578186
10422.070312	-122.023918
10422.743225	-121.793922
10423.416138	-121.347946
10424.089050	-121.023193
10424.761963	-121.640282
10425.434875	-122.138565
10426.107788	-121.068550
10426.780701	-120.539520
10427.453613	-121.085732
10428.126526	-121.881500
10428.799438	-121.559029
10429.472351	-121.212189
10430.145264	-121.226852
10430.818176	-120.828606
10431.491089	-120.588043
10432.164001	-120.851471
10432.836914	-121.669220
10433.509827	-122.153061
10434.182739	-121.211365
10434.855652	-121.765694
10435.528564	-121.880165
10436.201477	-121.185013
10436.874390	-121.695107
10437.547302	-122.000732
10438.220215	-121.604431
10438.893127	-120.977798
10439.566040	-121.480156
10440.238953	-121.389053
10440.911865	-121.424057
10441.584778	-121.853577
10442.257690	-121.440025
10442.930603	-121.735641
10443.603516	-122.194939
10444.276428	-123.031860
10444.949341	-121.006645
10445.622253	-121.055534
10446.295166	-121.969955
10446.968079	-121.787773
10447.640991	-121.588844
10448.313904	-121.215607
10448.986816	-120.273972
10449.659729	-121.768921
10450.332642	-122.617966
10451.005554	-121.464996
10451.678467	-120.365219
10452.351379	-120.776482
10453.024292	-121.518372
10453.697205	-121.467522
10454.370117	-122.207748
10455.043030	-122.476570
10455.715942	-121.910294
10456.388855	-122.171913
10457.061768	-121.528267
10457.734680	-122.385986
10458.407593	-123.114624
10459.080505	-122.858078
10459.753418	-121.696564
10460.426331	-122.336754
10461.099243	-121.975105
10461.772156	-121.095161
10462.445068	-121.129051
10463.117981	-122.125412
10463.790894	-122.108307
10464.463806	-121.597633
10465.136719	-121.635376
10465.809631	-122.094841
10466.482544	-122.645828
10467.155457	-122.057632
10467.828369	-121.708374
10468.501282	-121.426888
10469.174194	-122.241646
10469.847107	-121.754295
10470.520020	-121.084503
10471.192932	-121.378738
10471.865845	-121.725006
10472.538757	-121.921814
10473.211670	-121.601418
10473.884583	-121.649467
10474.557495	-122.039818
10475.230408	-122.087624
10475.903320	-121.372047
10476.576233	-121.957512
10477.249146	-121.014511
10477.922058	-120.515503
10478.594971	-121.731438
10479.267883	-121.909225
10479.940796	-122.652260
10480.613708	-122.628937
10481.286621	-121.811623
10481.959534	-121.043091
10482.632446	-120.793175
10483.305359	-121.648148
10483.978271	-121.619591
10484.651184	-121.089096
10485.324097	-120.958351
10485.997009	-121.157333
10486.669922	-122.369759
10487.342834	-121.106094
10488.015747	-121.186630
10488.688660	-122.291290
10489.361572	-120.862740
10490.034485	-121.324974
10490.707397	-121.857651
10491.380310	-122.216560
10492.053223	-121.959320
10492.726135	-121.540756
10493.399048	-121.205162
10494.071960	-121.716927
10494.744873	-122.253410
10495.417786	-122.445938
10496.090698	-122.659241
10496.763611	-121.875351
10497.436523	-121.516899
10498.109436	-121.663536
10498.782349	-122.475311
10499.455261	-121.530289
10500.128174	-120.643463
10500.801086	-120.742455
10501.473999	-121.108429
10502.146912	-122.309929
10502.819824	-122.462593
10503.492737	-122.528351
10504.165649	-121.837173
10504.838562	-121.250832
10505.511475	-121.419266
10506.184387	-121.706223
10506.857300	-122.266663
10507.530212	-121.628296
10508.203125	-121.921677
10508.876038	-121.853767
10509.548950	-121.996704
10510.221863	-123.133377
10510.894775	-122.719688
10511.567688	-121.326790
10512.240601	-122.064423
10512.913513	-122.630150
10513.586426	-122.181770
10514.259338	-120.999367
10514.932251	-121.490799
10515.605164	-122.086601
10516.278076	-122.115280
10516.950989	-121.805862
10517.623901	-121.152992
10518.296814	-121.910156
10518.969727	-122.101677
10519.642639	-121.543755
10520.315552	-122.236778
10520.988464	-123.037888
10521.661377	-122.548546
10522.334290	-121.680771
10523.007202	-120.628502
10523.680115	-121.422417
10524.353027	-121.206535
10525.025940	-121.350113
10525.698853	-121.234711
10526.371765	-121.086800
10527.044678	-123.055733
10527.717590	-122.916031
10528.390503	-122.250572
10529.063416	-121.169060
10529.736328	-121.235077
10530.409241	-121.200493
10531.082153	-121.586739
10531.755066	-121.743324
10532.427979	-121.869598
10533.100891	-122.344299
10533.773804	-122.323814
10534.446716	-122.038544
10535.119629	-122.067398
10535.792542	-122.346306
10536.465454	-122.919937
10537.138367	-122.615860
10537.811279	-122.684456
10538.484192	-122.604912
10539.157104	-122.435768
10539.830017	-122.192070
10540.502930	-121.990814
10541.175842	-122.577110
10541.848755	-123.261726
10542.521667	-123.628365
10543.194580	-122.842133
10543.867493	-122.750465
10544.540405	-122.576889
10545.213318	-123.972351
10545.886230	-123.122154
10546.559143	-122.676170
10547.232056	-122.481926
10547.904968	-122.660645
10548.577881	-122.405952
10549.250793	-122.862480
10549.923706	-122.559425
10550.596619	-121.903191
10551.269531	-122.315987
10551.942444	-121.912720
10552.615356	-122.306549
10553.288269	-121.527885
10553.961182	-122.086533
10554.634094	-123.534325
10555.307007	-122.464035
10555.979919	-120.946449
10556.652832	-121.181244
10557.325745	-122.763199
10557.998657	-122.141823
10558.671570	-121.371460
10559.344482	-121.668121
10560.017395	-121.925743
10560.690308	-122.376732
10561.363220	-122.320000
10562.036133	-122.938080
10562.709045	-122.008080
10563.381958	-121.790207
10564.054871	-123.090965
10564.727783	-123.022545
10565.400696	-122.413864
10566.073608	-122.370605
10566.746521	-122.931976
10567.419434	-122.150764
10568.092346	-122.212433
10568.765259	-123.645958
10569.438171	-122.528984
10570.111084	-122.040436
10570.783997	-122.537277
10571.456909	-121.661774
10572.129822	-121.771088
10572.802734	-122.446175
10573.475647	-122.762428
10574.148560	-122.441788
10574.821472	-122.783562
10575.494385	-122.073624
10576.167297	-122.336159
10576.840210	-121.990250
10577.513123	-121.990952
10578.186035	-121.946152
10578.858948	-122.310997
10579.531860	-122.428368
10580.204773	-122.455513
10580.877686	-122.429474
10581.550598	-123.354172
10582.223511	-122.910255
10582.896423	-122.362236
10583.569336	-122.950340
10584.242249	-122.517166
10584.915161	-123.274773
10585.588074	-122.985153
10586.260986	-122.510994
10586.933899	-122.787003
10587.606812	-123.146736
10588.279724	-122.908180
10588.952637	-122.901131
10589.625549	-123.339317
10590.298462	-122.726631
10590.971375	-121.751190
10591.644287	-121.713341
10592.317200	-122.427666
10592.990112	-123.513123
10593.663025	-121.981705
10594.335938	-121.877136
10595.008850	-122.921654
10595.681763	-122.376945
10596.354675	-122.429199
10597.027588	-123.030014
10597.700500	-123.738762
10598.373413	-123.515770
10599.046326	-122.133987
10599.719238	-122.292419
10600.392151	-121.980270
10601.065063	-121.947258
10601.737976	-122.897583
10602.410889	-122.258789
10603.083801	-122.040077
10603.756714	-121.698074
10604.429626	-121.567566
10605.102539	-121.809799
10605.775452	-122.992371
10606.448364	-123.481850
10607.121277	-123.968246
10607.794189	-123.533852
10608.467102	-122.048798
10609.140015	-122.447472
10609.812927	-123.664330
10610.485840	-123.810204
10611.158752	-123.425179
10611.831665	-122.023781
10612.504578	-122.077972
10613.177490	-122.605072
10613.850403	-122.091034
10614.523315	-122.071899
10615.196228	-122.664536
10615.869141	-122.540840
10616.542053	-122.969536
10617.214966	-122.822723
10617.887878	-122.980728
10618.560791	-122.664368
10619.233704	-122.249443
10619.906616	-122.681030
10620.579529	-122.627388
10621.252441	-122.630707
10621.925354	-123.026802
10622.598267	-123.681564
10623.271179	-122.724876
10623.944092	-122.813988
10624.617004	-123.380173
10625.289917	-123.774406
10625.962830	-122.922630
10626.635742	-122.714905
10627.308655	-122.636658
10627.981567	-124.051559
10628.654480	-123.560097
10629.327393	-122.688881
10630.000305	-122.759209
10630.673218	-123.304123
10631.346130	-123.210663
10632.019043	-122.762512
10632.691956	-122.315277
10633.364868	-123.408218
10634.037781	-123.060249
10634.710693	-122.691826
10635.383606	-122.561325
10636.056519	-122.541801
10636.729431	-122.392281
10637.402344	-123.139870
10638.075256	-123.502808
10638.748169	-123.298836
10639.421082	-123.097595
10640.093994	-122.771118
10640.766907	-122.310417
10641.439819	-122.502914
10642.112732	-122.882698
10642.785645	-122.316017
10643.458557	-122.397118
10644.131470	-123.419823
10644.804382	-124.028931
10645.477295	-123.204010
10646.150208	-122.679710
10646.823120	-122.446777
10647.496033	-122.362839
10648.168945	-122.480507
10648.841858	-122.954704
10649.514771	-122.916557
10650.187683	-122.528961
10650.860596	-123.097664
10651.533508	-124.592697
10652.206421	-123.591705
10652.879333	-122.928474
10653.552246	-122.695770
10654.225159	-122.750778
10654.898071	-122.646904
10655.570984	-123.209969
10656.243896	-122.744583
10656.916809	-123.333336
10657.589722	-123.547684
10658.262634	-123.387695
10658.935547	-123.383041
10659.608459	-122.874023
10660.281372	-122.449440
10660.954285	-123.158356
10661.627197	-123.748138
10662.300110	-122.840286
10662.973022	-122.594688
10663.645935	-123.433060
10664.318848	-123.242966
10664.991760	-123.568558
10665.664673	-123.609039
10666.337585	-123.486618
10667.010498	-122.634850
10667.683411	-124.583672
10668.356323	-123.866577
10669.029236	-123.027779
10669.702148	-122.767380
10670.375061	-122.996086
10671.047974	-123.516106
10671.720886	-122.861168
10672.393799	-123.228546
10673.066711	-123.934715
10673.739624	-122.810738
10674.412537	-122.376068
10675.085449	-122.735741
10675.758362	-124.283554
10676.431274	-122.558601
10677.104187	-123.137344
10677.777100	-124.261635
10678.450012	-123.913994
10679.122925	-122.881210
10679.795837	-122.804512
10680.468750	-122.650536
10681.141663	-122.747490
10681.814575	-123.452316
10682.487488	-123.368073
10683.160400	-122.938454
10683.833313	-122.567230
10684.506226	-123.629578
10685.179138	-123.649117
10685.852051	-123.554443
10686.524963	-123.705833
10687.197876	-123.613487
10687.870789	-122.809875
10688.543701	-123.170135
10689.216614	-123.238197
10689.889526	-123.006546
10690.562439	-123.288551
10691.235352	-123.948738
10691.908264	-123.183983
10692.581177	-123.291687
10693.254089	-124.300636
10693.927002	-122.786453
10694.599915	-123.977486
10695.272827	-123.378868
10695.945740	-123.055603
10696.618652	-123.622513
10697.291565	-123.302231
10697.964478	-122.906250
10698.637390	-123.190262
10699.310303	-123.965919
10699.983215	-123.950874
10700.656128	-123.105782
10701.329041	-122.138954
10702.001953	-121.889938
10702.674866	-123.530418
10703.347778	-123.647644
10704.020691	-123.203583
10704.693604	-123.303848
10705.366516	-123.965324
10706.039429	-123.133965
10706.712341	-123.006432
10707.385254	-123.568970
10708.058167	-123.325859
10708.731079	-124.248909
10709.403992	-124.762276
10710.076904	-124.860016
10710.749817	-123.406456
10711.422729	-123.054329
10712.095642	-122.938332
10712.768555	-124.195312
10713.441467	-123.752632
10714.114380	-122.792023
10714.787292	-123.086067
10715.460205	-122.207085
10716.133118	-122.702599
10716.806030	-123.093010
10717.478943	-123.326851
10718.151855	-124.297455
10718.824768	-124.687775
10719.497681	-123.625038
10720.170593	-122.632240
10720.843506	-123.497902
10721.516418	-124.041306
10722.189331	-123.851624
10722.862244	-122.678764
10723.535156	-122.381340
10724.208069	-123.124519
10724.880981	-124.630104
10725.553894	-123.843109
10726.226807	-123.525940
10726.899719	-123.073158
10727.572632	-122.551689
10728.245544	-122.972527
10728.918457	-123.375099
10729.591370	-122.853920
10730.264282	-123.592911
10730.937195	-123.287613
10731.610107	-123.180725
10732.283020	-124.277351
10732.955933	-124.156578
10733.628845	-122.559837
10734.301758	-123.070229
10734.974670	-124.667305
10735.647583	-123.955643
10736.320496	-123.807617
10736.993408	-124.227097
10737.666321	-123.264389
10738.339233	-122.864883
10739.012146	-122.558235
10739.685059	-122.458046
10740.357971	-123.936195
10741.030884	-124.448273
10741.703796	-124.326408
10742.376709	-125.041344
10743.049622	-124.282143
10743.722534	-124.178116
10744.395447	-124.093132
10745.068359	-123.688713
10745.741272	-123.667732
10746.414185	-123.865746
10747.087097	-123.518768
10747.760010	-124.547157
10748.432922	-124.113800
10749.105835	-124.232094
10749.778748	-123.964142
10750.451660	-124.072571
10751.124573	-123.379875
10751.797485	-123.910828
10752.470398	-123.959671
10753.143311	-123.005257
10753.816223	-123.863876
10754.489136	-124.006920
10755.162048	-123.035133
10755.834961	-123.025917
10756.507874	-123.976570
10757.180786	-123.673569
10757.853699	-123.559708
10758.526611	-123.630653
10759.199524	-123.672073
10759.872437	-123.374756
10760.545349	-123.928329
10761.218262	-124.095825
10761.891174	-123.910675
10762.564087	-123.597618
10763.237000	-123.051231
10763.909912	-123.667084
10764.582825	-123.543655
10765.255737	-123.877571
10765.928650	-123.845467
10766.601562	-124.183342
10767.274475	-124.137459
10767.947388	-124.589317
10768.620300	-123.967392
10769.293213	-123.036690
10769.966125	-122.610825
10770.639038	-122.654938
10771.311951	-122.959007
10771.984863	-123.815582
10772.657776	-124.404381
10773.330688	-123.510071
10774.003601	-122.770981
10774.676514	-123.903046
10775.349426	-122.995163
10776.022339	-122.774734
10776.695251	-123.681816
10777.368164	-124.180016
10778.041077	-122.651756
10778.713989	-123.036964
10779.386902	-124.645584
10780.059814	-124.462784
10780.732727	-124.073914
10781.405640	-123.529594
10782.078552	-123.441956
10782.751465	-124.462349
10783.424377	-125.061546
10784.097290	-123.305313
10784.770203	-124.122589
10785.443115	-124.151260
10786.116028	-124.253113
10786.788940	-123.986771
10787.461853	-123.484833
10788.134766	-123.916061
10788.807678	-123.757263
10789.480591	-123.839851
10790.153503	-124.529404
10790.826416	-123.933899
10791.499329	-123.427383
10792.172241	-124.176414
10792.845154	-125.333237
10793.518066	-124.413177
10794.190979	-123.783958
10794.863892	-123.566910
10795.536804	-124.207710
10796.209717	-124.592453
10796.882629	-124.236946
10797.555542	-124.501328
10798.228455	-123.936890
10798.901367	-123.619896
10799.574280	-123.382820
10800.247192	-124.581734
10800.920105	-125.496841
10801.593018	-124.706184
10802.265930	-123.941093
10802.938843	-123.969872
10803.611755	-123.845795
10804.284668	-123.990494
10804.957581	-124.418404
10805.630493	-124.242302
10806.303406	-123.967087
10806.976318	-124.893562
10807.649231	-124.096817
10808.322144	-124.130608
10808.995056	-124.055588
10809.667969	-123.278366
10810.340881	-123.757347
10811.013794	-122.667793
10811.686707	-123.284920
10812.359619	-125.416557
10813.032532	-124.496292
10813.705444	-124.345596
10814.378357	-124.171715
10815.051270	-123.722649
10815.724182	-124.493835
10816.397095	-124.723732
10817.070007	-123.991165
10817.742920	-123.186623
10818.415833	-124.098427
10819.088745	-123.471390
10819.761658	-123.844650
10820.434570	-124.729927
10821.107483	-124.062569
10821.780396	-123.997795
10822.453308	-124.418144
10823.126221	-124.997223
10823.799133	-124.619362
10824.472046	-123.118179
10825.144958	-123.419342
10825.817871	-125.037018
10826.490784	-125.597404
10827.163696	-125.010941
10827.836609	-124.365036
10828.509521	-124.763184
10829.182434	-124.546249
10829.855347	-124.149681
10830.528259	-124.734001
10831.201172	-125.125076
10831.874084	-124.740494
10832.546997	-125.156166
10833.219910	-123.450432
10833.892822	-123.883209
10834.565735	-124.705559
10835.238647	-124.364563
10835.911560	-124.045784
10836.584473	-124.636238
10837.257385	-124.539459
10837.930298	-123.898796
10838.603210	-124.358154
10839.276123	-125.091599
10839.949036	-124.989853
10840.621948	-123.800957
10841.294861	-124.074814
10841.967773	-124.371552
10842.640686	-124.186752
10843.313599	-124.005524
10843.986511	-124.804810
10844.659424	-125.067146
10845.332336	-125.312386
10846.005249	-125.309563
10846.678162	-125.589172
10847.351074	-125.536835
10848.023987	-125.041527
10848.696899	-124.397850
10849.369812	-125.182343
10850.042725	-124.618332
10850.715637	-124.339500
10851.388550	-123.184723
10852.061462	-124.107750
10852.734375	-124.961449
10853.407288	-125.749786
10854.080200	-125.492012
10854.753113	-124.828018
10855.426025	-125.114433
10856.098938	-124.237694
10856.771851	-124.333076
10857.444763	-125.826004
10858.117676	-123.446358
10858.790588	-123.564972
10859.463501	-124.810135
10860.136414	-125.447655
10860.809326	-124.999382
10861.482239	-124.439041
10862.155151	-123.747566
10862.828064	-124.064545
10863.500977	-124.368805
10864.173889	-124.876640
10864.846802	-124.879929
10865.519714	-124.583405
10866.192627	-124.437584
10866.865540	-124.992767
10867.538452	-124.432922
10868.211365	-124.838142
10868.884277	-125.095047
10869.557190	-124.736488
10870.230103	-124.193970
10870.903015	-123.988655
10871.575928	-124.474236
10872.248840	-124.148170
10872.921753	-124.563484
10873.594666	-123.881081
10874.267578	-123.834610
10874.940491	-124.174973
10875.613403	-124.588158
10876.286316	-124.657478
10876.959229	-124.271332
10877.632141	-124.826958
10878.305054	-124.238640
10878.977966	-124.557014
10879.650879	-124.548279
10880.323792	-123.516251
10880.996704	-124.713684
10881.669617	-123.636040
10882.342529	-123.467514
10883.015442	-124.338081
10883.688354	-123.626534
10884.361267	-123.333397
10885.034180	-123.565971
10885.707092	-124.683289
10886.380005	-125.015694
10887.052917	-124.621124
10887.725830	-124.162201
10888.398743	-125.214081
10889.071655	-124.580093
10889.744568	-123.636482
10890.417480	-124.212944
10891.090393	-124.884926
10891.763306	-125.007698
10892.436218	-125.208794
10893.109131	-124.584724
10893.782043	-125.296288
10894.454956	-124.755402
10895.127869	-124.443558
10895.800781	-124.492752
10896.473694	-124.184128
10897.146606	-124.911438
10897.819519	-124.962013
10898.492432	-124.213860
10899.165344	-123.479515
10899.838257	-124.563019
10900.511169	-124.088211
10901.184082	-124.271988
10901.856995	-124.683838
10902.529907	-124.772087
10903.202820	-124.742287
10903.875732	-124.939659
10904.548645	-124.530235
10905.221558	-124.776413
10905.894470	-124.704315
10906.567383	-125.320747
10907.240295	-124.437851
10907.913208	-124.591339
10908.586121	-124.701134
10909.259033	-124.889519
10909.931946	-124.474693
10910.604858	-124.597214
10911.277771	-125.668068
10911.950684	-124.888741
10912.623596	-124.433739
10913.296509	-124.143448
10913.969421	-123.993340
10914.642334	-123.737877
10915.315247	-124.848221
10915.988159	-125.104935
10916.661072	-125.541908
10917.333984	-124.774010
10918.006897	-125.516029
10918.679810	-125.023659
10919.352722	-125.729256
10920.025635	-125.175110
10920.698547	-123.924675
10921.371460	-124.332016
10922.044373	-124.126862
10922.717285	-124.681824
10923.390198	-124.440262
10924.063110	-124.437790
10924.736023	-124.485168
10925.408936	-124.465248
10926.081848	-124.176735
10926.754761	-123.942635
10927.427673	-124.563217
10928.100586	-125.451172
10928.773499	-124.600922
10929.446411	-124.901024
10930.119324	-124.782166
10930.792236	-124.284630
10931.465149	-125.339485
10932.138062	-124.776817
10932.810974	-123.498817
10933.483887	-124.601326
10934.156799	-124.604576
10934.829712	-124.256317
10935.502625	-123.540970
10936.175537	-123.564949
10936.848450	-123.637993
10937.521362	-124.509598
10938.194275	-125.671852
10938.867188	-126.419502
10939.540100	-124.769897
10940.213013	-124.603943
10940.885925	-125.039932
10941.558838	-125.048401
10942.231750	-124.286797
10942.904663	-124.614883
10943.577576	-124.836517
10944.250488	-124.524582
10944.923401	-124.917076
10945.596313	-124.230812
10946.269226	-124.868164
10946.942139	-125.380333
10947.615051	-124.481911
10948.287964	-124.190529
10948.960876	-123.358543
10949.633789	-123.883469
10950.306702	-124.717255
10950.979614	-125.037369
10951.652527	-124.968048
10952.325439	-124.721573
10952.998352	-124.607407
10953.671265	-124.442574
10954.344177	-124.716827
10955.017090	-124.828392
10955.690002	-123.792397
10956.362915	-124.058571
10957.035828	-125.158966
10957.708740	-124.624229
10958.381653	-125.007050
10959.054565	-125.142288
10959.727478	-124.906380
10960.400391	-125.583237
10961.073303	-124.805634
10961.746216	-124.225731
10962.419128	-125.279366
10963.092041	-126.012634
10963.764954	-125.369057
10964.437866	-125.023666
10965.110779	-124.320587
10965.783691	-124.309486
10966.456604	-123.833549
10967.129517	-124.345741
10967.802429	-124.805054
10968.475342	-124.278313
10969.148254	-124.268295
10969.821167	-124.497818
10970.494080	-124.406090
10971.166992	-124.291534
10971.839905	-124.680893
10972.512817	-123.921516
10973.185730	-123.612396
10973.858643	-125.284134
10974.531555	-124.746803
10975.204468	-124.963005
10975.877380	-124.976219
10976.550293	-125.369591
10977.223206	-125.791252
10977.896118	-125.398544
10978.569031	-124.205658
10979.241943	-124.698112
10979.914856	-124.915840
10980.587769	-124.159683
10981.260681	-124.040504
10981.933594	-124.342125
10982.606506	-124.485916
10983.279419	-124.566429
10983.952332	-125.163246
10984.625244	-125.677521
10985.298157	-124.213783
10985.971069	-124.263397
10986.643982	-124.895210
10987.316895	-125.135780
10987.989807	-124.836746
10988.662720	-124.246742
10989.335632	-124.330215
10990.008545	-124.207710
10990.681458	-124.308052
10991.354370	-124.463608
10992.027283	-124.476593
10992.700195	-125.208099
10993.373108	-125.167328
10994.046021	-124.695396
10994.718933	-124.775955
10995.391846	-125.207184
10996.064758	-125.891121
10996.737671	-125.625534
10997.410583	-126.083870
10998.083496	-124.808128
10998.756409	-124.907104
10999.429321	-124.947823
11000.102234	-124.730270
11000.775146	-123.799927
11001.448059	-124.598595
11002.120972	-125.558441
11002.793884	-125.508392
11003.466797	-125.185173
11004.139709	-125.493896
11004.812622	-125.386589
11005.485535	-125.277092
11006.158447	-125.021530
11006.831360	-124.678696
11007.504272	-125.142982
11008.177185	-125.013435
11008.850098	-125.079056
11009.523010	-125.200203
11010.195923	-124.834946
11010.868835	-126.009506
11011.541748	-125.227196
11012.214661	-124.113731
11012.887573	-125.138062
11013.560486	-126.225952
11014.233398	-125.576515
11014.906311	-125.032623
11015.579224	-124.459854
11016.252136	-124.612221
11016.925049	-125.158958
11017.597961	-126.636528
11018.270874	-126.329323
11018.943787	-125.008995
11019.616699	-124.056084
11020.289612	-124.957634
11020.962524	-124.295097
11021.635437	-123.921913
11022.308350	-125.184784
11022.981262	-125.583565
11023.654175	-124.630104
11024.327087	-123.891098
