Частота (Гц)	Уровень (дБ)
0,672913	-96,421898
1,345825	-121,349182
2,018738	-120,461983
2,691650	-116,397179
3,364563	-109,863213
4,037476	-104,236969
4,710388	-107,108498
5,383301	-105,366608
6,056213	-106,395088
6,729126	-108,471313
7,402039	-111,497375
8,074951	-111,175011
8,747864	-107,194069
9,420776	-107,867165
10,093689	-106,118423
10,766602	-104,154152
11,439514	-105,929939
12,112427	-105,950356
12,785339	-102,145676
13,458252	-100,820221
14,131165	-102,296318
14,804077	-102,417397
15,476990	-101,857239
16,149902	-102,349449
16,822815	-99,132690
17,495728	-99,021431
18,168640	-103,299675
18,841553	-100,052200
19,514465	-95,842308
20,187378	-92,537605
20,860291	-89,368530
21,533203	-87,268799
22,206116	-88,797462
22,879028	-89,995277
23,551941	-89,102127
24,224854	-88,353859
24,897766	-88,428368
25,570679	-87,759331
26,243591	-87,559235
26,916504	-87,205719
27,589417	-85,213890
28,262329	-83,872841
28,935242	-85,284348
29,608154	-84,427856
30,281067	-79,463509
30,953979	-77,861687
31,626892	-77,642166
32,299805	-76,673737
32,972717	-74,419174
33,645630	-70,052391
34,318542	-65,903648
34,991455	-65,464905
35,664368	-69,272224
36,337280	-72,527451
37,010193	-75,431541
37,683105	-78,887207
38,356018	-80,748161
39,028931	-81,772301
39,701843	-83,793427
40,374756	-84,939194
41,047668	-85,336815
41,720581	-86,848885
42,393494	-88,119453
43,066406	-87,809258
43,739319	-88,388847
44,412231	-89,206718
45,085144	-87,514755
45,758057	-87,766823
46,430969	-89,225929
47,103882	-89,190910
47,776794	-88,421524
48,449707	-88,210770
49,122620	-88,250626
49,795532	-87,663246
50,468445	-85,164513
51,141357	-83,564873
51,814270	-81,663300
52,487183	-81,409988
53,160095	-82,800339
53,833008	-82,582916
54,505920	-81,519035
55,178833	-78,654388
55,851746	-77,247757
56,524658	-74,533012
57,197571	-74,328323
57,870483	-76,013268
58,543396	-76,580444
59,216309	-76,928810
59,889221	-77,818352
60,562134	-80,161224
61,235046	-81,416512
61,907959	-79,947540
62,580872	-79,136536
63,253784	-80,522270
63,926697	-81,932823
64,599609	-83,141891
65,272522	-84,921371
65,945435	-85,308670
66,618347	-85,375725
67,291260	-86,860756
67,964172	-88,134254
68,637085	-88,114319
69,309998	-89,510254
69,982910	-91,297142
70,655823	-90,915352
71,328735	-91,066734
72,001648	-92,975807
72,674561	-94,172981
73,347473	-94,909180
74,020386	-97,975594
74,693298	-99,390251
75,366211	-98,420906
76,039124	-97,224663
76,712036	-96,977638
77,384949	-97,606598
78,057861	-97,753113
78,730774	-96,832390
79,403687	-96,019547
80,076599	-96,449333
80,749512	-97,026703
81,422424	-96,106964
82,095337	-95,186844
82,768250	-95,321381
83,441162	-95,083382
84,114075	-94,363029
84,786987	-94,567833
85,459900	-94,957603
86,132812	-93,967247
86,805725	-92,530731
87,478638	-92,985321
88,151550	-92,226936
88,824463	-90,915520
89,497375	-91,108398
90,170288	-91,426140
90,843201	-91,283989
91,516113	-91,284660
92,189026	-91,088188
92,861938	-90,563499
93,534851	-90,570633
94,207764	-90,130127
94,880676	-89,073616
95,553589	-88,417297
96,226501	-88,191200
96,899414	-87,330650
97,572327	-86,554634
98,245239	-85,745682
98,918152	-84,029716
99,591064	-82,351387
100,263977	-81,585594
100,936890	-80,839638
101,609802	-80,396690
102,282715	-81,166824
102,955627	-82,253502
103,628540	-83,432869
104,301453	-85,340141
104,974365	-86,665718
105,647278	-86,925392
106,320190	-87,613754
106,993103	-88,316628
107,666016	-88,417770
108,338928	-89,065239
109,011841	-90,575546
109,684753	-91,647827
110,357666	-92,695175
111,030579	-95,199486
111,703491	-98,534813
112,376404	-98,657692
113,049316	-97,748947
113,722229	-98,957840
114,395142	-100,053101
115,068054	-99,406250
115,740967	-97,539085
116,413879	-96,681732
117,086792	-97,054420
117,759705	-98,865784
118,432617	-100,635780
119,105530	-101,315536
119,778442	-102,537781
120,451355	-103,324059
121,124268	-104,190247
121,797180	-104,098259
122,470093	-104,131050
123,143005	-103,484924
123,815918	-103,498245
124,488831	-104,692787
125,161743	-107,864418
125,834656	-107,031212
126,507568	-106,748383
127,180481	-107,939835
127,853394	-107,015800
128,526306	-105,559486
129,199219	-104,968155
129,872131	-105,743904
130,545044	-104,103065
131,217957	-102,132492
131,890869	-100,962868
132,563782	-101,660118
133,236694	-100,587456
133,909607	-98,790352
134,582520	-98,872223
135,255432	-99,328651
135,928345	-98,405663
136,601257	-99,323578
137,274170	-99,444931
137,947083	-99,051216
138,619995	-99,448265
139,292908	-99,385315
139,965820	-98,979286
140,638733	-97,924568
141,311646	-97,333267
141,984558	-97,445869
142,657471	-98,482719
143,330383	-99,231056
144,003296	-99,307426
144,676208	-99,356873
145,349121	-100,190056
146,022034	-100,796814
146,694946	-101,035088
147,367859	-100,629662
148,040771	-98,819565
148,713684	-98,253349
149,386597	-98,085968
150,059509	-97,579155
150,732422	-96,263412
151,405334	-95,234169
152,078247	-95,115417
152,751160	-95,241364
153,424072	-95,111847
154,096985	-94,883369
154,769897	-94,438789
155,442810	-93,881317
156,115723	-93,480949
156,788635	-93,324829
157,461548	-93,046951
158,134460	-93,117409
158,807373	-94,193428
159,480286	-96,312294
160,153198	-98,600060
160,826111	-98,991074
161,499023	-97,984833
162,171936	-97,842316
162,844849	-98,253105
163,517761	-98,315323
164,190674	-98,048553
164,863586	-98,435890
165,536499	-98,417885
166,209412	-98,472351
166,882324	-99,143799
167,555237	-99,643921
168,228149	-100,213257
168,901062	-101,693359
169,573975	-103,438232
170,246887	-103,790276
170,919800	-103,723854
171,592712	-104,208595
172,265625	-104,621422
172,938538	-105,074585
173,611450	-105,076996
174,284363	-104,972923
174,957275	-104,278648
175,630188	-105,136673
176,303101	-106,382362
176,976013	-105,486031
177,648926	-104,116417
178,321838	-103,619797
178,994751	-104,463631
179,667664	-104,393646
180,340576	-104,845238
181,013489	-104,024857
181,686401	-103,994743
182,359314	-104,753578
183,032227	-105,600876
183,705139	-105,418831
184,378052	-105,206024
185,050964	-105,828751
185,723877	-108,909462
186,396790	-108,167145
187,069702	-107,363411
187,742615	-108,439072
188,415527	-108,994911
189,088440	-109,986420
189,761353	-108,824501
190,434265	-106,608421
191,107178	-105,096962
191,780090	-103,396584
192,453003	-102,743347
193,125916	-103,793686
193,798828	-106,257431
194,471741	-108,523766
195,144653	-107,824600
195,817566	-106,462410
196,490479	-106,344063
197,163391	-107,500252
197,836304	-108,288177
198,509216	-106,862335
199,182129	-103,360840
199,855042	-97,726013
200,527954	-99,831612
201,200867	-104,720215
201,873779	-104,947472
202,546692	-106,896980
203,219604	-108,692627
203,892517	-108,279335
204,565430	-105,992073
205,238342	-106,061913
205,911255	-107,582382
206,584167	-108,504494
207,257080	-107,359772
207,929993	-107,401039
208,602905	-108,649956
209,275818	-109,352562
209,948730	-106,540138
210,621643	-103,980026
211,294556	-102,481979
211,967468	-99,954529
212,640381	-97,988022
213,313293	-97,145699
213,986206	-97,337288
214,659119	-97,553467
215,332031	-98,456024
216,004944	-100,407600
216,677856	-102,001862
217,350769	-101,809959
218,023682	-101,782539
218,696594	-103,056366
219,369507	-103,347458
220,042419	-103,281372
220,715332	-102,718445
221,388245	-102,741676
222,061157	-102,769745
222,734070	-102,641022
223,406982	-102,219086
224,079895	-102,498276
224,752808	-102,970612
225,425720	-101,042320
226,098633	-101,185814
226,771545	-101,495842
227,444458	-101,492737
228,117371	-103,365280
228,790283	-101,587608
229,463196	-100,648659
230,136108	-100,209267
230,809021	-101,614182
231,481934	-101,258217
232,154846	-100,637466
232,827759	-102,096924
233,500671	-103,735725
234,173584	-103,768532
234,846497	-105,980217
235,519409	-105,882515
236,192322	-104,799545
236,865234	-104,183807
237,538147	-104,068764
238,211060	-103,662529
238,883972	-104,867790
239,556885	-107,917755
240,229797	-109,118050
240,902710	-108,746140
241,575623	-108,199005
242,248535	-108,547150
242,921448	-109,267311
243,594360	-109,769478
244,267273	-109,765831
244,940186	-110,651817
245,613098	-110,676636
246,286011	-109,837524
246,958923	-110,000999
247,631836	-109,638199
248,304749	-110,857323
248,977661	-108,104645
249,650574	-109,379288
250,323486	-109,468971
250,996399	-108,955978
251,669312	-107,695168
252,342224	-109,142578
253,015137	-109,626045
253,688049	-107,964195
254,360962	-107,827484
255,033875	-107,170265
255,706787	-109,225807
256,379700	-109,789749
257,052612	-111,669258
257,725525	-110,225853
258,398438	-109,663124
259,071350	-109,090050
259,744263	-109,934402
260,417175	-109,557358
261,090088	-109,162689
261,763000	-109,320976
262,435913	-110,485657
263,108826	-109,007133
263,781738	-108,718330
264,454651	-108,706421
265,127563	-109,279167
265,800476	-110,489632
266,473389	-110,115112
267,146301	-111,011848
267,819214	-110,956291
268,492126	-110,666679
269,165039	-111,017876
269,837952	-110,680077
270,510864	-110,090546
271,183777	-108,979752
271,856689	-109,534302
272,529602	-109,036720
273,202515	-109,367859
273,875427	-110,940903
274,548340	-111,975594
275,221252	-109,794823
275,894165	-110,124786
276,567078	-111,716187
277,239990	-110,719101
277,912903	-109,721397
278,585815	-108,613770
279,258728	-108,208153
279,931641	-108,703445
280,604553	-107,446724
281,277466	-109,121140
281,950378	-109,824356
282,623291	-107,940689
283,296204	-108,891724
283,969116	-109,586281
284,642029	-108,390869
285,314941	-107,019630
285,987854	-107,499207
286,660767	-107,694855
287,333679	-108,983932
288,006592	-106,951599
288,679504	-107,181915
289,352417	-108,856186
290,025330	-112,265923
290,698242	-113,527855
291,371155	-112,394089
292,044067	-111,884239
292,716980	-110,834869
293,389893	-110,867516
294,062805	-112,429749
294,735718	-111,353378
295,408630	-109,937103
296,081543	-110,265320
296,754456	-110,288734
297,427368	-110,676033
298,100281	-110,433876
298,773193	-108,570000
299,446106	-107,792740
300,119019	-108,372490
300,791931	-110,538994
301,464844	-111,550262
302,137756	-111,172791
302,810669	-110,413765
303,483582	-110,789917
304,156494	-109,950294
304,829407	-108,864464
305,502319	-107,929367
306,175232	-109,447983
306,848145	-108,728340
307,521057	-108,745453
308,193970	-111,282257
308,866882	-108,963455
309,539795	-107,689949
310,212708	-108,337631
310,885620	-109,545631
311,558533	-109,657341
312,231445	-108,073692
312,904358	-108,953804
313,577271	-109,588936
314,250183	-108,670082
314,923096	-109,018456
315,596008	-109,261208
316,268921	-109,739571
316,941833	-111,234161
317,614746	-110,212219
318,287659	-109,596497
318,960571	-111,004173
319,633484	-110,465279
320,306396	-109,180031
320,979309	-109,681053
321,652222	-110,303673
322,325134	-112,362617
322,998047	-111,421356
323,670959	-112,841965
324,343872	-112,439987
325,016785	-111,271156
325,689697	-111,756027
326,362610	-112,920174
327,035522	-112,087372
327,708435	-111,134293
328,381348	-111,103050
329,054260	-111,115425
329,727173	-112,027771
330,400085	-111,057457
331,072998	-110,173515
331,745911	-108,795464
332,418823	-108,263786
333,091736	-108,388580
333,764648	-106,544334
334,437561	-105,754631
335,110474	-106,536224
335,783386	-106,825668
336,456299	-109,089172
337,129211	-113,234955
337,802124	-112,219391
338,475037	-112,488373
339,147949	-109,687584
339,820862	-110,260902
340,493774	-111,930328
341,166687	-111,902283
341,839600	-112,860825
342,512512	-109,839676
343,185425	-109,200417
343,858337	-109,336243
344,531250	-109,235962
345,204163	-109,223099
345,877075	-109,435524
346,549988	-110,851387
347,222900	-111,385963
347,895813	-113,217255
348,568726	-114,712479
349,241638	-111,332237
349,914551	-104,965721
350,587463	-103,822708
351,260376	-105,637733
351,933289	-104,297455
352,606201	-106,201660
353,279114	-110,491440
353,952026	-111,244751
354,624939	-112,936340
355,297852	-110,176140
355,970764	-108,490250
356,643677	-110,168816
357,316589	-108,381943
357,989502	-107,659500
358,662415	-108,692139
359,335327	-108,282455
360,008240	-110,579971
360,681152	-111,524673
361,354065	-110,282402
362,026978	-109,190834
362,699890	-108,951027
363,372803	-111,162888
364,045715	-111,542824
364,718628	-112,625763
365,391541	-111,142052
366,064453	-111,473518
366,737366	-112,367485
367,410278	-111,827728
368,083191	-110,999413
368,756104	-112,489952
369,429016	-113,313751
370,101929	-112,792938
370,774841	-111,570160
371,447754	-111,938164
372,120667	-110,831337
372,793579	-110,471405
373,466492	-111,093422
374,139404	-111,790268
374,812317	-112,247253
375,485229	-111,901108
376,158142	-113,845726
376,831055	-113,156471
377,503967	-112,133652
378,176880	-112,379333
378,849792	-111,274315
379,522705	-112,983597
380,195618	-111,585846
380,868530	-110,364876
381,541443	-111,681641
382,214355	-113,421890
382,887268	-115,194641
383,560181	-114,817917
384,233093	-114,092979
384,906006	-111,772743
385,578918	-112,228439
386,251831	-114,281548
386,924744	-114,035851
387,597656	-113,635315
388,270569	-112,841209
388,943481	-112,189560
389,616394	-112,961525
390,289307	-112,517357
390,962219	-111,165375
391,635132	-110,162582
392,308044	-111,527328
392,980957	-114,106308
393,653870	-112,545563
394,326782	-112,470070
394,999695	-112,079727
395,672607	-112,510681
396,345520	-112,543411
397,018433	-112,313469
397,691345	-112,331375
398,364258	-111,466705
399,037170	-111,476418
399,710083	-113,518486
400,382996	-114,177086
401,055908	-112,162766
401,728821	-113,142876
402,401733	-113,679466
403,074646	-110,392830
403,747559	-110,854568
404,420471	-112,265640
405,093384	-112,630615
405,766296	-113,582047
406,439209	-111,426643
407,112122	-109,688370
407,785034	-111,187378
408,457947	-112,487289
409,130859	-113,455147
409,803772	-112,858833
410,476685	-112,285606
411,149597	-112,456398
411,822510	-112,188744
412,495422	-112,012825
413,168335	-111,636345
413,841248	-111,451096
414,514160	-112,113029
415,187073	-112,508064
415,859985	-112,397934
416,532898	-113,493187
417,205811	-111,848366
417,878723	-112,523010
418,551636	-113,655746
419,224548	-113,045372
419,897461	-112,820206
420,570374	-111,927910
421,243286	-112,595352
421,916199	-111,964806
422,589111	-113,966675
423,262024	-113,726990
423,934937	-114,375244
424,607849	-114,608070
425,280762	-113,719955
425,953674	-112,319199
426,626587	-110,775757
427,299500	-108,297455
427,972412	-110,099907
428,645325	-111,917511
429,318237	-110,194069
429,991150	-110,323181
430,664062	-111,343018
431,336975	-113,710152
432,009888	-112,768265
432,682800	-112,825592
433,355713	-112,863617
434,028625	-112,155350
434,701538	-110,826439
435,374451	-111,354897
436,047363	-112,874748
436,720276	-114,714546
437,393188	-114,491051
438,066101	-112,279610
438,739014	-111,622902
439,411926	-113,982643
440,084839	-114,489723
440,757751	-114,797478
441,430664	-111,551460
442,103577	-108,678955
442,776489	-109,413086
443,449402	-113,189430
444,122314	-113,366531
444,795227	-112,310944
445,468140	-110,810425
446,141052	-110,976997
446,813965	-110,994316
447,486877	-112,143410
448,159790	-110,971748
448,832703	-112,500549
449,505615	-112,100517
450,178528	-113,044319
450,851440	-114,827446
451,524353	-116,020119
452,197266	-113,698036
452,870178	-112,409637
453,543091	-112,252037
454,216003	-112,121529
454,888916	-112,233437
455,561829	-112,874672
456,234741	-113,504715
456,907654	-113,308868
457,580566	-113,901253
458,253479	-112,714363
458,926392	-112,350143
459,599304	-111,696487
460,272217	-112,769356
460,945129	-114,619308
461,618042	-114,834534
462,290955	-112,250687
462,963867	-111,837135
463,636780	-112,292984
464,309692	-112,511360
464,982605	-111,977524
465,655518	-111,744881
466,328430	-111,919220
467,001343	-111,754356
467,674255	-112,603088
468,347168	-112,465355
469,020081	-110,781944
469,692993	-112,341301
470,365906	-112,527901
471,038818	-112,064987
471,711731	-112,212799
472,384644	-112,755959
473,057556	-112,559898
473,730469	-113,300186
474,403381	-113,220810
475,076294	-112,989853
475,749207	-112,633049
476,422119	-113,160133
477,095032	-115,012268
477,767944	-115,706467
478,440857	-113,180534
479,113770	-111,812637
479,786682	-112,085815
480,459595	-112,250092
481,132507	-112,532684
481,805420	-112,153275
482,478333	-111,971771
483,151245	-112,585373
483,824158	-112,915253
484,497070	-111,890976
485,169983	-111,795921
485,842896	-112,037422
486,515808	-112,350754
487,188721	-113,165642
487,861633	-112,185837
488,534546	-110,263214
489,207458	-109,630302
489,880371	-109,386871
490,553284	-109,539284
491,226196	-110,509178
491,899109	-109,662094
492,572021	-108,234329
493,244934	-106,012321
493,917847	-102,986458
494,590759	-100,491013
495,263672	-102,068077
495,936584	-100,759972
496,609497	-100,084549
497,282410	-100,372543
497,955322	-102,169586
498,628235	-103,402458
499,301147	-101,982040
499,974060	-101,267082
500,646973	-101,707031
501,319885	-104,704430
501,992798	-105,626732
502,665710	-106,949120
503,338623	-110,691757
504,011536	-111,942467
504,684448	-109,628288
505,357361	-112,606728
506,030273	-113,590904
506,703186	-112,472321
507,376099	-113,167007
508,049011	-113,304497
508,721924	-112,575401
509,394836	-111,795212
510,067749	-113,093208
510,740662	-112,943680
511,413574	-111,289337
512,086487	-111,082016
512,759399	-110,786751
513,432312	-110,957741
514,105225	-112,194817
514,778137	-111,233612
515,451050	-112,595711
516,123962	-112,618240
516,796875	-111,481514
517,469788	-111,154587
518,142700	-112,424835
518,815613	-112,722122
519,488525	-114,337105
520,161438	-113,974747
520,834351	-114,266602
521,507263	-112,242279
522,180176	-112,446877
522,853088	-113,189598
523,526001	-112,855743
524,198914	-112,991928
524,871826	-111,617401
525,544739	-112,111633
526,217651	-112,665611
526,890564	-112,069725
527,563477	-113,035110
528,236389	-112,477478
528,909302	-112,018654
529,582214	-111,540924
530,255127	-110,477341
530,928040	-110,311050
531,600952	-112,044762
532,273865	-112,736351
532,946777	-111,107582
533,619690	-111,417267
534,292603	-111,461205
534,965515	-112,465157
535,638428	-110,232262
536,311340	-109,222595
536,984253	-108,676086
537,657166	-107,514221
538,330078	-107,498703
539,002991	-108,784256
539,675903	-109,911781
540,348816	-109,965019
541,021729	-108,407326
541,694641	-110,110741
542,367554	-110,663155
543,040466	-109,959625
543,713379	-110,938873
544,386292	-109,965202
545,059204	-111,746628
545,732117	-111,355804
546,405029	-111,735321
547,077942	-113,454720
547,750854	-113,850830
548,423767	-113,299492
549,096680	-114,056091
549,769592	-114,120651
550,442505	-113,693268
551,115417	-112,784920
551,788330	-113,946136
552,461243	-114,826744
553,134155	-112,978714
553,807068	-111,383873
554,479980	-111,175827
555,152893	-112,698402
555,825806	-113,778419
556,498718	-111,765839
557,171631	-113,661400
557,844543	-113,844574
558,517456	-112,011543
559,190369	-110,727257
559,863281	-111,236633
560,536194	-110,863152
561,209106	-111,755447
561,882019	-110,829384
562,554932	-110,543907
563,227844	-111,375053
563,900757	-111,073265
564,573669	-111,432220
565,246582	-114,587044
565,919495	-115,322693
566,592407	-115,644920
567,265320	-115,092545
567,938232	-114,402412
568,611145	-113,777618
569,284058	-112,798500
569,956970	-114,370705
570,629883	-113,542915
571,302795	-114,597992
571,975708	-114,765274
572,648621	-113,854729
573,321533	-115,163750
573,994446	-115,014496
574,667358	-114,415421
575,340271	-114,275536
576,013184	-114,941345
576,686096	-115,006989
577,359009	-114,270912
578,031921	-115,445221
578,704834	-115,511879
579,377747	-114,199745
580,050659	-114,483521
580,723572	-116,371391
581,396484	-116,396233
582,069397	-114,494682
582,742310	-113,941467
583,415222	-115,342819
584,088135	-114,523582
584,761047	-114,850708
585,433960	-116,008759
586,106873	-114,704155
586,779785	-115,163063
587,452698	-116,159180
588,125610	-113,660248
588,798523	-114,956329
589,471436	-113,370293
590,144348	-113,338997
590,817261	-115,757339
591,490173	-114,788147
592,163086	-114,509979
592,835999	-116,339241
593,508911	-117,405190
594,181824	-117,586700
594,854736	-115,588852
595,527649	-115,405609
596,200562	-116,356934
596,873474	-115,174934
597,546387	-113,130333
598,219299	-114,211800
598,892212	-116,214386
599,565125	-113,538712
600,238037	-113,162704
600,910950	-114,452835
601,583862	-113,851814
602,256775	-113,561722
602,929688	-114,008896
603,602600	-114,966064
604,275513	-116,108894
604,948425	-114,176895
605,621338	-114,715340
606,294250	-113,548981
606,967163	-114,061958
607,640076	-113,995255
608,312988	-114,628174
608,985901	-114,917122
609,658813	-115,811630
610,331726	-116,777168
611,004639	-114,930786
611,677551	-113,238029
612,350464	-114,178352
613,023376	-115,463722
613,696289	-114,980446
614,369202	-114,371559
615,042114	-113,441917
615,715027	-112,981873
616,387939	-115,652939
617,060852	-116,096939
617,733765	-115,059502
618,406677	-113,257889
619,079590	-114,137115
619,752502	-116,252968
620,425415	-115,851486
621,098328	-115,543030
621,771240	-115,771362
622,444153	-115,998184
623,117065	-114,881218
623,789978	-115,628441
624,462891	-116,013542
625,135803	-115,933578
625,808716	-114,993591
626,481628	-115,795921
627,154541	-114,983078
627,827454	-114,556496
628,500366	-115,388527
629,173279	-115,915939
629,846191	-117,136452
630,519104	-117,026497
631,192017	-114,777100
631,864929	-114,842316
632,537842	-115,691582
633,210754	-116,348076
633,883667	-114,561661
634,556580	-115,820854
635,229492	-115,528656
635,902405	-115,536598
636,575317	-117,314133
637,248230	-116,908180
637,921143	-114,025475
638,594055	-111,899246
639,266968	-109,387222
639,939880	-111,236259
640,612793	-114,565575
641,285706	-113,752258
641,958618	-112,845955
642,631531	-112,654007
643,304443	-112,365280
643,977356	-113,777771
644,650269	-113,805801
645,323181	-114,694229
645,996094	-114,921181
646,669006	-115,990967
647,341919	-116,638039
648,014832	-117,483559
648,687744	-115,038033
649,360657	-116,216530
650,033569	-115,739494
650,706482	-114,033615
651,379395	-114,920158
652,052307	-116,541740
652,725220	-114,528976
653,398132	-115,341766
654,071045	-115,083893
654,743958	-116,647949
655,416870	-116,308914
656,089783	-116,439102
656,762695	-118,058281
657,435608	-118,079842
658,108521	-117,840858
658,781433	-115,387154
659,454346	-115,990631
660,127258	-115,870293
660,800171	-114,477531
661,473083	-115,404419
662,145996	-115,062531
662,818909	-114,596222
663,491821	-115,583153
664,164734	-115,143517
664,837646	-114,368988
665,510559	-115,339333
666,183472	-117,109055
666,856384	-116,699051
667,529297	-116,310143
668,202209	-116,567818
668,875122	-117,466103
669,548035	-115,693672
670,220947	-114,527863
670,893860	-114,408875
671,566772	-113,601723
672,239685	-112,125656
672,912598	-111,416946
673,585510	-108,911537
674,258423	-107,424873
674,931335	-107,686226
675,604248	-107,131676
676,277161	-109,836739
676,950073	-106,961281
677,622986	-107,011337
678,295898	-110,701942
678,968811	-114,753700
679,641724	-114,753952
680,314636	-114,539520
680,987549	-114,178932
681,660461	-111,819817
682,333374	-113,092033
683,006287	-113,382057
683,679199	-112,606102
684,352112	-114,725502
685,025024	-115,609840
685,697937	-114,902557
686,370850	-115,236290
687,043762	-115,226288
687,716675	-117,052666
688,389587	-115,759483
689,062500	-113,469620
689,735413	-112,837723
690,408325	-113,009331
691,081238	-113,682289
691,754150	-116,151031
692,427063	-117,947945
693,099976	-117,692467
693,772888	-115,619339
694,445801	-115,318108
695,118713	-115,918755
695,791626	-116,240234
696,464539	-117,676910
697,137451	-118,092812
697,810364	-118,295654
698,483276	-115,485428
699,156189	-114,720505
699,829102	-116,249527
700,502014	-118,183960
701,174927	-117,003464
701,847839	-116,329590
702,520752	-116,829910
703,193665	-116,254982
703,866577	-114,395836
704,539490	-115,668976
705,212402	-115,685928
705,885315	-115,859138
706,558228	-115,488091
707,231140	-114,966988
707,904053	-115,593948
708,576965	-115,564026
709,249878	-116,460587
709,922791	-116,885124
710,595703	-116,219429
711,268616	-117,390289
711,941528	-116,556686
712,614441	-116,351593
713,287354	-115,981995
713,960266	-117,001045
714,633179	-116,574516
715,306091	-115,500931
715,979004	-115,707840
716,651917	-116,014023
717,324829	-115,831200
717,997742	-115,711227
718,670654	-114,407593
719,343567	-113,798126
720,016479	-115,671867
720,689392	-116,664307
721,362305	-117,497215
722,035217	-117,199539
722,708130	-115,580101
723,381042	-115,380547
724,053955	-115,844719
724,726868	-116,500618
725,399780	-117,176544
726,072693	-117,102516
726,745605	-117,100533
727,418518	-115,874039
728,091431	-117,044991
728,764343	-118,483154
729,437256	-117,062057
730,110168	-115,331795
730,783081	-116,103722
731,455994	-117,229713
732,128906	-116,814163
732,801819	-116,592110
733,474731	-115,502586
734,147644	-115,395538
734,820557	-115,652275
735,493469	-116,521568
736,166382	-117,680992
736,839294	-116,625015
737,512207	-115,876419
738,185120	-117,842430
738,858032	-117,485947
739,530945	-117,072189
740,203857	-118,457642
740,876770	-117,685356
741,549683	-115,805359
742,222595	-115,024559
742,895508	-115,613808
743,568420	-116,096069
744,241333	-114,861969
744,914246	-115,047585
745,587158	-117,106689
746,260071	-117,540657
746,932983	-117,521751
747,605896	-116,699776
748,278809	-115,457268
748,951721	-115,914413
749,624634	-115,955544
750,297546	-115,547493
750,970459	-116,760910
751,643372	-116,266960
752,316284	-115,121544
752,989197	-116,203613
753,662109	-117,243591
754,335022	-117,020805
755,007935	-117,885162
755,680847	-116,474167
756,353760	-116,545578
757,026672	-118,075737
757,699585	-117,060097
758,372498	-118,457260
759,045410	-115,523338
759,718323	-116,455521
760,391235	-118,450523
761,064148	-118,141632
761,737061	-117,340523
762,409973	-115,575279
763,082886	-114,772011
763,755798	-115,362747
764,428711	-116,512772
765,101624	-117,285522
765,774536	-117,936539
766,447449	-116,410851
767,120361	-114,458771
767,793274	-115,291595
768,466187	-115,819542
769,139099	-117,512871
769,812012	-117,071243
770,484924	-116,865868
771,157837	-115,726753
771,830750	-116,895996
772,503662	-117,404747
773,176575	-116,247978
773,849487	-116,247383
774,522400	-116,306854
775,195312	-116,287926
775,868225	-115,578163
776,541138	-117,226936
777,214050	-116,521469
777,886963	-118,749672
778,559875	-118,295998
779,232788	-116,186874
779,905701	-115,766983
780,578613	-116,337746
781,251526	-116,706749
781,924438	-115,879662
782,597351	-115,906128
783,270264	-116,667427
783,943176	-117,072090
784,616089	-118,646507
785,289001	-117,245331
785,961914	-115,744789
786,634827	-115,954155
787,307739	-117,697868
787,980652	-115,547440
788,653564	-115,411415
789,326477	-115,479073
789,999390	-116,141296
790,672302	-115,245522
791,345215	-116,325676
792,018127	-115,651848
792,691040	-114,645378
793,363953	-115,976257
794,036865	-116,861069
794,709778	-116,900726
795,382690	-115,530525
796,055603	-116,263680
796,728516	-116,137451
797,401428	-115,749313
798,074341	-115,673477
798,747253	-116,373955
799,420166	-115,063148
800,093079	-114,740204
800,765991	-116,343109
801,438904	-116,597565
802,111816	-115,709793
802,784729	-115,351494
803,457642	-117,249283
804,130554	-116,724800
804,803467	-117,327980
805,476379	-117,775375
806,149292	-116,165901
806,822205	-117,642159
807,495117	-117,446892
808,168030	-117,873672
808,840942	-115,858086
809,513855	-115,395866
810,186768	-115,750107
810,859680	-119,565811
811,532593	-116,868484
812,205505	-116,432983
812,878418	-116,016304
813,551331	-117,216751
814,224243	-117,730438
814,897156	-115,947617
815,570068	-116,102333
816,242981	-116,199554
816,915894	-116,826630
817,588806	-116,474297
818,261719	-117,019653
818,934631	-118,707985
819,607544	-118,400574
820,280457	-115,856445
820,953369	-116,443176
821,626282	-117,412071
822,299194	-115,598465
822,972107	-116,062592
823,645020	-115,237480
824,317932	-115,600266
824,990845	-116,085770
825,663757	-115,924202
826,336670	-116,171921
827,009583	-116,147018
827,682495	-116,405365
828,355408	-117,730057
829,028320	-119,587654
829,701233	-117,418312
830,374146	-116,850624
831,047058	-116,233040
831,719971	-115,702660
832,392883	-116,250755
833,065796	-116,309120
833,738708	-116,969475
834,411621	-116,942337
835,084534	-116,742531
835,757446	-118,087845
836,430359	-117,696434
837,103271	-118,328423
837,776184	-115,318687
838,449097	-115,626076
839,122009	-115,703400
839,794922	-116,258774
840,467834	-116,504791
841,140747	-116,356262
841,813660	-116,123680
842,486572	-116,373528
843,159485	-115,767372
843,832397	-115,214989
844,505310	-115,719284
845,178223	-116,467285
845,851135	-116,936493
846,524048	-116,944092
847,196960	-117,814926
847,869873	-117,331177
848,542786	-116,147263
849,215698	-116,887749
849,888611	-116,375412
850,561523	-118,961914
851,234436	-116,558472
851,907349	-115,854858
852,580261	-115,512840
853,253174	-116,997078
853,926086	-117,964554
854,598999	-118,028404
855,271912	-118,254570
855,944824	-117,507462
856,617737	-116,775345
857,290649	-117,349045
857,963562	-116,688171
858,636475	-116,489716
859,309387	-116,530716
859,982300	-116,564911
860,655212	-115,999619
861,328125	-117,217430
862,001038	-116,668823
862,673950	-116,363548
863,346863	-117,116539
864,019775	-115,160637
864,692688	-115,404922
865,365601	-117,064522
866,038513	-117,794304
866,711426	-117,605797
867,384338	-117,165207
868,057251	-114,777374
868,730164	-115,432068
869,403076	-116,414551
870,075989	-117,932693
870,748901	-117,305061
871,421814	-118,611610
872,094727	-118,080833
872,767639	-117,618507
873,440552	-117,545540
874,113464	-117,049141
874,786377	-116,806427
875,459290	-116,467018
876,132202	-116,393402
876,805115	-119,248734
877,478027	-116,811195
878,150940	-116,666275
878,823853	-116,216484
879,496765	-116,757774
880,169678	-117,397415
880,842590	-116,240952
881,515503	-116,080902
882,188416	-116,762764
882,861328	-116,823959
883,534241	-116,409119
884,207153	-117,554268
884,880066	-116,178253
885,552979	-116,748497
886,225891	-116,177185
886,898804	-116,284126
887,571716	-118,442131
888,244629	-117,085419
888,917542	-115,158859
889,590454	-116,087402
890,263367	-115,937912
890,936279	-115,923851
891,609192	-117,212929
892,282104	-119,543976
892,955017	-117,750702
893,627930	-117,055962
894,300842	-116,390396
894,973755	-117,244469
895,646667	-116,598511
896,319580	-116,762108
896,992493	-116,700485
897,665405	-115,796661
898,338318	-117,629097
899,011230	-118,657280
899,684143	-116,377045
900,357056	-117,578148
901,029968	-119,061813
901,702881	-117,977814
902,375793	-117,991684
903,048706	-117,964371
903,721619	-117,832512
904,394531	-116,840561
905,067444	-115,881599
905,740356	-115,727905
906,413269	-116,249557
907,086182	-116,758240
907,759094	-116,855934
908,432007	-117,107986
909,104919	-117,384514
909,777832	-117,494492
910,450745	-118,094566
911,123657	-117,804108
911,796570	-116,871864
912,469482	-115,810631
913,142395	-117,169098
913,815308	-117,859779
914,488220	-117,660309
915,161133	-117,934975
915,834045	-119,187782
916,506958	-118,004364
917,179871	-117,134460
917,852783	-117,408394
918,525696	-117,657082
919,198608	-117,261330
919,871521	-118,116020
920,544434	-116,901276
921,217346	-117,614090
921,890259	-118,075645
922,563171	-116,285759
923,236084	-116,546181
923,908997	-117,768623
924,581909	-116,082779
925,254822	-116,347649
925,927734	-117,527145
926,600647	-116,353844
927,273560	-115,702789
927,946472	-115,304123
928,619385	-118,240898
929,292297	-118,765732
929,965210	-117,501411
930,638123	-116,922928
931,311035	-117,174332
931,983948	-117,483658
932,656860	-119,055336
933,329773	-118,239326
934,002686	-117,040604
934,675598	-117,093781
935,348511	-116,818169
936,021423	-116,279884
936,694336	-115,376862
937,367249	-117,079674
938,040161	-116,024696
938,713074	-116,992371
939,385986	-118,411461
940,058899	-118,931648
940,731812	-117,727646
941,404724	-117,261414
942,077637	-117,891014
942,750549	-119,709358
943,423462	-117,267242
944,096375	-117,290848
944,769287	-118,157135
945,442200	-118,745483
946,115112	-117,904091
946,788025	-117,990509
947,460938	-118,281509
948,133850	-118,825958
948,806763	-119,067528
949,479675	-118,791679
950,152588	-119,719322
950,825500	-119,352791
951,498413	-118,607285
952,171326	-119,794510
952,844238	-117,299431
953,517151	-119,748093
954,190063	-119,298019
954,862976	-116,529427
955,535889	-116,620178
956,208801	-118,216843
956,881714	-117,832268
957,554626	-117,639542
958,227539	-118,300148
958,900452	-117,274437
959,573364	-118,185600
960,246277	-118,330238
960,919189	-117,109947
961,592102	-117,206039
962,265015	-117,016907
962,937927	-116,539825
963,610840	-117,953300
964,283752	-116,464386
964,956665	-117,580101
965,629578	-117,155029
966,302490	-116,552650
966,975403	-118,096169
967,648315	-118,178230
968,321228	-117,755203
968,994141	-118,065147
969,667053	-117,018761
970,339966	-116,208969
971,012878	-117,404999
971,685791	-117,428162
972,358704	-116,748520
973,031616	-116,912048
973,704529	-117,367706
974,377441	-115,962570
975,050354	-116,758133
975,723267	-117,926758
976,396179	-118,726379
977,069092	-119,233032
977,742004	-118,968681
978,414917	-118,868713
979,087830	-116,470634
979,760742	-115,900841
980,433655	-116,520599
981,106567	-118,184441
981,779480	-119,296394
982,452393	-118,833878
983,125305	-117,911697
983,798218	-118,871559
984,471130	-117,879631
985,144043	-116,187721
985,816956	-117,857498
986,489868	-118,597328
987,162781	-117,397652
987,835693	-118,483513
988,508606	-116,538040
989,181519	-115,719254
989,854431	-114,921745
990,527344	-114,696327
991,200256	-116,675148
991,873169	-117,566673
992,546082	-117,139191
993,218994	-116,715607
993,891907	-116,663498
994,564819	-116,424667
995,237732	-118,157593
995,910645	-117,959496
996,583557	-117,285660
997,256470	-118,004745
997,929382	-117,421753
998,602295	-118,844826
999,275208	-118,976082
999,948120	-118,092705
1000,621033	-116,140007
1001,293945	-117,089058
1001,966858	-117,612785
1002,639771	-116,999321
1003,312683	-117,621017
1003,985596	-119,138412
1004,658508	-117,726257
1005,331421	-116,356323
1006,004333	-118,473915
1006,677246	-116,865005
1007,350159	-117,662308
1008,023071	-119,269722
1008,695984	-118,087784
1009,368896	-117,392387
1010,041809	-117,931801
1010,714722	-117,948364
1011,387634	-119,190735
1012,060547	-119,269592
1012,733459	-117,273293
1013,406372	-117,320633
1014,079285	-117,610794
1014,752197	-118,290611
1015,425110	-117,458351
1016,098022	-118,402145
1016,770935	-119,306915
1017,443848	-120,116493
1018,116760	-117,907234
1018,789673	-117,485435
1019,462585	-117,252220
1020,135498	-117,438126
1020,808411	-117,722443
1021,481323	-116,868904
1022,154236	-116,417984
1022,827148	-116,936867
1023,500061	-116,311249
1024,172974	-117,852913
1024,845886	-118,650200
1025,518799	-118,383995
1026,191711	-116,948944
1026,864624	-117,552444
1027,537537	-117,475319
1028,210449	-117,895454
1028,883362	-118,354248
1029,556274	-116,206688
1030,229187	-115,438461
1030,902100	-116,741348
1031,575012	-115,964470
1032,247925	-111,953659
1032,920837	-111,120598
1033,593750	-116,517700
1034,266663	-117,531364
1034,939575	-117,421097
1035,612488	-118,043686
1036,285400	-117,431282
1036,958313	-119,586784
1037,631226	-119,492813
1038,304138	-119,596336
1038,977051	-117,894447
1039,649963	-116,757637
1040,322876	-117,373947
1040,995789	-118,684685
1041,668701	-117,278862
1042,341614	-117,690331
1043,014526	-117,644501
1043,687439	-118,461479
1044,360352	-117,978561
1045,033264	-119,414619
1045,706177	-118,702950
1046,379089	-116,862564
1047,052002	-115,664047
1047,724915	-116,023453
1048,397827	-117,488350
1049,070740	-117,401131
1049,743652	-117,837486
1050,416565	-118,529419
1051,089478	-119,461914
1051,762390	-118,520287
1052,435303	-118,692963
1053,108215	-117,115921
1053,781128	-117,520462
1054,454041	-117,130859
1055,126953	-118,561234
1055,799866	-118,889412
1056,472778	-117,583702
1057,145691	-117,596336
1057,818604	-116,677277
1058,491516	-116,400650
1059,164429	-117,519615
1059,837341	-117,320068
1060,510254	-117,021065
1061,183167	-117,548538
1061,856079	-117,490921
1062,528992	-118,288803
1063,201904	-119,212547
1063,874817	-118,190765
1064,547729	-118,128197
1065,220642	-117,895218
1065,893555	-116,653984
1066,566467	-116,043037
1067,239380	-116,904457
1067,912292	-116,879692
1068,585205	-117,037834
1069,258118	-116,810287
1069,931030	-117,349121
1070,603943	-117,515053
1071,276855	-117,119141
1071,949768	-118,675430
1072,622681	-118,210083
1073,295593	-117,206680
1073,968506	-117,076195
1074,641418	-115,628174
1075,314331	-116,047134
1075,987244	-117,711838
1076,660156	-118,416153
1077,333069	-118,486015
1078,005981	-117,753555
1078,678894	-117,231026
1079,351807	-117,324364
1080,024719	-117,618370
1080,697632	-117,971832
1081,370544	-116,381584
1082,043457	-116,872681
1082,716370	-118,543777
1083,389282	-119,843704
1084,062195	-119,731476
1084,735107	-118,963821
1085,408020	-118,629280
1086,080933	-117,093468
1086,753845	-117,367760
1087,426758	-118,179733
1088,099670	-117,259109
1088,772583	-116,962845
1089,445496	-116,724655
1090,118408	-118,106888
1090,791321	-117,461792
1091,464233	-117,089310
1092,137146	-118,978531
1092,810059	-116,282349
1093,482971	-117,726303
1094,155884	-118,062416
1094,828796	-116,776596
1095,501709	-117,585503
1096,174622	-117,108368
1096,847534	-118,102280
1097,520447	-117,487457
1098,193359	-118,616570
1098,866272	-118,311409
1099,539185	-117,766022
1100,212097	-117,955193
1100,885010	-117,325005
1101,557922	-117,425560
1102,230835	-117,707138
1102,903748	-117,481224
1103,576660	-118,189278
1104,249573	-117,931152
1104,922485	-118,638283
1105,595398	-117,562378
1106,268311	-117,060616
1106,941223	-117,768150
1107,614136	-119,700928
1108,287048	-118,991257
1108,959961	-118,855362
1109,632874	-118,206039
1110,305786	-119,627701
1110,978699	-118,960930
1111,651611	-118,408546
1112,324524	-118,248688
1112,997437	-117,426025
1113,670349	-117,815292
1114,343262	-117,229973
1115,016174	-117,454140
1115,689087	-118,372513
1116,362000	-117,630394
1117,034912	-116,425423
1117,707825	-117,770248
1118,380737	-118,241699
1119,053650	-117,373123
1119,726562	-118,448593
1120,399475	-118,187996
1121,072388	-116,428665
1121,745300	-116,555489
1122,418213	-116,463135
1123,091125	-119,139610
1123,764038	-118,131599
1124,436951	-118,127655
1125,109863	-116,839081
1125,782776	-116,035477
1126,455688	-117,458061
1127,128601	-118,869621
1127,801514	-119,289200
1128,474426	-117,958603
1129,147339	-117,418503
1129,820251	-119,155121
1130,493164	-118,482086
1131,166077	-117,769073
1131,838989	-118,312157
1132,511902	-118,269760
1133,184814	-117,448402
1133,857727	-118,756996
1134,530640	-117,064812
1135,203552	-116,472855
1135,876465	-117,448906
1136,549377	-118,423126
1137,222290	-118,135399
1137,895203	-117,652473
1138,568115	-117,705795
1139,241028	-117,349258
1139,913940	-117,651825
1140,586853	-116,671715
1141,259766	-117,254372
1141,932678	-119,134911
1142,605591	-118,934662
1143,278503	-118,038513
1143,951416	-117,740234
1144,624329	-117,044815
1145,297241	-118,002655
1145,970154	-118,701195
1146,643066	-119,458076
1147,315979	-119,048882
1147,988892	-119,160469
1148,661804	-120,187790
1149,334717	-118,925835
1150,007629	-116,905281
1150,680542	-117,528229
1151,353455	-119,735641
1152,026367	-118,198280
1152,699280	-117,051949
1153,372192	-117,610306
1154,045105	-117,798233
1154,718018	-118,845856
1155,390930	-119,858589
1156,063843	-118,609085
1156,736755	-119,065544
1157,409668	-118,452675
1158,082581	-116,065666
1158,755493	-116,791412
1159,428406	-118,169563
1160,101318	-118,804100
1160,774231	-118,154846
1161,447144	-117,470062
1162,120056	-116,836731
1162,792969	-115,161171
1163,465881	-116,640709
1164,138794	-120,401520
1164,811707	-118,146553
1165,484619	-117,493011
1166,157532	-117,305672
1166,830444	-118,130852
1167,503357	-118,141457
1168,176270	-116,579376
1168,849182	-117,483368
1169,522095	-119,917046
1170,195007	-118,296059
1170,867920	-117,643921
1171,540833	-117,015236
1172,213745	-118,572189
1172,886658	-119,179756
1173,559570	-119,588287
1174,232483	-119,350464
1174,905396	-117,325035
1175,578308	-116,370544
1176,251221	-118,899193
1176,924133	-119,324303
1177,597046	-120,083534
1178,269958	-120,706711
1178,942871	-121,855423
1179,615784	-118,771904
1180,288696	-117,728172
1180,961609	-118,159492
1181,634521	-118,376015
1182,307434	-118,000816
1182,980347	-117,432060
1183,653259	-118,297974
1184,326172	-119,569099
1184,999084	-119,986366
1185,671997	-118,982132
1186,344910	-119,006592
1187,017822	-117,559868
1187,690735	-119,621880
1188,363647	-118,777748
1189,036560	-118,193039
1189,709473	-120,041389
1190,382385	-119,731323
1191,055298	-119,152481
1191,728210	-118,471199
1192,401123	-117,345985
1193,074036	-119,019890
1193,746948	-117,185875
1194,419861	-116,762451
1195,092773	-117,956245
1195,765686	-117,732620
1196,438599	-115,466713
1197,111511	-118,230835
1197,784424	-119,838791
1198,457336	-118,416138
1199,130249	-116,928207
1199,803162	-117,458214
1200,476074	-117,736794
1201,148987	-118,999710
1201,821899	-120,210495
1202,494812	-119,311256
1203,167725	-120,297768
1203,840637	-118,668571
1204,513550	-118,207275
1205,186462	-117,898430
1205,859375	-118,149246
1206,532288	-117,922745
1207,205200	-117,913177
1207,878113	-121,418594
1208,551025	-120,480179
1209,223938	-118,933121
1209,896851	-117,985100
1210,569763	-119,484184
1211,242676	-118,465973
1211,915588	-119,522133
1212,588501	-119,887032
1213,261414	-120,031761
1213,934326	-118,847946
1214,607239	-117,371201
1215,280151	-116,030640
1215,953064	-116,745102
1216,625977	-119,046516
1217,298889	-118,284264
1217,971802	-119,006607
1218,644714	-118,059853
1219,317627	-118,217499
1219,990540	-118,478020
1220,663452	-118,591461
1221,336365	-117,829597
1222,009277	-118,018906
1222,682190	-117,473900
1223,355103	-119,747002
1224,028015	-119,773781
1224,700928	-118,083321
1225,373840	-117,807617
1226,046753	-119,502846
1226,719666	-119,042435
1227,392578	-117,617188
1228,065491	-117,777596
1228,738403	-117,996208
1229,411316	-119,481743
1230,084229	-118,849075
1230,757141	-118,726372
1231,430054	-118,258827
1232,102966	-117,758614
1232,775879	-117,716301
1233,448792	-119,659050
1234,121704	-118,392036
1234,794617	-118,488670
1235,467529	-119,805038
1236,140442	-122,115089
1236,813354	-118,631950
1237,486267	-118,194099
1238,159180	-118,988922
1238,832092	-117,570892
1239,505005	-120,812828
1240,177917	-120,105820
1240,850830	-117,793457
1241,523743	-117,830948
1242,196655	-119,152344
1242,869568	-118,772682
1243,542480	-118,351105
1244,215393	-117,883385
1244,888306	-117,085907
1245,561218	-118,118622
1246,234131	-119,061447
1246,907043	-119,662163
1247,579956	-118,662926
1248,252869	-116,411812
1248,925781	-116,959930
1249,598694	-117,802773
1250,271606	-118,972481
1250,944519	-118,423042
1251,617432	-119,237816
1252,290344	-118,454094
1252,963257	-116,654945
1253,636169	-116,820480
1254,309082	-116,129623
1254,981995	-116,930588
1255,654907	-118,266518
1256,327820	-118,416260
1257,000732	-118,688911
1257,673645	-118,639313
1258,346558	-117,838448
1259,019470	-118,512367
1259,692383	-117,775673
1260,365295	-117,015373
1261,038208	-118,315849
1261,711121	-119,098801
1262,384033	-119,739395
1263,056946	-118,886200
1263,729858	-118,245148
1264,402771	-117,882576
1265,075684	-118,167168
1265,748596	-118,675621
1266,421509	-118,222466
1267,094421	-118,151230
1267,767334	-117,759323
1268,440247	-116,504417
1269,113159	-117,488960
1269,786072	-119,680626
1270,458984	-117,889633
1271,131897	-115,899544
1271,804810	-118,018623
1272,477722	-119,848312
1273,150635	-117,278267
1273,823547	-117,382050
1274,496460	-119,487488
1275,169373	-119,099602
1275,842285	-118,089722
1276,515198	-118,173042
1277,188110	-119,112793
1277,861023	-117,967957
1278,533936	-117,632706
1279,206848	-117,829933
1279,879761	-120,330688
1280,552673	-118,714302
1281,225586	-118,270302
1281,898499	-118,198029
1282,571411	-118,218666
1283,244324	-117,182480
1283,917236	-116,637909
1284,590149	-116,963249
1285,263062	-118,114098
1285,935974	-118,407333
1286,608887	-117,635506
1287,281799	-118,992577
1287,954712	-119,071358
1288,627625	-119,146759
1289,300537	-118,805946
1289,973450	-118,002785
1290,646362	-117,900070
1291,319275	-117,222420
1291,992188	-118,513901
1292,665100	-119,036552
1293,338013	-119,877403
1294,010925	-117,851143
1294,683838	-118,856590
1295,356750	-119,712196
1296,029663	-119,687607
1296,702576	-118,950951
1297,375488	-118,712685
1298,048401	-117,465698
1298,721313	-117,300163
1299,394226	-117,721695
1300,067139	-118,388123
1300,740051	-119,695229
1301,412964	-120,559334
1302,085876	-118,455070
1302,758789	-117,593323
1303,431702	-118,362869
1304,104614	-119,817284
1304,777527	-119,369789
1305,450439	-119,000954
1306,123352	-118,678619
1306,796265	-118,788895
1307,469177	-117,863182
1308,142090	-117,029747
1308,815002	-117,623833
1309,487915	-119,664742
1310,160828	-120,026421
1310,833740	-118,816002
1311,506653	-118,737656
1312,179565	-118,773621
1312,852478	-119,143700
1313,525391	-120,611771
1314,198303	-119,491043
1314,871216	-117,457718
1315,544128	-117,319695
1316,217041	-117,802963
1316,889954	-118,115669
1317,562866	-117,804741
1318,235779	-118,348221
1318,908691	-119,135513
1319,581604	-118,456512
1320,254517	-117,578865
1320,927429	-116,885284
1321,600342	-117,907654
1322,273254	-120,010773
1322,946167	-118,670052
1323,619080	-118,083481
1324,291992	-117,789658
1324,964905	-117,925697
1325,637817	-119,250191
1326,310730	-117,633026
1326,983643	-118,192589
1327,656555	-119,942673
1328,329468	-119,109535
1329,002380	-118,441597
1329,675293	-119,599106
1330,348206	-118,822754
1331,021118	-119,413818
1331,694031	-120,738800
1332,366943	-119,586815
1333,039856	-118,229897
1333,712769	-118,652527
1334,385681	-121,792763
1335,058594	-119,503792
1335,731506	-117,791077
1336,404419	-117,956764
1337,077332	-119,855545
1337,750244	-118,808861
1338,423157	-119,643974
1339,096069	-118,374260
1339,768982	-118,722954
1340,441895	-118,915405
1341,114807	-119,102119
1341,787720	-117,787666
1342,460632	-116,011826
1343,133545	-116,191589
1343,806458	-117,915939
1344,479370	-118,444679
1345,152283	-117,693993
1345,825195	-118,218712
1346,498108	-119,432503
1347,171021	-119,369377
1347,843933	-117,902466
1348,516846	-118,459885
1349,189758	-117,406792
1349,862671	-116,598190
1350,535583	-117,425797
1351,208496	-119,241150
1351,881409	-119,279602
1352,554321	-119,879433
1353,227234	-119,499062
1353,900146	-119,725517
1354,573059	-120,822601
1355,245972	-118,491165
1355,918884	-119,034081
1356,591797	-118,394600
1357,264709	-117,475281
1357,937622	-117,454224
1358,610535	-118,389854
1359,283447	-118,969154
1359,956360	-119,534485
1360,629272	-120,759811
1361,302185	-120,089142
1361,975098	-119,463745
1362,648010	-122,154778
1363,320923	-120,139618
1363,993835	-119,886108
1364,666748	-118,900192
1365,339661	-118,794411
1366,012573	-118,696922
1366,685486	-118,833542
1367,358398	-119,261230
1368,031311	-118,175697
1368,704224	-118,301201
1369,377136	-119,780197
1370,050049	-118,463394
1370,722961	-116,909355
1371,395874	-117,207100
1372,068787	-117,993217
1372,741699	-118,038399
1373,414612	-119,660576
1374,087524	-119,758766
1374,760437	-118,562645
1375,433350	-117,565109
1376,106262	-117,617538
1376,779175	-119,317627
1377,452087	-120,420883
1378,125000	-118,889427
1378,797913	-119,307587
1379,470825	-119,653175
1380,143738	-119,570656
1380,816650	-119,388550
1381,489563	-119,584633
1382,162476	-116,761276
1382,835388	-116,797371
1383,508301	-117,573608
1384,181213	-119,239761
1384,854126	-121,311226
1385,527039	-120,122169
1386,199951	-119,396309
1386,872864	-118,288643
1387,545776	-119,078362
1388,218689	-118,139008
1388,891602	-118,293343
1389,564514	-118,596992
1390,237427	-118,780701
1390,910339	-118,329025
1391,583252	-117,541008
1392,256165	-119,215019
1392,929077	-119,933647
1393,601990	-118,800789
1394,274902	-119,600227
1394,947815	-117,958855
1395,620728	-118,950226
1396,293640	-119,607445
1396,966553	-120,318283
1397,639465	-120,022408
1398,312378	-119,025055
1398,985291	-118,680740
1399,658203	-120,578522
1400,331116	-120,149544
1401,004028	-120,390144
1401,676941	-119,304604
1402,349854	-118,850296
1403,022766	-118,329544
1403,695679	-119,136665
1404,368591	-117,854355
1405,041504	-118,270126
1405,714417	-118,909294
1406,387329	-117,817322
1407,060242	-117,890320
1407,733154	-119,283371
1408,406067	-118,937721
1409,078979	-117,396515
1409,751892	-118,533951
1410,424805	-117,386246
1411,097717	-117,021423
1411,770630	-117,919777
1412,443542	-118,749504
1413,116455	-118,725456
1413,789368	-118,299599
1414,462280	-118,747917
1415,135193	-117,741570
1415,808105	-118,958450
1416,481018	-118,690125
1417,153931	-118,821289
1417,826843	-118,014694
1418,499756	-116,868889
1419,172668	-118,196648
1419,845581	-119,098633
1420,518494	-120,299347
1421,191406	-119,707993
1421,864319	-117,777847
1422,537231	-118,530807
1423,210144	-121,724823
1423,883057	-120,766403
1424,555969	-119,336624
1425,228882	-118,870850
1425,901794	-117,515068
1426,574707	-117,980713
1427,247620	-118,179306
1427,920532	-118,554214
1428,593445	-119,452408
1429,266357	-119,826584
1429,939270	-119,615311
1430,612183	-119,638611
1431,285095	-118,793869
1431,958008	-118,431038
1432,630920	-118,677803
1433,303833	-119,097977
1433,976746	-120,231064
1434,649658	-120,080528
1435,322571	-119,397148
1435,995483	-118,534492
1436,668396	-117,649170
1437,341309	-116,817184
1438,014221	-116,856926
1438,687134	-117,977654
1439,360046	-118,506935
1440,032959	-118,255028
1440,705872	-119,187546
1441,378784	-119,145210
1442,051697	-118,747787
1442,724609	-119,084717
1443,397522	-118,788872
1444,070435	-119,404144
1444,743347	-120,932983
1445,416260	-120,967010
1446,089172	-118,652588
1446,762085	-118,608047
1447,434998	-120,249184
1448,107910	-118,712662
1448,780823	-119,183838
1449,453735	-119,995499
1450,126648	-121,326759
1450,799561	-119,899849
1451,472473	-120,542213
1452,145386	-119,706917
1452,818298	-118,281845
1453,491211	-117,642296
1454,164124	-119,763916
1454,837036	-119,815292
1455,509949	-117,773445
1456,182861	-118,684357
1456,855774	-119,391411
1457,528687	-119,264091
1458,201599	-120,236465
1458,874512	-119,729546
1459,547424	-119,388824
1460,220337	-118,951202
1460,893250	-119,032295
1461,566162	-120,851234
1462,239075	-121,534149
1462,911987	-120,255264
1463,584900	-117,937622
1464,257812	-117,066757
1464,930725	-118,160309
1465,603638	-119,711823
1466,276550	-121,557549
1466,949463	-118,199860
1467,622375	-117,535217
1468,295288	-117,509819
1468,968201	-117,906815
1469,641113	-118,642197
1470,314026	-118,173454
1470,986938	-117,177277
1471,659851	-117,766785
1472,332764	-118,436546
1473,005676	-118,998482
1473,678589	-119,389030
1474,351501	-119,275955
1475,024414	-119,022141
1475,697327	-119,407516
1476,370239	-118,581551
1477,043152	-119,461586
1477,716064	-120,342049
1478,388977	-118,880341
1479,061890	-118,166260
1479,734802	-120,540756
1480,407715	-120,964859
1481,080627	-121,616432
1481,753540	-120,688637
1482,426453	-118,468582
1483,099365	-117,748314
1483,772278	-118,535614
1484,445190	-118,690315
1485,118103	-120,196281
1485,791016	-121,104622
1486,463928	-120,558052
1487,136841	-118,659805
1487,809753	-117,948555
1488,482666	-120,228958
1489,155579	-119,056786
1489,828491	-119,129753
1490,501404	-118,055069
1491,174316	-117,657326
1491,847229	-120,003113
1492,520142	-119,356422
1493,193054	-117,403419
1493,865967	-117,054268
1494,538879	-119,828445
1495,211792	-120,207169
1495,884705	-118,395126
1496,557617	-119,564186
1497,230530	-120,451332
1497,903442	-119,171494
1498,576355	-118,519989
1499,249268	-117,417870
1499,922180	-118,397949
1500,595093	-118,634567
1501,268005	-119,838448
1501,940918	-119,619972
1502,613831	-117,939560
1503,286743	-118,605736
1503,959656	-118,367302
1504,632568	-119,896576
1505,305481	-119,603989
1505,978394	-119,220314
1506,651306	-119,899696
1507,324219	-119,070976
1507,997131	-119,299210
1508,670044	-118,738007
1509,342957	-118,433449
1510,015869	-119,358528
1510,688782	-120,942192
1511,361694	-120,672363
1512,034607	-119,419540
1512,707520	-119,775490
1513,380432	-120,318787
1514,053345	-120,346123
1514,726257	-119,944969
1515,399170	-120,373734
1516,072083	-119,393936
1516,744995	-120,430237
1517,417908	-120,307571
1518,090820	-120,827133
1518,763733	-117,246704
1519,436646	-117,208504
1520,109558	-118,622955
1520,782471	-118,250877
1521,455383	-118,592812
1522,128296	-118,865997
1522,801208	-120,280029
1523,474121	-119,515671
1524,147034	-120,153641
1524,819946	-120,705482
1525,492859	-121,121574
1526,165771	-119,213318
1526,838684	-117,577209
1527,511597	-117,874237
1528,184509	-119,948853
1528,857422	-119,083847
1529,530334	-119,259453
1530,203247	-119,412811
1530,876160	-120,086220
1531,549072	-120,339211
1532,221985	-120,705009
1532,894897	-117,833031
1533,567810	-119,135460
1534,240723	-118,824387
1534,913635	-117,891884
1535,586548	-118,476418
1536,259460	-118,322502
1536,932373	-118,857040
1537,605286	-120,909088
1538,278198	-119,206497
1538,951111	-119,382141
1539,624023	-119,329155
1540,296936	-117,851997
1540,969849	-117,922920
1541,642761	-120,075882
1542,315674	-121,198486
1542,988586	-120,711296
1543,661499	-118,276695
1544,334412	-118,964867
1545,007324	-120,319916
1545,680237	-119,394318
1546,353149	-118,787041
1547,026062	-120,418274
1547,698975	-120,168686
1548,371887	-118,382469
1549,044800	-120,134567
1549,717712	-119,737030
1550,390625	-119,660202
1551,063538	-119,391907
1551,736450	-118,861649
1552,409363	-118,574554
1553,082275	-117,236427
1553,755188	-118,438187
1554,428101	-119,037842
1555,101013	-120,257614
1555,773926	-119,798325
1556,446838	-118,884499
1557,119751	-118,729713
1557,792664	-118,420692
1558,465576	-119,625366
1559,138489	-118,809288
1559,811401	-117,994781
1560,484314	-118,479668
1561,157227	-119,013405
1561,830139	-120,281929
1562,503052	-119,959694
1563,175964	-118,589027
1563,848877	-118,442322
1564,521790	-119,356522
1565,194702	-118,609062
1565,867615	-118,996849
1566,540527	-119,341614
1567,213440	-119,959297
1567,886353	-118,649750
1568,559265	-119,724579
1569,232178	-121,159882
1569,905090	-120,410881
1570,578003	-119,306450
1571,250916	-119,915497
1571,923828	-119,800995
1572,596741	-119,341476
1573,269653	-119,476395
1573,942566	-118,738297
1574,615479	-120,138443
1575,288391	-118,590172
1575,961304	-117,118088
1576,634216	-117,748634
1577,307129	-119,086838
1577,980042	-119,785156
1578,652954	-118,952965
1579,325867	-119,377213
1579,998779	-118,877174
1580,671692	-118,518929
1581,344604	-119,926765
1582,017517	-118,246239
1582,690430	-118,853806
1583,363342	-119,235504
1584,036255	-118,205490
1584,709167	-117,937355
1585,382080	-119,307983
1586,054993	-119,108345
1586,727905	-118,831810
1587,400818	-118,666016
1588,073730	-119,159721
1588,746643	-118,566177
1589,419556	-119,027802
1590,092468	-119,326942
1590,765381	-118,645645
1591,438293	-120,065269
1592,111206	-119,183151
1592,784119	-120,267792
1593,457031	-119,237717
1594,129944	-118,927605
1594,802856	-120,074394
1595,475769	-121,443237
1596,148682	-121,253639
1596,821594	-119,800125
1597,494507	-119,912704
1598,167419	-120,746811
1598,840332	-118,953140
1599,513245	-120,030678
1600,186157	-120,829773
1600,859070	-118,982330
1601,531982	-120,043182
1602,204895	-118,616814
1602,877808	-118,092918
1603,550720	-121,174492
1604,223633	-119,072617
1604,896545	-118,696487
1605,569458	-119,178947
1606,242371	-119,445068
1606,915283	-119,371925
1607,588196	-118,750938
1608,261108	-119,136688
1608,934021	-119,685234
1609,606934	-118,779053
1610,279846	-119,328445
1610,952759	-118,630150
1611,625671	-119,857323
1612,298584	-118,441422
1612,971497	-117,910080
1613,644409	-120,491966
1614,317322	-120,785332
1614,990234	-119,983932
1615,663147	-121,112572
1616,336060	-121,584900
1617,008972	-120,360016
1617,681885	-119,466652
1618,354797	-118,683601
1619,027710	-119,470070
1619,700623	-120,180565
1620,373535	-119,475441
1621,046448	-119,122673
1621,719360	-120,055214
1622,392273	-117,389313
1623,065186	-118,869934
1623,738098	-119,381317
1624,411011	-118,211609
1625,083923	-117,293808
1625,756836	-117,639076
1626,429749	-119,382172
1627,102661	-120,109962
1627,775574	-121,928719
1628,448486	-121,294334
1629,121399	-120,275024
1629,794312	-119,112137
1630,467224	-118,179543
1631,140137	-119,650177
1631,813049	-121,944946
1632,485962	-118,655807
1633,158875	-118,439972
1633,831787	-120,063774
1634,504700	-121,899704
1635,177612	-120,742958
1635,850525	-119,543640
1636,523438	-119,264580
1637,196350	-120,206169
1637,869263	-118,749168
1638,542175	-120,009483
1639,215088	-120,466072
1639,888000	-119,856979
1640,560913	-119,733704
1641,233826	-118,929886
1641,906738	-119,096901
1642,579651	-119,473808
1643,252563	-119,864044
1643,925476	-118,206795
1644,598389	-117,809074
1645,271301	-120,554398
1645,944214	-119,604485
1646,617126	-118,178879
1647,290039	-118,168312
1647,962952	-119,275047
1648,635864	-119,961235
1649,308777	-118,041374
1649,981689	-118,604279
1650,654602	-119,149330
1651,327515	-120,288826
1652,000427	-120,701935
1652,673340	-119,198578
1653,346252	-118,734940
1654,019165	-120,097885
1654,692078	-118,961807
1655,364990	-118,849831
1656,037903	-119,254265
1656,710815	-120,769119
1657,383728	-121,630775
1658,056641	-119,156860
1658,729553	-118,990555
1659,402466	-119,691963
1660,075378	-119,471626
1660,748291	-119,688782
1661,421204	-120,879616
1662,094116	-119,801376
1662,767029	-119,540428
1663,439941	-119,517136
1664,112854	-120,832626
1664,785767	-119,703972
1665,458679	-119,887070
1666,131592	-119,775665
1666,804504	-118,345238
1667,477417	-119,484505
1668,150330	-118,876701
1668,823242	-118,775978
1669,496155	-119,355606
1670,169067	-118,069931
1670,841980	-117,801788
1671,514893	-119,460022
1672,187805	-121,270927
1672,860718	-121,875359
1673,533630	-120,317612
1674,206543	-118,587944
1674,879456	-119,545074
1675,552368	-121,498779
1676,225281	-119,685394
1676,898193	-120,816093
1677,571106	-120,687164
1678,244019	-120,025673
1678,916931	-120,451935
1679,589844	-120,789085
1680,262756	-122,452103
1680,935669	-118,620964
1681,608582	-120,124382
1682,281494	-119,672379
1682,954407	-119,717087
1683,627319	-118,781464
1684,300232	-121,494453
1684,973145	-121,599922
1685,646057	-119,518105
1686,318970	-118,918510
1686,991882	-119,330429
1687,664795	-120,020493
1688,337708	-119,297966
1689,010620	-121,453575
1689,683533	-121,858421
1690,356445	-120,962151
1691,029358	-119,220787
1691,702271	-120,187065
1692,375183	-118,913155
1693,048096	-117,364876
1693,721008	-117,668518
1694,393921	-119,948288
1695,066833	-119,728050
1695,739746	-118,395035
1696,412659	-119,304611
1697,085571	-119,853691
1697,758484	-119,842514
1698,431396	-118,857040
1699,104309	-120,092781
1699,777222	-120,060333
1700,450134	-119,546654
1701,123047	-119,348480
1701,795959	-118,553909
1702,468872	-119,527382
1703,141785	-119,833504
1703,814697	-119,363853
1704,487610	-119,495277
1705,160522	-121,816696
1705,833435	-122,674126
1706,506348	-120,068367
1707,179260	-118,152763
1707,852173	-117,917542
1708,525085	-120,274841
1709,197998	-118,755280
1709,870911	-117,995903
1710,543823	-118,309044
1711,216736	-118,004860
1711,889648	-118,525818
1712,562561	-120,834915
1713,235474	-120,479347
1713,908386	-121,008476
1714,581299	-120,914261
1715,254211	-119,808144
1715,927124	-120,505295
1716,600037	-120,893166
1717,272949	-119,954010
1717,945862	-120,248863
1718,618774	-118,672935
1719,291687	-118,726257
1719,964600	-120,411446
1720,637512	-118,179741
1721,310425	-117,460449
1721,983337	-118,771378
1722,656250	-120,370880
1723,329163	-120,612839
1724,002075	-119,125389
1724,674988	-119,030029
1725,347900	-118,658745
1726,020813	-119,258995
1726,693726	-119,661011
1727,366638	-118,722191
1728,039551	-119,520958
1728,712463	-119,892250
1729,385376	-119,078239
1730,058289	-118,113113
1730,731201	-117,308258
1731,404114	-117,753738
1732,077026	-118,959579
1732,749939	-121,057121
1733,422852	-118,000542
1734,095764	-119,249405
1734,768677	-120,093109
1735,441589	-119,468811
1736,114502	-118,968102
1736,787415	-119,041771
1737,460327	-118,448853
1738,133240	-119,713387
1738,806152	-118,862930
1739,479065	-118,702156
1740,151978	-118,562622
1740,824890	-118,779190
1741,497803	-118,955460
1742,170715	-120,463875
1742,843628	-119,548286
1743,516541	-119,730110
1744,189453	-119,398643
1744,862366	-119,915367
1745,535278	-119,977287
1746,208191	-121,405556
1746,881104	-120,928360
1747,554016	-120,197113
1748,226929	-119,668549
1748,899841	-118,592545
1749,572754	-117,298569
1750,245667	-118,524750
1750,918579	-119,340225
1751,591492	-118,625183
1752,264404	-120,382538
1752,937317	-121,277672
1753,610229	-120,312706
1754,283142	-119,740059
1754,956055	-119,200943
1755,628967	-118,888939
1756,301880	-119,172768
1756,974792	-119,990929
1757,647705	-119,626190
1758,320618	-120,030701
1758,993530	-120,290253
1759,666443	-119,144379
1760,339355	-119,549965
1761,012268	-118,550362
1761,685181	-119,386208
1762,358093	-119,900421
1763,031006	-119,148193
1763,703918	-119,490112
1764,376831	-119,832108
1765,049744	-119,822868
1765,722656	-118,700790
1766,395569	-119,027443
1767,068481	-119,424210
1767,741394	-119,731720
1768,414307	-119,354797
1769,087219	-119,458885
1769,760132	-121,207718
1770,433044	-120,544975
1771,105957	-119,529938
1771,778870	-118,897995
1772,451782	-118,058464
1773,124695	-117,898071
1773,797607	-119,215843
1774,470520	-120,119659
1775,143433	-119,666115
1775,816345	-120,571381
1776,489258	-120,081169
1777,162170	-119,907578
1777,835083	-120,372604
1778,507996	-120,416336
1779,180908	-119,194893
1779,853821	-119,487793
1780,526733	-119,837723
1781,199646	-118,875771
1781,872559	-119,356064
1782,545471	-118,959091
1783,218384	-118,830437
1783,891296	-119,495941
1784,564209	-120,704613
1785,237122	-118,959625
1785,910034	-120,402603
1786,582947	-122,462196
1787,255859	-120,874748
1787,928772	-118,136154
1788,601685	-119,871445
1789,274597	-122,018089
1789,947510	-120,116623
1790,620422	-120,789627
1791,293335	-121,591415
1791,966248	-119,421837
1792,639160	-119,308563
1793,312073	-119,914902
1793,984985	-120,838707
1794,657898	-121,072311
1795,330811	-119,382004
1796,003723	-119,504654
1796,676636	-119,980797
1797,349548	-119,333389
1798,022461	-118,844742
1798,695374	-119,205605
1799,368286	-119,098534
1800,041199	-119,672905
1800,714111	-119,375992
1801,387024	-119,428284
1802,059937	-117,742203
1802,732849	-117,737144
1803,405762	-118,535133
1804,078674	-119,494514
1804,751587	-118,798149
1805,424500	-117,778214
1806,097412	-117,691200
1806,770325	-118,282478
1807,443237	-118,794670
1808,116150	-119,307838
1808,789062	-118,957596
1809,461975	-120,117760
1810,134888	-119,745010
1810,807800	-120,656227
1811,480713	-119,559181
1812,153625	-119,282097
1812,826538	-119,169800
1813,499451	-118,803200
1814,172363	-119,936852
1814,845276	-121,770638
1815,518188	-120,860252
1816,191101	-121,385529
1816,864014	-119,602730
1817,536926	-118,852875
1818,209839	-119,469337
1818,882751	-120,147789
1819,555664	-118,444817
1820,228577	-118,839104
1820,901489	-119,833420
1821,574402	-120,534706
1822,247314	-119,634048
1822,920227	-120,890709
1823,593140	-120,622147
1824,266052	-119,237175
1824,938965	-118,561493
1825,611877	-118,935349
1826,284790	-120,335052
1826,957703	-121,419350
1827,630615	-119,459969
1828,303528	-118,600189
1828,976440	-119,350227
1829,649353	-120,797089
1830,322266	-120,550133
1830,995178	-119,142166
1831,668091	-120,634003
1832,341003	-119,581375
1833,013916	-118,983246
1833,686829	-119,861786
1834,359741	-120,490303
1835,032654	-119,284996
1835,705566	-120,679825
1836,378479	-119,359131
1837,051392	-118,040871
1837,724304	-119,416824
1838,397217	-122,948112
1839,070129	-123,082794
1839,743042	-119,500275
1840,415955	-118,799194
1841,088867	-120,114532
1841,761780	-119,205498
1842,434692	-120,132278
1843,107605	-119,699318
1843,780518	-119,044815
1844,453430	-118,931824
1845,126343	-121,028282
1845,799255	-119,567551
1846,472168	-118,385399
1847,145081	-119,363533
1847,817993	-120,072723
1848,490906	-119,649384
1849,163818	-121,156662
1849,836731	-119,242950
1850,509644	-119,389435
1851,182556	-119,776558
1851,855469	-118,703941
1852,528381	-118,076141
1853,201294	-118,699753
1853,874207	-118,965797
1854,547119	-121,224014
1855,220032	-121,828819
1855,892944	-120,915657
1856,565857	-121,536873
1857,238770	-122,865799
1857,911682	-121,628166
1858,584595	-119,762505
1859,257507	-119,617340
1859,930420	-120,263390
1860,603333	-119,533722
1861,276245	-117,865730
1861,949158	-119,252136
1862,622070	-122,032791
1863,294983	-123,026611
1863,967896	-122,289993
1864,640808	-121,228714
1865,313721	-119,919304
1865,986633	-122,359955
1866,659546	-121,653725
1867,332458	-120,640465
1868,005371	-118,940147
1868,678284	-118,521652
1869,351196	-119,418686
1870,024109	-119,205727
1870,697021	-118,622597
1871,369934	-119,821823
1872,042847	-121,341545
1872,715759	-120,565979
1873,388672	-121,270729
1874,061584	-121,003387
1874,734497	-122,278603
1875,407410	-121,632599
1876,080322	-120,327682
1876,753235	-119,955666
1877,426147	-119,657936
1878,099060	-118,913147
1878,771973	-120,256874
1879,444885	-119,343239
1880,117798	-119,992714
1880,790710	-120,767273
1881,463623	-121,787544
1882,136536	-120,192795
1882,809448	-118,860245
1883,482361	-119,251442
1884,155273	-120,069542
1884,828186	-119,200111
1885,501099	-118,787041
1886,174011	-118,944221
1886,846924	-119,275581
1887,519836	-120,324974
1888,192749	-120,621490
1888,865662	-119,697609
1889,538574	-119,622292
1890,211487	-119,612221
1890,884399	-118,913223
1891,557312	-119,646912
1892,230225	-120,502136
1892,903137	-119,495033
1893,576050	-118,558418
1894,248962	-118,837448
1894,921875	-119,290955
1895,594788	-117,747749
1896,267700	-117,797035
1896,940613	-117,806252
1897,613525	-117,862427
1898,286438	-118,254448
1898,959351	-120,272720
1899,632263	-120,381790
1900,305176	-121,687073
1900,978088	-122,457458
1901,651001	-120,854767
1902,323914	-119,258461
1902,996826	-118,113541
1903,669739	-118,657639
1904,342651	-119,238510
1905,015564	-120,129105
1905,688477	-120,489883
1906,361389	-119,546539
1907,034302	-119,239326
1907,707214	-119,264267
1908,380127	-120,284172
1909,053040	-120,187668
1909,725952	-120,214066
1910,398865	-119,975395
1911,071777	-118,804283
1911,744690	-118,983017
1912,417603	-120,256767
1913,090515	-120,401985
1913,763428	-120,720520
1914,436340	-119,478813
1915,109253	-121,531013
1915,782166	-121,662514
1916,455078	-120,408325
1917,127991	-119,637245
1917,800903	-119,730789
1918,473816	-121,246284
1919,146729	-120,880409
1919,819641	-119,837921
1920,492554	-119,306519
1921,165466	-120,301369
1921,838379	-119,775360
1922,511292	-119,534302
1923,184204	-119,368584
1923,857117	-120,011223
1924,530029	-119,513245
1925,202942	-119,246132
1925,875854	-118,556000
1926,548767	-119,118187
1927,221680	-119,249054
1927,894592	-119,869751
1928,567505	-119,246544
1929,240417	-119,085533
1929,913330	-119,520729
1930,586243	-120,083160
1931,259155	-119,034149
1931,932068	-117,929878
1932,604980	-119,245499
1933,277893	-120,806824
1933,950806	-120,800720
1934,623718	-118,775513
1935,296631	-120,300613
1935,969543	-120,324226
1936,642456	-120,332596
1937,315369	-119,607430
1937,988281	-118,234367
1938,661194	-118,771301
1939,334106	-120,096878
1940,007019	-120,071587
1940,679932	-118,255516
1941,352844	-118,600029
1942,025757	-119,764053
1942,698669	-119,952690
1943,371582	-120,602173
1944,044495	-120,110268
1944,717407	-119,410545
1945,390320	-119,947701
1946,063232	-119,915207
1946,736145	-121,332169
1947,409058	-122,112915
1948,081970	-120,932976
1948,754883	-118,773811
1949,427795	-119,547493
1950,100708	-119,941338
1950,773621	-120,320038
1951,446533	-120,719460
1952,119446	-119,492203
1952,792358	-119,912804
1953,465271	-120,354179
1954,138184	-120,536583
1954,811096	-119,429970
1955,484009	-118,624557
1956,156921	-118,919571
1956,829834	-121,188583
1957,502747	-121,465363
1958,175659	-118,269295
1958,848572	-118,160019
1959,521484	-120,394043
1960,194397	-121,021065
1960,867310	-121,659698
1961,540222	-121,351181
1962,213135	-119,524330
1962,886047	-119,300865
1963,558960	-120,327477
1964,231873	-121,926170
1964,904785	-120,991699
1965,577698	-121,260559
1966,250610	-120,675026
1966,923523	-119,297401
1967,596436	-120,160156
1968,269348	-120,799362
1968,942261	-120,765175
1969,615173	-120,900246
1970,288086	-122,977409
1970,960999	-121,368980
1971,633911	-119,928162
1972,306824	-120,874710
1972,979736	-121,679070
1973,652649	-120,424698
1974,325562	-120,920662
1974,998474	-120,812569
1975,671387	-120,011154
1976,344299	-119,404549
1977,017212	-118,930634
1977,690125	-119,278885
1978,363037	-120,749886
1979,035950	-121,937943
1979,708862	-121,108124
1980,381775	-120,055618
1981,054688	-120,393394
1981,727600	-118,475739
1982,400513	-120,148666
1983,073425	-121,479256
1983,746338	-119,680046
1984,419250	-120,549164
1985,092163	-120,627258
1985,765076	-118,930107
1986,437988	-119,935455
1987,110901	-119,344322
1987,783813	-119,910782
1988,456726	-120,599998
1989,129639	-119,964851
1989,802551	-120,564781
1990,475464	-119,849380
1991,148376	-118,787720
1991,821289	-120,349686
1992,494202	-120,271431
1993,167114	-119,561646
1993,840027	-120,048889
1994,512939	-120,627640
1995,185852	-120,998291
1995,858765	-119,889481
1996,531677	-119,933228
1997,204590	-121,831261
1997,877502	-121,766685
1998,550415	-119,901985
1999,223328	-119,487175
1999,896240	-119,073669
2000,569153	-118,508240
2001,242065	-121,481888
2001,914978	-122,943710
2002,587891	-121,703911
2003,260803	-120,327095
2003,933716	-119,968033
2004,606628	-119,252396
2005,279541	-121,143951
2005,952454	-120,716682
2006,625366	-120,737640
2007,298279	-123,416267
2007,971191	-120,871429
2008,644104	-120,874245
2009,317017	-120,585510
2009,989929	-119,163689
2010,662842	-119,224724
2011,335754	-117,594383
2012,008667	-119,178131
2012,681580	-121,368904
2013,354492	-121,403091
2014,027405	-122,680634
2014,700317	-120,482620
2015,373230	-120,523735
2016,046143	-121,186432
2016,719055	-121,572639
2017,391968	-120,073746
2018,064880	-119,467979
2018,737793	-120,357697
2019,410706	-118,187012
2020,083618	-117,760010
2020,756531	-118,411163
2021,429443	-118,824875
2022,102356	-119,269371
2022,775269	-120,516983
2023,448181	-119,963409
2024,121094	-119,427528
2024,794006	-119,841690
2025,466919	-120,428162
2026,139832	-119,023911
2026,812744	-121,294037
2027,485657	-120,694168
2028,158569	-119,184853
2028,831482	-120,622231
2029,504395	-119,758736
2030,177307	-117,905510
2030,850220	-118,319519
2031,523132	-118,612793
2032,196045	-119,780746
2032,868958	-119,313225
2033,541870	-118,912193
2034,214783	-118,785988
2034,887695	-121,366531
2035,560608	-120,381447
2036,233521	-119,924706
2036,906433	-119,463852
2037,579346	-119,360657
2038,252258	-119,744774
2038,925171	-121,251640
2039,598083	-119,423363
2040,270996	-118,093681
2040,943909	-119,863319
2041,616821	-121,805992
2042,289734	-120,614105
2042,962646	-121,021721
2043,635559	-120,922920
2044,308472	-118,959732
2044,981384	-119,106224
2045,654297	-118,851189
2046,327209	-118,881264
2047,000122	-119,689690
2047,673035	-120,073334
2048,345947	-121,683403
2049,018860	-120,775032
2049,691772	-119,562325
2050,364685	-119,399704
2051,037598	-119,682877
2051,710510	-120,488297
2052,383423	-120,839111
2053,056335	-121,880600
2053,729248	-119,671936
2054,402161	-120,010078
2055,075073	-119,019791
2055,747986	-119,774750
2056,420898	-121,102074
2057,093811	-121,354507
2057,766724	-120,099915
2058,439636	-119,394974
2059,112549	-119,457611
2059,785461	-121,770752
2060,458374	-121,465004
2061,131287	-121,016182
2061,804199	-119,976318
2062,477112	-119,290977
2063,150024	-119,721092
2063,822937	-120,744713
2064,495850	-120,523834
2065,168762	-121,248772
2065,841675	-118,402832
2066,514587	-119,024124
2067,187500	-120,208328
2067,860413	-118,909668
2068,533325	-119,958191
2069,206238	-120,443016
2069,879150	-120,621887
2070,552063	-120,618118
2071,224976	-121,267250
2071,897888	-119,750916
2072,570801	-119,817856
2073,243713	-119,691315
2073,916626	-121,122215
2074,589539	-120,166039
2075,262451	-120,403366
2075,935364	-120,811424
2076,608276	-120,486229
2077,281189	-119,415131
2077,954102	-119,138824
2078,627014	-117,911095
2079,299927	-120,331177
2079,972839	-120,740150
2080,645752	-122,293762
2081,318665	-120,571663
2081,991577	-118,819077
2082,664490	-118,760658
2083,337402	-119,090988
2084,010315	-120,732140
2084,683228	-120,961929
2085,356140	-119,757561
2086,029053	-119,176903
2086,701965	-120,033905
2087,374878	-120,164116
2088,047791	-119,449486
2088,720703	-119,947151
2089,393616	-119,647896
2090,066528	-120,498871
2090,739441	-120,703888
2091,412354	-120,056435
2092,085266	-121,250420
2092,758179	-120,779938
2093,431091	-120,214699
2094,104004	-119,958061
2094,776917	-119,634071
2095,449829	-120,073341
2096,122742	-119,068237
2096,795654	-118,864784
2097,468567	-119,692863
2098,141479	-120,474327
2098,814392	-120,585960
2099,487305	-119,986710
2100,160217	-119,788849
2100,833130	-118,607857
2101,506042	-118,077293
2102,178955	-119,353111
2102,851868	-118,607925
2103,524780	-119,850159
2104,197693	-121,569878
2104,870605	-119,498802
2105,543518	-118,175171
2106,216431	-118,334816
2106,889343	-120,214745
2107,562256	-120,418648
2108,235168	-120,539238
2108,908081	-119,077499
2109,580994	-120,559769
2110,253906	-120,386566
2110,926819	-118,881386
2111,599731	-118,629120
2112,272644	-119,409210
2112,945557	-122,670692
2113,618469	-121,218292
2114,291382	-119,445763
2114,964294	-119,278610
2115,637207	-119,334732
2116,310120	-119,640877
2116,983032	-121,261086
2117,655945	-120,201530
2118,328857	-119,910919
2119,001770	-119,905067
2119,674683	-119,843605
2120,347595	-121,158173
2121,020508	-120,578300
2121,693420	-119,369530
2122,366333	-119,221054
2123,039246	-121,817902
2123,712158	-121,880692
2124,385071	-121,590622
2125,057983	-120,495476
2125,730896	-120,560509
2126,403809	-118,825058
2127,076721	-119,333069
2127,749634	-120,525612
2128,422546	-120,226837
2129,095459	-120,394676
2129,768372	-121,133293
2130,441284	-120,124123
2131,114197	-120,341881
2131,787109	-120,632492
2132,460022	-119,460716
2133,132935	-120,162727
2133,805847	-121,203049
2134,478760	-120,496300
2135,151672	-119,282593
2135,824585	-119,416122
2136,497498	-119,888000
2137,170410	-119,238136
2137,843323	-119,859146
2138,516235	-120,777603
2139,189148	-121,985001
2139,862061	-122,930878
2140,534973	-120,174126
2141,207886	-119,985199
2141,880798	-120,839523
2142,553711	-120,567039
2143,226624	-119,202461
2143,899536	-119,235466
2144,572449	-119,308044
2145,245361	-119,464386
2145,918274	-119,673080
2146,591187	-120,096130
2147,264099	-121,023834
2147,937012	-122,148903
2148,609924	-121,111183
2149,282837	-120,682495
2149,955750	-119,942703
2150,628662	-120,528999
2151,301575	-121,330101
2151,974487	-121,681107
2152,647400	-121,199028
2153,320312	-120,242538
2153,993225	-121,149467
2154,666138	-121,537666
2155,339050	-119,798805
2156,011963	-118,821930
2156,684875	-120,332016
2157,357788	-121,330193
2158,030701	-120,789703
2158,703613	-119,670685
2159,376526	-118,460503
2160,049438	-120,122070
2160,722351	-120,375015
2161,395264	-120,971161
2162,068176	-120,413239
2162,741089	-120,353477
2163,414001	-120,668007
2164,086914	-120,213181
2164,759827	-119,683212
2165,432739	-120,485092
2166,105652	-121,277939
2166,778564	-120,815590
2167,451477	-120,553268
2168,124390	-120,219872
2168,797302	-120,773613
2169,470215	-120,216484
2170,143127	-121,231377
2170,816040	-121,408539
2171,488953	-123,448219
2172,161865	-121,852806
2172,834778	-119,131828
2173,507690	-119,694893
2174,180603	-118,740791
2174,853516	-118,570709
2175,526428	-120,566437
2176,199341	-119,189400
2176,872253	-120,535416
2177,545166	-120,551170
2178,218079	-120,153885
2178,890991	-120,942184
2179,563904	-120,012093
2180,236816	-120,092995
2180,909729	-122,232948
2181,582642	-121,120399
2182,255554	-119,050949
2182,928467	-119,779312
2183,601379	-121,033058
2184,274292	-120,641617
2184,947205	-120,101540
2185,620117	-119,867149
2186,293030	-118,801918
2186,965942	-119,785469
2187,638855	-122,155449
2188,311768	-121,004845
2188,984680	-121,190964
2189,657593	-119,583336
2190,330505	-118,900116
2191,003418	-120,004875
2191,676331	-120,047813
2192,349243	-121,020378
2193,022156	-119,985603
2193,695068	-120,412178
2194,367981	-121,536369
2195,040894	-120,950287
2195,713806	-119,208359
2196,386719	-119,430603
2197,059631	-119,301140
2197,732544	-119,562904
2198,405457	-119,137192
2199,078369	-119,787827
2199,751282	-119,865677
2200,424194	-120,133171
2201,097107	-120,673439
2201,770020	-120,575287
2202,442932	-121,360634
2203,115845	-122,514603
2203,788757	-122,442924
2204,461670	-120,093544
2205,134583	-119,705757
2205,807495	-119,416466
2206,480408	-120,812744
2207,153320	-122,927498
2207,826233	-120,127174
2208,499146	-119,566986
2209,172058	-120,556557
2209,844971	-120,475395
2210,517883	-119,182877
2211,190796	-119,522491
2211,863708	-120,066254
2212,536621	-120,523346
2213,209534	-119,325699
2213,882446	-119,397797
2214,555359	-118,856842
2215,228271	-119,247581
2215,901184	-118,745537
2216,574097	-119,206360
2217,247009	-120,000832
2217,919922	-119,684120
2218,592834	-121,195503
2219,265747	-121,288551
2219,938660	-120,977890
2220,611572	-120,016693
2221,284485	-120,000504
2221,957397	-119,773056
2222,630310	-117,616180
2223,303223	-120,338989
2223,976135	-123,710251
2224,649048	-118,955513
2225,321960	-119,028778
2225,994873	-120,695816
2226,667786	-120,972000
2227,340698	-120,660393
2228,013611	-118,944016
2228,686523	-119,735542
2229,359436	-121,188957
2230,032349	-122,769470
2230,705261	-121,973160
2231,378174	-120,289062
2232,051086	-119,414558
2232,723999	-118,789925
2233,396912	-119,462273
2234,069824	-120,464439
2234,742737	-120,893013
2235,415649	-119,430031
2236,088562	-119,228050
2236,761475	-119,117363
2237,434387	-118,551949
2238,107300	-121,258614
2238,780212	-122,061081
2239,453125	-122,236473
2240,126038	-119,667328
2240,798950	-120,701653
2241,471863	-122,307220
2242,144775	-120,833481
2242,817688	-120,581642
2243,490601	-121,276939
2244,163513	-122,420609
2244,836426	-121,596695
2245,509338	-120,686943
2246,182251	-120,258034
2246,855164	-119,662720
2247,528076	-119,999977
2248,200989	-119,757835
2248,873901	-120,852570
2249,546814	-119,941444
2250,219727	-120,519379
2250,892639	-118,974152
2251,565552	-118,003151
2252,238464	-119,267967
2252,911377	-119,906944
2253,584290	-119,932526
2254,257202	-119,806946
2254,930115	-120,265137
2255,603027	-118,538986
2256,275940	-118,732483
2256,948853	-119,376457
2257,621765	-117,395187
2258,294678	-118,512779
2258,967590	-120,422035
2259,640503	-120,751999
2260,313416	-120,346634
2260,986328	-121,430489
2261,659241	-119,969559
2262,332153	-118,849113
2263,005066	-121,068108
2263,677979	-120,214195
2264,350891	-119,939514
2265,023804	-119,334656
2265,696716	-119,020462
2266,369629	-119,701706
2267,042542	-121,295448
2267,715454	-120,564873
2268,388367	-120,006317
2269,061279	-121,430145
2269,734192	-120,874001
2270,407104	-120,007149
2271,080017	-118,887978
2271,752930	-119,749954
2272,425842	-119,467278
2273,098755	-120,394287
2273,771667	-119,542862
2274,444580	-118,169533
2275,117493	-121,288834
2275,790405	-122,966850
2276,463318	-121,167175
2277,136230	-119,445290
2277,809143	-119,352081
2278,482056	-119,336662
2279,154968	-120,408485
2279,827881	-120,808647
2280,500793	-119,811943
2281,173706	-122,044716
2281,846619	-121,241325
2282,519531	-119,750877
2283,192444	-120,474396
2283,865356	-120,288925
2284,538269	-119,712753
2285,211182	-119,588394
2285,884094	-119,610153
2286,557007	-120,294243
2287,229919	-119,028915
2287,902832	-119,577553
2288,575745	-120,262894
2289,248657	-120,650032
2289,921570	-120,767387
2290,594482	-120,410370
2291,267395	-117,380455
2291,940308	-119,452385
2292,613220	-122,565506
2293,286133	-120,980743
2293,959045	-119,821114
2294,631958	-119,807640
2295,304871	-121,257706
2295,977783	-120,654945
2296,650696	-120,984543
2297,323608	-120,449493
2297,996521	-121,384712
2298,669434	-119,539406
2299,342346	-120,349396
2300,015259	-120,806816
2300,688171	-120,936119
2301,361084	-122,628677
2302,033997	-121,511963
2302,706909	-120,083191
2303,379822	-119,091980
2304,052734	-119,196159
2304,725647	-119,478348
2305,398560	-120,710892
2306,071472	-123,359810
2306,744385	-122,709412
2307,417297	-121,297432
2308,090210	-122,023331
2308,763123	-120,414978
2309,436035	-119,866333
2310,108948	-119,402496
2310,781860	-119,919685
2311,454773	-119,278381
2312,127686	-119,643837
2312,800598	-121,644562
2313,473511	-119,638718
2314,146423	-118,597786
2314,819336	-119,565407
2315,492249	-119,939941
2316,165161	-121,026932
2316,838074	-121,481064
2317,510986	-121,692131
2318,183899	-120,680107
2318,856812	-120,461334
2319,529724	-120,225906
2320,202637	-119,766144
2320,875549	-119,487495
2321,548462	-119,543594
2322,221375	-121,571312
2322,894287	-121,050117
2323,567200	-120,249901
2324,240112	-123,619751
2324,913025	-121,775215
2325,585938	-121,115242
2326,258850	-120,581573
2326,931763	-119,031242
2327,604675	-119,922127
2328,277588	-119,290085
2328,950500	-121,604263
2329,623413	-120,455200
2330,296326	-120,018761
2330,969238	-120,597023
2331,642151	-121,152832
2332,315063	-120,984734
2332,987976	-121,143677
2333,660889	-121,387680
2334,333801	-118,685707
2335,006714	-118,735016
2335,679626	-120,263321
2336,352539	-122,489525
2337,025452	-121,607819
2337,698364	-120,910629
2338,371277	-119,680626
2339,044189	-120,187851
2339,717102	-119,560890
2340,390015	-119,256981
2341,062927	-118,448006
2341,735840	-120,351974
2342,408752	-120,912567
2343,081665	-120,294510
2343,754578	-121,109764
2344,427490	-119,377151
2345,100403	-118,452950
2345,773315	-119,117554
2346,446228	-120,147720
2347,119141	-119,125336
2347,792053	-119,884827
2348,464966	-120,281052
2349,137878	-119,574928
2349,810791	-119,024544
2350,483704	-119,307297
2351,156616	-118,641312
2351,829529	-117,588722
2352,502441	-120,113434
2353,175354	-121,511261
2353,848267	-121,823044
2354,521179	-120,074066
2355,194092	-119,880272
2355,867004	-120,068604
2356,539917	-121,313942
2357,212830	-120,950150
2357,885742	-121,507896
2358,558655	-123,705147
2359,231567	-121,966240
2359,904480	-121,184937
2360,577393	-121,056129
2361,250305	-119,654327
2361,923218	-120,352539
2362,596130	-121,345329
2363,269043	-121,801743
2363,941956	-121,206520
2364,614868	-119,725670
2365,287781	-120,178261
2365,960693	-119,571190
2366,633606	-120,194710
2367,306519	-119,296448
2367,979431	-119,805145
2368,652344	-120,314896
2369,325256	-119,719109
2369,998169	-119,843018
2370,671082	-119,456177
2371,343994	-121,114555
2372,016907	-121,936424
2372,689819	-121,616516
2373,362732	-121,303391
2374,035645	-119,585144
2374,708557	-121,223183
2375,381470	-120,138184
2376,054382	-120,189148
2376,727295	-119,599518
2377,400208	-119,073364
2378,073120	-121,404854
2378,746033	-121,768738
2379,418945	-119,729652
2380,091858	-119,814606
2380,764771	-121,050201
2381,437683	-121,940613
2382,110596	-119,981651
2382,783508	-119,808205
2383,456421	-121,747337
2384,129333	-120,321831
2384,802246	-119,658234
2385,475159	-120,992775
2386,148071	-121,207970
2386,820984	-120,800026
2387,493896	-121,736511
2388,166809	-122,323509
2388,839722	-121,904968
2389,512634	-121,828217
2390,185547	-122,890266
2390,858459	-120,785362
2391,531372	-119,822548
2392,204285	-119,339645
2392,877197	-119,842339
2393,550110	-121,380692
2394,223022	-120,855309
2394,895935	-119,822685
2395,568848	-119,903381
2396,241760	-121,307808
2396,914673	-121,189590
2397,587585	-122,189240
2398,260498	-121,976448
2398,933411	-120,332336
2399,606323	-120,711632
2400,279236	-121,632912
2400,952148	-121,024590
2401,625061	-120,513428
2402,297974	-120,691055
2402,970886	-119,758896
2403,643799	-119,371590
2404,316711	-119,072464
2404,989624	-120,991653
2405,662537	-121,502960
2406,335449	-118,955330
2407,008362	-120,397026
2407,681274	-119,607407
2408,354187	-119,694077
2409,027100	-120,981865
2409,700012	-120,849388
2410,372925	-120,389053
2411,045837	-121,041351
2411,718750	-120,215340
2412,391663	-121,286362
2413,064575	-120,670609
2413,737488	-119,328659
2414,410400	-121,402443
2415,083313	-118,952499
2415,756226	-119,576012
2416,429138	-119,893242
2417,102051	-119,603737
2417,774963	-120,653656
2418,447876	-119,219109
2419,120789	-120,587883
2419,793701	-121,150993
2420,466614	-120,443291
2421,139526	-119,926270
2421,812439	-120,097176
2422,485352	-121,691376
2423,158264	-121,376701
2423,831177	-119,815201
2424,504089	-120,153702
2425,177002	-121,286674
2425,849915	-120,417046
2426,522827	-120,068459
2427,195740	-121,599159
2427,868652	-121,133118
2428,541565	-118,897530
2429,214478	-120,703423
2429,887390	-121,250237
2430,560303	-121,768257
2431,233215	-121,888924
2431,906128	-120,852913
2432,579041	-118,473923
2433,251953	-118,610039
2433,924866	-119,951073
2434,597778	-120,632561
2435,270691	-119,874207
2435,943604	-121,900826
2436,616516	-120,977165
2437,289429	-121,065247
2437,962341	-120,074844
2438,635254	-119,730469
2439,308167	-118,924347
2439,981079	-118,486572
2440,653992	-119,665192
2441,326904	-119,785889
2441,999817	-120,564995
2442,672729	-119,520088
2443,345642	-120,707268
2444,018555	-120,474052
2444,691467	-121,637810
2445,364380	-120,143364
2446,037292	-119,448112
2446,710205	-119,068130
2447,383118	-120,326653
2448,056030	-119,238083
2448,728943	-119,563507
2449,401855	-119,814377
2450,074768	-120,227486
2450,747681	-121,154503
2451,420593	-120,097267
2452,093506	-120,371056
2452,766418	-119,970329
2453,439331	-121,108086
2454,112244	-119,910553
2454,785156	-120,822128
2455,458069	-121,894440
2456,130981	-121,018051
2456,803894	-119,300735
2457,476807	-118,504463
2458,149719	-119,088417
2458,822632	-119,227371
2459,495544	-120,752586
2460,168457	-121,860489
2460,841370	-121,475876
2461,514282	-120,965652
2462,187195	-121,386826
2462,860107	-120,458977
2463,533020	-119,031357
2464,205933	-119,681099
2464,878845	-121,466339
2465,551758	-121,751282
2466,224670	-119,864876
2466,897583	-121,501999
2467,570496	-122,095734
2468,243408	-121,894112
2468,916321	-121,607796
2469,589233	-120,133057
2470,262146	-119,135574
2470,935059	-119,218025
2471,607971	-119,230255
2472,280884	-119,361290
2472,953796	-119,802940
2473,626709	-119,442375
2474,299622	-119,657089
2474,972534	-119,685417
2475,645447	-120,242981
2476,318359	-119,666550
2476,991272	-120,543930
2477,664185	-122,526283
2478,337097	-122,413353
2479,010010	-121,812973
2479,682922	-121,762314
2480,355835	-118,971527
2481,028748	-118,737373
2481,701660	-119,356216
2482,374573	-119,471169
2483,047485	-121,502563
2483,720398	-122,583656
2484,393311	-122,383118
2485,066223	-122,440163
2485,739136	-122,278961
2486,412048	-120,809601
2487,084961	-120,586914
2487,757874	-120,899086
2488,430786	-121,154961
2489,103699	-121,930153
2489,776611	-121,212738
2490,449524	-121,654060
2491,122437	-121,397270
2491,795349	-121,894997
2492,468262	-123,056999
2493,141174	-122,588776
2493,814087	-120,657982
2494,487000	-120,551239
2495,159912	-122,162949
2495,832825	-119,730934
2496,505737	-119,113541
2497,178650	-120,605049
2497,851562	-121,917839
2498,524475	-122,026001
2499,197388	-120,201233
2499,870300	-120,177414
2500,543213	-121,047859
2501,216125	-121,873314
2501,889038	-122,846489
2502,561951	-122,459351
2503,234863	-120,090073
2503,907776	-119,059624
2504,580688	-119,859673
2505,253601	-121,429405
2505,926514	-121,471687
2506,599426	-121,192940
2507,272339	-122,347107
2507,945251	-122,197868
2508,618164	-121,715485
2509,291077	-119,332466
2509,963989	-119,791893
2510,636902	-120,781281
2511,309814	-119,982765
2511,982727	-120,830856
2512,655640	-121,521828
2513,328552	-122,595360
2514,001465	-123,263252
2514,674377	-121,881882
2515,347290	-120,136955
2516,020203	-119,927536
2516,693115	-120,302567
2517,366028	-119,477028
2518,038940	-119,678802
2518,711853	-120,396996
2519,384766	-120,505280
2520,057678	-120,261642
2520,730591	-121,147095
2521,403503	-120,819275
2522,076416	-121,378670
2522,749329	-120,652336
2523,422241	-120,109795
2524,095154	-118,655991
2524,768066	-118,783867
2525,440979	-119,788673
2526,113892	-120,342178
2526,786804	-120,806000
2527,459717	-120,590683
2528,132629	-122,336792
2528,805542	-120,547661
2529,478455	-119,261078
2530,151367	-121,567856
2530,824280	-120,998909
2531,497192	-121,203918
2532,170105	-122,344749
2532,843018	-121,296684
2533,515930	-119,615112
2534,188843	-119,568039
2534,861755	-120,174614
2535,534668	-120,083641
2536,207581	-119,848045
2536,880493	-121,451942
2537,553406	-120,906387
2538,226318	-119,736290
2538,899231	-119,494637
2539,572144	-119,978065
2540,245056	-120,132195
2540,917969	-119,235039
2541,590881	-120,452797
2542,263794	-122,197121
2542,936707	-122,284157
2543,609619	-119,420937
2544,282532	-119,315544
2544,955444	-119,659958
2545,628357	-119,401535
2546,301270	-119,684448
2546,974182	-120,620384
2547,647095	-120,939064
2548,320007	-120,835869
2548,992920	-120,563972
2549,665833	-119,516243
2550,338745	-121,513702
2551,011658	-121,621910
2551,684570	-121,104172
2552,357483	-122,359375
2553,030396	-120,393318
2553,703308	-120,142784
2554,376221	-121,746216
2555,049133	-121,424675
2555,722046	-122,030525
2556,394958	-120,877968
2557,067871	-120,039993
2557,740784	-120,305634
2558,413696	-120,557945
2559,086609	-119,419434
2559,759521	-118,656059
2560,432434	-119,537292
2561,105347	-121,312073
2561,778259	-121,312141
2562,451172	-119,787407
2563,124084	-122,101021
2563,796997	-120,930939
2564,469910	-120,323357
2565,142822	-121,702660
2565,815735	-122,742035
2566,488647	-123,916878
2567,161560	-120,111343
2567,834473	-120,151932
2568,507385	-123,205856
2569,180298	-122,405602
2569,853210	-120,215050
2570,526123	-120,917435
2571,199036	-120,972260
2571,871948	-119,631317
2572,544861	-119,681419
2573,217773	-119,833755
2573,890686	-119,694633
2574,563599	-120,143066
2575,236511	-119,625923
2575,909424	-120,864334
2576,582336	-121,496880
2577,255249	-121,156822
2577,928162	-119,853584
2578,601074	-119,460518
2579,273987	-120,159073
2579,946899	-121,455811
2580,619812	-121,567642
2581,292725	-120,773216
2581,965637	-120,266617
2582,638550	-120,975334
2583,311462	-124,372940
2583,984375	-123,694435
2584,657288	-120,563484
2585,330200	-119,379845
2586,003113	-119,146698
2586,676025	-119,733826
2587,348938	-120,670731
2588,021851	-120,871864
2588,694763	-121,731422
2589,367676	-120,557823
2590,040588	-120,589729
2590,713501	-120,147972
2591,386414	-121,621490
2592,059326	-120,547028
2592,732239	-119,269585
2593,405151	-119,580872
2594,078064	-120,430153
2594,750977	-120,436409
2595,423889	-122,638374
2596,096802	-121,767738
2596,769714	-121,101494
2597,442627	-120,541916
2598,115540	-120,608315
2598,788452	-119,696426
2599,461365	-120,985847
2600,134277	-121,593590
2600,807190	-120,721069
2601,480103	-121,672264
2602,153015	-121,335739
2602,825928	-119,132797
2603,498840	-119,970032
2604,171753	-120,082832
2604,844666	-120,565025
2605,517578	-120,044411
2606,190491	-120,251160
2606,863403	-120,162712
2607,536316	-119,818100
2608,209229	-119,847282
2608,882141	-120,990677
2609,555054	-121,973938
2610,227966	-121,819572
2610,900879	-122,051918
2611,573792	-122,319794
2612,246704	-122,812149
2612,919617	-122,866631
2613,592529	-120,405136
2614,265442	-119,650803
2614,938354	-119,721161
2615,611267	-120,483910
2616,284180	-121,007339
2616,957092	-121,239044
2617,630005	-120,557877
2618,302917	-121,138985
2618,975830	-120,991760
2619,648743	-119,802162
2620,321655	-120,916550
2620,994568	-119,361382
2621,667480	-118,979866
2622,340393	-120,380592
2623,013306	-122,432388
2623,686218	-122,916039
2624,359131	-123,391891
2625,032043	-122,174652
2625,704956	-121,165115
2626,377869	-120,794609
2627,050781	-121,043480
2627,723694	-122,907913
2628,396606	-122,919403
2629,069519	-121,448540
2629,742432	-120,478882
2630,415344	-119,663651
2631,088257	-119,502800
2631,761169	-120,225922
2632,434082	-121,916176
2633,106995	-122,136070
2633,779907	-121,592842
2634,452820	-121,588036
2635,125732	-120,867432
2635,798645	-119,986320
2636,471558	-120,279686
2637,144470	-120,433189
2637,817383	-120,740036
2638,490295	-121,637520
2639,163208	-120,814384
2639,836121	-120,101875
2640,509033	-119,705475
2641,181946	-119,143707
2641,854858	-119,866051
2642,527771	-122,464241
2643,200684	-122,402527
2643,873596	-119,789116
2644,546509	-117,836632
2645,219421	-117,489021
2645,892334	-121,831207
2646,565247	-121,851135
2647,238159	-120,567558
2647,911072	-120,525261
2648,583984	-121,358360
2649,256897	-120,805656
2649,929810	-122,009865
2650,602722	-120,412323
2651,275635	-119,585579
2651,948547	-121,168594
2652,621460	-120,244270
2653,294373	-119,813156
2653,967285	-120,952339
2654,640198	-120,837807
2655,313110	-118,911392
2655,986023	-119,545937
2656,658936	-121,786301
2657,331848	-121,743637
2658,004761	-121,671417
2658,677673	-119,645714
2659,350586	-118,599884
2660,023499	-120,186958
2660,696411	-120,008469
2661,369324	-121,066734
2662,042236	-121,489334
2662,715149	-121,984283
2663,388062	-121,464325
2664,060974	-120,804573
2664,733887	-120,686279
2665,406799	-119,064705
2666,079712	-119,102852
2666,752625	-121,229179
2667,425537	-121,966751
2668,098450	-121,844498
2668,771362	-123,541740
2669,444275	-124,260353
2670,117188	-123,097481
2670,790100	-121,399162
2671,463013	-120,335381
2672,135925	-121,525429
2672,808838	-121,543060
2673,481750	-121,778229
2674,154663	-121,885696
2674,827576	-122,079758
2675,500488	-121,710083
2676,173401	-120,879440
2676,846313	-121,536522
2677,519226	-123,058517
2678,192139	-121,961723
2678,865051	-120,602425
2679,537964	-120,164307
2680,210876	-119,693130
2680,883789	-119,851540
2681,556702	-120,831207
2682,229614	-119,039925
2682,902527	-119,743813
2683,575439	-120,924004
2684,248352	-119,229240
2684,921265	-121,085220
2685,594177	-122,120903
2686,267090	-121,753387
2686,940002	-122,707268
2687,612915	-121,205933
2688,285828	-119,563103
2688,958740	-120,650909
2689,631653	-121,114899
2690,304565	-121,697220
2690,977478	-120,726593
2691,650391	-121,227715
2692,323303	-120,240807
2692,996216	-119,266716
2693,669128	-119,199249
2694,342041	-121,269585
2695,014954	-120,309784
2695,687866	-119,741333
2696,360779	-121,025772
2697,033691	-119,350700
2697,706604	-119,305267
2698,379517	-118,957893
2699,052429	-119,961021
2699,725342	-120,502937
2700,398254	-120,501198
2701,071167	-120,746025
2701,744080	-121,494667
2702,416992	-120,827194
2703,089905	-120,009476
2703,762817	-118,291458
2704,435730	-119,968697
2705,108643	-120,886162
2705,781555	-121,582611
2706,454468	-120,822548
2707,127380	-118,572495
2707,800293	-119,095886
2708,473206	-122,426773
2709,146118	-120,895767
2709,819031	-120,661705
2710,491943	-119,723801
2711,164856	-118,917160
2711,837769	-120,225769
2712,510681	-120,667465
2713,183594	-120,508484
2713,856506	-120,919159
2714,529419	-120,654678
2715,202332	-121,034523
2715,875244	-119,799828
2716,548157	-119,048370
2717,221069	-119,672142
2717,893982	-121,830582
2718,566895	-123,365669
2719,239807	-122,844200
2719,912720	-121,010139
2720,585632	-120,056427
2721,258545	-119,362671
2721,931458	-119,862442
2722,604370	-121,146378
2723,277283	-121,238632
2723,950195	-121,097687
2724,623108	-120,857170
2725,296021	-120,759171
2725,968933	-120,336845
2726,641846	-119,025902
2727,314758	-120,538612
2727,987671	-120,795738
2728,660583	-121,134415
2729,333496	-119,983894
2730,006409	-118,707886
2730,679321	-119,801094
2731,352234	-120,176704
2732,025146	-120,099060
2732,698059	-119,794464
2733,370972	-119,500122
2734,043884	-120,165207
2734,716797	-120,767448
2735,389709	-120,914116
2736,062622	-121,366753
2736,735535	-121,433052
2737,408447	-122,024178
2738,081360	-121,328537
2738,754272	-120,690872
2739,427185	-120,515388
2740,100098	-120,585060
2740,773010	-120,789474
2741,445923	-121,184914
2742,118835	-121,832321
2742,791748	-123,492310
2743,464661	-122,410393
2744,137573	-119,755196
2744,810486	-119,607803
2745,483398	-120,383316
2746,156311	-122,235634
2746,829224	-119,277138
2747,502136	-118,554726
2748,175049	-119,890282
2748,847961	-122,689003
2749,520874	-122,048981
2750,193787	-121,133926
2750,866699	-121,322601
2751,539612	-121,468529
2752,212524	-121,458824
2752,885437	-121,010536
2753,558350	-120,601639
2754,231262	-121,791794
2754,904175	-121,257324
2755,577087	-121,319450
2756,250000	-120,175873
2756,922913	-121,253441
2757,595825	-120,647942
2758,268738	-120,816399
2758,941650	-121,450775
2759,614563	-121,037979
2760,287476	-120,463936
2760,960388	-119,546753
2761,633301	-120,684303
2762,306213	-121,693237
2762,979126	-120,456169
2763,652039	-120,653366
2764,324951	-122,159050
2764,997864	-123,929070
2765,670776	-120,371292
2766,343689	-119,822937
2767,016602	-119,625336
2767,689514	-120,820122
2768,362427	-121,493828
2769,035339	-122,084938
2769,708252	-120,669098
2770,381165	-119,555244
2771,054077	-119,155228
2771,726990	-120,942398
2772,399902	-120,854996
2773,072815	-121,659279
2773,745728	-121,632996
2774,418640	-121,450325
2775,091553	-120,957344
2775,764465	-121,919106
2776,437378	-120,974594
2777,110291	-120,213280
2777,783203	-120,262535
2778,456116	-120,455971
2779,129028	-122,011246
2779,801941	-122,008240
2780,474854	-121,513962
2781,147766	-123,625977
2781,820679	-123,407059
2782,493591	-121,058098
2783,166504	-119,886650
2783,839417	-121,309441
2784,512329	-121,147041
2785,185242	-122,095871
2785,858154	-121,364296
2786,531067	-119,969208
2787,203979	-120,260620
2787,876892	-120,236320
2788,549805	-120,612015
2789,222717	-121,728439
2789,895630	-120,598412
2790,568542	-119,927689
2791,241455	-121,458397
2791,914368	-122,140465
2792,587280	-120,201698
2793,260193	-120,754448
2793,933105	-120,743530
2794,606018	-120,124794
2795,278931	-119,667397
2795,951843	-120,188484
2796,624756	-121,288841
2797,297668	-122,042648
2797,970581	-123,554848
2798,643494	-122,357346
2799,316406	-120,903709
2799,989319	-122,069489
2800,662231	-122,646568
2801,335144	-121,071404
2802,008057	-123,239128
2802,680969	-123,171997
2803,353882	-121,529846
2804,026794	-122,784416
2804,699707	-120,101540
2805,372620	-120,057693
2806,045532	-120,956963
2806,718445	-121,724274
2807,391357	-121,997833
2808,064270	-121,158829
2808,737183	-121,044380
2809,410095	-120,957100
2810,083008	-120,479454
2810,755920	-120,517723
2811,428833	-120,456406
2812,101746	-119,977440
2812,774658	-120,105949
2813,447571	-120,927299
2814,120483	-121,399803
2814,793396	-121,663879
2815,466309	-120,900635
2816,139221	-120,022148
2816,812134	-119,304787
2817,485046	-120,658218
2818,157959	-120,952553
2818,830872	-121,677956
2819,503784	-120,918098
2820,176697	-119,583847
2820,849609	-120,329491
2821,522522	-120,552170
2822,195435	-120,683762
2822,868347	-121,233299
2823,541260	-119,861580
2824,214172	-120,280785
2824,887085	-122,647949
2825,559998	-121,661522
2826,232910	-121,255630
2826,905823	-121,363190
2827,578735	-121,462639
2828,251648	-121,620911
2828,924561	-123,655388
2829,597473	-121,096672
2830,270386	-121,053749
2830,943298	-121,882782
2831,616211	-122,773453
2832,289124	-121,457405
2832,962036	-121,058388
2833,634949	-120,893127
2834,307861	-120,112206
2834,980774	-121,358383
2835,653687	-121,507607
2836,326599	-120,757027
2836,999512	-119,564110
2837,672424	-122,176056
2838,345337	-122,431755
2839,018250	-121,240967
2839,691162	-122,657608
2840,364075	-122,722908
2841,036987	-122,452072
2841,709900	-120,394508
2842,382812	-119,116570
2843,055725	-120,660324
2843,728638	-121,627220
2844,401550	-120,318367
2845,074463	-120,677467
2845,747375	-121,791000
2846,420288	-119,885666
2847,093201	-119,171501
2847,766113	-121,001762
2848,439026	-121,747246
2849,111938	-120,472160
2849,784851	-119,733902
2850,457764	-120,810776
2851,130676	-121,139885
2851,803589	-121,526321
2852,476501	-121,572876
2853,149414	-121,640205
2853,822327	-120,550644
2854,495239	-121,093773
2855,168152	-121,215576
2855,841064	-120,226166
2856,513977	-119,402740
2857,186890	-119,214302
2857,859802	-120,058609
2858,532715	-122,191635
2859,205627	-121,655609
2859,878540	-119,852745
2860,551453	-120,174370
2861,224365	-120,692184
2861,897278	-121,162445
2862,570190	-122,541595
2863,243103	-121,136795
2863,916016	-121,434357
2864,588928	-123,551613
2865,261841	-123,591698
2865,934753	-121,258415
2866,607666	-119,892776
2867,280579	-119,576347
2867,953491	-120,831886
2868,626404	-120,728806
2869,299316	-122,877487
2869,972229	-121,745354
2870,645142	-121,857384
2871,318054	-122,843948
2871,990967	-122,775589
2872,663879	-123,076057
2873,336792	-120,635178
2874,009705	-120,716545
2874,682617	-121,684387
2875,355530	-122,283493
2876,028442	-121,385002
2876,701355	-120,317612
2877,374268	-120,258629
2878,047180	-120,222542
2878,720093	-120,753578
2879,393005	-119,827751
2880,065918	-119,587967
2880,738831	-120,001602
2881,411743	-120,139984
2882,084656	-119,855461
2882,757568	-119,402115
2883,430481	-119,377068
2884,103394	-119,976318
2884,776306	-120,892502
2885,449219	-120,724686
2886,122131	-120,343521
2886,795044	-121,352631
2887,467957	-122,453835
2888,140869	-121,710236
2888,813782	-123,034760
2889,486694	-121,650139
2890,159607	-120,060867
2890,832520	-121,293968
2891,505432	-120,525681
2892,178345	-121,048370
2892,851257	-121,967293
2893,524170	-121,806221
2894,197083	-124,016869
2894,869995	-122,056343
2895,542908	-121,668701
2896,215820	-120,902885
2896,888733	-119,701797
2897,561646	-118,963989
2898,234558	-119,894531
2898,907471	-119,677269
2899,580383	-119,901909
2900,253296	-120,623810
2900,926208	-121,878777
2901,599121	-122,422539
2902,272034	-123,068176
2902,944946	-122,402100
2903,617859	-120,922150
2904,290771	-121,257591
2904,963684	-120,181511
2905,636597	-120,359238
2906,309509	-121,628113
2906,982422	-122,334625
2907,655334	-120,182655
2908,328247	-120,008530
2909,001160	-120,180832
2909,674072	-121,611473
2910,346985	-121,909889
2911,019897	-122,315163
2911,692810	-121,625748
2912,365723	-120,800659
2913,038635	-121,991425
2913,711548	-121,440155
2914,384460	-120,783661
2915,057373	-120,427330
2915,730286	-121,315056
2916,403198	-122,368484
2917,076111	-121,658134
2917,749023	-121,615021
2918,421936	-119,929733
2919,094849	-120,909744
2919,767761	-120,736595
2920,440674	-121,905724
2921,113586	-123,490097
2921,786499	-121,142593
2922,459412	-120,824371
2923,132324	-121,085541
2923,805237	-121,156456
2924,478149	-120,989243
2925,151062	-120,071465
2925,823975	-118,681671
2926,496887	-119,165268
2927,169800	-120,488449
2927,842712	-121,150406
2928,515625	-121,126068
2929,188538	-120,093071
2929,861450	-120,692627
2930,534363	-120,201378
2931,207275	-121,194901
2931,880188	-122,298462
2932,553101	-122,929291
2933,226013	-122,370232
2933,898926	-122,805435
2934,571838	-120,946320
2935,244751	-118,864365
2935,917664	-119,839699
2936,590576	-121,676636
2937,263489	-123,328972
2937,936401	-120,909821
2938,609314	-119,452835
2939,282227	-121,109764
2939,955139	-121,332428
2940,628052	-121,571060
2941,300964	-121,101677
2941,973877	-119,903450
2942,646790	-120,415871
2943,319702	-120,353241
2943,992615	-119,682426
2944,665527	-120,357452
2945,338440	-121,075203
2946,011353	-121,352287
2946,684265	-120,514114
2947,357178	-119,514572
2948,030090	-120,922447
2948,703003	-121,220367
2949,375916	-120,788460
2950,048828	-120,706314
2950,721741	-119,813492
2951,394653	-121,558174
2952,067566	-123,178040
2952,740479	-122,690269
2953,413391	-122,353500
2954,086304	-122,000580
2954,759216	-120,820023
2955,432129	-119,847450
2956,105042	-119,443710
2956,777954	-120,698006
2957,450867	-120,507713
2958,123779	-120,674423
2958,796692	-121,973450
2959,469604	-122,306801
2960,142517	-121,625267
2960,815430	-120,369530
2961,488342	-120,824409
2962,161255	-120,203094
2962,834167	-121,112373
2963,507080	-121,103897
2964,179993	-120,145660
2964,852905	-119,832153
2965,525818	-120,252487
2966,198730	-121,561935
2966,871643	-122,665115
2967,544556	-121,362831
2968,217468	-119,790306
2968,890381	-120,412628
2969,563293	-120,577988
2970,236206	-121,323418
2970,909119	-120,871300
2971,582031	-120,960457
2972,254944	-119,759232
2972,927856	-119,709991
2973,600769	-120,795219
2974,273682	-119,519814
2974,946594	-120,224716
2975,619507	-119,256378
2976,292419	-118,973236
2976,965332	-120,310349
2977,638245	-120,584885
2978,311157	-120,689072
2978,984070	-119,609077
2979,656982	-119,137611
2980,329895	-120,179527
2981,002808	-120,923096
2981,675720	-122,191063
2982,348633	-122,469772
2983,021545	-121,173950
2983,694458	-121,546989
2984,367371	-120,004921
2985,040283	-119,202202
2985,713196	-120,158264
2986,386108	-122,856354
2987,059021	-124,039429
2987,731934	-122,686516
2988,404846	-121,897293
2989,077759	-119,912865
2989,750671	-120,019150
2990,423584	-120,647774
2991,096497	-120,479584
2991,769409	-122,971077
2992,442322	-122,989578
2993,115234	-121,024551
2993,788147	-119,601166
2994,461060	-120,061249
2995,133972	-122,458389
2995,806885	-121,327911
2996,479797	-120,371513
2997,152710	-120,539215
2997,825623	-119,603416
2998,498535	-119,650917
2999,171448	-121,942223
2999,844360	-120,728142
3000,517273	-120,704422
3001,190186	-121,147705
3001,863098	-121,103966
3002,536011	-119,574791
3003,208923	-121,065018
3003,881836	-122,408203
3004,554749	-120,679100
3005,227661	-120,950233
3005,900574	-119,828575
3006,573486	-118,979515
3007,246399	-119,131966
3007,919312	-120,840523
3008,592224	-120,100250
3009,265137	-120,231613
3009,938049	-120,469620
3010,610962	-120,630829
3011,283875	-121,583832
3011,956787	-122,253418
3012,629700	-122,610092
3013,302612	-121,528496
3013,975525	-119,148422
3014,648438	-119,435928
3015,321350	-118,773788
3015,994263	-118,465698
3016,667175	-120,245842
3017,340088	-120,724518
3018,013000	-121,276268
3018,685913	-121,511757
3019,358826	-123,093781
3020,031738	-120,972885
3020,704651	-121,048294
3021,377563	-122,823265
3022,050476	-121,088852
3022,723389	-120,648819
3023,396301	-119,940201
3024,069214	-119,815903
3024,742126	-120,782936
3025,415039	-121,697578
3026,087952	-120,494797
3026,760864	-121,514809
3027,433777	-121,113060
3028,106689	-121,701530
3028,779602	-122,439629
3029,452515	-121,589302
3030,125427	-121,541397
3030,798340	-121,470947
3031,471252	-119,205711
3032,144165	-118,762672
3032,817078	-120,551430
3033,489990	-120,286018
3034,162903	-122,001030
3034,835815	-123,118355
3035,508728	-122,165833
3036,181641	-121,726257
3036,854553	-118,167831
3037,527466	-118,415802
3038,200378	-120,275291
3038,873291	-119,346306
3039,546204	-120,859718
3040,219116	-120,555504
3040,892029	-119,084930
3041,564941	-119,632988
3042,237854	-121,030594
3042,910767	-122,911659
3043,583679	-121,082558
3044,256592	-121,697929
3044,929504	-120,699394
3045,602417	-120,756630
3046,275330	-120,412788
3046,948242	-120,127319
3047,621155	-123,257767
3048,294067	-123,095543
3048,966980	-122,161316
3049,639893	-120,743874
3050,312805	-120,531136
3050,985718	-120,276604
3051,658630	-120,419083
3052,331543	-120,489662
3053,004456	-118,778938
3053,677368	-119,368439
3054,350281	-122,584991
3055,023193	-121,773254
3055,696106	-121,335121
3056,369019	-121,266441
3057,041931	-120,579758
3057,714844	-121,673515
3058,387756	-120,168816
3059,060669	-120,909775
3059,733582	-120,369621
3060,406494	-122,013229
3061,079407	-121,706223
3061,752319	-121,246086
3062,425232	-121,221664
3063,098145	-120,087799
3063,771057	-119,455635
3064,443970	-119,918564
3065,116882	-119,679062
3065,789795	-118,740646
3066,462708	-119,665672
3067,135620	-120,615059
3067,808533	-120,647446
3068,481445	-121,931297
3069,154358	-121,319733
3069,827271	-120,650833
3070,500183	-120,821198
3071,173096	-120,241547
3071,846008	-120,991631
3072,518921	-121,942581
3073,191833	-121,600128
3073,864746	-121,514885
3074,537659	-121,577591
3075,210571	-120,237442
3075,883484	-119,815811
3076,556396	-120,176208
3077,229309	-121,048416
3077,902222	-120,977158
3078,575134	-121,339211
3079,248047	-121,988403
3079,920959	-122,958885
3080,593872	-122,218262
3081,266785	-121,505447
3081,939697	-120,390121
3082,612610	-120,366074
3083,285522	-121,205917
3083,958435	-119,833870
3084,631348	-119,446609
3085,304260	-119,890053
3085,977173	-120,819885
3086,650085	-120,556709
3087,322998	-123,356209
3087,995911	-121,846481
3088,668823	-121,631325
3089,341736	-121,992996
3090,014648	-121,765083
3090,687561	-122,590958
3091,360474	-122,045662
3092,033386	-120,634567
3092,706299	-120,670082
3093,379211	-121,160507
3094,052124	-120,381355
3094,725037	-121,191826
3095,397949	-122,685493
3096,070862	-121,050926
3096,743774	-120,169273
3097,416687	-121,761978
3098,089600	-121,135399
3098,762512	-121,215080
3099,435425	-121,895348
3100,108337	-121,812325
3100,781250	-120,494652
3101,454163	-119,867538
3102,127075	-120,070396
3102,799988	-119,425278
3103,472900	-121,049736
3104,145813	-118,762856
3104,818726	-119,681061
3105,491638	-122,332481
3106,164551	-121,437668
3106,837463	-119,442116
3107,510376	-120,075760
3108,183289	-121,892021
3108,856201	-122,614807
3109,529114	-123,065430
3110,202026	-123,612953
3110,874939	-120,895851
3111,547852	-120,449524
3112,220764	-119,922829
3112,893677	-119,895409
3113,566589	-122,453568
3114,239502	-121,450905
3114,912415	-121,478363
3115,585327	-121,276405
3116,258240	-119,826622
3116,931152	-119,647392
3117,604065	-120,193413
3118,276978	-119,907478
3118,949890	-120,485390
3119,622803	-120,151901
3120,295715	-120,002289
3120,968628	-121,665443
3121,641541	-121,978737
3122,314453	-121,997711
3122,987366	-122,064873
3123,660278	-121,159561
3124,333191	-120,648224
3125,006104	-121,817375
3125,679016	-121,576324
3126,351929	-122,512451
3127,024841	-121,738274
3127,697754	-119,929276
3128,370667	-119,434639
3129,043579	-120,260994
3129,716492	-120,203712
3130,389404	-121,144348
3131,062317	-122,317261
3131,735229	-120,319511
3132,408142	-120,780846
3133,081055	-121,653313
3133,753967	-120,322739
3134,426880	-120,705994
3135,099792	-119,513130
3135,772705	-119,664017
3136,445618	-120,867897
3137,118530	-122,460266
3137,791443	-121,952713
3138,464355	-120,771713
3139,137268	-120,579216
3139,810181	-120,972939
3140,483093	-119,364899
3141,156006	-118,881729
3141,828918	-120,532616
3142,501831	-121,475441
3143,174744	-120,241516
3143,847656	-121,081184
3144,520569	-120,643524
3145,193481	-120,272903
3145,866394	-120,497658
3146,539307	-121,034973
3147,212219	-121,720108
3147,885132	-121,159821
3148,558044	-121,002991
3149,230957	-121,139374
3149,903870	-120,219162
3150,576782	-121,862534
3151,249695	-123,376862
3151,922607	-122,646347
3152,595520	-120,044632
3153,268433	-121,822754
3153,941345	-121,861633
3154,614258	-120,142860
3155,287170	-119,631638
3155,960083	-122,326149
3156,632996	-121,562630
3157,305908	-120,501732
3157,978821	-121,357704
3158,651733	-122,033531
3159,324646	-122,133621
3159,997559	-120,516045
3160,670471	-120,533607
3161,343384	-120,974480
3162,016296	-119,443054
3162,689209	-119,610115
3163,362122	-122,377907
3164,035034	-121,907280
3164,707947	-119,443817
3165,380859	-120,228653
3166,053772	-122,987915
3166,726685	-121,564133
3167,399597	-121,375824
3168,072510	-121,738220
3168,745422	-122,090126
3169,418335	-121,175728
3170,091248	-123,260895
3170,764160	-122,130249
3171,437073	-119,640137
3172,109985	-120,109451
3172,782898	-123,129906
3173,455811	-122,320625
3174,128723	-119,885284
3174,801636	-119,840309
3175,474548	-120,586876
3176,147461	-121,688622
3176,820374	-120,866829
3177,493286	-122,301926
3178,166199	-121,201164
3178,839111	-120,892548
3179,512024	-123,331955
3180,184937	-121,365273
3180,857849	-121,683090
3181,530762	-120,914566
3182,203674	-120,422157
3182,876587	-120,976776
3183,549500	-122,051102
3184,222412	-120,288986
3184,895325	-120,766418
3185,568237	-122,797874
3186,241150	-122,676270
3186,914062	-120,740898
3187,586975	-121,112862
3188,259888	-121,465424
3188,932800	-122,158958
3189,605713	-121,019547
3190,278625	-121,302429
3190,951538	-122,139763
3191,624451	-121,480095
3192,297363	-123,243813
3192,970276	-122,315506
3193,643188	-122,125229
3194,316101	-122,803505
3194,989014	-123,093842
3195,661926	-122,088440
3196,334839	-120,722992
3197,007751	-120,652161
3197,680664	-121,214058
3198,353577	-120,783485
3199,026489	-121,515404
3199,699402	-120,489365
3200,372314	-121,518707
3201,045227	-120,858521
3201,718140	-121,145378
3202,391052	-123,117805
3203,063965	-122,385544
3203,736877	-121,225624
3204,409790	-122,011581
3205,082703	-121,125465
3205,755615	-122,529510
3206,428528	-123,642532
3207,101440	-121,229202
3207,774353	-120,131470
3208,447266	-121,179901
3209,120178	-121,213867
3209,793091	-120,801414
3210,466003	-121,667091
3211,138916	-122,110405
3211,811829	-120,632629
3212,484741	-121,096939
3213,157654	-120,598434
3213,830566	-120,919434
3214,503479	-122,266266
3215,176392	-122,179352
3215,849304	-122,319405
3216,522217	-121,179176
3217,195129	-120,150421
3217,868042	-121,865387
3218,540955	-120,007812
3219,213867	-120,692299
3219,886780	-122,593666
3220,559692	-122,152229
3221,232605	-120,828499
3221,905518	-121,569855
3222,578430	-121,463692
3223,251343	-120,654762
3223,924255	-119,753021
3224,597168	-120,672112
3225,270081	-121,484207
3225,942993	-121,685165
3226,615906	-121,063416
3227,288818	-121,963875
3227,961731	-123,576164
3228,634644	-122,077141
3229,307556	-119,731873
3229,980469	-119,061516
3230,653381	-120,192307
3231,326294	-121,344231
3231,999207	-121,586891
3232,672119	-122,451233
3233,345032	-121,113777
3234,017944	-120,661186
3234,690857	-119,464577
3235,363770	-120,489365
3236,036682	-122,582069
3236,709595	-123,462700
3237,382507	-123,322548
3238,055420	-120,383827
3238,728333	-120,773361
3239,401245	-120,985992
3240,074158	-120,862122
3240,747070	-120,631165
3241,419983	-122,575172
3242,092896	-122,577942
3242,765808	-120,634628
3243,438721	-119,082024
3244,111633	-119,957405
3244,784546	-120,120285
3245,457458	-120,867775
3246,130371	-119,488464
3246,803284	-118,313309
3247,476196	-119,827438
3248,149109	-120,571487
3248,822021	-121,076126
3249,494934	-120,692581
3250,167847	-119,922447
3250,840759	-120,238800
3251,513672	-119,727585
3252,186584	-121,391380
3252,859497	-122,788971
3253,532410	-122,377449
3254,205322	-121,001038
3254,878235	-122,410095
3255,551147	-123,283180
3256,224060	-120,520683
3256,896973	-121,129288
3257,569885	-120,874924
3258,242798	-121,920189
3258,915710	-121,862396
3259,588623	-121,491508
3260,261536	-121,866936
3260,934448	-121,157913
3261,607361	-120,728889
3262,280273	-120,932518
3262,953186	-120,565781
3263,626099	-121,844467
3264,299011	-120,945488
3264,971924	-121,163368
3265,644836	-122,559731
3266,317749	-120,981392
3266,990662	-121,587234
3267,663574	-121,249329
3268,336487	-121,064796
3269,009399	-121,541718
3269,682312	-122,582382
3270,355225	-122,670052
3271,028137	-122,357880
3271,701050	-122,118881
3272,373962	-121,593994
3273,046875	-120,353760
3273,719788	-122,221886
3274,392700	-120,071030
3275,065613	-120,431458
3275,738525	-119,637169
3276,411438	-119,550835
3277,084351	-119,842293
3277,757263	-120,980583
3278,430176	-120,706848
3279,103088	-120,629288
3279,776001	-121,524788
3280,448914	-121,213028
3281,121826	-122,074860
3281,794739	-122,225067
3282,467651	-121,853851
3283,140564	-121,830879
3283,813477	-121,621071
3284,486389	-121,837036
3285,159302	-120,925407
3285,832214	-121,605347
3286,505127	-123,257889
3287,178040	-121,591339
3287,850952	-121,222672
3288,523865	-121,684944
3289,196777	-122,344765
3289,869690	-120,988922
3290,542603	-119,820953
3291,215515	-120,991653
3291,888428	-122,393295
3292,561340	-122,163727
3293,234253	-121,773949
3293,907166	-121,817932
3294,580078	-123,591888
3295,252991	-122,077454
3295,925903	-122,040947
3296,598816	-122,416161
3297,271729	-120,668892
3297,944641	-121,174980
3298,617554	-121,153519
3299,290466	-120,406586
3299,963379	-120,285210
3300,636292	-121,758377
3301,309204	-119,426773
3301,982117	-120,001541
3302,655029	-120,642761
3303,327942	-121,382599
3304,000854	-120,959602
3304,673767	-120,732872
3305,346680	-120,663017
3306,019592	-120,225876
3306,692505	-120,684052
3307,365417	-120,384964
3308,038330	-121,729019
3308,711243	-121,243919
3309,384155	-122,584015
3310,057068	-122,061600
3310,729980	-121,148125
3311,402893	-121,779556
3312,075806	-123,648857
3312,748718	-122,476768
3313,421631	-121,694199
3314,094543	-121,190857
3314,767456	-120,713554
3315,440369	-121,206795
3316,113281	-121,409210
3316,786194	-122,255486
3317,459106	-121,892792
3318,132019	-122,140617
3318,804932	-120,923027
3319,477844	-121,227852
3320,150757	-120,548927
3320,823669	-120,095062
3321,496582	-120,067894
3322,169495	-119,575508
3322,842407	-119,884552
3323,515320	-121,422249
3324,188232	-121,819695
3324,861145	-120,242943
3325,534058	-120,756981
3326,206970	-120,990555
3326,879883	-120,948929
3327,552795	-121,314713
3328,225708	-120,646988
3328,898621	-121,603951
3329,571533	-122,910576
3330,244446	-121,916008
3330,917358	-121,763893
3331,590271	-121,258820
3332,263184	-122,157127
3332,936096	-120,729630
3333,609009	-119,279114
3334,281921	-120,227768
3334,954834	-122,173332
3335,627747	-120,700691
3336,300659	-120,491531
3336,973572	-121,548615
3337,646484	-122,622284
3338,319397	-122,955925
3338,992310	-120,908669
3339,665222	-120,115074
3340,338135	-120,032417
3341,011047	-120,708595
3341,683960	-123,745132
3342,356873	-122,557762
3343,029785	-121,459816
3343,702698	-121,854935
3344,375610	-121,941818
3345,048523	-121,153755
3345,721436	-121,762489
3346,394348	-121,974709
3347,067261	-121,253067
3347,740173	-120,854866
3348,413086	-120,281738
3349,085999	-120,786240
3349,758911	-123,764465
3350,431824	-122,167603
3351,104736	-120,835747
3351,777649	-121,402573
3352,450562	-120,989784
3353,123474	-120,327660
3353,796387	-121,182274
3354,469299	-121,889732
3355,142212	-122,160088
3355,815125	-120,460152
3356,488037	-119,640739
3357,160950	-120,735352
3357,833862	-120,584442
3358,506775	-121,604904
3359,179688	-120,211601
3359,852600	-120,795639
3360,525513	-122,693077
3361,198425	-123,882538
3361,871338	-121,306915
3362,544250	-119,904671
3363,217163	-119,639191
3363,890076	-120,804924
3364,562988	-121,098778
3365,235901	-121,785172
3365,908813	-122,657974
3366,581726	-123,174210
3367,254639	-121,279213
3367,927551	-121,199112
3368,600464	-122,936432
3369,273376	-122,654442
3369,946289	-119,831139
3370,619202	-119,528473
3371,292114	-119,695290
3371,965027	-120,770943
3372,637939	-121,198837
3373,310852	-120,824501
3373,983765	-121,243607
3374,656677	-121,949722
3375,329590	-122,913040
3376,002502	-122,572449
3376,675415	-122,754059
3377,348328	-122,002396
3378,021240	-120,964355
3378,694153	-121,158775
3379,367065	-121,343918
3380,039978	-120,371193
3380,712891	-119,345261
3381,385803	-119,158340
3382,058716	-119,743202
3382,731628	-119,667175
3383,404541	-119,848671
3384,077454	-121,003059
3384,750366	-121,582329
3385,423279	-121,148132
3386,096191	-121,095558
3386,769104	-122,266289
3387,442017	-121,751198
3388,114929	-121,119049
3388,787842	-120,297241
3389,460754	-121,546951
3390,133667	-120,874031
3390,806580	-120,939980
3391,479492	-120,701721
3392,152405	-121,121590
3392,825317	-120,408035
3393,498230	-121,592110
3394,171143	-122,071884
3394,844055	-120,410179
3395,516968	-121,675270
3396,189880	-123,071335
3396,862793	-122,572968
3397,535706	-122,345360
3398,208618	-121,714294
3398,881531	-122,397003
3399,554443	-121,303658
3400,227356	-120,737358
3400,900269	-120,581337
3401,573181	-120,827583
3402,246094	-121,456024
3402,919006	-120,883621
3403,591919	-121,407181
3404,264832	-121,801857
3404,937744	-121,632607
3405,610657	-123,663620
3406,283569	-121,782860
3406,956482	-120,998055
3407,629395	-121,168419
3408,302307	-121,133919
3408,975220	-120,547562
3409,648132	-121,100365
3410,321045	-121,430008
3410,993958	-120,921272
3411,666870	-120,657394
3412,339783	-121,185120
3413,012695	-122,070816
3413,685608	-121,317719
3414,358521	-121,244896
3415,031433	-120,074005
3415,704346	-121,235802
3416,377258	-122,228813
3417,050171	-121,072144
3417,723083	-121,369141
3418,395996	-121,471359
3419,068909	-122,043076
3419,741821	-122,701759
3420,414734	-121,237190
3421,087646	-122,419884
3421,760559	-122,519081
3422,433472	-121,406380
3423,106384	-121,150208
3423,779297	-122,474236
3424,452209	-122,813194
3425,125122	-123,880371
3425,798035	-122,190201
3426,470947	-121,082336
3427,143860	-120,414253
3427,816772	-119,821152
3428,489685	-121,316139
3429,162598	-121,851440
3429,835510	-122,812485
3430,508423	-123,361244
3431,181335	-122,083221
3431,854248	-121,582664
3432,527161	-123,413414
3433,200073	-121,168503
3433,872986	-121,660057
3434,545898	-122,461319
3435,218811	-123,367699
3435,891724	-123,565163
3436,564636	-122,516411
3437,237549	-119,761314
3437,910461	-121,021957
3438,583374	-123,517982
3439,256287	-123,655334
3439,929199	-122,331558
3440,602112	-121,769424
3441,275024	-121,882240
3441,947937	-123,518936
3442,620850	-123,248734
3443,293762	-122,348778
3443,966675	-122,122238
3444,639587	-122,338821
3445,312500	-121,683243
3445,985413	-121,517982
3446,658325	-120,071533
3447,331238	-119,812386
3448,004150	-120,657257
3448,677063	-119,309372
3449,349976	-119,641052
3450,022888	-120,359222
3450,695801	-120,547546
3451,368713	-120,259125
3452,041626	-120,484238
3452,714539	-122,121475
3453,387451	-121,975380
3454,060364	-121,905502
3454,733276	-123,044067
3455,406189	-121,645653
3456,079102	-120,039688
3456,752014	-122,419861
3457,424927	-122,178841
3458,097839	-120,326378
3458,770752	-120,971268
3459,443665	-120,844917
3460,116577	-121,500992
3460,789490	-123,819756
3461,462402	-122,640953
3462,135315	-120,459068
3462,808228	-120,419159
3463,481140	-121,227203
3464,154053	-121,296234
3464,826965	-121,421623
3465,499878	-120,756699
3466,172791	-120,940277
3466,845703	-121,156822
3467,518616	-121,135071
3468,191528	-121,335976
3468,864441	-121,059311
3469,537354	-121,801575
3470,210266	-123,278938
3470,883179	-123,088669
3471,556091	-122,540817
3472,229004	-124,507187
3472,901917	-122,971161
3473,574829	-121,261650
3474,247742	-121,520500
3474,920654	-122,096115
3475,593567	-120,660843
3476,266479	-121,069878
3476,939392	-121,146545
3477,612305	-121,216026
3478,285217	-122,378944
3478,958130	-121,349449
3479,631042	-123,134354
3480,303955	-121,515717
3480,976868	-120,235611
3481,649780	-120,639168
3482,322693	-119,704597
3482,995605	-119,717606
3483,668518	-120,659843
3484,341431	-122,508469
3485,014343	-121,958076
3485,687256	-120,025070
3486,360168	-120,194092
3487,033081	-121,310356
3487,705994	-124,942909
3488,378906	-120,974403
3489,051819	-121,320068
3489,724731	-122,444878
3490,397644	-121,529922
3491,070557	-120,367088
3491,743469	-120,122070
3492,416382	-121,712051
3493,089294	-121,200294
3493,762207	-122,212639
3494,435120	-122,419670
3495,108032	-121,543716
3495,780945	-120,748573
3496,453857	-121,290619
3497,126770	-123,801918
3497,799683	-122,931999
3498,472595	-122,315674
3499,145508	-122,252151
3499,818420	-121,921738
3500,491333	-122,715118
3501,164246	-121,610741
3501,837158	-120,340294
3502,510071	-120,374542
3503,182983	-120,537239
3503,855896	-121,014519
3504,528809	-121,207748
3505,201721	-120,983505
3505,874634	-120,670288
3506,547546	-120,951187
3507,220459	-121,887970
3507,893372	-121,079079
3508,566284	-120,382858
3509,239197	-119,073112
3509,912109	-120,255310
3510,585022	-122,475540
3511,257935	-123,973679
3511,930847	-121,580528
3512,603760	-119,884262
3513,276672	-120,905174
3513,949585	-122,290253
3514,622498	-122,383118
3515,295410	-122,358223
3515,968323	-123,018753
3516,641235	-122,857948
3517,314148	-120,805222
3517,987061	-122,142265
3518,659973	-123,280838
3519,332886	-120,711380
3520,005798	-121,350006
3520,678711	-120,787178
3521,351624	-119,257950
3522,024536	-121,123055
3522,697449	-122,915062
3523,370361	-122,563393
3524,043274	-123,616112
3524,716187	-124,010162
3525,389099	-120,905312
3526,062012	-120,998360
3526,734924	-121,555618
3527,407837	-122,394722
3528,080750	-121,889328
3528,753662	-121,132744
3529,426575	-121,658089
3530,099487	-120,173660
3530,772400	-120,018356
3531,445312	-122,143082
3532,118225	-122,687576
3532,791138	-121,533623
3533,464050	-119,741005
3534,136963	-121,641609
3534,809875	-124,395889
3535,482788	-122,305641
3536,155701	-121,742729
3536,828613	-121,619568
3537,501526	-122,819038
3538,174438	-121,291428
3538,847351	-122,414108
3539,520264	-122,358292
3540,193176	-121,168068
3540,866089	-122,707390
3541,539001	-120,982048
3542,211914	-119,612556
3542,884827	-120,231316
3543,557739	-121,129929
3544,230652	-121,624855
3544,903564	-120,928139
3545,576477	-121,466423
3546,249390	-121,007347
3546,922302	-120,880524
3547,595215	-121,191833
3548,268127	-120,987274
3548,941040	-122,487816
3549,613953	-122,008850
3550,286865	-123,289658
3550,959778	-123,208015
3551,632690	-121,793037
3552,305603	-121,858307
3552,978516	-122,543335
3553,651428	-123,269623
3554,324341	-121,196136
3554,997253	-122,289665
3555,670166	-123,454941
3556,343079	-122,453934
3557,015991	-120,700645
3557,688904	-120,302048
3558,361816	-121,442696
3559,034729	-120,437523
3559,707642	-121,152313
3560,380554	-122,724960
3561,053467	-121,652214
3561,726379	-120,310715
3562,399292	-119,364128
3563,072205	-119,668182
3563,745117	-120,296082
3564,418030	-122,181793
3565,090942	-123,317810
3565,763855	-122,994415
3566,436768	-122,217957
3567,109680	-122,090813
3567,782593	-121,376678
3568,455505	-121,450874
3569,128418	-122,980179
3569,801331	-121,543549
3570,474243	-120,957123
3571,147156	-120,696472
3571,820068	-119,116302
3572,492981	-120,855003
3573,165894	-121,825890
3573,838806	-121,002914
3574,511719	-121,545464
3575,184631	-122,185165
3575,857544	-120,470734
3576,530457	-121,505241
3577,203369	-122,352837
3577,876282	-121,247208
3578,549194	-121,156685
3579,222107	-120,973076
3579,895020	-121,712814
3580,567932	-122,456619
3581,240845	-121,116776
3581,913757	-122,657295
3582,586670	-122,714714
3583,259583	-121,546257
3583,932495	-122,263939
3584,605408	-122,306580
3585,278320	-123,113838
3585,951233	-122,122536
3586,624146	-120,917915
3587,297058	-121,838959
3587,969971	-121,579391
3588,642883	-121,826843
3589,315796	-121,950516
3589,988708	-121,402634
3590,661621	-122,504135
3591,334534	-121,119186
3592,007446	-122,037560
3592,680359	-122,178833
3593,353271	-121,128220
3594,026184	-120,653748
3594,699097	-122,221420
3595,372009	-122,083458
3596,044922	-122,020889
3596,717834	-122,844803
3597,390747	-121,552498
3598,063660	-121,371017
3598,736572	-120,779472
3599,409485	-121,360573
3600,082397	-120,870613
3600,755310	-122,055504
3601,428223	-121,752518
3602,101135	-121,670815
3602,774048	-120,914276
3603,446960	-121,463028
3604,119873	-123,287079
3604,792786	-123,236435
3605,465698	-122,908463
3606,138611	-121,560898
3606,811523	-121,624458
3607,484436	-121,715126
3608,157349	-120,943626
3608,830261	-122,755608
3609,503174	-120,523834
3610,176086	-120,618210
3610,848999	-122,010811
3611,521912	-122,712189
3612,194824	-123,364159
3612,867737	-122,438530
3613,540649	-120,573570
3614,213562	-122,237038
3614,886475	-124,171295
3615,559387	-121,519363
3616,232300	-120,787743
3616,905212	-121,308105
3617,578125	-120,044121
3618,251038	-119,229996
3618,923950	-118,952896
3619,596863	-119,902443
3620,269775	-122,139404
3620,942688	-122,086761
3621,615601	-122,366425
3622,288513	-123,370995
3622,961426	-122,092369
3623,634338	-120,978859
3624,307251	-119,873466
3624,980164	-121,701241
3625,653076	-122,382195
3626,325989	-121,484604
3626,998901	-121,261993
3627,671814	-123,307594
3628,344727	-122,364189
3629,017639	-121,330307
3629,690552	-120,013092
3630,363464	-119,897690
3631,036377	-122,388466
3631,709290	-122,601227
3632,382202	-121,659569
3633,055115	-122,396988
3633,728027	-122,258652
3634,400940	-122,165474
3635,073853	-121,253044
3635,746765	-121,720070
3636,419678	-123,075104
3637,092590	-121,418045
3637,765503	-123,010231
3638,438416	-123,390923
3639,111328	-121,195709
3639,784241	-119,350845
3640,457153	-120,906784
3641,130066	-124,188461
3641,802979	-123,546898
3642,475891	-121,034615
3643,148804	-119,122345
3643,821716	-120,843193
3644,494629	-121,312241
3645,167542	-120,894531
3645,840454	-122,059799
3646,513367	-120,669792
3647,186279	-120,244545
3647,859192	-120,792252
3648,532104	-121,677025
3649,205017	-122,233269
3649,877930	-120,975525
3650,550842	-122,354080
3651,223755	-122,190994
3651,896667	-122,092056
3652,569580	-121,392479
3653,242493	-121,971542
3653,915405	-122,495712
3654,588318	-121,005463
3655,261230	-120,301781
3655,934143	-121,630264
3656,607056	-121,794868
3657,279968	-122,116188
3657,952881	-121,898247
3658,625793	-123,038643
3659,298706	-123,649681
3659,971619	-122,432541
3660,644531	-120,288147
3661,317444	-121,257149
3661,990356	-122,153038
3662,663269	-121,152191
3663,336182	-120,532608
3664,009094	-120,734734
3664,682007	-120,752373
3665,354919	-121,581108
3666,027832	-121,174278
3666,700745	-121,039635
3667,373657	-121,607536
3668,046570	-124,303429
3668,719482	-122,128525
3669,392395	-121,737900
3670,065308	-120,787170
3670,738220	-120,747955
3671,411133	-121,551575
3672,084045	-122,347229
3672,756958	-121,318222
3673,429871	-120,269478
3674,102783	-121,071022
3674,775696	-120,260338
3675,448608	-121,101166
3676,121521	-120,815308
3676,794434	-120,463699
3677,467346	-120,486015
3678,140259	-120,213158
3678,813171	-120,941536
3679,486084	-121,350883
3680,158997	-122,284088
3680,831909	-122,494858
3681,504822	-121,575150
3682,177734	-120,822441
3682,850647	-121,493500
3683,523560	-121,666611
3684,196472	-122,444244
3684,869385	-121,512520
3685,542297	-120,984596
3686,215210	-121,412636
3686,888123	-120,914574
3687,561035	-121,941330
3688,233948	-121,433540
3688,906860	-121,357132
3689,579773	-119,999847
3690,252686	-120,619080
3690,925598	-120,664078
3691,598511	-122,339058
3692,271423	-123,760963
3692,944336	-122,777069
3693,617249	-122,103241
3694,290161	-119,851189
3694,963074	-121,585571
3695,635986	-121,624123
3696,308899	-120,787132
3696,981812	-121,100349
3697,654724	-120,217239
3698,327637	-120,048820
3699,000549	-121,960022
3699,673462	-123,776772
3700,346375	-122,080711
3701,019287	-121,461945
3701,692200	-120,055466
3702,365112	-120,212425
3703,038025	-120,530602
3703,710938	-121,256523
3704,383850	-122,174149
3705,056763	-121,110992
3705,729675	-121,159485
3706,402588	-120,717857
3707,075500	-119,890884
3707,748413	-120,790359
3708,421326	-120,354172
3709,094238	-120,519188
3709,767151	-121,212097
3710,440063	-119,884285
3711,112976	-120,052811
3711,785889	-120,283066
3712,458801	-121,349556
3713,131714	-122,293427
3713,804626	-121,143196
3714,477539	-119,163971
3715,150452	-120,788124
3715,823364	-121,107094
3716,496277	-120,784950
3717,169189	-121,930695
3717,842102	-122,034340
3718,515015	-122,052711
3719,187927	-120,972420
3719,860840	-121,851662
3720,533752	-121,471901
3721,206665	-119,990448
3721,879578	-119,875984
3722,552490	-120,432877
3723,225403	-122,049065
3723,898315	-121,065475
3724,571228	-122,788414
3725,244141	-122,344604
3725,917053	-121,979530
3726,589966	-121,088585
3727,262878	-121,741356
3727,935791	-121,035698
3728,608704	-121,063469
3729,281616	-120,173698
3729,954529	-120,891136
3730,627441	-121,974663
3731,300354	-120,400780
3731,973267	-120,067757
3732,646179	-121,344734
3733,319092	-122,448563
3733,992004	-124,201027
3734,664917	-123,194824
3735,337830	-121,782875
3736,010742	-122,115936
3736,683655	-122,162140
3737,356567	-122,191734
3738,029480	-122,340393
3738,702393	-122,588402
3739,375305	-120,594917
3740,048218	-119,695549
3740,721130	-120,214310
3741,394043	-121,896111
3742,066956	-121,263062
3742,739868	-120,957787
3743,412781	-121,768509
3744,085693	-120,275879
3744,758606	-120,076599
3745,431519	-119,548561
3746,104431	-120,257828
3746,777344	-120,974190
3747,450256	-120,804459
3748,123169	-120,825569
3748,796082	-120,861725
3749,468994	-120,013168
3750,141907	-121,209404
3750,814819	-120,626991
3751,487732	-119,827545
3752,160645	-120,951202
3752,833557	-120,387314
3753,506470	-120,623299
3754,179382	-122,969894
3754,852295	-124,166763
3755,525208	-123,113464
3756,198120	-122,594009
3756,871033	-121,771927
3757,543945	-120,706322
3758,216858	-119,760956
3758,889771	-120,384048
3759,562683	-122,223137
3760,235596	-123,265518
3760,908508	-124,460312
3761,581421	-120,827118
3762,254333	-120,111496
3762,927246	-119,938866
3763,600159	-119,988548
3764,273071	-121,096382
3764,945984	-121,369072
3765,618896	-121,106728
3766,291809	-121,279907
3766,964722	-120,925873
3767,637634	-119,730972
3768,310547	-120,561691
3768,983459	-122,001953
3769,656372	-122,961021
3770,329285	-122,287071
3771,002197	-121,406593
3771,675110	-120,948761
3772,348022	-120,591385
3773,020935	-120,789429
3773,693848	-119,125275
3774,366760	-119,746506
3775,039673	-120,287369
3775,712585	-121,312775
3776,385498	-122,559700
3777,058411	-122,728394
3777,731323	-122,267937
3778,404236	-123,609390
3779,077148	-122,692657
3779,750061	-121,553085
3780,422974	-121,063568
3781,095886	-121,231232
3781,768799	-120,310944
3782,441711	-118,777473
3783,114624	-120,796654
3783,787537	-121,557610
3784,460449	-122,611115
3785,133362	-123,386490
3785,806274	-123,923637
3786,479187	-122,001892
3787,152100	-121,608368
3787,825012	-121,516998
3788,497925	-120,297638
3789,170837	-120,869400
3789,843750	-122,469460
3790,516663	-122,526276
3791,189575	-121,285530
3791,862488	-121,773315
3792,535400	-122,406990
3793,208313	-122,945190
3793,881226	-122,673782
3794,554138	-123,548294
3795,227051	-122,389931
3795,899963	-120,872124
3796,572876	-121,713554
3797,245789	-121,256622
3797,918701	-122,585938
3798,591614	-121,925613
3799,264526	-121,751930
3799,937439	-120,539787
3800,610352	-122,711418
3801,283264	-122,029785
3801,956177	-120,585495
3802,629089	-122,133171
3803,302002	-123,040596
3803,974915	-123,055878
3804,647827	-121,909554
3805,320740	-121,204849
3805,993652	-119,340263
3806,666565	-119,596786
3807,339478	-120,544769
3808,012390	-120,223618
3808,685303	-119,744202
3809,358215	-119,508575
3810,031128	-121,881584
3810,704041	-122,261009
3811,376953	-122,775581
3812,049866	-123,411385
3812,722778	-122,246460
3813,395691	-120,796944
3814,068604	-118,926079
3814,741516	-119,677986
3815,414429	-121,283981
3816,087341	-121,429245
3816,760254	-121,262383
3817,433167	-120,855453
3818,106079	-120,346558
3818,778992	-121,016792
3819,451904	-120,043907
3820,124817	-119,433380
3820,797729	-120,762871
3821,470642	-121,805557
3822,143555	-122,211456
3822,816467	-121,598228
3823,489380	-120,501915
3824,162292	-120,428391
3824,835205	-120,354736
3825,508118	-121,783524
3826,181030	-120,982002
3826,853943	-121,468628
3827,526855	-122,075829
3828,199768	-121,941544
3828,872681	-120,709694
3829,545593	-120,531433
3830,218506	-121,265472
3830,891418	-124,493515
3831,564331	-123,185112
3832,237244	-121,819557
3832,910156	-121,057594
3833,583069	-121,212059
3834,255981	-120,679482
3834,928894	-120,511703
3835,601807	-120,460587
3836,274719	-121,373642
3836,947632	-120,211533
3837,620544	-120,694534
3838,293457	-120,522530
3838,966370	-121,522224
3839,639282	-123,140076
3840,312195	-122,920403
3840,985107	-119,631851
3841,658020	-119,154076
3842,330933	-120,825333
3843,003845	-120,723038
3843,676758	-121,433327
3844,349670	-123,037048
3845,022583	-121,752548
3845,695496	-121,716072
3846,368408	-121,300018
3847,041321	-119,985413
3847,714233	-124,103661
3848,387146	-124,126358
3849,060059	-122,607910
3849,732971	-121,469528
3850,405884	-120,986984
3851,078796	-120,001091
3851,751709	-120,145760
3852,424622	-122,878365
3853,097534	-122,645897
3853,770447	-120,876305
3854,443359	-121,667603
3855,116272	-121,001877
3855,789185	-122,016998
3856,462097	-121,573540
3857,135010	-120,714539
3857,807922	-120,708420
3858,480835	-119,526848
3859,153748	-122,598549
3859,826660	-123,753380
3860,499573	-121,777649
3861,172485	-120,698883
3861,845398	-122,037758
3862,518311	-121,679535
3863,191223	-121,182182
3863,864136	-121,012283
3864,537048	-119,475922
3865,209961	-120,357964
3865,882874	-122,424545
3866,555786	-123,586113
3867,228699	-123,169769
3867,901611	-121,495827
3868,574524	-122,278427
3869,247437	-121,301826
3869,920349	-121,430206
3870,593262	-122,204895
3871,266174	-120,201942
3871,939087	-120,819405
3872,612000	-120,415352
3873,284912	-120,728241
3873,957825	-119,634666
3874,630737	-120,108406
3875,303650	-121,201508
3875,976562	-121,133865
3876,649475	-120,109932
3877,322388	-120,321808
3877,995300	-121,366852
3878,668213	-123,621521
3879,341125	-123,966347
3880,014038	-121,930130
3880,686951	-121,154366
3881,359863	-121,544220
3882,032776	-122,743568
3882,705688	-123,775436
3883,378601	-123,490005
3884,051514	-122,216103
3884,724426	-121,437325
3885,397339	-121,118721
3886,070251	-121,470016
3886,743164	-121,348198
3887,416077	-119,727951
3888,088989	-120,899025
3888,761902	-121,829865
3889,434814	-121,108444
3890,107727	-120,174217
3890,780640	-121,811829
3891,453552	-121,676086
3892,126465	-121,636292
3892,799377	-120,032310
3893,472290	-119,481903
3894,145203	-122,491753
3894,818115	-123,886864
3895,491028	-122,423561
3896,163940	-121,659401
3896,836853	-120,818275
3897,509766	-120,248825
3898,182678	-121,327988
3898,855591	-121,210121
3899,528503	-121,247063
3900,201416	-121,797600
3900,874329	-123,030907
3901,547241	-122,750969
3902,220154	-122,132843
3902,893066	-122,040962
3903,565979	-121,188538
3904,238892	-120,627563
3904,911804	-121,442596
3905,584717	-122,613060
3906,257629	-122,144493
3906,930542	-122,136093
3907,603455	-122,026245
3908,276367	-121,396324
3908,949280	-120,695526
3909,622192	-121,159805
3910,295105	-122,418678
3910,968018	-122,098495
3911,640930	-121,947662
3912,313843	-122,579475
3912,986755	-121,488152
3913,659668	-121,730598
3914,332581	-119,666176
3915,005493	-121,776802
3915,678406	-122,152077
3916,351318	-123,182503
3917,024231	-122,274918
3917,697144	-122,651588
3918,370056	-121,227089
3919,042969	-120,353447
3919,715881	-121,669762
3920,388794	-121,591644
3921,061707	-123,122063
3921,734619	-121,855873
3922,407532	-121,420761
3923,080444	-121,630196
3923,753357	-121,201233
3924,426270	-121,852539
3925,099182	-123,008667
3925,772095	-121,771912
3926,445007	-121,444344
3927,117920	-122,293739
3927,790833	-122,151962
3928,463745	-121,298576
3929,136658	-121,162277
3929,809570	-121,465370
3930,482483	-119,902107
3931,155396	-119,842583
3931,828308	-120,082809
3932,501221	-120,911804
3933,174133	-120,408501
3933,847046	-120,416588
3934,519958	-121,613815
3935,192871	-123,410835
3935,865784	-124,002975
3936,538696	-123,269676
3937,211609	-121,475258
3937,884521	-120,134750
3938,557434	-119,303886
3939,230347	-120,691849
3939,903259	-122,451790
3940,576172	-119,713493
3941,249084	-120,502647
3941,921997	-120,982346
3942,594910	-122,185707
3943,267822	-121,917191
3943,940735	-122,253319
3944,613647	-120,278221
3945,286560	-120,304375
3945,959473	-121,116394
3946,632385	-123,211639
3947,305298	-124,765366
3947,978210	-122,845329
3948,651123	-121,752357
3949,324036	-123,055428
3949,996948	-122,315041
3950,669861	-120,710930
3951,342773	-120,683533
3952,015686	-120,355301
3952,688599	-120,872650
3953,361511	-121,327499
3954,034424	-122,283730
3954,707336	-120,190468
3955,380249	-120,528503
3956,053162	-120,734352
3956,726074	-120,965553
3957,398987	-121,863220
3958,071899	-121,846367
3958,744812	-121,424843
3959,417725	-121,717010
3960,090637	-120,775482
3960,763550	-120,688385
3961,436462	-121,499931
3962,109375	-121,212181
3962,782288	-120,610397
3963,455200	-122,547844
3964,128113	-122,115578
3964,801025	-122,833473
3965,473938	-120,210503
3966,146851	-121,868401
3966,819763	-124,070549
3967,492676	-121,596634
3968,165588	-120,426704
3968,838501	-121,713921
3969,511414	-122,485558
3970,184326	-123,470566
3970,857239	-121,315750
3971,530151	-121,704079
3972,203064	-122,940277
3972,875977	-123,377739
3973,548889	-120,957954
3974,221802	-122,752548
3974,894714	-121,990715
3975,567627	-122,349335
3976,240540	-123,827408
3976,913452	-122,162781
3977,586365	-120,626381
3978,259277	-120,879265
3978,932190	-121,510353
3979,605103	-121,226685
3980,278015	-120,668930
3980,950928	-120,990936
3981,623840	-121,715866
3982,296753	-121,266113
3982,969666	-121,388268
3983,642578	-122,451248
3984,315491	-123,491852
3984,988403	-122,407097
3985,661316	-120,075317
3986,334229	-119,890427
3987,007141	-122,042519
3987,680054	-122,896576
3988,352966	-120,486366
3989,025879	-119,905617
3989,698792	-121,061127
3990,371704	-122,856972
3991,044617	-121,273056
3991,717529	-120,597649
3992,390442	-120,355759
3993,063354	-119,739090
3993,736267	-118,310303
3994,409180	-119,546021
3995,082092	-120,967178
3995,755005	-121,108826
3996,427917	-122,119812
3997,100830	-121,023361
3997,773743	-122,856735
3998,446655	-123,920654
3999,119568	-122,261597
3999,792480	-121,445015
4000,465393	-121,726013
4001,138306	-121,966698
4001,811218	-121,964760
4002,484131	-121,059174
4003,157043	-121,853249
4003,829956	-120,783218
4004,502869	-121,360260
4005,175781	-122,534424
4005,848694	-122,028725
4006,521606	-121,661522
4007,194519	-122,562256
4007,867432	-122,594154
4008,540344	-120,905388
4009,213257	-122,523277
4009,886169	-122,256836
4010,559082	-121,970886
4011,231995	-123,068443
4011,904907	-123,924599
4012,577820	-121,261414
4013,250732	-121,615715
4013,923645	-120,725929
4014,596558	-121,284637
4015,269470	-120,861008
4015,942383	-120,667976
4016,615295	-122,344643
4017,288208	-124,033134
4017,961121	-123,426331
4018,634033	-123,005493
4019,306946	-123,365829
4019,979858	-121,101616
4020,652771	-121,849678
4021,325684	-121,156227
4021,998596	-121,160019
4022,671509	-119,550674
4023,344421	-119,451317
4024,017334	-120,690132
4024,690247	-120,416702
4025,363159	-121,001076
4026,036072	-120,380615
4026,708984	-122,170807
4027,381897	-124,468849
4028,054810	-123,534325
4028,727722	-123,176079
4029,400635	-120,959534
4030,073547	-121,291298
4030,746460	-122,089867
4031,419373	-122,192856
4032,092285	-121,087090
4032,765198	-119,938606
4033,438110	-121,767670
4034,111023	-121,793259
4034,783936	-122,280411
4035,456848	-121,159317
4036,129761	-120,304146
4036,802673	-121,429268
4037,475586	-120,548981
4038,148499	-120,082657
4038,821411	-121,126839
4039,494324	-121,681206
4040,167236	-123,251678
4040,840149	-122,642281
4041,513062	-121,959450
4042,185974	-121,521873
4042,858887	-120,892632
4043,531799	-122,321938
4044,204712	-122,148293
4044,877625	-121,371307
4045,550537	-121,058662
4046,223450	-122,485535
4046,896362	-121,129059
4047,569275	-120,732056
4048,242188	-120,715302
4048,915100	-122,638321
4049,588013	-123,150131
4050,260925	-122,521866
4050,933838	-122,106567
4051,606750	-120,798149
4052,279663	-121,488762
4052,952576	-121,770325
4053,625488	-122,325127
4054,298401	-121,555344
4054,971313	-121,918724
4055,644226	-123,300713
4056,317139	-122,235558
4056,990051	-121,721138
4057,662964	-121,474129
4058,335876	-121,894104
4059,008789	-120,576012
4059,681702	-120,915375
4060,354614	-122,576042
4061,027527	-121,767921
4061,700439	-123,136505
4062,373352	-121,718597
4063,046265	-120,043152
4063,719177	-122,792839
4064,392090	-122,889145
4065,065002	-120,624252
4065,737915	-121,533432
4066,410828	-121,952812
4067,083740	-120,608307
4067,756653	-119,503250
4068,429565	-121,253609
4069,102478	-122,012436
4069,775391	-121,035767
4070,448303	-121,249519
4071,121216	-120,252510
4071,794128	-121,822021
4072,467041	-121,074677
4073,139954	-121,821106
4073,812866	-122,390694
4074,485779	-122,902473
4075,158691	-123,849510
4075,831604	-123,248863
4076,504517	-122,553711
4077,177429	-121,570000
4077,850342	-121,738556
4078,523254	-120,920532
4079,196167	-120,687042
4079,869080	-122,270882
4080,541992	-122,083344
4081,214905	-120,815727
4081,887817	-121,591949
4082,560730	-122,339363
4083,233643	-122,046898
4083,906555	-123,367714
4084,579468	-124,098129
4085,252380	-123,050858
4085,925293	-120,169106
4086,598206	-120,799965
4087,271118	-120,112579
4087,944031	-121,437782
4088,616943	-122,726311
4089,289856	-122,955399
4089,962769	-121,525169
4090,635681	-120,918037
4091,308594	-121,828018
4091,981506	-121,489449
4092,654419	-121,017593
4093,327332	-121,969986
4094,000244	-120,783241
4094,673157	-120,959167
4095,346069	-123,095848
4096,018982	-122,585457
4096,691895	-120,388138
4097,364807	-119,339561
4098,037720	-121,425201
4098,710632	-120,905067
4099,383545	-122,177574
4100,056458	-122,844856
4100,729370	-123,131653
4101,402283	-123,105309
4102,075195	-121,277069
4102,748108	-120,596466
4103,421021	-122,128685
4104,093933	-122,268402
4104,766846	-121,686928
4105,439758	-121,005051
4106,112671	-122,879913
4106,785583	-123,183243
4107,458496	-121,143852
4108,131409	-121,126343
4108,804321	-121,872841
4109,477234	-121,898499
4110,150146	-120,295860
4110,823059	-121,050964
4111,495972	-121,617744
4112,168884	-121,828468
4112,841797	-123,360695
4113,514709	-122,548759
4114,187622	-122,709694
4114,860535	-122,264511
4115,533447	-123,384583
4116,206360	-121,641884
4116,879272	-122,205399
4117,552185	-120,853752
4118,225098	-120,345673
4118,898010	-122,958267
4119,570923	-123,743202
4120,243835	-122,849052
4120,916748	-122,652184
4121,589661	-122,897575
4122,262573	-122,091553
4122,935486	-122,173042
4123,608398	-122,458656
4124,281311	-121,742744
4124,954224	-120,684578
4125,627136	-120,014603
4126,300049	-121,714561
4126,972961	-123,190247
4127,645874	-122,661369
4128,318787	-120,899368
4128,991699	-121,262566
4129,664612	-121,980675
4130,337524	-123,256348
4131,010437	-123,456299
4131,683350	-121,916794
4132,356262	-121,795021
4133,029175	-121,076736
4133,702087	-121,748924
4134,375000	-121,294098
4135,047913	-120,811760
4135,720825	-121,099846
4136,393738	-121,496376
4137,066650	-124,207993
4137,739563	-121,933327
4138,412476	-121,178757
4139,085388	-120,976021
4139,758301	-122,275978
4140,431213	-122,193855
4141,104126	-120,701752
4141,777039	-120,048843
4142,449951	-121,904793
4143,122864	-122,553551
4143,795776	-121,764557
4144,468689	-120,973267
4145,141602	-122,248718
4145,814514	-121,571556
4146,487427	-121,933807
4147,160339	-122,149498
4147,833252	-121,838806
4148,506165	-121,522430
4149,179077	-122,187675
4149,851990	-123,938934
4150,524902	-122,382919
4151,197815	-121,712456
4151,870728	-120,704208
4152,543640	-122,024513
4153,216553	-122,661720
4153,889465	-123,493546
4154,562378	-121,944916
4155,235291	-121,452637
4155,908203	-122,367851
4156,581116	-120,731804
4157,254028	-120,138092
4157,926941	-120,335587
4158,599854	-120,958443
4159,272766	-121,925575
4159,945679	-121,864677
4160,618591	-121,069473
4161,291504	-121,090851
4161,964417	-120,543655
4162,637329	-122,054924
4163,310242	-124,055748
4163,983154	-121,006767
4164,656067	-120,640877
4165,328979	-121,381973
4166,001892	-120,869095
4166,674805	-120,511398
4167,347717	-120,181984
4168,020630	-120,755714
4168,693542	-121,835892
4169,366455	-122,057671
4170,039368	-122,343742
4170,712280	-121,111107
4171,385193	-121,525658
4172,058105	-121,658173
4172,731018	-122,061928
4173,403931	-122,111969
4174,076843	-120,742516
4174,749756	-122,910027
4175,422668	-124,168633
4176,095581	-121,751854
4176,768494	-121,680199
4177,441406	-120,977478
4178,114319	-120,791580
4178,787231	-122,431702
4179,460144	-123,198257
4180,133057	-122,125465
4180,805969	-121,714294
4181,478882	-122,797592
4182,151794	-123,199699
4182,824707	-123,706223
4183,497620	-123,842331
4184,170532	-122,218437
4184,843445	-121,854973
4185,516357	-121,832161
4186,189270	-121,575661
4186,862183	-122,570938
4187,535095	-120,947784
4188,208008	-119,924454
4188,880920	-119,672112
4189,553833	-121,718819
4190,226746	-122,686676
4190,899658	-121,681969
4191,572571	-121,923065
4192,245483	-121,098892
4192,918396	-120,735039
4193,591309	-120,739082
4194,264221	-120,071434
4194,937134	-122,222275
4195,610046	-121,022148
4196,282959	-123,342995
4196,955872	-122,043236
4197,628784	-120,513641
4198,301697	-120,998749
4198,974609	-120,231194
4199,647522	-121,459183
4200,320435	-121,316795
4200,993347	-121,303978
4201,666260	-121,747787
4202,339172	-121,425339
4203,012085	-121,993744
4203,684998	-121,633560
4204,357910	-119,316086
4205,030823	-119,831688
4205,703735	-122,326401
4206,376648	-123,582245
4207,049561	-123,740852
4207,722473	-122,440895
4208,395386	-122,484024
4209,068298	-122,213997
4209,741211	-122,142197
4210,414124	-121,857208
4211,087036	-121,580154
4211,759949	-121,046654
4212,432861	-121,505852
4213,105774	-122,811241
4213,778687	-122,513954
4214,451599	-122,047592
4215,124512	-122,009521
4215,797424	-122,398033
4216,470337	-120,923721
4217,143250	-120,028320
4217,816162	-120,966660
4218,489075	-121,712280
4219,161987	-123,702171
4219,834900	-121,819389
4220,507812	-120,230011
4221,180725	-120,893372
4221,853638	-121,175392
4222,526550	-123,305252
4223,199463	-122,662865
4223,872375	-120,172325
4224,545288	-121,858856
4225,218201	-123,212143
4225,891113	-123,686516
4226,564026	-123,033066
4227,236938	-122,665092
4227,909851	-120,377716
4228,582764	-121,742470
4229,255676	-122,718124
4229,928589	-120,880608
4230,601501	-121,378036
4231,274414	-122,598541
4231,947327	-121,238518
4232,620239	-121,976036
4233,293152	-120,463875
4233,966064	-120,659866
4234,638977	-123,467842
4235,311890	-123,759697
4235,984802	-123,044174
4236,657715	-122,049309
4237,330627	-121,410912
4238,003540	-120,370529
4238,676453	-121,628426
4239,349365	-123,103111
4240,022278	-122,992332
4240,695190	-122,290222
4241,368103	-120,417900
4242,041016	-120,278717
4242,713928	-120,201820
4243,386841	-120,800995
4244,059753	-121,125130
4244,732666	-121,168312
4245,405579	-123,669151
4246,078491	-122,828690
4246,751404	-121,476334
4247,424316	-122,729538
4248,097229	-121,877907
4248,770142	-121,381546
4249,443054	-122,239540
4250,115967	-123,340515
4250,788879	-121,893585
4251,461792	-121,056107
4252,134705	-121,893547
4252,807617	-121,989883
4253,480530	-123,583351
4254,153442	-122,675034
4254,826355	-122,478462
4255,499268	-120,299561
4256,172180	-120,347794
4256,845093	-121,894196
4257,518005	-120,453682
4258,190918	-120,292427
4258,863831	-121,807251
4259,536743	-121,633286
4260,209656	-120,449722
4260,882568	-120,308929
4261,555481	-120,172844
4262,228394	-119,605957
4262,901306	-122,247131
4263,574219	-124,229927
4264,247131	-121,317017
4264,920044	-120,805382
4265,592957	-121,490074
4266,265869	-119,885155
4266,938782	-120,352165
4267,611694	-121,544922
4268,284607	-121,787750
4268,957520	-121,130455
4269,630432	-122,487640
4270,303345	-120,229553
4270,976257	-121,537956
4271,649170	-122,528732
4272,322083	-122,110596
4272,994995	-122,703140
4273,667908	-121,304817
4274,340820	-120,838921
4275,013733	-121,449013
4275,686646	-120,957367
4276,359558	-121,125359
4277,032471	-122,320663
4277,705383	-121,960251
4278,378296	-121,250023
4279,051208	-120,989677
4279,724121	-122,269974
4280,397034	-121,923637
4281,069946	-120,822975
4281,742859	-119,017410
4282,415771	-120,643631
4283,088684	-122,666153
4283,761597	-122,793205
4284,434509	-121,365776
4285,107422	-120,851883
4285,780334	-120,940865
4286,453247	-121,416878
4287,126160	-122,533356
4287,799072	-123,267517
4288,471985	-121,900528
4289,144897	-121,982193
4289,817810	-123,920372
4290,490723	-123,249336
4291,163635	-122,494049
4291,836548	-124,686157
4292,509460	-122,514992
4293,182373	-122,197121
4293,855286	-122,491325
4294,528198	-120,905746
4295,201111	-119,539375
4295,874023	-119,843750
4296,546936	-121,878334
4297,219849	-122,414513
4297,892761	-122,496384
4298,565674	-122,831619
4299,238586	-120,904961
4299,911499	-120,039902
4300,584412	-121,201927
4301,257324	-123,099602
4301,930237	-122,416580
4302,603149	-121,515961
4303,276062	-121,009247
4303,948975	-121,352844
4304,621887	-122,852104
4305,294800	-122,518616
4305,967712	-121,157066
4306,640625	-120,842339
4307,313538	-121,119362
4307,986450	-121,214622
4308,659363	-122,335037
4309,332275	-122,435165
4310,005188	-123,396507
4310,678101	-122,412727
4311,351013	-122,890793
4312,023926	-121,483620
4312,696838	-121,785629
4313,369751	-121,247604
4314,042664	-121,454620
4314,715576	-121,200462
4315,388489	-121,119492
4316,061401	-121,989281
4316,734314	-122,482422
4317,407227	-123,426308
4318,080139	-123,042213
4318,753052	-123,260071
4319,425964	-121,122345
4320,098877	-120,977242
4320,771790	-121,694237
4321,444702	-122,832520
4322,117615	-122,578773
4322,790527	-121,625229
4323,463440	-121,245010
4324,136353	-123,164696
4324,809265	-121,871315
4325,482178	-122,228592
4326,155090	-122,150284
4326,828003	-121,640495
4327,500916	-121,809021
4328,173828	-121,605095
4328,846741	-121,215080
4329,519653	-120,665375
4330,192566	-119,955124
4330,865479	-120,712448
4331,538391	-120,980064
4332,211304	-123,271164
4332,884216	-124,062508
4333,557129	-123,092300
4334,230042	-122,170044
4334,902954	-123,304497
4335,575867	-120,905243
4336,248779	-121,257278
4336,921692	-121,212936
4337,594604	-121,435577
4338,267517	-121,811676
4338,940430	-121,984924
4339,613342	-124,094009
4340,286255	-121,995964
4340,959167	-121,406326
4341,632080	-120,924995
4342,304993	-120,640633
4342,977905	-120,313828
4343,650818	-119,940865
4344,323730	-120,339775
4344,996643	-119,889381
4345,669556	-120,647133
4346,342468	-121,179161
4347,015381	-119,798447
4347,688293	-119,075935
4348,361206	-120,526840
4349,034119	-121,311813
4349,707031	-121,980339
4350,379944	-123,013199
4351,052856	-122,072075
4351,725769	-121,520233
4352,398682	-121,276344
4353,071594	-121,592484
4353,744507	-121,201859
4354,417419	-119,453682
4355,090332	-120,801926
4355,763245	-123,116272
4356,436157	-122,598022
4357,109070	-121,871696
4357,781982	-121,696663
4358,454895	-122,400055
4359,127808	-121,234398
4359,800720	-121,769783
4360,473633	-120,848183
4361,146545	-119,304512
4361,819458	-120,753670
4362,492371	-121,896446
4363,165283	-121,194427
4363,838196	-122,106773
4364,511108	-120,100204
4365,184021	-119,041740
4365,856934	-119,966942
4366,529846	-121,399994
4367,202759	-122,026306
4367,875671	-121,348099
4368,548584	-122,414368
4369,221497	-122,165512
4369,894409	-121,491982
4370,567322	-120,473007
4371,240234	-120,496033
4371,913147	-120,159958
4372,586060	-120,163025
4373,258972	-122,728622
4373,931885	-122,176079
4374,604797	-122,131897
4375,277710	-121,594162
4375,950623	-121,572220
4376,623535	-124,691338
4377,296448	-124,293793
4377,969360	-123,986557
4378,642273	-123,816605
4379,315186	-122,391037
4379,988098	-123,487656
4380,661011	-121,126793
4381,333923	-121,160606
4382,006836	-121,514587
4382,679749	-121,652908
4383,352661	-122,477768
4384,025574	-122,278038
4384,698486	-121,655380
4385,371399	-121,444450
4386,044312	-121,915482
4386,717224	-121,970390
4387,390137	-120,280060
4388,063049	-121,352257
4388,735962	-122,963242
4389,408875	-121,470955
4390,081787	-119,816422
4390,754700	-119,290031
4391,427612	-121,387268
4392,100525	-121,731468
4392,773438	-121,717361
4393,446350	-122,560089
4394,119263	-123,790901
4394,792175	-120,717628
4395,465088	-119,305473
4396,138000	-120,635460
4396,810913	-122,276894
4397,483826	-121,206360
4398,156738	-121,057144
4398,829651	-122,063118
4399,502563	-122,172447
4400,175476	-121,414543
4400,848389	-122,949829
4401,521301	-121,295944
4402,194214	-120,370468
4402,867126	-121,806038
4403,540039	-122,468147
4404,212952	-121,046082
4404,885864	-120,667770
4405,558777	-120,728622
4406,231689	-121,553909
4406,904602	-121,453186
4407,577515	-121,095551
4408,250427	-121,137665
4408,923340	-120,450607
4409,596252	-121,330956
4410,269165	-123,403351
4410,942078	-120,305191
4411,614990	-119,540977
4412,287903	-121,070526
4412,960815	-122,821648
4413,633728	-122,635590
4414,306641	-123,441208
4414,979553	-123,581703
4415,652466	-121,383224
4416,325378	-120,814796
4416,998291	-121,448860
4417,671204	-122,271255
4418,344116	-120,713806
4419,017029	-120,712418
4419,689941	-122,604744
4420,362854	-121,876106
4421,035767	-122,037140
4421,708679	-122,347733
4422,381592	-122,306175
4423,054504	-122,241928
4423,727417	-121,879974
4424,400330	-124,268501
4425,073242	-121,791977
4425,746155	-122,543739
4426,419067	-121,976311
4427,091980	-121,757614
4427,764893	-122,722183
4428,437805	-123,529068
4429,110718	-122,530952
4429,783630	-121,556908
4430,456543	-122,407814
4431,129456	-122,820992
4431,802368	-120,054550
4432,475281	-119,913322
4433,148193	-121,924927
4433,821106	-121,979904
4434,494019	-121,134491
4435,166931	-122,464355
4435,839844	-123,009972
4436,512756	-122,292870
4437,185669	-121,542145
4437,858582	-122,037842
4438,531494	-122,673149
4439,204407	-121,931396
4439,877319	-121,356865
4440,550232	-121,679878
4441,223145	-121,790855
4441,896057	-122,317299
4442,568970	-122,962799
4443,241882	-122,978119
4443,914795	-119,970604
4444,587708	-120,034798
4445,260620	-121,764328
4445,933533	-122,987373
4446,606445	-121,292503
4447,279358	-120,342995
4447,952271	-119,687767
4448,625183	-121,923096
4449,298096	-122,893600
4449,971008	-122,666061
4450,643921	-122,502892
4451,316833	-123,716438
4451,989746	-123,868004
4452,662659	-121,345734
4453,335571	-120,674339
4454,008484	-121,171852
4454,681396	-122,806740
4455,354309	-121,788414
4456,027222	-122,308846
4456,700134	-122,272148
4457,373047	-123,474594
4458,045959	-122,475769
4458,718872	-120,606262
4459,391785	-121,573318
4460,064697	-122,305016
4460,737610	-120,713913
4461,410522	-121,780922
4462,083435	-123,021141
4462,756348	-121,525627
4463,429260	-120,790459
4464,102173	-121,216217
4464,775085	-121,235481
4465,447998	-121,487106
4466,120911	-120,099731
4466,793823	-118,932381
4467,466736	-121,290642
4468,139648	-121,161034
4468,812561	-121,439995
4469,485474	-122,573952
4470,158386	-124,517029
4470,831299	-123,425980
4471,504211	-122,565063
4472,177124	-121,159653
4472,850037	-120,371391
4473,522949	-119,646072
4474,195862	-120,397171
4474,868774	-120,290512
4475,541687	-121,768135
4476,214600	-122,730492
4476,887512	-121,940407
4477,560425	-121,611855
4478,233337	-121,275192
4478,906250	-121,405312
4479,579163	-121,765411
4480,252075	-119,421104
4480,924988	-120,113960
4481,597900	-121,873833
4482,270813	-121,391846
4482,943726	-122,253410
4483,616638	-122,428650
4484,289551	-121,580986
4484,962463	-121,249702
4485,635376	-120,870224
4486,308289	-122,325119
4486,981201	-122,390495
4487,654114	-121,804871
4488,327026	-121,717537
4488,999939	-121,977127
4489,672852	-123,453773
4490,345764	-123,468567
4491,018677	-121,114586
4491,691589	-120,885468
4492,364502	-119,576302
4493,037415	-120,686470
4493,710327	-120,193054
4494,383240	-120,071518
4495,056152	-120,639053
4495,729065	-120,874138
4496,401978	-122,623619
4497,074890	-122,403549
4497,747803	-121,350372
4498,420715	-121,137878
4499,093628	-122,277092
4499,766541	-121,414177
4500,439453	-121,504280
4501,112366	-122,487694
4501,785278	-121,731262
4502,458191	-120,976624
4503,131104	-120,239937
4503,804016	-119,818481
4504,476929	-120,821938
4505,149841	-121,124153
4505,822754	-122,078186
4506,495667	-122,289757
4507,168579	-121,724495
4507,841492	-121,135216
4508,514404	-121,810921
4509,187317	-122,049843
4509,860229	-120,452385
4510,533142	-120,618286
4511,206055	-122,647400
4511,878967	-123,601547
4512,551880	-122,848038
4513,224792	-122,202248
4513,897705	-120,392319
4514,570618	-121,852821
4515,243530	-121,310127
4515,916443	-121,039528
4516,589355	-122,089951
4517,262268	-122,481224
4517,935181	-121,749008
4518,608093	-121,522461
4519,281006	-123,638100
4519,953918	-123,162048
4520,626831	-122,095551
4521,299744	-121,920021
4521,972656	-120,849541
4522,645569	-122,073074
4523,318481	-122,841934
4523,991394	-122,672142
4524,664307	-119,813568
4525,337219	-122,077042
4526,010132	-122,088646
4526,683044	-122,467827
4527,355957	-121,582405
4528,028870	-122,739532
4528,701782	-123,461388
4529,374695	-122,771004
4530,047607	-121,828247
4530,720520	-122,381790
4531,393433	-122,300392
4532,066345	-121,661064
4532,739258	-121,426361
4533,412170	-121,565529
4534,085083	-121,731056
4534,757996	-120,061195
4535,430908	-120,584778
4536,103821	-121,097847
4536,776733	-121,889313
4537,449646	-122,193657
4538,122559	-122,322960
4538,795471	-122,294975
4539,468384	-120,771675
4540,141296	-121,817039
4540,814209	-121,900558
4541,487122	-122,009972
4542,160034	-121,300545
4542,832947	-121,765465
4543,505859	-122,529640
4544,178772	-122,734550
4544,851685	-122,350540
4545,524597	-122,249168
4546,197510	-122,670746
4546,870422	-123,210930
4547,543335	-122,423752
4548,216248	-124,060020
4548,889160	-121,836555
4549,562073	-122,445076
4550,234985	-121,209961
4550,907898	-120,726616
4551,580811	-121,309418
4552,253723	-122,783928
4552,926636	-123,204712
4553,599548	-121,675713
4554,272461	-122,786613
4554,945374	-121,535294
4555,618286	-120,946312
4556,291199	-121,040253
4556,964111	-121,047905
4557,637024	-121,459984
4558,309937	-121,747864
4558,982849	-123,792664
4559,655762	-122,615616
4560,328674	-120,973251
4561,001587	-120,947563
4561,674500	-120,120781
4562,347412	-121,521233
4563,020325	-122,713264
4563,693237	-123,038651
4564,366150	-121,614731
4565,039062	-121,220276
4565,711975	-122,914963
4566,384888	-121,938454
4567,057800	-123,663513
4567,730713	-121,056290
4568,403625	-120,616837
4569,076538	-119,537300
4569,749451	-119,396431
4570,422363	-121,063728
4571,095276	-121,250687
4571,768188	-119,491867
4572,441101	-120,722572
4573,114014	-122,815399
4573,786926	-122,303207
4574,459839	-122,040291
4575,132751	-123,936317
4575,805664	-122,222946
4576,478577	-121,397133
4577,151489	-122,683784
4577,824402	-122,416008
4578,497314	-122,431282
4579,170227	-121,879234
4579,843140	-122,685371
4580,516052	-121,607414
4581,188965	-122,220535
4581,861877	-123,766373
4582,534790	-121,796852
4583,207703	-119,981651
4583,880615	-120,249069
4584,553528	-121,502602
4585,226440	-122,734734
4585,899353	-121,954430
4586,572266	-122,554871
4587,245178	-123,566711
4587,918091	-122,029770
4588,591003	-119,793076
4589,263916	-119,788345
4589,936829	-121,674057
4590,609741	-123,534607
4591,282654	-122,567886
4591,955566	-121,707306
4592,628479	-120,222557
4593,301392	-119,484589
4593,974304	-120,788315
4594,647217	-122,407570
4595,320129	-122,281013
4595,993042	-121,768379
4596,665955	-120,339767
4597,338867	-123,421791
4598,011780	-122,313477
4598,684692	-122,696518
4599,357605	-122,168938
4600,030518	-122,633118
4600,703430	-120,864578
4601,376343	-122,245537
4602,049255	-122,703667
4602,722168	-121,520691
4603,395081	-122,024170
4604,067993	-122,554565
4604,740906	-122,893044
4605,413818	-119,610176
4606,086731	-120,627922
4606,759644	-122,124420
4607,432556	-121,457123
4608,105469	-122,774673
4608,778381	-123,651093
4609,451294	-122,354973
4610,124207	-120,769012
4610,797119	-120,695023
4611,470032	-121,441597
4612,142944	-122,682602
4612,815857	-123,029266
4613,488770	-121,605942
4614,161682	-120,937729
4614,834595	-121,269722
4615,507507	-120,647446
4616,180420	-120,256912
4616,853333	-121,714279
4617,526245	-122,280792
4618,199158	-122,307854
4618,872070	-123,226128
4619,544983	-123,781792
4620,217896	-122,547112
4620,890808	-121,898140
4621,563721	-123,325111
4622,236633	-123,795128
4622,909546	-121,983528
4623,582458	-120,724152
4624,255371	-120,274292
4624,928284	-120,389526
4625,601196	-118,999062
4626,274109	-119,555344
4626,947021	-121,577866
4627,619934	-122,261307
4628,292847	-123,017906
4628,965759	-121,074730
4629,638672	-120,174408
4630,311584	-121,603447
4630,984497	-123,687782
4631,657410	-122,809044
4632,330322	-121,690254
4633,003235	-122,484299
4633,676147	-123,328766
4634,349060	-123,080101
4635,021973	-120,949768
4635,694885	-120,499252
4636,367798	-121,042328
4637,040710	-124,292229
4637,713623	-121,865608
4638,386536	-121,818649
4639,059448	-121,750008
4639,732361	-120,070877
4640,405273	-120,730156
4641,078186	-121,618561
4641,751099	-120,669708
4642,424011	-119,929726
4643,096924	-121,473526
4643,769836	-121,597153
4644,442749	-121,096985
4645,115662	-121,216675
4645,788574	-120,341843
4646,461487	-120,780449
4647,134399	-122,166389
4647,807312	-121,669655
4648,480225	-121,890335
4649,153137	-122,341431
4649,826050	-122,302330
4650,498962	-123,055283
4651,171875	-121,371750
4651,844788	-120,997696
4652,517700	-123,370033
4653,190613	-123,170486
4653,863525	-123,538048
4654,536438	-122,168602
4655,209351	-121,487717
4655,882263	-121,667503
4656,555176	-121,120026
4657,228088	-120,001167
4657,901001	-120,732056
4658,573914	-120,835457
4659,246826	-121,956451
4659,919739	-121,009872
4660,592651	-120,258667
4661,265564	-122,899788
4661,938477	-123,553436
4662,611389	-123,260803
4663,284302	-120,197838
4663,957214	-120,614372
4664,630127	-122,006744
4665,303040	-120,897400
4665,975952	-121,205948
4666,648865	-121,607895
4667,321777	-122,549789
4667,994690	-121,888588
4668,667603	-121,463676
4669,340515	-121,648109
4670,013428	-121,980598
4670,686340	-122,438675
4671,359253	-123,515137
4672,032166	-123,815842
4672,705078	-123,056686
4673,377991	-121,678322
4674,050903	-122,014778
4674,723816	-120,774544
4675,396729	-119,517372
4676,069641	-120,947578
4676,742554	-122,493607
4677,415466	-122,900543
4678,088379	-122,415138
4678,761292	-121,419716
4679,434204	-122,099014
4680,107117	-119,979187
4680,780029	-121,491425
4681,452942	-121,409836
4682,125854	-122,747314
4682,798767	-121,863007
4683,471680	-123,666328
4684,144592	-123,340179
4684,817505	-123,240730
4685,490417	-122,673531
4686,163330	-123,867897
4686,836243	-123,065819
4687,509155	-121,165031
4688,182068	-121,648239
4688,854980	-121,392387
4689,527893	-120,732338
4690,200806	-122,145874
4690,873718	-121,319633
4691,546631	-121,666397
4692,219543	-122,736931
4692,892456	-123,000076
4693,565369	-123,300529
4694,238281	-123,066490
4694,911194	-122,505325
4695,584106	-121,672455
4696,257019	-120,210388
4696,929932	-120,592079
4697,602844	-120,438690
4698,275757	-121,621857
4698,948669	-121,875496
4699,621582	-122,634903
4700,294495	-123,731155
4700,967407	-124,077728
4701,640320	-122,105133
4702,313232	-122,269539
4702,986145	-122,795280
4703,659058	-121,936646
4704,331970	-123,933487
4705,004883	-122,747429
4705,677795	-120,765564
4706,350708	-120,088417
4707,023621	-119,919449
4707,696533	-120,915398
4708,369446	-122,866135
4709,042358	-123,588417
4709,715271	-120,745834
4710,388184	-119,940750
4711,061096	-121,718269
4711,734009	-123,543190
4712,406921	-122,595337
4713,079834	-120,347778
4713,752747	-119,511009
4714,425659	-122,112312
4715,098572	-122,730507
4715,771484	-122,417107
4716,444397	-122,059662
4717,117310	-121,457092
4717,790222	-121,429924
4718,463135	-122,594971
4719,136047	-121,201874
4719,808960	-120,713058
4720,481873	-121,756119
4721,154785	-121,843422
4721,827698	-121,776260
4722,500610	-121,062950
4723,173523	-119,356110
4723,846436	-120,630623
4724,519348	-123,126984
4725,192261	-122,900597
4725,865173	-122,564323
4726,538086	-122,325279
4727,210999	-123,536011
4727,883911	-122,237694
4728,556824	-119,506050
4729,229736	-120,358757
4729,902649	-120,995239
4730,575562	-121,119644
4731,248474	-121,591614
4731,921387	-120,717407
4732,594299	-120,646629
4733,267212	-121,735893
4733,940125	-122,489326
4734,613037	-123,363701
4735,285950	-121,800690
4735,958862	-121,510193
4736,631775	-121,287476
4737,304688	-121,707832
4737,977600	-120,234299
4738,650513	-119,875786
4739,323425	-122,353279
4739,996338	-121,848419
4740,669250	-121,163689
4741,342163	-120,771912
4742,015076	-120,491127
4742,687988	-121,970413
4743,360901	-120,564018
4744,033813	-120,497070
4744,706726	-120,391426
4745,379639	-121,655823
4746,052551	-121,892220
4746,725464	-121,813660
4747,398376	-122,711578
4748,071289	-123,160683
4748,744202	-123,690704
4749,417114	-122,667931
4750,090027	-122,864357
4750,762939	-122,133278
4751,435852	-122,726761
4752,108765	-121,147415
4752,781677	-121,733536
4753,454590	-122,873291
4754,127502	-123,453506
4754,800415	-122,467285
4755,473328	-123,038506
4756,146240	-122,442986
4756,819153	-122,657410
4757,492065	-121,769485
4758,164978	-120,437668
4758,837891	-121,823982
4759,510803	-121,595451
4760,183716	-121,962212
4760,856628	-122,004135
4761,529541	-121,745903
4762,202454	-122,418594
4762,875366	-122,896576
4763,548279	-121,756783
4764,221191	-121,496185
4764,894104	-121,997513
4765,567017	-122,771988
4766,239929	-122,040901
4766,912842	-122,271881
4767,585754	-122,393059
4768,258667	-121,936295
4768,931580	-120,784790
4769,604492	-119,131729
4770,277405	-120,842598
4770,950317	-122,741356
4771,623230	-122,343887
4772,296143	-123,467644
4772,969055	-122,119797
4773,641968	-121,959473
4774,314880	-122,328712
4774,987793	-122,954887
4775,660706	-123,248695
4776,333618	-121,414932
4777,006531	-123,178337
4777,679443	-121,784836
4778,352356	-121,978882
4779,025269	-122,024231
4779,698181	-122,008049
4780,371094	-122,677330
4781,044006	-122,113716
4781,716919	-122,051414
4782,389832	-119,956017
4783,062744	-120,942207
4783,735657	-122,467766
4784,408569	-122,718788
4785,081482	-122,508194
4785,754395	-122,667587
4786,427307	-122,474739
4787,100220	-122,720642
4787,773132	-123,120628
4788,446045	-121,924049
4789,118958	-120,488937
4789,791870	-120,622429
4790,464783	-121,975746
4791,137695	-121,823105
4791,810608	-121,956589
4792,483521	-122,373070
4793,156433	-122,578339
4793,829346	-122,127655
4794,502258	-122,053589
4795,175171	-121,618668
4795,848083	-122,689011
4796,520996	-124,406586
4797,193909	-124,215790
4797,866821	-121,924606
4798,539734	-120,601051
4799,212646	-121,644394
4799,885559	-122,333328
4800,558472	-120,867462
4801,231384	-120,422142
4801,904297	-121,159821
4802,577209	-121,473221
4803,250122	-121,073242
4803,923035	-121,202988
4804,595947	-120,778877
4805,268860	-121,369781
4805,941772	-122,900032
4806,614685	-122,742401
4807,287598	-120,761467
4807,960510	-120,329811
4808,633423	-123,380569
4809,306335	-122,884987
4809,979248	-120,610863
4810,652161	-122,599197
4811,325073	-123,853508
4811,997986	-121,390282
4812,670898	-121,534637
4813,343811	-121,233620
4814,016724	-121,037750
4814,689636	-121,668518
4815,362549	-121,521034
4816,035461	-120,895615
4816,708374	-121,492813
4817,381287	-121,005814
4818,054199	-121,214355
4818,727112	-123,515427
4819,400024	-123,883499
4820,072937	-122,115837
4820,745850	-122,076080
4821,418762	-123,167770
4822,091675	-122,513260
4822,764587	-121,850395
4823,437500	-121,664558
4824,110413	-122,342491
4824,783325	-123,362816
4825,456238	-123,527245
4826,129150	-123,758736
4826,802063	-123,013901
4827,474976	-123,872124
4828,147888	-123,328690
4828,820801	-121,518547
4829,493713	-118,949966
4830,166626	-119,787498
4830,839539	-121,248421
4831,512451	-122,391518
4832,185364	-122,993568
4832,858276	-122,637955
4833,531189	-121,298218
4834,204102	-121,033440
4834,877014	-121,035759
4835,549927	-121,703819
4836,222839	-122,009064
4836,895752	-121,711731
4837,568665	-120,233208
4838,241577	-120,493484
4838,914490	-122,651306
4839,587402	-122,844482
4840,260315	-121,680038
4840,933228	-120,935417
4841,606140	-120,697800
4842,279053	-120,279381
4842,951965	-120,183319
4843,624878	-122,230110
4844,297791	-121,255707
4844,970703	-122,503754
4845,643616	-122,889099
4846,316528	-122,056114
4846,989441	-122,036224
4847,662354	-124,074677
4848,335266	-122,234558
4849,008179	-120,311539
4849,681091	-121,174438
4850,354004	-121,041710
4851,026917	-122,285149
4851,699829	-121,763725
4852,372742	-121,835632
4853,045654	-122,417084
4853,718567	-123,245316
4854,391479	-121,887207
4855,064392	-122,336472
4855,737305	-122,442177
4856,410217	-121,969490
4857,083130	-120,550163
4857,756042	-119,958672
4858,428955	-121,754868
4859,101868	-121,843079
4859,774780	-122,465485
4860,447693	-122,273643
4861,120605	-122,599159
4861,793518	-123,113815
4862,466431	-121,965141
4863,139343	-121,792366
4863,812256	-123,047234
4864,485168	-121,889801
4865,158081	-122,575195
4865,830994	-121,467514
4866,503906	-122,391747
4867,176819	-121,868904
4867,849731	-122,006142
4868,522644	-124,799637
4869,195557	-122,373116
4869,868469	-121,573143
4870,541382	-121,789749
4871,214294	-123,521736
4871,887207	-124,228409
4872,560120	-123,577469
4873,233032	-122,668312
4873,905945	-121,250717
4874,578857	-120,915359
4875,251770	-120,479362
4875,924683	-122,031342
4876,597595	-122,298218
4877,270508	-123,419380
4877,943420	-122,149582
4878,616333	-120,897179
4879,289246	-120,184937
4879,962158	-120,412155
4880,635071	-122,306580
4881,307983	-122,663284
4881,980896	-120,633850
4882,653809	-122,172417
4883,326721	-122,346581
4883,999634	-121,484474
4884,672546	-122,821915
4885,345459	-120,696136
4886,018372	-120,411629
4886,691284	-121,264565
4887,364197	-119,499207
4888,037109	-119,693428
4888,710022	-120,742477
4889,382935	-123,341652
4890,055847	-123,657509
4890,728760	-121,776535
4891,401672	-121,503883
4892,074585	-122,073586
4892,747498	-121,672028
4893,420410	-121,698898
4894,093323	-121,512848
4894,766235	-121,375389
4895,439148	-122,165344
4896,112061	-121,412086
4896,784973	-120,614670
4897,457886	-121,269180
4898,130798	-122,722748
4898,803711	-122,417145
4899,476624	-122,025963
4900,149536	-121,149841
4900,822449	-122,142662
4901,495361	-122,881592
4902,168274	-121,011612
4902,841187	-122,351364
4903,514099	-121,744820
4904,187012	-122,398865
4904,859924	-122,680855
4905,532837	-120,823074
4906,205750	-122,207878
4906,878662	-122,445480
4907,551575	-122,197708
4908,224487	-122,146935
4908,897400	-122,073700
4909,570312	-122,152191
4910,243225	-121,191658
4910,916138	-122,337395
4911,589050	-122,947617
4912,261963	-121,883743
4912,934875	-121,471420
4913,607788	-121,155365
4914,280701	-121,639847
4914,953613	-122,646629
4915,626526	-122,573586
4916,299438	-122,600815
4916,972351	-123,186218
4917,645264	-120,951935
4918,318176	-120,367607
4918,991089	-122,583595
4919,664001	-123,777672
4920,336914	-123,464706
4921,009827	-121,969391
4921,682739	-121,165398
4922,355652	-122,133263
4923,028564	-121,912148
4923,701477	-120,820160
4924,374390	-120,025932
4925,047302	-120,778419
4925,720215	-121,713966
4926,393127	-123,677406
4927,066040	-121,442978
4927,738953	-122,813698
4928,411865	-122,234734
4929,084778	-120,523827
4929,757690	-119,483437
4930,430603	-120,570885
4931,103516	-122,379921
4931,776428	-121,755516
4932,449341	-121,939995
4933,122253	-122,344261
4933,795166	-120,182892
4934,468079	-120,569214
4935,140991	-120,888985
4935,813904	-121,141136
4936,486816	-119,770912
4937,159729	-120,388794
4937,832642	-122,412041
4938,505554	-122,862541
4939,178467	-124,765015
4939,851379	-122,345123
4940,524292	-121,350815
4941,197205	-122,614067
4941,870117	-123,330925
4942,543030	-122,939857
4943,215942	-122,358414
4943,888855	-121,970146
4944,561768	-122,206558
4945,234680	-122,349625
4945,907593	-120,847710
4946,580505	-120,351608
4947,253418	-123,792297
4947,926331	-123,117500
4948,599243	-121,968681
4949,272156	-122,021492
4949,945068	-121,523331
4950,617981	-120,550629
4951,290894	-121,472305
4951,963806	-123,715919
4952,636719	-123,408325
4953,309631	-120,243385
4953,982544	-120,283630
4954,655457	-121,350548
4955,328369	-121,240746
4956,001282	-123,122589
4956,674194	-121,443237
4957,347107	-121,803833
4958,020020	-120,869888
4958,692932	-120,416245
4959,365845	-120,746162
4960,038757	-121,184265
4960,711670	-122,262573
4961,384583	-122,457222
4962,057495	-121,509590
4962,730408	-120,420692
4963,403320	-122,366516
4964,076233	-122,501305
4964,749146	-122,074432
4965,422058	-121,616837
4966,094971	-123,089279
4966,767883	-123,145805
4967,440796	-121,614784
4968,113708	-122,266632
4968,786621	-121,052338
4969,459534	-122,225533
4970,132446	-121,049660
4970,805359	-120,959190
4971,478271	-120,956055
4972,151184	-121,261124
4972,824097	-120,555534
4973,497009	-121,513763
4974,169922	-121,303009
4974,842834	-122,045525
4975,515747	-122,690941
4976,188660	-122,832565
4976,861572	-122,620132
4977,534485	-122,969788
4978,207397	-120,543152
4978,880310	-121,258690
4979,553223	-121,949936
4980,226135	-122,445236
4980,899048	-121,685402
4981,571960	-121,044174
4982,244873	-120,499573
4982,917786	-120,937584
4983,590698	-122,286743
4984,263611	-122,475601
4984,936523	-122,206673
4985,609436	-122,164337
4986,282349	-121,230087
4986,955261	-120,490051
4987,628174	-120,912262
4988,301086	-122,797531
4988,973999	-121,738159
4989,646912	-121,869690
4990,319824	-121,400635
4990,992737	-122,047310
4991,665649	-123,295845
4992,338562	-122,428024
4993,011475	-121,484314
4993,684387	-120,901314
4994,357300	-123,046394
4995,030212	-122,690872
4995,703125	-121,076820
4996,376038	-121,764351
4997,048950	-122,632889
4997,721863	-122,512138
4998,394775	-121,197487
4999,067688	-121,690399
4999,740601	-121,849739
5000,413513	-120,096611
5001,086426	-120,779823
5001,759338	-123,589096
5002,432251	-123,169746
5003,105164	-121,142998
5003,778076	-121,512070
5004,450989	-121,704849
5005,123901	-123,301064
5005,796814	-121,479439
5006,469727	-122,996346
5007,142639	-124,083313
5007,815552	-122,730911
5008,488464	-121,456528
5009,161377	-122,472488
5009,834290	-123,663483
5010,507202	-122,608345
5011,180115	-122,096214
5011,853027	-122,354523
5012,525940	-123,008278
5013,198853	-122,025261
5013,871765	-121,565071
5014,544678	-121,517220
5015,217590	-121,672821
5015,890503	-120,772636
5016,563416	-123,593124
5017,236328	-125,977417
5017,909241	-123,835922
5018,582153	-122,821991
5019,255066	-123,649567
5019,927979	-123,553352
5020,600891	-122,015968
5021,273804	-122,047165
5021,946716	-122,646049
5022,619629	-123,242966
5023,292542	-122,236359
5023,965454	-122,811172
5024,638367	-121,934036
5025,311279	-122,501488
5025,984192	-122,725456
5026,657104	-123,355820
5027,330017	-123,522949
5028,002930	-122,446800
5028,675842	-122,101448
5029,348755	-123,301094
5030,021667	-122,771614
5030,694580	-122,458771
5031,367493	-121,799622
5032,040405	-120,802681
5032,713318	-120,952660
5033,386230	-121,417099
5034,059143	-123,737068
5034,732056	-123,312813
5035,404968	-122,959564
5036,077881	-122,395645
5036,750793	-122,003250
5037,423706	-123,026100
5038,096619	-122,009979
5038,769531	-122,699165
5039,442444	-122,015198
5040,115356	-120,384155
5040,788269	-121,010956
5041,461182	-123,070633
5042,134094	-123,528221
5042,807007	-123,240753
5043,479919	-121,552895
5044,152832	-121,056915
5044,825745	-121,882095
5045,498657	-121,589317
5046,171570	-122,645195
5046,844482	-122,102173
5047,517395	-120,280373
5048,190308	-121,819283
5048,863220	-121,443291
5049,536133	-120,904289
5050,209045	-120,650558
5050,881958	-121,066116
5051,554871	-122,300652
5052,227783	-120,597603
5052,900696	-121,403442
5053,573608	-122,579346
5054,246521	-122,247169
5054,919434	-122,859863
5055,592346	-122,530861
5056,265259	-121,794426
5056,938171	-120,754860
5057,611084	-120,852715
5058,283997	-120,975578
5058,956909	-120,857124
5059,629822	-122,123627
5060,302734	-122,533340
5060,975647	-121,539467
5061,648560	-122,174164
5062,321472	-122,536125
5062,994385	-122,178604
5063,667297	-121,970131
5064,340210	-122,315262
5065,013123	-122,960220
5065,686035	-122,205780
5066,358948	-123,184624
5067,031860	-123,430092
5067,704773	-123,106590
5068,377686	-122,410805
5069,050598	-123,964401
5069,723511	-122,406410
5070,396423	-123,094055
5071,069336	-123,969032
5071,742249	-122,665154
5072,415161	-122,106544
5073,088074	-122,140877
5073,760986	-121,287331
5074,433899	-122,241211
5075,106812	-123,415825
5075,779724	-121,808746
5076,452637	-122,904915
5077,125549	-123,454948
5077,798462	-122,575638
5078,471375	-121,578239
5079,144287	-122,086884
5079,817200	-123,484192
5080,490112	-123,936981
5081,163025	-123,262459
5081,835938	-122,722389
5082,508850	-121,664253
5083,181763	-121,063751
5083,854675	-122,142937
5084,527588	-125,272766
5085,200500	-124,531799
5085,873413	-122,654915
5086,546326	-122,119774
5087,219238	-121,856796
5087,892151	-123,864464
5088,565063	-122,040871
5089,237976	-122,138809
5089,910889	-120,702209
5090,583801	-121,036896
5091,256714	-121,748428
5091,929626	-122,302010
5092,602539	-123,037125
5093,275452	-122,733170
5093,948364	-121,090546
5094,621277	-121,205063
5095,294189	-121,776802
5095,967102	-120,810562
5096,640015	-121,612137
5097,312927	-123,475433
5097,985840	-120,591537
5098,658752	-121,151039
5099,331665	-123,455811
5100,004578	-123,044693
5100,677490	-123,084099
5101,350403	-122,194016
5102,023315	-122,119232
5102,696228	-122,960495
5103,369141	-122,140282
5104,042053	-121,827194
5104,714966	-122,512413
5105,387878	-123,873161
5106,060791	-123,625008
5106,733704	-122,232117
5107,406616	-120,588066
5108,079529	-120,484184
5108,752441	-119,883926
5109,425354	-123,415039
5110,098267	-122,455467
5110,771179	-120,429878
5111,444092	-120,851402
5112,117004	-122,505051
5112,789917	-122,534500
5113,462830	-123,620773
5114,135742	-123,813110
5114,808655	-122,271950
5115,481567	-122,216278
5116,154480	-123,956848
5116,827393	-121,324509
5117,500305	-121,493187
5118,173218	-121,606903
5118,846130	-122,664223
5119,519043	-121,285072
5120,191956	-120,775963
5120,864868	-123,232086
5121,537781	-121,920837
5122,210693	-122,640724
5122,883606	-122,399948
5123,556519	-120,478882
5124,229431	-121,542961
5124,902344	-119,853806
5125,575256	-120,052315
5126,248169	-120,448662
5126,921082	-119,513535
5127,593994	-119,864159
5128,266907	-121,594841
5128,939819	-122,007896
5129,612732	-121,474915
5130,285645	-122,053413
5130,958557	-121,401909
5131,631470	-121,685555
5132,304382	-120,834145
5132,977295	-120,422112
5133,650208	-123,344063
5134,323120	-121,121750
5134,996033	-120,894211
5135,668945	-122,756989
5136,341858	-121,943039
5137,014771	-120,448235
5137,687683	-121,006248
5138,360596	-121,574829
5139,033508	-120,611916
5139,706421	-120,680511
5140,379333	-121,333099
5141,052246	-123,442810
5141,725159	-121,708778
5142,398071	-121,931770
5143,070984	-122,332382
5143,743896	-120,631912
5144,416809	-120,177750
5145,089722	-119,782631
5145,762634	-122,526390
5146,435547	-123,277939
5147,108459	-122,982887
5147,781372	-121,515015
5148,454285	-121,763130
5149,127197	-122,080124
5149,800110	-122,453957
5150,473022	-122,278336
5151,145935	-122,606148
5151,818848	-123,779945
5152,491760	-121,741112
5153,164673	-120,273354
5153,837585	-121,594337
5154,510498	-122,025520
5155,183411	-122,561722
5155,856323	-122,187691
5156,529236	-121,235153
5157,202148	-121,888245
5157,875061	-122,916054
5158,547974	-122,601692
5159,220886	-122,217537
5159,893799	-121,202820
5160,566711	-120,940079
5161,239624	-121,725578
5161,912537	-123,457199
5162,585449	-122,892906
5163,258362	-121,928642
5163,931274	-121,068138
5164,604187	-120,678726
5165,277100	-121,309036
5165,950012	-122,053406
5166,622925	-121,508759
5167,295837	-121,386597
5167,968750	-121,899040
5168,641663	-120,494606
5169,314575	-121,535767
5169,987488	-122,019363
5170,660400	-123,488876
5171,333313	-123,680511
5172,006226	-123,716194
5172,679138	-123,004692
5173,352051	-123,188187
5174,024963	-121,234261
5174,697876	-121,904938
5175,370789	-123,634422
5176,043701	-123,061714
5176,716614	-122,680176
5177,389526	-122,585579
5178,062439	-122,205055
5178,735352	-122,604614
5179,408264	-121,144943
5180,081177	-121,767586
5180,754089	-121,928696
5181,427002	-120,664970
5182,099915	-121,380280
5182,772827	-122,431725
5183,445740	-122,448662
5184,118652	-123,974670
5184,791565	-122,320068
5185,464478	-121,966850
5186,137390	-123,092957
5186,810303	-121,668236
5187,483215	-121,827522
5188,156128	-124,204735
5188,829041	-121,837334
5189,501953	-123,601746
5190,174866	-123,057007
5190,847778	-120,936211
5191,520691	-120,923904
5192,193604	-122,825455
5192,866516	-122,622169
5193,539429	-122,057747
5194,212341	-121,678764
5194,885254	-122,232903
5195,558167	-122,649979
5196,231079	-122,335930
5196,903992	-119,906105
5197,576904	-120,696426
5198,249817	-121,385437
5198,922729	-120,857254
5199,595642	-120,820274
5200,268555	-121,311676
5200,941467	-124,110229
5201,614380	-125,601532
5202,287292	-124,121887
5202,960205	-122,271919
5203,633118	-122,502670
5204,306030	-121,869362
5204,978943	-121,937241
5205,651855	-123,669998
5206,324768	-122,926399
5206,997681	-121,995476
5207,670593	-121,993950
5208,343506	-122,344429
5209,016418	-121,825165
5209,689331	-122,859360
5210,362244	-122,158432
5211,035156	-122,542488
5211,708069	-122,101036
5212,380981	-122,348862
5213,053894	-123,285980
5213,726807	-123,693848
5214,399719	-123,316330
5215,072632	-121,377174
5215,745544	-120,562691
5216,418457	-120,407211
5217,091370	-121,346336
5217,764282	-121,902985
5218,437195	-121,391090
5219,110107	-121,652092
5219,783020	-120,860443
5220,455933	-121,331367
5221,128845	-122,626534
5221,801758	-122,139290
5222,474670	-121,331009
5223,147583	-121,282890
5223,820496	-121,644897
5224,493408	-121,127029
5225,166321	-121,341057
5225,839233	-120,483849
5226,512146	-120,874672
5227,185059	-123,117821
5227,857971	-123,118454
5228,530884	-121,253922
5229,203796	-122,570290
5229,876709	-122,285522
5230,549622	-123,546715
5231,222534	-123,299530
5231,895447	-122,126114
5232,568359	-122,846596
5233,241272	-121,238571
5233,914185	-121,320328
5234,587097	-123,275444
5235,260010	-121,064980
5235,932922	-122,300873
5236,605835	-122,223000
5237,278748	-121,854286
5237,951660	-122,375641
5238,624573	-121,314575
5239,297485	-121,532944
5239,970398	-121,168823
5240,643311	-120,569183
5241,316223	-120,970474
5241,989136	-122,694542
5242,662048	-122,524010
5243,334961	-121,072327
5244,007874	-122,262001
5244,680786	-121,748795
5245,353699	-121,753639
5246,026611	-122,073059
5246,699524	-123,098854
5247,372437	-123,435501
5248,045349	-122,982376
5248,718262	-122,346672
5249,391174	-121,715675
5250,064087	-121,819145
5250,737000	-122,217834
5251,409912	-121,652008
5252,082825	-121,307045
5252,755737	-121,117561
5253,428650	-121,753319
5254,101562	-122,023209
5254,774475	-122,190491
5255,447388	-122,173523
5256,120300	-122,750931
5256,793213	-122,110634
5257,466125	-123,779671
5258,139038	-125,007050
5258,811951	-124,209015
5259,484863	-123,245682
5260,157776	-122,496529
5260,830688	-123,289093
5261,503601	-121,795425
5262,176514	-122,123093
5262,849426	-122,072212
5263,522339	-120,505707
5264,195251	-121,979523
5264,868164	-121,278328
5265,541077	-120,992783
5266,213989	-122,155899
5266,886902	-122,198524
5267,559814	-122,721397
5268,232727	-120,565750
5268,905640	-120,292427
5269,578552	-121,433014
5270,251465	-121,567574
5270,924377	-123,000786
5271,597290	-123,147247
5272,270203	-124,249123
5272,943115	-124,419174
5273,616028	-122,937248
5274,288940	-123,112282
5274,961853	-124,945190
5275,634766	-123,242912
5276,307678	-122,161835
5276,980591	-123,143387
5277,653503	-121,973969
5278,326416	-122,541084
5278,999329	-122,104256
5279,672241	-123,102219
5280,345154	-125,492897
5281,018066	-124,821121
5281,690979	-122,813728
5282,363892	-121,772949
5283,036804	-121,042885
5283,709717	-121,576469
5284,382629	-121,790329
5285,055542	-123,129311
5285,728455	-123,198730
5286,401367	-123,096817
5287,074280	-125,133667
5287,747192	-123,865570
5288,420105	-122,005722
5289,093018	-120,188713
5289,765930	-120,838951
5290,438843	-121,501831
5291,111755	-122,306549
5291,784668	-122,707092
5292,457581	-122,365150
5293,130493	-121,347763
5293,803406	-121,500237
5294,476318	-122,726463
5295,149231	-122,521004
5295,822144	-122,028496
5296,495056	-122,872459
5297,167969	-122,531693
5297,840881	-122,799873
5298,513794	-121,839577
5299,186707	-120,224113
5299,859619	-119,812920
5300,532532	-120,840279
5301,205444	-120,697006
5301,878357	-123,318436
5302,551270	-122,667412
5303,224182	-121,058128
5303,897095	-122,573730
5304,570007	-122,967209
5305,242920	-122,900848
5305,915833	-121,310135
5306,588745	-122,399239
5307,261658	-122,881203
5307,934570	-122,165924
5308,607483	-120,312683
5309,280396	-122,481911
5309,953308	-124,205643
5310,626221	-123,084229
5311,299133	-122,046249
5311,972046	-121,307266
5312,644958	-122,564308
5313,317871	-123,775719
5313,990784	-122,977829
5314,663696	-124,070869
5315,336609	-124,877167
5316,009521	-120,787811
5316,682434	-120,783783
5317,355347	-123,770538
5318,028259	-122,053146
5318,701172	-122,896835
5319,374084	-123,579102
5320,046997	-123,811516
5320,719910	-123,342964
5321,392822	-120,216812
5322,065735	-121,292168
5322,738647	-124,338646
5323,411560	-123,323334
5324,084473	-122,302605
5324,757385	-121,800613
5325,430298	-120,487267
5326,103210	-121,492455
5326,776123	-123,118301
5327,449036	-122,455627
5328,121948	-121,320732
5328,794861	-121,274109
5329,467773	-122,160164
5330,140686	-121,763260
5330,813599	-120,693855
5331,486511	-121,259003
5332,159424	-121,360924
5332,832336	-122,155815
5333,505249	-121,501694
5334,178162	-121,131729
5334,851074	-121,318970
5335,523987	-121,635597
5336,196899	-123,449379
5336,869812	-122,556526
5337,542725	-121,844879
5338,215637	-123,136909
5338,888550	-122,061089
5339,561462	-120,849701
5340,234375	-122,102493
5340,907288	-121,847488
5341,580200	-121,239090
5342,253113	-120,882828
5342,926025	-122,186447
5343,598938	-122,217636
5344,271851	-120,808258
5344,944763	-120,666840
5345,617676	-121,731827
5346,290588	-122,530540
5346,963501	-121,341293
5347,636414	-121,460258
5348,309326	-121,497482
5348,982239	-121,753578
5349,655151	-122,291824
5350,328064	-122,827927
5351,000977	-123,313339
5351,673889	-121,531960
5352,346802	-121,733658
5353,019714	-122,966393
5353,692627	-121,713821
5354,365540	-121,257919
5355,038452	-120,517677
5355,711365	-120,740494
5356,384277	-121,299538
5357,057190	-121,267860
5357,730103	-121,273766
5358,403015	-123,460571
5359,075928	-121,274513
5359,748840	-121,402794
5360,421753	-121,007698
5361,094666	-120,343994
5361,767578	-121,641891
5362,440491	-122,883789
5363,113403	-120,916245
5363,786316	-122,413788
5364,459229	-124,348808
5365,132141	-123,952301
5365,805054	-122,292664
5366,477966	-122,439049
5367,150879	-123,329971
5367,823792	-122,803413
5368,496704	-122,734230
5369,169617	-123,510376
5369,842529	-123,633690
5370,515442	-121,782494
5371,188354	-120,710136
5371,861267	-120,893082
5372,534180	-120,604401
5373,207092	-120,263474
5373,880005	-121,356606
5374,552917	-122,742867
5375,225830	-121,566544
5375,898743	-120,444061
5376,571655	-120,581009
5377,244568	-120,574715
5377,917480	-120,975403
5378,590393	-122,738518
5379,263306	-122,879936
5379,936218	-123,280968
5380,609131	-122,963142
5381,282043	-120,978561
5381,954956	-121,304413
5382,627869	-121,612579
5383,300781	-121,641762
5383,973694	-122,547073
5384,646606	-122,711624
5385,319519	-122,398224
5385,992432	-122,690414
5386,665344	-121,863991
5387,338257	-122,457901
5388,011169	-123,787437
5388,684082	-125,558609
5389,356995	-122,191704
5390,029907	-119,604111
5390,702820	-121,560791
5391,375732	-120,260986
5392,048645	-120,226418
5392,721558	-122,956589
5393,394470	-123,790085
5394,067383	-122,331589
5394,740295	-121,493057
5395,413208	-122,293167
5396,086121	-123,319534
5396,759033	-121,486664
5397,431946	-120,638824
5398,104858	-120,340721
5398,777771	-120,908134
5399,450684	-120,539177
5400,123596	-120,130211
5400,796509	-121,367783
5401,469421	-122,964737
5402,142334	-120,995789
5402,815247	-120,788216
5403,488159	-121,735336
5404,161072	-120,304123
5404,833984	-121,989594
5405,506897	-122,040062
5406,179810	-122,257416
5406,852722	-121,292824
5407,525635	-122,091568
5408,198547	-121,449738
5408,871460	-121,586411
5409,544373	-121,121445
5410,217285	-120,984169
5410,890198	-123,322792
5411,563110	-122,786766
5412,236023	-122,389671
5412,908936	-123,709076
5413,581848	-123,742897
5414,254761	-119,942314
5414,927673	-120,485466
5415,600586	-121,385391
5416,273499	-122,995155
5416,946411	-121,105637
5417,619324	-121,088249
5418,292236	-121,998413
5418,965149	-122,706871
5419,638062	-124,530884
5420,310974	-122,734474
5420,983887	-120,843315
5421,656799	-120,325768
5422,329712	-121,535690
5423,002625	-123,634361
5423,675537	-124,319450
5424,348450	-122,730080
5425,021362	-120,774025
5425,694275	-120,744736
5426,367188	-120,723267
5427,040100	-121,719376
5427,713013	-123,019890
5428,385925	-122,526184
5429,058838	-123,900017
5429,731750	-123,118912
5430,404663	-121,874977
5431,077576	-121,111862
5431,750488	-122,547676
5432,423401	-122,925385
5433,096313	-122,642242
5433,769226	-120,856331
5434,442139	-119,846352
5435,115051	-121,603722
5435,787964	-123,151367
5436,460876	-123,900208
5437,133789	-124,930557
5437,806702	-123,105537
5438,479614	-123,224594
5439,152527	-125,200142
5439,825439	-125,401375
5440,498352	-120,863052
5441,171265	-121,054031
5441,844177	-121,449142
5442,517090	-122,664719
5443,190002	-121,775681
5443,862915	-122,688873
5444,535828	-122,917702
5445,208740	-122,865791
5445,881653	-123,841858
5446,554565	-121,587189
5447,227478	-121,912155
5447,900391	-120,438766
5448,573303	-120,820038
5449,246216	-121,350296
5449,919128	-120,251251
5450,592041	-121,604156
5451,264954	-123,271172
5451,937866	-122,622299
5452,610779	-122,781464
5453,283691	-123,667267
5453,956604	-121,857887
5454,629517	-122,658699
5455,302429	-122,583572
5455,975342	-122,471260
5456,648254	-123,084618
5457,321167	-124,509323
5457,994080	-123,967102
5458,666992	-120,634880
5459,339905	-119,773170
5460,012817	-120,927109
5460,685730	-119,901512
5461,358643	-121,457848
5462,031555	-123,347458
5462,704468	-121,922447
5463,377380	-123,066681
5464,050293	-122,874008
5464,723206	-122,608177
5465,396118	-122,781319
5466,069031	-124,381004
5466,741943	-122,297600
5467,414856	-121,540855
5468,087769	-120,915329
5468,760681	-121,700584
5469,433594	-123,598816
5470,106506	-122,670097
5470,779419	-122,836731
5471,452332	-123,001801
5472,125244	-123,611946
5472,798157	-124,932037
5473,471069	-124,133018
5474,143982	-122,493401
5474,816895	-123,060944
5475,489807	-121,753952
5476,162720	-121,093109
5476,835632	-120,938927
5477,508545	-121,504890
5478,181458	-120,651619
5478,854370	-121,062279
5479,527283	-121,915329
5480,200195	-122,200027
5480,873108	-122,622490
5481,546021	-122,152237
5482,218933	-121,606903
5482,891846	-121,310608
5483,564758	-122,956459
5484,237671	-123,064835
5484,910583	-122,443672
5485,583496	-122,350533
5486,256409	-123,823692
5486,929321	-123,495552
5487,602234	-123,561462
5488,275146	-122,954071
5488,948059	-122,850266
5489,620972	-122,748260
5490,293884	-123,066154
5490,966797	-122,925285
5491,639709	-122,719177
5492,312622	-122,477005
5492,985535	-121,881325
5493,658447	-121,973289
5494,331360	-121,998375
5495,004272	-122,869209
5495,677185	-121,039833
5496,350098	-120,322609
5497,023010	-121,522461
5497,695923	-120,823265
5498,368835	-120,608070
5499,041748	-120,266876
5499,714661	-122,262848
5500,387573	-123,011261
5501,060486	-121,345558
5501,733398	-122,590126
5502,406311	-123,309135
5503,079224	-123,835854
5503,752136	-122,012474
5504,425049	-123,520988
5505,097961	-123,272507
5505,770874	-121,588432
5506,443787	-121,737259
5507,116699	-122,962448
5507,789612	-124,543274
5508,462524	-122,817551
5509,135437	-122,215439
5509,808350	-123,047127
5510,481262	-122,046623
5511,154175	-120,791786
5511,827087	-122,855164
5512,500000	-123,234627
5513,172913	-123,986168
5513,845825	-123,153282
5514,518738	-121,952950
5515,191650	-122,100060
5515,864563	-122,713135
5516,537476	-121,462143
5517,210388	-122,771866
5517,883301	-124,599442
5518,556213	-124,881607
5519,229126	-124,092819
5519,902039	-121,808922
5520,574951	-120,602409
5521,247864	-122,204842
5521,920776	-121,233734
5522,593689	-119,517601
5523,266602	-119,967964
5523,939514	-122,495369
5524,612427	-122,839188
5525,285339	-124,610756
5525,958252	-122,838982
5526,631165	-123,462646
5527,304077	-123,580620
5527,976990	-120,901787
5528,649902	-120,774986
5529,322815	-122,433571
5529,995728	-121,558868
5530,668640	-120,765846
5531,341553	-122,369576
5532,014465	-121,344696
5532,687378	-120,908707
5533,360291	-119,329536
5534,033203	-120,696030
5534,706116	-122,153770
5535,379028	-123,011345
5536,051941	-121,800926
5536,724854	-122,304344
5537,397766	-122,856346
5538,070679	-124,009315
5538,743591	-124,185822
5539,416504	-122,016151
5540,089417	-121,472450
5540,762329	-121,664383
5541,435242	-123,110115
5542,108154	-122,619751
5542,781067	-123,475929
5543,453979	-121,335258
5544,126892	-120,899811
5544,799805	-120,828590
5545,472717	-122,348206
5546,145630	-121,446846
5546,818542	-120,852531
5547,491455	-121,647079
5548,164368	-121,025597
5548,837280	-120,464539
5549,510193	-123,352226
5550,183105	-123,550728
5550,856018	-124,229141
5551,528931	-121,808479
5552,201843	-121,260544
5552,874756	-121,264748
5553,547668	-121,836067
5554,220581	-122,580688
5554,893494	-122,509201
5555,566406	-122,144318
5556,239319	-121,243423
5556,912231	-121,590843
5557,585144	-122,904205
5558,258057	-122,103973
5558,930969	-123,091278
5559,603882	-121,921547
5560,276794	-120,958427
5560,949707	-120,411980
5561,622620	-121,102730
5562,295532	-120,234505
5562,968445	-120,646187
5563,641357	-120,631393
5564,314270	-121,227394
5564,987183	-121,734650
5565,660095	-120,715935
5566,333008	-122,066406
5567,005920	-122,821434
5567,678833	-122,310059
5568,351746	-121,627594
5569,024658	-121,580383
5569,697571	-123,161469
5570,370483	-127,684349
5571,043396	-123,481400
5571,716309	-121,600822
5572,389221	-122,513412
5573,062134	-121,964615
5573,735046	-122,271103
5574,407959	-121,214256
5575,080872	-121,579132
5575,753784	-121,496880
5576,426697	-121,981766
5577,099609	-120,936523
5577,772522	-121,181480
5578,445435	-121,616524
5579,118347	-121,957108
5579,791260	-122,758255
5580,464172	-122,677711
5581,137085	-122,439415
5581,809998	-122,163765
5582,482910	-122,602348
5583,155823	-123,637779
5583,828735	-122,621635
5584,501648	-122,328819
5585,174561	-122,637756
5585,847473	-121,656235
5586,520386	-121,501236
5587,193298	-122,240189
5587,866211	-121,181747
5588,539124	-120,516739
5589,212036	-122,333389
5589,884949	-122,283226
5590,557861	-123,029144
5591,230774	-121,858177
5591,903687	-120,483261
5592,576599	-122,376266
5593,249512	-123,264336
5593,922424	-123,060287
5594,595337	-124,049866
5595,268250	-122,132805
5595,941162	-121,530434
5596,614075	-122,358170
5597,286987	-124,572151
5597,959900	-123,652687
5598,632812	-121,455994
5599,305725	-121,610817
5599,978638	-120,708252
5600,651550	-120,859138
5601,324463	-121,749596
5601,997375	-121,857101
5602,670288	-123,084404
5603,343201	-122,422966
5604,016113	-121,889587
5604,689026	-121,416328
5605,361938	-121,330803
5606,034851	-122,322121
5606,707764	-122,446373
5607,380676	-122,570374
5608,053589	-123,165543
5608,726501	-123,323212
5609,399414	-120,454796
5610,072327	-120,073631
5610,745239	-122,471146
5611,418152	-121,811417
5612,091064	-120,677437
5612,763977	-122,658508
5613,436890	-122,180489
5614,109802	-123,084061
5614,782715	-122,136360
5615,455627	-123,912964
5616,128540	-122,982002
5616,801453	-122,017227
5617,474365	-121,468796
5618,147278	-120,968513
5618,820190	-120,951721
5619,493103	-122,627121
5620,166016	-121,963165
5620,838928	-121,885704
5621,511841	-122,396980
5622,184753	-122,888985
5622,857666	-121,299629
5623,530579	-121,876877
5624,203491	-123,112862
5624,876404	-122,228516
5625,549316	-121,372818
5626,222229	-122,373398
5626,895142	-122,295769
5627,568054	-122,556160
5628,240967	-121,910393
5628,913879	-120,859428
5629,586792	-122,321114
5630,259705	-123,646698
5630,932617	-121,427933
5631,605530	-120,602425
5632,278442	-121,881882
5632,951355	-123,518173
5633,624268	-121,600365
5634,297180	-119,867744
5634,970093	-121,367630
5635,643005	-123,890289
5636,315918	-122,980034
5636,988831	-123,500984
5637,661743	-121,594597
5638,334656	-121,178200
5639,007568	-120,307648
5639,680481	-120,230972
5640,353394	-120,665771
5641,026306	-120,481056
5641,699219	-121,849815
5642,372131	-122,561104
5643,045044	-125,079231
5643,717957	-123,449318
5644,390869	-122,337288
5645,063782	-122,981888
5645,736694	-122,922714
5646,409607	-123,677917
5647,082520	-122,727463
5647,755432	-121,757729
5648,428345	-122,268448
5649,101257	-122,352287
5649,774170	-122,781639
5650,447083	-121,698868
5651,119995	-121,280220
5651,792908	-121,635696
5652,465820	-120,948769
5653,138733	-124,209091
5653,811646	-123,210655
5654,484558	-123,453217
5655,157471	-121,731117
5655,830383	-121,282768
5656,503296	-120,447037
5657,176208	-121,424316
5657,849121	-121,878113
5658,522034	-122,525002
5659,194946	-123,179108
5659,867859	-123,098198
5660,540771	-122,908981
5661,213684	-121,384171
5661,886597	-122,481972
5662,559509	-122,315659
5663,232422	-122,683998
5663,905334	-123,751884
5664,578247	-124,130997
5665,251160	-122,764267
5665,924072	-121,639946
5666,596985	-122,716179
5667,269897	-123,108803
5667,942810	-121,236397
5668,615723	-120,575378
5669,288635	-121,207191
5669,961548	-123,356133
5670,634460	-123,443924
5671,307373	-121,356522
5671,980286	-122,469887
5672,653198	-122,860550
5673,326111	-123,651192
5673,999023	-122,377617
5674,671936	-121,675728
5675,344849	-120,275894
5676,017761	-119,481834
5676,690674	-122,127396
5677,363586	-123,741234
5678,036499	-121,101082
5678,709412	-119,992950
5679,382324	-121,335938
5680,055237	-121,643967
5680,728149	-121,054680
5681,401062	-121,370964
5682,073975	-121,749786
5682,746887	-122,177666
5683,419800	-123,032845
5684,092712	-121,809235
5684,765625	-121,222939
5685,438538	-121,345284
5686,111450	-121,419029
5686,784363	-123,418358
5687,457275	-122,348518
5688,130188	-121,136421
5688,803101	-121,207970
5689,476013	-121,972626
5690,148926	-121,941078
5690,821838	-119,953629
5691,494751	-120,306999
5692,167664	-122,193001
5692,840576	-123,332397
5693,513489	-124,108154
5694,186401	-122,393875
5694,859314	-123,159264
5695,532227	-121,107903
5696,205139	-122,364189
5696,878052	-122,831688
5697,550964	-123,606796
5698,223877	-122,224754
5698,896790	-120,997551
5699,569702	-122,953514
5700,242615	-122,658051
5700,915527	-121,661926
5701,588440	-122,648483
5702,261353	-123,537529
5702,934265	-122,957581
5703,607178	-122,384323
5704,280090	-123,102196
5704,953003	-122,311783
5705,625916	-121,923859
5706,298828	-121,860298
5706,971741	-121,672173
5707,644653	-122,305656
5708,317566	-120,616219
5708,990479	-121,687881
5709,663391	-121,205109
5710,336304	-121,208344
5711,009216	-122,808540
5711,682129	-121,880539
5712,355042	-122,817360
5713,027954	-124,327072
5713,700867	-122,959053
5714,373779	-121,340324
5715,046692	-119,415451
5715,719604	-120,773582
5716,392517	-122,570206
5717,065430	-122,179352
5717,738342	-122,102638
5718,411255	-122,247887
5719,084167	-123,162399
5719,757080	-123,380272
5720,429993	-121,281410
5721,102905	-121,074066
5721,775818	-122,495453
5722,448730	-121,776253
5723,121643	-122,327484
5723,794556	-122,690399
5724,467468	-121,843102
5725,140381	-123,100082
5725,813293	-124,518784
5726,486206	-123,209770
5727,159119	-123,413902
5727,832031	-121,736786
5728,504944	-121,764244
5729,177856	-121,793404
5729,850769	-122,475571
5730,523682	-122,594322
5731,196594	-122,617966
5731,869507	-121,280327
5732,542419	-123,563629
5733,215332	-123,869087
5733,888245	-122,232208
5734,561157	-123,516159
5735,234070	-122,058861
5735,906982	-121,532913
5736,579895	-122,267479
5737,252808	-122,283295
5737,925720	-123,047699
5738,598633	-120,399841
5739,271545	-120,307930
5739,944458	-120,625481
5740,617371	-120,934639
5741,290283	-121,730415
5741,963196	-120,866966
5742,636108	-121,106682
5743,309021	-121,413277
5743,981934	-121,650291
5744,654846	-122,542839
5745,327759	-123,046333
5746,000671	-121,079163
5746,673584	-122,343452
5747,346497	-122,908310
5748,019409	-122,352539
5748,692322	-121,041710
5749,365234	-122,264847
5750,038147	-122,160027
5750,711060	-120,590401
5751,383972	-120,645615
5752,056885	-121,268341
5752,729797	-121,488930
5753,402710	-120,973518
5754,075623	-120,461876
5754,748535	-121,384514
5755,421448	-124,421448
5756,094360	-124,973152
5756,767273	-122,210320
5757,440186	-122,317032
5758,113098	-125,963280
5758,786011	-122,321335
5759,458923	-120,879044
5760,131836	-121,040009
5760,804749	-119,936943
5761,477661	-120,707764
5762,150574	-123,563461
5762,823486	-122,975937
5763,496399	-123,018326
5764,169312	-121,244781
5764,842224	-122,030457
5765,515137	-122,211784
5766,188049	-120,864937
5766,860962	-123,559883
5767,533875	-122,661667
5768,206787	-122,055099
5768,879700	-121,376740
5769,552612	-122,425606
5770,225525	-122,639465
5770,898438	-120,916725
5771,571350	-120,625435
5772,244263	-121,634659
5772,917175	-122,453979
5773,590088	-121,810974
5774,263000	-122,336296
5774,935913	-123,904274
5775,608826	-122,943825
5776,281738	-122,046707
5776,954651	-123,162682
5777,627563	-121,562683
5778,300476	-122,289612
5778,973389	-122,423134
5779,646301	-122,210495
5780,319214	-123,575478
5780,992126	-122,195061
5781,665039	-120,601372
5782,337952	-122,307167
5783,010864	-124,213257
5783,683777	-123,057678
5784,356689	-122,402168
5785,029602	-122,077400
5785,702515	-122,232315
5786,375427	-122,886383
5787,048340	-124,521805
5787,721252	-123,051605
5788,394165	-122,544395
5789,067078	-122,515503
5789,739990	-121,769287
5790,412903	-121,474495
5791,085815	-121,666313
5791,758728	-121,934868
5792,431641	-121,345810
5793,104553	-122,586044
5793,777466	-123,062126
5794,450378	-121,615875
5795,123291	-122,228195
5795,796204	-121,826653
5796,469116	-122,302719
5797,142029	-124,376053
5797,814941	-122,358826
5798,487854	-121,719879
5799,160767	-124,635887
5799,833679	-122,483902
5800,506592	-121,133507
5801,179504	-121,793388
5801,852417	-122,036011
5802,525330	-120,973579
5803,198242	-121,107399
5803,871155	-122,672714
5804,544067	-124,062035
5805,216980	-121,739754
5805,889893	-121,217010
5806,562805	-121,844536
5807,235718	-122,101486
5807,908630	-121,790176
5808,581543	-121,439026
5809,254456	-119,472534
5809,927368	-120,812645
5810,600281	-121,186287
5811,273193	-121,163872
5811,946106	-122,864090
5812,619019	-121,512970
5813,291931	-120,897255
5813,964844	-122,130035
5814,637756	-122,505280
5815,310669	-123,408279
5815,983582	-122,784599
5816,656494	-122,330009
5817,329407	-122,148689
5818,002319	-124,621689
5818,675232	-122,529297
5819,348145	-121,506393
5820,021057	-121,070602
5820,693970	-122,341049
5821,366882	-123,625839
5822,039795	-123,850975
5822,712708	-120,485680
5823,385620	-119,549835
5824,058533	-122,471252
5824,731445	-121,822968
5825,404358	-120,932365
5826,077271	-121,558510
5826,750183	-121,942459
5827,423096	-122,837608
5828,096008	-123,750175
5828,768921	-123,642075
5829,441833	-123,435036
5830,114746	-121,467514
5830,787659	-121,257553
5831,460571	-120,230270
5832,133484	-121,185127
5832,806396	-122,589905
5833,479309	-122,585693
5834,152222	-122,186165
5834,825134	-121,274590
5835,498047	-122,329872
5836,170959	-121,852097
5836,843872	-121,077972
5837,516785	-121,395149
5838,189697	-122,161835
5838,862610	-124,624123
5839,535522	-123,911026
5840,208435	-122,783287
5840,881348	-122,270134
5841,554260	-122,206703
5842,227173	-121,683342
5842,900085	-123,145309
5843,572998	-122,744820
5844,245911	-121,917923
5844,918823	-121,034294
5845,591736	-121,378670
5846,264648	-122,785187
5846,937561	-123,033821
5847,610474	-122,981796
5848,283386	-122,693047
5848,956299	-122,318130
5849,629211	-122,373230
5850,302124	-121,478493
5850,975037	-121,678192
5851,647949	-122,566582
5852,320862	-121,914162
5852,993774	-121,733536
5853,666687	-122,408295
5854,339600	-123,026825
5855,012512	-122,587112
5855,685425	-122,073570
5856,358337	-122,449310
5857,031250	-123,180618
5857,704163	-121,760529
5858,377075	-122,618813
5859,049988	-122,440521
5859,722900	-121,524719
5860,395813	-121,664146
5861,068726	-121,282074
5861,741638	-121,199409
5862,414551	-121,358665
5863,087463	-121,366272
5863,760376	-123,310028
5864,433289	-124,112312
5865,106201	-123,270500
5865,779114	-121,755959
5866,452026	-121,100830
5867,124939	-121,096504
5867,797852	-123,768372
5868,470764	-124,397354
5869,143677	-124,422119
5869,816589	-121,493996
5870,489502	-120,722549
5871,162415	-122,293182
5871,835327	-121,789276
5872,508240	-120,168205
5873,181152	-122,307381
5873,854065	-121,493828
5874,526978	-121,417366
5875,199890	-121,900635
5875,872803	-122,378426
5876,545715	-123,661575
5877,218628	-122,485336
5877,891541	-122,092491
5878,564453	-122,936684
5879,237366	-122,751816
5879,910278	-122,044098
5880,583191	-120,416977
5881,256104	-120,226646
5881,929016	-121,493431
5882,601929	-122,438889
5883,274841	-122,775856
5883,947754	-120,305008
5884,620667	-121,101959
5885,293579	-123,290627
5885,966492	-122,588951
5886,639404	-122,735947
5887,312317	-121,766014
5887,985229	-120,548676
5888,658142	-119,501747
5889,331055	-121,154755
5890,003967	-121,671860
5890,676880	-122,109741
5891,349792	-122,367416
5892,022705	-122,728317
5892,695618	-124,510712
5893,368530	-123,364433
5894,041443	-122,359886
5894,714355	-123,037910
5895,387268	-122,317322
5896,060181	-122,154762
5896,733093	-123,660576
5897,406006	-121,673729
5898,078918	-121,569412
5898,751831	-122,592430
5899,424744	-123,004890
5900,097656	-122,978111
5900,770569	-121,362007
5901,443481	-121,827507
5902,116394	-121,892128
5902,789307	-120,998970
5903,462219	-121,290085
5904,135132	-123,291435
5904,808044	-120,603806
5905,480957	-121,790337
5906,153870	-121,135887
5906,826782	-122,043541
5907,499695	-123,441254
5908,172607	-122,538239
5908,845520	-123,413452
5909,518433	-123,110947
5910,191345	-123,507240
5910,864258	-122,734848
5911,537170	-122,434441
5912,210083	-122,591064
5912,882996	-123,119194
5913,555908	-121,496017
5914,228821	-122,477829
5914,901733	-122,110695
5915,574646	-122,085426
5916,247559	-121,822136
5916,920471	-122,294380
5917,593384	-121,579765
5918,266296	-120,043999
5918,939209	-121,271202
5919,612122	-121,325081
5920,285034	-121,541206
5920,957947	-121,594406
5921,630859	-120,750587
5922,303772	-119,612488
5922,976685	-121,682434
5923,649597	-122,235733
5924,322510	-120,518456
5924,995422	-121,408096
5925,668335	-121,973663
5926,341248	-121,300224
5927,014160	-120,684219
5927,687073	-121,394150
5928,359985	-122,433929
5929,032898	-121,919571
5929,705811	-122,047279
5930,378723	-122,261673
5931,051636	-122,090843
5931,724548	-121,368820
5932,397461	-122,394218
5933,070374	-123,625916
5933,743286	-122,620651
5934,416199	-121,343254
5935,089111	-121,604797
5935,762024	-123,259247
5936,434937	-124,270844
5937,107849	-123,069557
5937,780762	-122,326797
5938,453674	-123,605484
5939,126587	-119,954453
5939,799500	-120,545860
5940,472412	-122,388512
5941,145325	-121,635475
5941,818237	-121,304428
5942,491150	-120,657707
5943,164062	-120,529678
5943,836975	-121,262604
5944,509888	-123,079071
5945,182800	-124,830811
5945,855713	-123,327034
5946,528625	-121,392448
5947,201538	-120,418297
5947,874451	-122,447433
5948,547363	-122,839760
5949,220276	-121,221832
5949,893188	-120,268730
5950,566101	-121,490219
5951,239014	-122,380363
5951,911926	-121,652046
5952,584839	-122,005905
5953,257751	-121,904213
5953,930664	-120,477005
5954,603577	-122,451530
5955,276489	-123,772522
5955,949402	-122,311630
5956,622314	-121,819138
5957,295227	-121,354088
5957,968140	-120,656059
5958,641052	-122,270782
5959,313965	-123,198311
5959,986877	-122,431442
5960,659790	-121,675362
5961,332703	-121,272453
5962,005615	-123,157509
5962,678528	-123,533119
5963,351440	-123,070305
5964,024353	-122,820786
5964,697266	-122,152824
5965,370178	-122,366318
5966,043091	-121,254097
5966,716003	-120,266830
5967,388916	-121,701622
5968,061829	-122,849083
5968,734741	-121,980476
5969,407654	-121,871056
5970,080566	-122,451050
5970,753479	-122,521217
5971,426392	-121,338371
5972,099304	-120,896782
5972,772217	-123,272514
5973,445129	-123,947289
5974,118042	-121,819687
5974,790955	-122,169243
5975,463867	-122,660469
5976,136780	-121,355858
5976,809692	-120,764633
5977,482605	-121,614265
5978,155518	-122,534622
5978,828430	-121,798981
5979,501343	-122,676033
5980,174255	-122,443283
5980,847168	-122,630913
5981,520081	-122,711296
5982,192993	-123,111771
5982,865906	-123,387787
5983,538818	-123,165176
5984,211731	-121,715240
5984,884644	-121,402176
5985,557556	-121,949051
5986,230469	-120,408745
5986,903381	-120,407059
5987,576294	-124,532120
5988,249207	-123,397842
5988,922119	-122,906960
5989,595032	-120,674797
5990,267944	-122,115761
5990,940857	-122,101151
5991,613770	-121,928032
5992,286682	-122,647957
5992,959595	-122,762665
5993,632507	-123,800636
5994,305420	-121,818222
5994,978333	-123,105583
5995,651245	-123,416962
5996,324158	-120,891205
5996,997070	-121,041000
5997,669983	-122,507576
5998,342896	-123,374092
5999,015808	-122,061714
5999,688721	-121,563293
6000,361633	-123,689865
6001,034546	-122,470703
6001,707458	-121,535049
6002,380371	-120,053978
6003,053284	-120,222595
6003,726196	-121,646347
6004,399109	-123,465439
6005,072021	-122,371178
6005,744934	-123,946129
6006,417847	-123,079971
6007,090759	-122,483559
6007,763672	-121,204926
6008,436584	-122,156334
6009,109497	-123,084969
6009,782410	-124,030342
6010,455322	-122,646141
6011,128235	-120,773407
6011,801147	-120,945663
6012,474060	-121,795464
6013,146973	-123,165718
6013,819885	-124,507484
6014,492798	-123,587959
6015,165710	-123,471451
6015,838623	-123,228119
6016,511536	-121,142632
6017,184448	-121,420792
6017,857361	-123,231529
6018,530273	-123,789238
6019,203186	-120,220200
6019,876099	-122,065872
6020,549011	-124,290146
6021,221924	-122,194008
6021,894836	-121,422638
6022,567749	-121,677040
6023,240662	-121,247475
6023,913574	-121,781685
6024,586487	-122,387863
6025,259399	-119,909241
6025,932312	-121,044228
6026,605225	-121,970261
6027,278137	-120,497017
6027,951050	-121,077209
6028,623962	-122,723595
6029,296875	-120,739235
6029,969788	-122,208603
6030,642700	-121,460861
6031,315613	-121,848183
6031,988525	-123,273338
6032,661438	-121,452782
6033,334351	-120,749298
6034,007263	-121,900558
6034,680176	-123,802116
6035,353088	-122,781670
6036,026001	-122,237793
6036,698914	-122,909592
6037,371826	-122,470032
6038,044739	-123,577698
6038,717651	-123,389206
6039,390564	-123,667854
6040,063477	-123,704575
6040,736389	-124,509346
6041,409302	-122,464081
6042,082214	-121,993233
6042,755127	-123,002670
6043,428040	-120,977959
6044,100952	-121,327873
6044,773865	-121,992912
6045,446777	-123,936348
6046,119690	-123,652679
6046,792603	-122,826180
6047,465515	-121,054955
6048,138428	-121,904572
6048,811340	-121,080353
6049,484253	-120,314247
6050,157166	-121,115570
6050,830078	-121,741135
6051,502991	-123,386848
6052,175903	-123,193970
6052,848816	-123,207092
6053,521729	-122,953506
6054,194641	-121,740829
6054,867554	-121,188721
6055,540466	-121,056892
6056,213379	-122,308060
6056,886292	-122,475533
6057,559204	-121,521217
6058,232117	-122,623779
6058,905029	-121,654770
6059,577942	-121,445549
6060,250854	-122,465736
6060,923767	-123,299843
6061,596680	-121,093376
6062,269592	-122,811050
6062,942505	-123,232811
6063,615417	-123,053101
6064,288330	-123,267067
6064,961243	-122,891983
6065,634155	-121,840424
6066,307068	-120,766602
6066,979980	-121,130882
6067,652893	-122,699432
6068,325806	-122,841934
6068,998718	-124,259720
6069,671631	-122,710556
6070,344543	-120,690880
6071,017456	-121,438828
6071,690369	-122,254974
6072,363281	-122,225845
6073,036194	-121,086212
6073,709106	-120,285454
6074,382019	-121,527962
6075,054932	-123,676620
6075,727844	-121,267509
6076,400757	-121,345497
6077,073669	-122,485413
6077,746582	-121,727295
6078,419495	-122,491051
6079,092407	-121,234138
6079,765320	-120,447792
6080,438232	-122,973999
6081,111145	-121,604935
6081,784058	-120,456245
6082,456970	-121,101486
6083,129883	-122,022385
6083,802795	-121,377777
6084,475708	-120,677299
6085,148621	-121,477966
6085,821533	-120,436096
6086,494446	-120,677025
6087,167358	-121,513283
6087,840271	-122,221352
6088,513184	-121,746742
6089,186096	-121,758301
6089,859009	-121,535469
6090,531921	-121,269547
6091,204834	-120,871025
6091,877747	-121,094307
6092,550659	-122,137520
6093,223572	-121,827621
6093,896484	-121,140121
6094,569397	-123,624947
6095,242310	-122,354630
6095,915222	-120,886726
6096,588135	-121,159882
6097,261047	-122,743408
6097,933960	-122,146126
6098,606873	-121,412994
6099,279785	-120,692719
6099,952698	-120,962112
6100,625610	-121,980911
6101,298523	-122,550377
6101,971436	-120,952751
6102,644348	-120,832581
6103,317261	-121,939163
6103,990173	-122,890396
6104,663086	-122,688614
6105,335999	-124,227989
6106,008911	-124,070381
6106,681824	-122,979568
6107,354736	-122,678879
6108,027649	-121,552666
6108,700562	-120,792305
6109,373474	-121,002716
6110,046387	-121,693619
6110,719299	-122,584229
6111,392212	-123,422806
6112,065125	-121,480484
6112,738037	-123,455757
6113,410950	-122,161690
6114,083862	-119,720222
6114,756775	-122,151619
6115,429688	-120,143364
6116,102600	-120,774872
6116,775513	-121,053047
6117,448425	-120,366531
6118,121338	-121,836548
6118,794250	-122,762787
6119,467163	-121,408524
6120,140076	-120,403847
6120,812988	-120,888756
6121,485901	-122,157555
6122,158813	-124,856674
6122,831726	-122,537720
6123,504639	-121,800117
6124,177551	-120,018486
6124,850464	-121,590233
6125,523376	-122,382805
6126,196289	-121,413513
6126,869202	-121,039856
6127,542114	-120,215874
6128,215027	-121,550781
6128,887939	-121,294617
6129,560852	-121,073975
6130,233765	-122,543419
6130,906677	-122,905281
6131,579590	-121,941429
6132,252502	-121,928261
6132,925415	-122,921669
6133,598328	-122,494507
6134,271240	-122,300194
6134,944153	-122,273186
6135,617065	-122,435059
6136,289978	-121,695518
6136,962891	-121,664917
6137,635803	-121,889076
6138,308716	-122,553680
6138,981628	-122,403564
6139,654541	-122,274887
6140,327454	-123,322151
6141,000366	-121,675491
6141,673279	-121,483521
6142,346191	-122,276299
6143,019104	-121,372887
6143,692017	-120,653320
6144,364929	-123,936516
6145,037842	-123,043808
6145,710754	-123,419189
6146,383667	-124,252136
6147,056580	-123,954819
6147,729492	-121,434166
6148,402405	-120,611000
6149,075317	-121,005493
6149,748230	-121,695404
6150,421143	-119,917320
6151,094055	-121,269836
6151,766968	-119,767151
6152,439880	-121,706078
6153,112793	-123,791245
6153,785706	-122,636177
6154,458618	-122,430305
6155,131531	-122,196785
6155,804443	-122,975243
6156,477356	-121,449821
6157,150269	-121,506516
6157,823181	-121,937378
6158,496094	-121,354134
6159,169006	-121,534813
6159,841919	-123,094765
6160,514832	-123,617447
6161,187744	-123,080925
6161,860657	-121,865097
6162,533569	-122,891350
6163,206482	-123,386673
6163,879395	-123,095413
6164,552307	-123,382538
6165,225220	-124,764603
6165,898132	-124,301529
6166,571045	-122,607521
6167,243958	-122,728607
6167,916870	-127,046631
6168,589783	-124,569145
6169,262695	-122,316971
6169,935608	-120,811378
6170,608521	-122,010696
6171,281433	-121,215172
6171,954346	-121,394257
6172,627258	-121,792290
6173,300171	-121,961380
6173,973083	-123,092834
6174,645996	-122,947578
6175,318909	-122,998482
6175,991821	-121,037682
6176,664734	-120,946495
6177,337646	-121,262115
6178,010559	-121,064499
6178,683472	-120,471703
6179,356384	-120,554863
6180,029297	-123,377037
6180,702209	-123,422844
6181,375122	-124,247200
6182,048035	-122,391434
6182,720947	-123,317360
6183,393860	-123,436569
6184,066772	-123,694183
6184,739685	-122,666702
6185,412598	-123,132347
6186,085510	-122,775635
6186,758423	-122,727852
6187,431335	-121,187645
6188,104248	-121,171181
6188,777161	-122,233147
6189,450073	-121,524864
6190,122986	-123,097992
6190,795898	-122,036606
6191,468811	-122,343048
6192,141724	-122,800430
6192,814636	-121,401176
6193,487549	-122,305237
6194,160461	-123,187363
6194,833374	-120,980644
6195,506287	-120,128830
6196,179199	-121,161476
6196,852112	-121,717628
6197,525024	-121,761101
6198,197937	-121,242416
6198,870850	-121,736969
6199,543762	-123,497414
6200,216675	-124,097504
6200,889587	-121,384048
6201,562500	-121,765938
6202,235413	-123,060928
6202,908325	-121,486427
6203,581238	-121,112907
6204,254150	-122,032700
6204,927063	-123,168297
6205,599976	-123,090691
6206,272888	-123,966484
6206,945801	-123,232849
6207,618713	-125,460808
6208,291626	-124,405983
6208,964539	-120,994087
6209,637451	-122,040573
6210,310364	-121,804985
6210,983276	-121,602570
6211,656189	-122,745560
6212,329102	-122,369911
6213,002014	-124,893471
6213,674927	-120,384041
6214,347839	-119,755829
6215,020752	-122,244705
6215,693665	-122,619598
6216,366577	-123,095612
6217,039490	-122,772545
6217,712402	-122,271355
6218,385315	-122,888664
6219,058228	-121,560669
6219,731140	-121,413895
6220,404053	-122,210205
6221,076965	-121,375977
6221,749878	-122,230499
6222,422791	-122,360786
6223,095703	-121,631561
6223,768616	-122,052925
6224,441528	-120,846909
6225,114441	-122,367195
6225,787354	-124,098068
6226,460266	-124,054062
6227,133179	-122,625877
6227,806091	-122,172401
6228,479004	-122,358467
6229,151917	-120,277962
6229,824829	-121,285599
6230,497742	-122,780769
6231,170654	-123,391922
6231,843567	-123,790955
6232,516479	-123,522926
6233,189392	-123,599106
6233,862305	-121,870155
6234,535217	-122,759834
6235,208130	-122,062706
6235,881042	-122,322807
6236,553955	-123,143219
6237,226868	-120,496948
6237,899780	-120,116005
6238,572693	-122,161537
6239,245605	-121,845963
6239,918518	-121,905518
6240,591431	-122,602516
6241,264343	-121,952271
6241,937256	-121,834869
6242,610168	-123,043266
6243,283081	-122,672958
6243,955994	-121,734886
6244,628906	-121,565605
6245,301819	-122,498718
6245,974731	-122,037582
6246,647644	-123,012955
6247,320557	-123,476151
6247,993469	-122,577988
6248,666382	-121,894806
6249,339294	-123,318306
6250,012207	-124,018349
6250,685120	-122,385658
6251,358032	-121,684494
6252,030945	-122,169853
6252,703857	-123,113922
6253,376770	-121,112061
6254,049683	-121,574867
6254,722595	-122,122459
6255,395508	-123,546608
6256,068420	-123,155701
6256,741333	-121,334099
6257,414246	-120,094322
6258,087158	-120,865425
6258,760071	-121,466644
6259,432983	-122,114601
6260,105896	-123,681679
6260,778809	-123,553452
6261,451721	-121,808212
6262,124634	-121,731209
6262,797546	-124,022934
6263,470459	-125,337402
6264,143372	-123,060196
6264,816284	-121,590096
6265,489197	-122,179703
6266,162109	-121,069771
6266,835022	-121,156204
6267,507935	-121,722168
6268,180847	-123,574303
6268,853760	-123,464844
6269,526672	-122,018799
6270,199585	-124,037247
6270,872498	-123,729469
6271,545410	-121,388199
6272,218323	-120,990646
6272,891235	-121,902138
6273,564148	-121,991020
6274,237061	-123,323128
6274,909973	-125,170555
6275,582886	-123,505066
6276,255798	-123,823853
6276,928711	-124,458366
6277,601624	-124,344307
6278,274536	-123,778450
6278,947449	-123,576653
6279,620361	-121,999367
6280,293274	-122,057983
6280,966187	-123,670364
6281,639099	-121,847969
6282,312012	-120,893211
6282,984924	-121,825531
6283,657837	-122,288803
6284,330750	-121,314987
6285,003662	-121,915688
6285,676575	-124,187294
6286,349487	-124,205147
6287,022400	-123,468040
6287,695312	-122,983444
6288,368225	-122,368744
6289,041138	-121,298103
6289,714050	-122,544060
6290,386963	-123,263245
6291,059875	-123,446594
6291,732788	-122,484848
6292,405701	-121,360962
6293,078613	-121,471375
6293,751526	-122,331711
6294,424438	-122,586670
6295,097351	-120,979538
6295,770264	-121,239944
6296,443176	-121,027954
6297,116089	-121,525093
6297,789001	-122,515999
6298,461914	-122,182884
6299,134827	-120,628563
6299,807739	-123,380188
6300,480652	-123,819580
6301,153564	-122,132080
6301,826477	-122,523659
6302,499390	-122,652245
6303,172302	-122,839622
6303,845215	-121,247917
6304,518127	-119,551308
6305,191040	-119,827209
6305,863953	-121,531273
6306,536865	-122,741371
6307,209778	-122,891853
6307,882690	-124,118340
6308,555603	-123,487907
6309,228516	-121,173111
6309,901428	-121,350822
6310,574341	-122,259148
6311,247253	-122,609711
6311,920166	-122,463432
6312,593079	-120,689789
6313,265991	-120,904236
6313,938904	-120,511414
6314,611816	-121,260254
6315,284729	-123,202538
6315,957642	-123,750328
6316,630554	-122,940819
6317,303467	-122,131012
6317,976379	-122,553391
6318,649292	-123,733803
6319,322205	-122,584778
6319,995117	-122,082191
6320,668030	-122,970734
6321,340942	-124,185448
6322,013855	-123,361221
6322,686768	-123,040489
6323,359680	-122,334946
6324,032593	-121,421471
6324,705505	-121,484642
6325,378418	-123,413055
6326,051331	-123,354141
6326,724243	-122,301384
6327,397156	-122,100700
6328,070068	-123,990494
6328,742981	-123,401703
6329,415894	-123,839226
6330,088806	-123,511971
6330,761719	-124,117226
6331,434631	-122,735329
6332,107544	-121,705528
6332,780457	-121,343689
6333,453369	-121,284378
6334,126282	-121,992249
6334,799194	-123,753441
6335,472107	-122,380264
6336,145020	-123,423981
6336,817932	-122,799011
6337,490845	-121,254585
6338,163757	-123,111763
6338,836670	-122,263474
6339,509583	-122,868813
6340,182495	-121,196220
6340,855408	-120,909828
6341,528320	-122,133293
6342,201233	-121,684258
6342,874146	-121,851143
6343,547058	-123,534088
6344,219971	-124,157631
6344,892883	-123,117661
6345,565796	-122,171745
6346,238708	-121,545540
6346,911621	-120,899338
6347,584534	-122,089470
6348,257446	-122,593239
6348,930359	-122,609200
6349,603271	-123,022499
6350,276184	-122,465523
6350,949097	-121,311485
6351,622009	-121,720421
6352,294922	-121,411072
6352,967834	-120,478806
6353,640747	-121,213112
6354,313660	-123,060165
6354,986572	-123,166542
6355,659485	-122,820320
6356,332397	-121,956810
6357,005310	-122,330650
6357,678223	-122,561569
6358,351135	-121,856552
6359,024048	-121,650253
6359,696960	-122,959686
6360,369873	-122,004143
6361,042786	-122,044586
6361,715698	-121,965744
6362,388611	-121,784637
6363,061523	-120,577354
6363,734436	-121,377914
6364,407349	-120,455429
6365,080261	-120,577065
6365,753174	-122,657379
6366,426086	-122,926933
6367,098999	-122,385063
6367,771912	-123,993500
6368,444824	-123,884438
6369,117737	-123,058426
6369,790649	-123,479088
6370,463562	-123,733765
6371,136475	-122,081856
6371,809387	-121,415649
6372,482300	-121,576523
6373,155212	-123,131004
6373,828125	-122,006729
6374,501038	-122,100937
6375,173950	-123,044647
6375,846863	-123,647163
6376,519775	-122,966248
6377,192688	-121,198540
6377,865601	-122,053123
6378,538513	-122,345192
6379,211426	-123,999237
6379,884338	-122,508339
6380,557251	-120,522652
6381,230164	-122,302078
6381,903076	-122,346725
6382,575989	-121,287056
6383,248901	-120,407639
6383,921814	-122,049774
6384,594727	-121,271736
6385,267639	-120,843407
6385,940552	-121,737129
6386,613464	-124,986916
6387,286377	-124,011246
6387,959290	-124,086815
6388,632202	-122,744675
6389,305115	-122,143227
6389,978027	-122,366531
6390,650940	-124,357033
6391,323853	-123,243835
6391,996765	-122,564468
6392,669678	-120,588089
6393,342590	-121,301071
6394,015503	-121,606026
6394,688416	-123,324364
6395,361328	-124,442253
6396,034241	-121,341400
6396,707153	-121,002266
6397,380066	-121,956512
6398,052979	-122,940262
6398,725891	-122,844582
6399,398804	-120,161591
6400,071716	-119,961021
6400,744629	-122,565445
6401,417542	-123,959473
6402,090454	-125,229782
6402,763367	-123,104477
6403,436279	-120,438316
6404,109192	-120,994675
6404,782104	-122,038094
6405,455017	-122,394173
6406,127930	-123,217354
6406,800842	-122,367493
6407,473755	-121,335945
6408,146667	-120,283180
6408,819580	-120,854935
6409,492493	-121,180733
6410,165405	-122,211792
6410,838318	-122,538635
6411,511230	-121,313744
6412,184143	-121,778473
6412,857056	-122,794800
6413,529968	-123,027008
6414,202881	-122,586281
6414,875793	-120,871956
6415,548706	-122,289680
6416,221619	-123,203766
6416,894531	-123,510986
6417,567444	-126,134254
6418,240356	-125,071442
6418,913269	-122,501427
6419,586182	-123,462296
6420,259094	-122,473099
6420,932007	-122,685570
6421,604919	-122,662605
6422,277832	-123,978203
6422,950745	-123,095154
6423,623657	-123,154999
6424,296570	-122,173012
6424,969482	-122,070610
6425,642395	-122,030609
6426,315308	-122,713181
6426,988220	-123,064377
6427,661133	-123,111359
6428,334045	-123,481277
6429,006958	-122,725830
6429,679871	-123,624786
6430,352783	-122,774872
6431,025696	-122,143112
6431,698608	-123,521828
6432,371521	-124,827972
6433,044434	-122,580353
6433,717346	-119,743156
6434,390259	-122,170555
6435,063171	-125,041199
6435,736084	-123,263184
6436,408997	-122,754356
6437,081909	-123,826118
6437,754822	-123,218231
6438,427734	-123,743713
6439,100647	-121,535492
6439,773560	-121,077675
6440,446472	-121,878708
6441,119385	-121,610947
6441,792297	-121,154602
6442,465210	-123,709030
6443,138123	-121,966835
6443,811035	-120,928009
6444,483948	-123,150856
6445,156860	-122,112968
6445,829773	-120,586395
6446,502686	-121,365868
6447,175598	-120,920357
6447,848511	-121,956421
6448,521423	-124,408585
6449,194336	-122,967758
6449,867249	-122,307526
6450,540161	-121,195671
6451,213074	-121,661644
6451,885986	-122,116165
6452,558899	-121,649033
6453,231812	-121,669586
6453,904724	-122,159660
6454,577637	-121,361702
6455,250549	-121,771667
6455,923462	-120,602592
6456,596375	-120,641663
6457,269287	-121,161751
6457,942200	-122,065819
6458,615112	-122,673019
6459,288025	-122,645164
6459,960938	-122,217941
6460,633850	-122,905495
6461,306763	-122,492569
6461,979675	-119,981163
6462,652588	-120,471359
6463,325500	-122,769554
6463,998413	-122,433281
6464,671326	-122,449165
6465,344238	-122,770393
6466,017151	-122,226021
6466,690063	-122,353401
6467,362976	-124,338257
6468,035889	-122,393837
6468,708801	-119,818214
6469,381714	-119,200302
6470,054626	-121,186264
6470,727539	-122,166252
6471,400452	-121,639168
6472,073364	-122,605995
6472,746277	-123,054535
6473,419189	-120,701790
6474,092102	-121,361687
6474,765015	-123,103722
6475,437927	-122,577324
6476,110840	-123,025879
6476,783752	-123,504745
6477,456665	-125,098946
6478,129578	-124,060844
6478,802490	-123,041702
6479,475403	-124,888695
6480,148315	-122,579910
6480,821228	-123,126534
6481,494141	-122,196106
6482,167053	-122,837242
6482,839966	-123,415520
6483,512878	-123,007095
6484,185791	-122,654480
6484,858704	-122,008499
6485,531616	-121,555305
6486,204529	-122,971939
6486,877441	-122,650070
6487,550354	-122,113853
6488,223267	-123,342445
6488,896179	-124,081810
6489,569092	-123,809837
6490,242004	-123,682762
6490,914917	-123,235886
6491,587830	-123,166565
6492,260742	-122,021713
6492,933655	-120,754593
6493,606567	-119,482491
6494,279480	-120,110031
6494,952393	-122,016914
6495,625305	-123,593567
6496,298218	-123,866478
6496,971130	-122,950348
6497,644043	-122,892197
6498,316956	-121,740852
6498,989868	-121,625610
6499,662781	-123,015419
6500,335693	-122,067665
6501,008606	-121,626602
6501,681519	-121,790497
6502,354431	-121,524704
6503,027344	-122,728912
6503,700256	-123,905746
6504,373169	-122,061378
6505,046082	-120,886780
6505,718994	-121,734802
6506,391907	-121,481209
6507,064819	-121,871346
6507,737732	-123,863976
6508,410645	-123,369621
6509,083557	-122,432640
6509,756470	-121,010132
6510,429382	-120,041382
6511,102295	-123,058167
6511,775208	-123,668167
6512,448120	-123,738541
6513,121033	-124,772896
6513,793945	-122,566498
6514,466858	-122,601746
6515,139771	-120,978172
6515,812683	-121,273964
6516,485596	-120,628136
6517,158508	-121,329376
6517,831421	-123,560318
6518,504333	-122,694496
6519,177246	-120,828323
6519,850159	-120,579247
6520,523071	-121,356094
6521,195984	-121,712082
6521,868896	-121,126289
6522,541809	-122,165649
6523,214722	-121,244644
6523,887634	-121,683090
6524,560547	-121,955734
6525,233459	-120,841660
6525,906372	-121,745491
6526,579285	-122,282074
6527,252197	-122,141441
6527,925110	-123,555016
6528,598022	-124,194046
6529,270935	-122,001701
6529,943848	-122,137680
6530,616760	-122,726814
6531,289673	-121,388779
6531,962585	-121,327637
6532,635498	-122,590996
6533,308411	-122,077087
6533,981323	-121,929108
6534,654236	-121,341194
6535,327148	-120,533806
6536,000061	-121,546341
6536,672974	-120,666580
6537,345886	-121,127792
6538,018799	-121,914833
6538,691711	-121,671852
6539,364624	-122,495987
6540,037537	-121,071846
6540,710449	-122,263260
6541,383362	-122,638771
6542,056274	-120,607025
6542,729187	-121,082916
6543,402100	-122,819450
6544,075012	-121,275375
6544,747925	-123,062836
6545,420837	-121,750793
6546,093750	-123,347191
6546,766663	-122,296532
6547,439575	-120,344460
6548,112488	-119,907387
6548,785400	-120,723343
6549,458313	-121,577499
6550,131226	-122,498047
6550,804138	-123,665718
6551,477051	-124,369247
6552,149963	-124,841316
6552,822876	-123,416451
6553,495789	-123,213570
6554,168701	-121,765999
6554,841614	-122,700806
6555,514526	-123,359367
6556,187439	-122,806274
6556,860352	-122,263512
6557,533264	-122,419144
6558,206177	-121,742874
6558,879089	-121,477135
6559,552002	-123,755959
6560,224915	-125,127808
6560,897827	-124,913956
6561,570740	-121,484512
6562,243652	-120,279518
6562,916565	-122,811043
6563,589478	-122,389313
6564,262390	-121,041710
6564,935303	-121,877617
6565,608215	-123,637802
6566,281128	-122,374191
6566,954041	-120,401375
6567,626953	-122,223557
6568,299866	-121,150612
6568,972778	-119,990143
6569,645691	-121,690422
6570,318604	-123,144806
6570,991516	-124,718437
6571,664429	-122,047188
6572,337341	-120,824219
6573,010254	-122,931984
6573,683167	-123,536842
6574,356079	-122,802414
6575,028992	-122,513855
6575,701904	-122,084297
6576,374817	-122,067711
6577,047729	-123,291298
6577,720642	-123,096336
6578,393555	-122,543930
6579,066467	-121,748901
6579,739380	-121,590378
6580,412292	-121,909355
6581,085205	-121,873451
6581,758118	-122,472443
6582,431030	-122,184494
6583,103943	-122,630539
6583,776855	-122,241592
6584,449768	-122,890701
6585,122681	-123,519150
6585,795593	-121,588394
6586,468506	-120,861198
6587,141418	-121,305679
6587,814331	-123,292404
6588,487244	-122,560760
6589,160156	-121,632004
6589,833069	-120,534874
6590,505981	-122,679382
6591,178894	-123,005852
6591,851807	-122,326462
6592,524719	-121,641083
6593,197632	-121,376877
6593,870544	-122,451347
6594,543457	-121,199699
6595,216370	-121,479652
6595,889282	-121,746780
6596,562195	-121,961372
6597,235107	-123,080193
6597,908020	-122,060242
6598,580933	-120,262161
6599,253845	-120,764267
6599,926758	-120,809235
6600,599670	-121,862366
6601,272583	-121,399040
6601,945496	-122,152748
6602,618408	-123,375343
6603,291321	-123,294960
6603,964233	-122,581528
6604,637146	-123,745041
6605,310059	-123,376083
6605,982971	-122,541458
6606,655884	-122,063377
6607,328796	-121,296013
6608,001709	-121,114754
6608,674622	-121,163925
6609,347534	-121,349174
6610,020447	-120,145958
6610,693359	-122,699707
6611,366272	-123,871063
6612,039185	-121,589874
6612,712097	-122,516518
6613,385010	-123,261406
6614,057922	-122,449234
6614,730835	-121,660774
6615,403748	-122,768478
6616,076660	-122,405853
6616,749573	-123,209755
6617,422485	-124,084877
6618,095398	-122,364784
6618,768311	-121,025558
6619,441223	-122,495247
6620,114136	-123,527855
6620,787048	-122,089088
6621,459961	-122,576439
6622,132874	-122,537201
6622,805786	-122,792015
6623,478699	-122,419373
6624,151611	-122,337120
6624,824524	-120,967033
6625,497437	-120,861740
6626,170349	-122,772263
6626,843262	-123,189186
6627,516174	-121,519005
6628,189087	-121,695236
6628,862000	-122,983238
6629,534912	-121,968300
6630,207825	-122,786346
6630,880737	-121,525398
6631,553650	-120,838478
6632,226562	-121,333710
6632,899475	-121,095032
6633,572388	-121,637070
6634,245300	-123,321526
6634,918213	-122,790207
6635,591125	-122,528198
6636,264038	-124,334785
6636,936951	-122,748856
6637,609863	-121,602325
6638,282776	-120,307571
6638,955688	-121,947014
6639,628601	-122,235870
6640,301514	-122,631409
6640,974426	-121,714821
6641,647339	-121,397430
6642,320251	-121,536835
6642,993164	-123,554146
6643,666077	-123,044357
6644,338989	-121,787575
6645,011902	-120,999352
6645,684814	-120,749031
6646,357727	-121,135635
6647,030640	-120,778236
6647,703552	-121,923889
6648,376465	-122,736389
6649,049377	-120,088333
6649,722290	-120,157768
6650,395203	-121,405106
6651,068115	-121,801926
6651,741028	-122,167793
6652,413940	-121,950935
6653,086853	-120,845741
6653,759766	-120,326523
6654,432678	-123,287338
6655,105591	-125,020332
6655,778503	-124,444862
6656,451416	-122,477119
6657,124329	-121,824272
6657,797241	-122,258698
6658,470154	-121,544388
6659,143066	-120,963104
6659,815979	-122,055000
6660,488892	-122,536461
6661,161804	-122,801933
6661,834717	-122,257599
6662,507629	-120,640160
6663,180542	-121,799713
6663,853455	-123,035011
6664,526367	-122,232063
6665,199280	-121,258629
6665,872192	-121,771591
6666,545105	-122,315125
6667,218018	-121,856209
6667,890930	-120,101501
6668,563843	-122,012733
6669,236755	-123,735474
6669,909668	-123,045609
6670,582581	-122,690475
6671,255493	-121,298965
6671,928406	-122,628021
6672,601318	-122,502754
6673,274231	-122,667458
6673,947144	-123,189453
6674,620056	-123,070450
6675,292969	-123,283791
6675,965881	-123,704826
6676,638794	-124,529922
6677,311707	-122,519974
6677,984619	-120,456924
6678,657532	-120,804016
6679,330444	-122,549347
6680,003357	-121,866722
6680,676270	-121,412025
6681,349182	-121,440262
6682,022095	-122,489670
6682,695007	-123,194496
6683,367920	-123,316200
6684,040833	-122,426788
6684,713745	-123,232567
6685,386658	-122,630768
6686,059570	-123,244240
6686,732483	-121,786362
6687,405396	-120,569008
6688,078308	-119,656830
6688,751221	-120,411865
6689,424133	-121,093330
6690,097046	-121,230621
6690,769958	-122,037643
6691,442871	-123,197105
6692,115784	-121,617897
6692,788696	-122,063889
6693,461609	-121,103371
6694,134521	-122,949455
6694,807434	-122,886597
6695,480347	-121,436195
6696,153259	-121,411934
6696,826172	-121,901054
6697,499084	-122,576241
6698,171997	-123,538651
6698,844910	-124,471161
6699,517822	-122,833107
6700,190735	-120,769539
6700,863647	-120,502625
6701,536560	-121,554886
6702,209473	-123,715981
6702,882385	-123,072815
6703,555298	-121,699471
6704,228210	-120,702751
6704,901123	-122,515221
6705,574036	-122,472725
6706,246948	-122,677750
6706,919861	-122,106308
6707,592773	-121,368408
6708,265686	-121,831390
6708,938599	-121,114311
6709,611511	-120,642761
6710,284424	-123,220749
6710,957336	-122,787155
6711,630249	-122,273979
6712,303162	-120,897881
6712,976074	-121,603050
6713,648987	-122,794235
6714,321899	-123,285889
6714,994812	-123,189720
6715,667725	-122,740013
6716,340637	-121,847397
6717,013550	-122,181999
6717,686462	-121,929474
6718,359375	-121,399681
6719,032288	-121,048325
6719,705200	-122,308578
6720,378113	-123,264076
6721,051025	-122,837952
6721,723938	-122,923660
6722,396851	-123,297440
6723,069763	-122,919930
6723,742676	-120,479164
6724,415588	-121,412758
6725,088501	-120,580475
6725,761414	-119,996964
6726,434326	-122,000946
6727,107239	-122,826729
6727,780151	-122,309486
6728,453064	-121,703087
6729,125977	-121,184982
6729,798889	-121,302002
6730,471802	-121,634262
6731,144714	-123,326721
6731,817627	-123,085800
6732,490540	-121,957214
6733,163452	-122,834190
6733,836365	-122,506386
6734,509277	-121,952896
6735,182190	-123,499054
6735,855103	-123,434326
6736,528015	-124,009148
6737,200928	-122,065643
6737,873840	-121,940643
6738,546753	-121,363907
6739,219666	-122,419777
6739,892578	-123,910866
6740,565491	-124,307426
6741,238403	-122,662415
6741,911316	-121,338379
6742,584229	-123,046631
6743,257141	-123,239807
6743,930054	-123,758621
6744,602966	-122,587959
6745,275879	-121,144493
6745,948792	-120,997078
6746,621704	-121,245369
6747,294617	-122,106712
6747,967529	-122,277618
6748,640442	-124,098488
6749,313354	-124,058846
6749,986267	-121,958374
6750,659180	-122,921814
6751,332092	-122,871071
6752,005005	-122,874168
6752,677917	-122,136169
6753,350830	-121,949188
6754,023743	-121,973503
6754,696655	-120,909019
6755,369568	-122,749718
6756,042480	-121,992523
6756,715393	-121,627556
6757,388306	-121,219093
6758,061218	-121,711647
6758,734131	-121,715897
6759,407043	-123,865875
6760,079956	-123,409279
6760,752869	-122,605659
6761,425781	-119,921265
6762,098694	-120,916260
6762,771606	-122,636284
6763,444519	-123,721092
6764,117432	-122,523788
6764,790344	-121,969376
6765,463257	-121,896149
6766,136169	-122,300781
6766,809082	-121,406898
6767,481995	-120,866150
6768,154907	-121,141792
6768,827820	-122,175911
6769,500732	-122,668198
6770,173645	-123,538414
6770,846558	-122,034271
6771,519470	-121,526939
6772,192383	-122,405121
6772,865295	-123,106033
6773,538208	-124,069496
6774,211121	-123,100288
6774,884033	-121,298897
6775,556946	-120,157074
6776,229858	-121,636871
6776,902771	-122,509781
6777,575684	-122,503136
6778,248596	-123,573433
6778,921509	-123,504692
6779,594421	-123,863617
6780,267334	-121,679504
6780,940247	-121,915321
6781,613159	-121,482353
6782,286072	-121,951012
6782,958984	-123,869537
6783,631897	-123,612579
6784,304810	-122,947853
6784,977722	-123,199860
6785,650635	-123,517197
6786,323547	-123,107155
6786,996460	-123,239037
6787,669373	-124,055634
6788,342285	-122,360115
6789,015198	-121,099564
6789,688110	-121,152023
6790,361023	-122,882874
6791,033936	-122,376633
6791,706848	-121,498390
6792,379761	-121,950027
6793,052673	-122,386276
6793,725586	-120,769569
6794,398499	-120,857559
6795,071411	-122,363480
6795,744324	-122,489113
6796,417236	-122,295952
6797,090149	-121,984566
6797,763062	-121,295586
6798,435974	-121,443817
6799,108887	-121,457848
6799,781799	-121,819420
6800,454712	-122,539955
6801,127625	-122,445259
6801,800537	-121,605476
6802,473450	-121,573387
6803,146362	-123,745384
6803,819275	-123,380585
6804,492188	-122,604362
6805,165100	-122,218987
6805,838013	-122,280128
6806,510925	-123,333870
6807,183838	-122,449532
6807,856750	-120,143555
6808,529663	-120,915131
6809,202576	-122,578667
6809,875488	-121,765816
6810,548401	-120,020355
6811,221313	-121,036354
6811,894226	-122,429779
6812,567139	-123,827774
6813,240051	-122,356483
6813,912964	-122,796844
6814,585876	-125,415932
6815,258789	-122,604736
6815,931702	-123,005272
6816,604614	-123,297112
6817,277527	-121,884186
6817,950439	-121,010544
6818,623352	-121,116699
6819,296265	-121,971146
6819,969177	-122,351814
6820,642090	-122,923141
6821,315002	-121,499855
6821,987915	-120,654854
6822,660828	-121,705353
6823,333740	-122,138962
6824,006653	-122,774994
6824,679565	-122,476547
6825,352478	-122,018089
6826,025391	-120,993675
6826,698303	-121,404488
6827,371216	-123,741226
6828,044128	-122,920700
6828,717041	-122,939255
6829,389954	-121,504005
6830,062866	-121,969589
6830,735779	-122,943871
6831,408691	-123,791283
6832,081604	-122,548126
6832,754517	-121,712044
6833,427429	-122,734390
6834,100342	-124,266266
6834,773254	-122,653976
6835,446167	-121,376862
6836,119080	-121,620468
6836,791992	-123,426956
6837,464905	-123,041550
6838,137817	-122,702133
6838,810730	-122,588020
6839,483643	-120,701256
6840,156555	-121,097267
6840,829468	-123,188934
6841,502380	-122,735657
6842,175293	-121,886482
6842,848206	-122,270851
6843,521118	-122,194969
6844,194031	-121,159554
6844,866943	-121,090042
6845,539856	-121,946136
6846,212769	-122,387817
6846,885681	-121,359917
6847,558594	-121,715263
6848,231506	-122,616264
6848,904419	-121,423912
6849,577332	-121,011375
6850,250244	-121,910332
6850,923157	-121,577225
6851,596069	-122,578041
6852,268982	-123,066666
6852,941895	-122,747025
6853,614807	-123,902145
6854,287720	-121,806458
6854,960632	-121,568207
6855,633545	-122,017029
6856,306458	-123,803047
6856,979370	-123,360352
6857,652283	-123,041695
6858,325195	-122,176476
6858,998108	-122,745689
6859,671021	-123,594376
6860,343933	-124,288979
6861,016846	-123,238029
6861,689758	-123,414986
6862,362671	-121,173317
6863,035583	-121,767792
6863,708496	-122,052727
6864,381409	-121,309303
6865,054321	-122,320190
6865,727234	-120,791176
6866,400146	-121,147438
6867,073059	-121,557220
6867,745972	-122,046158
6868,418884	-121,734596
6869,091797	-123,413315
6869,764709	-122,733910
6870,437622	-122,926163
6871,110535	-123,261536
6871,783447	-123,542976
6872,456360	-123,754799
6873,129272	-124,149826
6873,802185	-122,597267
6874,475098	-122,842804
6875,148010	-121,893707
6875,820923	-120,973526
6876,493835	-121,269241
6877,166748	-121,566643
6877,839661	-121,847923
6878,512573	-122,061523
6879,185486	-121,684723
6879,858398	-121,069344
6880,531311	-122,012321
6881,204224	-122,374832
6881,877136	-121,277657
6882,550049	-121,780403
6883,222961	-122,316887
6883,895874	-122,076637
6884,568787	-123,770447
6885,241699	-121,181396
6885,914612	-121,383781
6886,587524	-121,047989
6887,260437	-121,409721
6887,933350	-122,368103
6888,606262	-121,899094
6889,279175	-121,775864
6889,952087	-122,627983
6890,625000	-123,369308
6891,297913	-122,840149
6891,970825	-122,931335
6892,643738	-121,679642
6893,316650	-121,813065
6893,989563	-121,979881
6894,662476	-122,354347
6895,335388	-121,475533
6896,008301	-121,645409
6896,681213	-122,310699
6897,354126	-123,344627
6898,027039	-122,839378
6898,699951	-122,471542
6899,372864	-122,033157
6900,045776	-122,372223
6900,718689	-122,197815
6901,391602	-122,528885
6902,064514	-122,391479
6902,737427	-123,605942
6903,410339	-121,713905
6904,083252	-121,745453
6904,756165	-120,546928
6905,429077	-120,900009
6906,101990	-123,186600
6906,774902	-122,356339
6907,447815	-120,720299
6908,120728	-122,005272
6908,793640	-122,597351
6909,466553	-121,725349
6910,139465	-121,817467
6910,812378	-121,348167
6911,485291	-120,819099
6912,158203	-122,283203
6912,831116	-123,757095
6913,504028	-123,074982
6914,176941	-122,638672
6914,849854	-123,409592
6915,522766	-121,808876
6916,195679	-121,356140
6916,868591	-122,803337
6917,541504	-123,619591
6918,214417	-123,059464
6918,887329	-124,201225
6919,560242	-123,905350
6920,233154	-122,220215
6920,906067	-121,464912
6921,578979	-121,458267
6922,251892	-120,758087
6922,924805	-121,550339
6923,597717	-123,210991
6924,270630	-122,430603
6924,943542	-122,134109
6925,616455	-122,579773
6926,289368	-122,348328
6926,962280	-123,749016
6927,635193	-122,055870
6928,308105	-122,459305
6928,981018	-122,765938
6929,653931	-122,464806
6930,326843	-123,024750
6930,999756	-122,839622
6931,672668	-120,599693
6932,345581	-122,615791
6933,018494	-122,282066
6933,691406	-122,308838
6934,364319	-122,433548
6935,037231	-121,648911
6935,710144	-120,497780
6936,383057	-119,910919
6937,055969	-121,032173
6937,728882	-121,009232
6938,401794	-121,945724
6939,074707	-121,543594
6939,747620	-122,172348
6940,420532	-122,640106
6941,093445	-121,627998
6941,766357	-120,568787
6942,439270	-120,281303
6943,112183	-119,941193
6943,785095	-120,520485
6944,458008	-120,602249
6945,130920	-123,301811
6945,803833	-123,136742
6946,476746	-122,863068
6947,149658	-121,748688
6947,822571	-122,215080
6948,495483	-123,478035
6949,168396	-124,098137
6949,841309	-122,220520
6950,514221	-122,247505
6951,187134	-121,617851
6951,860046	-120,518272
6952,532959	-122,353951
6953,205872	-121,726494
6953,878784	-120,412079
6954,551697	-122,070351
6955,224609	-123,113472
6955,897522	-121,587639
6956,570435	-121,425743
6957,243347	-121,879105
6957,916260	-121,705238
6958,589172	-120,940346
6959,262085	-121,554718
6959,934998	-122,720711
6960,607910	-123,121208
6961,280823	-121,028770
6961,953735	-119,880348
6962,626648	-120,661736
6963,299561	-120,722641
6963,972473	-123,079262
6964,645386	-122,425468
6965,318298	-122,866249
6965,991211	-123,563881
6966,664124	-122,132980
6967,337036	-121,628082
6968,009949	-122,902435
6968,682861	-121,783127
6969,355774	-121,893349
6970,028687	-121,144203
6970,701599	-122,773491
6971,374512	-121,824562
6972,047424	-121,898483
6972,720337	-123,957024
6973,393250	-121,561089
6974,066162	-123,374329
6974,739075	-124,734627
6975,411987	-123,762161
6976,084900	-124,111664
6976,757812	-122,744057
6977,430725	-121,276909
6978,103638	-120,785385
6978,776550	-121,891762
6979,449463	-122,713463
6980,122375	-121,174820
6980,795288	-122,378319
6981,468201	-122,078682
6982,141113	-120,580193
6982,814026	-121,928177
6983,486938	-122,696617
6984,159851	-123,598152
6984,832764	-124,765381
6985,505676	-123,234680
6986,178589	-123,993729
6986,851501	-123,076935
6987,524414	-121,773514
6988,197327	-121,690720
6988,870239	-121,438942
6989,543152	-122,588272
6990,216064	-122,255539
6990,888977	-121,929390
6991,561890	-121,304665
6992,234802	-121,847420
6992,907715	-122,019058
6993,580627	-122,429420
6994,253540	-123,270386
6994,926453	-123,413582
6995,599365	-123,322289
6996,272278	-121,715309
6996,945190	-121,793488
6997,618103	-123,822784
6998,291016	-122,320656
6998,963928	-122,796417
6999,636841	-124,088783
7000,309753	-123,210182
7000,982666	-121,810242
7001,655579	-122,859253
7002,328491	-122,844414
7003,001404	-121,481888
7003,674316	-122,425194
7004,347229	-123,474983
7005,020142	-122,160820
7005,693054	-123,149170
7006,365967	-122,740990
7007,038879	-122,162735
7007,711792	-122,884682
7008,384705	-122,025787
7009,057617	-120,378433
7009,730530	-120,642593
7010,403442	-121,529922
7011,076355	-122,881210
7011,749268	-122,997581
7012,422180	-122,995163
7013,095093	-122,618271
7013,768005	-122,385178
7014,440918	-123,069626
7015,113831	-125,070160
7015,786743	-125,429802
7016,459656	-122,586273
7017,132568	-122,709641
7017,805481	-122,988831
7018,478394	-122,976028
7019,151306	-122,300789
7019,824219	-122,113098
7020,497131	-123,833282
7021,170044	-124,528542
7021,842957	-123,083260
7022,515869	-121,601677
7023,188782	-123,894218
7023,861694	-123,921341
7024,534607	-121,652420
7025,207520	-122,103134
7025,880432	-122,676170
7026,553345	-123,388176
7027,226257	-123,442505
7027,899170	-122,739044
7028,572083	-121,569321
7029,244995	-124,042557
7029,917908	-123,008461
7030,590820	-120,828194
7031,263733	-121,554260
7031,936646	-121,962265
7032,609558	-121,996696
7033,282471	-121,964561
7033,955383	-123,747810
7034,628296	-121,098145
7035,301208	-120,507545
7035,974121	-122,070862
7036,647034	-121,705833
7037,319946	-122,675034
7037,992859	-121,837189
7038,665771	-121,388618
7039,338684	-120,850616
7040,011597	-122,248978
7040,684509	-122,060287
7041,357422	-121,018791
7042,030334	-121,126244
7042,703247	-120,642670
7043,376160	-121,291405
7044,049072	-121,111610
7044,721985	-121,589691
7045,394897	-121,004845
7046,067810	-120,624245
7046,740723	-122,920204
7047,413635	-121,958221
7048,086548	-121,634254
7048,759460	-121,503807
7049,432373	-121,352638
7050,105286	-122,055962
7050,778198	-122,024979
7051,451111	-123,025482
7052,124023	-122,525002
7052,796936	-122,234772
7053,469849	-121,151810
7054,142761	-121,172050
7054,815674	-121,621994
7055,488586	-123,831909
7056,161499	-124,916664
7056,834412	-122,822517
7057,507324	-123,407944
7058,180237	-122,432945
7058,853149	-121,630058
7059,526062	-121,074692
7060,198975	-121,673721
7060,871887	-120,525536
7061,544800	-121,772385
7062,217712	-121,803345
7062,890625	-121,595619
7063,563538	-123,092400
7064,236450	-121,598534
7064,909363	-121,173759
7065,582275	-122,208466
7066,255188	-121,427620
7066,928101	-121,555733
7067,601013	-123,214333
7068,273926	-122,675102
7068,946838	-123,270584
7069,619751	-123,671562
7070,292664	-123,121605
7070,965576	-123,268166
7071,638489	-121,485222
7072,311401	-120,860367
7072,984314	-120,665009
7073,657227	-122,548752
7074,330139	-122,871605
7075,003052	-122,866402
7075,675964	-121,575775
7076,348877	-121,697632
7077,021790	-121,926880
7077,694702	-120,887886
7078,367615	-119,740822
7079,040527	-121,477486
7079,713440	-122,537842
7080,386353	-121,939529
7081,059265	-122,555504
7081,732178	-122,751465
7082,405090	-122,781189
7083,078003	-121,879662
7083,750916	-121,831085
7084,423828	-121,797409
7085,096741	-122,476280
7085,769653	-123,660172
7086,442566	-122,421806
7087,115479	-123,267845
7087,788391	-121,297089
7088,461304	-122,204269
7089,134216	-122,077797
7089,807129	-123,078270
7090,480042	-121,961037
7091,152954	-122,396347
7091,825867	-121,015205
7092,498779	-120,834663
7093,171692	-122,793129
7093,844604	-122,803162
7094,517517	-122,581238
7095,190430	-121,948532
7095,863342	-121,175690
7096,536255	-121,742584
7097,209167	-121,337578
7097,882080	-121,676178
7098,554993	-123,092278
7099,227905	-121,710190
7099,900818	-122,884743
7100,573730	-122,687103
7101,246643	-121,501663
7101,919556	-123,107307
7102,592468	-122,167915
7103,265381	-121,618904
7103,938293	-120,326103
7104,611206	-120,875801
7105,284119	-122,096672
7105,957031	-122,078781
7106,629944	-121,323509
7107,302856	-121,512070
7107,975769	-122,450378
7108,648682	-121,390411
7109,321594	-120,011574
7109,994507	-120,750404
7110,667419	-122,746407
7111,340332	-121,200798
7112,013245	-121,704369
7112,686157	-123,021530
7113,359070	-123,998970
7114,031982	-123,358505
7114,704895	-125,023460
7115,377808	-123,359047
7116,050720	-123,397133
7116,723633	-123,609901
7117,396545	-124,796669
7118,069458	-123,043243
7118,742371	-122,737350
7119,415283	-123,794144
7120,088196	-121,934753
7120,761108	-120,910713
7121,434021	-122,151711
7122,106934	-121,810410
7122,779846	-122,473938
7123,452759	-122,630981
7124,125671	-121,674576
7124,798584	-122,650124
7125,471497	-122,684898
7126,144409	-122,396973
7126,817322	-121,539719
7127,490234	-122,615730
7128,163147	-121,373856
7128,836060	-120,508202
7129,508972	-120,755028
7130,181885	-121,338104
7130,854797	-121,628395
7131,527710	-122,601639
7132,200623	-121,979561
7132,873535	-122,013718
7133,546448	-120,715683
7134,219360	-120,883919
7134,892273	-122,614571
7135,565186	-120,814125
7136,238098	-122,027977
7136,911011	-123,037109
7137,583923	-120,194664
7138,256836	-121,704422
7138,929749	-122,980270
7139,602661	-124,204895
7140,275574	-123,048103
7140,948486	-123,005150
7141,621399	-123,344460
7142,294312	-124,694946
7142,967224	-122,401611
7143,640137	-124,237030
7144,313049	-124,915619
7144,985962	-123,789230
7145,658875	-123,242912
7146,331787	-122,434441
7147,004700	-121,012978
7147,677612	-121,571877
7148,350525	-122,566971
7149,023438	-123,962753
7149,696350	-122,112831
7150,369263	-122,079697
7151,042175	-121,842751
7151,715088	-122,271416
7152,388000	-122,006874
7153,060913	-122,334602
7153,733826	-122,825165
7154,406738	-122,495918
7155,079651	-121,451317
7155,752563	-121,380791
7156,425476	-121,850258
7157,098389	-123,242218
7157,771301	-122,696198
7158,444214	-121,400162
7159,117126	-123,193336
7159,790039	-124,013229
7160,462952	-123,022804
7161,135864	-122,239441
7161,808777	-122,457390
7162,481689	-121,907768
7163,154602	-121,408844
7163,827515	-121,789482
7164,500427	-123,367966
7165,173340	-122,827202
7165,846252	-122,338959
7166,519165	-121,893974
7167,192078	-123,054146
7167,864990	-121,896568
7168,537903	-120,907784
7169,210815	-122,113106
7169,883728	-120,603874
7170,556641	-120,974045
7171,229553	-122,518166
7171,902466	-122,936874
7172,575378	-123,187408
7173,248291	-123,971024
7173,921204	-120,350983
7174,594116	-119,912941
7175,267029	-121,157509
7175,939941	-123,281517
7176,612854	-122,660484
7177,285767	-122,785713
7177,958679	-122,308723
7178,631592	-123,771034
7179,304504	-124,754707
7179,977417	-123,027893
7180,650330	-122,096245
7181,323242	-122,833359
7181,996155	-122,679665
7182,669067	-122,571381
7183,341980	-122,265549
7184,014893	-121,375755
7184,687805	-121,618492
7185,360718	-121,350136
7186,033630	-122,727219
7186,706543	-122,441383
7187,379456	-121,970924
7188,052368	-122,891907
7188,725281	-123,274048
7189,398193	-123,128769
7190,071106	-122,382523
7190,744019	-121,043159
7191,416931	-120,381310
7192,089844	-121,253448
7192,762756	-122,436714
7193,435669	-121,762627
7194,108582	-122,089661
7194,781494	-123,624054
7195,454407	-123,732681
7196,127319	-121,955109
7196,800232	-122,919403
7197,473145	-121,899590
7198,146057	-120,995911
7198,818970	-121,964073
7199,491882	-122,217781
7200,164795	-122,404251
7200,837708	-122,102921
7201,510620	-120,492020
7202,183533	-121,188980
7202,856445	-123,528061
7203,529358	-123,444908
7204,202271	-122,091141
7204,875183	-121,895699
7205,548096	-122,662468
7206,221008	-122,063034
7206,893921	-122,763504
7207,566833	-123,350945
7208,239746	-122,564896
7208,912659	-122,517021
7209,585571	-121,057968
7210,258484	-121,466995
7210,931396	-122,946663
7211,604309	-122,494331
7212,277222	-121,921463
7212,950134	-122,410881
7213,623047	-121,591980
7214,295959	-122,344025
7214,968872	-122,845055
7215,641785	-122,138885
7216,314697	-122,320335
7216,987610	-121,767906
7217,660522	-121,007332
7218,333435	-122,462601
7219,006348	-123,160774
7219,679260	-123,669258
7220,352173	-122,436035
7221,025085	-122,249908
7221,697998	-123,343475
7222,370911	-124,189270
7223,043823	-123,750992
7223,716736	-122,978653
7224,389648	-121,548378
7225,062561	-120,241577
7225,735474	-122,311470
7226,408386	-121,592201
7227,081299	-121,427109
7227,754211	-121,008453
7228,427124	-121,484550
7229,100037	-121,498840
7229,772949	-121,028534
7230,445862	-120,776756
7231,118774	-121,001549
7231,791687	-120,702797
7232,464600	-121,957680
7233,137512	-122,921341
7233,810425	-122,891449
7234,483337	-122,591682
7235,156250	-120,490074
7235,829163	-120,591583
7236,502075	-122,106804
7237,174988	-122,241348
7237,847900	-122,201584
7238,520813	-122,268677
7239,193726	-120,753448
7239,866638	-120,750038
7240,539551	-122,831886
7241,212463	-124,338470
7241,885376	-125,474838
7242,558289	-123,667938
7243,231201	-123,025146
7243,904114	-122,389359
7244,577026	-123,827606
7245,249939	-123,395287
7245,922852	-122,160362
7246,595764	-123,069420
7247,268677	-122,854012
7247,941589	-122,061607
7248,614502	-123,777908
7249,287415	-122,668747
7249,960327	-121,766953
7250,633240	-122,123589
7251,306152	-122,033592
7251,979065	-121,304321
7252,651978	-121,661423
7253,324890	-122,005325
7253,997803	-120,148705
7254,670715	-121,715981
7255,343628	-122,064346
7256,016541	-121,881165
7256,689453	-121,055084
7257,362366	-124,002213
7258,035278	-124,328751
7258,708191	-122,880997
7259,381104	-123,563042
7260,054016	-125,540787
7260,726929	-125,194038
7261,399841	-123,033936
7262,072754	-121,629448
7262,745667	-119,987953
7263,418579	-121,016090
7264,091492	-121,517487
7264,764404	-121,548958
7265,437317	-122,465843
7266,110229	-123,145020
7266,783142	-121,540466
7267,456055	-121,087082
7268,128967	-123,792847
7268,801880	-123,743568
7269,474792	-122,663116
7270,147705	-122,837639
7270,820618	-122,941673
7271,493530	-120,901306
7272,166443	-120,889175
7272,839355	-123,238480
7273,512268	-123,110191
7274,185181	-121,716171
7274,858093	-121,345963
7275,531006	-122,257118
7276,203918	-122,231064
7276,876831	-122,272675
7277,549744	-121,607857
7278,222656	-123,516167
7278,895569	-122,819519
7279,568481	-120,944679
7280,241394	-120,700287
7280,914307	-122,198532
7281,587219	-122,706230
7282,260132	-123,202057
7282,933044	-121,973663
7283,605957	-120,946297
7284,278870	-121,585854
7284,951782	-123,241371
7285,624695	-124,155670
7286,297607	-121,728859
7286,970520	-122,916183
7287,643433	-122,678131
7288,316345	-120,961281
7288,989258	-121,910110
7289,662170	-122,745079
7290,335083	-123,263611
7291,007996	-120,304588
7291,680908	-120,448761
7292,353821	-122,800262
7293,026733	-121,564552
7293,699646	-121,130890
7294,372559	-122,863503
7295,045471	-122,598045
7295,718384	-121,419418
7296,391296	-121,317253
7297,064209	-121,231842
7297,737122	-122,055191
7298,410034	-124,202980
7299,082947	-122,617401
7299,755859	-122,974869
7300,428772	-123,003876
7301,101685	-122,638390
7301,774597	-122,090149
7302,447510	-123,402611
7303,120422	-123,472885
7303,793335	-122,257980
7304,466248	-122,172577
7305,139160	-123,078972
7305,812073	-121,570763
7306,484985	-121,910217
7307,157898	-120,547714
7307,830811	-121,509544
7308,503723	-121,236740
7309,176636	-122,107582
7309,849548	-121,745819
7310,522461	-119,626266
7311,195374	-120,599930
7311,868286	-121,484833
7312,541199	-122,828865
7313,214111	-122,463402
7313,887024	-122,001503
7314,559937	-122,071861
7315,232849	-123,247559
7315,905762	-121,770424
7316,578674	-120,275055
7317,251587	-120,822578
7317,924500	-122,902779
7318,597412	-123,432404
7319,270325	-123,079819
7319,943237	-122,667274
7320,616150	-121,546883
7321,289062	-121,020821
7321,961975	-123,516365
7322,634888	-122,235252
7323,307800	-119,954956
7323,980713	-121,924133
7324,653625	-121,396400
7325,326538	-121,788269
7325,999451	-122,174492
7326,672363	-120,965797
7327,345276	-121,660797
7328,018188	-121,941223
7328,691101	-121,615837
7329,364014	-121,779495
7330,036926	-121,616013
7330,709839	-121,838974
7331,382751	-122,888428
7332,055664	-122,522362
7332,728577	-121,774872
7333,401489	-122,652000
7334,074402	-124,102776
7334,747314	-122,838554
7335,420227	-121,618988
7336,093140	-120,482307
7336,766052	-119,925430
7337,438965	-120,849098
7338,111877	-120,992203
7338,784790	-123,642570
7339,457703	-125,705238
7340,130615	-123,742371
7340,803528	-124,216690
7341,476440	-123,816093
7342,149353	-121,226387
7342,822266	-120,757576
7343,495178	-121,040634
7344,168091	-122,700691
7344,841003	-124,321861
7345,513916	-125,102936
7346,186829	-122,938957
7346,859741	-122,058022
7347,532654	-121,359055
7348,205566	-121,827217
7348,878479	-122,437935
7349,551392	-122,313065
7350,224304	-121,977081
7350,897217	-122,342308
7351,570129	-123,075447
7352,243042	-122,815132
7352,915955	-122,416405
7353,588867	-122,571877
7354,261780	-122,504227
7354,934692	-121,556221
7355,607605	-122,611771
7356,280518	-123,711983
7356,953430	-123,560577
7357,626343	-125,157310
7358,299255	-123,932579
7358,972168	-121,112526
7359,645081	-122,745445
7360,317993	-122,781311
7360,990906	-122,085258
7361,663818	-121,673241
7362,336731	-121,473557
7363,009644	-121,868095
7363,682556	-122,642464
7364,355469	-122,711441
7365,028381	-121,965538
7365,701294	-121,319382
7366,374207	-121,272964
7367,047119	-121,755264
7367,720032	-121,562004
7368,392944	-121,874817
7369,065857	-122,739426
7369,738770	-120,560600
7370,411682	-120,249664
7371,084595	-121,616425
7371,757507	-123,521828
7372,430420	-123,640709
7373,103333	-123,936127
7373,776245	-122,204163
7374,449158	-120,422066
7375,122070	-121,374588
7375,794983	-121,071907
7376,467896	-121,007004
7377,140808	-121,060356
7377,813721	-122,386826
7378,486633	-123,168869
7379,159546	-123,861755
7379,832458	-122,792282
7380,505371	-121,956337
7381,178284	-122,016319
7381,851196	-124,083618
7382,524109	-123,905624
7383,197021	-122,384453
7383,869934	-123,968735
7384,542847	-122,493767
7385,215759	-120,713676
7385,888672	-122,344879
7386,561584	-123,108948
7387,234497	-123,428139
7387,907410	-122,736465
7388,580322	-122,013130
7389,253235	-121,629944
7389,926147	-121,078545
7390,599060	-121,497940
7391,271973	-121,467613
7391,944885	-121,368263
7392,617798	-121,491348
7393,290710	-120,589211
7393,963623	-121,367722
7394,636536	-121,030052
7395,309448	-121,964279
7395,982361	-125,567520
7396,655273	-123,099007
7397,328186	-122,893654
7398,001099	-121,309837
7398,674011	-120,264191
7399,346924	-121,602348
7400,019836	-122,870178
7400,692749	-121,705719
7401,365662	-121,151970
7402,038574	-122,012878
7402,711487	-123,674194
7403,384399	-124,856544
7404,057312	-123,193146
7404,730225	-121,819733
7405,403137	-121,647705
7406,076050	-121,864410
7406,748962	-122,289726
7407,421875	-121,486549
7408,094788	-122,134369
7408,767700	-121,691612
7409,440613	-121,995453
7410,113525	-122,214317
7410,786438	-121,923256
7411,459351	-121,553268
7412,132263	-121,523804
7412,805176	-119,616318
7413,478088	-121,440887
7414,151001	-121,784294
7414,823914	-121,816994
7415,496826	-122,054039
7416,169739	-121,041840
7416,842651	-121,786850
7417,515564	-121,665085
7418,188477	-124,155739
7418,861389	-122,343185
7419,534302	-123,119560
7420,207214	-123,165527
7420,880127	-122,209381
7421,553040	-119,656372
7422,225952	-119,792290
7422,898865	-121,361839
7423,571777	-122,831871
7424,244690	-121,116592
7424,917603	-120,662193
7425,590515	-121,485146
7426,263428	-121,745453
7426,936340	-121,847221
7427,609253	-122,783035
7428,282166	-122,498795
7428,955078	-122,426857
7429,627991	-123,345024
7430,300903	-123,558975
7430,973816	-122,351692
7431,646729	-122,268120
7432,319641	-121,248543
7432,992554	-121,193718
7433,665466	-122,408745
7434,338379	-124,605286
7435,011292	-124,929878
7435,684204	-122,367302
7436,357117	-122,728111
7437,030029	-122,394676
7437,702942	-120,898499
7438,375854	-121,705421
7439,048767	-122,187355
7439,721680	-121,850739
7440,394592	-122,693916
7441,067505	-121,338814
7441,740417	-121,459778
7442,413330	-122,750916
7443,086243	-121,373947
7443,759155	-121,037125
7444,432068	-120,859352
7445,104980	-122,498001
7445,777893	-121,963661
7446,450806	-121,337898
7447,123718	-122,772942
7447,796631	-124,227425
7448,469543	-122,715462
7449,142456	-122,086357
7449,815369	-121,731453
7450,488281	-122,553528
7451,161194	-121,504036
7451,834106	-121,142342
7452,507019	-122,544914
7453,179932	-121,968025
7453,852844	-121,493851
7454,525757	-122,261681
7455,198669	-123,835587
7455,871582	-122,339714
7456,544495	-121,846962
7457,217407	-122,545670
7457,890320	-123,529854
7458,563232	-121,789345
7459,236145	-121,498093
7459,909058	-124,092392
7460,581970	-123,221748
7461,254883	-121,330055
7461,927795	-119,975212
7462,600708	-120,688835
7463,273621	-122,652702
7463,946533	-123,779976
7464,619446	-123,817528
7465,292358	-122,759529
7465,965271	-122,054886
7466,638184	-122,865929
7467,311096	-123,609787
7467,984009	-123,152435
7468,656921	-122,417236
7469,329834	-122,793022
7470,002747	-122,612793
7470,675659	-121,531570
7471,348572	-121,151001
7472,021484	-123,322334
7472,694397	-122,366623
7473,367310	-120,963692
7474,040222	-120,248329
7474,713135	-120,854797
7475,386047	-121,252502
7476,058960	-121,967529
7476,731873	-121,976913
7477,404785	-120,420860
7478,077698	-121,754829
7478,750610	-123,638428
7479,423523	-123,502899
7480,096436	-121,715836
7480,769348	-120,063255
7481,442261	-119,843742
7482,115173	-120,401131
7482,788086	-120,756126
7483,460999	-121,552261
7484,133911	-123,290047
7484,806824	-124,029770
7485,479736	-123,208405
7486,152649	-121,898026
7486,825562	-121,543663
7487,498474	-122,500664
7488,171387	-123,519753
7488,844299	-124,809036
7489,517212	-123,866333
7490,190125	-121,705811
7490,863037	-122,026154
7491,535950	-121,934479
7492,208862	-122,546959
7492,881775	-123,617928
7493,554688	-124,889549
7494,227600	-121,830261
7494,900513	-121,630325
7495,573425	-123,326263
7496,246338	-122,417374
7496,919250	-121,941803
7497,592163	-121,285934
7498,265076	-121,083282
7498,937988	-122,053146
7499,610901	-122,913460
7500,283813	-122,285522
7500,956726	-121,735649
7501,629639	-122,015411
7502,302551	-122,666260
7502,975464	-123,607407
7503,648376	-121,290833
7504,321289	-119,631531
7504,994202	-119,975845
7505,667114	-120,724365
7506,340027	-122,066490
7507,012939	-123,929825
7507,685852	-124,576042
7508,358765	-123,391426
7509,031677	-122,834358
7509,704590	-121,774689
7510,377502	-120,805237
7511,050415	-120,735779
7511,723328	-122,668983
7512,396240	-123,709282
7513,069153	-121,888329
7513,742065	-121,718224
7514,414978	-120,999123
7515,087891	-121,936783
7515,760803	-123,375198
7516,433716	-124,241432
7517,106628	-123,374123
7517,779541	-120,868423
7518,452454	-121,558853
7519,125366	-123,534775
7519,798279	-123,577438
7520,471191	-120,622559
7521,144104	-120,619911
7521,817017	-121,636948
7522,489929	-122,561256
7523,162842	-121,144684
7523,835754	-123,263062
7524,508667	-123,556946
7525,181580	-122,886658
7525,854492	-122,601334
7526,527405	-122,337128
7527,200317	-121,128212
7527,873230	-121,913063
7528,546143	-122,677689
7529,219055	-123,083679
7529,891968	-122,058098
7530,564880	-123,209801
7531,237793	-123,701614
7531,910706	-121,864174
7532,583618	-120,733818
7533,256531	-122,464104
7533,929443	-123,530983
7534,602356	-121,698692
7535,275269	-121,898087
7535,948181	-122,747330
7536,621094	-122,496956
7537,294006	-120,564034
7537,966919	-120,220306
7538,639832	-121,077957
7539,312744	-123,420471
7539,985657	-125,380753
7540,658569	-121,764397
7541,331482	-121,630272
7542,004395	-122,757263
7542,677307	-123,739456
7543,350220	-122,318832
7544,023132	-121,880684
7544,696045	-123,282776
7545,368958	-122,782051
7546,041870	-120,901855
7546,714783	-120,538422
7547,387695	-122,300621
7548,060608	-122,590874
7548,733521	-121,500336
7549,406433	-122,703300
7550,079346	-123,524811
7550,752258	-121,714584
7551,425171	-122,133339
7552,098083	-121,647606
7552,770996	-121,331032
7553,443909	-121,900581
7554,116821	-122,206902
7554,789734	-122,699013
7555,462646	-124,255859
7556,135559	-122,854195
7556,808472	-121,136200
7557,481384	-122,021927
7558,154297	-121,900871
7558,827209	-122,995445
7559,500122	-123,649704
7560,173035	-122,224358
7560,845947	-122,463264
7561,518860	-122,342865
7562,191772	-123,891785
7562,864685	-123,597893
7563,537598	-123,247070
7564,210510	-121,828743
7564,883423	-121,744049
7565,556335	-121,974739
7566,229248	-121,688583
7566,902161	-122,152031
7567,575073	-120,782204
7568,247986	-121,354225
7568,920898	-122,435493
7569,593811	-124,066971
7570,266724	-122,958855
7570,939636	-122,487961
7571,612549	-123,148827
7572,285461	-123,226158
7572,958374	-122,642578
7573,631287	-121,776909
7574,304199	-122,659149
7574,977112	-122,951042
7575,650024	-122,438484
7576,322937	-121,386307
7576,995850	-121,912216
7577,668762	-123,935631
7578,341675	-121,457436
7579,014587	-121,768707
7579,687500	-123,280861
7580,360413	-122,132530
7581,033325	-121,349731
7581,706238	-121,449516
7582,379150	-122,824928
7583,052063	-121,770882
7583,724976	-120,653252
7584,397888	-122,312996
7585,070801	-121,353195
7585,743713	-121,335274
7586,416626	-120,958351
7587,089539	-122,982162
7587,762451	-123,818680
7588,435364	-122,274132
7589,108276	-121,926178
7589,781189	-123,129143
7590,454102	-121,967171
7591,127014	-121,266640
7591,799927	-121,034431
7592,472839	-123,697212
7593,145752	-121,613129
7593,818665	-122,164711
7594,491577	-123,739929
7595,164490	-121,711571
7595,837402	-121,734604
7596,510315	-123,392189
7597,183228	-122,311676
7597,856140	-122,502640
7598,529053	-122,583649
7599,201965	-121,746208
7599,874878	-120,388161
7600,547791	-121,961769
7601,220703	-122,474052
7601,893616	-122,923615
7602,566528	-121,718353
7603,239441	-122,310608
7603,912354	-123,316277
7604,585266	-121,976624
7605,258179	-122,073891
7605,931091	-123,348885
7606,604004	-122,537827
7607,276917	-122,221817
7607,949829	-122,275719
7608,622742	-121,670708
7609,295654	-122,300156
7609,968567	-122,308304
7610,641479	-122,274178
7611,314392	-122,759468
7611,987305	-121,154694
7612,660217	-121,896149
7613,333130	-122,245499
7614,006042	-122,932297
7614,678955	-122,722633
7615,351868	-121,080627
7616,024780	-121,790794
7616,697693	-122,372971
7617,370605	-122,697571
7618,043518	-123,652893
7618,716431	-122,913872
7619,389343	-121,730003
7620,062256	-122,656837
7620,735168	-123,364662
7621,408081	-122,246742
7622,080994	-121,326332
7622,753906	-121,223946
7623,426819	-121,538254
7624,099731	-121,229309
7624,772644	-123,113548
7625,445557	-122,023521
7626,118469	-121,921532
7626,791382	-122,864334
7627,464294	-122,106941
7628,137207	-122,528877
7628,810120	-121,852516
7629,483032	-121,846138
7630,155945	-122,409958
7630,828857	-120,968567
7631,501770	-121,678047
7632,174683	-123,713921
7632,847595	-124,154243
7633,520508	-124,738495
7634,193420	-124,504745
7634,866333	-123,265060
7635,539246	-123,430267
7636,212158	-121,748741
7636,885071	-123,673866
7637,557983	-123,463409
7638,230896	-120,465942
7638,903809	-121,351700
7639,576721	-122,436432
7640,249634	-123,289268
7640,922546	-123,026001
7641,595459	-122,096786
7642,268372	-121,667740
7642,941284	-122,161255
7643,614197	-121,104485
7644,287109	-122,581978
7644,960022	-124,635277
7645,632935	-123,268509
7646,305847	-122,679771
7646,978760	-123,544945
7647,651672	-122,846092
7648,324585	-122,817825
7648,997498	-122,768326
7649,670410	-121,943893
7650,343323	-122,011673
7651,016235	-122,513306
7651,689148	-121,267067
7652,362061	-122,155754
7653,034973	-121,940628
7653,707886	-120,987312
7654,380798	-120,999153
7655,053711	-122,678093
7655,726624	-121,285362
7656,399536	-121,310371
7657,072449	-122,563797
7657,745361	-122,766869
7658,418274	-121,569206
7659,091187	-119,886909
7659,764099	-120,164040
7660,437012	-121,246742
7661,109924	-121,571510
7661,782837	-121,750290
7662,455750	-121,221153
7663,128662	-122,871376
7663,801575	-124,910995
7664,474487	-124,159241
7665,147400	-123,451706
7665,820312	-123,497833
7666,493225	-123,910980
7667,166138	-122,693062
7667,839050	-122,170601
7668,511963	-121,978928
7669,184875	-122,089783
7669,857788	-123,193680
7670,530701	-122,331123
7671,203613	-122,493660
7671,876526	-122,725761
7672,549438	-121,778946
7673,222351	-121,624580
7673,895264	-123,147133
7674,568176	-123,555290
7675,241089	-122,875778
7675,914001	-121,097839
7676,586914	-121,105629
7677,259827	-122,862434
7677,932739	-124,211449
7678,605652	-122,394180
7679,278564	-121,055962
7679,951477	-120,368584
7680,624390	-120,768280
7681,297302	-122,718216
7681,970215	-123,535362
7682,643127	-122,557648
7683,316040	-122,571190
7683,988953	-120,929359
7684,661865	-122,329880
7685,334778	-124,681618
7686,007690	-122,524887
7686,680603	-122,188499
7687,353516	-122,579193
7688,026428	-124,060638
7688,699341	-124,470680
7689,372253	-122,769440
7690,045166	-121,555672
7690,718079	-121,347687
7691,390991	-123,424461
7692,063904	-122,445549
7692,736816	-121,724014
7693,409729	-123,020523
7694,082642	-122,863556
7694,755554	-123,694916
7695,428467	-123,071419
7696,101379	-122,094749
7696,774292	-123,108986
7697,447205	-124,771835
7698,120117	-123,526459
7698,793030	-122,276871
7699,465942	-120,597580
7700,138855	-121,792686
7700,811768	-121,687599
7701,484680	-120,391762
7702,157593	-121,587601
7702,830505	-124,439796
7703,503418	-124,523430
7704,176331	-124,926384
7704,849243	-124,069817
7705,522156	-124,368637
7706,195068	-122,668594
7706,867981	-121,432983
7707,540894	-121,660339
7708,213806	-122,932510
7708,886719	-121,620354
7709,559631	-120,736450
7710,232544	-122,989716
7710,905457	-123,249046
7711,578369	-121,675735
7712,251282	-120,540146
7712,924194	-121,211464
7713,597107	-123,514717
7714,270020	-122,301643
7714,942932	-120,837105
7715,615845	-120,486755
7716,288757	-120,999268
7716,961670	-122,342812
7717,634583	-122,759727
7718,307495	-121,178909
7718,980408	-121,585274
7719,653320	-122,996681
7720,326233	-121,825951
7720,999146	-120,897514
7721,672058	-120,659012
7722,344971	-122,139580
7723,017883	-122,069199
7723,690796	-122,393394
7724,363708	-122,012146
7725,036621	-120,300652
7725,709534	-122,131630
7726,382446	-123,875290
7727,055359	-121,841545
7727,728271	-120,827095
7728,401184	-123,333092
7729,074097	-122,349335
7729,747009	-121,387566
7730,419922	-121,306480
7731,092834	-121,887817
7731,765747	-122,855064
7732,438660	-122,652237
7733,111572	-122,279915
7733,784485	-121,407341
7734,457397	-122,351540
7735,130310	-123,259743
7735,803223	-124,353752
7736,476135	-125,677994
7737,149048	-122,245163
7737,821960	-121,490067
7738,494873	-121,425880
7739,167786	-121,696007
7739,840698	-121,514526
7740,513611	-121,873749
7741,186523	-120,733742
7741,859436	-120,522911
7742,532349	-121,821930
7743,205261	-120,672050
7743,878174	-119,820343
7744,551086	-120,908188
7745,223999	-121,800575
7745,896912	-121,347908
7746,569824	-122,124489
7747,242737	-122,528114
7747,915649	-122,687469
7748,588562	-122,454514
7749,261475	-122,437599
7749,934387	-123,309303
7750,607300	-122,676590
7751,280212	-122,795517
7751,953125	-121,487083
7752,626038	-121,104538
7753,298950	-122,353935
7753,971863	-121,000107
7754,644775	-120,553589
7755,317688	-121,221024
7755,990601	-121,595062
7756,663513	-122,940849
7757,336426	-122,796417
7758,009338	-121,673904
7758,682251	-121,229645
7759,355164	-123,147537
7760,028076	-121,355446
7760,700989	-122,980309
7761,373901	-123,911385
7762,046814	-124,540298
7762,719727	-123,187134
7763,392639	-123,576683
7764,065552	-123,978363
7764,738464	-123,626083
7765,411377	-123,229706
7766,084290	-121,315758
7766,757202	-121,277657
7767,430115	-122,283714
7768,103027	-121,147369
7768,775940	-122,330757
7769,448853	-123,085678
7770,121765	-122,200775
7770,794678	-121,750793
7771,467590	-122,297218
7772,140503	-122,108231
7772,813416	-122,360573
7773,486328	-123,128983
7774,159241	-123,183037
7774,832153	-122,161163
7775,505066	-121,951607
7776,177979	-122,246124
7776,850891	-122,643707
7777,523804	-120,206055
7778,196716	-121,484558
7778,869629	-121,937508
7779,542542	-120,770050
7780,215454	-120,710182
7780,888367	-122,447350
7781,561279	-124,621597
7782,234192	-122,565567
7782,907104	-121,584389
7783,580017	-121,628342
7784,252930	-122,601448
7784,925842	-122,687714
7785,598755	-122,917847
7786,271667	-121,494125
7786,944580	-122,175072
7787,617493	-122,867012
7788,290405	-122,464775
7788,963318	-120,790619
7789,636230	-121,438782
7790,309143	-122,771790
7790,982056	-122,888725
7791,654968	-122,501404
7792,327881	-120,890312
7793,000793	-120,242157
7793,673706	-121,295975
7794,346619	-121,515739
7795,019531	-121,825417
7795,692444	-121,924751
7796,365356	-122,154800
7797,038269	-121,703682
7797,711182	-124,769691
7798,384094	-125,602943
7799,057007	-122,761581
7799,729919	-121,950996
7800,402832	-125,574783
7801,075745	-124,126923
7801,748657	-123,308807
7802,421570	-122,628548
7803,094482	-123,227737
7803,767395	-124,827682
7804,440308	-123,554283
7805,113220	-121,779716
7805,786133	-122,598526
7806,459045	-121,634293
7807,131958	-121,396950
7807,804871	-120,829048
7808,477783	-120,552650
7809,150696	-122,387856
7809,823608	-121,899185
7810,496521	-121,169319
7811,169434	-122,872719
7811,842346	-122,082054
7812,515259	-121,142975
7813,188171	-121,385826
7813,861084	-121,390053
7814,533997	-120,946495
7815,206909	-121,683136
7815,879822	-121,248604
7816,552734	-121,994942
7817,225647	-121,576721
7817,898560	-122,436096
7818,571472	-121,800018
7819,244385	-122,604996
7819,917297	-122,321457
7820,590210	-121,155609
7821,263123	-121,581490
7821,936035	-120,913704
7822,608948	-121,068710
7823,281860	-119,926765
7823,954773	-119,847900
7824,627686	-121,344498
7825,300598	-121,653122
7825,973511	-123,608955
7826,646423	-122,459808
7827,319336	-121,580551
7827,992249	-121,352798
7828,665161	-121,463867
7829,338074	-121,330833
7830,010986	-122,262047
7830,683899	-122,180840
7831,356812	-122,653641
7832,029724	-121,587845
7832,702637	-121,690132
7833,375549	-121,478577
7834,048462	-122,185577
7834,721375	-123,640488
7835,394287	-123,068474
7836,067200	-120,444695
7836,740112	-120,079010
7837,413025	-122,048615
7838,085938	-123,167435
7838,758850	-122,098976
7839,431763	-122,148819
7840,104675	-122,462624
7840,777588	-122,261528
7841,450500	-122,773369
7842,123413	-122,598778
7842,796326	-121,444725
7843,469238	-123,182259
7844,142151	-122,328156
7844,815063	-121,962570
7845,487976	-122,955482
7846,160889	-122,044998
7846,833801	-122,786156
7847,506714	-121,991119
7848,179626	-122,005470
7848,852539	-123,957603
7849,525452	-122,398758
7850,198364	-120,442139
7850,871277	-122,568253
7851,544189	-121,790703
7852,217102	-121,221260
7852,890015	-121,089096
7853,562927	-120,320671
7854,235840	-121,816200
7854,908752	-122,053185
7855,581665	-123,245186
7856,254578	-122,806015
7856,927490	-121,521652
7857,600403	-121,366943
7858,273315	-120,851936
7858,946228	-121,703171
7859,619141	-123,502319
7860,292053	-122,922287
7860,964966	-122,209259
7861,637878	-121,002243
7862,310791	-122,383499
7862,983704	-123,507729
7863,656616	-121,297066
7864,329529	-120,836182
7865,002441	-122,404533
7865,675354	-122,715401
7866,348267	-121,624672
7867,021179	-123,970436
7867,694092	-124,620216
7868,367004	-123,685631
7869,039917	-122,448212
7869,712830	-123,019554
7870,385742	-122,080193
7871,058655	-121,707024
7871,731567	-122,112015
7872,404480	-122,419868
7873,077393	-123,614838
7873,750305	-123,932045
7874,423218	-122,658508
7875,096130	-121,333305
7875,769043	-120,510513
7876,441956	-120,706375
7877,114868	-121,503799
7877,787781	-122,346954
7878,460693	-121,776527
7879,133606	-121,274315
7879,806519	-120,123329
7880,479431	-120,643410
7881,152344	-120,823502
7881,825256	-122,943031
7882,498169	-124,536301
7883,171082	-124,277649
7883,843994	-121,862534
7884,516907	-122,025436
7885,189819	-121,705742
7885,862732	-121,622780
7886,535645	-120,478531
7887,208557	-120,845863
7887,881470	-120,847862
7888,554382	-121,866348
7889,227295	-121,938515
7889,900208	-121,584770
7890,573120	-121,770287
7891,246033	-123,183357
7891,918945	-122,158501
7892,591858	-122,670578
7893,264771	-124,512009
7893,937683	-122,783981
7894,610596	-122,613129
7895,283508	-122,815414
7895,956421	-123,132629
7896,629333	-123,098038
7897,302246	-122,000465
7897,975159	-122,282249
7898,648071	-122,394798
7899,320984	-122,299339
7899,993896	-122,844971
7900,666809	-123,209999
7901,339722	-123,730423
7902,012634	-122,929726
7902,685547	-121,755005
7903,358459	-121,051476
7904,031372	-121,356560
7904,704285	-121,061775
7905,377197	-122,598381
7906,050110	-121,613701
7906,723022	-120,894135
7907,395935	-120,137177
7908,068848	-120,799095
7908,741760	-122,562180
7909,414673	-123,207527
7910,087585	-121,222336
7910,760498	-124,077606
7911,433411	-125,126801
7912,106323	-123,745094
7912,779236	-122,265320
7913,452148	-121,954857
7914,125061	-124,208595
7914,797974	-124,173744
7915,470886	-125,164978
7916,143799	-123,779976
7916,816711	-122,549660
7917,489624	-120,682953
7918,162537	-122,602684
7918,835449	-121,356705
7919,508362	-121,274956
7920,181274	-123,714592
7920,854187	-124,208878
7921,527100	-121,830818
7922,200012	-120,897919
7922,872925	-121,793861
7923,545837	-121,920929
7924,218750	-120,533310
7924,891663	-122,028656
7925,564575	-122,690300
7926,237488	-122,253281
7926,910400	-121,882935
7927,583313	-121,730385
7928,256226	-121,682442
7928,929138	-122,434013
7929,602051	-123,042091
7930,274963	-121,967712
7930,947876	-120,695168
7931,620789	-122,523987
7932,293701	-123,094604
7932,966614	-120,935265
7933,639526	-121,755363
7934,312439	-121,753937
7934,985352	-121,097420
7935,658264	-122,942924
7936,331177	-123,842644
7937,004089	-124,682243
7937,677002	-123,020393
7938,349915	-122,942024
7939,022827	-123,876808
7939,695740	-123,613029
7940,368652	-123,525719
7941,041565	-121,622444
7941,714478	-124,385529
7942,387390	-125,138786
7943,060303	-124,397919
7943,733215	-124,213364
7944,406128	-121,037109
7945,079041	-121,581863
7945,751953	-121,576447
7946,424866	-122,518867
7947,097778	-121,613045
7947,770691	-120,966278
7948,443604	-122,497116
7949,116516	-123,243164
7949,789429	-120,959717
7950,462341	-120,749870
7951,135254	-121,988884
7951,808167	-122,677605
7952,481079	-124,981094
7953,153992	-122,754044
7953,826904	-121,806160
7954,499817	-122,303375
7955,172729	-122,186203
7955,845642	-122,246536
7956,518555	-122,290161
7957,191467	-122,221748
7957,864380	-121,976982
7958,537292	-122,064903
7959,210205	-121,407692
7959,883118	-121,934250
7960,556030	-121,319870
7961,228943	-120,341362
7961,901855	-121,686043
7962,574768	-124,234772
7963,247681	-122,487442
7963,920593	-122,172310
7964,593506	-122,239487
7965,266418	-121,931328
7965,939331	-120,074471
7966,612244	-121,177315
7967,285156	-121,587151
7967,958069	-122,229317
7968,630981	-122,876961
7969,303894	-123,240944
7969,976807	-123,145454
7970,649719	-121,952545
7971,322632	-120,922958
7971,995544	-120,979401
7972,668457	-122,354088
7973,341370	-122,766060
7974,014282	-122,621643
7974,687195	-122,726242
7975,360107	-120,696037
7976,033020	-121,486031
7976,705933	-123,303459
7977,378845	-121,074493
7978,051758	-121,384979
7978,724670	-123,303558
7979,397583	-123,270660
7980,070496	-121,255821
7980,743408	-122,763847
7981,416321	-122,375313
7982,089233	-122,907959
7982,762146	-122,829811
7983,435059	-122,301514
7984,107971	-121,927628
7984,780884	-121,023140
7985,453796	-121,595810
7986,126709	-121,334824
7986,799622	-119,691063
7987,472534	-120,576286
7988,145447	-122,610596
7988,818359	-120,593491
7989,491272	-120,431595
7990,164185	-123,451019
7990,837097	-122,125404
7991,510010	-121,903442
7992,182922	-122,220680
7992,855835	-122,293640
7993,528748	-123,064178
7994,201660	-123,870361
7994,874573	-123,079102
7995,547485	-121,108177
7996,220398	-121,537529
7996,893311	-120,489243
7997,566223	-120,821541
7998,239136	-121,644333
7998,912048	-121,982162
7999,584961	-123,326546
8000,257874	-120,783043
8000,930786	-121,813103
8001,603699	-123,130753
8002,276611	-122,192543
8002,949524	-121,191772
8003,622437	-120,476089
8004,295349	-122,337204
8004,968262	-123,205482
8005,641174	-122,389259
8006,314087	-122,951981
8006,987000	-122,571220
8007,659912	-120,346870
8008,332825	-122,855568
8009,005737	-123,003838
8009,678650	-122,985481
8010,351562	-122,851051
8011,024475	-122,521477
8011,697388	-121,413780
8012,370300	-122,471252
8013,043213	-124,288910
8013,716125	-123,103859
8014,389038	-123,985863
8015,061951	-122,264000
8015,734863	-120,811287
8016,407776	-121,155701
8017,080688	-122,532806
8017,753601	-124,421059
8018,426514	-122,413109
8019,099426	-121,712173
8019,772339	-122,303162
8020,445251	-121,895149
8021,118164	-122,234329
8021,791077	-120,789787
8022,463989	-122,741371
8023,136902	-123,659195
8023,809814	-120,902687
8024,482727	-120,258873
8025,155640	-121,557281
8025,828552	-122,643372
8026,501465	-123,071075
8027,174377	-122,821243
8027,847290	-124,078850
8028,520203	-124,375847
8029,193115	-124,523720
8029,866028	-122,013657
8030,538940	-122,483521
8031,211853	-123,038109
8031,884766	-123,263313
8032,557678	-123,951073
8033,230591	-121,266151
8033,903503	-121,361839
8034,576416	-121,789963
8035,249329	-122,094208
8035,922241	-122,534958
8036,595154	-121,154778
8037,268066	-122,035835
8037,940979	-122,386589
8038,613892	-122,468018
8039,286804	-123,001343
8039,959717	-120,666779
8040,632629	-121,637039
8041,305542	-124,348488
8041,978455	-122,541664
8042,651367	-122,740280
8043,324280	-122,351196
8043,997192	-122,948631
8044,670105	-122,271683
8045,343018	-122,765099
8046,015930	-121,662727
8046,688843	-119,921967
8047,361755	-121,344276
8048,034668	-120,785591
8048,707581	-122,875923
8049,380493	-124,440521
8050,053406	-124,313210
8050,726318	-122,530426
8051,399231	-123,984291
8052,072144	-121,712044
8052,745056	-122,092552
8053,417969	-122,278152
8054,090881	-121,738205
8054,763794	-121,629440
8055,436707	-121,701042
8056,109619	-121,518990
8056,782532	-121,805580
8057,455444	-126,528847
8058,128357	-122,757767
8058,801270	-121,989319
8059,474182	-121,989403
8060,147095	-122,021568
8060,820007	-123,317635
8061,492920	-123,101669
8062,165833	-123,552521
8062,838745	-121,147202
8063,511658	-120,917526
8064,184570	-121,502975
8064,857483	-122,445236
8065,530396	-121,656364
8066,203308	-123,409973
8066,876221	-122,849922
8067,549133	-121,241158
8068,222046	-122,332245
8068,894958	-122,359360
8069,567871	-121,782753
8070,240784	-122,945595
8070,913696	-120,680817
8071,586609	-120,224434
8072,259521	-120,852859
8072,932434	-121,858467
8073,605347	-120,808670
8074,278259	-121,356468
8074,951172	-122,306091
8075,624084	-121,856438
8076,296997	-122,107422
8076,969910	-122,693672
8077,642822	-122,069771
8078,315735	-122,580360
8078,988647	-120,990166
8079,661560	-122,416962
8080,334473	-123,559517
8081,007385	-122,284241
8081,680298	-122,836426
8082,353210	-124,254433
8083,026123	-123,250999
8083,699036	-122,124985
8084,371948	-121,378433
8085,044861	-121,448868
8085,717773	-122,082672
8086,390686	-120,825592
8087,063599	-121,940994
8087,736511	-121,788445
8088,409424	-121,713593
8089,082336	-122,280113
8089,755249	-121,954842
8090,428162	-122,887642
8091,101074	-123,033600
8091,773987	-121,606812
8092,446899	-122,176102
8093,119812	-123,243126
8093,792725	-123,136757
8094,465637	-121,651077
8095,138550	-121,194695
8095,811462	-120,348251
8096,484375	-122,217873
8097,157288	-123,740234
8097,830200	-123,746643
8098,503113	-123,157402
8099,176025	-122,766983
8099,848938	-122,748039
8100,521851	-122,174942
8101,194763	-123,146713
8101,867676	-122,289513
8102,540588	-122,600967
8103,213501	-122,340691
8103,886414	-122,885735
8104,559326	-122,620773
8105,232239	-122,427406
8105,905151	-121,312431
8106,578064	-122,216187
8107,250977	-120,200645
8107,923889	-122,021385
8108,596802	-123,767220
8109,269714	-125,372032
8109,942627	-123,206627
8110,615540	-122,608086
8111,288452	-123,113892
8111,961365	-123,733292
8112,634277	-122,843834
8113,307190	-121,833748
8113,980103	-121,891052
8114,653015	-121,389587
8115,325928	-121,377693
8115,998840	-120,659050
8116,671753	-119,670662
8117,344666	-122,274124
8118,017578	-122,576874
8118,690491	-122,761703
8119,363403	-121,484306
8120,036316	-120,912498
8120,709229	-121,471252
8121,382141	-121,220001
8122,055054	-122,269295
8122,727966	-124,790565
8123,400879	-122,179543
8124,073792	-122,884041
8124,746704	-126,198120
8125,419617	-123,794418
8126,092529	-121,324615
8126,765442	-120,954163
8127,438354	-122,207954
8128,111267	-121,054077
8128,784180	-121,265747
8129,457092	-123,877922
8130,130005	-123,725113
8130,802917	-122,896492
8131,475830	-122,339188
8132,148743	-121,599609
8132,821655	-122,408371
8133,494568	-123,061081
8134,167480	-121,494102
8134,840393	-121,047470
8135,513306	-122,262787
8136,186218	-121,615837
8136,859131	-121,300804
8137,532043	-120,876381
8138,204956	-119,529335
8138,877869	-121,294693
8139,550781	-121,440331
8140,223694	-120,437584
8140,896606	-121,198868
8141,569519	-122,419380
8142,242432	-122,528419
8142,915344	-122,236053
8143,588257	-122,516876
8144,261169	-123,909088
8144,934082	-122,797691
8145,606995	-121,765480
8146,279907	-121,329346
8146,952820	-123,075386
8147,625732	-124,806763
8148,298645	-122,660583
8148,971558	-121,727417
8149,644470	-121,781425
8150,317383	-120,558617
8150,990295	-122,894867
8151,663208	-123,421227
8152,336121	-122,399162
8153,009033	-124,232262
8153,681946	-121,869781
8154,354858	-121,024162
8155,027771	-122,260735
8155,700684	-122,821320
8156,373596	-121,727325
8157,046509	-121,384224
8157,719421	-121,277679
8158,392334	-121,516998
8159,065247	-121,764763
8159,738159	-121,856964
8160,411072	-123,226311
8161,083984	-122,825485
8161,756897	-121,459084
8162,429810	-120,631935
8163,102722	-122,945030
8163,775635	-123,008461
8164,448547	-123,351570
8165,121460	-122,042503
8165,794373	-120,747345
8166,467285	-120,853767
8167,140198	-121,086479
8167,813110	-121,116577
8168,486023	-121,980186
8169,158936	-123,999794
8169,831848	-122,497581
8170,504761	-123,224442
8171,177673	-122,119965
8171,850586	-121,198967
8172,523499	-121,858414
8173,196411	-122,780235
8173,869324	-121,292816
8174,542236	-120,484848
8175,215149	-120,850670
8175,888062	-121,368874
8176,560974	-122,973961
8177,233887	-123,443260
8177,906799	-122,702721
8178,579712	-122,275131
8179,252625	-122,648354
8179,925537	-121,071915
8180,598450	-121,415436
8181,271362	-122,678871
8181,944275	-122,854355
8182,617188	-122,481514
8183,290100	-122,452972
8183,963013	-121,640419
8184,635925	-123,562843
8185,308838	-122,812767
8185,981750	-123,121635
8186,654663	-124,582214
8187,327576	-123,979187
8188,000488	-123,184166
8188,673401	-122,761223
8189,346313	-121,735626
8190,019226	-121,058357
8190,692139	-122,036674
8191,365051	-122,386200
8192,037964	-122,372993
8192,710876	-120,969711
8193,383789	-122,945801
8194,056702	-123,244133
8194,729614	-122,566444
8195,402527	-121,648438
8196,075439	-121,498184
8196,748352	-122,023018
8197,421265	-121,572716
8198,094177	-121,828453
8198,767090	-123,104843
8199,440002	-122,945763
8200,112915	-124,562622
8200,785828	-124,350975
8201,458740	-122,469528
8202,131653	-121,491653
8202,804565	-123,249275
8203,477478	-122,532219
8204,150391	-123,995239
8204,823303	-124,726913
8205,496216	-122,502312
8206,169128	-121,697479
8206,842041	-122,933167
8207,514954	-123,667046
8208,187866	-121,646912
8208,860779	-120,487915
8209,533691	-122,729454
8210,206604	-122,666061
8210,879517	-123,223335
8211,552429	-121,907173
8212,225342	-121,647690
8212,898254	-121,375862
8213,571167	-121,567932
8214,244080	-123,767853
8214,916992	-122,048866
8215,589905	-122,591576
8216,262817	-121,936638
8216,935730	-121,643265
8217,608643	-120,930939
8218,281555	-120,460419
8218,954468	-120,403046
8219,627380	-122,808838
8220,300293	-122,978638
8220,973206	-122,468719
8221,646118	-122,455650
8222,319031	-122,439667
8222,991943	-122,102478
8223,664856	-122,799789
8224,337769	-123,435532
8225,010681	-124,219940
8225,683594	-123,161934
8226,356506	-122,164581
8227,029419	-120,751488
8227,702332	-120,798904
8228,375244	-119,937279
8229,048157	-119,729767
8229,721069	-121,061287
8230,393982	-121,841042
8231,066895	-121,914658
8231,739807	-123,742599
8232,412720	-123,326607
8233,085632	-122,175262
8233,758545	-122,421089
8234,431458	-122,262802
8235,104370	-121,365768
8235,777283	-121,207069
8236,450195	-121,676193
8237,123108	-121,903419
8237,796021	-121,161774
8238,468933	-121,860191
8239,141846	-121,841576
8239,814758	-123,907860
8240,487671	-124,303558
8241,160583	-122,972672
8241,833496	-122,140572
8242,506409	-121,718010
8243,179321	-122,212090
8243,852234	-121,461029
8244,525146	-121,606773
8245,198059	-120,769287
8245,870972	-121,771797
8246,543884	-122,527435
8247,216797	-121,577629
8247,889709	-122,938171
8248,562622	-124,351021
8249,235535	-124,013435
8249,908447	-123,330376
8250,581360	-121,510231
8251,254272	-120,949783
8251,927185	-122,541008
8252,600098	-123,142632
8253,273010	-122,222832
8253,945923	-121,994835
8254,618835	-122,899353
8255,291748	-122,470825
8255,964661	-123,081825
8256,637573	-122,061371
8257,310486	-123,717674
8257,983398	-124,318573
8258,656311	-122,302658
8259,329224	-124,245987
8260,002136	-123,969177
8260,675049	-121,805435
8261,347961	-121,739632
8262,020874	-122,811798
8262,693787	-122,328201
8263,366699	-122,367729
8264,039612	-121,152344
8264,712524	-120,439209
8265,385437	-120,634727
8266,058350	-121,620445
8266,731262	-121,146744
8267,404175	-121,178398
8268,077087	-124,037773
8268,750000	-122,864960
8269,422913	-122,632584
8270,095825	-121,608925
8270,768738	-122,565361
8271,441650	-123,038574
8272,114563	-123,432404
8272,787476	-123,551323
8273,460388	-122,123520
8274,133301	-123,001526
8274,806213	-123,056999
8275,479126	-123,722427
8276,152039	-121,717812
8276,824951	-122,596199
8277,497864	-123,912216
8278,170776	-124,828171
8278,843689	-123,779358
8279,516602	-122,525429
8280,189514	-122,458054
8280,862427	-123,642235
8281,535339	-122,402832
8282,208252	-122,507080
8282,881165	-122,674431
8283,554077	-123,411316
8284,226990	-124,082664
8284,899902	-122,264565
8285,572815	-122,717812
8286,245728	-124,440552
8286,918640	-123,723259
8287,591553	-122,133141
8288,264465	-120,745316
8288,937378	-122,697174
8289,610291	-122,970779
8290,283203	-124,129715
8290,956116	-122,017937
8291,629028	-122,625999
8292,301941	-121,172234
8292,974854	-121,613785
8293,647766	-121,178238
8294,320679	-120,418755
8294,993591	-120,899803
8295,666504	-121,275879
8296,339417	-119,815033
8297,012329	-120,492546
8297,685242	-119,941261
8298,358154	-119,955254
8299,031067	-120,479446
8299,703979	-122,267868
8300,376892	-122,520325
8301,049805	-123,537254
8301,722717	-123,600418
8302,395630	-121,915932
8303,068542	-121,520042
8303,741455	-121,673813
8304,414368	-120,846260
8305,087280	-120,407211
8305,760193	-121,726479
8306,433105	-123,118286
8307,106018	-121,863907
8307,778931	-120,191292
8308,451843	-120,698891
8309,124756	-122,250542
8309,797668	-123,418945
8310,470581	-121,986954
8311,143494	-122,418907
8311,816406	-122,397049
8312,489319	-121,884811
8313,162231	-121,799385
8313,835144	-121,109833
8314,508057	-121,619591
8315,180969	-121,983376
8315,853882	-123,316597
8316,526794	-124,553909
8317,199707	-122,586006
8317,872620	-121,447029
8318,545532	-121,472862
8319,218445	-121,498672
8319,891357	-121,890495
8320,564270	-122,968246
8321,237183	-122,601936
8321,910095	-121,168747
8322,583008	-122,152550
8323,255920	-123,261139
8323,928833	-121,392761
8324,601746	-121,011139
8325,274658	-120,173050
8325,947571	-122,625145
8326,620483	-121,994270
8327,293396	-123,936386
8327,966309	-124,897133
8328,639221	-124,269379
8329,312134	-122,965446
8329,985046	-122,571869
8330,657959	-122,049644
8331,330872	-122,768906
8332,003784	-122,122749
8332,676697	-122,329239
8333,349609	-121,930878
8334,022522	-121,657173
8334,695435	-122,268684
8335,368347	-122,191841
8336,041260	-123,262260
8336,714172	-123,269608
8337,387085	-121,839684
8338,059998	-120,395058
8338,732910	-122,025215
8339,405823	-122,232216
8340,078735	-121,313744
8340,751648	-121,451096
8341,424561	-121,500534
8342,097473	-122,907738
8342,770386	-122,412170
8343,443298	-122,065422
8344,116211	-122,503716
8344,789124	-122,742744
8345,462036	-122,016762
8346,134949	-122,154877
8346,807861	-123,597733
8347,480774	-124,077744
8348,153687	-122,161575
8348,826599	-121,575661
8349,499512	-120,765282
8350,172424	-120,368790
8350,845337	-123,362427
8351,518250	-123,299339
8352,191162	-121,443329
8352,864075	-120,298050
8353,536987	-120,604965
8354,209900	-122,615067
8354,882812	-122,625160
8355,555725	-122,058487
8356,228638	-121,899109
8356,901550	-120,916336
8357,574463	-119,655930
8358,247375	-121,165031
8358,920288	-121,834274
8359,593201	-120,258621
8360,266113	-122,283600
8360,939026	-123,866287
8361,611938	-123,467079
8362,284851	-121,626099
8362,957764	-122,949532
8363,630676	-121,969383
8364,303589	-124,334343
8364,976501	-123,920753
8365,649414	-124,270012
8366,322327	-121,733398
8366,995239	-120,049850
8367,668152	-120,154976
8368,341064	-121,475159
8369,013977	-121,781128
8369,686890	-123,524986
8370,359802	-122,262299
8371,032715	-121,831802
8371,705627	-120,478638
8372,378540	-121,347290
8373,051453	-122,503006
8373,724365	-121,568542
8374,397278	-122,275574
8375,070190	-120,848701
8375,743103	-121,351463
8376,416016	-121,451515
8377,088928	-121,474617
8377,761841	-121,285133
8378,434753	-121,736221
8379,107666	-121,501434
8379,780579	-122,024559
8380,453491	-124,116417
8381,126404	-125,119675
8381,799316	-122,467392
8382,472229	-122,305115
8383,145142	-123,158791
8383,818054	-121,292992
8384,490967	-121,705948
8385,163879	-122,968956
8385,836792	-123,313141
8386,509705	-121,697159
8387,182617	-120,990326
8387,855530	-122,900345
8388,528442	-124,452919
8389,201355	-124,471672
8389,874268	-123,625572
8390,547180	-122,410370
8391,220093	-122,038292
8391,893005	-121,395973
8392,565918	-121,349449
8393,238831	-122,224808
8393,911743	-122,512924
8394,584656	-122,961166
8395,257568	-122,608177
8395,930481	-121,798264
8396,603394	-120,992821
8397,276306	-121,086594
8397,949219	-122,778442
8398,622131	-121,836578
8399,295044	-120,803123
8399,967957	-121,007767
8400,640869	-122,370941
8401,313782	-123,804062
8401,986694	-121,226456
8402,659607	-119,818581
8403,332520	-121,008606
8404,005432	-122,517235
8404,678345	-123,226151
8405,351257	-123,656021
8406,024170	-122,666389
8406,697083	-121,735756
8407,369995	-122,406250
8408,042908	-120,108505
8408,715820	-119,691254
8409,388733	-120,177399
8410,061646	-121,580650
8410,734558	-121,841583
8411,407471	-121,845863
8412,080383	-123,046326
8412,753296	-122,694885
8413,426208	-121,996773
8414,099121	-121,306480
8414,772034	-121,453690
8415,444946	-122,397255
8416,117859	-120,484322
8416,790771	-120,638992
8417,463684	-120,377274
8418,136597	-120,387863
8418,809509	-121,735359
8419,482422	-121,461090
8420,155334	-121,128685
8420,828247	-121,377998
8421,501160	-124,293190
8422,174072	-123,581596
8422,846985	-121,468048
8423,519897	-122,197075
8424,192810	-121,649246
8424,865723	-121,350395
8425,538635	-122,026550
8426,211548	-122,626442
8426,884460	-121,969986
8427,557373	-121,659210
8428,230286	-120,387573
8428,903198	-121,415688
8429,576111	-122,646240
8430,249023	-122,876602
8430,921936	-123,376526
8431,594849	-121,585762
8432,267761	-121,287605
8432,940674	-121,040588
8433,613586	-121,393219
8434,286499	-121,288399
8434,959412	-121,581787
8435,632324	-122,475388
8436,305237	-122,814491
8436,978149	-122,731728
8437,651062	-122,397865
8438,323975	-122,348358
8438,996887	-123,663498
8439,669800	-122,055359
8440,342712	-123,040169
8441,015625	-123,179459
8441,688538	-121,569542
8442,361450	-120,349655
8443,034363	-121,756912
8443,707275	-121,972717
8444,380188	-121,853310
8445,053101	-122,410149
8445,726013	-121,305740
8446,398926	-121,028946
8447,071838	-122,084641
8447,744751	-121,665031
8448,417664	-120,073639
8449,090576	-119,984604
8449,763489	-123,231300
8450,436401	-122,362617
8451,109314	-123,207138
8451,782227	-123,949883
8452,455139	-122,796783
8453,128052	-121,969055
8453,800964	-122,946129
8454,473877	-122,538628
8455,146790	-124,035698
8455,819702	-123,712990
8456,492615	-122,530289
8457,165527	-122,002579
8457,838440	-122,274452
8458,511353	-122,982521
8459,184265	-122,614426
8459,857178	-122,091637
8460,530090	-122,645988
8461,203003	-123,142563
8461,875916	-124,131660
8462,548828	-122,432610
8463,221741	-121,154900
8463,894653	-123,232407
8464,567566	-121,529251
8465,240479	-119,831856
8465,913391	-120,307663
8466,586304	-121,732445
8467,259216	-123,247673
8467,932129	-122,655251
8468,605042	-123,179642
8469,277954	-124,201996
8469,950867	-122,371315
8470,623779	-122,399918
8471,296692	-122,821732
8471,969604	-122,657944
8472,642517	-122,923103
8473,315430	-121,590607
8473,988342	-122,125267
8474,661255	-121,497543
8475,334167	-122,475121
8476,007080	-121,138992
8476,679993	-123,003288
8477,352905	-121,286911
8478,025818	-121,137199
8478,698730	-121,454254
8479,371643	-122,149315
8480,044556	-122,458939
8480,717468	-122,321899
8481,390381	-122,273392
8482,063293	-122,666679
8482,736206	-121,978210
8483,409119	-121,213264
8484,082031	-123,060654
8484,754944	-123,466393
8485,427856	-121,394524
8486,100769	-121,706635
8486,773682	-122,546936
8487,446594	-123,627907
8488,119507	-122,786835
8488,792419	-121,535202
8489,465332	-121,530106
8490,138245	-121,839600
8490,811157	-121,088715
8491,484070	-123,157722
8492,156982	-124,124718
8492,829895	-123,134483
8493,502808	-121,485527
8494,175720	-120,560753
8494,848633	-120,955132
8495,521545	-124,066742
8496,194458	-124,947777
8496,867371	-122,379707
8497,540283	-121,788536
8498,213196	-122,926598
8498,886108	-123,396660
8499,559021	-123,559128
8500,231934	-124,008583
8500,904846	-120,954468
8501,577759	-121,301804
8502,250671	-122,938744
8502,923584	-123,445610
8503,596497	-122,309883
8504,269409	-122,704224
8504,942322	-125,137993
8505,615234	-123,310402
8506,288147	-122,617203
8506,961060	-121,348709
8507,633972	-122,148796
8508,306885	-121,927368
8508,979797	-123,279671
8509,652710	-123,839737
8510,325623	-122,434959
8510,998535	-121,937317
8511,671448	-120,758247
8512,344360	-120,396233
8513,017273	-122,360344
8513,690186	-122,031067
8514,363098	-120,739983
8515,036011	-120,910454
8515,708923	-121,195702
8516,381836	-122,068993
8517,054749	-122,031693
8517,727661	-121,741180
8518,400574	-122,466644
8519,073486	-122,881348
8519,746399	-121,042755
8520,419312	-122,668808
8521,092224	-124,952362
8521,765137	-120,495628
8522,438049	-120,706352
8523,110962	-122,588249
8523,783875	-122,091698
8524,456787	-122,914680
8525,129700	-121,835869
8525,802612	-122,548164
8526,475525	-121,356354
8527,148438	-121,307060
8527,821350	-120,512642
8528,494263	-119,844711
8529,167175	-122,095047
8529,840088	-122,860809
8530,513000	-122,539726
8531,185913	-121,765694
8531,858826	-120,482262
8532,531738	-121,185486
8533,204651	-122,066948
8533,877563	-123,387924
8534,550476	-123,081551
8535,223389	-121,950150
8535,896301	-120,314957
8536,569214	-121,909088
8537,242126	-122,955879
8537,915039	-122,887451
8538,587952	-122,276039
8539,260864	-122,725266
8539,933777	-124,071083
8540,606689	-122,277679
8541,279602	-121,661682
8541,952515	-121,605370
8542,625427	-122,012329
8543,298340	-121,990097
8543,971252	-122,012115
8544,644165	-122,545197
8545,317078	-121,740814
8545,989990	-120,791222
8546,662903	-120,741867
8547,335815	-121,629662
8548,008728	-122,385986
8548,681641	-123,612480
8549,354553	-122,616966
8550,027466	-122,023888
8550,700378	-123,146599
8551,373291	-122,515739
8552,046204	-119,888817
8552,719116	-121,629745
8553,392029	-122,279747
8554,064941	-123,556419
8554,737854	-123,024940
8555,410767	-120,844345
8556,083679	-122,632622
8556,756592	-122,957764
8557,429504	-122,350700
8558,102417	-122,557655
8558,775330	-119,767097
8559,448242	-119,650406
8560,121155	-121,479240
8560,794067	-120,402733
8561,466980	-121,565117
8562,139893	-121,789314
8562,812805	-120,476776
8563,485718	-119,701668
8564,158630	-120,310692
8564,831543	-121,456650
8565,504456	-121,683151
8566,177368	-120,082123
8566,850281	-121,275558
8567,523193	-121,287819
8568,196106	-120,522438
8568,869019	-120,523170
8569,541931	-121,587288
8570,214844	-123,317337
8570,887756	-122,962280
8571,560669	-122,449669
8572,233582	-121,993660
8572,906494	-122,117775
8573,579407	-122,051903
8574,252319	-121,039841
8574,925232	-121,132797
8575,598145	-121,394531
8576,271057	-121,865524
8576,943970	-120,607162
8577,616882	-121,816444
8578,289795	-122,989914
8578,962708	-121,556946
8579,635620	-120,807716
8580,308533	-122,313286
8580,981445	-122,947876
8581,654358	-123,546303
8582,327271	-122,004227
8583,000183	-121,870499
8583,673096	-121,553261
8584,346008	-122,803482
8585,018921	-121,510269
8585,691833	-121,180290
8586,364746	-121,142044
8587,037659	-121,702995
8587,710571	-121,530006
8588,383484	-121,358147
8589,056396	-120,371887
8589,729309	-119,129021
8590,402222	-121,038841
8591,075134	-118,786285
8591,748047	-120,082962
8592,420959	-121,662163
8593,093872	-121,687981
8593,766785	-122,344147
8594,439697	-122,741974
8595,112610	-123,905067
8595,785522	-124,516953
8596,458435	-122,298370
8597,131348	-119,934433
8597,804260	-120,811676
8598,477173	-122,259567
8599,150085	-123,254761
8599,822998	-120,892738
8600,495911	-120,184052
8601,168823	-121,544052
8601,841736	-122,698792
8602,514648	-123,026703
8603,187561	-121,948265
8603,860474	-121,788696
8604,533386	-122,477531
8605,206299	-120,853546
8605,879211	-121,031166
8606,552124	-121,330933
8607,225037	-122,357780
8607,897949	-122,484016
8608,570862	-122,182388
8609,243774	-120,199867
8609,916687	-120,770309
8610,589600	-123,049606
8611,262512	-122,841270
8611,935425	-121,782860
8612,608337	-121,577049
8613,281250	-122,855118
8613,954163	-121,078354
8614,627075	-121,079315
8615,299988	-122,761803
8615,972900	-122,423927
8616,645813	-122,320457
8617,318726	-123,053314
8617,991638	-123,256729
8618,664551	-123,592117
8619,337463	-121,921799
8620,010376	-120,910606
8620,683289	-120,443130
8621,356201	-121,855438
8622,029114	-122,725243
8622,702026	-121,348396
8623,374939	-122,820915
8624,047852	-121,436127
8624,720764	-121,942207
8625,393677	-121,631836
8626,066589	-120,918259
8626,739502	-121,815674
8627,412415	-123,607559
8628,085327	-122,762367
8628,758240	-123,428032
8629,431152	-123,674217
8630,104065	-121,798332
8630,776978	-122,048355
8631,449890	-121,442101
8632,122803	-121,786407
8632,795715	-123,065002
8633,468628	-123,160942
8634,141541	-121,651352
8634,814453	-120,613022
8635,487366	-121,070679
8636,160278	-121,179962
8636,833191	-120,450615
8637,506104	-121,583382
8638,179016	-121,376228
8638,851929	-120,983192
8639,524841	-123,044655
8640,197754	-120,997108
8640,870667	-121,157707
8641,543579	-120,967476
8642,216492	-120,831184
8642,889404	-120,523247
8643,562317	-120,570824
8644,235229	-122,514915
8644,908142	-121,874809
8645,581055	-122,196686
8646,253967	-122,086258
8646,926880	-122,937103
8647,599792	-122,709068
8648,272705	-121,910683
8648,945618	-122,190269
8649,618530	-122,512444
8650,291443	-123,101242
8650,964355	-123,348770
8651,637268	-122,910805
8652,310181	-121,730240
8652,983093	-119,607376
8653,656006	-121,417091
8654,328918	-121,942390
8655,001831	-120,588829
8655,674744	-121,831993
8656,347656	-121,141174
8657,020569	-121,393509
8657,693481	-122,506325
8658,366394	-122,047722
8659,039307	-122,661751
8659,712219	-122,505257
8660,385132	-121,503983
8661,058044	-121,479027
8661,730957	-121,557419
8662,403870	-122,767487
8663,076782	-121,600670
8663,749695	-120,489311
8664,422607	-122,813072
8665,095520	-123,153503
8665,768433	-122,140884
8666,441345	-121,108681
8667,114258	-123,925934
8667,787170	-127,883476
8668,460083	-124,434212
8669,132996	-124,014511
8669,805908	-122,470978
8670,478821	-123,060150
8671,151733	-122,684128
8671,824646	-119,634018
8672,497559	-119,726303
8673,170471	-121,585442
8673,843384	-123,110550
8674,516296	-123,055786
8675,189209	-122,656929
8675,862122	-120,964516
8676,535034	-120,252174
8677,207947	-120,814514
8677,880859	-123,334114
8678,553772	-123,228615
8679,226685	-122,584389
8679,899597	-120,990990
8680,572510	-121,051743
8681,245422	-121,689835
8681,918335	-119,987488
8682,591248	-123,043625
8683,264160	-122,980194
8683,937073	-120,890297
8684,609985	-122,413864
8685,282898	-121,587982
8685,955811	-121,983353
8686,628723	-122,408981
8687,301636	-121,767441
8687,974548	-121,025482
8688,647461	-122,434776
8689,320374	-121,858429
8689,993286	-120,092438
8690,666199	-119,726173
8691,339111	-121,803703
8692,012024	-123,963249
8692,684937	-123,017723
8693,357849	-121,544197
8694,030762	-122,224503
8694,703674	-123,770638
8695,376587	-120,843750
8696,049500	-123,284889
8696,722412	-122,704041
8697,395325	-122,459770
8698,068237	-122,532562
8698,741150	-123,299980
8699,414062	-123,576187
8700,086975	-123,766479
8700,759888	-123,936317
8701,432800	-122,192505
8702,105713	-121,668304
8702,778625	-122,655052
8703,451538	-122,895401
8704,124451	-121,096252
8704,797363	-121,894180
8705,470276	-121,525108
8706,143188	-120,736618
8706,816101	-123,176949
8707,489014	-124,432571
8708,161926	-122,232300
8708,834839	-119,497963
8709,507751	-119,648758
8710,180664	-121,965080
8710,853577	-122,721588
8711,526489	-122,446190
8712,199402	-121,366608
8712,872314	-121,151054
8713,545227	-120,458565
8714,218140	-120,972656
8714,891052	-121,906883
8715,563965	-122,805893
8716,236877	-122,013489
8716,909790	-121,243103
8717,582703	-121,839958
8718,255615	-122,246063
8718,928528	-123,132744
8719,601440	-122,497375
8720,274353	-122,727638
8720,947266	-122,692528
8721,620178	-123,297913
8722,293091	-123,016037
8722,966003	-122,217827
8723,638916	-122,846756
8724,311829	-121,760170
8724,984741	-120,890205
8725,657654	-120,451431
8726,330566	-121,051407
8727,003479	-121,911743
8727,676392	-121,135628
8728,349304	-120,964508
8729,022217	-121,545967
8729,695129	-122,247032
8730,368042	-123,633484
8731,040955	-123,660736
8731,713867	-124,282631
8732,386780	-122,736465
8733,059692	-122,582207
8733,732605	-122,444214
8734,405518	-121,676422
8735,078430	-120,652817
8735,751343	-120,539253
8736,424255	-121,624252
8737,097168	-123,522873
8737,770081	-124,189941
8738,442993	-122,529007
8739,115906	-120,640587
8739,788818	-119,679565
8740,461731	-121,935547
8741,134644	-123,084488
8741,807556	-121,751686
8742,480469	-121,079109
8743,153381	-120,856155
8743,826294	-120,920471
8744,499207	-123,136543
8745,172119	-120,941681
8745,845032	-120,991119
8746,517944	-119,984894
8747,190857	-121,671455
8747,863770	-122,224945
8748,536682	-121,552856
8749,209595	-122,906281
8749,882507	-123,043350
8750,555420	-123,513626
8751,228333	-122,871185
8751,901245	-123,185280
8752,574158	-122,536522
8753,247070	-121,235168
8753,919983	-121,200645
8754,592896	-121,339485
8755,265808	-121,799339
8755,938721	-123,725601
8756,611633	-121,733696
8757,284546	-120,490448
8757,957458	-123,119659
8758,630371	-122,585823
8759,303284	-121,431519
8759,976196	-121,062973
8760,649109	-121,836349
8761,322021	-123,574471
8761,994934	-122,658188
8762,667847	-121,244064
8763,340759	-120,473091
8764,013672	-123,137978
8764,686584	-121,214775
8765,359497	-122,011192
8766,032410	-123,567368
8766,705322	-123,056976
8767,378235	-121,921791
8768,051147	-121,356071
8768,724060	-120,610153
8769,396973	-123,993599
8770,069885	-122,479385
8770,742798	-121,912590
8771,415710	-120,287376
8772,088623	-120,969276
8772,761536	-120,487770
8773,434448	-120,006447
8774,107361	-121,110809
8774,780273	-119,943161
8775,453186	-120,977386
8776,126099	-121,683777
8776,799011	-122,561203
8777,471924	-124,470116
8778,144836	-122,894341
8778,817749	-123,340584
8779,490662	-120,948654
8780,163574	-122,795792
8780,836487	-123,366890
8781,509399	-121,309212
8782,182312	-121,744003
8782,855225	-122,519608
8783,528137	-120,564423
8784,201050	-119,547516
8784,873962	-122,367256
8785,546875	-122,613792
8786,219788	-122,537117
8786,892700	-121,009094
8787,565613	-120,780830
8788,238525	-122,533501
8788,911438	-123,683052
8789,584351	-122,891289
8790,257263	-122,450905
8790,930176	-121,938553
8791,603088	-121,805344
8792,276001	-121,429794
8792,948914	-121,952774
8793,621826	-122,806778
8794,294739	-122,933647
8794,967651	-121,635620
8795,640564	-122,141853
8796,313477	-122,161827
8796,986389	-119,924423
8797,659302	-121,182114
8798,332214	-121,896111
8799,005127	-121,680756
8799,678040	-121,102516
8800,350952	-121,247292
8801,023865	-121,087013
8801,696777	-121,495033
8802,369690	-121,001411
8803,042603	-121,184158
8803,715515	-121,447838
8804,388428	-120,257278
8805,061340	-119,909439
8805,734253	-121,613464
8806,407166	-120,852921
8807,080078	-121,898483
8807,752991	-122,041130
8808,425903	-123,085953
8809,098816	-122,785072
8809,771729	-121,515915
8810,444641	-122,167175
8811,117554	-122,452148
8811,790466	-120,631012
8812,463379	-120,982941
8813,136292	-120,902985
8813,809204	-120,365913
8814,482117	-121,161919
8815,155029	-122,154625
8815,827942	-119,921432
8816,500854	-120,345795
8817,173767	-120,958084
8817,846680	-121,750374
8818,519592	-121,718811
8819,192505	-122,748283
8819,865417	-121,871895
8820,538330	-120,849480
8821,211243	-120,635124
8821,884155	-120,837456
8822,557068	-123,413818
8823,229980	-123,405273
8823,902893	-122,257637
8824,575806	-119,710747
8825,248718	-119,217812
8825,921631	-120,301521
8826,594543	-122,020561
8827,267456	-121,608681
8827,940369	-119,681328
8828,613281	-120,003548
8829,286194	-123,254272
8829,959106	-122,832825
8830,632019	-123,137627
8831,304932	-122,481277
8831,977844	-121,524734
8832,650757	-123,164810
8833,323669	-123,403938
8833,996582	-123,789894
8834,669495	-122,645859
8835,342407	-121,152672
8836,015320	-123,172852
8836,688232	-124,159370
8837,361145	-121,096603
8838,034058	-121,347290
8838,706970	-121,016548
8839,379883	-122,254425
8840,052795	-122,487312
8840,725708	-122,246811
8841,398621	-122,611267
8842,071533	-122,917992
8842,744446	-121,843834
8843,417358	-121,228256
8844,090271	-121,116196
8844,763184	-121,711021
8845,436096	-120,281822
8846,109009	-121,107719
8846,781921	-121,199745
8847,454834	-121,287544
8848,127747	-121,504341
8848,800659	-120,789879
8849,473572	-121,969872
8850,146484	-123,621918
8850,819397	-122,093590
8851,492310	-121,886047
8852,165222	-122,792465
8852,838135	-123,419945
8853,511047	-123,379578
8854,183960	-122,143028
8854,856873	-121,724083
8855,529785	-120,879173
8856,202698	-121,246521
8856,875610	-124,051147
8857,548523	-121,518112
8858,221436	-122,070534
8858,894348	-120,857849
8859,567261	-120,395935
8860,240173	-121,057449
8860,913086	-122,341072
8861,585999	-123,179108
8862,258911	-121,573235
8862,931824	-120,866547
8863,604736	-121,588272
8864,277649	-122,010628
8864,950562	-121,063942
8865,623474	-122,338768
8866,296387	-123,556847
8866,969299	-121,774078
8867,642212	-120,824890
8868,315125	-122,186646
8868,988037	-123,402969
8869,660950	-124,122520
8870,333862	-122,749893
8871,006775	-120,541618
8871,679688	-122,410141
8872,352600	-122,524857
8873,025513	-121,536636
8873,698425	-121,568985
8874,371338	-120,785156
8875,044250	-120,936058
8875,717163	-120,816353
8876,390076	-119,798172
8877,062988	-119,908966
8877,735901	-120,829239
8878,408813	-123,396095
8879,081726	-123,364311
8879,754639	-122,189171
8880,427551	-122,632332
8881,100464	-121,077515
8881,773376	-119,903633
8882,446289	-121,603523
8883,119202	-122,115250
8883,792114	-121,790970
8884,465027	-122,573624
8885,137939	-122,712814
8885,810852	-125,145447
8886,483765	-122,975906
8887,156677	-122,307854
8887,829590	-122,098831
8888,502502	-121,180168
8889,175415	-120,316566
8889,848328	-122,074722
8890,521240	-121,308975
8891,194153	-121,475166
8891,867065	-122,581696
8892,539978	-123,405350
8893,212891	-123,075676
8893,885803	-122,804489
8894,558716	-122,801407
8895,231628	-123,865318
8895,904541	-123,690521
8896,577454	-122,631142
8897,250366	-123,604782
8897,923279	-122,690750
8898,596191	-121,956940
8899,269104	-122,351891
8899,942017	-120,103943
8900,614929	-121,141945
8901,287842	-121,690475
8901,960754	-122,424530
8902,633667	-124,501396
8903,306580	-123,503624
8903,979492	-122,621162
8904,652405	-122,495041
8905,325317	-120,751083
8905,998230	-120,162819
8906,671143	-120,580978
8907,344055	-122,965088
8908,016968	-123,938133
8908,689880	-121,479713
8909,362793	-121,003677
8910,035706	-121,460068
8910,708618	-121,464508
8911,381531	-120,839577
8912,054443	-120,631737
8912,727356	-120,922424
8913,400269	-123,372475
8914,073181	-121,819733
8914,746094	-122,811150
8915,419006	-120,741516
8916,091919	-119,401077
8916,764832	-121,058998
8917,437744	-121,365234
8918,110657	-121,031967
8918,783569	-121,368904
8919,456482	-123,697571
8920,129395	-122,293503
8920,802307	-122,875862
8921,475220	-122,846519
8922,148132	-121,536980
8922,821045	-119,589355
8923,493958	-121,152061
8924,166870	-121,055328
8924,839783	-121,100311
8925,512695	-120,995834
8926,185608	-121,749832
8926,858521	-121,127312
8927,531433	-121,333763
8928,204346	-120,457016
8928,877258	-121,551880
8929,550171	-121,319740
8930,223083	-120,514816
8930,895996	-120,636208
8931,568909	-120,767700
8932,241821	-120,623421
8932,914734	-120,600212
8933,587646	-121,383667
8934,260559	-122,557983
8934,933472	-121,456116
8935,606384	-120,777908
8936,279297	-122,058624
8936,952209	-121,912949
8937,625122	-120,644821
8938,298035	-120,728958
8938,970947	-118,940895
8939,643860	-121,340271
8940,316772	-121,568077
8940,989685	-121,056625
8941,662598	-120,994698
8942,335510	-120,231796
8943,008423	-119,632332
8943,681335	-121,722092
8944,354248	-122,894783
8945,027161	-121,535675
8945,700073	-122,634346
8946,372986	-122,266846
8947,045898	-122,172760
8947,718811	-122,970650
8948,391724	-122,833977
8949,064636	-120,144882
8949,737549	-121,183640
8950,410461	-122,965096
8951,083374	-121,582413
8951,756287	-121,052765
8952,429199	-123,270714
8953,102112	-122,044525
8953,775024	-121,527405
8954,447937	-121,870438
8955,120850	-121,708191
8955,793762	-123,243767
8956,466675	-121,931335
8957,139587	-121,047951
8957,812500	-123,523506
8958,485413	-124,756226
8959,158325	-122,171860
8959,831238	-120,450157
8960,504150	-121,340790
8961,177063	-121,086777
8961,849976	-121,269295
8962,522888	-123,342682
8963,195801	-122,286613
8963,868713	-121,828293
8964,541626	-124,093262
8965,214539	-124,726189
8965,887451	-121,429085
8966,560364	-122,009949
8967,233276	-122,725044
8967,906189	-123,245354
8968,579102	-120,979645
8969,252014	-120,120872
8969,924927	-122,149559
8970,597839	-122,097198
8971,270752	-122,284523
8971,943665	-122,057091
8972,616577	-121,213898
8973,289490	-121,611877
8973,962402	-121,425766
8974,635315	-121,830200
8975,308228	-123,358368
8975,981140	-123,275558
8976,654053	-122,005127
8977,326965	-122,582146
8977,999878	-123,331421
8978,672791	-121,693283
8979,345703	-121,073914
8980,018616	-121,497765
8980,691528	-121,985397
8981,364441	-121,499107
8982,037354	-121,005951
8982,710266	-122,078926
8983,383179	-122,450066
8984,056091	-120,621086
8984,729004	-120,050087
8985,401917	-121,745949
8986,074829	-123,371071
8986,747742	-122,488579
8987,420654	-122,416801
8988,093567	-122,846642
8988,766479	-122,692787
8989,439392	-122,380478
8990,112305	-122,880463
8990,785217	-121,525734
8991,458130	-121,435875
8992,131042	-121,285210
8992,803955	-122,704185
8993,476868	-121,422653
8994,149780	-119,745033
8994,822693	-121,564812
8995,495605	-122,490219
8996,168518	-120,741844
8996,841431	-122,817375
8997,514343	-121,993004
8998,187256	-121,336533
8998,860168	-121,192993
8999,533081	-120,647453
9000,205994	-120,723755
9000,878906	-121,288139
9001,551819	-121,602142
9002,224731	-121,413826
9002,897644	-122,241631
9003,570557	-120,308182
9004,243469	-120,365089
9004,916382	-123,479820
9005,589294	-121,891052
9006,262207	-122,738029
9006,935120	-121,845078
9007,608032	-121,969337
9008,280945	-121,859200
9008,953857	-122,182770
9009,626770	-123,379723
9010,299683	-122,499870
9010,972595	-120,623550
9011,645508	-120,398895
9012,318420	-121,490837
9012,991333	-124,422112
9013,664246	-121,367950
9014,337158	-121,136086
9015,010071	-121,058807
9015,682983	-121,014374
9016,355896	-122,156563
9017,028809	-121,872208
9017,701721	-123,162148
9018,374634	-123,500725
9019,047546	-122,181778
9019,720459	-123,147667
9020,393372	-123,561859
9021,066284	-121,885521
9021,739197	-121,963516
9022,412109	-122,227356
9023,085022	-122,641724
9023,757935	-122,273598
9024,430847	-122,646141
9025,103760	-121,953415
9025,776672	-121,267426
9026,449585	-122,377861
9027,122498	-122,300537
9027,795410	-124,246880
9028,468323	-122,003471
9029,141235	-122,142929
9029,814148	-124,089096
9030,487061	-122,282066
9031,159973	-120,282707
9031,832886	-121,071442
9032,505798	-122,462959
9033,178711	-123,123940
9033,851624	-123,226456
9034,524536	-123,808769
9035,197449	-123,974365
9035,870361	-123,849197
9036,543274	-122,166862
9037,216187	-121,995728
9037,889099	-121,738655
9038,562012	-121,328224
9039,234924	-121,360069
9039,907837	-121,398270
9040,580750	-122,023834
9041,253662	-122,423477
9041,926575	-121,081406
9042,599487	-122,714104
9043,272400	-122,389252
9043,945312	-121,546410
9044,618225	-121,979431
9045,291138	-119,769737
9045,964050	-121,493469
9046,636963	-121,869904
9047,309875	-120,781677
9047,982788	-121,158295
9048,655701	-121,577866
9049,328613	-120,415817
9050,001526	-119,623215
9050,674438	-119,385803
9051,347351	-120,540474
9052,020264	-121,298088
9052,693176	-123,399742
9053,366089	-123,261574
9054,039001	-121,591087
9054,711914	-120,922729
9055,384827	-120,948708
9056,057739	-122,030083
9056,730652	-121,706818
9057,403564	-121,810883
9058,076477	-121,304466
9058,749390	-120,595901
9059,422302	-121,756210
9060,095215	-122,525841
9060,768127	-122,205917
9061,441040	-120,892883
9062,113953	-120,536728
9062,786865	-119,484245
9063,459778	-120,108826
9064,132690	-121,243065
9064,805603	-122,026230
9065,478516	-122,589813
9066,151428	-122,296638
9066,824341	-121,914322
9067,497253	-122,224091
9068,170166	-121,959839
9068,843079	-121,073524
9069,515991	-121,496620
9070,188904	-121,752022
9070,861816	-122,085670
9071,534729	-122,481949
9072,207642	-121,125801
9072,880554	-120,783699
9073,553467	-122,641518
9074,226379	-121,258888
9074,899292	-121,321495
9075,572205	-121,201668
9076,245117	-120,620880
9076,918030	-120,093452
9077,590942	-121,987717
9078,263855	-121,900658
9078,936768	-122,053558
9079,609680	-121,259453
9080,282593	-120,833626
9080,955505	-122,207207
9081,628418	-121,016190
9082,301331	-123,234909
9082,974243	-122,309372
9083,647156	-122,087875
9084,320068	-122,897911
9084,992981	-123,218483
9085,665894	-122,169846
9086,338806	-121,658623
9087,011719	-121,505127
9087,684631	-122,024048
9088,357544	-120,941757
9089,030457	-121,621964
9089,703369	-122,344742
9090,376282	-121,825218
9091,049194	-121,961235
9091,722107	-121,581612
9092,395020	-120,865860
9093,067932	-122,392555
9093,740845	-121,105339
9094,413757	-120,392761
9095,086670	-121,401733
9095,759583	-121,209068
9096,432495	-121,051064
9097,105408	-120,336418
9097,778320	-119,449371
9098,451233	-122,240295
9099,124146	-120,989189
9099,797058	-121,715576
9100,469971	-122,670349
9101,142883	-123,433495
9101,815796	-121,916283
9102,488708	-121,416397
9103,161621	-122,343552
9103,834534	-122,707977
9104,507446	-122,337883
9105,180359	-121,073059
9105,853271	-121,414680
9106,526184	-122,440430
9107,199097	-122,246704
9107,872009	-121,284790
9108,544922	-121,333786
9109,217834	-120,919556
9109,890747	-123,855103
9110,563660	-122,192162
9111,236572	-120,429703
9111,909485	-120,832657
9112,582397	-122,054489
9113,255310	-121,353134
9113,928223	-120,736977
9114,601135	-121,434326
9115,274048	-124,688286
9115,946960	-122,677559
9116,619873	-121,854240
9117,292786	-121,542877
9117,965698	-121,360039
9118,638611	-120,327774
9119,311523	-120,617157
9119,984436	-120,070534
9120,657349	-120,170761
9121,330261	-122,769455
9122,003174	-124,043526
9122,676086	-123,286186
9123,348999	-124,556671
9124,021912	-121,730705
9124,694824	-121,361641
9125,367737	-122,735382
9126,040649	-121,587158
9126,713562	-118,917915
9127,386475	-121,862793
9128,059387	-122,755211
9128,732300	-120,593842
9129,405212	-120,103508
9130,078125	-120,304306
9130,751038	-119,850922
9131,423950	-120,479752
9132,096863	-122,352470
9132,769775	-120,792542
9133,442688	-122,693619
9134,115601	-121,607147
9134,788513	-121,739670
9135,461426	-121,790810
9136,134338	-121,838089
9136,807251	-123,543190
9137,480164	-122,868843
9138,153076	-120,576782
9138,825989	-122,346024
9139,498901	-121,303047
9140,171814	-120,851852
9140,844727	-123,672142
9141,517639	-122,440987
9142,190552	-121,190239
9142,863464	-121,104843
9143,536377	-121,263458
9144,209290	-121,509216
9144,882202	-121,128281
9145,555115	-120,986427
9146,228027	-120,872704
9146,900940	-122,143265
9147,573853	-121,605377
9148,246765	-121,761604
9148,919678	-121,031609
9149,592590	-120,008850
9150,265503	-121,838821
9150,938416	-121,380386
9151,611328	-119,222618
9152,284241	-121,934052
9152,957153	-121,424721
9153,630066	-123,521919
9154,302979	-121,173218
9154,975891	-120,371727
9155,648804	-120,217163
9156,321716	-122,875854
9156,994629	-122,078537
9157,667542	-120,893379
9158,340454	-120,728325
9159,013367	-120,835251
9159,686279	-120,950737
9160,359192	-121,109146
9161,032104	-121,445030
9161,705017	-120,989372
9162,377930	-122,092064
9163,050842	-122,722290
9163,723755	-123,643044
9164,396667	-122,628212
9165,069580	-122,768463
9165,742493	-121,872368
9166,415405	-120,928780
9167,088318	-123,488159
9167,761230	-123,432785
9168,434143	-122,241859
9169,107056	-123,151863
9169,779968	-121,002563
9170,452881	-118,821686
9171,125793	-119,915367
9171,798706	-121,510124
9172,471619	-121,927452
9173,144531	-120,548737
9173,817444	-120,752296
9174,490356	-121,722221
9175,163269	-123,095039
9175,836182	-123,023689
9176,509094	-121,135384
9177,182007	-119,605133
9177,854919	-118,503235
9178,527832	-118,471077
9179,200745	-121,422356
9179,873657	-122,992744
9180,546570	-121,143478
9181,219482	-120,467766
9181,892395	-122,091698
9182,565308	-123,704948
9183,238220	-123,937668
9183,911133	-122,869736
9184,584045	-120,592400
9185,256958	-121,318443
9185,929871	-123,391212
9186,602783	-123,562218
9187,275696	-121,493523
9187,948608	-121,307587
9188,621521	-120,407837
9189,294434	-121,044220
9189,967346	-121,104996
9190,640259	-122,617561
9191,313171	-120,618904
9191,986084	-119,737305
9192,658997	-121,722427
9193,331909	-124,223793
9194,004822	-122,956657
9194,677734	-119,816902
9195,350647	-120,002075
9196,023560	-121,764618
9196,696472	-120,381477
9197,369385	-120,011223
9198,042297	-121,757881
9198,715210	-121,951744
9199,388123	-121,700935
9200,061035	-121,253143
9200,733948	-121,652458
9201,406860	-120,751549
9202,079773	-122,259804
9202,752686	-123,373482
9203,425598	-121,821632
9204,098511	-122,309982
9204,771423	-122,525917
9205,444336	-121,499832
9206,117249	-123,914330
9206,790161	-123,318573
9207,463074	-120,131516
9208,135986	-121,130119
9208,808899	-121,989349
9209,481812	-120,271362
9210,154724	-121,044502
9210,827637	-123,505875
9211,500549	-124,585518
9212,173462	-122,365433
9212,846375	-119,932404
9213,519287	-120,281151
9214,192200	-120,844688
9214,865112	-122,298141
9215,538025	-122,200623
9216,210938	-121,439438
9216,883850	-120,949562
9217,556763	-121,550095
9218,229675	-122,890038
9218,902588	-123,457146
9219,575500	-121,938484
9220,248413	-121,752083
9220,921326	-124,102478
9221,594238	-122,059052
9222,267151	-120,959755
9222,940063	-122,411827
9223,612976	-122,580536
9224,285889	-122,152702
9224,958801	-121,730614
9225,631714	-123,492943
9226,304626	-123,628624
9226,977539	-123,699669
9227,650452	-122,745094
9228,323364	-122,146774
9228,996277	-122,235512
9229,669189	-120,377602
9230,342102	-121,830559
9231,015015	-121,565269
9231,687927	-121,172340
9232,360840	-122,704300
9233,033752	-122,933960
9233,706665	-123,750412
9234,379578	-123,021385
9235,052490	-121,685356
9235,725403	-121,539879
9236,398315	-121,184570
9237,071228	-122,006302
9237,744141	-123,374443
9238,417053	-122,767952
9239,089966	-120,676132
9239,762878	-121,186569
9240,435791	-122,404335
9241,108704	-120,685516
9241,781616	-119,950706
9242,454529	-120,567947
9243,127441	-121,270103
9243,800354	-120,443275
9244,473267	-121,303757
9245,146179	-121,172211
9245,819092	-121,253784
9246,492004	-122,370949
9247,164917	-122,181328
9247,837830	-121,764313
9248,510742	-121,890221
9249,183655	-120,763916
9249,856567	-122,435074
9250,529480	-120,712021
9251,202393	-120,827637
9251,875305	-122,264069
9252,548218	-121,920341
9253,221130	-123,009911
9253,894043	-123,066368
9254,566956	-121,476692
9255,239868	-120,329086
9255,912781	-121,224174
9256,585693	-122,720116
9257,258606	-124,108910
9257,931519	-122,028542
9258,604431	-121,611664
9259,277344	-120,116425
9259,950256	-120,323540
9260,623169	-121,789383
9261,296082	-124,548668
9261,968994	-121,117592
9262,641907	-121,081734
9263,314819	-120,498428
9263,987732	-118,954590
9264,660645	-120,726242
9265,333557	-121,675735
9266,006470	-122,487091
9266,679382	-123,010567
9267,352295	-122,042404
9268,025208	-123,633324
9268,698120	-122,197395
9269,371033	-121,667595
9270,043945	-121,791389
9270,716858	-121,620117
9271,389771	-122,240189
9272,062683	-123,268440
9272,735596	-121,039070
9273,408508	-120,113632
9274,081421	-119,979599
9274,754333	-119,864769
9275,427246	-121,119392
9276,100159	-123,860504
9276,773071	-123,303146
9277,445984	-123,158592
9278,118896	-121,802567
9278,791809	-122,089355
9279,464722	-123,297371
9280,137634	-121,543060
9280,810547	-120,742844
9281,483459	-122,069351
9282,156372	-122,511429
9282,829285	-122,461868
9283,502197	-121,763062
9284,175110	-121,379295
9284,848022	-121,345398
9285,520935	-122,140991
9286,193848	-123,850555
9286,866760	-121,323265
9287,539673	-120,110687
9288,212585	-121,405701
9288,885498	-123,109291
9289,558411	-124,774323
9290,231323	-123,266525
9290,904236	-121,961586
9291,577148	-123,234695
9292,250061	-123,948784
9292,922974	-123,116638
9293,595886	-123,411247
9294,268799	-122,932007
9294,941711	-121,871956
9295,614624	-123,851021
9296,287537	-123,829987
9296,960449	-121,520737
9297,633362	-120,988304
9298,306274	-121,355042
9298,979187	-121,451530
9299,652100	-121,191154
9300,325012	-120,935196
9300,997925	-121,551582
9301,670837	-122,000885
9302,343750	-121,659286
9303,016663	-120,608894
9303,689575	-121,297562
9304,362488	-122,615013
9305,035400	-123,286049
9305,708313	-122,967995
9306,381226	-122,253197
9307,054138	-120,636063
9307,727051	-121,158775
9308,399963	-122,088211
9309,072876	-122,595184
9309,745789	-120,666985
9310,418701	-120,595398
9311,091614	-121,801186
9311,764526	-120,989586
9312,437439	-120,184647
9313,110352	-120,786064
9313,783264	-121,300026
9314,456177	-121,489502
9315,129089	-122,614639
9315,802002	-121,888748
9316,474915	-121,548721
9317,147827	-121,043358
9317,820740	-121,495567
9318,493652	-121,783669
9319,166565	-121,531670
9319,839478	-121,035225
9320,512390	-120,551804
9321,185303	-120,413109
9321,858215	-121,852921
9322,531128	-122,721588
9323,204041	-121,278816
9323,876953	-122,940109
9324,549866	-123,562454
9325,222778	-122,782372
9325,895691	-122,366882
9326,568604	-122,150040
9327,241516	-122,145630
9327,914429	-121,683220
9328,587341	-121,331459
9329,260254	-123,760429
9329,933167	-122,385460
9330,606079	-122,235222
9331,278992	-121,063644
9331,951904	-121,435898
9332,624817	-121,192299
9333,297729	-121,506714
9333,970642	-121,077438
9334,643555	-121,092171
9335,316467	-120,989929
9335,989380	-120,484993
9336,662292	-121,716026
9337,335205	-121,002480
9338,008118	-121,512032
9338,681030	-121,012032
9339,353943	-120,967232
9340,026855	-121,565704
9340,699768	-122,533463
9341,372681	-122,603355
9342,045593	-122,716843
9342,718506	-120,143044
9343,391418	-119,709175
9344,064331	-122,161148
9344,737244	-124,100357
9345,410156	-122,534821
9346,083069	-122,358665
9346,755981	-121,984512
9347,428894	-122,186478
9348,101807	-121,767769
9348,774719	-121,803337
9349,447632	-121,042892
9350,120544	-122,259750
9350,793457	-122,183144
9351,466370	-120,453072
9352,139282	-120,816040
9352,812195	-122,182266
9353,485107	-121,699142
9354,158020	-120,903633
9354,830933	-122,147903
9355,503845	-122,664734
9356,176758	-121,923027
9356,849670	-121,938705
9357,522583	-120,945778
9358,195496	-122,500481
9358,868408	-121,894569
9359,541321	-121,279305
9360,214233	-121,826935
9360,887146	-120,521698
9361,560059	-120,755989
9362,232971	-122,735878
9362,905884	-122,524551
9363,578796	-120,930717
9364,251709	-121,299675
9364,924622	-121,921135
9365,597534	-122,442383
9366,270447	-122,372414
9366,943359	-122,918770
9367,616272	-124,013039
9368,289185	-122,661568
9368,962097	-121,940178
9369,635010	-121,341293
9370,307922	-122,731331
9370,980835	-120,224602
9371,653748	-120,234001
9372,326660	-121,603722
9372,999573	-122,427795
9373,672485	-121,557259
9374,345398	-121,546097
9375,018311	-122,226112
9375,691223	-122,573746
9376,364136	-121,242264
9377,037048	-120,986969
9377,709961	-121,374191
9378,382874	-121,762375
9379,055786	-123,522118
9379,728699	-123,396027
9380,401611	-123,060646
9381,074524	-121,984802
9381,747437	-121,214546
9382,420349	-122,669098
9383,093262	-124,917206
9383,766174	-123,129517
9384,439087	-120,686440
9385,112000	-120,444328
9385,784912	-120,610558
9386,457825	-121,622887
9387,130737	-120,367691
9387,803650	-121,498093
9388,476562	-122,446320
9389,149475	-121,675507
9389,822388	-121,499146
9390,495300	-123,057426
9391,168213	-124,405266
9391,841125	-122,322609
9392,514038	-121,475685
9393,186951	-121,522186
9393,859863	-120,928795
9394,532776	-121,120819
9395,205688	-120,905136
9395,878601	-121,239586
9396,551514	-122,799408
9397,224426	-123,576080
9397,897339	-122,162727
9398,570251	-121,594170
9399,243164	-121,479179
9399,916077	-120,846329
9400,588989	-121,116302
9401,261902	-120,423065
9401,934814	-122,273361
9402,607727	-121,567314
9403,280640	-122,188179
9403,953552	-121,731422
9404,626465	-120,170708
9405,299377	-119,670250
9405,972290	-121,453545
9406,645203	-122,459763
9407,318115	-121,380836
9407,991028	-120,648621
9408,663940	-123,269043
9409,336853	-122,652603
9410,009766	-122,960533
9410,682678	-121,995041
9411,355591	-123,448296
9412,028503	-123,526222
9412,701416	-123,403610
9413,374329	-124,632904
9414,047241	-121,617355
9414,720154	-121,027107
9415,393066	-122,566666
9416,065979	-122,617897
9416,738892	-121,470383
9417,411804	-122,113693
9418,084717	-122,732079
9418,757629	-120,586853
9419,430542	-121,019661
9420,103455	-123,193863
9420,776367	-119,820999
9421,449280	-118,664337
9422,122192	-121,027237
9422,795105	-123,476944
9423,468018	-120,924896
9424,140930	-120,248581
9424,813843	-120,258095
9425,486755	-119,805260
9426,159668	-121,727654
9426,832581	-121,323471
9427,505493	-119,574692
9428,178406	-120,440140
9428,851318	-121,110497
9429,524231	-121,054260
9430,197144	-121,374763
9430,870056	-121,525902
9431,542969	-121,749290
9432,215881	-122,109825
9432,888794	-121,922340
9433,561707	-121,964180
9434,234619	-123,273666
9434,907532	-122,225555
9435,580444	-119,138100
9436,253357	-120,539238
9436,926270	-121,518677
9437,599182	-122,538628
9438,272095	-122,949547
9438,945007	-121,628700
9439,617920	-121,259781
9440,290833	-121,557106
9440,963745	-120,650520
9441,636658	-120,992386
9442,309570	-123,041756
9442,982483	-123,862999
9443,655396	-121,678650
9444,328308	-119,956024
9445,001221	-120,662766
9445,674133	-122,843964
9446,347046	-122,639854
9447,019958	-124,568855
9447,692871	-126,226578
9448,365784	-122,774948
9449,038696	-121,349854
9449,711609	-123,717186
9450,384521	-122,707687
9451,057434	-121,783569
9451,730347	-121,009399
9452,403259	-120,500290
9453,076172	-120,900948
9453,749084	-121,715652
9454,421997	-121,531075
9455,094910	-120,670204
9455,767822	-121,429375
9456,440735	-123,406815
9457,113647	-121,845985
9457,786560	-121,811264
9458,459473	-121,522751
9459,132385	-120,208801
9459,805298	-120,788338
9460,478210	-121,680908
9461,151123	-122,639755
9461,824036	-124,349426
9462,496948	-122,776527
9463,169861	-122,775719
9463,842773	-120,948326
9464,515686	-121,549179
9465,188599	-123,751793
9465,861511	-122,409981
9466,534424	-120,989822
9467,207336	-120,354576
9467,880249	-120,002502
9468,553162	-120,349548
9469,226074	-121,732239
9469,898987	-122,533714
9470,571899	-120,972328
9471,244812	-119,833061
9471,917725	-121,378906
9472,590637	-122,782486
9473,263550	-121,593018
9473,936462	-120,389885
9474,609375	-121,103760
9475,282288	-122,877846
9475,955200	-121,761742
9476,628113	-122,141022
9477,301025	-120,226334
9477,973938	-120,359764
9478,646851	-121,652397
9479,319763	-121,982605
9479,992676	-123,508087
9480,665588	-123,070450
9481,338501	-120,248093
9482,011414	-120,469139
9482,684326	-119,977058
9483,357239	-121,345947
9484,030151	-122,013237
9484,703064	-122,707634
9485,375977	-120,941353
9486,048889	-122,046555
9486,721802	-122,206902
9487,394714	-122,319809
9488,067627	-122,263107
9488,740540	-124,533356
9489,413452	-124,898041
9490,086365	-123,091843
9490,759277	-121,415054
9491,432190	-122,261536
9492,105103	-123,489738
9492,778015	-120,834023
9493,450928	-120,397018
9494,123840	-122,691223
9494,796753	-124,525467
9495,469666	-122,579369
9496,142578	-122,009201
9496,815491	-122,783279
9497,488403	-123,268837
9498,161316	-120,966270
9498,834229	-121,123375
9499,507141	-120,991913
9500,180054	-120,259720
9500,852966	-121,542992
9501,525879	-119,449570
9502,198792	-120,729027
9502,871704	-121,198784
9503,544617	-121,085526
9504,217529	-120,963936
9504,890442	-121,906494
9505,563354	-121,832558
9506,236267	-121,514977
9506,909180	-121,235695
9507,582092	-121,321922
9508,255005	-121,710876
9508,927917	-121,008003
9509,600830	-121,492249
9510,273743	-122,151489
9510,946655	-121,903816
9511,619568	-121,998108
9512,292480	-123,082359
9512,965393	-122,618843
9513,638306	-122,956619
9514,311218	-122,474861
9514,984131	-122,909683
9515,657043	-122,759758
9516,329956	-121,354958
9517,002869	-120,033028
9517,675781	-120,060928
9518,348694	-120,856346
9519,021606	-121,159035
9519,694519	-120,630730
9520,367432	-119,947624
9521,040344	-120,406578
9521,713257	-122,116158
9522,386169	-121,966553
9523,059082	-121,406448
9523,731995	-121,210503
9524,404907	-121,706146
9525,077820	-121,864075
9525,750732	-122,607796
9526,423645	-121,742104
9527,096558	-120,902710
9527,769470	-122,082474
9528,442383	-120,998810
9529,115295	-119,785568
9529,788208	-120,955551
9530,461121	-120,848106
9531,134033	-120,391876
9531,806946	-120,851173
9532,479858	-121,027596
9533,152771	-122,076202
9533,825684	-123,131386
9534,498596	-122,573151
9535,171509	-123,495667
9535,844421	-122,505692
9536,517334	-120,661652
9537,190247	-119,646965
9537,863159	-118,938408
9538,536072	-119,642387
9539,208984	-120,972168
9539,881897	-121,784470
9540,554810	-122,206787
9541,227722	-121,775650
9541,900635	-121,693321
9542,573547	-121,956268
9543,246460	-122,752075
9543,919373	-121,080193
9544,592285	-120,006493
9545,265198	-122,767593
9545,938110	-121,952812
9546,611023	-122,124985
9547,283936	-121,198151
9547,956848	-120,186272
9548,629761	-122,435616
9549,302673	-123,638229
9549,975586	-120,994705
9550,648499	-121,231430
9551,321411	-120,998558
9551,994324	-122,565269
9552,667236	-120,806442
9553,340149	-119,692520
9554,013062	-120,033691
9554,685974	-122,773026
9555,358887	-122,069855
9556,031799	-121,582245
9556,704712	-122,068535
9557,377625	-120,234558
9558,050537	-120,637108
9558,723450	-122,214119
9559,396362	-123,582031
9560,069275	-122,440758
9560,742188	-121,958969
9561,415100	-121,647469
9562,088013	-122,066299
9562,760925	-123,830658
9563,433838	-122,906784
9564,106750	-122,249863
9564,779663	-122,198029
9565,452576	-123,775436
9566,125488	-121,844841
9566,798401	-121,516273
9567,471313	-121,724632
9568,144226	-121,461571
9568,817139	-121,162262
9569,490051	-120,713074
9570,162964	-120,326447
9570,835876	-121,645195
9571,508789	-122,372482
9572,181702	-120,232559
9572,854614	-121,560371
9573,527527	-122,712776
9574,200439	-121,534218
9574,873352	-121,698563
9575,546265	-121,898247
9576,219177	-121,219353
9576,892090	-122,530670
9577,565002	-122,093842
9578,237915	-121,185753
9578,910828	-122,228889
9579,583740	-122,683754
9580,256653	-120,800560
9580,929565	-120,558250
9581,602478	-120,913399
9582,275391	-122,052284
9582,948303	-121,376205
9583,621216	-122,374420
9584,294128	-120,866287
9584,967041	-121,026070
9585,639954	-121,672508
9586,312866	-121,200027
9586,985779	-122,609886
9587,658691	-123,211159
9588,331604	-123,729004
9589,004517	-122,084801
9589,677429	-121,111626
9590,350342	-121,450043
9591,023254	-122,096176
9591,696167	-123,617310
9592,369080	-123,777405
9593,041992	-120,980568
9593,714905	-119,866684
9594,387817	-120,200211
9595,060730	-119,751068
9595,733643	-119,704002
9596,406555	-120,781273
9597,079468	-121,870552
9597,752380	-120,859375
9598,425293	-121,820259
9599,098206	-123,095604
9599,771118	-120,648994
9600,444031	-121,150322
9601,116943	-122,252243
9601,789856	-121,856789
9602,462769	-120,259079
9603,135681	-120,180328
9603,808594	-122,641182
9604,481506	-121,577446
9605,154419	-120,636131
9605,827332	-121,280418
9606,500244	-123,234352
9607,173157	-122,228645
9607,846069	-121,535614
9608,518982	-123,044426
9609,191895	-121,963928
9609,864807	-121,965508
9610,537720	-121,142075
9611,210632	-122,860107
9611,883545	-123,619514
9612,556458	-121,570793
9613,229370	-122,665588
9613,902283	-122,631889
9614,575195	-121,452614
9615,248108	-121,537445
9615,921021	-120,513474
9616,593933	-120,966888
9617,266846	-122,386147
9617,939758	-121,049194
9618,612671	-120,777969
9619,285583	-120,024590
9619,958496	-119,470421
9620,631409	-120,277458
9621,304321	-120,122810
9621,977234	-120,268684
9622,650146	-121,231834
9623,323059	-120,759186
9623,995972	-120,351273
9624,668884	-121,822716
9625,341797	-122,853470
9626,014709	-122,751701
9626,687622	-122,019325
9627,360535	-122,037529
9628,033447	-123,514885
9628,706360	-122,273895
9629,379272	-121,886650
9630,052185	-122,524994
9630,725098	-121,706673
9631,398010	-122,100632
9632,070923	-121,053223
9632,743835	-121,871567
9633,416748	-121,657936
9634,089661	-121,296715
9634,762573	-121,458939
9635,435486	-122,475677
9636,108398	-123,734566
9636,781311	-124,271866
9637,454224	-121,682732
9638,127136	-121,545357
9638,800049	-120,530373
9639,472961	-122,056717
9640,145874	-120,980484
9640,818787	-121,689529
9641,491699	-123,742455
9642,164612	-123,225060
9642,837524	-123,059891
9643,510437	-123,050705
9644,183350	-121,814476
9644,856262	-122,357681
9645,529175	-122,820038
9646,202087	-122,329430
9646,875000	-123,635017
9647,547913	-123,459724
9648,220825	-122,132484
9648,893738	-122,379128
9649,566650	-121,871887
9650,239563	-121,126572
9650,912476	-121,595100
9651,585388	-120,995049
9652,258301	-121,065262
9652,931213	-121,954948
9653,604126	-121,169640
9654,277039	-120,443230
9654,949951	-119,743401
9655,622864	-122,443794
9656,295776	-123,219368
9656,968689	-121,493217
9657,641602	-121,366753
9658,314514	-120,952965
9658,987427	-120,850609
9659,660339	-120,296440
9660,333252	-119,935478
9661,006165	-120,759865
9661,679077	-122,459351
9662,351990	-121,736992
9663,024902	-121,767578
9663,697815	-121,574303
9664,370728	-121,307236
9665,043640	-121,825157
9665,716553	-122,143974
9666,389465	-121,934441
9667,062378	-121,923805
9667,735291	-120,449554
9668,408203	-121,461174
9669,081116	-123,173431
9669,754028	-122,425255
9670,426941	-121,325073
9671,099854	-120,347031
9671,772766	-119,797653
9672,445679	-120,487183
9673,118591	-121,245049
9673,791504	-123,471878
9674,464417	-121,242516
9675,137329	-120,255524
9675,810242	-121,266769
9676,483154	-122,099777
9677,156067	-122,742409
9677,828979	-121,689514
9678,501892	-122,557892
9679,174805	-123,543945
9679,847717	-122,735962
9680,520630	-123,547859
9681,193542	-123,551910
9681,866455	-123,031136
9682,539368	-123,637444
9683,212280	-123,040710
9683,885193	-121,648911
9684,558105	-120,713463
9685,231018	-120,974182
9685,903931	-119,980171
9686,576843	-121,967819
9687,249756	-123,075432
9687,922668	-121,670677
9688,595581	-121,831688
9689,268494	-121,874908
9689,941406	-122,546608
9690,614319	-121,862671
9691,287231	-121,544548
9691,960144	-122,130356
9692,633057	-123,594063
9693,305969	-123,666298
9693,978882	-123,025780
9694,651794	-121,754295
9695,324707	-120,786407
9695,997620	-121,480141
9696,670532	-120,610397
9697,343445	-122,630135
9698,016357	-121,946419
9698,689270	-121,569656
9699,362183	-122,930283
9700,035095	-123,178650
9700,708008	-121,243980
9701,380920	-120,926064
9702,053833	-121,294594
9702,726746	-121,226463
9703,399658	-122,162727
9704,072571	-124,032158
9704,745483	-121,276268
9705,418396	-120,921410
9706,091309	-121,286942
9706,764221	-120,646767
9707,437134	-120,797012
9708,110046	-121,553795
9708,782959	-122,787354
9709,455872	-121,617516
9710,128784	-121,025612
9710,801697	-122,348671
9711,474609	-121,853180
9712,147522	-122,442474
9712,820435	-122,585808
9713,493347	-121,766251
9714,166260	-120,363106
9714,839172	-121,745209
9715,512085	-122,236771
9716,184998	-121,203415
9716,857910	-122,726875
9717,530823	-123,725174
9718,203735	-122,104515
9718,876648	-122,260178
9719,549561	-121,250961
9720,222473	-121,942627
9720,895386	-119,950012
9721,568298	-120,295700
9722,241211	-120,454430
9722,914124	-122,549118
9723,587036	-120,577980
9724,259949	-121,371429
9724,932861	-122,283539
9725,605774	-121,229019
9726,278687	-120,898384
9726,951599	-121,666153
9727,624512	-122,030106
9728,297424	-123,217110
9728,970337	-122,168762
9729,643250	-121,287895
9730,316162	-123,595688
9730,989075	-123,200333
9731,661987	-121,427223
9732,334900	-121,876053
9733,007812	-122,015877
9733,680725	-122,439201
9734,353638	-121,519142
9735,026550	-122,164093
9735,699463	-122,075104
9736,372375	-121,974289
9737,045288	-123,798012
9737,718201	-124,741180
9738,391113	-123,129799
9739,064026	-121,089958
9739,736938	-120,844856
9740,409851	-121,949272
9741,082764	-122,603035
9741,755676	-120,812111
9742,428589	-121,781448
9743,101501	-121,772110
9743,774414	-119,886292
9744,447327	-122,123375
9745,120239	-121,801689
9745,793152	-121,816750
9746,466064	-124,406929
9747,138977	-124,212875
9747,811890	-123,591919
9748,484802	-123,384743
9749,157715	-123,190125
9749,830627	-123,723167
9750,503540	-122,375397
9751,176453	-121,056557
9751,849365	-119,861534
9752,522278	-120,870834
9753,195190	-121,881157
9753,868103	-122,105042
9754,541016	-121,935799
9755,213928	-123,317291
9755,886841	-121,331367
9756,559753	-122,066391
9757,232666	-122,373505
9757,905579	-122,837128
9758,578491	-122,134682
9759,251404	-120,793701
9759,924316	-121,037682
9760,597229	-120,679176
9761,270142	-122,224159
9761,943054	-120,942963
9762,615967	-120,420776
9763,288879	-121,174660
9763,961792	-122,350525
9764,634705	-121,112724
9765,307617	-121,226715
9765,980530	-121,581245
9766,653442	-121,593941
9767,326355	-120,600601
9767,999268	-120,998978
9768,672180	-121,727066
9769,345093	-123,106842
9770,018005	-121,925034
9770,690918	-122,219902
9771,363831	-123,333359
9772,036743	-123,177521
9772,709656	-123,125862
9773,382568	-124,480339
9774,055481	-120,708496
9774,728394	-120,197784
9775,401306	-121,509125
9776,074219	-121,700279
9776,747131	-121,287094
9777,420044	-121,724014
9778,092957	-122,377159
9778,765869	-121,922157
9779,438782	-122,197205
9780,111694	-122,278496
9780,784607	-121,424667
9781,457520	-120,353561
9782,130432	-120,696983
9782,803345	-120,579376
9783,476257	-122,040764
9784,149170	-124,413437
9784,822083	-121,907173
9785,494995	-121,475807
9786,167908	-123,163673
9786,840820	-124,180023
9787,513733	-124,209381
9788,186646	-124,069557
9788,859558	-123,234863
9789,532471	-122,601540
9790,205383	-123,148270
9790,878296	-123,702087
9791,551208	-122,791985
9792,224121	-121,328621
9792,897034	-121,072807
9793,569946	-120,844345
9794,242859	-120,188049
9794,915771	-120,855133
9795,588684	-121,641083
9796,261597	-122,174240
9796,934509	-122,389786
9797,607422	-121,772011
9798,280334	-121,170609
9798,953247	-119,961533
9799,626160	-120,617928
9800,299072	-123,954010
9800,971985	-123,612518
9801,644897	-120,953323
9802,317810	-121,599350
9802,990723	-122,359734
9803,663635	-120,664841
9804,336548	-121,173103
9805,009460	-122,377518
9805,682373	-121,410034
9806,355286	-121,237984
9807,028198	-123,136963
9807,701111	-122,888222
9808,374023	-121,735130
9809,046936	-122,183998
9809,719849	-122,037872
9810,392761	-123,201035
9811,065674	-121,419922
9811,738586	-123,068077
9812,411499	-123,393913
9813,084412	-121,630020
9813,757324	-122,071114
9814,430237	-122,707367
9815,103149	-122,371765
9815,776062	-120,795166
9816,448975	-120,391487
9817,121887	-120,031395
9817,794800	-122,401718
9818,467712	-122,278976
9819,140625	-120,515678
9819,813538	-120,375183
9820,486450	-121,680428
9821,159363	-121,696030
9821,832275	-122,450974
9822,505188	-122,326752
9823,178101	-123,963707
9823,851013	-122,743134
9824,523926	-123,010834
9825,196838	-122,118492
9825,869751	-123,416763
9826,542664	-121,841125
9827,215576	-120,775047
9827,888489	-121,510063
9828,561401	-123,255890
9829,234314	-124,197624
9829,907227	-121,891922
9830,580139	-121,360451
9831,253052	-122,072670
9831,925964	-121,146461
9832,598877	-121,070030
9833,271790	-121,227165
9833,944702	-121,611992
9834,617615	-121,429115
9835,290527	-121,185585
9835,963440	-120,747810
9836,636353	-122,646805
9837,309265	-122,774147
9837,982178	-121,950623
9838,655090	-125,155701
9839,328003	-124,178452
9840,000916	-122,117172
9840,673828	-122,425224
9841,346741	-122,341972
9842,019653	-121,115387
9842,692566	-122,553375
9843,365479	-122,116959
9844,038391	-121,992348
9844,711304	-121,423988
9845,384216	-121,509636
9846,057129	-121,216537
9846,730042	-122,550774
9847,402954	-120,081474
9848,075867	-119,875076
9848,748779	-121,292374
9849,421692	-121,722687
9850,094604	-121,695915
9850,767517	-122,212845
9851,440430	-122,565590
9852,113342	-122,203682
9852,786255	-124,083954
9853,459167	-122,997208
9854,132080	-122,097046
9854,804993	-120,492279
9855,477905	-120,251930
9856,150818	-122,550758
9856,823730	-122,097664
9857,496643	-121,475838
9858,169556	-121,455231
9858,842468	-121,648811
9859,515381	-123,943512
9860,188293	-122,165962
9860,861206	-122,638916
9861,534119	-122,363556
9862,207031	-121,404007
9862,879944	-121,606873
9863,552856	-121,524567
9864,225769	-121,854355
9864,898682	-123,237274
9865,571594	-125,057602
9866,244507	-124,238190
9866,917419	-123,283913
9867,590332	-121,874390
9868,263245	-121,685249
9868,936157	-121,015335
9869,609070	-121,012817
9870,281982	-119,874252
9870,954895	-121,996216
9871,627808	-122,306808
9872,300720	-122,963478
9872,973633	-121,593193
9873,646545	-122,303703
9874,319458	-122,012833
9874,992371	-122,437134
9875,665283	-121,834801
9876,338196	-121,162521
9877,011108	-120,755096
9877,684021	-121,541367
9878,356934	-122,043282
9879,029846	-122,902184
9879,702759	-122,933678
9880,375671	-122,197495
9881,048584	-122,541023
9881,721497	-121,733795
9882,394409	-120,896446
9883,067322	-121,207993
9883,740234	-122,223724
9884,413147	-122,228264
9885,086060	-122,273438
9885,758972	-123,915924
9886,431885	-123,218208
9887,104797	-124,783150
9887,777710	-123,189148
9888,450623	-120,975075
9889,123535	-122,987091
9889,796448	-121,838768
9890,469360	-121,444077
9891,142273	-123,011482
9891,815186	-123,770943
9892,488098	-123,413063
9893,161011	-121,940964
9893,833923	-121,167290
9894,506836	-121,656815
9895,179749	-121,801254
9895,852661	-122,914001
9896,525574	-124,690651
9897,198486	-124,529388
9897,871399	-122,451134
9898,544312	-122,945976
9899,217224	-123,655350
9899,890137	-122,770447
9900,563049	-123,350586
9901,235962	-122,839714
9901,908875	-122,510864
9902,581787	-121,612099
9903,254700	-121,901894
9903,927612	-121,113258
9904,600525	-120,405312
9905,273438	-122,692749
9905,946350	-123,054039
9906,619263	-123,038086
9907,292175	-122,686165
9907,965088	-122,761299
9908,638000	-121,142822
9909,310913	-122,156296
9909,983826	-121,307579
9910,656738	-120,971428
9911,329651	-121,070663
9912,002563	-122,684471
9912,675476	-122,885803
9913,348389	-123,100693
9914,021301	-121,208588
9914,694214	-121,450180
9915,367126	-121,204773
9916,040039	-122,662018
9916,712952	-123,951645
9917,385864	-123,657127
9918,058777	-123,776863
9918,731689	-123,087379
9919,404602	-122,376884
9920,077515	-122,129402
9920,750427	-122,154152
9921,423340	-120,542854
9922,096252	-119,820419
9922,769165	-119,912277
9923,442078	-120,639908
9924,114990	-121,116600
9924,787903	-121,777092
9925,460815	-122,595154
9926,133728	-122,708450
9926,806641	-121,926857
9927,479553	-121,130981
9928,152466	-120,403664
9928,825378	-121,469376
9929,498291	-122,234146
9930,171204	-121,685616
9930,844116	-120,999588
9931,517029	-121,274750
9932,189941	-123,863571
9932,862854	-124,941216
9933,535767	-124,704056
9934,208679	-122,873856
9934,881592	-122,007866
9935,554504	-121,625717
9936,227417	-121,697021
9936,900330	-122,128662
9937,573242	-121,190460
9938,246155	-122,417351
9938,919067	-123,960861
9939,591980	-124,096123
9940,264893	-121,525414
9940,937805	-120,811119
9941,610718	-122,761810
9942,283630	-123,688400
9942,956543	-125,239601
9943,629456	-123,032394
9944,302368	-122,634773
9944,975281	-122,021118
9945,648193	-120,701340
9946,321106	-120,608200
9946,994019	-120,297287
9947,666931	-121,305176
9948,339844	-123,790131
9949,012756	-123,315201
9949,685669	-122,889648
9950,358582	-122,249863
9951,031494	-122,864967
9951,704407	-126,143173
9952,377319	-123,434822
9953,050232	-121,152893
9953,723145	-122,567429
9954,396057	-122,622589
9955,068970	-122,951096
9955,741882	-122,035423
9956,414795	-122,549789
9957,087708	-123,339867
9957,760620	-123,728767
9958,433533	-122,409897
9959,106445	-121,623077
9959,779358	-120,997047
9960,452271	-121,831917
9961,125183	-122,875092
9961,798096	-122,916763
9962,471008	-122,795776
9963,143921	-123,827843
9963,816833	-122,503548
9964,489746	-121,726082
9965,162659	-123,101158
9965,835571	-122,471985
9966,508484	-123,036591
9967,181396	-121,851151
9967,854309	-120,344231
9968,527222	-119,921799
9969,200134	-121,251625
9969,873047	-123,451645
9970,545959	-122,533447
9971,218872	-122,589478
9971,891785	-121,649620
9972,564697	-121,620834
9973,237610	-121,901245
9973,910522	-122,422569
9974,583435	-122,008110
9975,256348	-120,856483
9975,929260	-121,455994
9976,602173	-121,679619
9977,275085	-122,162773
9977,947998	-122,856209
9978,620911	-123,295822
9979,293823	-123,525612
9979,966736	-123,741241
9980,639648	-124,707710
9981,312561	-125,517586
9981,985474	-124,180405
9982,658386	-122,653145
9983,331299	-120,906128
9984,004211	-122,242958
9984,677124	-124,317169
9985,350037	-123,528000
9986,022949	-124,366219
9986,695862	-122,719246
9987,368774	-123,228951
9988,041687	-124,842049
9988,714600	-123,347305
9989,387512	-121,486221
9990,060425	-121,289452
9990,733337	-121,753937
9991,406250	-120,143776
9992,079163	-120,818848
9992,752075	-123,294785
9993,424988	-123,164650
9994,097900	-122,023926
9994,770813	-122,064156
9995,443726	-122,728760
9996,116638	-120,160713
9996,789551	-121,383308
9997,462463	-123,060005
9998,135376	-125,411880
9998,808289	-123,443108
9999,481201	-122,266930
10000,154114	-121,683571
10000,827026	-122,868828
10001,499939	-123,715759
10002,172852	-124,406845
10002,845764	-123,991737
10003,518677	-121,878036
10004,191589	-121,981903
10004,864502	-123,756264
10005,537415	-124,628052
10006,210327	-123,813301
10006,883240	-124,018532
10007,556152	-123,875710
10008,229065	-122,878525
10008,901978	-122,870811
10009,574890	-120,900398
10010,247803	-120,894386
10010,920715	-120,532509
10011,593628	-120,929214
10012,266541	-120,738258
10012,939453	-121,059052
10013,612366	-120,906639
10014,285278	-121,869385
10014,958191	-121,798363
10015,631104	-121,607025
10016,304016	-123,101128
10016,976929	-124,305420
10017,649841	-122,622002
10018,322754	-123,925247
10018,995667	-122,481926
10019,668579	-124,173058
10020,341492	-125,131058
10021,014404	-123,346550
10021,687317	-123,075569
10022,360229	-122,468544
10023,033142	-121,648987
10023,706055	-123,235954
10024,378967	-123,589088
10025,051880	-122,337990
10025,724792	-121,257492
10026,397705	-121,926605
10027,070618	-122,531616
10027,743530	-122,150085
10028,416443	-122,154671
10029,089355	-120,747757
10029,762268	-121,103439
10030,435181	-123,138634
10031,108093	-123,122772
10031,781006	-122,398994
10032,453918	-124,206078
10033,126831	-121,382858
10033,799744	-120,166290
10034,472656	-121,565063
10035,145569	-123,068619
10035,818481	-122,931641
10036,491394	-122,653625
10037,164307	-122,298981
10037,837219	-122,456657
10038,510132	-121,870583
10039,183044	-121,395523
10039,855957	-121,209244
10040,528870	-122,476112
10041,201782	-123,117859
10041,874695	-122,862854
10042,547607	-122,043449
10043,220520	-122,471184
10043,893433	-122,327843
10044,566345	-121,433472
10045,239258	-122,578178
10045,912170	-123,475967
10046,585083	-124,194504
10047,257996	-123,151482
10047,930908	-123,890816
10048,603821	-125,299606
10049,276733	-122,555977
10049,949646	-122,012611
10050,622559	-122,854553
10051,295471	-123,060654
10051,968384	-123,206146
10052,641296	-123,932709
10053,314209	-123,131035
10053,987122	-122,743042
10054,660034	-121,690285
10055,332947	-121,690887
10056,005859	-121,487259
10056,678772	-121,777260
10057,351685	-121,856583
10058,024597	-123,705566
10058,697510	-123,175987
10059,370422	-121,392441
10060,043335	-121,563316
10060,716248	-122,750839
10061,389160	-124,221298
10062,062073	-123,440720
10062,734985	-121,316925
10063,407898	-121,728813
10064,080811	-121,716568
10064,753723	-122,211433
10065,426636	-123,276825
10066,099548	-123,799767
10066,772461	-122,754150
10067,445374	-123,385773
10068,118286	-123,848961
10068,791199	-122,284637
10069,464111	-122,264244
10070,137024	-124,684105
10070,809937	-124,929985
10071,482849	-124,738327
10072,155762	-123,170197
10072,828674	-121,137581
10073,501587	-121,118256
10074,174500	-121,032288
10074,847412	-123,781654
10075,520325	-123,004295
10076,193237	-122,466522
10076,866150	-122,293747
10077,539062	-123,590843
10078,211975	-124,290611
10078,884888	-124,136040
10079,557800	-123,602043
10080,230713	-123,210297
10080,903625	-121,466362
10081,576538	-121,796860
10082,249451	-123,234154
10082,922363	-121,541962
10083,595276	-120,768280
10084,268188	-119,106544
10084,941101	-121,225998
10085,614014	-123,271835
10086,286926	-122,273476
10086,959839	-122,146774
10087,632751	-122,377296
10088,305664	-122,422913
10088,978577	-122,299911
10089,651489	-122,755264
10090,324402	-123,098709
10090,997314	-122,176689
10091,670227	-122,350555
10092,343140	-121,925468
10093,016052	-123,650047
10093,688965	-124,065453
10094,361877	-123,714790
10095,034790	-122,575287
10095,707703	-121,396919
10096,380615	-122,444946
10097,053528	-122,171738
10097,726440	-122,436401
10098,399353	-122,778999
10099,072266	-122,400444
10099,745178	-122,409378
10100,418091	-121,425552
10101,091003	-123,021324
10101,763916	-122,771202
10102,436829	-122,211792
10103,109741	-121,855743
10103,782654	-121,007660
10104,455566	-121,033691
10105,128479	-123,907181
10105,801392	-121,515518
10106,474304	-121,624107
10107,147217	-122,883522
10107,820129	-124,758171
10108,493042	-123,221664
10109,165955	-120,656265
10109,838867	-119,563118
10110,511780	-121,697754
10111,184692	-124,104774
10111,857605	-124,499825
10112,530518	-122,316109
10113,203430	-121,152397
10113,876343	-121,075508
10114,549255	-125,703636
10115,222168	-124,989464
10115,895081	-123,877655
10116,567993	-121,617378
10117,240906	-123,186264
10117,913818	-123,760139
10118,586731	-123,737709
10119,259644	-123,582191
10119,932556	-124,611259
10120,605469	-123,736977
10121,278381	-122,723572
10121,951294	-123,129852
10122,624207	-123,016891
10123,297119	-122,062828
10123,970032	-123,819077
10124,642944	-122,684608
10125,315857	-121,717857
10125,988770	-122,007584
10126,661682	-122,526344
10127,334595	-122,026505
10128,007507	-121,969414
10128,680420	-123,673683
10129,353333	-123,761620
10130,026245	-123,039368
10130,699158	-122,064972
10131,372070	-122,689621
10132,044983	-123,799591
10132,717896	-122,166725
10133,390808	-121,556198
10134,063721	-122,792854
10134,736633	-123,019157
10135,409546	-122,278725
10136,082458	-122,510239
10136,755371	-124,197556
10137,428284	-120,633507
10138,101196	-122,152336
10138,774109	-122,389244
10139,447021	-122,745438
10140,119934	-122,250046
10140,792847	-124,324730
10141,465759	-124,946320
10142,138672	-123,815613
10142,811584	-124,214165
10143,484497	-124,314598
10144,157410	-123,535538
10144,830322	-123,100105
10145,503235	-123,880600
10146,176147	-122,642586
10146,849060	-121,792427
10147,521973	-121,770889
10148,194885	-121,102142
10148,867798	-122,196648
10149,540710	-122,015549
10150,213623	-122,715424
10150,886536	-124,363052
10151,559448	-122,556519
10152,232361	-123,328026
10152,905273	-123,415749
10153,578186	-122,732811
10154,251099	-124,269569
10154,924011	-121,584084
10155,596924	-121,850082
10156,269836	-122,602722
10156,942749	-124,110352
10157,615662	-124,479141
10158,288574	-122,874954
10158,961487	-122,903984
10159,634399	-123,691330
10160,307312	-123,664909
10160,980225	-123,439995
10161,653137	-124,610489
10162,326050	-125,712639
10162,998962	-125,991066
10163,671875	-123,682076
10164,344788	-124,994713
10165,017700	-125,797813
10165,690613	-123,971146
10166,363525	-122,373840
10167,036438	-122,188110
10167,709351	-122,586510
10168,382263	-120,999001
10169,055176	-121,246170
10169,728088	-123,309769
10170,401001	-123,342819
10171,073914	-124,124176
10171,746826	-124,475189
10172,419739	-123,351357
10173,092651	-123,603752
10173,765564	-123,300385
10174,438477	-123,204620
10175,111389	-123,102409
10175,784302	-124,119530
10176,457214	-123,985146
10177,130127	-121,777710
10177,803040	-121,727875
10178,475952	-123,157303
10179,148865	-123,181366
10179,821777	-122,394806
10180,494690	-123,289993
10181,167603	-121,735497
10181,840515	-121,929230
10182,513428	-124,047394
10183,186340	-124,718948
10183,859253	-123,609428
10184,532166	-124,324539
10185,205078	-124,767296
10185,877991	-123,784836
10186,550903	-121,629288
10187,223816	-122,287239
10187,896729	-123,127960
10188,569641	-122,997925
10189,242554	-122,434914
10189,915466	-123,572395
10190,588379	-124,094398
10191,261292	-123,388786
10191,934204	-123,076530
10192,607117	-122,787407
10193,280029	-122,889427
10193,952942	-121,892792
10194,625854	-122,817307
10195,298767	-123,603012
10195,971680	-123,828636
10196,644592	-124,482605
10197,317505	-123,014885
10197,990417	-122,599297
10198,663330	-122,967758
10199,336243	-121,727898
10200,009155	-121,862564
10200,682068	-121,858055
10201,354980	-121,934166
10202,027893	-123,214371
10202,700806	-122,124641
10203,373718	-121,721298
10204,046631	-121,591530
10204,719543	-122,303230
10205,392456	-122,946831
10206,065369	-123,704880
10206,738281	-123,515457
10207,411194	-125,912224
10208,084106	-122,737274
10208,757019	-123,207794
10209,429932	-124,484039
10210,102844	-122,220345
10210,775757	-123,926140
10211,448669	-127,964996
10212,121582	-125,946808
10212,794495	-122,332642
10213,467407	-122,750992
10214,140320	-123,046135
10214,813232	-123,329376
10215,486145	-122,712135
10216,159058	-122,763306
10216,831970	-123,479248
10217,504883	-123,929512
10218,177795	-124,978241
10218,850708	-123,173393
10219,523621	-122,189362
10220,196533	-122,395798
10220,869446	-122,507576
10221,542358	-124,750526
10222,215271	-124,419914
10222,888184	-123,586357
10223,561096	-123,534698
10224,234009	-123,646065
10224,906921	-122,881798
10225,579834	-123,127983
10226,252747	-123,109131
10226,925659	-123,530525
10227,598572	-123,065712
10228,271484	-122,221451
10228,944397	-122,556877
10229,617310	-122,981361
10230,290222	-121,669662
10230,963135	-122,775665
10231,636047	-122,113533
10232,308960	-124,544106
10232,981873	-123,191650
10233,654785	-123,025093
10234,327698	-123,621674
10235,000610	-123,115410
10235,673523	-124,286087
10236,346436	-122,319962
10237,019348	-122,564308
10237,692261	-123,216766
10238,365173	-122,480682
10239,038086	-122,983551
10239,710999	-123,589630
10240,383911	-123,229027
10241,056824	-122,364136
10241,729736	-122,173218
10242,402649	-123,224174
10243,075562	-122,940636
10243,748474	-123,478363
10244,421387	-122,687759
10245,094299	-123,783669
10245,767212	-123,853683
10246,440125	-123,796448
10247,113037	-123,269661
10247,785950	-124,226768
10248,458862	-125,428406
10249,131775	-125,775795
10249,804688	-123,977028
10250,477600	-122,009285
10251,150513	-123,781929
10251,823425	-124,163429
10252,496338	-123,905876
10253,169250	-124,308868
10253,842163	-125,603210
10254,515076	-124,371346
10255,187988	-123,869080
10255,860901	-123,779083
10256,533813	-124,902924
10257,206726	-125,703934
10257,879639	-124,903366
10258,552551	-123,444344
10259,225464	-123,547119
10259,898376	-123,604469
10260,571289	-124,894135
10261,244202	-124,657173
10261,917114	-123,080482
10262,590027	-123,076843
10263,262939	-124,454391
10263,935852	-121,989456
10264,608765	-122,369102
10265,281677	-123,775177
10265,954590	-123,354340
10266,627502	-123,283836
10267,300415	-122,221115
10267,973328	-122,381317
10268,646240	-122,281662
10269,319153	-123,570618
10269,992065	-124,344398
10270,664978	-123,629990
10271,337891	-122,408104
10272,010803	-124,351143
10272,683716	-123,834190
10273,356628	-123,622940
10274,029541	-124,297020
10274,702454	-123,430458
10275,375366	-121,924690
10276,048279	-121,163780
10276,721191	-122,149437
10277,394104	-122,709732
10278,067017	-122,736389
10278,739929	-124,317207
10279,412842	-123,765488
10280,085754	-122,800636
10280,758667	-123,206833
10281,431580	-123,551788
10282,104492	-122,982658
10282,777405	-123,428101
10283,450317	-122,262192
10284,123230	-122,583183
10284,796143	-124,078072
10285,469055	-124,899384
10286,141968	-124,774406
10286,814880	-123,949699
10287,487793	-124,692909
10288,160706	-122,875496
10288,833618	-122,578064
10289,506531	-123,864265
10290,179443	-121,776436
10290,852356	-122,564484
10291,525269	-124,155495
10292,198181	-123,297386
10292,871094	-124,530853
10293,544006	-124,978775
10294,216919	-122,497330
10294,889832	-122,533089
10295,562744	-123,615562
10296,235657	-124,167030
10296,908569	-124,475983
10297,581482	-125,961853
10298,254395	-126,899055
10298,927307	-124,558548
10299,600220	-124,816666
10300,273132	-124,149696
10300,946045	-124,399986
10301,618958	-123,972473
10302,291870	-123,994484
10302,964783	-126,238495
10303,637695	-123,624100
10304,310608	-123,379097
10304,983521	-125,524055
10305,656433	-126,986099
10306,329346	-125,454704
10307,002258	-124,571892
10307,675171	-123,773514
10308,348083	-124,333549
10309,020996	-124,118118
10309,693909	-123,026550
10310,366821	-122,755974
10311,039734	-124,787247
10311,712646	-124,009308
10312,385559	-122,928360
10313,058472	-124,245926
10313,731384	-123,595039
10314,404297	-123,410904
10315,077209	-123,408669
10315,750122	-124,317108
10316,423035	-124,308662
10317,095947	-123,307053
10317,768860	-123,242760
10318,441772	-124,123627
10319,114685	-122,832527
10319,787598	-121,904961
10320,460510	-123,430908
10321,133423	-123,201805
10321,806335	-123,720627
10322,479248	-125,336838
10323,152161	-125,349449
10323,825073	-125,149231
10324,497986	-124,828667
10325,170898	-123,440788
10325,843811	-124,605087
10326,516724	-125,178215
10327,189636	-123,174957
10327,862549	-121,886841
10328,535461	-123,188606
10329,208374	-123,942810
10329,881287	-125,316071
10330,554199	-124,382660
10331,227112	-125,015839
10331,900024	-123,637177
10332,572937	-124,819893
10333,245850	-124,861740
10333,918762	-125,641945
10334,591675	-123,647301
10335,264587	-123,512535
10335,937500	-123,934891
10336,610413	-125,358368
10337,283325	-124,506371
10337,956238	-124,009819
10338,629150	-125,616959
10339,302063	-125,390572
10339,974976	-125,027588
10340,647888	-123,897964
10341,320801	-123,697823
10341,993713	-124,014618
10342,666626	-123,665924
10343,339539	-122,356979
10344,012451	-120,803490
10344,685364	-121,172852
10345,358276	-123,078506
10346,031189	-126,144188
10346,704102	-126,496773
10347,377014	-124,261421
10348,049927	-124,368912
10348,722839	-123,993645
10349,395752	-122,040764
10350,068665	-123,530144
10350,741577	-123,400192
10351,414490	-123,492920
10352,087402	-122,544090
10352,760315	-123,941780
10353,433228	-125,222397
10354,106140	-125,284836
10354,779053	-125,224609
10355,451965	-125,318764
10356,124878	-125,707291
10356,797791	-123,933624
10357,470703	-125,441170
10358,143616	-124,205185
10358,816528	-123,315338
10359,489441	-123,139153
10360,162354	-124,230232
10360,835266	-123,819168
10361,508179	-122,545380
10362,181091	-124,353584
10362,854004	-126,291267
10363,526917	-125,648750
10364,199829	-124,535416
10364,872742	-124,852448
10365,545654	-125,358276
10366,218567	-124,115883
10366,891479	-125,432594
10367,564392	-125,843178
10368,237305	-125,195213
10368,910217	-123,938087
10369,583130	-124,316368
10370,256042	-124,398872
10370,928955	-123,502434
10371,601868	-124,102333
10372,274780	-124,271950
10372,947693	-124,529152
10373,620605	-124,980995
10374,293518	-125,063255
10374,966431	-123,155479
10375,639343	-122,869576
10376,312256	-123,752220
10376,985168	-125,206230
10377,658081	-123,821266
10378,330994	-125,338615
10379,003906	-124,929901
10379,676819	-122,593163
10380,349731	-123,837631
10381,022644	-125,163368
10381,695557	-124,669624
10382,368469	-122,580299
10383,041382	-121,648766
10383,714294	-123,652550
10384,387207	-124,127953
10385,060120	-124,963394
10385,733032	-124,742981
10386,405945	-125,216301
10387,078857	-123,916519
10387,751770	-123,061897
10388,424683	-122,114037
10389,097595	-122,668678
10389,770508	-123,166550
10390,443420	-124,422859
10391,116333	-123,213219
10391,789246	-122,309906
10392,462158	-122,969887
10393,135071	-123,547081
10393,807983	-122,490143
10394,480896	-123,666107
10395,153809	-125,210373
10395,826721	-124,405266
10396,499634	-124,249863
10397,172546	-122,825912
10397,845459	-123,114616
10398,518372	-122,561729
10399,191284	-122,891708
10399,864197	-122,812523
10400,537109	-126,027367
10401,210022	-125,413200
10401,882935	-124,898254
10402,555847	-123,943047
10403,228760	-125,285301
10403,901672	-125,904205
10404,574585	-123,895760
10405,247498	-123,920830
10405,920410	-124,849289
10406,593323	-124,744919
10407,266235	-123,448280
10407,939148	-122,810249
10408,612061	-123,012665
10409,284973	-122,467026
10409,957886	-122,746078
10410,630798	-124,042610
10411,303711	-124,798943
10411,976624	-124,385262
10412,649536	-123,970924
10413,322449	-124,100868
10413,995361	-123,740822
10414,668274	-124,569054
10415,341187	-124,604790
10416,014099	-124,146713
10416,687012	-124,312965
10417,359924	-124,409706
10418,032837	-125,283585
10418,705750	-124,437309
10419,378662	-124,148308
10420,051575	-124,023117
10420,724487	-122,859962
10421,397400	-123,269363
10422,070312	-125,257446
10422,743225	-124,150490
10423,416138	-122,773346
10424,089050	-122,619934
10424,761963	-123,821793
10425,434875	-125,464439
10426,107788	-124,762268
10426,780701	-125,416054
10427,453613	-125,393600
10428,126526	-124,874138
10428,799438	-122,969658
10429,472351	-123,665489
10430,145264	-125,924431
10430,818176	-124,544662
10431,491089	-125,336044
10432,164001	-125,022675
10432,836914	-124,752151
10433,509827	-124,306091
10434,182739	-124,761993
10434,855652	-125,404327
10435,528564	-124,922287
10436,201477	-125,101501
10436,874390	-125,734093
10437,547302	-125,650269
10438,220215	-124,161705
10438,893127	-123,999947
10439,566040	-123,575165
10440,238953	-123,472992
10440,911865	-123,387581
10441,584778	-124,312325
10442,257690	-124,315224
10442,930603	-125,103592
10443,603516	-124,606056
10444,276428	-124,864204
10444,949341	-124,710609
10445,622253	-124,372284
10446,295166	-123,738060
10446,968079	-124,313507
10447,640991	-124,040154
10448,313904	-124,016029
10448,986816	-123,522316
10449,659729	-125,050598
10450,332642	-125,505440
10451,005554	-124,380859
10451,678467	-125,549706
10452,351379	-126,446350
10453,024292	-125,112854
10453,697205	-124,147949
10454,370117	-125,155128
10455,043030	-125,863129
10455,715942	-123,453026
10456,388855	-123,705536
10457,061768	-124,683479
10457,734680	-125,402908
10458,407593	-123,860512
10459,080505	-123,692093
10459,753418	-125,357101
10460,426331	-124,365738
10461,099243	-123,895882
10461,772156	-123,586189
10462,445068	-122,779694
10463,117981	-124,383553
10463,790894	-125,771706
10464,463806	-125,569336
10465,136719	-126,080872
10465,809631	-125,603653
10466,482544	-127,124199
10467,155457	-124,821724
10467,828369	-123,828621
10468,501282	-123,316277
10469,174194	-124,243813
10469,847107	-125,942024
10470,520020	-123,866325
10471,192932	-124,395706
10471,865845	-124,620590
10472,538757	-123,407425
10473,211670	-124,727409
10473,884583	-123,739594
10474,557495	-124,986641
10475,230408	-124,685486
10475,903320	-124,743362
10476,576233	-124,979248
10477,249146	-125,090248
10477,922058	-124,308327
10478,594971	-123,874176
10479,267883	-123,920990
10479,940796	-123,537514
10480,613708	-123,255745
10481,286621	-124,450104
10481,959534	-126,609573
10482,632446	-126,144806
10483,305359	-125,348373
10483,978271	-123,865410
10484,651184	-123,905891
10485,324097	-123,446022
10485,997009	-125,195412
10486,669922	-125,942070
10487,342834	-125,757477
10488,015747	-126,049385
10488,688660	-124,887909
10489,361572	-126,302795
10490,034485	-126,968246
10490,707397	-125,074120
10491,380310	-125,419655
10492,053223	-125,999435
10492,726135	-124,841789
10493,399048	-127,518822
10494,071960	-127,792900
10494,744873	-125,575676
10495,417786	-123,980507
10496,090698	-125,528008
10496,763611	-126,387695
10497,436523	-126,489090
10498,109436	-125,521919
10498,782349	-125,378685
10499,455261	-124,404877
10500,128174	-123,471397
10500,801086	-124,011917
10501,473999	-123,336273
10502,146912	-123,541306
10502,819824	-125,030022
10503,492737	-123,082314
10504,165649	-122,610634
10504,838562	-123,460876
10505,511475	-122,678169
10506,184387	-123,141380
10506,857300	-125,328888
10507,530212	-124,515503
10508,203125	-124,993149
10508,876038	-126,262634
10509,548950	-125,618416
10510,221863	-124,466026
10510,894775	-124,440437
10511,567688	-123,200508
10512,240601	-122,978470
10512,913513	-125,496246
10513,586426	-124,785889
10514,259338	-125,516876
10514,932251	-126,368553
10515,605164	-125,995964
10516,278076	-123,362679
10516,950989	-122,511566
10517,623901	-124,793152
10518,296814	-124,666405
10518,969727	-123,911964
10519,642639	-125,238274
10520,315552	-124,083450
10520,988464	-125,063881
10521,661377	-125,431183
10522,334290	-124,338829
10523,007202	-123,331665
10523,680115	-124,505127
10524,353027	-124,645172
10525,025940	-124,101868
10525,698853	-124,582336
10526,371765	-124,631821
10527,044678	-124,260139
10527,717590	-122,787323
10528,390503	-122,873550
10529,063416	-125,123207
10529,736328	-125,760216
10530,409241	-126,857986
10531,082153	-125,944061
10531,755066	-125,638481
10532,427979	-124,406250
10533,100891	-123,796577
10533,773804	-123,745255
10534,446716	-123,140053
10535,119629	-124,335312
10535,792542	-126,371490
10536,465454	-127,917931
10537,138367	-126,247673
10537,811279	-125,933411
10538,484192	-125,975479
10539,157104	-125,485374
10539,830017	-124,794418
10540,502930	-124,927139
10541,175842	-124,884521
10541,848755	-123,760094
10542,521667	-124,631401
10543,194580	-125,566177
10543,867493	-124,677788
10544,540405	-126,156326
10545,213318	-124,291092
10545,886230	-124,345276
10546,559143	-124,579811
10547,232056	-124,395042
10547,904968	-123,354309
10548,577881	-124,076416
10549,250793	-123,904015
10549,923706	-124,046616
10550,596619	-123,765152
10551,269531	-126,928818
10551,942444	-125,145599
10552,615356	-123,436584
10553,288269	-125,432465
10553,961182	-125,054810
10554,634094	-126,347878
10555,307007	-124,916634
10555,979919	-126,217613
10556,652832	-125,502296
10557,325745	-125,281059
10557,998657	-124,076401
10558,671570	-125,817528
10559,344482	-127,226875
10560,017395	-125,632408
10560,690308	-125,422501
10561,363220	-125,003082
10562,036133	-125,173851
10562,709045	-124,091972
10563,381958	-124,208946
10564,054871	-125,386002
10564,727783	-124,129311
10565,400696	-124,324112
10566,073608	-125,736542
10566,746521	-125,332779
10567,419434	-124,909203
10568,092346	-125,039299
10568,765259	-124,766907
10569,438171	-123,410812
10570,111084	-125,465958
10570,783997	-125,695488
10571,456909	-126,506630
10572,129822	-123,974106
10572,802734	-123,752380
10573,475647	-125,193802
10574,148560	-125,346664
10574,821472	-124,506096
10575,494385	-123,701088
10576,167297	-124,406769
10576,840210	-124,863831
10577,513123	-124,574348
10578,186035	-125,004395
10578,858948	-126,145477
10579,531860	-126,116890
10580,204773	-124,076729
10580,877686	-124,160194
10581,550598	-124,391045
10582,223511	-124,706245
10582,896423	-127,896889
10583,569336	-124,764305
10584,242249	-123,297997
10584,915161	-125,258347
10585,588074	-125,262405
10586,260986	-124,640778
10586,933899	-125,224968
10587,606812	-125,538429
10588,279724	-124,908218
10588,952637	-125,869171
10589,625549	-125,776741
10590,298462	-125,324554
10590,971375	-125,217308
10591,644287	-125,941154
10592,317200	-124,636009
10592,990112	-126,248688
10593,663025	-124,891235
10594,335938	-124,658821
10595,008850	-123,982506
10595,681763	-125,055031
10596,354675	-125,296974
10597,027588	-125,497520
10597,700500	-129,566971
10598,373413	-127,579285
10599,046326	-127,733795
10599,719238	-125,523613
10600,392151	-123,652496
10601,065063	-125,606552
10601,737976	-124,645164
10602,410889	-125,085716
10603,083801	-125,518219
10603,756714	-125,288094
10604,429626	-124,357643
10605,102539	-125,172691
10605,775452	-126,316406
10606,448364	-126,290932
10607,121277	-127,409302
10607,794189	-125,257607
10608,467102	-126,233246
10609,140015	-127,285667
10609,812927	-125,865997
10610,485840	-125,853401
10611,158752	-125,066544
10611,831665	-125,198952
10612,504578	-125,868492
10613,177490	-127,010338
10613,850403	-126,145111
10614,523315	-126,165207
10615,196228	-124,642693
10615,869141	-125,733910
10616,542053	-125,289185
10617,214966	-126,243515
10617,887878	-125,497955
10618,560791	-124,052803
10619,233704	-123,123711
10619,906616	-123,114281
10620,579529	-125,012199
10621,252441	-128,740234
10621,925354	-127,686340
10622,598267	-124,937012
10623,271179	-124,445877
10623,944092	-125,143585
10624,617004	-128,105881
10625,289917	-126,984978
10625,962830	-125,144249
10626,635742	-126,211647
10627,308655	-124,603752
10627,981567	-125,131195
10628,654480	-127,383347
10629,327393	-125,939835
10630,000305	-124,450432
10630,673218	-124,762962
10631,346130	-124,947662
10632,019043	-126,059013
10632,691956	-126,980362
10633,364868	-127,378571
10634,037781	-127,515976
10634,710693	-129,201248
10635,383606	-128,025452
10636,056519	-125,804695
10636,729431	-124,391747
10637,402344	-124,428940
10638,075256	-125,968712
10638,748169	-124,035858
10639,421082	-123,189568
10640,093994	-123,763329
10640,766907	-123,584641
10641,439819	-123,473389
10642,112732	-123,924042
10642,785645	-125,796272
10643,458557	-126,675972
10644,131470	-125,458656
10644,804382	-125,344421
10645,477295	-125,464317
10646,150208	-125,463844
10646,823120	-126,465233
10647,496033	-126,751106
10648,168945	-124,764404
10648,841858	-126,674530
10649,514771	-128,390091
10650,187683	-126,065788
10650,860596	-126,000992
10651,533508	-125,161850
10652,206421	-124,602921
10652,879333	-125,437668
10653,552246	-125,477341
10654,225159	-124,216888
10654,898071	-124,922653
10655,570984	-126,072327
10656,243896	-126,438950
10656,916809	-126,196777
10657,589722	-125,833809
10658,262634	-126,886559
10658,935547	-126,672272
10659,608459	-126,060219
10660,281372	-125,566353
10660,954285	-127,163528
10661,627197	-124,873924
10662,300110	-124,719948
10662,973022	-124,589409
10663,645935	-126,149956
10664,318848	-127,512207
10664,991760	-127,715912
10665,664673	-126,599258
10666,337585	-127,990524
10667,010498	-127,877350
10667,683411	-126,370377
10668,356323	-126,822235
10669,029236	-126,797615
10669,702148	-127,654221
10670,375061	-129,484238
10671,047974	-127,844467
10671,720886	-125,594185
10672,393799	-125,389267
10673,066711	-125,171165
10673,739624	-125,183510
10674,412537	-127,865318
10675,085449	-128,037766
10675,758362	-125,866608
10676,431274	-125,086075
10677,104187	-125,495636
10677,777100	-127,140076
10678,450012	-128,679504
10679,122925	-128,352905
10679,795837	-127,601234
10680,468750	-126,040932
10681,141663	-125,555511
10681,814575	-125,953773
10682,487488	-126,727036
10683,160400	-125,722206
10683,833313	-124,198074
10684,506226	-125,074089
10685,179138	-127,118675
10685,852051	-127,542747
10686,524963	-123,967323
10687,197876	-124,159019
10687,870789	-124,582497
10688,543701	-125,144432
10689,216614	-125,504372
10689,889526	-126,622696
10690,562439	-126,020088
10691,235352	-124,629501
10691,908264	-127,282845
10692,581177	-126,927322
10693,254089	-125,446899
10693,927002	-125,926292
10694,599915	-126,503914
10695,272827	-125,777718
10695,945740	-126,029045
10696,618652	-127,333664
10697,291565	-125,724472
10697,964478	-124,675354
10698,637390	-127,156174
10699,310303	-128,313278
10699,983215	-127,551041
10700,656128	-127,360840
10701,329041	-126,539787
10702,001953	-127,341377
10702,674866	-126,046013
10703,347778	-124,660286
10704,020691	-124,518883
10704,693604	-125,003014
10705,366516	-125,471008
10706,039429	-124,394066
10706,712341	-124,861946
10707,385254	-125,952179
10708,058167	-125,390114
10708,731079	-127,203827
10709,403992	-126,237061
10710,076904	-124,735863
10710,749817	-124,722816
10711,422729	-123,914017
10712,095642	-125,810631
10712,768555	-125,663017
10713,441467	-124,965729
10714,114380	-125,814850
10714,787292	-126,584000
10715,460205	-125,076172
10716,133118	-125,275452
10716,806030	-126,513718
10717,478943	-124,104431
10718,151855	-124,173454
10718,824768	-127,262215
10719,497681	-126,365906
10720,170593	-126,328308
10720,843506	-125,552017
10721,516418	-125,350182
10722,189331	-125,054581
10722,862244	-125,591713
10723,535156	-125,566620
10724,208069	-126,811722
10724,880981	-126,556290
10725,553894	-125,923737
10726,226807	-126,708626
10726,899719	-126,240089
10727,572632	-125,452690
10728,245544	-126,503212
10728,918457	-127,065056
10729,591370	-126,934105
10730,264282	-128,590927
10730,937195	-125,398041
10731,610107	-125,804802
10732,283020	-126,872406
10732,955933	-127,279541
10733,628845	-127,427116
10734,301758	-127,226631
10734,974670	-124,666992
10735,647583	-125,077888
10736,320496	-126,892395
10736,993408	-125,521988
10737,666321	-125,150047
10738,339233	-126,955688
10739,012146	-127,269150
10739,685059	-126,562302
10740,357971	-126,144485
10741,030884	-124,236046
10741,703796	-124,494965
10742,376709	-125,631157
10743,049622	-127,791031
10743,722534	-128,347702
10744,395447	-128,122833
10745,068359	-126,224052
10745,741272	-124,927757
10746,414185	-124,689552
10747,087097	-125,712021
10747,760010	-125,843880
10748,432922	-124,385948
10749,105835	-124,918892
10749,778748	-125,707077
10750,451660	-125,656731
10751,124573	-125,409256
10751,797485	-126,790169
10752,470398	-126,157623
10753,143311	-126,498405
10753,816223	-126,076920
10754,489136	-127,956352
10755,162048	-126,376083
10755,834961	-126,997490
10756,507874	-126,371712
10757,180786	-125,993881
10757,853699	-126,094910
10758,526611	-126,437431
10759,199524	-127,265709
10759,872437	-127,648949
10760,545349	-125,643471
10761,218262	-127,190544
10761,891174	-126,020004
10762,564087	-125,577957
10763,237000	-126,499901
10763,909912	-125,995079
10764,582825	-126,172699
10765,255737	-125,910950
10765,928650	-125,532143
10766,601562	-126,140335
10767,274475	-126,668243
10767,947388	-126,493767
10768,620300	-125,957863
10769,293213	-126,228760
10769,966125	-126,868370
10770,639038	-126,863113
10771,311951	-125,878815
10771,984863	-125,866501
10772,657776	-125,646774
10773,330688	-126,048645
10774,003601	-126,365227
10774,676514	-125,627899
10775,349426	-125,780014
10776,022339	-125,476540
10776,695251	-125,925995
10777,368164	-125,974915
10778,041077	-128,217453
10778,713989	-125,964981
10779,386902	-127,848534
10780,059814	-128,361267
10780,732727	-126,149429
10781,405640	-127,124489
10782,078552	-129,298279
10782,751465	-127,749474
10783,424377	-125,576485
10784,097290	-125,684410
10784,770203	-125,969681
10785,443115	-126,500595
10786,116028	-126,849625
10786,788940	-128,058624
10787,461853	-127,880501
10788,134766	-127,800316
10788,807678	-125,285805
10789,480591	-125,668549
10790,153503	-125,727493
10790,826416	-126,032074
10791,499329	-125,173172
10792,172241	-126,539177
10792,845154	-127,940308
10793,518066	-126,890884
10794,190979	-125,780945
10794,863892	-127,349754
10795,536804	-125,656799
10796,209717	-124,984001
10796,882629	-126,060577
10797,555542	-125,815735
10798,228455	-127,060860
10798,901367	-127,678436
10799,574280	-126,012321
10800,247192	-125,716621
10800,920105	-126,110519
10801,593018	-125,966988
10802,265930	-125,975540
10802,938843	-126,454033
10803,611755	-126,842201
10804,284668	-126,318672
10804,957581	-127,787048
10805,630493	-127,376129
10806,303406	-127,454208
10806,976318	-127,496544
10807,649231	-126,734360
10808,322144	-126,769264
10808,995056	-127,645348
10809,667969	-127,508797
10810,340881	-127,946861
10811,013794	-126,983994
10811,686707	-126,683998
10812,359619	-126,939590
10813,032532	-126,349236
10813,705444	-127,344803
10814,378357	-127,193260
10815,051270	-126,202118
10815,724182	-125,678627
10816,397095	-127,038956
10817,070007	-126,796776
10817,742920	-126,216736
10818,415833	-126,256889
10819,088745	-125,333336
10819,761658	-126,168892
10820,434570	-126,480064
10821,107483	-127,398483
10821,780396	-128,382492
10822,453308	-127,445229
10823,126221	-128,110504
10823,799133	-126,734612
10824,472046	-125,195732
10825,144958	-124,687996
10825,817871	-124,836372
10826,490784	-124,960281
10827,163696	-127,050209
10827,836609	-127,497543
10828,509521	-128,050018
10829,182434	-125,900475
10829,855347	-125,343109
10830,528259	-125,597839
10831,201172	-127,580559
10831,874084	-128,453049
10832,546997	-128,168152
10833,219910	-128,633865
10833,892822	-126,846855
10834,565735	-126,634209
10835,238647	-125,909721
10835,911560	-126,888199
10836,584473	-127,970055
10837,257385	-125,852776
10837,930298	-126,788673
10838,603210	-126,335518
10839,276123	-125,984833
10839,949036	-127,890335
10840,621948	-127,216888
10841,294861	-125,959923
10841,967773	-126,360588
10842,640686	-128,201416
10843,313599	-126,938911
10843,986511	-126,076965
10844,659424	-127,626709
10845,332336	-128,796921
10846,005249	-128,648071
10846,678162	-127,397530
10847,351074	-127,625359
10848,023987	-126,508347
10848,696899	-126,049805
10849,369812	-126,264702
10850,042725	-125,726517
10850,715637	-126,513741
10851,388550	-126,369041
10852,061462	-125,951897
10852,734375	-126,238510
10853,407288	-126,423676
10854,080200	-125,518959
10854,753113	-126,110901
10855,426025	-129,215836
10856,098938	-128,005661
10856,771851	-127,428070
10857,444763	-127,000618
10858,117676	-128,037903
10858,790588	-127,687134
10859,463501	-128,169266
10860,136414	-127,288628
10860,809326	-126,706573
10861,482239	-126,159233
10862,155151	-126,053894
10862,828064	-126,466507
10863,500977	-126,235970
10864,173889	-125,335106
10864,846802	-127,316673
10865,519714	-129,843246
10866,192627	-127,759140
10866,865540	-127,314743
10867,538452	-126,643211
10868,211365	-126,240669
10868,884277	-126,440392
10869,557190	-125,726700
10870,230103	-126,609795
10870,903015	-127,877151
10871,575928	-127,383698
10872,248840	-125,964432
10872,921753	-125,341621
10873,594666	-127,292336
10874,267578	-125,107239
10874,940491	-126,392006
10875,613403	-125,712471
10876,286316	-126,001350
10876,959229	-127,760605
10877,632141	-126,643242
10878,305054	-127,538017
10878,977966	-125,207230
10879,650879	-125,706100
10880,323792	-127,391434
10880,996704	-129,040314
10881,669617	-128,009033
10882,342529	-126,680237
10883,015442	-125,971054
10883,688354	-127,011940
10884,361267	-126,872719
10885,034180	-125,449814
10885,707092	-126,228920
10886,380005	-124,162415
10887,052917	-124,745483
10887,725830	-126,875084
10888,398743	-128,652771
10889,071655	-127,548759
10889,744568	-126,652618
10890,417480	-126,558128
10891,090393	-126,604858
10891,763306	-127,722168
10892,436218	-127,570183
10893,109131	-128,155365
10893,782043	-128,182449
10894,454956	-127,260254
10895,127869	-127,234673
10895,800781	-127,836243
10896,473694	-127,887459
10897,146606	-128,971649
10897,819519	-127,339211
10898,492432	-127,590088
10899,165344	-127,054604
10899,838257	-127,716698
10900,511169	-128,882721
10901,184082	-126,206261
10901,856995	-124,947144
10902,529907	-125,295296
10903,202820	-125,247810
10903,875732	-127,029190
10904,548645	-127,101364
10905,221558	-127,461258
10905,894470	-128,112732
10906,567383	-128,780151
10907,240295	-128,052826
10907,913208	-126,520699
10908,586121	-127,402946
10909,259033	-126,296692
10909,931946	-127,121834
10910,604858	-128,367447
10911,277771	-128,808273
10911,950684	-129,130005
10912,623596	-128,258865
10913,296509	-126,895660
10913,969421	-127,538391
10914,642334	-127,677132
10915,315247	-127,454414
10915,988159	-126,434265
10916,661072	-125,785110
10917,333984	-126,523537
10918,006897	-127,186119
10918,679810	-126,539497
10919,352722	-126,671722
10920,025635	-127,372757
10920,698547	-127,889168
10921,371460	-126,934402
10922,044373	-127,486588
10922,717285	-126,825172
10923,390198	-126,402435
10924,063110	-127,158569
10924,736023	-128,067871
10925,408936	-126,781494
10926,081848	-125,790497
10926,754761	-125,006378
10927,427673	-126,128326
10928,100586	-127,409195
10928,773499	-127,378876
10929,446411	-128,619492
10930,119324	-127,669434
10930,792236	-126,344009
10931,465149	-127,273140
10932,138062	-127,489426
10932,810974	-127,535637
10933,483887	-126,740547
10934,156799	-126,491562
10934,829712	-128,236298
10935,502625	-126,511215
10936,175537	-126,991676
10936,848450	-126,922729
10937,521362	-127,038918
10938,194275	-125,434006
10938,867188	-125,753334
10939,540100	-128,616348
10940,213013	-127,391487
10940,885925	-126,299538
10941,558838	-128,137497
10942,231750	-129,107437
10942,904663	-126,139618
10943,577576	-127,263916
10944,250488	-129,447922
10944,923401	-127,450714
10945,596313	-128,393524
10946,269226	-128,972565
10946,942139	-128,604218
10947,615051	-126,918610
10948,287964	-126,968643
10948,960876	-131,284088
10949,633789	-130,443497
10950,306702	-127,958794
10950,979614	-126,501305
10951,652527	-127,105865
10952,325439	-127,490486
10952,998352	-126,499756
10953,671265	-127,858269
10954,344177	-126,413849
10955,017090	-126,280510
10955,690002	-126,878754
10956,362915	-126,695068
10957,035828	-126,643051
10957,708740	-126,925705
10958,381653	-126,378555
10959,054565	-125,095566
10959,727478	-126,384003
10960,400391	-127,482986
10961,073303	-128,925369
10961,746216	-128,763336
10962,419128	-127,445656
10963,092041	-125,453445
10963,764954	-126,131355
10964,437866	-125,829384
10965,110779	-125,751251
10965,783691	-125,793152
10966,456604	-125,544197
10967,129517	-127,280876
10967,802429	-126,740944
10968,475342	-126,876930
10969,148254	-128,126999
10969,821167	-126,097893
10970,494080	-126,442719
10971,166992	-127,313461
10971,839905	-127,863258
10972,512817	-126,164627
10973,185730	-125,427734
10973,858643	-126,007889
10974,531555	-127,694473
10975,204468	-128,653885
10975,877380	-126,352348
10976,550293	-126,761398
10977,223206	-126,531189
10977,896118	-125,937286
10978,569031	-127,112823
10979,241943	-126,274223
10979,914856	-125,517876
10980,587769	-125,135223
10981,260681	-125,660347
10981,933594	-128,036835
10982,606506	-129,056610
10983,279419	-126,829582
10983,952332	-126,871979
10984,625244	-126,721519
10985,298157	-126,052086
10985,971069	-128,186661
10986,643982	-128,153885
10987,316895	-127,455582
10987,989807	-126,915405
10988,662720	-126,590225
10989,335632	-127,848412
10990,008545	-126,473145
10990,681458	-126,350868
10991,354370	-126,502716
10992,027283	-126,749306
10992,700195	-127,151558
10993,373108	-126,066292
10994,046021	-126,988228
10994,718933	-126,487343
10995,391846	-128,383026
10996,064758	-127,706779
10996,737671	-127,324722
10997,410583	-127,178185
10998,083496	-127,083725
10998,756409	-127,608215
10999,429321	-126,876701
11000,102234	-128,654068
11000,775146	-128,193588
11001,448059	-127,698647
11002,120972	-128,111923
11002,793884	-127,242195
11003,466797	-126,455017
11004,139709	-127,425133
11004,812622	-126,684547
11005,485535	-126,415428
11006,158447	-125,457703
11006,831360	-126,478142
11007,504272	-128,015244
11008,177185	-126,810295
11008,850098	-127,378204
11009,523010	-126,216446
11010,195923	-127,130890
11010,868835	-128,341461
11011,541748	-128,340179
11012,214661	-129,043579
11012,887573	-127,352028
11013,560486	-126,648598
11014,233398	-127,835014
11014,906311	-127,121277
11015,579224	-128,061371
11016,252136	-128,927734
11016,925049	-128,400894
11017,597961	-126,619873
11018,270874	-126,255287
11018,943787	-126,517250
11019,616699	-127,055962
11020,289612	-127,119202
11020,962524	-127,625450
11021,635437	-127,747292
11022,308350	-126,850166
11022,981262	-128,418701
11023,654175	-128,513580
11024,327087	-126,863426
