Frequency (Hz)	Level (dB)
0.672913	-95.147797
1.345825	-116.194550
2.018738	-116.174599
2.691650	-115.924194
3.364563	-115.286720
4.037476	-113.510880
4.710388	-111.077095
5.383301	-110.627373
6.056213	-110.749084
6.729126	-109.955719
7.402039	-108.876564
8.074951	-108.181801
8.747864	-106.733429
9.420776	-105.042786
10.093689	-103.607437
10.766602	-103.272537
11.439514	-101.166473
12.112427	-98.922157
12.785339	-97.209053
13.458252	-94.772606
14.131165	-92.686462
14.804077	-84.936760
15.476990	-81.000427
16.149902	-83.271378
16.822815	-88.504700
17.495728	-92.303520
18.168640	-93.220566
18.841553	-93.723495
19.514465	-93.410606
20.187378	-93.283630
20.860291	-94.481705
21.533203	-96.036133
22.206116	-96.645561
22.879028	-96.540253
23.551941	-95.573967
24.224854	-91.333008
24.897766	-86.794334
25.570679	-87.697906
26.243591	-87.638947
26.916504	-86.333839
27.589417	-87.943069
28.262329	-91.133186
28.935242	-94.197899
29.608154	-94.916946
30.281067	-94.776321
30.953979	-94.792191
31.626892	-95.317520
32.299805	-95.577850
32.972717	-95.041679
33.645630	-94.698807
34.318542	-94.927322
34.991455	-93.910660
35.664368	-92.993286
36.337280	-92.788155
37.010193	-92.162674
37.683105	-91.891739
38.356018	-91.471077
39.028931	-90.489136
39.701843	-90.105057
40.374756	-89.771202
41.047668	-88.947266
41.720581	-87.723961
42.393494	-85.950745
43.066406	-85.482567
43.739319	-85.069855
44.412231	-84.380173
45.085144	-82.951767
45.758057	-77.945488
46.430969	-72.144798
47.103882	-67.547623
47.776794	-65.032738
48.449707	-64.955223
49.122620	-66.740578
49.795532	-69.105019
50.468445	-71.307686
51.141357	-73.921989
51.814270	-75.826637
52.487183	-77.364944
53.160095	-79.314713
53.833008	-79.963943
54.505920	-80.196548
55.178833	-79.662910
55.851746	-80.023872
56.524658	-80.777138
57.197571	-81.022873
57.870483	-81.011879
58.543396	-80.317604
59.216309	-80.359009
59.889221	-80.636711
60.562134	-80.261627
61.235046	-78.607246
61.907959	-74.938126
62.580872	-69.716568
63.253784	-65.547325
63.926697	-63.795753
64.599609	-64.609978
65.272522	-67.681030
65.945435	-71.370918
66.618347	-74.621292
67.291260	-77.287521
67.964172	-79.973404
68.637085	-82.829407
69.309998	-85.104767
69.982910	-87.145294
70.655823	-88.661690
71.328735	-90.182793
72.001648	-91.767975
72.674561	-92.885597
73.347473	-92.549408
74.020386	-91.684196
74.693298	-91.419106
75.366211	-90.654999
76.039124	-89.248505
76.712036	-88.211586
77.384949	-86.849258
78.057861	-85.342728
78.730774	-84.154396
79.403687	-83.716370
80.076599	-85.564247
80.749512	-88.173286
81.422424	-88.798737
82.095337	-89.156502
82.768250	-89.764473
83.441162	-89.559570
84.114075	-88.321899
84.786987	-87.776703
85.459900	-87.838158
86.132812	-87.761475
86.805725	-87.828308
87.478638	-88.010399
88.151550	-88.206375
88.824463	-88.478851
89.497375	-88.008980
90.170288	-87.453598
90.843201	-87.105186
91.516113	-86.826714
92.189026	-86.315254
92.861938	-85.636711
93.534851	-84.829544
94.207764	-84.300911
94.880676	-84.120186
95.553589	-84.663002
96.226501	-86.947311
96.899414	-88.132683
97.572327	-88.870506
98.245239	-90.085312
98.918152	-91.705597
99.591064	-92.516624
100.263977	-92.871025
100.936890	-95.146477
101.609802	-96.232307
102.282715	-97.097473
102.955627	-98.830505
103.628540	-99.607452
104.301453	-99.619026
104.974365	-98.360497
105.647278	-97.728409
106.320190	-97.692390
106.993103	-97.169258
107.666016	-96.360825
108.338928	-95.464149
109.011841	-94.755585
109.684753	-94.927010
110.357666	-94.305756
111.030579	-93.311188
111.703491	-92.047417
112.376404	-91.702843
113.049316	-92.382851
113.722229	-92.654297
114.395142	-92.100456
115.068054	-92.095573
115.740967	-92.656090
116.413879	-93.691063
117.086792	-94.734932
117.759705	-94.822212
118.432617	-94.354362
119.105530	-94.567848
119.778442	-95.442604
120.451355	-95.916100
121.124268	-95.171791
121.797180	-94.683853
122.470093	-95.005783
123.143005	-95.323517
123.815918	-95.956039
124.488831	-97.196564
125.161743	-98.731209
125.834656	-99.606712
126.507568	-99.988678
127.180481	-100.106003
127.853394	-100.141243
128.526306	-100.070702
129.199219	-100.067505
129.872131	-100.376045
130.545044	-100.448158
131.217957	-99.226151
131.890869	-98.734001
132.563782	-97.974449
133.236694	-97.214050
133.909607	-96.856247
134.582520	-96.971207
135.255432	-97.170959
135.928345	-97.202087
136.601257	-97.701530
137.274170	-98.852127
137.947083	-99.048355
138.619995	-99.359634
139.292908	-100.130714
139.965820	-100.127846
140.638733	-100.701263
141.311646	-101.243256
141.984558	-101.194328
142.657471	-101.740555
143.330383	-102.351357
144.003296	-102.303886
144.676208	-102.349777
145.349121	-102.664642
146.022034	-102.236046
146.694946	-101.745720
147.367859	-101.645287
148.040771	-101.327881
148.713684	-100.644531
149.386597	-100.579811
150.059509	-100.182686
150.732422	-100.055725
151.405334	-100.415497
152.078247	-101.069901
152.751160	-100.656090
153.424072	-100.169304
154.096985	-99.797867
154.769897	-99.523949
155.442810	-99.492027
156.115723	-98.951485
156.788635	-98.506424
157.461548	-98.154915
158.134460	-96.890648
158.807373	-95.930717
159.480286	-96.197861
160.153198	-95.694504
160.826111	-95.150558
161.499023	-95.937950
162.171936	-96.167351
162.844849	-95.876854
163.517761	-96.515244
164.190674	-96.836784
164.863586	-96.782127
165.536499	-98.005264
166.209412	-99.756989
166.882324	-99.286926
167.555237	-99.088699
168.228149	-100.041122
168.901062	-100.297302
169.573975	-99.225830
170.246887	-97.758698
170.919800	-97.357460
171.592712	-99.208115
172.265625	-99.989212
172.938538	-98.348145
173.611450	-97.475243
174.284363	-96.729897
174.957275	-96.342346
175.630188	-96.038437
176.303101	-95.194191
176.976013	-94.449463
177.648926	-94.270958
178.321838	-94.208649
178.994751	-94.533539
179.667664	-94.533562
180.340576	-93.986023
181.013489	-93.698906
181.686401	-93.276192
182.359314	-93.691208
183.032227	-93.346222
183.705139	-93.263420
184.378052	-94.556915
185.050964	-95.841362
185.723877	-97.212967
186.396790	-97.875229
187.069702	-98.667473
187.742615	-98.111389
188.415527	-97.060959
189.088440	-96.847244
189.761353	-96.710320
190.434265	-96.118576
191.107178	-95.319092
191.780090	-95.671120
192.453003	-96.074043
193.125916	-96.280022
193.798828	-94.768684
194.471741	-93.585487
195.144653	-92.855850
195.817566	-93.052040
196.490479	-92.893974
197.163391	-93.469322
197.836304	-94.220879
198.509216	-93.962318
199.182129	-93.804001
199.855042	-92.762825
200.527954	-92.502792
201.200867	-93.023254
201.873779	-94.063072
202.546692	-95.088074
203.219604	-96.300560
203.892517	-97.065453
204.565430	-96.253395
205.238342	-96.359055
205.911255	-97.158691
206.584167	-98.317825
207.257080	-99.222656
207.929993	-100.476418
208.602905	-100.741730
209.275818	-100.747818
209.948730	-101.773064
210.621643	-102.743141
211.294556	-103.633591
211.967468	-103.906685
212.640381	-104.768127
213.313293	-104.763535
213.986206	-104.721466
214.659119	-103.209541
215.332031	-101.474350
216.004944	-100.230377
216.677856	-99.268188
217.350769	-98.688980
218.023682	-99.581955
218.696594	-100.478271
219.369507	-100.555519
220.042419	-101.460091
220.715332	-101.683678
221.388245	-100.160309
222.061157	-99.881058
222.734070	-100.682869
223.406982	-100.970009
224.079895	-100.570801
224.752808	-99.920563
225.425720	-99.111099
226.098633	-99.705215
226.771545	-100.522263
227.444458	-100.913101
228.117371	-101.357697
228.790283	-101.431877
229.463196	-101.667374
230.136108	-102.320763
230.809021	-102.645775
231.481934	-102.132187
232.154846	-101.656677
232.827759	-101.981506
233.500671	-103.119637
234.173584	-104.383934
234.846497	-104.632912
235.519409	-104.748688
236.192322	-104.380394
236.865234	-103.769936
237.538147	-103.236359
238.211060	-103.122826
238.883972	-102.082733
239.556885	-101.106598
240.229797	-100.013512
240.902710	-98.910263
241.575623	-97.967522
242.248535	-97.615776
242.921448	-97.892769
243.594360	-97.993851
244.267273	-98.488518
244.940186	-98.702736
245.613098	-98.718681
246.286011	-99.118629
246.958923	-99.047531
247.631836	-98.988365
248.304749	-99.190323
248.977661	-99.528214
249.650574	-99.636284
250.323486	-100.109421
250.996399	-100.940697
251.669312	-101.745216
252.342224	-102.354782
253.015137	-102.054543
253.688049	-100.910904
254.360962	-99.880440
255.033875	-99.773849
255.706787	-101.106865
256.379700	-101.520248
257.052612	-100.777489
257.725525	-100.266541
258.398438	-102.328705
259.071350	-104.035873
259.744263	-102.965645
260.417175	-102.695541
261.090088	-103.040222
261.763000	-103.491196
262.435913	-103.424400
263.108826	-102.863861
263.781738	-102.259949
264.454651	-102.946098
265.127563	-102.951416
265.800476	-102.877884
266.473389	-102.729202
267.146301	-102.421677
267.819214	-102.827316
268.492126	-103.649506
269.165039	-102.374054
269.837952	-101.673859
270.510864	-101.372604
271.183777	-100.172935
271.856689	-98.441002
272.529602	-96.497925
273.202515	-96.250122
273.875427	-96.768898
274.548340	-96.697853
275.221252	-96.218063
275.894165	-95.626144
276.567078	-94.646927
277.239990	-94.333649
277.912903	-94.425529
278.585815	-95.299141
279.258728	-95.718452
279.931641	-95.944984
280.604553	-98.112129
281.277466	-99.671532
281.950378	-99.813751
282.623291	-100.855309
283.296204	-101.638863
283.969116	-102.625778
284.642029	-102.792564
285.314941	-102.838692
285.987854	-103.202621
286.660767	-103.572769
287.333679	-103.429047
288.006592	-102.473442
288.679504	-101.841072
289.352417	-101.209045
290.025330	-100.713638
290.698242	-99.837776
291.371155	-99.095139
292.044067	-99.271729
292.716980	-99.593956
293.389893	-98.844254
294.062805	-98.684784
294.735718	-98.673782
295.408630	-98.058601
296.081543	-97.817894
296.754456	-98.677643
297.427368	-99.725594
298.100281	-100.275734
298.773193	-100.971153
299.446106	-101.244835
300.119019	-101.486420
300.791931	-102.866035
301.464844	-103.421074
302.137756	-103.037056
302.810669	-101.920097
303.483582	-101.188629
304.156494	-101.243721
304.829407	-102.036163
305.502319	-102.295280
306.175232	-101.050323
306.848145	-99.851158
307.521057	-98.883850
308.193970	-97.984535
308.866882	-97.516869
309.539795	-97.075783
310.212708	-96.747932
310.885620	-96.533936
311.558533	-96.058044
312.231445	-95.125229
312.904358	-94.033722
313.577271	-92.656647
314.250183	-91.661583
314.923096	-90.773689
315.596008	-90.167015
316.268921	-90.111443
316.941833	-90.780266
317.614746	-92.301201
318.287659	-94.315315
318.960571	-95.586868
319.633484	-95.456772
320.306396	-94.465439
320.979309	-93.101456
321.652222	-92.219681
322.325134	-92.015808
322.998047	-92.279373
323.670959	-93.099266
324.343872	-93.522881
325.016785	-94.236885
325.689697	-94.825912
326.362610	-96.077118
327.035522	-96.830612
327.708435	-97.382896
328.381348	-98.770821
329.054260	-100.273079
329.727173	-101.460526
330.400085	-101.867264
331.072998	-102.535522
331.745911	-102.883125
332.418823	-102.141502
333.091736	-102.747780
333.764648	-103.045769
334.437561	-101.632095
335.110474	-102.268402
335.783386	-103.280296
336.456299	-103.294815
337.129211	-103.957260
337.802124	-104.263794
338.475037	-103.332047
339.147949	-102.515427
339.820862	-102.739487
340.493774	-101.036156
341.166687	-100.864471
341.839600	-101.014839
342.512512	-100.113289
343.185425	-100.163216
343.858337	-99.874092
344.531250	-99.018692
345.204163	-98.344902
345.877075	-98.261986
346.549988	-98.446617
347.222900	-97.642357
347.895813	-97.739922
348.568726	-98.749077
349.241638	-99.352623
349.914551	-99.359444
350.587463	-99.875145
351.260376	-99.834717
351.933289	-98.890678
352.606201	-98.340149
353.279114	-97.695190
353.952026	-96.631462
354.624939	-95.487122
355.297852	-94.393463
355.970764	-93.934128
356.643677	-94.509270
357.316589	-95.005272
357.989502	-95.673889
358.662415	-96.644249
359.335327	-97.785149
360.008240	-99.058685
360.681152	-100.370575
361.354065	-100.845421
362.026978	-100.930077
362.699890	-101.061516
363.372803	-101.635872
364.045715	-101.606651
364.718628	-101.650589
365.391541	-100.212982
366.064453	-102.083725
366.737366	-101.462326
367.410278	-101.698235
368.083191	-101.768097
368.756104	-101.808739
369.429016	-102.127953
370.101929	-101.576668
370.774841	-101.434769
371.447754	-102.237854
372.120667	-101.980240
372.793579	-102.101562
373.466492	-102.142830
374.139404	-102.450867
374.812317	-102.233353
375.485229	-101.966362
376.158142	-101.322899
376.831055	-100.695656
377.503967	-100.580681
378.176880	-100.950897
378.849792	-101.575935
379.522705	-102.036736
380.195618	-102.489876
380.868530	-102.873367
381.541443	-103.397842
382.214355	-103.453316
382.887268	-102.958954
383.560181	-103.197632
384.233093	-104.196548
384.906006	-104.177574
385.578918	-104.378899
386.251831	-105.106895
386.924744	-104.620499
387.597656	-106.303200
388.270569	-103.713181
388.943481	-103.917053
389.616394	-102.613586
390.289307	-103.168213
390.962219	-102.958542
391.635132	-103.287209
392.308044	-103.757607
392.980957	-104.184860
393.653870	-104.459282
394.326782	-104.664581
394.999695	-104.806519
395.672607	-104.828560
396.345520	-105.040260
397.018433	-106.026855
397.691345	-106.462242
398.364258	-106.237808
399.037170	-106.567238
399.710083	-106.444878
400.382996	-105.778809
401.055908	-105.357628
401.728821	-105.413849
402.401733	-105.293327
403.074646	-104.803589
403.747559	-104.588173
404.420471	-104.447983
405.093384	-104.675743
405.766296	-104.397530
406.439209	-103.637260
407.112122	-104.124153
407.785034	-105.082619
408.457947	-105.636436
409.130859	-105.368019
409.803772	-104.899368
410.476685	-105.450798
411.149597	-105.916420
411.822510	-106.475967
412.495422	-106.568474
413.168335	-106.612869
413.841248	-106.774666
414.514160	-105.672264
415.187073	-105.265297
415.859985	-105.404053
416.532898	-105.567604
417.205811	-106.279610
417.878723	-106.539658
418.551636	-106.963387
419.224548	-106.620094
419.897461	-106.075836
420.570374	-105.918007
421.243286	-105.879532
421.916199	-105.825417
422.589111	-105.949379
423.262024	-105.957397
423.934937	-106.568069
424.607849	-106.966293
425.280762	-106.369331
425.953674	-106.533234
426.626587	-107.042313
427.299500	-107.087708
427.972412	-106.463875
428.645325	-105.940483
429.318237	-106.723610
429.991150	-107.225456
430.664062	-106.958847
431.336975	-107.148209
432.009888	-106.795151
432.682800	-106.745995
433.355713	-106.647522
434.028625	-106.787514
434.701538	-107.065125
435.374451	-107.705223
436.047363	-107.964256
436.720276	-108.309837
437.393188	-108.634918
438.066101	-108.262436
438.739014	-108.329010
439.411926	-107.581841
440.084839	-107.987030
440.757751	-108.252686
441.430664	-108.054359
442.103577	-108.935455
442.776489	-109.281837
443.449402	-108.986504
444.122314	-108.392639
444.795227	-107.804077
445.468140	-105.989777
446.141052	-106.587090
446.813965	-107.118134
447.486877	-105.912064
448.159790	-104.725937
448.832703	-105.108612
449.505615	-105.006126
450.178528	-105.157997
450.851440	-106.284508
451.524353	-106.603798
452.197266	-106.677567
452.870178	-107.410690
453.543091	-108.253143
454.216003	-107.608505
454.888916	-108.073357
455.561829	-108.197723
456.234741	-107.860703
456.907654	-108.992386
457.580566	-109.778870
458.253479	-109.506149
458.926392	-109.377785
459.599304	-109.296242
460.272217	-109.451340
460.945129	-109.682312
461.618042	-109.514465
462.290955	-109.812775
462.963867	-110.200615
463.636780	-111.069588
464.309692	-111.297836
464.982605	-111.221550
465.655518	-110.794479
466.328430	-110.888939
467.001343	-110.716705
467.674255	-110.514252
468.347168	-109.544746
469.020081	-108.408928
469.692993	-108.088814
470.365906	-109.010323
471.038818	-110.491722
471.711731	-110.758881
472.384644	-110.426094
473.057556	-110.190361
473.730469	-111.171143
474.403381	-110.497353
475.076294	-109.502831
475.749207	-108.781166
476.422119	-109.170288
477.095032	-109.278236
477.767944	-108.211037
478.440857	-107.717407
479.113770	-107.742416
479.786682	-107.316444
480.459595	-107.178619
481.132507	-107.128738
481.805420	-106.888069
482.478333	-106.828011
483.151245	-107.166824
483.824158	-107.388954
484.497070	-107.504654
485.169983	-107.141083
485.842896	-106.812904
486.515808	-107.104660
487.188721	-107.359665
487.861633	-108.209381
488.534546	-108.895271
489.207458	-109.681602
489.880371	-110.384872
490.553284	-110.308052
491.226196	-109.903839
491.899109	-110.100594
492.572021	-110.141922
493.244934	-109.923500
493.917847	-109.971756
494.590759	-109.957626
495.263672	-109.620728
495.936584	-109.918564
496.609497	-110.321777
497.282410	-109.909668
497.955322	-109.507614
498.628235	-109.773254
499.301147	-109.918327
499.974060	-109.756683
500.646973	-109.497047
501.319885	-109.512604
501.992798	-109.411263
502.665710	-109.430756
503.338623	-109.624123
504.011536	-109.286552
504.684448	-108.725922
505.357361	-108.919716
506.030273	-109.243187
506.703186	-108.705879
507.376099	-108.645470
508.049011	-108.884987
508.721924	-108.745438
509.394836	-108.131180
510.067749	-107.297531
510.740662	-106.353203
511.413574	-105.756149
512.086487	-105.315712
512.759399	-104.637985
513.432312	-104.135155
514.105225	-104.027077
514.778137	-103.960236
515.451050	-103.395111
516.123962	-102.572159
516.796875	-102.093758
517.469788	-101.299820
518.142700	-101.323517
518.815613	-101.189880
519.488525	-100.900558
520.161438	-100.743179
520.834351	-100.946297
521.507263	-101.676384
522.180176	-102.168938
522.853088	-102.902077
523.526001	-103.087242
524.198914	-103.353294
524.871826	-103.476608
525.544739	-103.582115
526.217651	-103.243195
526.890564	-103.757751
527.563477	-104.507050
528.236389	-104.846550
528.909302	-105.701935
529.582214	-106.148628
530.255127	-106.668633
530.928040	-107.002144
531.600952	-107.412415
532.273865	-107.512718
532.946777	-107.092041
533.619690	-106.361916
534.292603	-106.589455
534.965515	-107.881149
535.638428	-108.025879
536.311340	-107.478836
536.984253	-107.873993
537.657166	-109.156364
538.330078	-109.823463
539.002991	-109.572472
539.675903	-108.852730
540.348816	-108.452721
541.021729	-108.734543
541.694641	-108.518837
542.367554	-108.508232
543.040466	-108.318367
543.713379	-107.927498
544.386292	-107.939384
545.059204	-108.478714
545.732117	-108.764008
546.405029	-108.941757
547.077942	-109.026474
547.750854	-108.534225
548.423767	-108.085533
549.096680	-108.392662
549.769592	-108.041794
550.442505	-107.586723
551.115417	-107.918663
551.788330	-108.411583
552.461243	-109.042007
553.134155	-109.360893
553.807068	-109.703651
554.479980	-109.939369
555.152893	-110.173241
555.825806	-109.579025
556.498718	-110.017845
557.171631	-110.435677
557.844543	-109.937004
558.517456	-110.347862
559.190369	-110.499702
559.863281	-110.962059
560.536194	-111.517311
561.209106	-111.309753
561.882019	-111.471741
562.554932	-110.707863
563.227844	-110.884155
563.900757	-110.685318
564.573669	-111.982468
565.246582	-112.724976
565.919495	-112.536522
566.592407	-112.374886
567.265320	-112.483139
567.938232	-112.889320
568.611145	-113.004784
569.284058	-112.637733
569.956970	-112.321548
570.629883	-111.311859
571.302795	-110.598503
571.975708	-110.552689
572.648621	-110.956825
573.321533	-112.099663
573.994446	-111.948059
574.667358	-111.436615
575.340271	-110.762207
576.013184	-111.060966
576.686096	-110.825912
577.359009	-110.840775
578.031921	-110.819321
578.704834	-110.462921
579.377747	-110.394058
580.050659	-110.155594
580.723572	-110.820572
581.396484	-110.929642
582.069397	-110.849304
582.742310	-110.727226
583.415222	-111.460304
584.088135	-111.508057
584.761047	-111.968597
585.433960	-112.359436
586.106873	-112.379890
586.779785	-112.647018
587.452698	-112.676056
588.125610	-112.381218
588.798523	-112.534645
589.471436	-113.374588
590.144348	-112.564232
590.817261	-112.443558
591.490173	-112.648521
592.163086	-112.594185
592.835999	-113.247231
593.508911	-113.296768
594.181824	-112.197456
594.854736	-111.779671
595.527649	-112.048805
596.200562	-111.696205
596.873474	-111.851044
597.546387	-111.866165
598.219299	-111.611496
598.892212	-111.184700
599.565125	-111.628532
600.238037	-112.135674
600.910950	-111.929108
601.583862	-112.123138
602.256775	-112.195145
602.929688	-111.905365
603.602600	-110.694633
604.275513	-110.294853
604.948425	-110.219727
605.621338	-109.697098
606.294250	-110.281097
606.967163	-110.823769
607.640076	-111.204460
608.312988	-112.195015
608.985901	-112.708725
609.658813	-112.005699
610.331726	-112.059532
611.004639	-111.778435
611.677551	-110.924896
612.350464	-111.224052
613.023376	-111.839188
613.696289	-111.917831
614.369202	-112.281631
615.042114	-112.393570
615.715027	-112.212646
616.387939	-112.222054
617.060852	-112.107704
617.733765	-112.192329
618.406677	-111.932510
619.079590	-112.127960
619.752502	-112.142952
620.425415	-112.658630
621.098328	-113.731316
621.771240	-113.504868
622.444153	-112.641068
623.117065	-112.743752
623.789978	-113.008156
624.462891	-112.641167
625.135803	-112.329269
625.808716	-112.175308
626.481628	-112.158974
627.154541	-112.976334
627.827454	-114.081635
628.500366	-114.312759
629.173279	-113.475677
629.846191	-113.379204
630.519104	-113.341476
631.192017	-113.271873
631.864929	-112.438202
632.537842	-112.266037
633.210754	-112.684738
633.883667	-112.429779
634.556580	-112.635620
635.229492	-112.769234
635.902405	-113.306229
636.575317	-113.561554
637.248230	-113.821075
637.921143	-113.132202
638.594055	-112.965462
639.266968	-112.789520
639.939880	-112.399910
640.612793	-112.502205
641.285706	-112.700691
641.958618	-113.103012
642.631531	-113.128784
643.304443	-113.105019
643.977356	-112.500923
644.650269	-111.916084
645.323181	-111.774025
645.996094	-111.721359
646.669006	-111.772316
647.341919	-111.981079
648.014832	-111.847244
648.687744	-111.820168
649.360657	-112.218613
650.033569	-112.770302
650.706482	-113.529076
651.379395	-112.741570
652.052307	-112.347771
652.725220	-112.341370
653.398132	-112.693863
654.071045	-112.726357
654.743958	-112.873146
655.416870	-112.407753
656.089783	-112.393524
656.762695	-112.144295
657.435608	-111.942383
658.108521	-111.836281
658.781433	-111.756798
659.454346	-112.181496
660.127258	-112.755737
660.800171	-112.928162
661.473083	-113.347801
662.145996	-113.747147
662.818909	-113.470963
663.491821	-113.489502
664.164734	-113.449791
664.837646	-113.436836
665.510559	-113.092499
666.183472	-113.376442
666.856384	-113.380112
667.529297	-113.504478
668.202209	-113.140991
668.875122	-112.835007
669.548035	-112.873970
670.220947	-112.626534
670.893860	-112.509636
671.566772	-112.458054
672.239685	-111.970146
672.912598	-111.960228
673.585510	-111.956009
674.258423	-111.841637
674.931335	-111.711716
675.604248	-111.765732
676.277161	-112.028847
676.950073	-112.476776
677.622986	-112.420570
678.295898	-112.255119
678.968811	-113.400917
679.641724	-113.406441
680.314636	-113.342323
680.987549	-113.055290
681.660461	-113.114510
682.333374	-112.596169
683.006287	-112.630745
683.679199	-112.205109
684.352112	-111.374115
685.025024	-110.970825
685.697937	-112.157768
686.370850	-113.421967
687.043762	-113.015556
687.716675	-112.385162
688.389587	-112.508400
689.062500	-112.746590
689.735413	-112.631783
690.408325	-112.739616
691.081238	-113.659058
691.754150	-113.508995
692.427063	-113.499664
693.099976	-113.966057
693.772888	-114.194870
694.445801	-114.585083
695.118713	-114.149620
695.791626	-113.860771
696.464539	-114.447052
697.137451	-114.992958
697.810364	-114.886841
698.483276	-114.326675
699.156189	-114.055466
699.829102	-113.535591
700.502014	-113.613045
701.174927	-113.379242
701.847839	-112.117775
702.520752	-111.885628
703.193665	-111.922394
703.866577	-112.618378
704.539490	-113.720146
705.212402	-114.329575
705.885315	-114.448814
706.558228	-114.964516
707.231140	-114.794617
707.904053	-114.208183
708.576965	-114.394691
709.249878	-114.625191
709.922791	-114.809181
710.595703	-115.026733
711.268616	-114.994621
711.941528	-114.754448
712.614441	-114.765343
713.287354	-114.415726
713.960266	-114.143471
714.633179	-114.111855
715.306091	-114.214973
715.979004	-114.257301
716.651917	-114.061653
717.324829	-114.330475
717.997742	-114.092995
718.670654	-114.094635
719.343567	-114.205345
720.016479	-114.237267
720.689392	-113.791367
721.362305	-113.771500
722.035217	-114.195290
722.708130	-114.366058
723.381042	-113.877113
724.053955	-113.314232
724.726868	-113.583580
725.399780	-114.065742
726.072693	-114.621529
726.745605	-114.313034
727.418518	-113.223389
728.091431	-113.018471
728.764343	-113.129616
729.437256	-113.958282
730.110168	-114.053238
730.783081	-114.069183
731.455994	-114.589645
732.128906	-114.221199
732.801819	-113.670578
733.474731	-113.234131
734.147644	-113.689697
734.820557	-114.043846
735.493469	-113.467628
736.166382	-113.387260
736.839294	-113.231491
737.512207	-113.303429
738.185120	-113.608170
738.858032	-113.975334
739.530945	-114.138222
740.203857	-113.741798
740.876770	-113.434418
741.549683	-113.620781
742.222595	-113.451401
742.895508	-114.013290
743.568420	-113.934242
744.241333	-113.701454
744.914246	-113.586678
745.587158	-113.263451
746.260071	-113.487190
746.932983	-113.526550
747.605896	-113.794556
748.278809	-114.647491
748.951721	-114.418854
749.624634	-114.185249
750.297546	-114.467834
750.970459	-114.635681
751.643372	-115.299255
752.316284	-115.405960
752.989197	-115.057198
753.662109	-115.049812
754.335022	-115.755432
755.007935	-115.485062
755.680847	-114.715759
756.353760	-114.438332
757.026672	-114.661911
757.699585	-115.375931
758.372498	-115.583221
759.045410	-114.934937
759.718323	-114.644547
760.391235	-115.106979
761.064148	-114.519501
761.737061	-114.320030
762.409973	-114.523148
763.082886	-114.805908
763.755798	-114.037216
764.428711	-114.033432
765.101624	-114.472588
765.774536	-114.520042
766.447449	-114.940605
767.120361	-114.630379
767.793274	-114.785980
768.466187	-113.804436
769.139099	-113.746666
769.812012	-114.082634
770.484924	-113.840706
771.157837	-113.684143
771.830750	-114.381226
772.503662	-113.812454
773.176575	-112.608902
773.849487	-112.855293
774.522400	-113.283798
775.195312	-112.717751
775.868225	-112.527351
776.541138	-112.444595
777.214050	-112.753716
777.886963	-114.057922
778.559875	-114.762085
779.232788	-114.020592
779.905701	-114.407211
780.578613	-115.105804
781.251526	-114.861267
781.924438	-114.884987
782.597351	-114.614433
783.270264	-114.139648
783.943176	-114.418549
784.616089	-114.031227
785.289001	-113.819199
785.961914	-114.057076
786.634827	-114.123497
787.307739	-114.166618
787.980652	-114.382874
788.653564	-114.528610
789.326477	-114.539734
789.999390	-114.404083
790.672302	-114.935997
791.345215	-114.594177
792.018127	-114.351036
792.691040	-115.299271
793.363953	-115.128174
794.036865	-114.577118
794.709778	-114.432198
795.382690	-114.380463
796.055603	-114.868446
796.728516	-114.596176
797.401428	-114.581039
798.074341	-115.047958
798.747253	-115.984879
799.420166	-116.332764
800.093079	-115.344978
800.765991	-115.066040
801.438904	-114.858894
802.111816	-115.223839
802.784729	-115.172844
803.457642	-115.399651
804.130554	-114.843758
804.803467	-114.469887
805.476379	-114.680084
806.149292	-115.018776
806.822205	-115.288979
807.495117	-115.555611
808.168030	-115.303345
808.840942	-115.491119
809.513855	-115.299820
810.186768	-114.968773
810.859680	-114.760231
811.532593	-114.471779
812.205505	-115.372543
812.878418	-115.383316
813.551331	-114.937218
814.224243	-115.382912
814.897156	-115.942589
815.570068	-115.792526
816.242981	-115.470963
816.915894	-115.531212
817.588806	-115.072151
818.261719	-115.353638
818.934631	-115.171432
819.607544	-115.523399
820.280457	-115.492355
820.953369	-114.679398
821.626282	-114.921288
822.299194	-115.561134
822.972107	-115.591049
823.645020	-115.022530
824.317932	-114.254929
824.990845	-114.396873
825.663757	-114.579659
826.336670	-114.938599
827.009583	-115.173103
827.682495	-115.285522
828.355408	-114.642952
829.028320	-114.537498
829.701233	-114.678833
830.374146	-115.149940
831.047058	-115.064720
831.719971	-114.690582
832.392883	-114.897842
833.065796	-115.096497
833.738708	-115.303192
834.411621	-115.838562
835.084534	-115.688461
835.757446	-115.729416
836.430359	-115.934952
837.103271	-116.074272
837.776184	-115.937286
838.449097	-115.428108
839.122009	-114.697067
839.794922	-114.973152
840.467834	-114.985985
841.140747	-114.819115
841.813660	-114.713707
842.486572	-114.837173
843.159485	-114.267960
843.832397	-114.427856
844.505310	-114.127914
845.178223	-113.977547
845.851135	-114.567024
846.524048	-115.009132
847.196960	-114.485634
847.869873	-115.110161
848.542786	-115.506500
849.215698	-115.785271
849.888611	-116.050652
850.561523	-115.976753
851.234436	-115.840324
851.907349	-115.320114
852.580261	-115.261574
853.253174	-116.042252
853.926086	-115.818855
854.598999	-115.068230
855.271912	-115.106895
855.944824	-114.754425
856.617737	-115.080162
857.290649	-114.766930
857.963562	-115.152512
858.636475	-115.795883
859.309387	-115.140518
859.982300	-115.373055
860.655212	-115.243439
861.328125	-114.695297
862.001038	-113.629715
862.673950	-113.415398
863.346863	-114.131317
864.019775	-114.726326
864.692688	-114.682297
865.365601	-114.287605
866.038513	-114.302063
866.711426	-114.110413
867.384338	-114.672501
868.057251	-115.255501
868.730164	-115.633430
869.403076	-115.781563
870.075989	-115.791618
870.748901	-114.992111
871.421814	-114.518738
872.094727	-114.772774
872.767639	-114.890938
873.440552	-114.658356
874.113464	-115.118530
874.786377	-115.231422
875.459290	-115.251343
876.132202	-114.817764
876.805115	-115.575706
877.478027	-116.173210
878.150940	-116.890709
878.823853	-116.036903
879.496765	-115.870392
880.169678	-116.481918
880.842590	-116.393768
881.515503	-116.265770
882.188416	-116.136078
882.861328	-115.957542
883.534241	-115.749542
884.207153	-116.089340
884.880066	-116.823494
885.552979	-116.253189
886.225891	-116.300529
886.898804	-116.277328
887.571716	-115.607101
888.244629	-115.391304
888.917542	-115.534554
889.590454	-115.915115
890.263367	-115.408806
890.936279	-115.368950
891.609192	-114.944336
892.282104	-115.065727
892.955017	-115.567307
893.627930	-115.560844
894.300842	-115.959328
894.973755	-116.437790
895.646667	-116.498680
896.319580	-116.384842
896.992493	-115.802963
897.665405	-115.419708
898.338318	-115.018318
899.011230	-115.249512
899.684143	-115.137848
900.357056	-115.104561
901.029968	-115.469795
901.702881	-115.313004
902.375793	-115.707352
903.048706	-116.179756
903.721619	-116.559860
904.394531	-116.227448
905.067444	-115.700546
905.740356	-115.771889
906.413269	-116.197029
907.086182	-116.250984
907.759094	-116.097336
908.432007	-115.256744
909.104919	-114.498489
909.777832	-114.660156
910.450745	-114.588051
911.123657	-115.000656
911.796570	-115.514793
912.469482	-115.377762
913.142395	-115.772003
913.815308	-115.659508
914.488220	-115.698479
915.161133	-116.286674
915.834045	-116.005890
916.506958	-115.990761
917.179871	-116.906967
917.852783	-116.660316
918.525696	-116.746880
919.198608	-116.969284
919.871521	-116.585716
920.544434	-116.089600
921.217346	-116.844200
921.890259	-116.511559
922.563171	-117.031975
923.236084	-116.797874
923.908997	-115.708221
924.581909	-116.467613
925.254822	-116.871010
925.927734	-116.927895
926.600647	-116.736755
927.273560	-116.746010
927.946472	-116.360725
928.619385	-116.191238
929.292297	-116.102798
929.965210	-116.006149
930.638123	-115.051826
931.311035	-115.084175
931.983948	-115.385323
932.656860	-115.280418
933.329773	-114.781128
934.002686	-114.867813
934.675598	-114.732567
935.348511	-114.382759
936.021423	-114.513573
936.694336	-114.898842
937.367249	-115.612656
938.040161	-115.813438
938.713074	-115.863716
939.385986	-114.819435
940.058899	-114.971558
940.731812	-115.307762
941.404724	-115.695000
942.077637	-115.071625
942.750549	-114.225540
943.423462	-114.433960
944.096375	-114.995186
944.769287	-114.740517
945.442200	-114.915726
946.115112	-115.435387
946.788025	-115.271317
947.460938	-115.252365
948.133850	-115.239204
948.806763	-115.756729
949.479675	-116.156860
950.152588	-115.876122
950.825500	-115.832191
951.498413	-115.808357
952.171326	-115.778267
952.844238	-116.033073
953.517151	-115.524101
954.190063	-115.198112
954.862976	-114.930847
955.535889	-115.165970
956.208801	-115.157181
956.881714	-115.436584
957.554626	-115.604950
958.227539	-115.402252
958.900452	-115.158188
959.573364	-115.357033
960.246277	-115.904037
960.919189	-115.876007
961.592102	-115.747246
962.265015	-115.265968
962.937927	-115.735611
963.610840	-116.403923
964.283752	-116.404800
964.956665	-116.678139
965.629578	-116.234154
966.302490	-116.436996
966.975403	-116.986275
967.648315	-116.709724
968.321228	-117.266525
968.994141	-117.087029
969.667053	-117.061829
970.339966	-116.677124
971.012878	-116.945816
971.685791	-116.870567
972.358704	-116.784401
973.031616	-116.544609
973.704529	-116.522873
974.377441	-116.581009
975.050354	-116.598999
975.723267	-116.529709
976.396179	-116.803543
977.069092	-117.033463
977.742004	-117.596336
978.414917	-117.943588
979.087830	-117.253471
979.760742	-116.840935
980.433655	-117.016563
981.106567	-116.672638
981.779480	-116.494301
982.452393	-116.610390
983.125305	-116.991127
983.798218	-116.280228
984.471130	-116.021393
985.144043	-115.980934
985.816956	-115.811401
986.489868	-115.747246
987.162781	-116.313049
987.835693	-116.268845
988.508606	-116.158989
989.181519	-116.331528
989.854431	-116.678337
990.527344	-116.464699
991.200256	-116.513969
991.873169	-117.028847
992.546082	-116.613770
993.218994	-116.349945
993.891907	-116.439896
994.564819	-116.573959
995.237732	-116.347847
995.910645	-116.136108
996.583557	-117.049812
997.256470	-117.609055
997.929382	-117.124603
998.602295	-116.741417
999.275208	-116.782837
999.948120	-116.728249
1000.621033	-116.839554
1001.293945	-117.038048
1001.966858	-117.480934
1002.639771	-117.110329
1003.312683	-117.280273
1003.985596	-116.828049
1004.658508	-116.857269
1005.331421	-117.211891
1006.004333	-117.422928
1006.677246	-117.206848
1007.350159	-117.411606
1008.023071	-117.727974
1008.695984	-117.704796
1009.368896	-117.503670
1010.041809	-117.039558
1010.714722	-117.106796
1011.387634	-116.899605
1012.060547	-117.263550
1012.733459	-117.096130
1013.406372	-116.457069
1014.079285	-116.476173
1014.752197	-117.506355
1015.425110	-117.906029
1016.098022	-117.697617
1016.770935	-117.700523
1017.443848	-117.508331
1018.116760	-117.243668
1018.789673	-116.665970
1019.462585	-117.095695
1020.135498	-117.697952
1020.808411	-116.592560
1021.481323	-116.496269
1022.154236	-116.854691
1022.827148	-117.536476
1023.500061	-116.862610
1024.172974	-115.943794
1024.845886	-116.260071
1025.518799	-115.650177
1026.191711	-115.305740
1026.864624	-115.642616
1027.537537	-116.014397
1028.210449	-116.307938
1028.883362	-116.752281
1029.556274	-117.027992
1030.229187	-116.950043
1030.902100	-116.744926
1031.575012	-116.518936
1032.247925	-116.743660
1032.920837	-116.360573
1033.593750	-116.254562
1034.266663	-116.292084
1034.939575	-116.742836
1035.612488	-117.105789
1036.285400	-117.056618
1036.958313	-117.138428
1037.631226	-116.720268
1038.304138	-116.401039
1038.977051	-116.310829
1039.649963	-116.063324
1040.322876	-115.925995
1040.995789	-116.697083
1041.668701	-116.726814
1042.341614	-116.244781
1043.014526	-116.618134
1043.687439	-117.070595
1044.360352	-116.209099
1045.033264	-115.815170
1045.706177	-115.946396
1046.379089	-116.727242
1047.052002	-116.499329
1047.724915	-117.288765
1048.397827	-117.489410
1049.070740	-117.482735
1049.743652	-117.432831
1050.416565	-116.710640
1051.089478	-116.735336
1051.762390	-116.878571
1052.435303	-115.829247
1053.108215	-116.004692
1053.781128	-115.798676
1054.454041	-115.494934
1055.126953	-115.162422
1055.799866	-115.649864
1056.472778	-115.902603
1057.145691	-115.846008
1057.818604	-116.085312
1058.491516	-116.019333
1059.164429	-116.030960
1059.837341	-116.300957
1060.510254	-116.462585
1061.183167	-116.452522
1061.856079	-116.675270
1062.528992	-116.517395
1063.201904	-116.094124
1063.874817	-116.308205
1064.547729	-116.567696
1065.220642	-117.128601
1065.893555	-116.825996
1066.566467	-116.554207
1067.239380	-116.654274
1067.912292	-116.876587
1068.585205	-116.938744
1069.258118	-117.236336
1069.931030	-117.644203
1070.603943	-117.081741
1071.276855	-116.270058
1071.949768	-116.146278
1072.622681	-117.124695
1073.295593	-116.839172
1073.968506	-116.700104
1074.641418	-117.855492
1075.314331	-117.357033
1075.987244	-117.332237
1076.660156	-117.730698
1077.333069	-117.257729
1078.005981	-117.242256
1078.678894	-117.893066
1079.351807	-117.823746
1080.024719	-117.231606
1080.697632	-116.874557
1081.370544	-117.375473
1082.043457	-117.268913
1082.716370	-117.212906
1083.389282	-117.602936
1084.062195	-117.592926
1084.735107	-117.051788
1085.408020	-116.561462
1086.080933	-116.871567
1086.753845	-116.751762
1087.426758	-116.655777
1088.099670	-117.025192
1088.772583	-116.572289
1089.445496	-116.052673
1090.118408	-115.722267
1090.791321	-115.694511
1091.464233	-115.317818
1092.137146	-115.399139
1092.810059	-115.606384
1093.482971	-115.646812
1094.155884	-115.867165
1094.828796	-116.553619
1095.501709	-117.189842
1096.174622	-116.811089
1096.847534	-116.523430
1097.520447	-116.843582
1098.193359	-116.975243
1098.866272	-116.945969
1099.539185	-116.694931
1100.212097	-116.234711
1100.885010	-116.415947
1101.557922	-116.882088
1102.230835	-115.987885
1102.903748	-116.042442
1103.576660	-116.778038
1104.249573	-116.855301
1104.922485	-116.889175
1105.595398	-116.545319
1106.268311	-116.274437
1106.941223	-116.864098
1107.614136	-116.908691
1108.287048	-116.531502
1108.959961	-116.773117
1109.632874	-117.343102
1110.305786	-117.010788
1110.978699	-116.577347
1111.651611	-116.701279
1112.324524	-116.189613
1112.997437	-116.986816
1113.670349	-116.558990
1114.343262	-117.009567
1115.016174	-117.272202
1115.689087	-117.332077
1116.362000	-117.253662
1117.034912	-117.450790
1117.707825	-117.822868
1118.380737	-117.998116
1119.053650	-117.223122
1119.726562	-116.636528
1120.399475	-116.713287
1121.072388	-116.938171
1121.745300	-117.229851
1122.418213	-117.486778
1123.091125	-116.529961
1123.764038	-115.827843
1124.436951	-115.426079
1125.109863	-115.906761
1125.782776	-116.048012
1126.455688	-116.120407
1127.128601	-116.200371
1127.801514	-116.366234
1128.474426	-116.409584
1129.147339	-116.165184
1129.820251	-115.933167
1130.493164	-115.248863
1131.166077	-115.073814
1131.838989	-114.410103
1132.511902	-114.348671
1133.184814	-114.138992
1133.857727	-114.688461
1134.530640	-115.666832
1135.203552	-115.981819
1135.876465	-115.782646
1136.549377	-115.531784
1137.222290	-116.016541
1137.895203	-116.201256
1138.568115	-116.434143
1139.241028	-116.577415
1139.913940	-116.249184
1140.586853	-116.225586
1141.259766	-116.067497
1141.932678	-116.337921
1142.605591	-116.646637
1143.278503	-116.964981
1143.951416	-116.874947
1144.624329	-117.163780
1145.297241	-116.427826
1145.970154	-116.643791
1146.643066	-116.851921
1147.315979	-117.403633
1147.988892	-117.603577
1148.661804	-117.309853
1149.334717	-117.100571
1150.007629	-117.242485
1150.680542	-116.621864
1151.353455	-116.503822
1152.026367	-116.550835
1152.699280	-116.249413
1153.372192	-115.677467
1154.045105	-115.148140
1154.718018	-115.111595
1155.390930	-115.228622
1156.063843	-114.825638
1156.736755	-115.359932
1157.409668	-115.363625
1158.082581	-115.261765
1158.755493	-115.489418
1159.428406	-115.938248
1160.101318	-115.791908
1160.774231	-115.282257
1161.447144	-115.090179
1162.120056	-115.196243
1162.792969	-115.082573
1163.465881	-115.194443
1164.138794	-114.786507
1164.811707	-114.652077
1165.484619	-114.634514
1166.157532	-114.887932
1166.830444	-114.919395
1167.503357	-115.445679
1168.176270	-115.737465
1168.849182	-115.479927
1169.522095	-115.492371
1170.195007	-115.981178
1170.867920	-116.125275
1171.540833	-115.779808
1172.213745	-115.455345
1172.886658	-115.431755
1173.559570	-115.989746
1174.232483	-115.672348
1174.905396	-115.652222
1175.578308	-115.713882
1176.251221	-115.759872
1176.924133	-115.802284
1177.597046	-115.686775
1178.269958	-115.760582
1178.942871	-116.258926
1179.615784	-116.561172
1180.288696	-116.525230
1180.961609	-116.750992
1181.634521	-116.439095
1182.307434	-117.117615
1182.980347	-117.433090
1183.653259	-117.125809
1184.326172	-117.108612
1184.999084	-116.417847
1185.671997	-116.603065
1186.344910	-116.802361
1187.017822	-115.835808
1187.690735	-115.506409
1188.363647	-116.658981
1189.036560	-116.728844
1189.709473	-115.674850
1190.382385	-115.605118
1191.055298	-116.532410
1191.728210	-117.068771
1192.401123	-117.456062
1193.074036	-117.396088
1193.746948	-117.294510
1194.419861	-116.873070
1195.092773	-116.710747
1195.765686	-117.422722
1196.438599	-116.463509
1197.111511	-115.883667
1197.784424	-115.885155
1198.457336	-115.895317
1199.130249	-115.506844
1199.803162	-114.942070
1200.476074	-115.559937
1201.148987	-116.440201
1201.821899	-116.690460
1202.494812	-117.130516
1203.167725	-117.825859
1203.840637	-117.757858
1204.513550	-117.747597
1205.186462	-117.729919
1205.859375	-117.784004
1206.532288	-117.161354
1207.205200	-117.098946
1207.878113	-117.416176
1208.551025	-117.323441
1209.223938	-117.382713
1209.896851	-117.557663
1210.569763	-117.119553
1211.242676	-116.919975
1211.915588	-116.522911
1212.588501	-116.688873
1213.261414	-117.040131
1213.934326	-117.013763
1214.607239	-116.378204
1215.280151	-116.194466
1215.953064	-116.452812
1216.625977	-116.313889
1217.298889	-116.843605
1217.971802	-117.101921
1218.644714	-117.191605
1219.317627	-117.086945
1219.990540	-117.325775
1220.663452	-116.869240
1221.336365	-117.181061
1222.009277	-117.135941
1222.682190	-117.011147
1223.355103	-116.653709
1224.028015	-116.867004
1224.700928	-117.178185
1225.373840	-117.686951
1226.046753	-117.591904
1226.719666	-117.316963
1227.392578	-116.690826
1228.065491	-116.067757
1228.738403	-115.854362
1229.411316	-115.902039
1230.084229	-115.499619
1230.757141	-115.874474
1231.430054	-115.698563
1232.102966	-115.561974
1232.775879	-115.946381
1233.448792	-115.970901
1234.121704	-116.100464
1234.794617	-116.093086
1235.467529	-117.023804
1236.140442	-117.237389
1236.813354	-116.543335
1237.486267	-116.476692
1238.159180	-116.440010
1238.832092	-116.173462
1239.505005	-115.434074
1240.177917	-115.919235
1240.850830	-115.769936
1241.523743	-116.493690
1242.196655	-116.635147
1242.869568	-116.410797
1243.542480	-117.198799
1244.215393	-116.726448
1244.888306	-116.322632
1245.561218	-116.044075
1246.234131	-116.816216
1246.907043	-117.135017
1247.579956	-116.804695
1248.252869	-116.041008
1248.925781	-115.386459
1249.598694	-115.417633
1250.271606	-116.043282
1250.944519	-116.224602
1251.617432	-116.691605
1252.290344	-117.140625
1252.963257	-117.643127
1253.636169	-117.808174
1254.309082	-117.861855
1254.981995	-117.686279
1255.654907	-117.906784
1256.327820	-117.939835
1257.000732	-117.340416
1257.673645	-117.639076
1258.346558	-117.974014
1259.019470	-117.849319
1259.692383	-117.527061
1260.365295	-117.362793
1261.038208	-117.012894
1261.711121	-116.545418
1262.384033	-116.623070
1263.056946	-117.020119
1263.729858	-117.409668
1264.402771	-117.645660
1265.075684	-117.492981
1265.748596	-117.285301
1266.421509	-117.251976
1267.094421	-117.708344
1267.767334	-117.564995
1268.440247	-117.044815
1269.113159	-116.617386
1269.786072	-117.285637
1270.458984	-117.222603
1271.131897	-117.253334
1271.804810	-117.481750
1272.477722	-117.635345
1273.150635	-117.358482
1273.823547	-116.485069
1274.496460	-115.739517
1275.169373	-116.016464
1275.842285	-117.161415
1276.515198	-117.657341
1277.188110	-117.690758
1277.861023	-117.037735
1278.533936	-116.393448
1279.206848	-116.834221
1279.879761	-117.094307
1280.552673	-117.170326
1281.225586	-117.367882
1281.898499	-117.707733
1282.571411	-117.782867
1283.244324	-117.215324
1283.917236	-116.786415
1284.590149	-116.938423
1285.263062	-117.311401
1285.935974	-117.588890
1286.608887	-118.111504
1287.281799	-118.229416
1287.954712	-118.267166
1288.627625	-117.910439
1289.300537	-117.942810
1289.973450	-117.318459
1290.646362	-116.976082
1291.319275	-116.784554
1291.992188	-116.266182
1292.665100	-116.463692
1293.338013	-117.175514
1294.010925	-117.175697
1294.683838	-117.191910
1295.356750	-117.522499
1296.029663	-117.280457
1296.702576	-117.268173
1297.375488	-117.454063
1298.048401	-117.761856
1298.721313	-117.798599
1299.394226	-118.154739
1300.067139	-118.326683
1300.740051	-117.634613
1301.412964	-117.760635
1302.085876	-117.991760
1302.758789	-117.880432
1303.431702	-117.698135
1304.104614	-117.214325
1304.777527	-116.666687
1305.450439	-116.202515
1306.123352	-116.617195
1306.796265	-117.609451
1307.469177	-117.441544
1308.142090	-117.814003
1308.815002	-118.324448
1309.487915	-117.904800
1310.160828	-117.473541
1310.833740	-116.796524
1311.506653	-116.966232
1312.179565	-117.312874
1312.852478	-117.131256
1313.525391	-116.659332
1314.198303	-116.373100
1314.871216	-116.583351
1315.544128	-116.788391
1316.217041	-116.569366
1316.889954	-116.277214
1317.562866	-116.256126
1318.235779	-116.220497
1318.908691	-116.578423
1319.581604	-116.920486
1320.254517	-117.114937
1320.927429	-117.910988
1321.600342	-117.779999
1322.273254	-117.612152
1322.946167	-117.946648
1323.619080	-117.674301
1324.291992	-117.418839
1324.964905	-117.656075
1325.637817	-117.917847
1326.310730	-117.729263
1326.983643	-118.150841
1327.656555	-118.045334
1328.329468	-117.758194
1329.002380	-117.127792
1329.675293	-117.597260
1330.348206	-117.752327
1331.021118	-117.882629
1331.694031	-117.509659
1332.366943	-118.330254
1333.039856	-118.101051
1333.712769	-118.024521
1334.385681	-117.488449
1335.058594	-117.762436
1335.731506	-117.620857
1336.404419	-117.888794
1337.077332	-117.580475
1337.750244	-117.226982
1338.423157	-117.254395
1339.096069	-117.566971
1339.768982	-117.596664
1340.441895	-118.282768
1341.114807	-118.357140
1341.787720	-118.213684
1342.460632	-117.689606
1343.133545	-118.094254
1343.806458	-118.375999
1344.479370	-118.029175
1345.152283	-118.123184
1345.825195	-117.962280
1346.498108	-118.369110
1347.171021	-118.226715
1347.843933	-117.596970
1348.516846	-118.198151
1349.189758	-118.358658
1349.862671	-117.480690
1350.535583	-117.442482
1351.208496	-117.960144
1351.881409	-117.941147
1352.554321	-117.797981
1353.227234	-118.152664
1353.900146	-117.728714
1354.573059	-117.763039
1355.245972	-117.714439
1355.918884	-117.707367
1356.591797	-118.272400
1357.264709	-117.909424
1357.937622	-117.786865
1358.610535	-117.850655
1359.283447	-117.212433
1359.956360	-117.272652
1360.629272	-118.065582
1361.302185	-118.436478
1361.975098	-117.809181
1362.648010	-117.705032
1363.320923	-117.060867
1363.993835	-117.183693
1364.666748	-117.308952
1365.339661	-117.165169
1366.012573	-117.320961
1366.685486	-117.536636
1367.358398	-117.756592
1368.031311	-118.159111
1368.704224	-117.951897
1369.377136	-117.508087
1370.050049	-117.590332
1370.722961	-117.555923
1371.395874	-117.467339
1372.068787	-117.681450
1372.741699	-117.835579
1373.414612	-118.196320
1374.087524	-118.850418
1374.760437	-117.930367
1375.433350	-117.327415
1376.106262	-117.710358
1376.779175	-118.302963
1377.452087	-118.435143
1378.125000	-118.059868
1378.797913	-118.050171
1379.470825	-118.070244
1380.143738	-117.979393
1380.816650	-118.391281
1381.489563	-118.671410
1382.162476	-118.358482
1382.835388	-117.749481
1383.508301	-117.248108
1384.181213	-117.677864
1384.854126	-118.160988
1385.527039	-117.911583
1386.199951	-117.456085
1386.872864	-117.902519
1387.545776	-118.287117
1388.218689	-118.039230
1388.891602	-117.721588
1389.564514	-117.712402
1390.237427	-117.743309
1390.910339	-117.520798
1391.583252	-118.056084
1392.256165	-117.824821
1392.929077	-117.787262
1393.601990	-117.919151
1394.274902	-118.037239
1394.947815	-117.983734
1395.620728	-118.281319
1396.293640	-118.385834
1396.966553	-118.377769
1397.639465	-118.445244
1398.312378	-118.255249
1398.985291	-118.381165
1399.658203	-118.021919
1400.331116	-117.456169
1401.004028	-117.535927
1401.676941	-118.021637
1402.349854	-118.199120
1403.022766	-117.940636
1403.695679	-118.810455
1404.368591	-118.181877
1405.041504	-118.106598
1405.714417	-118.274292
1406.387329	-117.670670
1407.060242	-117.703163
1407.733154	-117.807884
1408.406067	-117.639061
1409.078979	-118.193550
1409.751892	-117.744217
1410.424805	-117.428024
1411.097717	-118.002335
1411.770630	-117.797989
1412.443542	-117.965477
1413.116455	-117.810562
1413.789368	-117.388046
1414.462280	-117.208519
1415.135193	-117.475342
1415.808105	-117.385902
1416.481018	-117.325920
1417.153931	-117.037407
1417.826843	-117.339279
1418.499756	-117.195724
1419.172668	-117.056023
1419.845581	-117.311501
1420.518494	-117.427544
1421.191406	-117.384369
1421.864319	-117.761040
1422.537231	-117.459412
1423.210144	-117.633324
1423.883057	-117.976433
1424.555969	-118.147690
1425.228882	-118.085655
1425.901794	-117.745659
1426.574707	-117.493301
1427.247620	-117.160759
1427.920532	-117.565399
1428.593445	-117.440559
1429.266357	-117.263710
1429.939270	-117.513420
1430.612183	-118.181946
1431.285095	-118.994766
1431.958008	-118.187538
1432.630920	-117.900406
1433.303833	-118.015015
1433.976746	-117.578560
1434.649658	-117.603340
1435.322571	-118.165871
1435.995483	-117.810028
1436.668396	-117.725708
1437.341309	-117.897919
1438.014221	-118.086037
1438.687134	-117.751884
1439.360046	-117.374702
1440.032959	-117.854286
1440.705872	-118.254585
1441.378784	-118.295021
1442.051697	-118.142159
1442.724609	-118.299210
1443.397522	-117.961227
1444.070435	-118.025848
1444.743347	-118.402275
1445.416260	-118.031487
1446.089172	-117.782867
1446.762085	-117.769043
1447.434998	-117.722649
1448.107910	-117.250664
1448.780823	-117.398483
1449.453735	-116.941269
1450.126648	-117.173805
1450.799561	-117.728439
1451.472473	-117.759857
1452.145386	-117.797600
1452.818298	-117.864021
1453.491211	-118.307678
1454.164124	-117.975243
1454.837036	-116.284256
1455.509949	-115.838326
1456.182861	-116.257156
1456.855774	-117.041206
1457.528687	-117.618233
1458.201599	-117.073906
1458.874512	-117.092842
1459.547424	-117.430481
1460.220337	-117.360184
1460.893250	-117.446075
1461.566162	-117.726166
1462.239075	-118.223808
1462.911987	-117.609985
1463.584900	-117.024445
1464.257812	-117.420502
1464.930725	-117.337982
1465.603638	-117.008682
1466.276550	-117.048615
1466.949463	-117.367973
1467.622375	-117.541374
1468.295288	-117.512749
1468.968201	-117.301125
1469.641113	-117.369186
1470.314026	-116.959991
1470.986938	-116.790817
1471.659851	-116.653160
1472.332764	-117.721275
1473.005676	-117.939354
1473.678589	-117.529984
1474.351501	-117.504433
1475.024414	-118.220802
1475.697327	-118.025154
1476.370239	-117.701698
1477.043152	-117.919846
1477.716064	-117.617027
1478.388977	-117.523270
1479.061890	-117.542328
1479.734802	-117.777084
1480.407715	-117.391579
1481.080627	-116.942909
1481.753540	-116.578506
1482.426453	-116.519104
1483.099365	-116.401619
1483.772278	-116.651123
1484.445190	-117.045410
1485.118103	-117.429718
1485.791016	-117.346489
1486.463928	-117.481102
1487.136841	-117.249825
1487.809753	-117.394157
1488.482666	-117.366135
1489.155579	-117.552292
1489.828491	-117.501305
1490.501404	-117.486885
1491.174316	-117.587181
1491.847229	-117.076401
1492.520142	-116.963898
1493.193054	-117.596672
1493.865967	-118.378029
1494.538879	-118.469391
1495.211792	-117.732536
1495.884705	-117.490013
1496.557617	-117.721786
1497.230530	-117.842346
1497.903442	-117.381065
1498.576355	-117.970406
1499.249268	-117.629921
1499.922180	-117.121956
1500.595093	-116.880699
1501.268005	-116.981392
1501.940918	-117.425896
1502.613831	-118.001259
1503.286743	-117.648964
1503.959656	-117.273384
1504.632568	-116.967957
1505.305481	-117.028030
1505.978394	-116.483047
1506.651306	-116.769424
1507.324219	-117.046608
1507.997131	-117.301277
1508.670044	-116.610405
1509.342957	-117.427742
1510.015869	-117.660728
1510.688782	-117.080986
1511.361694	-117.282387
1512.034607	-117.303368
1512.707520	-117.930641
1513.380432	-117.483452
1514.053345	-117.296906
1514.726257	-117.528969
1515.399170	-117.841072
1516.072083	-118.170784
1516.744995	-118.832375
1517.417908	-119.176010
1518.090820	-118.393677
1518.763733	-118.060043
1519.436646	-118.587341
1520.109558	-118.540260
1520.782471	-118.274361
1521.455383	-118.301727
1522.128296	-117.963295
1522.801208	-117.896576
1523.474121	-118.039551
1524.147034	-117.639366
1524.819946	-117.859444
1525.492859	-118.395348
1526.165771	-117.939674
1526.838684	-117.905205
1527.511597	-118.340378
1528.184509	-118.226799
1528.857422	-118.081223
1529.530334	-118.069557
1530.203247	-118.437187
1530.876160	-118.291031
1531.549072	-118.011909
1532.221985	-117.684143
1532.894897	-117.683762
1533.567810	-118.321693
1534.240723	-118.675034
1534.913635	-118.138702
1535.586548	-117.618340
1536.259460	-117.953926
1536.932373	-117.867737
1537.605286	-118.006401
1538.278198	-118.145111
1538.951111	-117.600967
1539.624023	-117.897293
1540.296936	-118.338562
1540.969849	-117.818077
1541.642761	-117.938965
1542.315674	-117.695465
1542.988586	-117.986580
1543.661499	-117.814293
1544.334412	-117.522438
1545.007324	-117.286308
1545.680237	-117.565086
1546.353149	-117.875969
1547.026062	-117.866203
1547.698975	-117.064514
1548.371887	-117.434242
1549.044800	-117.762390
1549.717712	-117.903427
1550.390625	-116.962524
1551.063538	-116.879166
1551.736450	-116.872566
1552.409363	-117.723709
1553.082275	-117.475639
1553.755188	-116.844467
1554.428101	-116.505989
1555.101013	-117.950256
1555.773926	-117.920494
1556.446838	-117.751564
1557.119751	-117.849220
1557.792664	-117.498611
1558.465576	-116.957176
1559.138489	-117.029991
1559.811401	-116.385170
1560.484314	-116.454697
1561.157227	-116.941078
1561.830139	-116.936462
1562.503052	-117.313774
1563.175964	-117.119370
1563.848877	-117.606773
1564.521790	-117.413925
1565.194702	-117.707359
1565.867615	-117.770760
1566.540527	-116.485687
1567.213440	-115.748749
1567.886353	-115.964455
1568.559265	-116.171700
1569.232178	-115.978485
1569.905090	-115.607574
1570.578003	-115.908134
1571.250916	-115.793213
1571.923828	-115.847458
1572.596741	-115.906845
1573.269653	-115.946724
1573.942566	-116.334740
1574.615479	-116.378876
1575.288391	-116.124420
1575.961304	-116.045120
1576.634216	-116.300629
1577.307129	-117.094666
1577.980042	-117.052170
1578.652954	-116.708405
1579.325867	-116.906067
1579.998779	-116.626663
1580.671692	-116.185425
1581.344604	-115.362022
1582.017517	-115.434029
1582.690430	-115.927544
1583.363342	-116.471626
1584.036255	-117.058472
1584.709167	-118.108376
1585.382080	-118.345802
1586.054993	-118.065018
1586.727905	-117.208092
1587.400818	-117.177948
1588.073730	-118.320435
1588.746643	-118.526512
1589.419556	-118.037773
1590.092468	-118.229538
1590.765381	-118.406975
1591.438293	-117.548851
1592.111206	-117.344528
1592.784119	-117.460258
1593.457031	-117.722633
1594.129944	-117.869530
1594.802856	-117.958260
1595.475769	-116.979637
1596.148682	-117.251373
1596.821594	-116.878006
1597.494507	-116.792542
1598.167419	-116.470863
1598.840332	-116.150314
1599.513245	-115.930870
1600.186157	-116.641602
1600.859070	-116.869301
1601.531982	-116.808334
1602.204895	-117.340111
1602.877808	-117.707253
1603.550720	-117.630737
1604.223633	-118.526100
1604.896545	-117.916122
1605.569458	-117.775093
1606.242371	-117.579422
1606.915283	-117.565742
1607.588196	-117.680992
1608.261108	-117.564163
1608.934021	-118.081772
1609.606934	-118.177452
1610.279846	-118.417831
1610.952759	-118.534645
1611.625671	-118.780739
1612.298584	-118.786194
1612.971497	-118.063080
1613.644409	-118.141441
1614.317322	-118.466888
1614.990234	-118.859268
1615.663147	-118.167137
1616.336060	-117.808685
1617.008972	-118.237999
1617.681885	-118.523918
1618.354797	-118.170532
1619.027710	-117.430382
1619.700623	-117.785667
1620.373535	-118.052933
1621.046448	-118.289513
1621.719360	-118.521393
1622.392273	-118.482056
1623.065186	-117.830490
1623.738098	-117.303032
1624.411011	-117.127029
1625.083923	-116.878098
1625.756836	-116.815620
1626.429749	-117.061775
1627.102661	-116.862503
1627.775574	-116.860893
1628.448486	-116.941994
1629.121399	-117.174713
1629.794312	-117.567528
1630.467224	-118.104172
1631.140137	-117.762123
1631.813049	-117.944145
1632.485962	-117.557747
1633.158875	-117.394081
1633.831787	-117.701538
1634.504700	-117.724037
1635.177612	-118.037941
1635.850525	-118.049423
1636.523438	-117.865257
1637.196350	-117.183899
1637.869263	-117.324799
1638.542175	-117.158043
1639.215088	-117.586403
1639.888000	-117.173378
1640.560913	-116.672493
1641.233826	-116.981850
1641.906738	-117.807281
1642.579651	-117.085304
1643.252563	-116.146126
1643.925476	-116.784340
1644.598389	-117.145622
1645.271301	-116.950485
1645.944214	-117.049240
1646.617126	-117.654610
1647.290039	-117.101151
1647.962952	-116.782936
1648.635864	-116.973114
1649.308777	-117.147408
1649.981689	-116.949829
1650.654602	-117.325287
1651.327515	-117.054680
1652.000427	-117.113396
1652.673340	-116.633186
1653.346252	-116.879280
1654.019165	-117.100487
1654.692078	-117.219688
1655.364990	-117.147049
1656.037903	-117.081528
1656.710815	-116.875244
1657.383728	-117.003372
1658.056641	-117.433952
1658.729553	-117.409691
1659.402466	-117.670280
1660.075378	-117.970016
1660.748291	-117.290306
1661.421204	-116.818115
1662.094116	-116.902771
1662.767029	-116.077454
1663.439941	-115.643433
1664.112854	-115.213051
1664.785767	-115.228294
1665.458679	-114.501328
1666.131592	-113.727196
1666.804504	-112.930397
1667.477417	-111.852676
1668.150330	-110.670769
1668.823242	-110.214653
1669.496155	-110.162491
1670.169067	-110.435799
1670.841980	-110.725052
1671.514893	-111.011360
1672.187805	-112.196495
1672.860718	-113.740654
1673.533630	-114.201363
1674.206543	-114.105301
1674.879456	-113.722572
1675.552368	-113.008194
1676.225281	-112.387695
1676.898193	-111.974716
1677.571106	-112.333420
1678.244019	-112.956146
1678.916931	-113.206215
1679.589844	-113.217842
1680.262756	-113.711777
1680.935669	-113.885345
1681.608582	-114.095062
1682.281494	-115.169395
1682.954407	-115.712181
1683.627319	-115.698448
1684.300232	-116.492188
1684.973145	-117.209312
1685.646057	-117.388840
1686.318970	-117.581688
1686.991882	-118.539619
1687.664795	-118.213402
1688.337708	-118.506233
1689.010620	-118.541573
1689.683533	-117.712784
1690.356445	-117.672852
1691.029358	-116.767097
1691.702271	-115.808540
1692.375183	-114.808914
1693.048096	-113.741974
1693.721008	-113.006355
1694.393921	-112.591629
1695.066833	-112.662933
1695.739746	-112.777550
1696.412659	-112.923683
1697.085571	-112.950348
1697.758484	-112.425896
1698.431396	-112.346291
1699.104309	-113.164886
1699.777222	-114.418396
1700.450134	-115.294930
1701.123047	-115.828812
1701.795959	-115.976601
1702.468872	-116.939499
1703.141785	-117.173813
1703.814697	-117.340584
1704.487610	-117.224762
1705.160522	-117.456810
1705.833435	-118.133095
1706.506348	-118.516327
1707.179260	-118.756920
1707.852173	-118.276497
1708.525085	-118.367424
1709.197998	-118.721725
1709.870911	-118.952232
1710.543823	-118.684143
1711.216736	-118.516090
1711.889648	-118.270805
1712.562561	-118.461487
1713.235474	-118.192299
1713.908386	-118.238792
1714.581299	-117.749100
1715.254211	-117.528915
1715.927124	-117.692490
1716.600037	-118.283493
1717.272949	-118.244781
1717.945862	-118.005753
1718.618774	-117.930786
1719.291687	-118.388405
1719.964600	-118.380768
1720.637512	-118.034111
1721.310425	-118.128738
1721.983337	-118.619415
1722.656250	-118.761497
1723.329163	-118.640869
1724.002075	-118.320671
1724.674988	-118.068779
1725.347900	-118.469887
1726.020813	-118.128670
1726.693726	-118.101562
1727.366638	-118.016617
1728.039551	-117.629105
1728.712463	-117.806602
1729.385376	-117.293961
1730.058289	-118.113350
1730.731201	-118.052238
1731.404114	-117.829025
1732.077026	-118.289612
1732.749939	-118.771927
1733.422852	-118.587593
1734.095764	-117.953171
1734.768677	-118.449478
1735.441589	-118.073502
1736.114502	-118.968063
1736.787415	-118.724007
1737.460327	-117.859741
1738.133240	-117.842072
1738.806152	-117.862114
1739.479065	-117.997581
1740.151978	-117.223778
1740.824890	-116.967606
1741.497803	-117.491302
1742.170715	-117.996651
1742.843628	-118.042168
1743.516541	-118.341003
1744.189453	-118.387634
1744.862366	-118.036102
1745.535278	-118.715973
1746.208191	-118.853729
1746.881104	-118.657249
1747.554016	-118.398155
1748.226929	-118.647903
1748.899841	-118.883202
1749.572754	-118.654556
1750.245667	-118.773430
1750.918579	-118.054825
1751.591492	-118.365997
1752.264404	-118.710442
1752.937317	-118.204445
1753.610229	-118.540405
1754.283142	-119.068611
1754.956055	-118.951462
1755.628967	-118.431114
1756.301880	-118.388245
1756.974792	-118.312744
1757.647705	-118.479729
1758.320618	-118.725494
1758.993530	-118.362007
1759.666443	-118.868698
1760.339355	-118.724686
1761.012268	-118.614067
1761.685181	-118.875885
1762.358093	-118.939827
1763.031006	-117.994026
1763.703918	-118.365288
1764.376831	-118.470322
1765.049744	-118.409225
1765.722656	-118.690613
1766.395569	-118.654861
1767.068481	-118.911057
1767.741394	-118.827248
1768.414307	-118.589050
1769.087219	-118.039452
1769.760132	-117.955910
1770.433044	-117.939941
1771.105957	-117.663918
1771.778870	-118.835533
1772.451782	-119.138962
1773.124695	-118.798584
1773.797607	-118.362518
1774.470520	-118.475403
1775.143433	-118.095383
1775.816345	-117.981308
1776.489258	-118.175056
1777.162170	-118.835541
1777.835083	-118.843323
1778.507996	-118.562859
1779.180908	-118.851540
1779.853821	-118.547752
1780.526733	-118.095818
1781.199646	-118.265167
1781.872559	-118.789268
1782.545471	-118.854500
1783.218384	-118.297432
1783.891296	-117.774551
1784.564209	-117.268997
1785.237122	-116.396706
1785.910034	-116.083488
1786.582947	-116.074677
1787.255859	-116.396271
1787.928772	-117.101349
1788.601685	-117.185852
1789.274597	-117.539879
1789.947510	-117.195938
1790.620422	-117.346016
1791.293335	-117.871979
1791.966248	-118.108917
1792.639160	-117.833771
1793.312073	-117.780945
1793.984985	-118.275955
1794.657898	-117.772911
1795.330811	-117.826042
1796.003723	-117.961952
1796.676636	-117.597221
1797.349548	-117.497345
1798.022461	-117.496506
1798.695374	-117.479675
1799.368286	-117.595055
1800.041199	-117.819229
1800.714111	-118.102821
1801.387024	-117.982292
1802.059937	-118.238068
1802.732849	-117.941841
1803.405762	-118.364151
1804.078674	-118.666862
1804.751587	-118.949348
1805.424500	-119.033432
1806.097412	-118.394844
1806.770325	-117.851799
1807.443237	-118.618294
1808.116150	-118.654678
1808.789062	-118.536522
1809.461975	-118.160934
1810.134888	-117.950005
1810.807800	-117.959023
1811.480713	-118.363403
1812.153625	-118.718521
1812.826538	-119.169846
1813.499451	-119.282578
1814.172363	-118.646355
1814.845276	-118.563782
1815.518188	-118.937035
1816.191101	-119.067619
1816.864014	-118.482590
1817.536926	-118.033974
1818.209839	-117.726646
1818.882751	-118.273323
1819.555664	-118.118080
1820.228577	-117.535416
1820.901489	-117.658531
1821.574402	-117.629379
1822.247314	-118.156517
1822.920227	-117.885170
1823.593140	-117.416794
1824.266052	-118.038979
1824.938965	-118.242561
1825.611877	-118.042976
1826.284790	-117.909714
1826.957703	-117.921051
1827.630615	-118.262131
1828.303528	-117.927628
1828.976440	-117.745239
1829.649353	-118.337021
1830.322266	-118.100029
1830.995178	-118.120285
1831.668091	-118.387558
1832.341003	-117.973198
1833.013916	-117.703453
1833.686829	-117.995758
1834.359741	-117.961723
1835.032654	-118.110649
1835.705566	-117.806152
1836.378479	-117.584229
1837.051392	-117.997459
1837.724304	-117.727852
1838.397217	-117.330620
1839.070129	-117.019875
1839.743042	-117.296753
1840.415955	-117.692787
1841.088867	-117.972610
1841.761780	-117.745262
1842.434692	-118.102402
1843.107605	-117.850700
1843.780518	-117.872787
1844.453430	-118.558197
1845.126343	-117.796158
1845.799255	-118.071342
1846.472168	-118.764153
1847.145081	-118.684868
1847.817993	-118.382393
1848.490906	-117.672707
1849.163818	-117.868721
1849.836731	-117.573204
1850.509644	-116.818146
1851.182556	-117.782013
1851.855469	-117.921158
1852.528381	-117.429146
1853.201294	-117.526962
1853.874207	-117.927551
1854.547119	-118.609077
1855.220032	-118.675629
1855.892944	-118.677353
1856.565857	-118.470833
1857.238770	-118.154648
1857.911682	-118.188103
1858.584595	-118.450241
1859.257507	-118.527664
1859.930420	-117.982521
1860.603333	-118.146629
1861.276245	-117.849602
1861.949158	-118.242912
1862.622070	-119.004517
1863.294983	-118.979591
1863.967896	-118.243744
1864.640808	-118.116203
1865.313721	-118.126457
1865.986633	-118.296318
1866.659546	-118.558006
1867.332458	-118.695030
1868.005371	-118.318703
1868.678284	-118.109688
1869.351196	-118.174339
1870.024109	-118.062767
1870.697021	-117.893356
1871.369934	-117.775833
1872.042847	-118.147888
1872.715759	-118.317741
1873.388672	-117.947166
1874.061584	-117.573662
1874.734497	-118.063828
1875.407410	-118.283623
1876.080322	-118.448692
1876.753235	-117.985039
1877.426147	-117.912277
1878.099060	-118.298714
1878.771973	-117.639771
1879.444885	-117.014381
1880.117798	-116.790543
1880.790710	-116.936554
1881.463623	-117.051033
1882.136536	-116.375931
1882.809448	-116.126656
1883.482361	-115.924927
1884.155273	-115.488770
1884.828186	-115.708229
1885.501099	-115.678551
1886.174011	-115.422455
1886.846924	-115.306862
1887.519836	-115.108437
1888.192749	-115.292000
1888.865662	-114.805107
1889.538574	-114.949944
1890.211487	-115.811119
1890.884399	-115.350746
1891.557312	-114.532433
1892.230225	-114.448540
1892.903137	-114.735420
1893.576050	-114.952240
1894.248962	-115.811256
1894.921875	-116.772751
1895.594788	-117.081062
1896.267700	-117.172935
1896.940613	-117.367447
1897.613525	-117.661385
1898.286438	-118.055252
1898.959351	-117.685501
1899.632263	-117.493271
1900.305176	-117.674263
1900.978088	-117.272079
1901.651001	-117.915573
1902.323914	-117.626549
1902.996826	-117.585815
1903.669739	-117.997536
1904.342651	-117.258469
1905.015564	-116.816833
1905.688477	-117.394661
1906.361389	-117.302971
1907.034302	-117.237000
1907.707214	-117.241920
1908.380127	-117.760849
1909.053040	-117.177254
1909.725952	-117.350945
1910.398865	-117.297409
1911.071777	-118.038681
1911.744690	-117.970123
1912.417603	-118.838455
1913.090515	-118.741325
1913.763428	-118.515053
1914.436340	-118.807510
1915.109253	-118.900444
1915.782166	-118.718819
1916.455078	-118.603691
1917.127991	-118.802307
1917.800903	-118.708092
1918.473816	-118.949799
1919.146729	-119.049286
1919.819641	-119.044098
1920.492554	-119.327629
1921.165466	-119.478035
1921.838379	-119.085442
1922.511292	-119.002792
1923.184204	-119.129456
1923.857117	-118.843025
1924.530029	-118.522430
1925.202942	-118.293602
1925.875854	-118.595413
1926.548767	-118.242378
1927.221680	-118.405396
1927.894592	-118.543526
1928.567505	-118.317566
1929.240417	-117.705170
1929.913330	-117.830956
1930.586243	-118.472733
1931.259155	-118.277321
1931.932068	-118.253708
1932.604980	-118.281013
1933.277893	-117.988342
1933.950806	-118.081360
1934.623718	-118.093781
1935.296631	-118.277878
1935.969543	-118.462425
1936.642456	-119.030930
1937.315369	-118.366539
1937.988281	-118.226997
1938.661194	-118.329994
1939.334106	-118.120407
1940.007019	-117.929359
1940.679932	-118.059860
1941.352844	-118.368439
1942.025757	-118.851364
1942.698669	-118.861206
1943.371582	-118.816261
1944.044495	-119.361420
1944.717407	-119.023750
1945.390320	-118.434288
1946.063232	-117.882355
1946.736145	-117.908897
1947.409058	-118.100662
1948.081970	-118.623268
1948.754883	-118.251434
1949.427795	-118.293884
1950.100708	-118.516739
1950.773621	-119.055092
1951.446533	-118.775551
1952.119446	-118.506142
1952.792358	-118.867371
1953.465271	-119.160110
1954.138184	-118.645889
1954.811096	-118.769386
1955.484009	-119.552010
1956.156921	-118.481377
1956.829834	-119.237495
1957.502747	-118.733376
1958.175659	-118.647171
1958.848572	-118.955582
1959.521484	-118.359558
1960.194397	-118.653381
1960.867310	-118.528908
1961.540222	-118.549538
1962.213135	-118.356613
1962.886047	-118.248169
1963.558960	-118.774567
1964.231873	-118.838249
1964.904785	-118.617317
1965.577698	-118.218353
1966.250610	-117.695137
1966.923523	-117.700340
1967.596436	-117.801064
1968.269348	-118.104103
1968.942261	-118.228279
1969.615173	-118.333717
1970.288086	-118.764526
1970.960999	-118.618034
1971.633911	-118.805443
1972.306824	-118.181847
1972.979736	-117.862175
1973.652649	-118.431068
1974.325562	-118.612358
1974.998474	-118.236969
1975.671387	-118.325310
1976.344299	-118.673180
1977.017212	-119.296700
1977.690125	-119.155975
1978.363037	-119.264374
1979.035950	-118.794113
1979.708862	-118.819122
1980.381775	-119.039238
1981.054688	-119.114624
1981.727600	-119.164574
1982.400513	-119.236305
1983.073425	-119.395287
1983.746338	-118.609871
1984.419250	-118.298859
1985.092163	-118.331154
1985.765076	-118.892616
1986.437988	-118.543167
1987.110901	-118.373276
1987.783813	-118.634491
1988.456726	-118.408241
1989.129639	-117.729309
1989.802551	-118.111061
1990.475464	-118.440613
1991.148376	-118.689941
1991.821289	-118.682060
1992.494202	-117.929214
1993.167114	-117.785919
1993.840027	-118.764259
1994.512939	-119.057625
1995.185852	-118.989540
1995.858765	-118.838531
1996.531677	-119.061737
1997.204590	-118.806328
1997.877502	-118.248573
1998.550415	-117.625641
1999.223328	-116.843529
1999.896240	-116.578621
2000.569153	-116.529305
2001.242065	-116.101265
2001.914978	-116.017403
2002.587891	-116.219254
2003.260803	-116.561882
2003.933716	-116.296188
2004.606628	-117.298256
2005.279541	-118.012299
2005.952454	-118.480225
2006.625366	-118.262306
2007.298279	-118.528175
2007.971191	-118.667587
2008.644104	-117.889053
2009.317017	-117.561043
2009.989929	-118.171127
2010.662842	-118.625061
2011.335754	-118.883110
2012.008667	-118.984985
2012.681580	-118.825058
2013.354492	-119.387329
2014.027405	-119.570396
2014.700317	-119.020332
2015.373230	-118.812386
2016.046143	-118.892334
2016.719055	-119.389000
2017.391968	-119.454201
2018.064880	-119.515701
2018.737793	-118.871239
2019.410706	-118.507652
2020.083618	-118.325127
2020.756531	-117.516396
2021.429443	-117.802757
2022.102356	-117.979317
2022.775269	-117.269356
2023.448181	-117.260139
2024.121094	-117.771019
2024.794006	-117.714188
2025.466919	-117.818863
2026.139832	-118.386963
2026.812744	-117.831261
2027.485657	-117.223824
2028.158569	-117.404068
2028.831482	-117.606010
2029.504395	-117.190567
2030.177307	-116.943726
2030.850220	-116.567070
2031.523132	-116.371262
2032.196045	-116.620071
2032.868958	-116.671661
2033.541870	-116.549606
2034.214783	-116.305832
2034.887695	-117.100624
2035.560608	-117.567726
2036.233521	-117.769257
2036.906433	-118.332153
2037.579346	-118.421822
2038.252258	-118.517189
2038.925171	-119.218460
2039.598083	-118.978844
2040.270996	-118.811043
2040.943909	-118.730309
2041.616821	-118.267624
2042.289734	-118.552345
2042.962646	-118.702400
2043.635559	-117.965080
2044.308472	-118.590797
2044.981384	-118.597328
2045.654297	-118.400017
2046.327209	-118.318329
2047.000122	-118.678963
2047.673035	-118.800690
2048.345947	-118.559853
2049.018860	-118.652702
2049.691772	-118.713600
2050.364685	-119.018570
2051.037598	-118.946526
2051.710510	-120.019844
2052.383423	-120.210152
2053.056335	-119.474022
2053.729248	-118.920761
2054.402161	-118.626129
2055.075073	-119.391182
2055.747986	-119.596001
2056.420898	-118.595360
2057.093811	-118.989265
2057.766724	-119.217873
2058.439636	-118.648087
2059.112549	-118.333817
2059.785461	-118.666039
2060.458374	-118.462334
2061.131287	-118.320694
2061.804199	-118.804314
2062.477112	-118.810280
2063.150024	-118.584244
2063.822937	-117.977585
2064.495850	-117.657059
2065.168762	-117.924637
2065.841675	-117.868500
2066.514587	-117.751678
2067.187500	-117.552406
2067.860413	-118.201271
2068.533325	-118.166298
2069.206238	-118.131409
2069.879150	-118.399216
2070.552063	-118.241119
2071.224976	-118.436623
2071.897888	-117.973869
2072.570801	-118.233002
2073.243713	-118.319366
2073.916626	-118.857300
2074.589539	-118.562386
2075.262451	-118.062836
2075.935364	-118.395851
2076.608276	-118.174530
2077.281189	-118.226540
2077.954102	-118.668289
2078.627014	-119.046867
2079.299927	-118.999382
2079.972839	-118.900543
2080.645752	-118.788864
2081.318665	-118.620911
2081.991577	-118.262703
2082.664490	-118.464630
2083.337402	-119.128838
2084.010315	-118.647285
2084.683228	-118.506386
2085.356140	-119.194572
2086.029053	-118.545792
2086.701965	-118.332115
2087.374878	-118.068207
2088.047791	-117.798141
2088.720703	-117.918793
2089.393616	-117.640869
2090.066528	-117.590004
2090.739441	-118.130135
2091.412354	-118.838860
2092.085266	-118.484894
2092.758179	-118.313652
2093.431091	-118.856453
2094.104004	-118.872246
2094.776917	-118.781059
2095.449829	-118.898613
2096.122742	-118.839554
2096.795654	-119.289040
2097.468567	-118.972450
2098.141479	-118.812767
2098.814392	-118.885262
2099.487305	-119.052528
2100.160217	-118.167534
2100.833130	-118.601044
2101.506042	-118.275246
2102.178955	-118.503250
2102.851868	-118.951927
2103.524780	-118.815178
2104.197693	-118.843987
2104.870605	-118.738251
2105.543518	-119.064751
2106.216431	-118.923744
2106.889343	-118.879211
2107.562256	-119.185539
2108.235168	-118.620369
2108.908081	-118.708931
2109.580994	-119.490852
2110.253906	-118.159828
2110.926819	-118.121475
2111.599731	-118.519417
2112.272644	-118.892441
2112.945557	-119.015678
2113.618469	-119.103111
2114.291382	-119.411934
2114.964294	-119.748032
2115.637207	-119.532799
2116.310120	-118.877335
2116.983032	-118.997673
2117.655945	-118.799049
2118.328857	-119.725975
2119.001770	-120.103897
2119.674683	-120.341484
2120.347595	-119.732430
2121.020508	-119.228889
2121.693420	-118.641525
2122.366333	-118.689705
2123.039246	-118.424522
2123.712158	-118.806053
2124.385071	-119.041016
2125.057983	-119.115997
2125.730896	-118.517998
2126.403809	-118.811348
2127.076721	-118.650276
2127.749634	-118.098564
2128.422546	-118.051788
2129.095459	-118.340645
2129.768372	-118.533150
2130.441284	-118.495972
2131.114197	-118.420425
2131.787109	-118.411598
2132.460022	-118.388359
2133.132935	-118.487877
2133.805847	-118.703827
2134.478760	-118.954765
2135.151672	-119.070198
2135.824585	-118.704422
2136.497498	-118.477974
2137.170410	-118.912552
2137.843323	-119.092712
2138.516235	-118.745514
2139.189148	-118.586845
2139.862061	-118.273354
2140.534973	-117.911179
2141.207886	-118.039604
2141.880798	-118.573349
2142.553711	-118.025681
2143.226624	-118.372566
2143.899536	-119.422859
2144.572449	-119.190865
2145.245361	-118.650177
2145.918274	-118.856491
2146.591187	-118.947273
2147.264099	-118.929100
2147.937012	-118.940681
2148.609924	-118.430946
2149.282837	-117.749893
2149.955750	-118.025841
2150.628662	-118.265663
2151.301575	-118.114914
2151.974487	-118.424889
2152.647400	-118.830917
2153.320312	-118.345573
2153.993225	-118.471870
2154.666138	-118.619995
2155.339050	-118.848000
2156.011963	-118.586769
2156.684875	-118.775040
2157.357788	-118.533936
2158.030701	-118.257690
2158.703613	-118.812782
2159.376526	-118.975471
2160.049438	-118.395370
2160.722351	-118.546875
2161.395264	-118.306984
2162.068176	-118.054749
2162.741089	-118.433250
2163.414001	-117.641815
2164.086914	-118.007996
2164.759827	-118.209320
2165.432739	-118.197739
2166.105652	-118.386108
2166.778564	-118.682480
2167.451477	-118.910332
2168.124390	-119.387520
2168.797302	-118.997108
2169.470215	-118.594444
2170.143127	-118.758202
2170.816040	-118.839333
2171.488953	-118.854408
2172.161865	-118.707710
2172.834778	-118.779312
2173.507690	-118.470253
2174.180603	-118.793785
2174.853516	-119.407440
2175.526428	-119.594765
2176.199341	-119.668945
2176.872253	-118.799873
2177.545166	-118.551765
2178.218079	-118.772125
2178.890991	-118.545891
2179.563904	-118.158424
2180.236816	-118.887375
2180.909729	-119.370956
2181.582642	-118.864456
2182.255554	-118.752190
2182.928467	-118.629074
2183.601379	-119.228218
2184.274292	-119.442726
2184.947205	-118.851364
2185.620117	-118.718773
2186.293030	-118.601990
2186.965942	-118.815491
2187.638855	-118.940033
2188.311768	-119.151527
2188.984680	-119.337540
2189.657593	-119.732735
2190.330505	-119.705925
2191.003418	-119.472420
2191.676331	-119.109314
2192.349243	-119.829140
2193.022156	-119.451477
2193.695068	-119.315269
2194.367981	-119.358597
2195.040894	-119.003700
2195.713806	-119.519218
2196.386719	-119.233887
2197.059631	-118.748459
2197.732544	-119.339424
2198.405457	-119.661011
2199.078369	-119.544586
2199.751282	-119.541313
2200.424194	-118.753967
2201.097107	-118.703667
2201.770020	-118.794861
2202.442932	-118.476501
2203.115845	-119.540245
2203.788757	-119.299339
2204.461670	-119.254341
2205.134583	-119.241486
2205.807495	-119.262543
2206.480408	-119.304726
2207.153320	-118.588814
2207.826233	-119.251968
2208.499146	-119.468742
2209.172058	-118.545326
2209.844971	-118.643684
2210.517883	-118.983055
2211.190796	-118.603989
2211.863708	-118.736961
2212.536621	-118.764236
2213.209534	-118.470352
2213.882446	-119.127251
2214.555359	-119.012535
2215.228271	-118.580345
2215.901184	-118.581688
2216.574097	-118.676186
2217.247009	-118.402573
2217.919922	-118.784744
2218.592834	-118.796562
2219.265747	-119.199608
2219.938660	-119.994919
2220.611572	-119.606232
2221.284485	-119.316910
2221.957397	-119.146233
2222.630310	-118.676247
2223.303223	-118.915993
2223.976135	-119.364761
2224.649048	-119.201126
2225.321960	-119.321075
2225.994873	-119.292694
2226.667786	-118.350014
2227.340698	-118.047844
2228.013611	-119.030914
2228.686523	-118.920341
2229.359436	-118.393089
2230.032349	-118.979149
2230.705261	-118.905670
2231.378174	-118.433311
2232.051086	-118.733276
2232.723999	-117.935013
2233.396912	-118.336632
2234.069824	-118.555878
2234.742737	-118.832153
2235.415649	-118.663040
2236.088562	-119.217621
2236.761475	-118.624565
2237.434387	-118.270203
2238.107300	-118.751122
2238.780212	-118.563820
2239.453125	-118.278786
2240.126038	-118.839539
2240.798950	-118.952835
2241.471863	-118.869781
2242.144775	-118.673706
2242.817688	-118.953300
2243.490601	-118.749489
2244.163513	-118.968948
2244.836426	-119.190842
2245.509338	-118.877914
2246.182251	-118.994286
2246.855164	-119.102318
2247.528076	-118.907051
2248.200989	-118.812744
2248.873901	-118.898628
2249.546814	-119.037247
2250.219727	-118.823219
2250.892639	-119.099022
2251.565552	-119.046089
2252.238464	-118.581245
2252.911377	-119.187935
2253.584290	-118.821228
2254.257202	-118.970398
2254.930115	-118.531662
2255.603027	-118.451500
2256.275940	-118.000473
2256.948853	-117.955002
2257.621765	-118.483124
2258.294678	-119.143585
2258.967590	-118.796204
2259.640503	-118.629311
2260.313416	-118.459984
2260.986328	-118.487579
2261.659241	-119.648430
2262.332153	-119.310234
2263.005066	-119.188194
2263.677979	-118.661880
2264.350891	-119.057037
2265.023804	-119.289169
2265.696716	-118.586174
2266.369629	-119.277534
2267.042542	-119.414124
2267.715454	-118.848656
2268.388367	-119.090347
2269.061279	-118.673378
2269.734192	-118.840446
2270.407104	-118.943336
2271.080017	-119.503395
2271.752930	-118.943390
2272.425842	-118.944504
2273.098755	-119.146339
2273.771667	-119.056778
2274.444580	-118.950356
2275.117493	-119.319878
2275.790405	-119.613815
2276.463318	-119.279015
2277.136230	-119.292725
2277.809143	-119.914413
2278.482056	-119.067329
2279.154968	-119.109077
2279.827881	-119.424889
2280.500793	-119.162117
2281.173706	-118.969147
2281.846619	-119.838768
2282.519531	-119.434006
2283.192444	-118.958496
2283.865356	-119.555016
2284.538269	-119.439987
2285.211182	-118.966858
2285.884094	-118.759918
2286.557007	-118.700073
2287.229919	-118.936295
2287.902832	-119.255684
2288.575745	-119.033043
2289.248657	-118.921814
2289.921570	-118.891388
2290.594482	-118.337883
2291.267395	-118.496849
2291.940308	-118.731659
2292.613220	-118.921822
2293.286133	-119.732552
2293.959045	-119.054794
2294.631958	-118.931488
2295.304871	-119.095207
2295.977783	-118.585304
2296.650696	-118.244919
2297.323608	-117.820755
2297.996521	-117.869919
2298.669434	-118.228729
2299.342346	-118.184471
2300.015259	-117.781639
2300.688171	-117.731865
2301.361084	-117.726822
2302.033997	-118.058792
2302.706909	-118.247147
2303.379822	-118.311470
2304.052734	-117.692093
2304.725647	-117.620438
2305.398560	-118.008575
2306.071472	-118.032928
2306.744385	-117.871758
2307.417297	-118.054787
2308.090210	-118.663383
2308.763123	-119.350082
2309.436035	-119.247269
2310.108948	-119.168991
2310.781860	-119.011505
2311.454773	-119.416069
2312.127686	-118.675270
2312.800598	-118.866699
2313.473511	-119.315178
2314.146423	-118.826653
2314.819336	-118.406441
2315.492249	-118.484299
2316.165161	-118.642296
2316.838074	-119.081177
2317.510986	-118.772186
2318.183899	-118.752472
2318.856812	-119.549049
2319.529724	-119.797119
2320.202637	-120.041946
2320.875549	-120.019798
2321.548462	-119.326134
2322.221375	-119.684074
2322.894287	-119.322060
2323.567200	-118.291824
2324.240112	-118.004417
2324.913025	-118.201851
2325.585938	-118.778603
2326.258850	-118.814598
2326.931763	-119.371986
2327.604675	-119.388237
2328.277588	-119.039337
2328.950500	-118.518776
2329.623413	-118.449539
2330.296326	-119.148506
2330.969238	-119.088989
2331.642151	-119.040535
2332.315063	-119.286682
2332.987976	-118.653687
2333.660889	-118.880112
2334.333801	-119.339401
2335.006714	-118.925941
2335.679626	-118.991455
2336.352539	-118.533852
2337.025452	-118.846695
2337.698364	-119.411140
2338.371277	-118.850174
2339.044189	-118.537888
2339.717102	-118.911751
2340.390015	-118.764351
2341.062927	-117.825333
2341.735840	-117.929077
2342.408752	-118.286919
2343.081665	-118.381554
2343.754578	-118.932091
2344.427490	-119.598572
2345.100403	-119.548035
2345.773315	-119.615837
2346.446228	-119.169258
2347.119141	-119.118103
2347.792053	-118.848663
2348.464966	-118.762566
2349.137878	-118.929703
2349.810791	-118.758476
2350.483704	-118.116608
2351.156616	-117.829857
2351.829529	-117.837074
2352.502441	-118.280739
2353.175354	-118.948158
2353.848267	-119.505371
2354.521179	-119.469238
2355.194092	-119.182724
2355.867004	-119.496056
2356.539917	-119.694183
2357.212830	-119.393478
2357.885742	-119.214615
2358.558655	-118.569305
2359.231567	-118.239769
2359.904480	-119.174629
2360.577393	-119.411110
2361.250305	-119.416809
2361.923218	-119.362617
2362.596130	-118.725349
2363.269043	-118.440941
2363.941956	-118.755913
2364.614868	-118.684952
2365.287781	-119.760307
2365.960693	-118.610443
2366.633606	-118.880531
2367.306519	-118.829796
2367.979431	-118.931992
2368.652344	-118.823372
2369.325256	-118.245491
2369.998169	-118.790894
2370.671082	-118.644852
2371.343994	-118.491341
2372.016907	-119.206276
2372.689819	-118.735954
2373.362732	-118.126495
2374.035645	-118.000710
2374.708557	-118.003922
2375.381470	-118.047890
2376.054382	-118.805389
2376.727295	-118.618866
2377.400208	-118.613823
2378.073120	-118.610733
2378.746033	-118.613098
2379.418945	-118.583946
2380.091858	-118.803551
2380.764771	-118.525414
2381.437683	-118.468544
2382.110596	-118.297470
2382.783508	-118.101822
2383.456421	-118.369957
2384.129333	-118.196213
2384.802246	-118.044083
2385.475159	-118.178719
2386.148071	-118.117439
2386.820984	-118.303650
2387.493896	-118.799522
2388.166809	-118.673889
2388.839722	-118.870071
2389.512634	-118.944427
2390.185547	-119.336182
2390.858459	-118.963264
2391.531372	-119.510406
2392.204285	-119.313972
2392.877197	-118.989159
2393.550110	-119.262451
2394.223022	-119.628731
2394.895935	-119.581955
2395.568848	-119.503654
2396.241760	-119.068626
2396.914673	-119.130775
2397.587585	-119.308022
2398.260498	-119.626877
2398.933411	-119.459129
2399.606323	-119.265785
2400.279236	-118.875084
2400.952148	-119.046051
2401.625061	-119.291176
2402.297974	-118.745827
2402.970886	-118.885551
2403.643799	-119.066475
2404.316711	-119.208214
2404.989624	-118.913498
2405.662537	-118.302284
2406.335449	-118.292885
2407.008362	-118.252388
2407.681274	-118.741547
2408.354187	-119.318954
2409.027100	-119.010201
2409.700012	-118.917557
2410.372925	-119.115807
2411.045837	-119.300819
2411.718750	-118.815948
2412.391663	-118.729881
2413.064575	-118.384125
2413.737488	-117.910194
2414.410400	-117.898102
2415.083313	-118.258308
2415.756226	-118.348595
2416.429138	-118.329628
2417.102051	-118.300346
2417.774963	-118.314423
2418.447876	-117.844444
2419.120789	-118.580536
2419.793701	-118.949341
2420.466614	-118.687424
2421.139526	-118.361885
2421.812439	-118.620316
2422.485352	-118.851280
2423.158264	-119.242943
2423.831177	-119.126366
2424.504089	-119.068596
2425.177002	-119.444374
2425.849915	-119.578293
2426.522827	-119.565941
2427.195740	-118.935020
2427.868652	-119.948563
2428.541565	-119.907219
2429.214478	-119.285553
2429.887390	-119.196053
2430.560303	-118.920319
2431.233215	-118.720177
2431.906128	-118.940788
2432.579041	-119.725624
2433.251953	-118.910416
2433.924866	-118.275337
2434.597778	-118.494286
2435.270691	-117.570854
2435.943604	-117.842827
2436.616516	-118.116875
2437.289429	-118.634590
2437.962341	-118.664886
2438.635254	-118.201454
2439.308167	-118.579895
2439.981079	-118.544601
2440.653992	-118.284447
2441.326904	-118.586319
2441.999817	-118.137421
2442.672729	-117.844612
2443.345642	-118.431702
2444.018555	-118.906693
2444.691467	-118.873520
2445.364380	-118.886833
2446.037292	-119.550774
2446.710205	-119.087906
2447.383118	-119.817207
2448.056030	-119.338951
2448.728943	-118.942825
2449.401855	-118.743362
2450.074768	-118.847404
2450.747681	-118.734604
2451.420593	-119.128883
2452.093506	-119.584488
2452.766418	-119.157410
2453.439331	-119.494705
2454.112244	-118.899254
2454.785156	-118.692635
2455.458069	-119.571785
2456.130981	-119.049591
2456.803894	-118.816032
2457.476807	-118.587273
2458.149719	-118.385139
2458.822632	-118.265602
2459.495544	-117.850952
2460.168457	-117.724823
2460.841370	-117.236946
2461.514282	-116.550430
2462.187195	-117.116821
2462.860107	-117.424828
2463.533020	-117.595886
2464.205933	-117.616508
2464.878845	-117.624054
2465.551758	-117.961311
2466.224670	-117.942734
2466.897583	-118.253319
2467.570496	-118.461998
2468.243408	-118.313499
2468.916321	-117.960632
2469.589233	-117.749657
2470.262146	-117.797859
2470.935059	-118.138672
2471.607971	-117.727470
2472.280884	-117.325691
2472.953796	-118.374619
2473.626709	-118.376129
2474.299622	-118.493942
2474.972534	-118.074814
2475.645447	-118.016113
2476.318359	-118.990570
2476.991272	-118.097679
2477.664185	-117.845184
2478.337097	-118.179947
2479.010010	-118.127083
2479.682922	-118.391319
2480.355835	-118.127846
2481.028748	-117.605324
2481.701660	-118.029518
2482.374573	-118.662605
2483.047485	-118.776031
2483.720398	-118.363098
2484.393311	-118.097984
2485.066223	-118.674461
2485.739136	-118.791237
2486.412048	-119.196327
2487.084961	-119.403191
2487.757874	-119.771248
2488.430786	-118.532776
2489.103699	-118.525681
2489.776611	-118.610130
2490.449524	-118.130249
2491.122437	-118.508080
2491.795349	-118.565788
2492.468262	-117.879005
2493.141174	-117.967430
2493.814087	-117.784203
2494.487000	-118.244629
2495.159912	-118.945030
2495.832825	-118.726830
2496.505737	-119.283806
2497.178650	-119.190689
2497.851562	-118.754852
2498.524475	-117.919693
2499.197388	-118.115479
2499.870300	-118.582153
2500.543213	-118.616531
2501.216125	-118.581322
2501.889038	-118.296875
2502.561951	-118.008095
2503.234863	-117.768784
2503.907776	-118.103912
2504.580688	-117.613289
2505.253601	-118.049278
2505.926514	-117.971863
2506.599426	-118.625931
2507.272339	-118.738937
2507.945251	-118.619629
2508.618164	-119.082718
2509.291077	-119.654297
2509.963989	-120.057755
2510.636902	-119.345665
2511.309814	-119.070938
2511.982727	-119.323135
2512.655640	-119.721565
2513.328552	-120.100822
2514.001465	-119.284637
2514.674377	-118.923744
2515.347290	-119.173965
2516.020203	-119.480164
2516.693115	-119.065437
2517.366028	-118.498634
2518.038940	-118.485977
2518.711853	-118.871811
2519.384766	-118.796539
2520.057678	-118.824158
2520.730591	-119.234085
2521.403503	-119.717026
2522.076416	-119.881027
2522.749329	-119.441353
2523.422241	-119.405235
2524.095154	-118.504288
2524.768066	-118.873062
2525.440979	-118.576035
2526.113892	-118.622963
2526.786804	-118.023277
2527.459717	-118.483620
2528.132629	-118.681137
2528.805542	-118.634422
2529.478455	-117.955643
2530.151367	-118.462463
2530.824280	-118.626526
2531.497192	-119.068802
2532.170105	-119.546021
2532.843018	-119.459755
2533.515930	-119.188950
2534.188843	-119.367302
2534.861755	-120.057312
2535.534668	-119.893814
2536.207581	-119.465988
2536.880493	-119.527992
2537.553406	-119.873787
2538.226318	-120.019569
2538.899231	-120.676201
2539.572144	-120.269753
2540.245056	-119.284828
2540.917969	-118.779900
2541.590881	-119.144066
2542.263794	-119.433586
2542.936707	-119.498825
2543.609619	-119.368500
2544.282532	-119.345375
2544.955444	-118.880615
2545.628357	-118.828827
2546.301270	-119.552696
2546.974182	-119.141304
2547.647095	-118.945999
2548.320007	-119.415398
2548.992920	-120.197235
2549.665833	-119.809296
2550.338745	-119.129448
2551.011658	-119.281487
2551.684570	-119.399475
2552.357483	-118.674690
2553.030396	-118.768539
2553.703308	-118.616966
2554.376221	-118.503883
2555.049133	-118.641823
2555.722046	-118.591957
2556.394958	-118.972389
2557.067871	-118.869682
2557.740784	-118.216629
2558.413696	-119.407997
2559.086609	-119.881676
2559.759521	-119.511314
2560.432434	-120.396324
2561.105347	-120.372437
2561.778259	-119.723282
2562.451172	-119.429420
2563.124084	-119.582977
2563.796997	-119.350662
2564.469910	-119.438576
2565.142822	-119.277817
2565.815735	-118.733757
2566.488647	-118.352402
2567.161560	-118.380531
2567.834473	-118.003357
2568.507385	-117.821602
2569.180298	-118.053841
2569.853210	-118.344986
2570.526123	-117.992119
2571.199036	-118.363976
2571.871948	-119.017410
2572.544861	-118.673141
2573.217773	-118.299683
2573.890686	-119.098015
2574.563599	-118.838753
2575.236511	-119.049484
2575.909424	-120.010696
2576.582336	-119.635880
2577.255249	-118.948082
2577.928162	-119.055260
2578.601074	-118.932961
2579.273987	-118.296066
2579.946899	-119.188438
2580.619812	-119.241066
2581.292725	-120.031357
2581.965637	-119.677986
2582.638550	-119.280571
2583.311462	-119.271088
2583.984375	-119.207741
2584.657288	-119.550018
2585.330200	-119.256821
2586.003113	-119.205055
2586.676025	-119.285751
2587.348938	-118.890732
2588.021851	-119.048546
2588.694763	-119.240715
2589.367676	-119.411781
2590.040588	-118.910416
2590.713501	-118.717789
2591.386414	-119.292923
2592.059326	-118.987495
2592.732239	-119.072891
2593.405151	-119.457382
2594.078064	-118.721542
2594.750977	-118.242455
2595.423889	-118.264824
2596.096802	-118.101143
2596.769714	-117.687508
2597.442627	-118.101830
2598.115540	-117.929878
2598.788452	-118.289230
2599.461365	-118.221329
2600.134277	-117.902023
2600.807190	-118.390617
2601.480103	-118.663452
2602.153015	-117.795860
2602.825928	-118.042755
2603.498840	-117.902054
2604.171753	-117.694489
2604.844666	-118.241974
2605.517578	-118.157814
2606.190491	-117.884956
2606.863403	-118.189865
2607.536316	-118.764252
2608.209229	-118.687103
2608.882141	-118.667961
2609.555054	-118.302246
2610.227966	-119.266731
2610.900879	-118.952484
2611.573792	-118.830070
2612.246704	-118.719772
2612.919617	-118.859108
2613.592529	-118.528137
2614.265442	-118.392975
2614.938354	-118.596100
2615.611267	-118.709969
2616.284180	-118.250237
2616.957092	-118.504486
2617.630005	-118.761269
2618.302917	-118.552826
2618.975830	-118.724640
2619.648743	-118.959335
2620.321655	-118.899048
2620.994568	-118.978622
2621.667480	-119.087898
2622.340393	-118.972916
2623.013306	-118.686104
2623.686218	-119.437637
2624.359131	-119.651642
2625.032043	-119.526085
2625.704956	-119.244507
2626.377869	-119.534630
2627.050781	-119.222015
2627.723694	-119.511162
2628.396606	-119.152824
2629.069519	-118.675804
2629.742432	-119.138420
2630.415344	-118.834473
2631.088257	-118.448189
2631.761169	-118.702713
2632.434082	-119.068726
2633.106995	-119.444237
2633.779907	-119.402229
2634.452820	-119.444778
2635.125732	-119.449051
2635.798645	-118.645798
2636.471558	-118.863869
2637.144470	-119.328239
2637.817383	-119.013672
2638.490295	-118.973030
2639.163208	-119.509163
2639.836121	-119.516548
2640.509033	-119.255394
2641.181946	-118.878952
2641.854858	-118.818634
2642.527771	-118.873909
2643.200684	-118.806404
2643.873596	-119.051453
2644.546509	-119.027176
2645.219421	-119.105316
2645.892334	-119.469078
2646.565247	-119.500137
2647.238159	-119.257385
2647.911072	-119.030319
2648.583984	-119.124046
2649.256897	-119.101662
2649.929810	-119.687927
2650.602722	-119.934914
2651.275635	-119.399979
2651.948547	-119.647911
2652.621460	-119.723900
2653.294373	-119.635696
2653.967285	-119.230072
2654.640198	-119.589844
2655.313110	-119.562874
2655.986023	-119.297646
2656.658936	-119.072189
2657.331848	-119.030182
2658.004761	-119.635017
2658.677673	-118.865013
2659.350586	-118.503632
2660.023499	-118.606178
2660.696411	-119.297638
2661.369324	-118.892578
2662.042236	-119.022324
2662.715149	-119.162720
2663.388062	-119.269981
2664.060974	-118.937119
2664.733887	-119.029564
2665.406799	-118.935112
2666.079712	-118.653992
2666.752625	-119.065041
2667.425537	-119.537910
2668.098450	-119.969597
2668.771362	-119.738625
2669.444275	-118.924408
2670.117188	-119.363014
2670.790100	-119.164207
2671.463013	-118.719856
2672.135925	-119.306938
2672.808838	-118.868996
2673.481750	-119.069855
2674.154663	-119.199028
2674.827576	-119.084831
2675.500488	-119.015907
2676.173401	-119.341782
2676.846313	-119.236755
2677.519226	-119.523369
2678.192139	-119.503258
2678.865051	-119.600502
2679.537964	-119.429115
2680.210876	-119.421379
2680.883789	-119.283257
2681.556702	-119.524498
2682.229614	-119.190193
2682.902527	-118.994667
2683.575439	-118.878929
2684.248352	-118.752220
2684.921265	-118.633987
2685.594177	-119.008698
2686.267090	-119.537010
2686.940002	-119.261978
2687.612915	-120.024918
2688.285828	-119.839523
2688.958740	-119.459755
2689.631653	-118.803429
2690.304565	-119.010010
2690.977478	-118.966537
2691.650391	-118.672112
2692.323303	-119.013069
2692.996216	-118.937492
2693.669128	-119.388802
2694.342041	-119.084091
2695.014954	-119.438812
2695.687866	-119.426376
2696.360779	-119.218330
2697.033691	-119.230652
2697.706604	-119.701660
2698.379517	-119.749046
2699.052429	-119.526070
2699.725342	-119.601692
2700.398254	-119.041199
2701.071167	-119.094307
2701.744080	-119.499374
2702.416992	-119.390480
2703.089905	-119.362915
2703.762817	-119.619949
2704.435730	-120.175278
2705.108643	-119.750885
2705.781555	-119.599991
2706.454468	-119.761360
2707.127380	-119.764153
2707.800293	-119.424446
2708.473206	-119.849892
2709.146118	-120.053886
2709.819031	-120.050415
2710.491943	-119.148422
2711.164856	-118.896751
2711.837769	-119.484924
2712.510681	-119.946129
2713.183594	-119.654312
2713.856506	-119.394928
2714.529419	-119.397362
2715.202332	-118.736641
2715.875244	-119.239838
2716.548157	-119.915543
2717.221069	-120.128151
2717.893982	-119.904083
2718.566895	-119.647644
2719.239807	-118.883377
2719.912720	-119.376671
2720.585632	-119.697884
2721.258545	-119.713127
2721.931458	-119.894638
2722.604370	-119.336647
2723.277283	-120.000542
2723.950195	-120.031479
2724.623108	-120.070641
2725.296021	-119.767471
2725.968933	-119.821632
2726.641846	-120.154160
2727.314758	-119.395233
2727.987671	-118.781853
2728.660583	-119.237206
2729.333496	-120.376694
2730.006409	-119.823875
2730.679321	-119.081528
2731.352234	-119.209831
2732.025146	-119.658394
2732.698059	-119.672005
2733.370972	-119.562706
2734.043884	-119.389793
2734.716797	-118.835457
2735.389709	-119.217346
2736.062622	-119.402145
2736.735535	-119.351578
2737.408447	-118.905640
2738.081360	-118.939919
2738.754272	-119.275795
2739.427185	-118.632103
2740.100098	-118.868164
2740.773010	-119.033195
2741.445923	-118.811821
2742.118835	-118.971397
2742.791748	-118.982758
2743.464661	-118.797707
2744.137573	-119.101486
2744.810486	-119.192154
2745.483398	-118.897263
2746.156311	-118.407166
2746.829224	-117.995224
2747.502136	-117.516647
2748.175049	-117.758751
2748.847961	-118.248222
2749.520874	-118.401680
2750.193787	-117.919289
2750.866699	-117.624840
2751.539612	-117.712471
2752.212524	-118.401459
2752.885437	-117.793350
2753.558350	-117.796104
2754.231262	-117.816505
2754.904175	-119.107079
2755.577087	-118.637764
2756.250000	-118.231514
2756.922913	-118.261726
2757.595825	-117.713242
2758.268738	-117.664513
2758.941650	-118.424507
2759.614563	-118.840607
2760.287476	-118.070724
2760.960388	-118.204620
2761.633301	-117.807365
2762.306213	-118.055733
2762.979126	-117.895370
2763.652039	-118.334190
2764.324951	-118.012833
2764.997864	-117.707870
2765.670776	-117.895866
2766.343689	-118.085648
2767.016602	-118.615547
2767.689514	-118.743614
2768.362427	-119.258064
2769.035339	-119.010490
2769.708252	-118.981857
2770.381165	-119.250740
2771.054077	-119.865295
2771.726990	-119.841896
2772.399902	-119.411880
2773.072815	-119.426537
2773.745728	-119.196922
2774.418640	-118.621887
2775.091553	-118.814354
2775.764465	-118.951691
2776.437378	-118.226936
2777.110291	-118.863503
2777.783203	-119.306396
2778.456116	-118.772240
2779.129028	-118.918724
2779.801941	-118.801735
2780.474854	-118.609734
2781.147766	-119.004494
2781.820679	-119.480881
2782.493591	-119.761673
2783.166504	-119.843178
2783.839417	-119.204575
2784.512329	-119.268715
2785.185242	-119.427162
2785.858154	-119.100845
2786.531067	-118.870499
2787.203979	-119.181816
2787.876892	-119.047997
2788.549805	-119.120705
2789.222717	-119.242752
2789.895630	-119.514870
2790.568542	-118.872231
2791.241455	-118.634125
2791.914368	-118.332062
2792.587280	-118.413742
2793.260193	-119.270500
2793.933105	-119.933006
2794.606018	-119.765602
2795.278931	-120.366257
2795.951843	-119.785484
2796.624756	-119.648682
2797.297668	-119.626892
2797.970581	-120.129875
2798.643494	-120.207024
2799.316406	-119.431984
2799.989319	-118.691872
2800.662231	-119.001968
2801.335144	-119.188156
2802.008057	-119.054123
2802.680969	-118.740776
2803.353882	-118.575562
2804.026794	-118.851578
2804.699707	-119.151634
2805.372620	-119.741364
2806.045532	-119.025276
2806.718445	-118.567253
2807.391357	-118.988167
2808.064270	-119.129494
2808.737183	-119.349831
2809.410095	-119.006332
2810.083008	-119.096024
2810.755920	-119.661850
2811.428833	-118.813950
2812.101746	-118.587334
2812.774658	-118.477570
2813.447571	-118.494667
2814.120483	-119.409920
2814.793396	-118.964897
2815.466309	-119.141243
2816.139221	-119.443520
2816.812134	-119.479179
2817.485046	-118.888840
2818.157959	-118.847870
2818.830872	-118.821899
2819.503784	-119.429413
2820.176697	-119.618416
2820.849609	-119.785469
2821.522522	-119.942001
2822.195435	-119.978203
2822.868347	-119.784973
2823.541260	-120.107826
2824.214172	-119.524353
2824.887085	-119.245056
2825.559998	-119.629402
2826.232910	-119.001465
2826.905823	-119.105728
2827.578735	-119.371605
2828.251648	-120.048668
2828.924561	-119.267120
2829.597473	-119.609039
2830.270386	-119.916595
2830.943298	-119.533951
2831.616211	-119.100792
2832.289124	-118.671410
2832.962036	-118.686562
2833.634949	-118.672180
2834.307861	-118.950249
2834.980774	-119.085251
2835.653687	-119.433281
2836.326599	-119.362350
2836.999512	-119.496872
2837.672424	-119.395287
2838.345337	-119.527725
2839.018250	-119.529350
2839.691162	-118.578011
2840.364075	-118.328728
2841.036987	-118.726540
2841.709900	-118.623344
2842.382812	-118.521477
2843.055725	-118.488739
2843.728638	-118.356613
2844.401550	-118.164368
2845.074463	-117.701225
2845.747375	-117.687691
2846.420288	-117.456039
2847.093201	-117.840126
2847.766113	-118.037567
2848.439026	-117.530632
2849.111938	-117.805550
2849.784851	-118.101746
2850.457764	-118.389030
2851.130676	-118.222939
2851.803589	-118.640808
2852.476501	-118.974045
2853.149414	-118.907959
2853.822327	-119.022263
2854.495239	-118.342987
2855.168152	-118.805313
2855.841064	-118.883896
2856.513977	-118.290581
2857.186890	-118.507729
2857.859802	-118.706268
2858.532715	-118.661568
2859.205627	-118.125671
2859.878540	-118.344284
2860.551453	-118.112297
2861.224365	-117.017937
2861.897278	-117.730644
2862.570190	-118.490318
2863.243103	-118.247543
2863.916016	-117.276497
2864.588928	-117.937271
2865.261841	-118.002151
2865.934753	-117.943275
2866.607666	-118.627419
2867.280579	-119.294930
2867.953491	-119.138069
2868.626404	-119.067291
2869.299316	-119.760559
2869.972229	-119.361221
2870.645142	-119.263214
2871.318054	-119.065155
2871.990967	-119.026520
2872.663879	-119.418884
2873.336792	-119.647514
2874.009705	-119.241875
2874.682617	-119.708496
2875.355530	-119.417603
2876.028442	-119.422577
2876.701355	-118.718140
2877.374268	-118.756302
2878.047180	-119.172791
2878.720093	-119.574638
2879.393005	-119.032135
2880.065918	-118.739525
2880.738831	-119.261757
2881.411743	-118.963554
2882.084656	-118.760422
2882.757568	-118.767502
2883.430481	-118.824081
2884.103394	-118.747780
2884.776306	-118.578117
2885.449219	-118.641640
2886.122131	-119.141891
2886.795044	-118.867188
2887.467957	-118.618256
2888.140869	-118.641212
2888.813782	-119.290276
2889.486694	-119.281418
2890.159607	-119.497803
2890.832520	-120.093857
2891.505432	-120.195129
2892.178345	-119.529076
2892.851257	-118.992470
2893.524170	-119.235275
2894.197083	-118.999847
2894.869995	-118.744316
2895.542908	-118.857635
2896.215820	-118.799591
2896.888733	-118.925827
2897.561646	-119.433304
2898.234558	-119.056206
2898.907471	-119.596649
2899.580383	-119.709831
2900.253296	-119.616386
2900.926208	-119.901535
2901.599121	-119.686676
2902.272034	-118.933578
2902.944946	-118.842743
2903.617859	-119.425262
2904.290771	-119.225357
2904.963684	-118.660698
2905.636597	-118.791878
2906.309509	-118.790962
2906.982422	-118.982460
2907.655334	-118.625580
2908.328247	-118.790703
2909.001160	-118.744499
2909.674072	-117.983536
2910.346985	-118.553421
2911.019897	-118.893661
2911.692810	-118.540916
2912.365723	-118.540161
2913.038635	-118.983948
2913.711548	-119.004158
2914.384460	-118.565796
2915.057373	-119.004822
2915.730286	-118.581490
2916.403198	-117.989326
2917.076111	-117.837166
2917.749023	-118.761169
2918.421936	-119.645905
2919.094849	-119.262596
2919.767761	-119.029251
2920.440674	-119.493980
2921.113586	-119.226158
2921.786499	-119.081161
2922.459412	-118.520271
2923.132324	-119.205399
2923.805237	-119.044357
2924.478149	-119.098778
2925.151062	-118.943207
2925.823975	-118.541344
2926.496887	-118.533890
2927.169800	-117.665604
2927.842712	-118.145920
2928.515625	-118.289795
2929.188538	-118.223190
2929.861450	-118.539268
2930.534363	-118.312065
2931.207275	-118.207924
2931.880188	-118.656937
2932.553101	-118.469818
2933.226013	-118.282089
2933.898926	-118.384720
2934.571838	-119.207733
2935.244751	-119.561317
2935.917664	-119.426796
2936.590576	-118.983253
2937.263489	-118.785606
2937.936401	-118.968338
2938.609314	-119.467926
2939.282227	-119.370499
2939.955139	-119.358109
2940.628052	-119.133194
2941.300964	-119.242699
2941.973877	-119.245041
2942.646790	-119.462120
2943.319702	-119.636185
2943.992615	-119.263145
2944.665527	-118.522324
2945.338440	-118.901955
2946.011353	-118.733528
2946.684265	-119.167633
2947.357178	-119.421669
2948.030090	-119.366402
2948.703003	-119.395554
2949.375916	-119.245399
2950.048828	-119.194550
2950.721741	-119.502373
2951.394653	-118.977036
2952.067566	-118.650040
2952.740479	-118.793343
2953.413391	-119.347862
2954.086304	-119.383667
2954.759216	-119.647171
2955.432129	-119.180595
2956.105042	-119.012779
2956.777954	-119.025841
2957.450867	-118.684311
2958.123779	-118.746536
2958.796692	-118.796585
2959.469604	-118.906052
2960.142517	-118.939430
2960.815430	-118.772850
2961.488342	-118.821152
2962.161255	-118.953339
2962.834167	-118.373634
2963.507080	-118.593674
2964.179993	-118.300415
2964.852905	-118.638924
2965.525818	-119.197121
2966.198730	-118.387238
2966.871643	-118.504295
2967.544556	-118.246368
2968.217468	-118.320831
2968.890381	-118.357964
2969.563293	-118.624496
2970.236206	-119.068008
2970.909119	-119.360535
2971.582031	-119.608536
2972.254944	-119.064117
2972.927856	-119.080826
2973.600769	-119.720184
2974.273682	-119.621124
2974.946594	-120.179832
2975.619507	-120.272537
2976.292419	-119.736664
2976.965332	-119.668587
2977.638245	-119.653526
2978.311157	-119.967690
2978.984070	-120.184082
2979.656982	-119.830894
2980.329895	-119.274681
2981.002808	-119.500496
2981.675720	-119.408043
2982.348633	-119.058647
2983.021545	-118.876526
2983.694458	-119.352539
2984.367371	-119.845146
2985.040283	-119.847336
2985.713196	-119.188026
2986.386108	-119.348793
2987.059021	-119.787666
2987.731934	-119.771042
2988.404846	-119.398987
2989.077759	-119.427994
2989.750671	-119.423592
2990.423584	-119.280281
2991.096497	-119.389191
2991.769409	-119.611671
2992.442322	-119.628593
2993.115234	-119.177109
2993.788147	-119.266495
2994.461060	-119.198357
2995.133972	-119.561768
2995.806885	-119.890686
2996.479797	-119.639587
2997.152710	-119.615555
2997.825623	-119.747711
2998.498535	-119.153221
2999.171448	-119.555443
2999.844360	-119.209236
3000.517273	-119.519127
3001.190186	-119.471870
3001.863098	-119.393188
3002.536011	-119.304115
3003.208923	-119.560059
3003.881836	-119.503693
3004.554749	-119.331978
3005.227661	-119.111221
3005.900574	-119.010391
3006.573486	-119.730888
3007.246399	-120.011581
3007.919312	-119.590248
3008.592224	-120.002899
3009.265137	-120.000771
3009.938049	-119.707893
3010.610962	-119.806931
3011.283875	-119.153412
3011.956787	-119.062096
3012.629700	-119.357597
3013.302612	-119.726936
3013.975525	-119.231682
3014.648438	-119.455513
3015.321350	-119.417709
3015.994263	-119.621819
3016.667175	-119.586273
3017.340088	-119.407875
3018.013000	-119.862488
3018.685913	-119.721420
3019.358826	-120.128914
3020.031738	-119.381325
3020.704651	-118.908127
3021.377563	-118.495094
3022.050476	-118.187630
3022.723389	-118.130623
3023.396301	-118.471344
3024.069214	-118.637154
3024.742126	-118.610588
3025.415039	-118.620209
3026.087952	-118.484970
3026.760864	-118.478027
3027.433777	-118.075066
3028.106689	-118.780304
3028.779602	-118.772377
3029.452515	-118.334801
3030.125427	-118.085098
3030.798340	-118.554855
3031.471252	-118.456192
3032.144165	-119.007462
3032.817078	-118.225563
3033.489990	-118.477196
3034.162903	-119.688332
3034.835815	-119.628418
3035.508728	-118.815628
3036.181641	-118.701630
3036.854553	-119.498474
3037.527466	-119.843964
3038.200378	-120.000610
3038.873291	-119.707542
3039.546204	-119.291306
3040.219116	-119.418350
3040.892029	-119.172058
3041.564941	-119.601700
3042.237854	-119.560669
3042.910767	-118.540863
3043.583679	-118.270950
3044.256592	-118.790756
3044.929504	-119.305862
3045.602417	-119.745552
3046.275330	-119.285744
3046.948242	-118.853004
3047.621155	-119.352806
3048.294067	-119.557426
3048.966980	-119.559891
3049.639893	-119.331696
3050.312805	-119.628342
3050.985718	-119.234657
3051.658630	-119.651215
3052.331543	-119.300850
3053.004456	-118.759018
3053.677368	-119.235847
3054.350281	-118.411011
3055.023193	-118.646011
3055.696106	-118.975876
3056.369019	-118.983208
3057.041931	-119.277672
3057.714844	-119.498634
3058.387756	-119.109634
3059.060669	-119.207382
3059.733582	-118.793175
3060.406494	-118.873512
3061.079407	-119.267036
3061.752319	-119.146385
3062.425232	-119.403580
3063.098145	-119.543152
3063.771057	-119.511101
3064.443970	-119.973824
3065.116882	-120.115456
3065.789795	-119.644287
3066.462708	-119.204796
3067.135620	-119.617897
3067.808533	-119.449043
3068.481445	-118.628128
3069.154358	-119.230949
3069.827271	-119.332611
3070.500183	-119.499443
3071.173096	-119.177711
3071.846008	-119.696426
3072.518921	-119.465439
3073.191833	-119.297379
3073.864746	-118.964676
3074.537659	-119.563225
3075.210571	-119.678322
3075.883484	-119.702850
3076.556396	-120.240669
3077.229309	-120.024574
3077.902222	-119.847931
3078.575134	-120.066475
3079.248047	-120.356163
3079.920959	-119.736633
3080.593872	-119.086906
3081.266785	-118.739365
3081.939697	-118.990471
3082.612610	-118.719490
3083.285522	-118.509735
3083.958435	-118.443710
3084.631348	-119.001091
3085.304260	-118.946564
3085.977173	-118.732468
3086.650085	-118.724113
3087.322998	-118.626137
3087.995911	-119.078163
3088.668823	-119.170723
3089.341736	-119.288094
3090.014648	-119.640381
3090.687561	-119.149841
3091.360474	-118.866364
3092.033386	-119.318169
3092.706299	-119.130142
3093.379211	-118.844727
3094.052124	-119.179092
3094.725037	-118.778572
3095.397949	-118.878746
3096.070862	-119.023849
3096.743774	-119.095985
3097.416687	-119.535156
3098.089600	-119.893715
3098.762512	-119.784523
3099.435425	-120.327660
3100.108337	-119.542702
3100.781250	-119.915810
3101.454163	-119.594360
3102.127075	-119.547981
3102.799988	-119.640640
3103.472900	-119.848511
3104.145813	-119.474998
3104.818726	-119.274597
3105.491638	-118.919479
3106.164551	-119.267807
3106.837463	-119.967041
3107.510376	-119.306450
3108.183289	-118.367889
3108.856201	-118.242767
3109.529114	-118.190727
3110.202026	-118.335510
3110.874939	-118.378586
3111.547852	-117.906746
3112.220764	-118.220909
3112.893677	-118.622681
3113.566589	-119.217575
3114.239502	-118.890518
3114.912415	-118.606239
3115.585327	-118.672821
3116.258240	-118.316780
3116.931152	-118.219154
3117.604065	-118.494064
3118.276978	-118.519531
3118.949890	-119.135414
3119.622803	-119.034225
3120.295715	-119.172096
3120.968628	-118.720703
3121.641541	-118.945290
3122.314453	-118.983215
3122.987366	-119.512344
3123.660278	-119.364281
3124.333191	-118.596413
3125.006104	-118.343231
3125.679016	-118.802254
3126.351929	-118.949997
3127.024841	-119.142258
3127.697754	-118.938385
3128.370667	-119.352303
3129.043579	-119.710472
3129.716492	-119.553802
3130.389404	-119.479301
3131.062317	-119.823143
3131.735229	-120.060814
3132.408142	-119.993546
3133.081055	-119.566200
3133.753967	-119.844574
3134.426880	-119.875458
3135.099792	-119.336372
3135.772705	-119.615974
3136.445618	-119.446747
3137.118530	-119.463432
3137.791443	-118.898987
3138.464355	-119.040642
3139.137268	-119.346428
3139.810181	-119.214119
3140.483093	-119.393524
3141.156006	-119.153778
3141.828918	-119.493782
3142.501831	-119.736771
3143.174744	-119.297691
3143.847656	-119.335182
3144.520569	-118.880791
3145.193481	-118.223595
3145.866394	-119.316154
3146.539307	-119.710556
3147.212219	-119.381241
3147.885132	-118.934540
3148.558044	-119.152740
3149.230957	-119.121521
3149.903870	-119.103416
3150.576782	-119.046913
3151.249695	-119.196739
3151.922607	-119.838249
3152.595520	-119.687523
3153.268433	-120.126244
3153.941345	-120.601166
3154.614258	-119.763596
3155.287170	-119.804863
3155.960083	-119.506729
3156.632996	-119.515091
3157.305908	-119.771889
3157.978821	-119.611694
3158.651733	-118.858475
3159.324646	-119.110443
3159.997559	-118.921593
3160.670471	-118.516434
3161.343384	-119.076096
3162.016296	-118.742226
3162.689209	-118.804001
3163.362122	-118.294823
3164.035034	-118.225571
3164.707947	-118.064980
3165.380859	-118.447868
3166.053772	-118.076324
3166.726685	-117.564590
3167.399597	-117.786125
3168.072510	-117.834961
3168.745422	-118.033409
3169.418335	-118.417953
3170.091248	-118.882362
3170.764160	-118.433357
3171.437073	-119.539085
3172.109985	-119.738983
3172.782898	-118.350357
3173.455811	-118.592659
3174.128723	-119.049820
3174.801636	-118.693398
3175.474548	-118.437447
3176.147461	-117.891525
3176.820374	-118.796295
3177.493286	-118.700279
3178.166199	-118.736229
3178.839111	-118.712318
3179.512024	-119.261978
3180.184937	-119.354034
3180.857849	-119.106934
3181.530762	-119.303795
3182.203674	-119.336845
3182.876587	-119.154343
3183.549500	-119.147964
3184.222412	-119.307564
3184.895325	-118.962715
3185.568237	-118.682823
3186.241150	-118.283104
3186.914062	-118.314163
3187.586975	-118.711899
3188.259888	-119.056175
3188.932800	-119.701340
3189.605713	-119.560585
3190.278625	-119.342529
3190.951538	-119.760101
3191.624451	-119.506287
3192.297363	-119.151398
3192.970276	-119.084435
3193.643188	-119.276382
3194.316101	-119.998558
3194.989014	-120.036713
3195.661926	-120.246101
3196.334839	-120.016083
3197.007751	-119.037918
3197.680664	-119.189117
3198.353577	-119.388374
3199.026489	-119.595398
3199.699402	-119.612801
3200.372314	-119.294670
3201.045227	-119.339027
3201.718140	-119.115601
3202.391052	-119.212029
3203.063965	-118.982376
3203.736877	-118.811310
3204.409790	-119.005058
3205.082703	-119.178993
3205.755615	-118.507240
3206.428528	-118.429222
3207.101440	-118.726082
3207.774353	-118.337257
3208.447266	-119.020218
3209.120178	-118.331497
3209.793091	-118.335365
3210.466003	-118.632622
3211.138916	-118.963196
3211.811829	-119.068962
3212.484741	-119.025337
3213.157654	-119.127678
3213.830566	-118.701469
3214.503479	-119.310204
3215.176392	-120.137314
3215.849304	-120.130302
3216.522217	-120.029449
3217.195129	-119.821747
3217.868042	-119.761063
3218.540955	-120.030838
3219.213867	-120.198204
3219.886780	-119.747101
3220.559692	-119.592682
3221.232605	-119.438004
3221.905518	-119.053589
3222.578430	-118.907753
3223.251343	-118.748207
3223.924255	-119.388985
3224.597168	-119.489273
3225.270081	-119.735176
3225.942993	-119.547653
3226.615906	-118.616364
3227.288818	-118.579231
3227.961731	-118.784607
3228.634644	-119.429955
3229.307556	-119.244225
3229.980469	-118.808235
3230.653381	-118.887093
3231.326294	-118.512688
3231.999207	-118.803246
3232.672119	-119.277779
3233.345032	-119.782303
3234.017944	-119.669746
3234.690857	-119.825760
3235.363770	-119.576843
3236.036682	-119.754913
3236.709595	-119.956543
3237.382507	-120.095482
3238.055420	-120.072174
3238.728333	-119.428696
3239.401245	-119.009483
3240.074158	-118.913910
3240.747070	-119.238510
3241.419983	-118.815628
3242.092896	-119.137558
3242.765808	-119.564240
3243.438721	-118.564095
3244.111633	-118.174408
3244.784546	-118.752914
3245.457458	-118.905914
3246.130371	-117.826645
3246.803284	-117.955925
3247.476196	-117.836311
3248.149109	-117.995613
3248.822021	-117.458755
3249.494934	-117.177277
3250.167847	-117.939255
3250.840759	-117.802689
3251.513672	-117.929909
3252.186584	-118.027512
3252.859497	-118.507797
3253.532410	-118.284981
3254.205322	-118.215065
3254.878235	-118.818642
3255.551147	-118.195816
3256.224060	-118.147636
3256.896973	-117.963028
3257.569885	-118.048195
3258.242798	-118.056976
3258.915710	-117.819870
3259.588623	-118.305397
3260.261536	-118.428345
3260.934448	-118.784538
3261.607361	-118.775276
3262.280273	-118.457054
3262.953186	-118.493454
3263.626099	-119.113853
3264.299011	-118.849976
3264.971924	-118.245461
3265.644836	-118.073616
3266.317749	-118.413948
3266.990662	-118.955673
3267.663574	-118.416466
3268.336487	-117.938499
3269.009399	-118.317047
3269.682312	-118.793022
3270.355225	-118.745865
3271.028137	-119.003105
3271.701050	-119.675140
3272.373962	-119.037964
3273.046875	-118.439354
3273.719788	-118.661751
3274.392700	-118.690315
3275.065613	-119.379448
3275.738525	-118.452003
3276.411438	-117.733932
3277.084351	-117.971161
3277.757263	-118.085930
3278.430176	-118.456543
3279.103088	-118.105934
3279.776001	-118.275650
3280.448914	-117.992378
3281.121826	-117.542282
3281.794739	-117.545990
3282.467651	-118.394165
3283.140564	-118.195953
3283.813477	-118.282524
3284.486389	-119.475739
3285.159302	-119.669746
3285.832214	-119.017059
3286.505127	-119.022041
3287.178040	-118.303879
3287.850952	-118.672256
3288.523865	-118.764732
3289.196777	-118.058739
3289.869690	-117.610832
3290.542603	-117.349159
3291.215515	-117.146896
3291.888428	-117.070091
3292.561340	-117.254257
3293.234253	-117.492920
3293.907166	-116.925354
3294.580078	-116.846970
3295.252991	-116.806007
3295.925903	-117.467773
3296.598816	-116.855316
3297.271729	-116.843102
3297.944641	-117.873810
3298.617554	-117.804924
3299.290466	-117.654312
3299.963379	-118.177834
3300.636292	-118.019531
3301.309204	-118.526138
3301.982117	-118.813881
3302.655029	-118.668266
3303.327942	-118.126656
3304.000854	-118.603676
3304.673767	-118.148903
3305.346680	-118.271255
3306.019592	-117.950005
3306.692505	-117.482056
3307.365417	-117.658699
3308.038330	-117.465935
3308.711243	-117.988182
3309.384155	-118.107811
3310.057068	-118.526665
3310.729980	-118.374413
3311.402893	-118.579620
3312.075806	-119.103149
3312.748718	-118.993141
3313.421631	-119.218300
3314.094543	-119.063927
3314.767456	-119.137535
3315.440369	-119.267784
3316.113281	-119.524384
3316.786194	-119.598396
3317.459106	-119.401146
3318.132019	-118.771248
3318.804932	-118.932007
3319.477844	-119.153236
3320.150757	-118.633133
3320.823669	-118.451874
3321.496582	-118.660088
3322.169495	-118.471794
3322.842407	-118.444954
3323.515320	-118.726845
3324.188232	-119.118378
3324.861145	-119.316597
3325.534058	-118.993401
3326.206970	-119.226105
3326.879883	-119.054886
3327.552795	-119.054047
3328.225708	-118.854813
3328.898621	-119.567986
3329.571533	-118.749786
3330.244446	-118.157356
3330.917358	-118.523399
3331.590271	-118.389313
3332.263184	-118.535164
3332.936096	-119.185768
3333.609009	-118.807381
3334.281921	-118.481255
3334.954834	-118.906418
3335.627747	-118.524071
3336.300659	-118.722313
3336.973572	-118.356552
3337.646484	-118.159630
3338.319397	-118.598198
3338.992310	-118.500496
3339.665222	-118.736336
3340.338135	-118.980835
3341.011047	-118.800720
3341.683960	-118.132294
3342.356873	-118.008598
3343.029785	-117.868378
3343.702698	-117.647362
3344.375610	-117.564552
3345.048523	-117.687164
3345.721436	-117.334824
3346.394348	-117.426949
3347.067261	-118.134171
3347.740173	-118.201096
3348.413086	-118.269836
3349.085999	-118.363037
3349.758911	-118.383583
3350.431824	-118.647774
3351.104736	-117.882446
3351.777649	-118.188324
3352.450562	-118.172836
3353.123474	-118.488686
3353.796387	-118.363831
3354.469299	-117.661819
3355.142212	-117.441528
3355.815125	-117.378784
3356.488037	-117.597336
3357.160950	-118.843338
3357.833862	-118.818428
3358.506775	-118.238853
3359.179688	-118.057182
3359.852600	-117.660103
3360.525513	-118.288246
3361.198425	-118.713997
3361.871338	-118.730370
3362.544250	-119.233894
3363.217163	-119.687027
3363.890076	-119.752548
3364.562988	-119.730476
3365.235901	-119.270195
3365.908813	-119.096321
3366.581726	-119.149147
3367.254639	-119.918137
3367.927551	-119.808128
3368.600464	-119.475212
3369.273376	-119.388969
3369.946289	-118.756111
3370.619202	-117.694054
3371.292114	-117.549660
3371.965027	-117.809967
3372.637939	-118.087791
3373.310852	-118.073654
3373.983765	-117.842125
3374.656677	-117.626648
3375.329590	-118.351250
3376.002502	-118.429840
3376.675415	-118.589439
3377.348328	-118.038269
3378.021240	-118.984787
3378.694153	-118.542580
3379.367065	-118.169205
3380.039978	-117.967018
3380.712891	-117.500038
3381.385803	-117.813309
3382.058716	-117.781296
3382.731628	-117.285149
3383.404541	-116.823799
3384.077454	-117.978683
3384.750366	-118.796051
3385.423279	-118.706978
3386.096191	-118.184029
3386.769104	-118.300102
3387.442017	-118.376190
3388.114929	-118.323441
3388.787842	-117.738235
3389.460754	-117.568367
3390.133667	-117.872902
3390.806580	-118.578445
3391.479492	-118.180405
3392.152405	-118.514359
3392.825317	-118.666687
3393.498230	-118.637604
3394.171143	-118.349556
3394.844055	-118.396965
3395.516968	-118.449638
3396.189880	-118.328957
3396.862793	-118.848198
3397.535706	-118.530373
3398.208618	-117.839302
3398.881531	-118.096909
3399.554443	-118.952682
3400.227356	-118.814064
3400.900269	-118.952827
3401.573181	-118.819984
3402.246094	-119.322205
3402.919006	-119.324005
3403.591919	-118.819107
3404.264832	-119.449387
3404.937744	-119.561668
3405.610657	-119.849632
3406.283569	-119.855774
3406.956482	-119.175163
3407.629395	-118.646866
3408.302307	-118.559937
3408.975220	-118.939072
3409.648132	-118.590347
3410.321045	-118.255814
3410.993958	-118.214638
3411.666870	-118.572388
3412.339783	-118.249847
3413.012695	-118.479195
3413.685608	-118.803375
3414.358521	-118.484245
3415.031433	-118.612999
3415.704346	-119.538193
3416.377258	-119.931061
3417.050171	-119.358055
3417.723083	-119.672775
3418.395996	-119.862877
3419.068909	-119.942024
3419.741821	-119.330826
3420.414734	-119.041229
3421.087646	-119.097237
3421.760559	-118.870262
3422.433472	-118.881035
3423.106384	-118.879913
3423.779297	-119.091240
3424.452209	-118.885155
3425.125122	-118.533958
3425.798035	-118.525513
3426.470947	-118.470711
3427.143860	-118.904556
3427.816772	-118.911484
3428.489685	-118.743088
3429.162598	-118.824898
3429.835510	-119.230331
3430.508423	-118.912971
3431.181335	-118.414566
3431.854248	-118.193703
3432.527161	-119.207260
3433.200073	-119.836998
3433.872986	-119.674660
3434.545898	-119.337845
3435.218811	-119.777878
3435.891724	-119.856918
3436.564636	-120.079315
3437.237549	-119.772957
3437.910461	-119.713516
3438.583374	-119.557304
3439.256287	-119.527580
3439.929199	-119.434525
3440.602112	-119.360298
3441.275024	-119.659676
3441.947937	-119.566422
3442.620850	-119.706123
3443.293762	-119.930191
3443.966675	-120.034821
3444.639587	-119.671753
3445.312500	-119.530647
3445.985413	-119.130760
3446.658325	-119.072739
3447.331238	-119.326866
3448.004150	-119.846687
3448.677063	-119.938911
3449.349976	-119.856544
3450.022888	-119.325584
3450.695801	-119.983841
3451.368713	-119.976112
3452.041626	-119.965271
3452.714539	-120.236656
3453.387451	-120.770195
3454.060364	-119.904427
3454.733276	-120.087044
3455.406189	-119.569794
3456.079102	-120.333107
3456.752014	-120.106949
3457.424927	-119.319191
3458.097839	-119.911789
3458.770752	-120.618408
3459.443665	-120.089386
3460.116577	-119.917274
3460.789490	-120.220528
3461.462402	-120.012558
3462.135315	-119.712868
3462.808228	-119.684052
3463.481140	-119.574532
3464.154053	-119.625984
3464.826965	-119.778305
3465.499878	-119.746597
3466.172791	-119.607536
3466.845703	-120.119812
3467.518616	-119.574417
3468.191528	-119.896996
3468.864441	-120.146103
3469.537354	-119.376106
3470.210266	-118.988335
3470.883179	-118.893715
3471.556091	-119.108299
3472.229004	-119.011909
3472.901917	-119.162056
3473.574829	-119.743088
3474.247742	-120.013527
3474.920654	-119.913719
3475.593567	-119.615479
3476.266479	-119.354744
3476.939392	-119.583199
3477.612305	-119.434471
3478.285217	-119.415550
3478.958130	-119.219795
3479.631042	-118.613792
3480.303955	-118.989677
3480.976868	-118.891579
3481.649780	-119.207230
3482.322693	-119.133629
3482.995605	-118.770859
3483.668518	-118.467812
3484.341431	-119.082047
3485.014343	-119.440369
3485.687256	-119.862061
3486.360168	-119.218628
3487.033081	-119.165497
3487.705994	-119.333206
3488.378906	-119.560165
3489.051819	-119.734955
3489.724731	-119.529716
3490.397644	-119.302513
3491.070557	-119.418892
3491.743469	-120.112274
3492.416382	-120.287643
3493.089294	-119.772102
3493.762207	-119.817085
3494.435120	-119.928131
3495.108032	-119.397751
3495.780945	-118.827927
3496.453857	-119.385422
3497.126770	-119.495140
3497.799683	-119.175514
3498.472595	-119.194504
3499.145508	-118.765549
3499.818420	-118.984734
3500.491333	-119.221313
3501.164246	-119.058731
3501.837158	-118.692116
3502.510071	-119.132530
3503.182983	-119.542374
3503.855896	-119.329300
3504.528809	-119.472473
3505.201721	-119.424843
3505.874634	-119.459091
3506.547546	-119.244812
3507.220459	-119.681847
3507.893372	-119.969017
3508.566284	-120.125320
3509.239197	-119.699608
3509.912109	-119.466896
3510.585022	-118.889679
3511.257935	-119.059967
3511.930847	-119.498878
3512.603760	-120.001900
3513.276672	-119.827118
3513.949585	-119.518028
3514.622498	-119.416397
3515.295410	-119.252937
3515.968323	-119.304504
3516.641235	-119.801430
3517.314148	-119.120758
3517.987061	-118.917374
3518.659973	-119.747795
3519.332886	-120.362526
3520.005798	-120.004578
3520.678711	-119.972000
3521.351624	-119.753944
3522.024536	-120.027184
3522.697449	-120.023720
3523.370361	-119.256889
3524.043274	-119.590500
3524.716187	-120.613907
3525.389099	-120.935776
3526.062012	-120.053162
3526.734924	-119.563797
3527.407837	-119.585770
3528.080750	-119.699783
3528.753662	-119.640182
3529.426575	-119.834969
3530.099487	-120.063148
3530.772400	-120.490494
3531.445312	-120.588829
3532.118225	-120.818428
3532.791138	-120.233162
3533.464050	-119.893188
3534.136963	-119.990738
3534.809875	-120.077332
3535.482788	-119.674629
3536.155701	-119.599785
3536.828613	-119.615921
3537.501526	-119.711754
3538.174438	-119.432037
3538.847351	-120.130501
3539.520264	-120.671997
3540.193176	-120.022163
3540.866089	-119.453514
3541.539001	-119.339127
3542.211914	-119.503235
3542.884827	-119.226791
3543.557739	-118.971863
3544.230652	-119.558090
3544.903564	-119.527222
3545.576477	-119.336823
3546.249390	-119.077393
3546.922302	-119.653320
3547.595215	-119.540062
3548.268127	-119.280701
3548.941040	-119.463577
3549.613953	-119.254082
3550.286865	-119.521469
3550.959778	-119.653381
3551.632690	-119.761505
3552.305603	-119.869308
3552.978516	-119.912010
3553.651428	-119.655586
3554.324341	-120.319397
3554.997253	-119.988358
3555.670166	-119.829781
3556.343079	-119.934700
3557.015991	-119.492264
3557.688904	-119.942032
3558.361816	-119.788879
3559.034729	-119.312248
3559.707642	-119.066330
3560.380554	-118.603607
3561.053467	-118.456032
3561.726379	-118.517357
3562.399292	-118.744164
3563.072205	-118.651619
3563.745117	-118.295715
3564.418030	-118.647469
3565.090942	-118.316017
3565.763855	-117.881836
3566.436768	-118.214325
3567.109680	-118.279625
3567.782593	-118.797768
3568.455505	-118.444557
3569.128418	-118.027527
3569.801331	-118.854759
3570.474243	-118.959473
3571.147156	-118.993034
3571.820068	-119.021187
3572.492981	-118.613998
3573.165894	-118.751015
3573.838806	-118.605522
3574.511719	-118.902977
3575.184631	-119.197495
3575.857544	-118.817665
3576.530457	-118.818954
3577.203369	-119.015709
3577.876282	-119.059601
3578.549194	-119.245544
3579.222107	-119.059082
3579.895020	-119.017242
3580.567932	-118.576729
3581.240845	-118.200386
3581.913757	-118.607117
3582.586670	-118.736092
3583.259583	-119.046181
3583.932495	-119.081970
3584.605408	-119.749428
3585.278320	-119.581841
3585.951233	-119.239662
3586.624146	-118.489883
3587.297058	-118.585083
3587.969971	-118.213600
3588.642883	-118.415863
3589.315796	-118.509193
3589.988708	-118.556244
3590.661621	-118.313736
3591.334534	-118.579735
3592.007446	-118.502975
3592.680359	-118.175163
3593.353271	-119.312721
3594.026184	-119.522537
3594.699097	-119.300117
3595.372009	-119.517311
3596.044922	-119.669762
3596.717834	-118.959030
3597.390747	-118.729897
3598.063660	-118.683601
3598.736572	-119.173241
3599.409485	-119.024109
3600.082397	-119.386650
3600.755310	-119.934761
3601.428223	-119.648628
3602.101135	-119.786774
3602.774048	-119.889595
3603.446960	-119.767075
3604.119873	-119.116402
3604.792786	-119.332794
3605.465698	-119.892380
3606.138611	-118.794861
3606.811523	-118.796570
3607.484436	-119.023720
3608.157349	-118.674873
3608.830261	-118.152664
3609.503174	-117.649124
3610.176086	-117.455620
3610.848999	-117.497047
3611.521912	-117.885994
3612.194824	-118.058609
3612.867737	-118.140663
3613.540649	-118.177376
3614.213562	-119.311676
3614.886475	-118.786621
3615.559387	-118.412407
3616.232300	-118.638840
3616.905212	-118.722542
3617.578125	-119.053871
3618.251038	-118.363197
3618.923950	-118.142891
3619.596863	-117.822601
3620.269775	-118.013100
3620.942688	-118.459915
3621.615601	-118.252029
3622.288513	-118.840523
3622.961426	-118.898956
3623.634338	-119.141594
3624.307251	-119.162796
3624.980164	-118.854012
3625.653076	-119.545082
3626.325989	-119.769485
3626.998901	-119.782883
3627.671814	-120.551064
3628.344727	-120.067024
3629.017639	-119.345314
3629.690552	-119.772034
3630.363464	-119.810883
3631.036377	-119.607704
3631.709290	-119.516777
3632.382202	-120.033318
3633.055115	-119.765289
3633.728027	-119.120003
3634.400940	-119.560501
3635.073853	-119.652077
3635.746765	-119.563026
3636.419678	-118.943756
3637.092590	-119.426796
3637.765503	-119.037796
3638.438416	-119.339661
3639.111328	-119.112190
3639.784241	-118.772026
3640.457153	-118.375328
3641.130066	-118.130234
3641.802979	-118.286194
3642.475891	-119.045151
3643.148804	-118.936279
3643.821716	-119.527061
3644.494629	-119.545486
3645.167542	-119.732277
3645.840454	-119.828568
3646.513367	-120.445267
3647.186279	-120.711876
3647.859192	-119.996384
3648.532104	-120.038231
3649.205017	-119.875320
3649.877930	-119.491806
3650.550842	-119.375900
3651.223755	-119.276970
3651.896667	-119.877167
3652.569580	-119.637306
3653.242493	-119.400459
3653.915405	-119.012192
3654.588318	-119.483315
3655.261230	-119.663437
3655.934143	-119.898491
3656.607056	-119.591476
3657.279968	-119.338982
3657.952881	-119.821747
3658.625793	-119.580956
3659.298706	-119.123360
3659.971619	-118.813568
3660.644531	-119.269814
3661.317444	-119.226196
3661.990356	-118.915062
3662.663269	-118.372429
3663.336182	-118.536636
3664.009094	-119.121292
3664.682007	-119.175354
3665.354919	-119.030930
3666.027832	-119.415520
3666.700745	-119.362717
3667.373657	-118.972504
3668.046570	-118.936501
3668.719482	-119.639549
3669.392395	-119.859413
3670.065308	-119.725311
3670.738220	-118.961960
3671.411133	-118.763893
3672.084045	-118.791817
3672.756958	-118.408218
3673.429871	-118.429260
3674.102783	-118.405388
3674.775696	-118.087769
3675.448608	-118.188843
3676.121521	-118.718811
3676.794434	-118.927277
3677.467346	-118.867867
3678.140259	-119.014107
3678.813171	-118.973183
3679.486084	-118.380928
3680.158997	-118.325218
3680.831909	-119.016365
3681.504822	-119.154182
3682.177734	-119.429527
3682.850647	-119.141335
3683.523560	-118.963768
3684.196472	-119.577782
3684.869385	-119.887001
3685.542297	-119.594795
3686.215210	-119.654800
3686.888123	-119.301018
3687.561035	-118.997093
3688.233948	-119.342812
3688.906860	-119.215881
3689.579773	-119.165924
3690.252686	-118.891930
3690.925598	-119.622337
3691.598511	-119.490913
3692.271423	-119.696739
3692.944336	-120.058754
3693.617249	-120.273056
3694.290161	-120.116287
3694.963074	-120.156746
3695.635986	-119.673531
3696.308899	-119.434975
3696.981812	-119.450508
3697.654724	-119.168793
3698.327637	-119.317017
3699.000549	-119.529839
3699.673462	-119.746284
3700.346375	-119.957664
3701.019287	-119.430847
3701.692200	-119.481804
3702.365112	-119.830315
3703.038025	-119.613144
3703.710938	-119.732399
3704.383850	-119.749619
3705.056763	-119.492004
3705.729675	-119.462357
3706.402588	-120.119354
3707.075500	-119.882126
3707.748413	-119.695503
3708.421326	-119.649391
3709.094238	-119.686089
3709.767151	-118.905663
3710.440063	-118.595230
3711.112976	-118.734840
3711.785889	-118.447876
3712.458801	-118.024467
3713.131714	-118.194229
3713.804626	-118.542442
3714.477539	-119.558723
3715.150452	-117.790253
3715.823364	-117.755539
3716.496277	-118.497971
3717.169189	-118.569023
3717.842102	-118.514145
3718.515015	-118.202225
3719.187927	-118.235268
3719.860840	-118.206413
3720.533752	-118.219330
3721.206665	-118.941582
3721.879578	-120.018372
3722.552490	-120.442505
3723.225403	-119.992310
3723.898315	-119.567841
3724.571228	-119.657379
3725.244141	-120.446037
3725.917053	-120.008385
3726.589966	-120.001534
3727.262878	-120.158150
3727.935791	-119.757805
3728.608704	-119.520134
3729.281616	-119.779175
3729.954529	-119.403412
3730.627441	-119.359848
3731.300354	-120.214035
3731.973267	-119.882187
3732.646179	-118.951546
3733.319092	-118.377716
3733.992004	-118.801140
3734.664917	-118.989319
3735.337830	-119.147919
3736.010742	-118.499519
3736.683655	-118.853691
3737.356567	-118.533501
3738.029480	-117.868591
3738.702393	-117.978203
3739.375305	-118.108711
3740.048218	-118.273758
3740.721130	-118.344131
3741.394043	-118.855186
3742.066956	-119.235382
3742.739868	-119.231667
3743.412781	-118.873589
3744.085693	-118.741081
3744.758606	-119.284431
3745.431519	-120.128983
3746.104431	-120.052780
3746.777344	-119.663834
3747.450256	-119.209480
3748.123169	-119.252983
3748.796082	-119.634285
3749.468994	-120.143242
3750.141907	-119.650368
3750.814819	-119.391907
3751.487732	-119.984505
3752.160645	-120.084679
3752.833557	-119.772423
3753.506470	-120.047813
3754.179382	-119.138657
3754.852295	-118.564102
3755.525208	-118.761963
3756.198120	-118.657890
3756.871033	-119.240944
3757.543945	-119.604874
3758.216858	-120.303375
3758.889771	-119.928535
3759.562683	-119.408447
3760.235596	-119.428154
3760.908508	-119.054398
3761.581421	-119.207817
3762.254333	-119.641075
3762.927246	-119.512703
3763.600159	-119.690269
3764.273071	-119.471848
3764.945984	-119.237305
3765.618896	-119.337883
3766.291809	-119.859306
3766.964722	-119.571404
3767.637634	-119.467766
3768.310547	-119.618317
3768.983459	-120.002838
3769.656372	-120.225220
3770.329285	-119.857864
3771.002197	-119.930473
3771.675110	-119.351257
3772.348022	-119.398293
3773.020935	-120.002396
3773.693848	-120.127281
3774.366760	-120.271111
3775.039673	-120.534744
3775.712585	-120.197639
3776.385498	-119.217575
3777.058411	-119.180916
3777.731323	-118.883636
3778.404236	-119.259201
3779.077148	-119.193077
3779.750061	-119.325394
3780.422974	-119.513840
3781.095886	-119.126945
3781.768799	-118.723541
3782.441711	-119.032784
3783.114624	-119.254005
3783.787537	-119.014145
3784.460449	-119.319466
3785.133362	-119.462959
3785.806274	-119.226913
3786.479187	-119.867538
3787.152100	-119.932922
3787.825012	-120.380852
3788.497925	-120.332664
3789.170837	-119.558372
3789.843750	-120.305252
3790.516663	-120.302048
3791.189575	-120.069839
3791.862488	-120.668961
3792.535400	-120.421532
3793.208313	-119.797279
3793.881226	-119.452652
3794.554138	-119.196373
3795.227051	-119.778160
3795.899963	-120.451530
3796.572876	-120.308960
3797.245789	-119.621910
3797.918701	-119.731308
3798.591614	-119.675842
3799.264526	-119.288757
3799.937439	-119.840195
3800.610352	-119.933983
3801.283264	-119.544296
3801.956177	-119.225922
3802.629089	-119.462280
3803.302002	-120.771599
3803.974915	-121.121269
3804.647827	-120.285286
3805.320740	-119.530258
3805.993652	-119.588921
3806.666565	-119.924721
3807.339478	-120.141563
3808.012390	-120.072968
3808.685303	-119.630539
3809.358215	-119.642960
3810.031128	-119.817009
3810.704041	-120.389923
3811.376953	-120.582184
3812.049866	-119.922623
3812.722778	-119.741272
3813.395691	-119.903595
3814.068604	-119.285149
3814.741516	-119.392433
3815.414429	-119.628944
3816.087341	-119.225853
3816.760254	-119.559578
3817.433167	-119.310921
3818.106079	-119.351807
3818.778992	-119.287178
3819.451904	-119.280495
3820.124817	-119.223030
3820.797729	-119.092987
3821.470642	-118.983391
3822.143555	-119.035660
3822.816467	-118.847610
3823.489380	-118.512688
3824.162292	-118.709244
3824.835205	-119.434639
3825.508118	-119.533623
3826.181030	-119.138214
3826.853943	-118.057693
3827.526855	-118.274902
3828.199768	-118.222313
3828.872681	-118.057854
3829.545593	-118.637726
3830.218506	-118.498390
3830.891418	-118.636940
3831.564331	-119.199913
3832.237244	-119.070351
3832.910156	-119.051353
3833.583069	-118.526489
3834.255981	-118.991386
3834.928894	-119.073853
3835.601807	-119.656570
3836.274719	-119.452850
3836.947632	-118.847809
3837.620544	-118.860001
3838.293457	-119.004478
3838.966370	-119.053307
3839.639282	-119.595253
3840.312195	-119.794884
3840.985107	-119.574203
3841.658020	-119.304443
3842.330933	-118.936829
3843.003845	-118.404930
3843.676758	-118.612343
3844.349670	-119.051247
3845.022583	-118.439827
3845.695496	-118.122528
3846.368408	-117.717537
3847.041321	-117.350220
3847.714233	-117.880295
3848.387146	-118.567772
3849.060059	-118.013527
3849.732971	-117.838394
3850.405884	-118.009972
3851.078796	-117.667961
3851.751709	-117.963997
3852.424622	-117.962303
3853.097534	-117.819397
3853.770447	-118.109589
3854.443359	-117.894676
3855.116272	-117.308510
3855.789185	-117.348389
3856.462097	-117.013054
3857.135010	-117.393745
3857.807922	-117.286301
3858.480835	-116.747833
3859.153748	-116.443733
3859.826660	-117.127090
3860.499573	-117.054169
3861.172485	-117.074081
3861.845398	-116.149826
3862.518311	-117.056557
3863.191223	-117.248444
3863.864136	-116.902565
3864.537048	-116.782379
3865.209961	-116.735428
3865.882874	-117.427338
3866.555786	-117.995293
3867.228699	-118.590179
3867.901611	-118.913979
3868.574524	-118.598328
3869.247437	-119.067421
3869.920349	-119.455887
3870.593262	-119.253494
3871.266174	-119.720520
3871.939087	-119.491409
3872.612000	-119.287056
3873.284912	-119.235588
3873.957825	-119.208664
3874.630737	-119.455101
3875.303650	-118.521317
3875.976562	-118.093552
3876.649475	-118.024063
3877.322388	-118.237335
3877.995300	-117.672867
3878.668213	-117.797943
3879.341125	-117.362694
3880.014038	-117.502724
3880.686951	-117.596985
3881.359863	-117.576088
3882.032776	-117.594536
3882.705688	-117.646027
3883.378601	-117.559288
3884.051514	-117.367050
3884.724426	-117.088821
3885.397339	-117.612961
3886.070251	-117.874039
3886.743164	-118.612663
3887.416077	-118.936089
3888.088989	-119.208412
3888.761902	-118.985382
3889.434814	-118.829636
3890.107727	-118.534645
3890.780640	-118.534309
3891.453552	-118.886604
3892.126465	-118.767311
3892.799377	-118.130875
3893.472290	-117.810997
3894.145203	-117.886909
3894.818115	-118.118332
3895.491028	-117.928490
3896.163940	-117.792976
3896.836853	-117.924286
3897.509766	-118.382767
3898.182678	-118.288811
3898.855591	-118.207954
3899.528503	-118.628838
3900.201416	-119.146423
3900.874329	-118.723045
3901.547241	-119.331032
3902.220154	-119.189728
3902.893066	-119.093559
3903.565979	-119.100029
3904.238892	-118.996826
3904.911804	-119.129883
3905.584717	-118.919380
3906.257629	-118.509109
3906.930542	-118.509651
3907.603455	-118.134918
3908.276367	-117.560616
3908.949280	-117.892647
3909.622192	-117.587402
3910.295105	-117.906921
3910.968018	-118.039398
3911.640930	-118.455345
3912.313843	-117.746338
3912.986755	-117.641457
3913.659668	-118.168053
3914.332581	-118.632927
3915.005493	-118.596054
3915.678406	-118.106041
3916.351318	-119.044136
3917.024231	-119.576752
3917.697144	-119.695778
3918.370056	-119.173004
3919.042969	-118.757370
3919.715881	-118.381264
3920.388794	-118.244522
3921.061707	-118.218727
3921.734619	-118.356033
3922.407532	-118.500717
3923.080444	-118.572441
3923.753357	-118.603004
3924.426270	-119.290749
3925.099182	-119.592682
3925.772095	-119.165504
3926.445007	-119.265587
3927.117920	-119.757668
3927.790833	-119.638229
3928.463745	-119.624344
3929.136658	-119.797546
3929.809570	-120.134697
3930.482483	-120.757477
3931.155396	-120.231155
3931.828308	-120.099777
3932.501221	-120.323067
3933.174133	-120.372864
3933.847046	-120.121391
3934.519958	-120.166512
3935.192871	-120.419479
3935.865784	-120.844444
3936.538696	-120.769936
3937.211609	-120.021805
3937.884521	-119.629333
3938.557434	-119.353767
3939.230347	-119.619949
3939.903259	-119.729385
3940.576172	-119.858711
3941.249084	-119.854080
3941.921997	-119.972267
3942.594910	-119.996399
3943.267822	-119.590431
3943.940735	-119.601257
3944.613647	-119.788124
3945.286560	-119.615242
3945.959473	-119.163895
3946.632385	-119.235641
3947.305298	-120.121643
3947.978210	-120.399689
3948.651123	-119.772415
3949.324036	-120.193207
3949.996948	-120.259499
3950.669861	-120.004761
3951.342773	-119.905754
3952.015686	-120.182297
3952.688599	-119.895935
3953.361511	-120.254456
3954.034424	-120.026390
3954.707336	-120.217621
3955.380249	-119.920479
3956.053162	-120.180412
3956.726074	-120.344383
3957.398987	-120.147820
3958.071899	-120.180046
3958.744812	-119.999260
3959.417725	-119.437660
3960.090637	-119.432663
3960.763550	-119.395271
3961.436462	-119.394356
3962.109375	-119.185249
3962.782288	-119.269669
3963.455200	-119.438904
3964.128113	-119.800354
3964.801025	-119.650620
3965.473938	-119.860222
3966.146851	-119.706146
3966.819763	-119.467392
3967.492676	-119.386086
3968.165588	-119.973434
3968.838501	-119.552078
3969.511414	-119.368858
3970.184326	-119.128998
3970.857239	-119.448013
3971.530151	-119.828926
3972.203064	-119.787766
3972.875977	-119.788239
3973.548889	-119.683174
3974.221802	-119.803108
3974.894714	-119.840630
3975.567627	-119.375748
3976.240540	-119.527313
3976.913452	-120.175606
3977.586365	-120.277832
3978.259277	-119.819206
3978.932190	-119.622360
3979.605103	-120.107063
3980.278015	-120.488899
3980.950928	-120.216408
3981.623840	-120.147881
3982.296753	-120.278191
3982.969666	-120.299217
3983.642578	-119.813644
3984.315491	-119.963455
3984.988403	-119.812828
3985.661316	-120.006104
3986.334229	-119.679306
3987.007141	-119.739876
3987.680054	-119.858940
3988.352966	-119.575455
3989.025879	-119.110054
3989.698792	-119.476540
3990.371704	-119.825211
3991.044617	-120.082527
3991.717529	-119.726212
3992.390442	-120.048492
3993.063354	-120.181152
3993.736267	-120.103683
3994.409180	-119.464935
3995.082092	-119.657196
3995.755005	-119.863419
3996.427917	-120.015678
3997.100830	-119.991875
3997.773743	-118.915466
3998.446655	-118.697708
3999.119568	-118.997704
3999.792480	-119.001564
4000.465393	-119.398102
4001.138306	-119.380737
4001.811218	-119.204330
4002.484131	-118.949028
4003.157043	-119.334938
4003.829956	-118.642662
4004.502869	-118.069016
4005.175781	-118.231438
4005.848694	-118.779694
4006.521606	-118.394241
4007.194519	-117.747681
4007.867432	-118.179901
4008.540344	-118.487602
4009.213257	-118.919418
4009.886169	-118.298523
4010.559082	-118.233643
4011.231995	-118.597458
4011.904907	-118.572929
4012.577820	-119.230469
4013.250732	-119.605385
4013.923645	-119.770294
4014.596558	-118.993286
4015.269470	-119.409782
4015.942383	-119.212975
4016.615295	-118.963707
4017.288208	-118.892715
4017.961121	-119.111595
4018.634033	-119.747108
4019.306946	-119.516243
4019.979858	-119.128181
4020.652771	-119.445564
4021.325684	-119.592979
4021.998596	-119.342682
4022.671509	-119.824913
4023.344421	-120.074501
4024.017334	-119.741760
4024.690247	-120.250015
4025.363159	-120.773750
4026.036072	-120.241623
4026.708984	-119.658730
4027.381897	-119.884651
4028.054810	-119.319313
4028.727722	-119.349541
4029.400635	-119.342285
4030.073547	-119.468742
4030.746460	-119.944695
4031.419373	-119.878105
4032.092285	-119.759949
4032.765198	-119.948395
4033.438110	-120.317543
4034.111023	-120.343361
4034.783936	-119.788521
4035.456848	-119.761009
4036.129761	-119.103508
4036.802673	-119.020958
4037.475586	-119.140579
4038.148499	-118.757294
4038.821411	-118.091621
4039.494324	-118.119286
4040.167236	-118.443436
4040.840149	-118.663345
4041.513062	-118.794739
4042.185974	-119.108688
4042.858887	-118.685760
4043.531799	-119.536018
4044.204712	-119.989899
4044.877625	-119.520416
4045.550537	-119.831215
4046.223450	-119.640381
4046.896362	-118.951897
4047.569275	-118.988869
4048.242188	-119.043884
4048.915100	-119.002472
4049.588013	-118.952240
4050.260925	-119.031044
4050.933838	-119.307930
4051.606750	-119.079620
4052.279663	-118.442650
4052.952576	-119.022240
4053.625488	-119.096169
4054.298401	-119.212021
4054.971313	-119.393997
4055.644226	-119.980125
4056.317139	-119.374962
4056.990051	-118.875076
4057.662964	-119.470398
4058.335876	-119.089050
4059.008789	-118.651497
4059.681702	-118.184601
4060.354614	-118.422386
4061.027527	-118.789040
4061.700439	-118.639206
4062.373352	-119.161194
4063.046265	-119.778297
4063.719177	-120.043739
4064.392090	-119.638153
4065.065002	-119.418457
4065.737915	-118.866951
4066.410828	-119.675873
4067.083740	-119.871819
4067.756653	-119.204185
4068.429565	-118.993797
4069.102478	-119.144157
4069.775391	-119.650093
4070.448303	-119.529762
4071.121216	-119.775658
4071.794128	-120.013992
4072.467041	-120.257706
4073.139954	-119.638412
4073.812866	-119.107719
4074.485779	-118.633118
4075.158691	-118.588737
4075.831604	-118.373856
4076.504517	-117.687637
4077.177429	-116.852402
4077.850342	-117.222557
4078.523254	-116.971733
4079.196167	-116.734596
4079.869080	-116.855362
4080.541992	-116.649017
4081.214905	-117.082962
4081.887817	-117.078445
4082.560730	-117.133675
4083.233643	-117.756958
4083.906555	-117.713448
4084.579468	-117.187393
4085.252380	-117.074333
4085.925293	-117.021851
4086.598206	-117.286858
4087.271118	-117.897957
4087.944031	-118.155968
4088.616943	-118.233711
4089.289856	-118.750412
4089.962769	-118.491684
4090.635681	-118.927094
4091.308594	-118.906410
4091.981506	-118.203957
4092.654419	-117.271065
4093.327332	-117.104378
4094.000244	-116.808731
4094.673157	-116.666824
4095.346069	-116.721771
4096.018982	-117.155533
4096.691895	-117.124573
4097.364807	-116.984756
4098.037720	-117.161232
4098.710632	-117.654198
4099.383545	-118.170143
4100.056458	-119.038689
4100.729370	-118.552116
4101.402283	-118.496101
4102.075195	-118.806244
4102.748108	-118.330124
4103.421021	-117.989426
4104.093933	-117.874672
4104.766846	-118.348473
4105.439758	-118.673599
4106.112671	-118.634857
4106.785583	-118.502861
4107.458496	-118.393127
4108.131409	-118.872795
4108.804321	-119.037376
4109.477234	-118.719353
4110.150146	-118.972626
4110.823059	-119.217537
4111.495972	-119.280617
4112.168884	-119.960869
4112.841797	-119.845512
4113.514709	-119.459488
4114.187622	-119.688591
4114.860535	-119.275719
4115.533447	-119.414726
4116.206360	-118.932335
4116.879272	-119.136414
4117.552185	-119.564163
4118.225098	-119.658569
4118.898010	-119.518433
4119.570923	-119.111282
4120.243835	-119.108940
4120.916748	-119.987740
4121.589661	-120.108749
4122.262573	-120.202187
4122.935486	-119.961525
4123.608398	-119.912155
4124.281311	-120.113457
4124.954224	-120.197891
4125.627136	-120.253326
4126.300049	-119.675720
4126.972961	-119.667526
4127.645874	-119.979164
4128.318787	-119.997887
4128.991699	-119.469566
4129.664612	-119.151451
4130.337524	-119.854652
4131.010437	-119.771927
4131.683350	-120.180351
4132.356262	-120.029419
4133.029175	-119.727440
4133.702087	-119.426903
4134.375000	-118.946510
4135.047913	-119.201355
4135.720825	-119.701866
4136.393738	-119.737930
4137.066650	-119.552673
4137.739563	-118.736435
4138.412476	-118.987076
4139.085388	-119.632217
4139.758301	-118.814156
4140.431213	-119.020859
4141.104126	-119.413445
4141.777039	-119.313667
4142.449951	-118.922012
4143.122864	-118.808983
4143.795776	-119.109123
4144.468689	-119.182327
4145.141602	-119.917328
4145.814514	-119.795876
4146.487427	-120.259560
4147.160339	-119.970413
4147.833252	-119.337242
4148.506165	-119.475891
4149.179077	-119.857002
4149.851990	-119.733620
4150.524902	-119.190430
4151.197815	-119.617577
4151.870728	-119.666817
4152.543640	-118.582207
4153.216553	-118.484856
4153.889465	-118.492401
4154.562378	-118.604645
4155.235291	-118.633163
4155.908203	-118.368393
4156.581116	-118.096214
4157.254028	-117.769348
4157.926941	-117.233627
4158.599854	-117.586922
4159.272766	-118.010628
4159.945679	-118.574638
4160.618591	-119.065025
4161.291504	-119.073593
4161.964417	-118.563095
4162.637329	-118.719727
4163.310242	-119.070168
4163.983154	-118.213776
4164.656067	-117.995819
4165.328979	-118.447708
4166.001892	-118.966721
4166.674805	-118.677757
4167.347717	-117.815414
4168.020630	-118.057472
4168.693542	-117.333458
4169.366455	-116.730560
4170.039368	-116.435150
4170.712280	-116.649017
4171.385193	-117.136063
4172.058105	-117.158852
4172.731018	-117.377022
4173.403931	-118.012199
4174.076843	-117.947617
4174.749756	-117.907455
4175.422668	-118.171707
4176.095581	-117.395706
4176.768494	-116.887489
4177.441406	-117.343925
4178.114319	-117.591896
4178.787231	-117.129372
4179.460144	-116.895088
4180.133057	-117.008774
4180.805969	-117.109489
4181.478882	-117.115799
4182.151794	-116.791908
4182.824707	-116.496674
4183.497620	-116.749512
4184.170532	-116.637352
4184.843445	-116.582550
4185.516357	-116.172462
4186.189270	-115.794853
4186.862183	-115.536270
4187.535095	-116.390030
4188.208008	-116.543297
4188.880920	-116.276268
4189.553833	-116.168114
4190.226746	-116.630577
4190.899658	-116.884651
4191.572571	-116.742226
4192.245483	-116.624321
4192.918396	-116.659752
4193.591309	-116.792801
4194.264221	-116.255127
4194.937134	-117.091751
4195.610046	-117.034569
4196.282959	-116.882240
4196.955872	-117.287605
4197.628784	-117.166435
4198.301697	-117.424904
4198.974609	-117.681313
4199.647522	-117.718895
4200.320435	-116.801994
4200.993347	-116.177902
4201.666260	-116.030945
4202.339172	-116.246513
4203.012085	-116.406006
4203.684998	-116.320641
4204.357910	-116.397247
4205.030823	-116.832474
4205.703735	-117.013596
4206.376648	-117.521927
4207.049561	-117.863770
4207.722473	-118.378578
4208.395386	-118.342697
4209.068298	-119.649200
4209.741211	-119.043587
4210.414124	-119.292206
4211.087036	-119.188927
4211.759949	-119.153610
4212.432861	-119.117676
4213.105774	-119.114716
4213.778687	-119.281593
4214.451599	-118.929535
4215.124512	-118.339996
4215.797424	-118.528511
4216.470337	-118.213211
4217.143250	-118.342453
4217.816162	-118.732819
4218.489075	-118.831322
4219.161987	-119.386200
4219.834900	-118.782356
4220.507812	-118.365402
4221.180725	-117.864616
4221.853638	-118.191727
4222.526550	-118.084465
4223.199463	-118.116585
4223.872375	-118.038612
4224.545288	-117.456215
4225.218201	-117.720055
4225.891113	-117.980820
4226.564026	-118.646393
4227.236938	-118.630936
4227.909851	-118.926987
4228.582764	-119.799683
4229.255676	-120.457474
4229.928589	-120.113091
4230.601501	-119.658340
4231.274414	-119.527527
4231.947327	-120.001862
4232.620239	-120.188873
4233.293152	-119.902794
4233.966064	-120.030952
4234.638977	-120.159843
4235.311890	-120.096901
4235.984802	-119.660782
4236.657715	-119.415695
4237.330627	-119.445663
4238.003540	-119.418312
4238.676453	-119.554642
4239.349365	-119.621628
4240.022278	-120.233055
4240.695190	-119.707848
4241.368103	-119.352615
4242.041016	-119.048943
4242.713928	-119.243629
4243.386841	-118.988899
4244.059753	-119.164467
4244.732666	-118.948662
4245.405579	-118.918571
4246.078491	-119.545242
4246.751404	-118.912483
4247.424316	-118.528938
4248.097229	-118.393196
4248.770142	-118.376671
4249.443054	-119.080536
4250.115967	-119.051132
4250.788879	-119.310120
4251.461792	-119.567825
4252.134705	-119.814972
4252.807617	-119.633369
4253.480530	-119.696159
4254.153442	-119.823540
4254.826355	-119.628860
4255.499268	-119.298279
4256.172180	-118.909035
4256.845093	-118.830254
4257.518005	-119.135139
4258.190918	-119.181030
4258.863831	-119.155823
4259.536743	-119.546059
4260.209656	-119.697388
4260.882568	-119.358940
4261.555481	-119.770241
4262.228394	-120.045502
4262.901306	-119.942039
4263.574219	-119.596268
4264.247131	-119.810852
4264.920044	-119.957405
4265.592957	-119.395866
4266.265869	-119.358948
4266.938782	-119.170235
4267.611694	-119.748680
4268.284607	-120.238388
4268.957520	-119.627945
4269.630432	-119.292671
4270.303345	-119.961754
4270.976257	-119.621262
4271.649170	-119.877167
4272.322083	-120.787987
4272.994995	-120.069496
4273.667908	-119.957619
4274.340820	-120.034653
4275.013733	-120.957588
4275.686646	-120.337448
4276.359558	-119.998215
4277.032471	-120.399139
4277.705383	-120.399521
4278.378296	-120.648445
4279.051208	-120.834015
4279.724121	-120.657074
4280.397034	-119.796707
4281.069946	-120.229057
4281.742859	-120.932716
4282.415771	-120.232368
4283.088684	-119.862724
4283.761597	-119.915924
4284.434509	-119.902992
4285.107422	-120.072968
4285.780334	-119.760017
4286.453247	-119.907845
4287.126160	-119.614426
4287.799072	-119.611656
4288.471985	-119.133202
4289.144897	-118.912964
4289.817810	-119.099045
4290.490723	-119.308151
4291.163635	-119.540619
4291.836548	-119.546761
4292.509460	-119.352531
4293.182373	-118.800430
4293.855286	-119.040512
4294.528198	-119.426613
4295.201111	-119.246590
4295.874023	-119.182388
4296.546936	-118.748283
4297.219849	-119.061485
4297.892761	-119.090569
4298.565674	-119.299202
4299.238586	-119.124313
4299.911499	-119.690422
4300.584412	-119.776764
4301.257324	-120.167587
4301.930237	-120.004166
4302.603149	-119.581627
4303.276062	-120.014740
4303.948975	-120.771370
4304.621887	-120.525032
4305.294800	-119.978470
4305.967712	-120.248604
4306.640625	-120.278198
4307.313538	-119.870117
4307.986450	-120.145752
4308.659363	-120.398537
4309.332275	-120.037636
4310.005188	-119.825050
4310.678101	-119.859245
4311.351013	-119.812187
4312.023926	-119.781410
4312.696838	-119.438812
4313.369751	-120.173996
4314.042664	-119.594536
4314.715576	-119.341599
4315.388489	-119.475639
4316.061401	-119.388870
4316.734314	-119.643738
4317.407227	-120.159546
4318.080139	-120.069786
4318.753052	-119.945023
4319.425964	-119.514931
4320.098877	-119.766724
4320.771790	-119.632172
4321.444702	-119.864159
4322.117615	-119.566521
4322.790527	-119.480980
4323.463440	-119.123695
4324.136353	-118.932236
4324.809265	-119.189049
4325.482178	-119.796135
4326.155090	-120.110184
4326.828003	-120.278328
4327.500916	-120.310333
4328.173828	-119.540047
4328.846741	-119.244659
4329.519653	-119.584152
4330.192566	-119.913216
4330.865479	-120.669716
4331.538391	-120.232079
4332.211304	-119.732841
4332.884216	-119.892906
4333.557129	-120.273834
4334.230042	-120.412819
4334.902954	-120.090744
4335.575867	-119.911674
4336.248779	-119.533089
4336.921692	-119.389526
4337.594604	-119.612328
4338.267517	-119.386833
4338.940430	-120.020523
4339.613342	-119.436523
4340.286255	-119.438606
4340.959167	-120.100594
4341.632080	-119.878609
4342.304993	-119.358681
4342.977905	-119.341499
4343.650818	-119.377182
4344.323730	-119.352989
4344.996643	-119.822479
4345.669556	-119.814819
4346.342468	-119.555977
4347.015381	-118.934685
4347.688293	-119.087677
4348.361206	-119.379616
4349.034119	-119.094177
4349.707031	-119.970795
4350.379944	-119.872223
4351.052856	-119.768562
4351.725769	-119.973221
4352.398682	-119.225838
4353.071594	-119.453743
4353.744507	-120.081772
4354.417419	-120.012085
4355.090332	-120.171494
4355.763245	-120.359657
4356.436157	-119.598770
4357.109070	-119.184471
4357.781982	-119.907555
4358.454895	-119.457520
4359.127808	-119.174339
4359.800720	-119.116768
4360.473633	-119.677261
4361.146545	-119.438980
4361.819458	-119.017197
4362.492371	-119.601418
4363.165283	-119.692146
4363.838196	-119.687279
4364.511108	-119.954086
4365.184021	-120.040588
4365.856934	-120.072166
4366.529846	-120.207603
4367.202759	-120.525261
4367.875671	-120.913918
4368.548584	-120.130264
4369.221497	-119.557526
4369.894409	-120.091606
4370.567322	-120.411797
4371.240234	-120.226898
4371.913147	-119.979294
4372.586060	-119.995010
4373.258972	-119.809380
4373.931885	-119.361763
4374.604797	-119.287224
4375.277710	-119.207809
4375.950623	-119.026489
4376.623535	-119.166985
4377.296448	-119.333672
4377.969360	-119.317535
4378.642273	-119.683922
4379.315186	-119.204010
4379.988098	-118.805450
4380.661011	-119.185379
4381.333923	-119.147713
4382.006836	-119.572899
4382.679749	-119.785484
4383.352661	-119.655853
4384.025574	-120.555359
4384.698486	-120.240997
4385.371399	-119.354294
4386.044312	-119.827919
4386.717224	-119.477150
4387.390137	-119.271225
4388.063049	-119.576553
4388.735962	-119.000046
4389.408875	-119.183365
4390.081787	-119.948814
4390.754700	-119.629906
4391.427612	-119.346870
4392.100525	-119.644043
4392.773438	-119.741035
4393.446350	-119.467331
4394.119263	-118.948326
4394.792175	-118.825928
4395.465088	-119.444710
4396.138000	-118.904556
4396.810913	-118.471588
4397.483826	-118.598618
4398.156738	-118.684586
4398.829651	-118.399719
4399.502563	-118.312958
4400.175476	-118.409813
4400.848389	-117.884232
4401.521301	-117.813690
4402.194214	-117.976570
4402.867126	-117.997101
4403.540039	-118.265434
4404.212952	-118.150101
4404.885864	-118.247391
4405.558777	-118.959991
4406.231689	-119.117287
4406.904602	-119.024925
4407.577515	-118.421143
4408.250427	-118.699326
4408.923340	-118.443954
4409.596252	-118.104370
4410.269165	-118.154648
4410.942078	-118.377899
4411.614990	-118.493759
4412.287903	-118.448799
4412.960815	-118.343628
4413.633728	-119.009583
4414.306641	-119.306831
4414.979553	-120.305603
4415.652466	-120.135597
4416.325378	-120.016464
4416.998291	-119.996750
4417.671204	-119.735275
4418.344116	-119.166794
4419.017029	-119.201019
4419.689941	-119.217186
4420.362854	-118.511070
4421.035767	-117.926643
4421.708679	-117.541321
4422.381592	-118.464546
4423.054504	-118.194740
4423.727417	-117.438942
4424.400330	-117.289413
4425.073242	-117.753769
4425.746155	-117.785355
4426.419067	-117.479202
4427.091980	-117.258987
4427.764893	-117.554794
4428.437805	-116.955666
4429.110718	-116.945831
4429.783630	-117.257317
4430.456543	-117.128090
4431.129456	-117.025826
4431.802368	-117.519302
4432.475281	-117.828445
4433.148193	-117.570297
4433.821106	-117.795746
4434.494019	-117.483772
4435.166931	-117.486725
4435.839844	-117.635979
4436.512756	-117.079781
4437.185669	-116.637978
4437.858582	-117.053429
4438.531494	-117.052719
4439.204407	-116.785637
4439.877319	-116.848961
4440.550232	-116.784950
4441.223145	-116.148132
4441.896057	-115.706444
4442.568970	-115.970818
4443.241882	-115.803017
4443.914795	-115.508667
4444.587708	-115.325439
4445.260620	-115.338593
4445.933533	-115.323700
4446.606445	-115.453094
4447.279358	-115.589485
4447.952271	-115.505653
4448.625183	-115.989464
4449.298096	-116.811653
4449.971008	-116.923630
4450.643921	-116.863708
4451.316833	-116.967339
4451.989746	-117.130211
4452.662659	-117.935440
4453.335571	-117.923714
4454.008484	-117.688087
4454.681396	-117.982651
4455.354309	-118.801208
4456.027222	-118.665886
4456.700134	-119.187019
4457.373047	-118.815651
4458.045959	-118.437172
4458.718872	-118.844719
4459.391785	-119.172935
4460.064697	-119.583313
4460.737610	-120.119476
4461.410522	-120.022774
4462.083435	-119.395210
4462.756348	-119.000221
4463.429260	-119.816330
4464.102173	-119.365852
4464.775085	-119.968475
4465.447998	-120.480331
4466.120911	-120.084846
4466.793823	-119.738091
4467.466736	-119.440971
4468.139648	-118.937904
4468.812561	-119.023132
4469.485474	-119.070259
4470.158386	-118.781548
4470.831299	-118.287979
4471.504211	-118.552734
4472.177124	-118.713799
4472.850037	-118.868080
4473.522949	-119.357544
4474.195862	-118.998596
4474.868774	-119.032387
4475.541687	-119.373711
4476.214600	-119.278206
4476.887512	-119.544334
4477.560425	-120.060875
4478.233337	-119.667152
4478.906250	-119.087250
4479.579163	-118.742935
4480.252075	-119.271790
4480.924988	-119.749344
4481.597900	-120.003677
4482.270813	-118.866295
4482.943726	-118.875809
4483.616638	-119.269249
4484.289551	-119.312279
4484.962463	-119.822830
4485.635376	-119.396469
4486.308289	-119.064316
4486.981201	-119.947891
4487.654114	-119.507301
4488.327026	-118.794403
4488.999939	-119.021408
4489.672852	-119.664864
4490.345764	-119.484505
4491.018677	-119.856163
4491.691589	-120.099144
4492.364502	-119.660210
4493.037415	-119.785202
4493.710327	-120.272675
4494.383240	-119.896698
4495.056152	-119.562294
4495.729065	-119.856018
4496.401978	-120.223640
4497.074890	-119.772125
4497.747803	-119.350159
4498.420715	-119.310425
4499.093628	-119.921562
4499.766541	-119.506989
4500.439453	-119.588120
4501.112366	-120.439285
4501.785278	-121.007332
4502.458191	-119.836601
4503.131104	-119.826126
4503.804016	-119.257553
4504.476929	-119.590729
4505.149841	-120.430023
4505.822754	-121.288475
4506.495667	-120.072182
4507.168579	-120.289810
4507.841492	-120.211456
4508.514404	-119.312630
4509.187317	-119.672798
4509.860229	-120.003418
4510.533142	-119.617020
4511.206055	-119.695808
4511.878967	-119.896294
4512.551880	-119.823051
4513.224792	-119.531502
4513.897705	-119.497047
4514.570618	-120.040497
4515.243530	-120.043388
4515.916443	-119.410614
4516.589355	-119.838196
4517.262268	-119.928307
4517.935181	-119.609459
4518.608093	-119.924835
4519.281006	-120.078232
4519.953918	-119.768761
4520.626831	-119.775032
4521.299744	-120.012955
4521.972656	-119.507912
4522.645569	-119.040520
4523.318481	-119.213287
4523.991394	-119.586891
4524.664307	-118.955788
4525.337219	-118.742256
4526.010132	-118.487236
4526.683044	-118.001686
4527.355957	-118.364273
4528.028870	-118.425285
4528.701782	-118.063919
4529.374695	-118.252068
4530.047607	-118.002914
4530.720520	-118.412720
4531.393433	-118.153252
4532.066345	-117.409943
4532.739258	-117.733734
4533.412170	-118.682533
4534.085083	-118.235626
4534.757996	-118.512871
4535.430908	-118.631859
4536.103821	-118.281738
4536.776733	-118.472115
4537.449646	-118.539520
4538.122559	-118.200272
4538.795471	-118.675026
4539.468384	-118.201088
4540.141296	-118.514420
4540.814209	-118.617737
4541.487122	-119.686356
4542.160034	-119.769539
4542.832947	-119.931526
4543.505859	-120.033501
4544.178772	-119.985306
4544.851685	-120.430099
4545.524597	-120.121948
4546.197510	-120.075752
4546.870422	-120.266991
4547.543335	-120.215332
4548.216248	-120.310707
4548.889160	-120.682564
4549.562073	-120.317009
4550.234985	-120.023628
4550.907898	-119.765251
4551.580811	-120.100410
4552.253723	-119.997826
4552.926636	-119.628151
4553.599548	-120.087631
4554.272461	-119.862320
4554.945374	-119.214500
4555.618286	-118.819588
4556.291199	-118.638748
4556.964111	-118.406883
4557.637024	-118.147621
4558.309937	-117.882668
4558.982849	-117.962479
4559.655762	-117.728500
4560.328674	-117.268379
4561.001587	-117.406212
4561.674500	-117.694458
4562.347412	-117.485260
4563.020325	-117.352173
4563.693237	-117.830910
4564.366150	-118.774315
4565.039062	-118.839783
4565.711975	-118.165588
4566.384888	-118.509926
4567.057800	-118.239090
4567.730713	-118.713142
4568.403625	-119.470947
4569.076538	-119.589798
4569.749451	-118.956589
4570.422363	-118.466881
4571.095276	-118.941643
4571.768188	-118.955544
4572.441101	-118.609459
4573.114014	-117.957695
4573.786926	-117.688431
4574.459839	-117.742302
4575.132751	-118.215706
4575.805664	-118.221611
4576.478577	-118.569374
4577.151489	-118.217674
4577.824402	-118.424232
4578.497314	-118.156616
4579.170227	-118.456505
4579.843140	-118.186676
4580.516052	-118.750763
4581.188965	-119.507156
4581.861877	-119.317436
4582.534790	-119.305824
4583.207703	-119.195282
4583.880615	-118.855423
4584.553528	-118.752937
4585.226440	-119.067833
4585.899353	-119.380196
4586.572266	-120.048698
4587.245178	-120.109978
4587.918091	-119.899857
4588.591003	-120.646156
4589.263916	-120.261971
4589.936829	-120.044746
4590.609741	-120.559692
4591.282654	-120.014503
4591.955566	-119.468224
4592.628479	-119.783516
4593.301392	-119.920242
4593.974304	-119.499237
4594.647217	-120.380463
4595.320129	-120.482826
4595.993042	-119.878166
4596.665955	-119.721329
4597.338867	-119.741730
4598.011780	-119.085007
4598.684692	-118.992737
4599.357605	-119.270081
4600.030518	-119.210037
4600.703430	-119.827324
4601.376343	-119.349510
4602.049255	-119.536537
4602.722168	-119.750511
4603.395081	-119.535378
4604.067993	-119.342834
4604.740906	-119.085136
4605.413818	-118.846832
4606.086731	-119.525261
4606.759644	-119.308769
4607.432556	-118.943283
4608.105469	-119.689133
4608.778381	-119.606140
4609.451294	-119.592262
4610.124207	-119.536324
4610.797119	-119.106689
4611.470032	-119.546661
4612.142944	-119.622833
4612.815857	-120.146622
4613.488770	-120.055412
4614.161682	-119.576080
4614.834595	-119.588440
4615.507507	-119.823746
4616.180420	-118.935593
4616.853333	-119.630898
4617.526245	-120.110970
4618.199158	-120.349426
4618.872070	-120.686607
4619.544983	-119.819084
4620.217896	-119.887451
4620.890808	-119.960335
4621.563721	-120.050545
4622.236633	-119.514381
4622.909546	-119.578117
4623.582458	-120.350533
4624.255371	-120.187630
4624.928284	-120.225014
4625.601196	-120.387726
4626.274109	-120.379349
4626.947021	-119.910622
4627.619934	-120.561195
4628.292847	-119.816231
4628.965759	-119.695488
4629.638672	-120.093346
4630.311584	-119.849319
4630.984497	-119.797684
4631.657410	-119.987190
4632.330322	-119.887016
4633.003235	-120.070000
4633.676147	-120.595573
4634.349060	-120.472267
4635.021973	-120.325111
4635.694885	-119.763100
4636.367798	-119.927666
4637.040710	-120.561462
4637.713623	-120.273071
4638.386536	-119.816582
4639.059448	-120.211021
4639.732361	-119.933220
4640.405273	-119.963905
4641.078186	-120.199997
4641.751099	-119.966431
4642.424011	-119.874855
4643.096924	-119.497810
4643.769836	-119.997437
4644.442749	-120.012863
4645.115662	-119.993988
4645.788574	-119.727936
4646.461487	-120.069435
4647.134399	-120.202194
4647.807312	-120.227020
4648.480225	-120.294456
4649.153137	-119.999168
4649.826050	-120.216919
4650.498962	-120.673470
4651.171875	-120.233688
4651.844788	-119.907280
4652.517700	-119.789093
4653.190613	-120.103859
4653.863525	-120.874619
4654.536438	-120.300415
4655.209351	-120.058960
4655.882263	-120.037010
4656.555176	-120.121880
4657.228088	-120.544701
4657.901001	-120.228119
4658.573914	-119.903252
4659.246826	-119.899788
4659.919739	-119.602287
4660.592651	-119.952988
4661.265564	-119.978783
4661.938477	-119.285507
4662.611389	-119.576317
4663.284302	-120.001648
4663.957214	-119.775276
4664.630127	-120.090996
4665.303040	-120.117889
4665.975952	-120.049469
4666.648865	-120.539917
4667.321777	-120.387825
4667.994690	-120.469719
4668.667603	-120.305511
4669.340515	-120.283348
4670.013428	-119.873245
4670.686340	-119.649574
4671.359253	-120.130089
4672.032166	-119.367386
4672.705078	-119.715729
4673.377991	-119.751938
4674.050903	-119.379303
4674.723816	-119.746307
4675.396729	-119.423904
4676.069641	-119.255600
4676.742554	-119.593819
4677.415466	-119.610687
4678.088379	-119.123550
4678.761292	-119.330322
4679.434204	-119.819656
4680.107117	-119.632584
4680.780029	-119.563278
4681.452942	-119.419952
4682.125854	-120.077553
4682.798767	-120.422813
4683.471680	-119.481491
4684.144592	-119.265327
4684.817505	-119.518394
4685.490417	-119.739120
4686.163330	-120.421875
4686.836243	-120.572487
4687.509155	-120.449295
4688.182068	-120.358315
4688.854980	-119.667923
4689.527893	-118.873215
4690.200806	-119.209961
4690.873718	-119.893814
4691.546631	-120.006012
4692.219543	-119.296326
4692.892456	-119.335228
4693.565369	-119.568405
4694.238281	-119.872810
4694.911194	-120.232254
4695.584106	-119.862213
4696.257019	-119.433678
4696.929932	-120.016121
4697.602844	-119.467003
4698.275757	-119.298569
4698.948669	-119.837234
4699.621582	-119.066429
4700.294495	-118.954033
4700.967407	-119.137001
4701.640320	-119.550713
4702.313232	-120.156456
4702.986145	-119.103722
4703.659058	-119.074425
4704.331970	-118.803192
4705.004883	-119.418755
4705.677795	-120.295937
4706.350708	-119.257751
4707.023621	-119.089050
4707.696533	-118.601517
4708.369446	-118.613617
4709.042358	-118.453926
4709.715271	-116.991669
4710.388184	-116.827133
4711.061096	-117.004318
4711.734009	-116.719093
4712.406921	-116.641258
4713.079834	-116.822014
4713.752747	-117.325668
4714.425659	-117.215019
4715.098572	-117.749054
4715.771484	-117.653244
4716.444397	-117.732933
4717.117310	-118.257179
4717.790222	-118.808357
4718.463135	-119.515678
4719.136047	-118.831490
4719.808960	-118.547974
4720.481873	-119.315636
4721.154785	-119.136345
4721.827698	-118.528725
4722.500610	-118.453316
4723.173523	-118.910851
4723.846436	-118.767334
4724.519348	-119.287224
4725.192261	-119.879921
4725.865173	-119.766876
4726.538086	-120.031158
4727.210999	-119.975441
4727.883911	-119.390732
4728.556824	-118.937866
4729.229736	-119.547180
4729.902649	-119.407547
4730.575562	-119.770447
4731.248474	-119.943153
4731.921387	-120.411560
4732.594299	-119.127769
4733.267212	-119.181511
4733.940125	-119.018066
4734.613037	-119.273415
4735.285950	-120.020096
4735.958862	-119.717529
4736.631775	-120.010872
4737.304688	-120.241913
4737.977600	-119.275787
4738.650513	-118.962723
4739.323425	-119.169525
4739.996338	-119.261757
4740.669250	-119.164062
4741.342163	-118.612617
4742.015076	-117.988785
4742.687988	-118.312202
4743.360901	-118.528397
4744.033813	-119.016624
4744.706726	-118.796432
4745.379639	-119.243309
4746.052551	-119.089622
4746.725464	-119.044350
4747.398376	-118.901039
4748.071289	-119.352020
4748.744202	-119.612099
4749.417114	-119.688530
4750.090027	-119.758911
4750.762939	-120.232330
4751.435852	-119.711250
4752.108765	-119.467003
4752.781677	-119.804657
4753.454590	-119.727982
4754.127502	-118.921524
4754.800415	-119.263680
4755.473328	-119.400383
4756.146240	-119.310326
4756.819153	-120.200340
4757.492065	-119.866257
4758.164978	-119.922295
4758.837891	-120.097282
4759.510803	-119.454483
4760.183716	-119.078949
4760.856628	-119.481445
4761.529541	-119.205833
4762.202454	-119.069267
4762.875366	-119.456879
4763.548279	-119.410431
4764.221191	-119.981842
4764.894104	-120.115097
4765.567017	-120.330528
4766.239929	-120.456200
4766.912842	-119.595596
4767.585754	-119.386642
4768.258667	-119.883400
4768.931580	-119.990288
4769.604492	-119.640648
4770.277405	-120.584961
4770.950317	-120.059830
4771.623230	-119.452148
4772.296143	-119.348381
4772.969055	-118.802086
4773.641968	-118.509232
4774.314880	-118.994614
4774.987793	-118.152702
4775.660706	-118.377541
4776.333618	-119.670761
4777.006531	-119.418846
4777.679443	-119.011604
4778.352356	-118.857971
4779.025269	-119.063705
4779.698181	-118.482948
4780.371094	-118.931679
4781.044006	-119.239433
4781.716919	-119.236916
4782.389832	-119.025116
4783.062744	-118.616287
4783.735657	-118.988892
4784.408569	-119.170578
4785.081482	-119.158905
4785.754395	-119.849693
4786.427307	-120.586853
4787.100220	-120.231010
4787.773132	-120.352814
4788.446045	-120.333389
4789.118958	-120.038582
4789.791870	-120.055267
4790.464783	-120.014076
4791.137695	-119.547569
4791.810608	-119.368858
4792.483521	-119.621971
4793.156433	-119.454117
4793.829346	-119.373672
4794.502258	-118.999680
4795.175171	-118.870987
4795.848083	-119.916451
4796.520996	-119.957977
4797.193909	-119.376610
4797.866821	-119.368454
4798.539734	-118.880524
4799.212646	-118.872147
4799.885559	-119.253571
4800.558472	-119.579506
4801.231384	-119.276558
4801.904297	-119.755379
4802.577209	-119.795456
4803.250122	-119.994263
4803.923035	-119.987732
4804.595947	-119.532997
4805.268860	-119.844467
4805.941772	-119.334259
4806.614685	-119.179207
4807.287598	-120.245552
4807.960510	-120.485451
4808.633423	-119.926498
4809.306335	-119.492889
4809.979248	-119.328751
4810.652161	-119.158936
4811.325073	-119.084404
4811.997986	-119.819756
4812.670898	-119.748810
4813.343811	-119.903015
4814.016724	-118.856667
4814.689636	-118.672829
4815.362549	-119.461708
4816.035461	-118.850822
4816.708374	-118.337746
4817.381287	-118.795486
4818.054199	-118.998085
4818.727112	-118.624489
4819.400024	-118.814568
4820.072937	-119.170784
4820.745850	-118.869545
4821.418762	-118.708038
4822.091675	-118.882927
4822.764587	-119.332230
4823.437500	-119.358055
4824.110413	-118.929802
4824.783325	-119.317383
4825.456238	-118.925552
4826.129150	-119.225037
4826.802063	-119.053246
4827.474976	-118.754959
4828.147888	-118.418983
4828.820801	-118.482269
4829.493713	-118.969833
4830.166626	-119.315369
4830.839539	-119.291054
4831.512451	-119.066399
4832.185364	-119.468521
4832.858276	-119.494614
4833.531189	-119.840157
4834.204102	-120.494034
4834.877014	-119.973900
4835.549927	-119.806114
4836.222839	-119.846054
4836.895752	-120.517036
4837.568665	-120.542641
4838.241577	-120.693581
4838.914490	-120.805244
4839.587402	-120.741425
4840.260315	-120.367676
4840.933228	-120.429222
4841.606140	-120.447754
4842.279053	-120.313637
4842.951965	-120.435974
4843.624878	-120.548401
4844.297791	-120.297012
4844.970703	-120.283226
4845.643616	-120.418304
4846.316528	-120.143448
4846.989441	-120.021950
4847.662354	-119.798058
4848.335266	-119.637794
4849.008179	-119.764595
4849.681091	-119.953735
4850.354004	-119.950249
4851.026917	-120.551697
4851.699829	-120.345039
4852.372742	-119.264099
4853.045654	-119.130470
4853.718567	-119.692245
4854.391479	-120.554283
4855.064392	-120.284393
4855.737305	-120.612740
4856.410217	-120.462051
4857.083130	-119.979156
4857.756042	-119.411942
4858.428955	-119.475754
4859.101868	-119.626740
4859.774780	-120.515236
4860.447693	-120.436127
4861.120605	-120.182983
4861.793518	-119.730270
4862.466431	-119.638748
4863.139343	-120.000839
4863.812256	-120.082077
4864.485168	-119.904221
4865.158081	-120.579971
4865.830994	-120.352577
4866.503906	-120.224358
4867.176819	-119.797340
4867.849731	-119.435005
4868.522644	-119.422699
4869.195557	-119.982132
4869.868469	-119.629654
4870.541382	-119.430740
4871.214294	-119.749977
4871.887207	-119.144051
4872.560120	-119.003426
4873.233032	-119.685593
4873.905945	-119.541679
4874.578857	-119.467285
4875.251770	-119.536224
4875.924683	-120.128654
4876.597595	-119.932289
4877.270508	-120.058578
4877.943420	-120.264420
4878.616333	-120.183685
4879.289246	-120.545876
4879.962158	-120.459320
4880.635071	-119.844421
4881.307983	-119.167404
4881.980896	-119.587021
4882.653809	-119.894531
4883.326721	-119.462212
4883.999634	-119.282829
4884.672546	-119.474548
4885.345459	-120.348785
4886.018372	-120.127693
4886.691284	-120.262451
4887.364197	-120.642128
4888.037109	-120.722137
4888.710022	-120.410774
4889.382935	-120.433365
4890.055847	-120.777214
4890.728760	-120.614449
4891.401672	-119.536049
4892.074585	-119.027046
4892.747498	-119.430161
4893.420410	-119.066605
4894.093323	-118.859543
4894.766235	-118.914787
4895.439148	-118.954208
4896.112061	-119.379562
4896.784973	-118.486244
4897.457886	-119.170502
4898.130798	-119.510612
4898.803711	-119.469009
4899.476624	-119.469910
4900.149536	-119.390495
4900.822449	-119.606956
4901.495361	-119.372650
4902.168274	-119.368973
4902.841187	-119.696350
4903.514099	-120.085808
4904.187012	-120.594719
4904.859924	-120.368973
4905.532837	-120.051613
4906.205750	-119.934746
4906.878662	-119.462593
4907.551575	-119.814522
4908.224487	-119.915138
4908.897400	-120.239708
4909.570312	-119.616341
4910.243225	-119.557541
4910.916138	-119.689087
4911.589050	-119.438713
4912.261963	-119.607567
4912.934875	-119.606117
4913.607788	-119.668587
4914.280701	-119.617180
4914.953613	-119.690727
4915.626526	-120.016838
4916.299438	-119.927040
4916.972351	-119.515144
4917.645264	-119.754906
4918.318176	-120.032326
4918.991089	-120.280968
4919.664001	-120.301147
4920.336914	-120.282921
4921.009827	-120.045357
4921.682739	-120.076157
4922.355652	-119.859032
4923.028564	-119.797218
4923.701477	-119.721443
4924.374390	-119.632805
4925.047302	-118.905914
4925.720215	-118.896576
4926.393127	-119.059151
4927.066040	-118.839577
4927.738953	-119.081078
4928.411865	-118.881111
4929.084778	-118.585312
4929.757690	-118.522293
4930.430603	-118.335335
4931.103516	-117.578529
4931.776428	-117.792328
4932.449341	-118.433037
4933.122253	-118.024139
4933.795166	-118.246162
4934.468079	-118.533112
4935.140991	-118.705452
4935.813904	-118.836533
4936.486816	-118.892654
4937.159729	-118.586548
4937.832642	-118.620697
4938.505554	-118.960381
4939.178467	-119.353783
4939.851379	-119.613106
4940.524292	-119.445930
4941.197205	-119.453445
4941.870117	-120.185753
4942.543030	-119.868088
4943.215942	-119.205811
4943.888855	-118.771042
4944.561768	-119.191338
4945.234680	-118.954803
4945.907593	-119.300743
4946.580505	-119.338348
4947.253418	-119.225792
4947.926331	-119.352135
4948.599243	-119.392921
4949.272156	-120.081657
4949.945068	-120.053467
4950.617981	-120.065071
4951.290894	-120.300987
4951.963806	-120.094170
4952.636719	-120.051514
4953.309631	-119.895256
4953.982544	-120.101074
4954.655457	-120.267914
4955.328369	-120.546555
4956.001282	-120.486702
4956.674194	-120.751404
4957.347107	-120.182541
4958.020020	-120.074356
4958.692932	-120.428040
4959.365845	-120.233910
4960.038757	-119.908646
4960.711670	-119.405334
4961.384583	-119.272423
4962.057495	-119.640793
4962.730408	-120.158943
4963.403320	-120.168518
4964.076233	-119.742020
4964.749146	-119.443230
4965.422058	-120.169083
4966.094971	-119.879738
4966.767883	-119.885201
4967.440796	-120.189369
4968.113708	-120.086456
4968.786621	-120.297592
4969.459534	-120.530678
4970.132446	-120.015045
4970.805359	-119.184380
4971.478271	-119.120369
4972.151184	-119.186905
4972.824097	-119.073792
4973.497009	-119.122711
4974.169922	-119.676399
4974.842834	-119.357941
4975.515747	-119.574921
4976.188660	-119.465630
4976.861572	-119.712860
4977.534485	-119.603600
4978.207397	-119.075623
4978.880310	-119.475647
4979.553223	-120.022842
4980.226135	-119.570358
4980.899048	-119.662109
4981.571960	-120.054352
4982.244873	-120.253128
4982.917786	-120.187828
4983.590698	-119.702263
4984.263611	-119.360977
4984.936523	-119.479767
4985.609436	-118.669098
4986.282349	-118.853569
4986.955261	-118.219711
4987.628174	-118.367180
4988.301086	-118.717010
4988.973999	-118.962601
4989.646912	-118.409851
4990.319824	-118.126793
4990.992737	-118.052017
4991.665649	-118.011253
4992.338562	-118.445328
4993.011475	-117.968536
4993.684387	-117.952171
4994.357300	-118.607063
4995.030212	-118.733109
4995.703125	-118.349586
4996.376038	-118.500893
4997.048950	-119.211830
4997.721863	-119.010254
4998.394775	-118.661140
4999.067688	-118.442093
4999.740601	-118.835014
5000.413513	-119.171936
5001.086426	-120.159271
5001.759338	-120.074287
5002.432251	-119.723572
5003.105164	-119.653343
5003.778076	-119.390923
5004.450989	-119.254585
5005.123901	-119.502731
5005.796814	-119.446304
5006.469727	-119.220268
5007.142639	-118.171417
5007.815552	-118.317047
5008.488464	-119.022209
5009.161377	-119.144180
5009.834290	-118.706413
5010.507202	-118.836403
5011.180115	-119.221130
5011.853027	-119.068665
5012.525940	-118.615654
5013.198853	-118.240654
5013.871765	-117.846115
5014.544678	-118.514442
5015.217590	-119.141205
5015.890503	-119.160789
5016.563416	-119.324608
5017.236328	-119.603432
5017.909241	-120.534904
5018.582153	-121.007599
5019.255066	-120.528908
5019.927979	-119.757126
5020.600891	-119.171326
5021.273804	-118.256203
5021.946716	-118.824265
5022.619629	-118.548866
5023.292542	-118.652695
5023.965454	-118.643288
5024.638367	-118.358078
5025.311279	-118.573280
5025.984192	-118.717827
5026.657104	-118.330048
5027.330017	-118.489647
5028.002930	-118.385956
5028.675842	-118.207481
5029.348755	-118.166313
5030.021667	-119.004250
5030.694580	-118.652344
5031.367493	-118.500572
5032.040405	-119.029716
5032.713318	-119.082413
5033.386230	-118.523972
5034.059143	-118.064148
5034.732056	-118.206734
5035.404968	-118.258850
5036.077881	-117.852180
5036.750793	-118.009552
5037.423706	-117.950951
5038.096619	-117.870979
5038.769531	-117.602234
5039.442444	-117.454041
5040.115356	-117.765434
5040.788269	-117.125122
5041.461182	-116.968330
5042.134094	-117.060753
5042.807007	-117.193588
5043.479919	-117.172729
5044.152832	-117.651283
5044.825745	-117.795891
5045.498657	-118.264374
5046.171570	-118.104958
5046.844482	-118.599876
5047.517395	-118.803909
5048.190308	-118.677361
5048.863220	-118.474823
5049.536133	-118.546021
5050.209045	-118.267792
5050.881958	-118.060303
5051.554871	-118.970329
5052.227783	-118.710640
5052.900696	-118.349762
5053.573608	-119.180542
5054.246521	-119.044312
5054.919434	-119.120529
5055.592346	-119.094131
5056.265259	-119.488968
5056.938171	-119.354027
5057.611084	-119.555275
5058.283997	-119.517166
5058.956909	-119.692406
5059.629822	-119.619888
5060.302734	-120.003624
5060.975647	-119.363052
5061.648560	-118.915985
5062.321472	-119.121796
5062.994385	-119.638153
5063.667297	-119.672722
5064.340210	-118.850510
5065.013123	-119.224220
5065.686035	-119.233109
5066.358948	-118.740517
5067.031860	-118.059319
5067.704773	-117.885490
5068.377686	-118.276169
5069.050598	-118.830780
5069.723511	-119.632973
5070.396423	-119.018852
5071.069336	-119.251816
5071.742249	-119.193428
5072.415161	-119.644936
5073.088074	-119.668640
5073.760986	-119.907028
5074.433899	-119.924576
5075.106812	-120.208237
5075.779724	-119.817841
5076.452637	-119.427696
5077.125549	-119.455940
5077.798462	-119.497444
5078.471375	-120.011856
5079.144287	-120.275444
5079.817200	-120.223396
5080.490112	-119.787392
5081.163025	-119.516068
5081.835938	-119.788895
5082.508850	-119.839661
5083.181763	-120.111771
5083.854675	-119.938515
5084.527588	-119.335251
5085.200500	-119.459114
5085.873413	-119.534805
5086.546326	-119.904327
5087.219238	-120.162987
5087.892151	-119.926743
5088.565063	-119.479507
5089.237976	-119.678986
5089.910889	-120.425484
5090.583801	-120.577797
5091.256714	-120.463669
5091.929626	-120.456360
5092.602539	-120.324760
5093.275452	-120.224312
5093.948364	-120.184692
5094.621277	-120.297401
5095.294189	-120.661232
5095.967102	-120.118156
5096.640015	-119.449547
5097.312927	-120.476707
5097.985840	-120.427521
5098.658752	-119.628113
5099.331665	-120.156883
5100.004578	-119.905220
5100.677490	-119.685928
5101.350403	-119.433182
5102.023315	-119.198120
5102.696228	-119.591110
5103.369141	-119.700394
5104.042053	-120.125763
5104.714966	-119.536774
5105.387878	-120.184853
5106.060791	-120.429832
5106.733704	-120.364647
5107.406616	-119.418968
5108.079529	-119.519966
5108.752441	-119.912132
5109.425354	-119.435143
5110.098267	-119.373795
5110.771179	-119.174034
5111.444092	-118.941177
5112.117004	-120.046005
5112.789917	-120.110184
5113.462830	-120.199730
5114.135742	-119.871506
5114.808655	-119.674683
5115.481567	-119.923943
5116.154480	-119.906929
5116.827393	-120.501366
5117.500305	-120.860466
5118.173218	-120.459389
5118.846130	-120.218353
5119.519043	-119.936966
5120.191956	-119.771126
5120.864868	-119.778809
5121.537781	-120.405396
5122.210693	-119.754974
5122.883606	-119.090630
5123.556519	-119.358170
5124.229431	-120.100082
5124.902344	-119.342491
5125.575256	-119.358604
5126.248169	-119.389717
5126.921082	-119.647156
5127.593994	-120.014221
5128.266907	-119.633659
5128.939819	-119.602707
5129.612732	-119.781143
5130.285645	-119.759712
5130.958557	-119.645683
5131.631470	-120.196236
5132.304382	-120.009041
5132.977295	-120.391197
5133.650208	-120.328331
5134.323120	-120.014175
5134.996033	-120.417183
5135.668945	-120.374458
5136.341858	-120.138145
5137.014771	-119.711311
5137.687683	-119.802216
5138.360596	-119.668396
5139.033508	-119.977806
5139.706421	-119.970718
5140.379333	-120.658760
5141.052246	-120.817078
5141.725159	-120.022087
5142.398071	-119.971420
5143.070984	-119.785156
5143.743896	-120.091736
5144.416809	-120.504860
5145.089722	-120.133446
5145.762634	-119.904106
5146.435547	-120.639664
5147.108459	-119.472420
5147.781372	-119.658012
5148.454285	-120.350533
5149.127197	-119.990936
5149.800110	-119.618851
5150.473022	-119.744125
5151.145935	-119.771828
5151.818848	-119.481911
5152.491760	-119.437332
5153.164673	-118.783157
5153.837585	-118.950066
5154.510498	-118.973763
5155.183411	-119.298470
5155.856323	-119.262825
5156.529236	-119.856750
5157.202148	-119.617599
5157.875061	-119.601234
5158.547974	-120.195137
5159.220886	-120.407982
5159.893799	-120.111397
5160.566711	-119.905029
5161.239624	-119.778496
5161.912537	-120.138611
5162.585449	-120.153351
5163.258362	-119.584167
5163.931274	-119.500031
5164.604187	-119.780861
5165.277100	-119.794098
5165.950012	-120.137253
5166.622925	-120.088470
5167.295837	-119.514992
5167.968750	-119.032738
5168.641663	-118.420654
5169.314575	-118.843964
5169.987488	-119.312195
5170.660400	-119.185211
5171.333313	-119.305809
5172.006226	-119.344101
5172.679138	-119.379570
5173.352051	-119.285797
5174.024963	-119.858856
5174.697876	-119.322777
5175.370789	-119.127319
5176.043701	-118.511894
5176.716614	-118.802574
5177.389526	-119.291595
5178.062439	-119.758308
5178.735352	-119.676498
5179.408264	-119.530449
5180.081177	-119.323174
5180.754089	-119.421112
5181.427002	-119.962196
5182.099915	-119.829140
5182.772827	-120.050652
5183.445740	-119.632858
5184.118652	-119.542824
5184.791565	-119.730537
5185.464478	-120.081795
5186.137390	-119.934410
5186.810303	-119.515694
5187.483215	-119.369362
5188.156128	-120.003212
5188.829041	-120.239265
5189.501953	-119.753288
5190.174866	-119.909637
5190.847778	-120.121513
5191.520691	-120.326836
5192.193604	-119.881104
5192.866516	-119.464661
5193.539429	-119.929741
5194.212341	-120.132805
5194.885254	-120.119293
5195.558167	-120.075554
5196.231079	-119.589020
5196.903992	-119.624084
5197.576904	-119.709442
5198.249817	-120.041824
5198.922729	-120.059570
5199.595642	-120.447556
5200.268555	-120.054268
5200.941467	-119.165604
5201.614380	-119.231651
5202.287292	-120.161400
5202.960205	-119.561546
5203.633118	-120.044403
5204.306030	-120.110680
5204.978943	-119.947861
5205.651855	-119.860985
5206.324768	-120.218941
5206.997681	-120.409286
5207.670593	-120.573509
5208.343506	-120.748161
5209.016418	-120.323265
5209.689331	-120.142204
5210.362244	-120.133118
5211.035156	-120.186172
5211.708069	-119.895561
5212.380981	-119.779320
5213.053894	-119.491951
5213.726807	-120.310188
5214.399719	-120.081070
5215.072632	-119.909683
5215.745544	-119.708565
5216.418457	-119.432915
5217.091370	-119.908936
5217.764282	-120.221901
5218.437195	-120.146385
5219.110107	-119.935753
5219.783020	-118.927803
5220.455933	-119.011238
5221.128845	-119.503700
5221.801758	-119.750130
5222.474670	-120.241158
5223.147583	-119.913582
5223.820496	-119.725563
5224.493408	-119.261200
5225.166321	-118.550804
5225.839233	-118.268684
5226.512146	-118.130898
5227.185059	-118.299416
5227.857971	-118.362228
5228.530884	-117.560295
5229.203796	-118.360596
5229.876709	-118.751846
5230.549622	-118.957275
5231.222534	-118.635475
5231.895447	-118.889839
5232.568359	-119.193291
5233.241272	-119.227814
5233.914185	-119.704308
5234.587097	-120.702652
5235.260010	-119.892189
5235.932922	-120.055252
5236.605835	-119.765190
5237.278748	-119.768204
5237.951660	-119.704063
5238.624573	-119.292442
5239.297485	-119.463921
5239.970398	-119.107582
5240.643311	-119.423325
5241.316223	-119.280876
5241.989136	-119.622765
5242.662048	-119.693932
5243.334961	-119.673828
5244.007874	-119.254066
5244.680786	-119.697456
5245.353699	-119.474693
5246.026611	-119.403793
5246.699524	-119.619171
5247.372437	-119.521782
5248.045349	-119.619049
5248.718262	-119.933540
5249.391174	-119.878868
5250.064087	-119.752960
5250.737000	-119.660362
5251.409912	-119.104118
5252.082825	-119.274689
5252.755737	-119.408791
5253.428650	-119.347267
5254.101562	-120.031906
5254.774475	-120.208374
5255.447388	-120.110847
5256.120300	-120.199333
5256.793213	-119.821472
5257.466125	-120.386200
5258.139038	-120.468811
5258.811951	-120.402214
5259.484863	-120.362488
5260.157776	-120.262802
5260.830688	-120.408356
5261.503601	-120.068779
5262.176514	-119.737480
5262.849426	-119.954575
5263.522339	-120.004150
5264.195251	-119.788078
5264.868164	-120.001564
5265.541077	-120.048210
5266.213989	-119.756760
5266.886902	-120.136398
5267.559814	-120.002960
5268.232727	-120.088089
5268.905640	-120.270012
5269.578552	-119.846832
5270.251465	-119.386238
5270.924377	-119.645737
5271.597290	-120.161087
5272.270203	-120.312950
5272.943115	-119.974373
5273.616028	-120.279602
5274.288940	-119.410072
5274.961853	-119.890480
5275.634766	-120.179092
5276.307678	-120.451248
5276.980591	-120.770050
5277.653503	-120.646271
5278.326416	-120.370987
5278.999329	-120.489624
5279.672241	-120.311241
5280.345154	-120.307999
5281.018066	-119.789963
5281.690979	-119.605408
5282.363892	-119.737228
5283.036804	-119.995522
5283.709717	-119.610687
5284.382629	-119.671555
5285.055542	-119.998589
5285.728455	-119.869545
5286.401367	-119.641533
5287.074280	-119.864563
5287.747192	-119.617653
5288.420105	-119.958900
5289.093018	-120.077370
5289.765930	-119.694679
5290.438843	-119.860466
5291.111755	-120.564926
5291.784668	-120.503014
5292.457581	-119.733177
5293.130493	-119.892807
5293.803406	-119.738884
5294.476318	-120.175949
5295.149231	-119.691666
5295.822144	-119.588806
5296.495056	-119.811668
5297.167969	-120.143425
5297.840881	-119.884148
5298.513794	-120.523048
5299.186707	-120.393234
5299.859619	-119.992180
5300.532532	-119.819107
5301.205444	-119.978310
5301.878357	-119.602715
5302.551270	-119.447067
5303.224182	-119.308418
5303.897095	-118.542526
5304.570007	-118.618500
5305.242920	-118.678444
5305.915833	-118.594139
5306.588745	-118.812752
5307.261658	-119.036560
5307.934570	-118.808731
5308.607483	-118.821175
5309.280396	-118.849808
5309.953308	-118.683662
5310.626221	-118.767342
5311.299133	-118.308723
5311.972046	-118.126839
5312.644958	-117.982101
5313.317871	-118.164902
5313.990784	-118.839508
5314.663696	-118.429626
5315.336609	-119.139137
5316.009521	-119.104523
5316.682434	-118.907066
5317.355347	-118.822723
5318.028259	-118.805252
5318.701172	-119.072586
5319.374084	-119.323677
5320.046997	-118.978317
5320.719910	-119.121613
5321.392822	-119.627556
5322.065735	-119.709465
5322.738647	-119.636627
5323.411560	-119.481422
5324.084473	-119.421692
5324.757385	-119.312721
5325.430298	-120.225212
5326.103210	-119.299316
5326.776123	-118.502632
5327.449036	-118.690376
5328.121948	-118.624725
5328.794861	-118.044456
5329.467773	-118.486320
5330.140686	-118.648209
5330.813599	-118.984489
5331.486511	-118.342812
5332.159424	-118.065849
5332.832336	-118.531105
5333.505249	-118.910713
5334.178162	-119.266747
5334.851074	-118.942818
5335.523987	-118.420403
5336.196899	-118.483101
5336.869812	-118.895096
5337.542725	-118.964485
5338.215637	-118.893227
5338.888550	-118.914146
5339.561462	-119.261696
5340.234375	-119.626572
5340.907288	-119.362175
5341.580200	-119.506248
5342.253113	-119.246017
5342.926025	-119.423607
5343.598938	-119.907326
5344.271851	-119.788643
5344.944763	-119.426720
5345.617676	-119.611458
5346.290588	-120.018097
5346.963501	-119.572899
5347.636414	-119.242897
5348.309326	-119.233940
5348.982239	-119.185089
5349.655151	-119.683731
5350.328064	-119.632225
5351.000977	-120.017426
5351.673889	-119.981270
5352.346802	-120.106819
5353.019714	-120.431183
5353.692627	-120.731689
5354.365540	-120.208023
5355.038452	-119.987389
5355.711365	-119.723572
5356.384277	-119.842522
5357.057190	-120.303429
5357.730103	-120.244156
5358.403015	-120.066994
5359.075928	-120.065422
5359.748840	-120.700363
5360.421753	-119.996620
5361.094666	-119.856339
5361.767578	-119.872345
5362.440491	-120.099136
5363.113403	-119.415329
5363.786316	-119.571922
5364.459229	-119.924629
5365.132141	-119.959343
5365.805054	-119.700363
5366.477966	-120.013077
5367.150879	-120.154259
5367.823792	-119.712036
5368.496704	-119.304733
5369.169617	-119.277588
5369.842529	-120.058670
5370.515442	-120.262939
5371.188354	-119.964417
5371.861267	-119.571449
5372.534180	-119.413132
5373.207092	-118.716896
5373.880005	-118.864204
5374.552917	-119.657265
5375.225830	-120.229156
5375.898743	-119.703979
5376.571655	-119.895020
5377.244568	-119.804581
5377.917480	-119.265640
5378.590393	-119.678543
5379.263306	-119.504288
5379.936218	-118.909119
5380.609131	-119.010857
5381.282043	-118.835320
5381.954956	-118.999710
5382.627869	-119.383537
5383.300781	-119.998779
5383.973694	-119.689972
5384.646606	-119.119247
5385.319519	-119.392021
5385.992432	-119.758904
5386.665344	-119.730019
5387.338257	-120.505333
5388.011169	-120.325912
5388.684082	-120.386314
5389.356995	-120.449776
5390.029907	-120.384789
5390.702820	-120.189560
5391.375732	-119.724106
5392.048645	-119.867874
5392.721558	-120.099922
5393.394470	-120.370407
5394.067383	-119.737137
5394.740295	-119.778023
5395.413208	-119.743889
5396.086121	-119.709656
5396.759033	-120.266373
5397.431946	-120.253387
5398.104858	-119.461662
5398.777771	-119.443527
5399.450684	-119.732605
5400.123596	-120.346024
5400.796509	-120.424377
5401.469421	-119.569473
5402.142334	-119.572472
5402.815247	-120.185028
5403.488159	-120.263199
5404.161072	-120.292953
5404.833984	-119.896828
5405.506897	-119.653854
5406.179810	-119.387428
5406.852722	-119.347137
5407.525635	-119.322487
5408.198547	-119.809502
5408.871460	-119.434830
5409.544373	-119.144287
5410.217285	-119.329491
5410.890198	-120.113060
5411.563110	-120.032532
5412.236023	-119.518822
5412.908936	-120.169838
5413.581848	-119.830338
5414.254761	-119.856071
5414.927673	-120.329086
5415.600586	-119.930099
5416.273499	-120.298943
5416.946411	-120.388084
5417.619324	-120.426376
5418.292236	-119.912613
5418.965149	-120.353760
5419.638062	-119.901398
5420.310974	-119.932938
5420.983887	-119.757820
5421.656799	-119.664520
5422.329712	-120.381195
5423.002625	-120.005302
5423.675537	-119.967834
5424.348450	-120.316376
5425.021362	-120.205414
5425.694275	-119.681343
5426.367188	-119.890381
5427.040100	-120.540207
5427.713013	-120.472549
5428.385925	-120.422203
5429.058838	-119.551506
5429.731750	-118.930092
5430.404663	-118.523537
5431.077576	-118.376083
5431.750488	-118.803673
5432.423401	-119.008492
5433.096313	-119.065247
5433.769226	-119.126770
5434.442139	-119.304550
5435.115051	-119.314384
5435.787964	-119.283844
5436.460876	-119.781929
5437.133789	-120.219955
5437.806702	-120.064606
5438.479614	-120.413467
5439.152527	-120.719383
5439.825439	-120.840752
5440.498352	-120.392471
5441.171265	-119.958565
5441.844177	-120.033569
5442.517090	-119.946030
5443.190002	-119.595520
5443.862915	-119.847580
5444.535828	-118.993828
5445.208740	-119.108459
5445.881653	-119.611679
5446.554565	-120.168854
5447.227478	-119.817848
5447.900391	-119.805901
5448.573303	-120.315910
5449.246216	-119.736275
5449.919128	-120.094681
5450.592041	-119.498833
5451.264954	-119.752075
5451.937866	-120.161926
5452.610779	-120.254326
5453.283691	-120.299026
5453.956604	-119.863983
5454.629517	-119.842384
5455.302429	-119.328514
5455.975342	-119.963966
5456.648254	-119.779541
5457.321167	-119.333496
5457.994080	-119.934525
5458.666992	-119.513840
5459.339905	-119.416107
5460.012817	-120.338333
5460.685730	-120.554344
5461.358643	-120.615913
5462.031555	-120.365585
5462.704468	-119.640022
5463.377380	-119.225784
5464.050293	-119.389397
5464.723206	-120.089333
5465.396118	-120.350403
5466.069031	-119.715958
5466.741943	-118.702301
5467.414856	-119.689270
5468.087769	-119.788269
5468.760681	-119.806656
5469.433594	-119.610703
5470.106506	-119.488716
5470.779419	-119.303864
5471.452332	-119.180244
5472.125244	-119.550079
5472.798157	-119.670631
5473.471069	-119.357712
5474.143982	-119.881432
5474.816895	-120.172157
5475.489807	-120.087273
5476.162720	-120.177361
5476.835632	-120.335228
5477.508545	-120.493172
5478.181458	-119.820503
5478.854370	-120.215797
5479.527283	-119.998039
5480.200195	-120.012802
5480.873108	-119.535324
5481.546021	-119.356949
5482.218933	-119.640747
5482.891846	-119.396553
5483.564758	-119.946388
5484.237671	-120.616707
5484.910583	-120.115570
5485.583496	-119.904968
5486.256409	-120.108734
5486.929321	-120.491898
5487.602234	-120.677078
5488.275146	-120.407837
5488.948059	-120.439209
5489.620972	-119.821220
5490.293884	-119.531372
5490.966797	-119.660988
5491.639709	-119.935379
5492.312622	-119.820671
5492.985535	-119.715927
5493.658447	-119.691277
5494.331360	-120.193474
5495.004272	-120.115379
5495.677185	-119.932259
5496.350098	-120.051445
5497.023010	-120.736870
5497.695923	-120.075577
5498.368835	-120.254509
5499.041748	-120.565575
5499.714661	-120.293808
5500.387573	-120.311752
5501.060486	-119.988693
5501.733398	-120.431358
5502.406311	-120.135742
5503.079224	-120.369370
5503.752136	-120.038406
5504.425049	-120.199295
5505.097961	-119.970955
5505.770874	-120.259544
5506.443787	-120.255814
5507.116699	-120.299263
5507.789612	-119.911621
5508.462524	-120.478134
5509.135437	-120.468155
5509.808350	-120.622818
5510.481262	-120.324562
5511.154175	-120.505623
5511.827087	-120.809380
5512.500000	-120.533112
5513.172913	-120.441513
5513.845825	-120.649193
5514.518738	-120.490974
5515.191650	-120.589592
5515.864563	-120.956436
5516.537476	-120.770645
5517.210388	-119.546906
5517.883301	-119.581970
5518.556213	-119.546852
5519.229126	-120.001945
5519.902039	-120.622284
5520.574951	-119.576324
5521.247864	-119.684814
5521.920776	-119.805840
5522.593689	-119.873238
5523.266602	-120.054787
5523.939514	-119.458603
5524.612427	-119.301666
5525.285339	-120.079597
5525.958252	-120.479630
5526.631165	-120.290535
5527.304077	-119.901726
5527.976990	-120.188652
5528.649902	-119.844551
5529.322815	-119.640244
5529.995728	-119.676842
5530.668640	-119.524254
5531.341553	-119.674591
5532.014465	-119.701645
5532.687378	-120.423775
5533.360291	-119.676514
5534.033203	-119.477333
5534.706116	-120.258011
5535.379028	-120.331474
5536.051941	-119.997185
5536.724854	-120.104431
5537.397766	-119.979309
5538.070679	-119.644020
5538.743591	-119.457611
5539.416504	-119.337921
5540.089417	-119.236786
5540.762329	-119.463646
5541.435242	-119.567772
5542.108154	-120.205315
5542.781067	-119.635750
5543.453979	-119.740898
5544.126892	-119.788651
5544.799805	-119.660995
5545.472717	-119.277016
5546.145630	-119.580475
5546.818542	-119.881844
5547.491455	-120.204872
5548.164368	-120.447289
5548.837280	-120.193863
5549.510193	-120.182678
5550.183105	-120.193848
5550.856018	-119.708054
5551.528931	-120.025101
5552.201843	-120.071724
5552.874756	-119.709747
5553.547668	-119.691139
5554.220581	-119.913231
5554.893494	-120.003197
5555.566406	-120.224953
5556.239319	-120.156532
5556.912231	-119.936661
5557.585144	-119.754692
5558.258057	-119.665794
5558.930969	-119.454224
5559.603882	-119.699356
5560.276794	-119.921623
5560.949707	-119.297913
5561.622620	-118.862053
5562.295532	-119.554260
5562.968445	-119.701065
5563.641357	-118.911545
5564.314270	-119.242599
5564.987183	-119.195305
5565.660095	-119.259689
5566.333008	-119.216995
5567.005920	-118.985855
5567.678833	-119.961479
5568.351746	-120.452187
5569.024658	-119.362099
5569.697571	-119.632996
5570.370483	-119.898598
5571.043396	-119.140533
5571.716309	-118.894966
5572.389221	-119.936974
5573.062134	-119.871796
5573.735046	-119.283943
5574.407959	-119.163994
5575.080872	-119.541344
5575.753784	-119.494118
5576.426697	-119.794128
5577.099609	-120.318695
5577.772522	-119.701393
5578.445435	-119.442413
5579.118347	-119.831306
5579.791260	-120.326576
5580.464172	-119.774521
5581.137085	-119.510605
5581.809998	-119.963860
5582.482910	-120.462021
5583.155823	-120.696831
5583.828735	-120.960869
5584.501648	-120.749664
5585.174561	-120.205002
5585.847473	-120.837288
5586.520386	-120.460876
5587.193298	-120.091415
5587.866211	-119.754524
5588.539124	-120.003807
5589.212036	-120.060150
5589.884949	-120.021812
5590.557861	-120.152374
5591.230774	-120.061913
5591.903687	-120.330994
5592.576599	-120.198463
5593.249512	-119.806168
5593.922424	-119.819603
5594.595337	-120.230843
5595.268250	-120.251404
5595.941162	-119.843529
5596.614075	-119.852135
5597.286987	-119.932716
5597.959900	-119.914787
5598.632812	-119.854141
5599.305725	-120.583153
5599.978638	-120.678230
5600.651550	-120.377182
5601.324463	-120.108047
5601.997375	-120.016792
5602.670288	-119.746506
5603.343201	-119.804642
5604.016113	-119.373680
5604.689026	-119.042984
5605.361938	-118.611404
5606.034851	-118.650726
5606.707764	-117.814659
5607.380676	-117.496971
5608.053589	-118.576401
5608.726501	-117.884857
5609.399414	-118.220062
5610.072327	-118.668549
5610.745239	-118.388756
5611.418152	-118.741119
5612.091064	-118.851692
5612.763977	-118.281723
5613.436890	-118.009483
5614.109802	-118.488724
5614.782715	-118.883942
5615.455627	-118.875473
5616.128540	-118.853981
5616.801453	-118.858116
5617.474365	-119.263847
5618.147278	-119.514305
5618.820190	-119.605133
5619.493103	-119.421768
5620.166016	-118.878197
5620.838928	-119.520355
5621.511841	-119.661240
5622.184753	-119.434166
5622.857666	-119.442520
5623.530579	-119.821808
5624.203491	-119.890999
5624.876404	-119.897057
5625.549316	-119.769897
5626.222229	-119.990143
5626.895142	-119.984627
5627.568054	-120.246704
5628.240967	-120.542427
5628.913879	-120.501137
5629.586792	-119.993820
5630.259705	-119.258049
5630.932617	-119.801102
5631.605530	-119.877296
5632.278442	-118.899544
5632.951355	-118.998940
5633.624268	-118.089981
5634.297180	-118.226967
5634.970093	-118.557701
5635.643005	-118.832993
5636.315918	-118.521790
5636.988831	-118.828476
5637.661743	-119.594032
5638.334656	-119.399788
5639.007568	-119.313820
5639.680481	-119.829788
5640.353394	-119.403778
5641.026306	-119.330399
5641.699219	-119.895813
5642.372131	-120.055695
5643.045044	-119.902222
5643.717957	-119.434235
5644.390869	-119.030151
5645.063782	-118.878082
5645.736694	-118.342506
5646.409607	-118.239304
5647.082520	-118.483948
5647.755432	-118.151321
5648.428345	-118.534554
5649.101257	-119.422264
5649.774170	-119.092796
5650.447083	-119.151886
5651.119995	-118.934685
5651.792908	-117.945290
5652.465820	-118.176987
5653.138733	-118.421074
5653.811646	-118.264557
5654.484558	-118.119812
5655.157471	-117.839432
5655.830383	-118.737564
5656.503296	-119.252052
5657.176208	-118.888634
5657.849121	-118.770752
5658.522034	-118.514099
5659.194946	-118.772072
5659.867859	-119.309059
5660.540771	-118.793541
5661.213684	-118.814766
5661.886597	-118.953239
5662.559509	-118.610901
5663.232422	-118.880974
5663.905334	-118.426125
5664.578247	-118.901871
5665.251160	-119.599762
5665.924072	-119.734116
5666.596985	-120.023315
5667.269897	-119.645943
5667.942810	-120.059113
5668.615723	-120.455711
5669.288635	-120.070312
5669.961548	-119.775352
5670.634460	-119.694618
5671.307373	-119.640755
5671.980286	-119.695648
5672.653198	-119.157219
5673.326111	-119.344559
5673.999023	-119.772415
5674.671936	-119.119026
5675.344849	-118.765053
5676.017761	-118.963341
5676.690674	-119.131355
5677.363586	-118.736481
5678.036499	-119.143723
5678.709412	-118.783356
5679.382324	-119.368645
5680.055237	-118.837128
5680.728149	-118.984116
5681.401062	-119.627060
5682.073975	-119.318977
5682.746887	-118.723160
5683.419800	-118.837601
5684.092712	-119.072372
5684.765625	-119.657997
5685.438538	-120.333061
5686.111450	-120.155373
5686.784363	-119.794655
5687.457275	-119.908028
5688.130188	-120.128433
5688.803101	-120.155228
5689.476013	-119.810310
5690.148926	-119.567444
5690.821838	-119.787651
5691.494751	-119.425179
5692.167664	-119.735031
5692.840576	-120.622879
5693.513489	-119.788536
5694.186401	-119.605637
5694.859314	-120.065628
5695.532227	-120.072357
5696.205139	-120.055115
5696.878052	-120.073753
5697.550964	-120.471176
5698.223877	-120.369308
5698.896790	-120.096756
5699.569702	-119.524773
5700.242615	-119.190521
5700.915527	-119.235756
5701.588440	-119.635399
5702.261353	-119.252281
5702.934265	-118.969200
5703.607178	-119.743645
5704.280090	-119.482735
5704.953003	-118.613235
5705.625916	-118.681183
5706.298828	-118.981728
5706.971741	-119.051643
5707.644653	-118.473854
5708.317566	-118.082527
5708.990479	-118.500778
5709.663391	-118.531784
5710.336304	-118.034966
5711.009216	-118.000015
5711.682129	-118.012688
5712.355042	-117.900803
5713.027954	-117.887932
5713.700867	-118.195847
5714.373779	-118.987503
5715.046692	-119.611099
5715.719604	-119.084549
5716.392517	-118.955429
5717.065430	-119.500450
5717.738342	-119.363625
5718.411255	-119.606895
5719.084167	-119.104790
5719.757080	-119.013901
5720.429993	-119.946709
5721.102905	-120.051453
5721.775818	-120.077927
5722.448730	-119.960327
5723.121643	-120.210251
5723.794556	-120.026672
5724.467468	-119.741638
5725.140381	-119.437927
5725.813293	-119.498398
5726.486206	-119.634499
5727.159119	-119.564316
5727.832031	-119.558968
5728.504944	-119.399155
5729.177856	-119.366386
5729.850769	-118.740471
5730.523682	-118.670738
5731.196594	-119.058357
5731.869507	-118.185944
5732.542419	-118.646935
5733.215332	-118.523193
5733.888245	-118.631165
5734.561157	-119.087440
5735.234070	-118.738121
5735.906982	-119.092903
5736.579895	-118.448486
5737.252808	-118.456413
5737.925720	-119.170288
5738.598633	-118.659935
5739.271545	-118.762093
5739.944458	-118.194351
5740.617371	-119.001160
5741.290283	-119.572784
5741.963196	-119.643341
5742.636108	-119.898323
5743.309021	-119.547043
5743.981934	-119.035118
5744.654846	-119.759346
5745.327759	-119.692230
5746.000671	-120.061722
5746.673584	-119.491692
5747.346497	-119.373207
5748.019409	-119.965805
5748.692322	-120.489349
5749.365234	-119.980392
5750.038147	-120.066605
5750.711060	-120.098328
5751.383972	-120.289940
5752.056885	-120.583382
5752.729797	-120.774406
5753.402710	-120.340034
5754.075623	-119.756905
5754.748535	-120.375519
5755.421448	-120.173981
5756.094360	-120.003761
5756.767273	-120.148407
5757.440186	-120.247108
5758.113098	-119.726143
5758.786011	-119.758919
5759.458923	-119.814926
5760.131836	-119.752533
5760.804749	-120.207214
5761.477661	-120.059265
5762.150574	-119.982140
5762.823486	-120.057404
5763.496399	-120.318634
5764.169312	-120.197189
5764.842224	-120.010681
5765.515137	-119.933250
5766.188049	-120.310074
5766.860962	-120.381081
5767.533875	-119.452988
5768.206787	-118.829895
5768.879700	-118.451721
5769.552612	-118.435516
5770.225525	-118.300102
5770.898438	-118.063339
5771.571350	-118.887154
5772.244263	-119.094795
5772.917175	-119.024406
5773.590088	-118.936943
5774.263000	-118.415421
5774.935913	-118.811943
5775.608826	-118.902443
5776.281738	-118.770416
5776.954651	-118.678352
5777.627563	-118.810387
5778.300476	-119.488800
5778.973389	-119.434456
5779.646301	-119.137917
5780.319214	-119.238434
5780.992126	-119.082520
5781.665039	-118.359505
5782.337952	-118.405411
5783.010864	-119.266029
5783.683777	-119.629585
5784.356689	-119.826057
5785.029602	-120.039177
5785.702515	-120.101593
5786.375427	-120.148224
5787.048340	-119.803764
5787.721252	-118.732742
5788.394165	-119.214600
5789.067078	-119.266853
5789.739990	-119.934547
5790.412903	-119.677864
5791.085815	-120.158165
5791.758728	-120.843277
5792.431641	-120.176079
5793.104553	-120.021400
5793.777466	-120.546440
5794.450378	-120.505020
5795.123291	-119.930603
5795.796204	-119.324043
5796.469116	-119.391136
5797.142029	-119.775063
5797.814941	-119.499275
5798.487854	-119.671593
5799.160767	-120.483452
5799.833679	-121.142418
5800.506592	-120.382057
5801.179504	-119.657356
5801.852417	-120.105484
5802.525330	-119.918060
5803.198242	-119.662941
5803.871155	-119.829819
5804.544067	-120.204323
5805.216980	-120.670921
5805.889893	-120.176773
5806.562805	-120.114624
5807.235718	-120.024010
5807.908630	-119.948570
5808.581543	-120.088142
5809.254456	-119.970970
5809.927368	-120.431992
5810.600281	-119.990372
5811.273193	-119.755257
5811.946106	-119.656799
5812.619019	-119.441269
5813.291931	-119.441315
5813.964844	-119.682312
5814.637756	-119.694305
5815.310669	-120.413200
5815.983582	-119.560539
5816.656494	-119.772926
5817.329407	-120.403145
5818.002319	-119.775208
5818.675232	-119.573769
5819.348145	-120.073776
5820.021057	-120.333061
5820.693970	-120.187134
5821.366882	-119.722946
5822.039795	-119.484398
5822.712708	-119.703468
5823.385620	-120.091599
5824.058533	-119.878357
5824.731445	-120.289757
5825.404358	-120.597969
5826.077271	-119.825493
5826.750183	-120.146301
5827.423096	-120.477402
5828.096008	-120.156380
5828.768921	-120.584869
5829.441833	-120.652397
5830.114746	-120.455673
5830.787659	-120.421257
5831.460571	-120.184525
5832.133484	-120.068069
5832.806396	-120.272202
5833.479309	-119.843102
5834.152222	-120.016457
5834.825134	-120.048767
5835.498047	-120.105286
5836.170959	-120.027428
5836.843872	-119.605492
5837.516785	-119.529213
5838.189697	-119.698784
5838.862610	-119.387161
5839.535522	-118.959763
5840.208435	-119.460190
5840.881348	-119.309174
5841.554260	-119.413857
5842.227173	-119.470612
5842.900085	-119.250832
5843.572998	-118.981812
5844.245911	-119.358582
5844.918823	-119.388657
5845.591736	-119.197723
5846.264648	-119.391884
5846.937561	-119.508965
5847.610474	-119.553886
5848.283386	-119.032433
5848.956299	-119.291817
5849.629211	-119.304352
5850.302124	-119.075905
5850.975037	-118.864906
5851.647949	-119.047844
5852.320862	-118.744942
5852.993774	-118.757889
5853.666687	-118.591530
5854.339600	-119.032478
5855.012512	-118.700638
5855.685425	-119.082085
5856.358337	-119.322189
5857.031250	-119.229843
5857.704163	-118.535004
5858.377075	-118.933472
5859.049988	-119.155266
5859.722900	-119.134445
5860.395813	-119.085052
5861.068726	-119.175087
5861.741638	-118.804276
5862.414551	-118.723297
5863.087463	-119.603027
5863.760376	-119.440231
5864.433289	-119.410812
5865.106201	-119.463959
5865.779114	-119.151711
5866.452026	-119.365074
5867.124939	-119.673515
5867.797852	-118.785492
5868.470764	-118.947784
5869.143677	-119.167702
5869.816589	-119.592812
5870.489502	-120.148109
5871.162415	-119.464455
5871.835327	-119.505318
5872.508240	-119.841568
5873.181152	-120.278091
5873.854065	-119.514763
5874.526978	-119.395477
5875.199890	-119.941940
5875.872803	-120.304817
5876.545715	-119.391449
5877.218628	-119.750374
5877.891541	-120.239670
5878.564453	-119.420547
5879.237366	-118.873688
5879.910278	-118.724586
5880.583191	-119.034912
5881.256104	-119.176865
5881.929016	-119.418190
5882.601929	-119.528526
5883.274841	-119.482010
5883.947754	-119.556305
5884.620667	-119.583809
5885.293579	-119.747704
5885.966492	-119.953697
5886.639404	-119.278061
5887.312317	-119.936684
5887.985229	-120.137344
5888.658142	-119.697906
5889.331055	-119.432297
5890.003967	-119.488579
5890.676880	-120.120148
5891.349792	-120.583588
5892.022705	-120.163094
5892.695618	-119.996521
5893.368530	-120.166237
5894.041443	-120.375694
5894.714355	-119.929611
5895.387268	-119.812508
5896.060181	-119.737816
5896.733093	-119.765617
5897.406006	-119.168282
5898.078918	-119.436989
5898.751831	-119.711739
5899.424744	-119.999733
5900.097656	-119.534409
5900.770569	-119.698021
5901.443481	-119.935516
5902.116394	-119.750221
5902.789307	-119.284317
5903.462219	-120.146538
5904.135132	-120.190903
5904.808044	-120.619804
5905.480957	-120.465240
5906.153870	-120.124580
5906.826782	-119.596695
5907.499695	-119.967178
5908.172607	-120.004303
5908.845520	-119.634186
5909.518433	-119.987061
5910.191345	-120.641754
5910.864258	-119.860359
5911.537170	-119.520096
5912.210083	-119.368401
5912.882996	-119.007446
5913.555908	-119.494316
5914.228821	-119.571716
5914.901733	-119.311005
5915.574646	-119.352417
5916.247559	-119.195938
5916.920471	-118.816414
5917.593384	-118.880646
5918.266296	-119.054108
5918.939209	-119.477760
5919.612122	-119.679672
5920.285034	-119.668404
5920.957947	-119.491592
5921.630859	-118.957817
5922.303772	-119.221878
5922.976685	-119.595375
5923.649597	-119.070930
5924.322510	-119.995300
5924.995422	-120.602737
5925.668335	-120.249725
5926.341248	-120.380280
5927.014160	-120.463730
5927.687073	-120.020821
5928.359985	-120.020554
5929.032898	-119.925697
5929.705811	-119.545021
5930.378723	-119.273178
5931.051636	-120.553055
5931.724548	-120.420296
5932.397461	-120.717110
5933.070374	-120.568779
5933.743286	-120.363701
5934.416199	-120.260429
5935.089111	-120.526550
5935.762024	-120.706223
5936.434937	-120.004623
5937.107849	-120.034569
5937.780762	-120.465858
5938.453674	-120.104141
5939.126587	-120.366348
5939.799500	-120.973221
5940.472412	-120.638878
5941.145325	-119.717125
5941.818237	-119.996162
5942.491150	-120.143753
5943.164062	-120.009911
5943.836975	-119.748604
5944.509888	-119.712013
5945.182800	-119.441254
5945.855713	-120.052605
5946.528625	-119.689537
5947.201538	-119.848816
5947.874451	-119.600075
5948.547363	-119.224678
5949.220276	-119.174141
5949.893188	-119.434647
5950.566101	-119.411842
5951.239014	-119.449371
5951.911926	-119.978783
5952.584839	-119.601974
5953.257751	-119.469025
5953.930664	-119.581741
5954.603577	-119.909058
5955.276489	-120.023598
5955.949402	-119.953613
5956.622314	-120.099289
5957.295227	-120.190010
5957.968140	-120.116859
5958.641052	-120.383827
5959.313965	-120.579567
5959.986877	-120.551620
5960.659790	-119.294319
5961.332703	-118.980614
5962.005615	-119.512909
5962.678528	-120.472122
5963.351440	-121.017616
5964.024353	-120.246307
5964.697266	-120.128471
5965.370178	-120.692978
5966.043091	-120.337044
5966.716003	-119.735374
5967.388916	-120.149109
5968.061829	-120.187973
5968.734741	-120.289085
5969.407654	-120.507889
5970.080566	-120.690826
5970.753479	-120.539864
5971.426392	-120.536942
5972.099304	-120.095192
5972.772217	-119.979263
5973.445129	-120.084114
5974.118042	-120.620285
5974.790955	-120.400803
5975.463867	-120.294281
5976.136780	-119.837585
5976.809692	-119.240013
5977.482605	-119.654968
5978.155518	-120.059258
5978.828430	-120.303268
5979.501343	-120.108116
5980.174255	-119.839622
5980.847168	-119.574745
5981.520081	-120.155464
5982.192993	-120.416855
5982.865906	-120.751427
5983.538818	-121.015739
5984.211731	-120.316948
5984.884644	-120.208298
5985.557556	-120.218910
5986.230469	-119.902466
5986.903381	-119.679832
5987.576294	-119.733498
5988.249207	-120.066315
5988.922119	-120.555939
5989.595032	-120.156860
5990.267944	-119.495056
5990.940857	-119.748360
5991.613770	-120.101944
5992.286682	-120.086754
5992.959595	-119.651237
5993.632507	-119.481308
5994.305420	-119.704941
5994.978333	-119.735245
5995.651245	-120.372208
5996.324158	-120.180252
5996.997070	-119.553383
5997.669983	-119.985596
5998.342896	-120.097618
5999.015808	-119.844193
5999.688721	-119.759079
6000.361633	-119.563263
6001.034546	-119.506866
6001.707458	-120.097389
6002.380371	-120.324051
6003.053284	-120.428993
6003.726196	-120.264503
6004.399109	-120.014679
6005.072021	-119.950073
6005.744934	-120.851891
6006.417847	-120.632896
6007.090759	-119.856934
6007.763672	-120.191307
6008.436584	-120.093880
6009.109497	-119.994232
6009.782410	-120.015327
6010.455322	-119.806961
6011.128235	-119.902817
6011.801147	-119.874008
6012.474060	-119.669418
6013.146973	-119.245575
6013.819885	-119.370453
6014.492798	-119.862106
6015.165710	-119.613625
6015.838623	-119.418556
6016.511536	-120.301163
6017.184448	-119.963486
6017.857361	-119.852058
6018.530273	-120.082108
6019.203186	-119.290962
6019.876099	-119.069725
6020.549011	-119.553566
6021.221924	-119.752480
6021.894836	-119.818390
6022.567749	-120.475456
6023.240662	-120.754807
6023.913574	-120.304337
6024.586487	-120.098404
6025.259399	-120.256561
6025.932312	-119.846069
6026.605225	-120.178307
6027.278137	-120.586365
6027.951050	-119.837784
6028.623962	-119.517960
6029.296875	-120.155640
6029.969788	-120.517357
6030.642700	-119.742340
6031.315613	-119.700722
6031.988525	-119.632584
6032.661438	-119.643753
6033.334351	-119.799599
6034.007263	-119.802284
6034.680176	-119.767944
6035.353088	-119.907509
6036.026001	-119.301659
6036.698914	-119.488068
6037.371826	-119.832306
6038.044739	-119.941650
6038.717651	-119.701294
6039.390564	-120.074638
6040.063477	-119.889000
6040.736389	-119.781662
6041.409302	-120.213020
6042.082214	-120.066933
6042.755127	-120.113220
6043.428040	-120.151901
6044.100952	-120.025108
6044.773865	-120.074539
6045.446777	-120.003700
6046.119690	-119.805046
6046.792603	-119.602180
6047.465515	-119.740761
6048.138428	-120.194740
6048.811340	-120.222572
6049.484253	-119.649574
6050.157166	-119.666939
6050.830078	-120.164375
6051.502991	-120.321938
6052.175903	-120.007965
6052.848816	-119.901627
6053.521729	-120.354744
6054.194641	-120.353020
6054.867554	-119.926712
6055.540466	-120.154404
6056.213379	-120.284332
6056.886292	-120.087250
6057.559204	-119.445328
6058.232117	-119.281654
6058.905029	-119.532661
6059.577942	-119.761719
6060.250854	-119.391708
6060.923767	-118.951225
6061.596680	-118.607094
6062.269592	-118.462883
6062.942505	-118.571091
6063.615417	-118.971855
6064.288330	-118.962502
6064.961243	-119.710976
6065.634155	-119.595230
6066.307068	-120.086212
6066.979980	-120.249657
6067.652893	-120.201797
6068.325806	-120.033531
6068.998718	-119.889862
6069.671631	-120.137299
6070.344543	-119.998665
6071.017456	-119.862503
6071.690369	-120.317650
6072.363281	-120.196098
6073.036194	-120.805534
6073.709106	-120.459778
6074.382019	-120.066940
6075.054932	-120.219879
6075.727844	-120.443192
6076.400757	-120.491028
6077.073669	-120.455933
6077.746582	-120.216225
6078.419495	-120.227097
6079.092407	-120.239410
6079.765320	-120.161972
6080.438232	-120.501595
6081.111145	-120.747871
6081.784058	-120.205269
6082.456970	-120.073250
6083.129883	-120.201393
6083.802795	-119.887062
6084.475708	-119.875748
6085.148621	-120.374886
6085.821533	-120.035355
6086.494446	-119.741493
6087.167358	-119.829987
6087.840271	-119.681442
6088.513184	-120.045639
6089.186096	-120.006210
6089.859009	-119.769516
6090.531921	-119.759995
6091.204834	-119.364555
6091.877747	-119.357491
6092.550659	-120.133484
6093.223572	-119.936661
6093.896484	-119.813782
6094.569397	-119.961060
6095.242310	-119.852699
6095.915222	-119.693649
6096.588135	-119.186302
6097.261047	-119.896889
6097.933960	-119.790260
6098.606873	-119.949463
6099.279785	-120.343712
6099.952698	-120.492065
6100.625610	-121.003639
6101.298523	-120.830925
6101.971436	-120.340141
6102.644348	-119.596161
6103.317261	-119.943214
6103.990173	-120.277664
6104.663086	-120.067055
6105.335999	-119.997192
6106.008911	-120.207626
6106.681824	-120.507668
6107.354736	-120.952019
6108.027649	-121.543365
6108.700562	-120.806709
6109.373474	-119.577446
6110.046387	-119.993080
6110.719299	-120.017754
6111.392212	-119.811096
6112.065125	-120.147842
6112.738037	-120.126869
6113.410950	-119.405830
6114.083862	-119.469254
6114.756775	-119.792770
6115.429688	-120.347015
6116.102600	-119.837296
6116.775513	-120.226753
6117.448425	-120.671150
6118.121338	-120.375420
6118.794250	-119.943039
6119.467163	-119.908546
6120.140076	-120.494888
6120.812988	-120.144379
6121.485901	-119.950623
6122.158813	-119.635101
6122.831726	-120.027039
6123.504639	-119.407692
6124.177551	-119.550568
6124.850464	-119.815582
6125.523376	-119.896606
6126.196289	-119.846985
6126.869202	-119.744392
6127.542114	-119.948524
6128.215027	-119.787666
6128.887939	-119.481201
6129.560852	-119.671516
6130.233765	-119.923241
6130.906677	-120.236084
6131.579590	-120.123215
6132.252502	-119.840775
6132.925415	-120.385551
6133.598328	-120.283791
6134.271240	-120.108467
6134.944153	-119.921516
6135.617065	-120.338608
6136.289978	-119.730347
6136.962891	-119.776978
6137.635803	-120.056732
6138.308716	-120.566841
6138.981628	-119.682487
6139.654541	-119.956993
6140.327454	-120.696487
6141.000366	-120.282539
6141.673279	-120.202461
6142.346191	-120.257607
6143.019104	-120.259689
6143.692017	-120.601204
6144.364929	-120.162796
6145.037842	-120.224930
6145.710754	-120.380249
6146.383667	-120.818100
6147.056580	-120.074738
6147.729492	-119.744133
6148.402405	-119.444420
6149.075317	-119.575638
6149.748230	-119.861794
6150.421143	-119.362160
6151.094055	-119.046066
6151.766968	-119.571426
6152.439880	-119.859779
6153.112793	-119.801018
6153.785706	-119.508598
6154.458618	-119.390060
6155.131531	-119.241966
6155.804443	-118.751221
6156.477356	-118.694199
6157.150269	-119.794487
6157.823181	-119.157852
6158.496094	-119.480354
6159.169006	-118.631599
6159.841919	-118.198761
6160.514832	-118.545624
6161.187744	-119.452133
6161.860657	-118.884521
6162.533569	-118.834229
6163.206482	-119.106422
6163.879395	-119.866600
6164.552307	-119.664879
6165.225220	-119.497971
6165.898132	-119.592422
6166.571045	-119.382767
6167.243958	-119.607597
6167.916870	-119.847733
6168.589783	-119.897041
6169.262695	-120.186081
6169.935608	-119.881767
6170.608521	-119.227127
6171.281433	-119.718658
6171.954346	-119.909378
6172.627258	-119.881042
6173.300171	-120.015388
6173.973083	-119.723732
6174.645996	-119.780144
6175.318909	-119.849113
6175.991821	-119.001793
6176.664734	-119.122681
6177.337646	-119.447311
6178.010559	-119.472939
6178.683472	-120.269447
6179.356384	-120.445740
6180.029297	-120.072479
6180.702209	-119.796379
6181.375122	-119.813286
6182.048035	-120.137665
6182.720947	-120.500031
6183.393860	-120.424942
6184.066772	-120.401886
6184.739685	-119.996674
6185.412598	-119.921097
6186.085510	-120.211136
6186.758423	-120.974678
6187.431335	-120.541283
6188.104248	-119.976959
6188.777161	-119.998619
6189.450073	-119.770500
6190.122986	-119.278351
6190.795898	-119.262657
6191.468811	-120.011650
6192.141724	-119.997192
6192.814636	-119.395317
6193.487549	-119.565979
6194.160461	-119.116783
6194.833374	-119.301247
6195.506287	-119.685623
6196.179199	-119.611145
6196.852112	-119.996071
6197.525024	-120.028549
6198.197937	-119.902596
6198.870850	-119.552101
6199.543762	-119.607651
6200.216675	-119.491135
6200.889587	-119.863770
6201.562500	-119.731812
6202.235413	-120.037918
6202.908325	-120.003571
6203.581238	-120.241051
6204.254150	-120.413368
6204.927063	-120.502098
6205.599976	-120.385490
6206.272888	-120.013474
6206.945801	-120.194908
6207.618713	-120.655037
6208.291626	-120.528320
6208.964539	-120.197762
6209.637451	-120.478516
6210.310364	-120.366814
6210.983276	-120.245804
6211.656189	-119.880554
6212.329102	-119.756302
6213.002014	-120.109230
6213.674927	-120.457253
6214.347839	-120.338333
6215.020752	-120.124199
6215.693665	-120.176056
6216.366577	-120.283730
6217.039490	-120.095825
6217.712402	-120.031784
6218.385315	-119.998886
6219.058228	-119.701607
6219.731140	-119.929008
6220.404053	-120.036980
6221.076965	-119.414276
6221.749878	-120.125755
6222.422791	-120.387550
6223.095703	-120.000061
6223.768616	-119.774620
6224.441528	-119.890236
6225.114441	-120.132996
6225.787354	-120.636459
6226.460266	-119.987961
6227.133179	-119.896866
6227.806091	-119.054794
6228.479004	-119.280556
6229.151917	-119.225647
6229.824829	-119.659973
6230.497742	-120.511543
6231.170654	-119.764046
6231.843567	-119.569466
6232.516479	-119.783440
6233.189392	-120.216087
6233.862305	-120.293297
6234.535217	-119.765358
6235.208130	-119.958534
6235.881042	-119.874214
6236.553955	-120.299194
6237.226868	-119.906555
6237.899780	-119.900993
6238.572693	-120.314934
6239.245605	-120.821091
6239.918518	-120.119492
6240.591431	-119.799919
6241.264343	-120.777397
6241.937256	-120.458153
6242.610168	-119.964607
6243.283081	-119.807884
6243.955994	-120.019196
6244.628906	-120.661781
6245.301819	-120.328766
6245.974731	-120.476921
6246.647644	-120.209969
6247.320557	-119.985085
6247.993469	-119.977089
6248.666382	-120.088837
6249.339294	-120.321632
6250.012207	-120.122581
6250.685120	-119.993790
6251.358032	-120.231628
6252.030945	-119.812103
6252.703857	-119.437164
6253.376770	-120.006744
6254.049683	-120.279823
6254.722595	-119.964180
6255.395508	-120.380135
6256.068420	-119.880051
6256.741333	-119.464806
6257.414246	-119.244080
6258.087158	-119.513115
6258.760071	-119.621346
6259.432983	-120.029160
6260.105896	-119.705986
6260.778809	-119.551834
6261.451721	-119.100494
6262.124634	-119.383041
6262.797546	-120.266891
6263.470459	-119.686729
6264.143372	-119.429634
6264.816284	-119.594055
6265.489197	-119.903664
6266.162109	-120.176826
6266.835022	-120.220200
6267.507935	-119.927048
6268.180847	-119.769127
6268.853760	-119.833321
6269.526672	-120.391052
6270.199585	-120.373947
6270.872498	-120.360130
6271.545410	-119.876640
6272.218323	-120.012978
6272.891235	-119.587059
6273.564148	-119.310249
6274.237061	-120.380058
6274.909973	-120.142288
6275.582886	-120.334694
6276.255798	-119.697212
6276.928711	-119.197914
6277.601624	-119.394180
6278.274536	-119.467453
6278.947449	-120.538048
6279.620361	-119.967216
6280.293274	-120.018219
6280.966187	-120.350754
6281.639099	-120.156616
6282.312012	-120.461670
6282.984924	-120.799263
6283.657837	-119.992134
6284.330750	-120.028687
6285.003662	-119.759491
6285.676575	-119.613327
6286.349487	-120.093925
6287.022400	-119.655624
6287.695312	-119.861893
6288.368225	-120.071068
6289.041138	-120.442940
6289.714050	-120.342636
6290.386963	-120.270493
6291.059875	-120.379745
6291.732788	-120.062584
6292.405701	-120.542778
6293.078613	-120.293091
6293.751526	-120.111389
6294.424438	-120.560005
6295.097351	-120.390099
6295.770264	-120.052650
6296.443176	-120.438560
6297.116089	-120.156883
6297.789001	-120.652489
6298.461914	-120.489594
6299.134827	-120.097946
6299.807739	-120.797081
6300.480652	-120.629944
6301.153564	-120.188950
6301.826477	-120.086922
6302.499390	-119.456573
6303.172302	-119.310951
6303.845215	-119.721771
6304.518127	-119.813271
6305.191040	-119.813438
6305.863953	-120.213661
6306.536865	-120.671379
6307.209778	-120.367836
6307.882690	-120.210197
6308.555603	-119.966766
6309.228516	-119.905632
6309.901428	-120.076965
6310.574341	-119.952377
6311.247253	-119.670570
6311.920166	-120.064941
6312.593079	-119.919136
6313.265991	-119.660095
6313.938904	-119.754158
6314.611816	-119.894409
6315.284729	-120.221954
6315.957642	-119.883133
6316.630554	-120.146202
6317.303467	-119.592415
6317.976379	-119.181366
6318.649292	-120.285187
6319.322205	-120.538704
6319.995117	-120.404465
6320.668030	-120.354454
6321.340942	-120.092628
6322.013855	-119.853790
6322.686768	-119.867371
6323.359680	-119.698105
6324.032593	-120.140823
6324.705505	-120.365471
6325.378418	-120.397789
6326.051331	-120.243622
6326.724243	-119.538208
6327.397156	-119.525238
6328.070068	-119.450356
6328.742981	-120.022789
6329.415894	-120.285248
6330.088806	-119.631721
6330.761719	-119.335838
6331.434631	-119.189011
6332.107544	-119.521843
6332.780457	-119.981728
6333.453369	-119.334648
6334.126282	-119.585976
6334.799194	-120.314064
6335.472107	-120.442352
6336.145020	-120.171242
6336.817932	-119.882370
6337.490845	-119.919731
6338.163757	-119.972496
6338.836670	-119.716644
6339.509583	-120.067078
6340.182495	-120.047607
6340.855408	-119.696472
6341.528320	-119.554398
6342.201233	-119.948082
6342.874146	-120.126137
6343.547058	-120.200531
6344.219971	-120.388428
6344.892883	-120.605125
6345.565796	-120.215477
6346.238708	-119.192886
6346.911621	-119.153831
6347.584534	-119.606735
6348.257446	-120.175262
6348.930359	-120.576714
6349.603271	-120.352150
6350.276184	-120.581200
6350.949097	-120.527855
6351.622009	-120.172844
6352.294922	-119.621902
6352.967834	-119.171577
6353.640747	-120.026337
6354.313660	-120.188988
6354.986572	-119.984673
6355.659485	-120.182762
6356.332397	-119.656342
6357.005310	-119.478279
6357.678223	-119.575340
6358.351135	-119.335068
6359.024048	-120.170349
6359.696960	-120.219566
6360.369873	-120.133728
6361.042786	-120.281349
6361.715698	-120.087860
6362.388611	-120.445412
6363.061523	-120.276985
6363.734436	-119.891388
6364.407349	-119.778183
6365.080261	-119.593262
6365.753174	-119.330505
6366.426086	-119.978294
6367.098999	-120.265930
6367.771912	-119.457649
6368.444824	-119.677315
6369.117737	-120.367828
6369.790649	-120.401039
6370.463562	-120.551048
6371.136475	-120.222839
6371.809387	-120.227455
6372.482300	-120.014221
6373.155212	-120.153404
6373.828125	-119.943825
6374.501038	-120.065575
6375.173950	-120.507751
6375.846863	-120.839890
6376.519775	-119.886032
6377.192688	-119.555702
6377.865601	-119.518921
6378.538513	-120.350868
6379.211426	-119.991173
6379.884338	-119.615051
6380.557251	-119.880600
6381.230164	-120.204025
6381.903076	-120.350189
6382.575989	-120.355331
6383.248901	-119.848495
6383.921814	-119.665443
6384.594727	-119.573524
6385.267639	-119.256775
6385.940552	-119.432701
6386.613464	-119.629189
6387.286377	-119.299530
6387.959290	-119.997993
6388.632202	-120.334396
6389.305115	-119.405136
6389.978027	-119.628517
6390.650940	-120.074066
6391.323853	-120.552902
6391.996765	-120.199631
6392.669678	-119.908134
6393.342590	-120.078102
6394.015503	-120.307137
6394.688416	-120.393036
6395.361328	-119.743111
6396.034241	-119.374710
6396.707153	-119.760483
6397.380066	-119.642982
6398.052979	-119.611534
6398.725891	-119.439972
6399.398804	-119.581802
6400.071716	-119.410309
6400.744629	-119.379143
6401.417542	-119.951996
6402.090454	-120.242401
6402.763367	-119.460999
6403.436279	-119.801582
6404.109192	-119.749115
6404.782104	-119.726303
6405.455017	-119.821930
6406.127930	-119.485252
6406.800842	-119.219589
6407.473755	-120.259499
6408.146667	-119.760658
6408.819580	-119.934822
6409.492493	-119.826447
6410.165405	-119.991241
6410.838318	-120.267281
6411.511230	-119.774040
6412.184143	-119.848923
6412.857056	-119.431953
6413.529968	-119.116760
6414.202881	-118.886642
6414.875793	-119.366119
6415.548706	-119.258896
6416.221619	-119.040428
6416.894531	-119.393829
6417.567444	-119.448593
6418.240356	-119.262466
6418.913269	-118.941391
6419.586182	-119.170593
6420.259094	-119.902008
6420.932007	-120.278305
6421.604919	-119.748688
6422.277832	-119.920204
6422.950745	-119.755898
6423.623657	-119.791962
6424.296570	-119.610405
6424.969482	-120.011574
6425.642395	-119.933739
6426.315308	-119.413574
6426.988220	-119.702515
6427.661133	-119.837410
6428.334045	-119.720261
6429.006958	-120.066887
6429.679871	-119.947800
6430.352783	-120.156036
6431.025696	-120.386444
6431.698608	-119.834160
6432.371521	-119.850304
6433.044434	-119.623619
6433.717346	-120.144775
6434.390259	-119.763580
6435.063171	-119.527626
6435.736084	-119.684624
6436.408997	-120.163719
6437.081909	-120.100227
6437.754822	-119.493088
6438.427734	-119.120323
6439.100647	-119.220177
6439.773560	-119.799759
6440.446472	-120.000603
6441.119385	-120.064850
6441.792297	-119.738449
6442.465210	-119.338013
6443.138123	-119.617630
6443.811035	-119.708549
6444.483948	-120.037613
6445.156860	-120.556412
6445.829773	-120.381470
6446.502686	-119.880692
6447.175598	-120.202682
6447.848511	-119.908669
6448.521423	-119.435745
6449.194336	-119.557785
6449.867249	-120.003906
6450.540161	-120.198105
6451.213074	-119.776360
6451.885986	-119.025826
6452.558899	-119.634628
6453.231812	-120.001686
6453.904724	-120.026627
6454.577637	-119.898163
6455.250549	-120.030975
6455.923462	-120.176529
6456.596375	-119.497757
6457.269287	-119.049461
6457.942200	-119.738548
6458.615112	-120.132416
6459.288025	-120.140030
6459.960938	-119.809456
6460.633850	-119.330757
6461.306763	-119.383438
6461.979675	-120.350060
6462.652588	-120.147675
6463.325500	-119.779572
6463.998413	-119.879829
6464.671326	-120.197479
6465.344238	-120.680351
6466.017151	-120.192924
6466.690063	-120.424118
6467.362976	-120.587234
6468.035889	-119.850632
6468.708801	-119.981834
6469.381714	-119.774742
6470.054626	-119.886971
6470.727539	-119.957588
6471.400452	-119.860901
6472.073364	-119.812759
6472.746277	-119.955383
6473.419189	-119.943390
6474.092102	-119.592232
6474.765015	-119.928200
6475.437927	-120.004349
6476.110840	-120.434723
6476.783752	-120.357338
6477.456665	-119.659012
6478.129578	-119.879311
6478.802490	-119.682205
6479.475403	-120.038765
6480.148315	-120.223335
6480.821228	-120.238678
6481.494141	-119.913628
6482.167053	-119.515465
6482.839966	-119.426407
6483.512878	-119.354355
6484.185791	-120.018570
6484.858704	-120.142769
6485.531616	-119.534523
6486.204529	-119.931786
6486.877441	-120.099487
6487.550354	-119.697647
6488.223267	-120.158279
6488.896179	-120.147659
6489.569092	-119.379128
6490.242004	-119.250725
6490.914917	-119.674019
6491.587830	-119.271683
6492.260742	-119.181633
6492.933655	-119.590614
6493.606567	-119.533867
6494.279480	-119.707619
6494.952393	-119.860596
6495.625305	-119.498070
6496.298218	-119.529564
6496.971130	-120.442230
6497.644043	-120.004898
6498.316956	-119.755424
6498.989868	-119.820869
6499.662781	-119.580582
6500.335693	-119.979843
6501.008606	-119.531937
6501.681519	-119.390282
6502.354431	-119.697998
6503.027344	-119.674797
6503.700256	-119.866783
6504.373169	-119.533295
6505.046082	-119.059242
6505.718994	-119.681633
6506.391907	-119.700859
6507.064819	-119.879120
6507.737732	-120.220238
6508.410645	-119.983406
6509.083557	-120.258018
6509.756470	-119.940445
6510.429382	-119.958183
6511.102295	-120.047668
6511.775208	-119.953438
6512.448120	-119.887711
6513.121033	-119.884300
6513.793945	-120.061363
6514.466858	-120.581177
6515.139771	-119.941536
6515.812683	-119.604362
6516.485596	-120.186104
6517.158508	-120.262436
6517.831421	-119.988922
6518.504333	-120.039185
6519.177246	-119.983467
6519.850159	-119.873703
6520.523071	-119.989746
6521.195984	-119.755997
6521.868896	-119.391670
6522.541809	-119.886284
6523.214722	-120.605904
6523.887634	-120.137383
6524.560547	-119.404144
6525.233459	-119.623779
6525.906372	-119.186577
6526.579285	-119.487251
6527.252197	-119.291634
6527.925110	-119.075111
6528.598022	-119.216934
6529.270935	-119.573967
6529.943848	-119.628548
6530.616760	-120.417923
6531.289673	-119.710938
6531.962585	-119.617294
6532.635498	-119.719009
6533.308411	-119.136353
6533.981323	-119.381332
6534.654236	-120.142868
6535.327148	-120.312485
6536.000061	-119.910172
6536.672974	-119.618202
6537.345886	-119.685616
6538.018799	-119.274254
6538.691711	-119.329681
6539.364624	-118.940392
6540.037537	-119.250992
6540.710449	-118.927170
6541.383362	-118.578552
6542.056274	-118.812599
6542.729187	-119.221489
6543.402100	-119.215500
6544.075012	-118.749603
6544.747925	-119.056099
6545.420837	-119.337708
6546.093750	-118.861198
6546.766663	-118.851517
6547.439575	-118.259064
6548.112488	-118.786270
6548.785400	-118.572533
6549.458313	-118.657219
6550.131226	-119.005775
6550.804138	-119.409447
6551.477051	-120.061432
6552.149963	-118.974846
6552.822876	-119.262375
6553.495789	-119.925369
6554.168701	-120.034897
6554.841614	-119.847343
6555.514526	-119.654503
6556.187439	-119.479919
6556.860352	-119.179092
6557.533264	-119.568253
6558.206177	-120.554070
6558.879089	-119.981995
6559.552002	-119.834778
6560.224915	-119.801895
6560.897827	-119.689240
6561.570740	-119.800194
6562.243652	-120.028397
6562.916565	-120.179688
6563.589478	-119.637909
6564.262390	-119.980186
6564.935303	-120.783539
6565.608215	-120.698738
6566.281128	-119.996727
6566.954041	-119.846825
6567.626953	-120.706680
6568.299866	-120.738785
6568.972778	-119.815102
6569.645691	-120.468384
6570.318604	-120.383537
6570.991516	-120.140198
6571.664429	-119.912987
6572.337341	-119.424423
6573.010254	-119.257690
6573.683167	-119.359375
6574.356079	-119.535698
6575.028992	-120.098824
6575.701904	-119.852150
6576.374817	-119.803490
6577.047729	-119.958084
6577.720642	-119.984512
6578.393555	-119.751854
6579.066467	-120.128250
6579.739380	-120.223373
6580.412292	-120.097862
6581.085205	-119.934784
6581.758118	-120.307297
6582.431030	-120.263817
6583.103943	-120.513138
6583.776855	-120.372887
6584.449768	-120.266899
6585.122681	-119.818611
6585.795593	-120.175911
6586.468506	-120.073524
6587.141418	-120.160873
6587.814331	-120.033997
6588.487244	-119.830467
6589.160156	-119.183243
6589.833069	-119.737099
6590.505981	-119.881577
6591.178894	-119.664497
6591.851807	-120.001434
6592.524719	-119.977707
6593.197632	-120.624718
6593.870544	-120.194992
6594.543457	-119.880280
6595.216370	-119.900490
6595.889282	-119.713707
6596.562195	-119.611359
6597.235107	-120.018616
6597.908020	-119.590416
6598.580933	-119.397919
6599.253845	-119.254776
6599.926758	-118.643944
6600.599670	-119.248894
6601.272583	-119.646034
6601.945496	-118.933647
6602.618408	-118.843849
6603.291321	-119.085007
6603.964233	-119.188271
6604.637146	-118.706604
6605.310059	-119.035759
6605.982971	-119.120743
6606.655884	-119.613548
6607.328796	-119.881813
6608.001709	-119.526497
6608.674622	-119.405823
6609.347534	-119.557556
6610.020447	-119.829224
6610.693359	-119.892044
6611.366272	-119.425606
6612.039185	-119.743347
6612.712097	-119.564903
6613.385010	-119.298553
6614.057922	-119.670906
6614.730835	-119.537682
6615.403748	-119.397018
6616.076660	-120.108383
6616.749573	-120.329391
6617.422485	-120.036285
6618.095398	-119.443558
6618.768311	-118.881836
6619.441223	-119.130806
6620.114136	-119.357109
6620.787048	-119.934952
6621.459961	-120.153984
6622.132874	-120.164154
6622.805786	-120.106506
6623.478699	-120.436119
6624.151611	-120.407661
6624.824524	-119.884903
6625.497437	-120.125099
6626.170349	-119.679413
6626.843262	-119.639198
6627.516174	-120.312798
6628.189087	-120.397499
6628.862000	-119.969803
6629.534912	-119.945900
6630.207825	-119.588905
6630.880737	-119.589104
6631.553650	-120.218681
6632.226562	-120.277130
6632.899475	-120.552498
6633.572388	-120.397888
6634.245300	-120.405273
6634.918213	-120.040070
6635.591125	-119.531372
6636.264038	-119.668785
6636.936951	-119.760735
6637.609863	-119.695854
6638.282776	-119.407753
6638.955688	-119.258942
6639.628601	-119.732262
6640.301514	-119.436813
6640.974426	-119.238091
6641.647339	-119.595039
6642.320251	-119.810440
6642.993164	-119.757767
6643.666077	-119.799889
6644.338989	-119.900711
6645.011902	-119.489929
6645.684814	-120.054550
6646.357727	-119.408707
6647.030640	-118.937233
6647.703552	-119.711891
6648.376465	-119.645760
6649.049377	-119.325836
6649.722290	-120.421738
6650.395203	-119.964073
6651.068115	-119.899429
6651.741028	-120.424927
6652.413940	-119.997253
6653.086853	-120.200554
6653.759766	-119.827553
6654.432678	-119.547661
6655.105591	-119.607941
6655.778503	-119.512817
6656.451416	-119.781601
6657.124329	-119.807343
6657.797241	-119.962440
6658.470154	-119.979591
6659.143066	-119.837250
6659.815979	-120.180382
6660.488892	-120.337616
6661.161804	-119.883957
6661.834717	-119.889450
6662.507629	-120.047539
6663.180542	-120.314262
6663.853455	-120.127083
6664.526367	-119.741478
6665.199280	-119.813278
6665.872192	-119.671059
6666.545105	-119.864212
6667.218018	-119.625336
6667.890930	-118.773727
6668.563843	-118.842262
6669.236755	-119.668243
6669.909668	-119.205643
6670.582581	-119.442749
6671.255493	-119.479019
6671.928406	-119.540649
6672.601318	-118.846329
6673.274231	-118.763199
6673.947144	-118.544647
6674.620056	-118.492821
6675.292969	-118.161674
6675.965881	-117.963882
6676.638794	-118.056557
6677.311707	-118.281387
6677.984619	-118.511726
6678.657532	-118.845879
6679.330444	-119.208984
6680.003357	-119.365646
6680.676270	-119.191788
6681.349182	-119.869934
6682.022095	-119.249069
6682.695007	-119.427055
6683.367920	-119.434616
6684.040833	-118.860054
6684.713745	-119.100067
6685.386658	-119.633453
6686.059570	-118.958649
6686.732483	-118.968529
6687.405396	-119.311333
6688.078308	-119.369446
6688.751221	-119.531090
6689.424133	-119.006523
6690.097046	-118.653038
6690.769958	-119.077095
6691.442871	-119.240547
6692.115784	-119.453125
6692.788696	-119.781807
6693.461609	-120.338974
6694.134521	-120.283714
6694.807434	-120.063698
6695.480347	-119.488800
6696.153259	-119.498604
6696.826172	-120.021072
6697.499084	-120.276794
6698.171997	-119.760315
6698.844910	-119.644485
6699.517822	-119.699455
6700.190735	-119.829880
6700.863647	-119.158104
6701.536560	-119.283279
6702.209473	-119.309509
6702.882385	-119.741142
6703.555298	-119.394722
6704.228210	-119.118629
6704.901123	-119.009247
6705.574036	-119.199562
6706.246948	-119.204842
6706.919861	-119.226288
6707.592773	-119.194054
6708.265686	-119.407249
6708.938599	-119.362045
6709.611511	-119.182411
6710.284424	-118.341614
6710.957336	-119.056374
6711.630249	-118.904053
6712.303162	-119.097054
6712.976074	-118.730827
6713.648987	-118.422676
6714.321899	-118.736450
6714.994812	-119.472130
6715.667725	-119.590309
6716.340637	-119.694725
6717.013550	-119.228195
6717.686462	-119.249458
6718.359375	-119.832733
6719.032288	-119.512093
6719.705200	-119.720398
6720.378113	-120.429207
6721.051025	-119.881226
6721.723938	-119.657501
6722.396851	-119.338913
6723.069763	-119.335304
6723.742676	-119.911301
6724.415588	-119.655960
6725.088501	-119.555084
6725.761414	-119.030807
6726.434326	-119.076218
6727.107239	-119.080406
6727.780151	-119.471138
6728.453064	-119.590805
6729.125977	-119.786369
6729.798889	-119.924797
6730.471802	-119.930962
6731.144714	-120.038124
6731.817627	-120.019676
6732.490540	-119.409225
6733.163452	-119.841141
6733.836365	-120.187485
6734.509277	-120.338615
6735.182190	-120.051094
6735.855103	-119.591225
6736.528015	-119.870293
6737.200928	-119.696869
6737.873840	-119.528107
6738.546753	-120.151764
6739.219666	-120.341713
6739.892578	-120.145691
6740.565491	-119.724182
6741.238403	-119.402336
6741.911316	-119.712791
6742.584229	-119.334229
6743.257141	-119.308075
6743.930054	-119.994316
6744.602966	-119.723946
6745.275879	-119.721069
6745.948792	-120.026970
6746.621704	-120.222244
6747.294617	-119.794113
6747.967529	-120.025742
6748.640442	-119.972504
6749.313354	-120.477699
6749.986267	-120.468903
6750.659180	-119.775986
6751.332092	-119.176987
6752.005005	-119.091698
6752.677917	-119.216682
6753.350830	-119.891319
6754.023743	-120.131485
6754.696655	-120.092758
6755.369568	-120.243988
6756.042480	-120.103767
6756.715393	-119.896515
6757.388306	-119.542320
6758.061218	-120.518143
6758.734131	-120.320671
6759.407043	-119.914009
6760.079956	-119.690384
6760.752869	-119.319145
6761.425781	-119.941917
6762.098694	-119.362999
6762.771606	-118.874580
6763.444519	-119.281403
6764.117432	-119.283279
6764.790344	-119.161308
6765.463257	-119.262314
6766.136169	-119.677864
6766.809082	-120.139259
6767.481995	-119.613274
6768.154907	-119.159782
6768.827820	-119.392639
6769.500732	-119.535538
6770.173645	-119.787331
6770.846558	-119.615829
6771.519470	-119.621498
6772.192383	-119.644974
6772.865295	-119.316650
6773.538208	-119.528831
6774.211121	-119.670555
6774.884033	-119.622009
6775.556946	-119.168930
6776.229858	-119.007759
6776.902771	-118.435829
6777.575684	-119.095146
6778.248596	-119.250244
6778.921509	-119.340294
6779.594421	-119.545357
6780.267334	-119.386299
6780.940247	-119.107895
6781.613159	-119.146912
6782.286072	-119.384659
6782.958984	-118.981827
6783.631897	-119.124893
6784.304810	-118.954483
6784.977722	-119.122330
6785.650635	-118.942863
6786.323547	-118.857704
6786.996460	-119.744614
6787.669373	-119.503685
6788.342285	-119.294754
6789.015198	-120.326767
6789.688110	-119.937431
6790.361023	-119.888290
6791.033936	-119.935158
6791.706848	-120.098663
6792.379761	-119.612602
6793.052673	-119.746819
6793.725586	-119.482246
6794.398499	-119.188683
6795.071411	-119.357162
6795.744324	-119.797356
6796.417236	-119.505966
6797.090149	-119.099236
6797.763062	-119.560768
6798.435974	-119.905411
6799.108887	-119.800415
6799.781799	-119.665123
6800.454712	-119.670113
6801.127625	-119.446243
6801.800537	-119.510880
6802.473450	-120.097893
6803.146362	-120.096764
6803.819275	-120.160316
6804.492188	-120.378006
6805.165100	-119.610558
6805.838013	-119.474388
6806.510925	-119.761780
6807.183838	-119.811920
6807.856750	-120.687180
6808.529663	-120.166016
6809.202576	-120.116226
6809.875488	-119.797302
6810.548401	-119.384079
6811.221313	-119.544258
6811.894226	-119.699173
6812.567139	-119.836563
6813.240051	-120.233170
6813.912964	-119.894867
6814.585876	-119.584259
6815.258789	-119.426010
6815.931702	-120.004883
6816.604614	-120.219765
6817.277527	-120.037277
6817.950439	-119.763313
6818.623352	-119.856041
6819.296265	-119.827934
6819.969177	-119.984940
6820.642090	-119.723701
6821.315002	-120.162453
6821.987915	-119.928253
6822.660828	-120.240311
6823.333740	-120.065514
6824.006653	-120.197594
6824.679565	-119.578590
6825.352478	-119.587868
6826.025391	-120.249573
6826.698303	-120.339409
6827.371216	-119.727066
6828.044128	-119.565521
6828.717041	-119.549629
6829.389954	-120.316833
6830.062866	-120.471519
6830.735779	-119.721504
6831.408691	-120.089035
6832.081604	-120.511078
6832.754517	-120.204628
6833.427429	-119.837143
6834.100342	-119.788452
6834.773254	-119.415794
6835.446167	-119.577507
6836.119080	-119.784996
6836.791992	-119.958496
6837.464905	-119.619362
6838.137817	-119.460190
6838.810730	-119.720146
6839.483643	-119.501144
6840.156555	-119.388618
6840.829468	-119.668076
6841.502380	-119.491203
6842.175293	-119.506500
6842.848206	-120.057869
6843.521118	-119.981400
6844.194031	-119.992798
6844.866943	-119.415451
6845.539856	-119.283791
6846.212769	-120.026955
6846.885681	-119.669205
6847.558594	-119.528732
6848.231506	-119.901093
6848.904419	-119.907143
6849.577332	-119.971893
6850.250244	-119.829918
6850.923157	-119.515068
6851.596069	-119.367188
6852.268982	-119.603081
6852.941895	-119.503761
6853.614807	-119.499695
6854.287720	-119.268616
6854.960632	-119.385796
6855.633545	-119.830887
6856.306458	-120.013443
6856.979370	-120.401283
6857.652283	-120.046997
6858.325195	-120.639328
6858.998108	-120.376793
6859.671021	-120.131767
6860.343933	-120.306023
6861.016846	-119.550415
6861.689758	-119.865311
6862.362671	-120.025490
6863.035583	-119.911331
6863.708496	-119.029160
6864.381409	-119.242065
6865.054321	-119.506744
6865.727234	-119.713547
6866.400146	-119.265755
6867.073059	-119.459229
6867.745972	-119.444550
6868.418884	-119.237213
6869.091797	-119.142349
6869.764709	-119.268105
6870.437622	-119.514290
6871.110535	-119.425659
6871.783447	-119.037689
6872.456360	-119.034996
6873.129272	-119.649864
6873.802185	-119.280136
6874.475098	-119.114769
6875.148010	-119.580246
6875.820923	-119.355614
6876.493835	-119.427917
6877.166748	-119.525749
6877.839661	-119.714661
6878.512573	-119.777145
6879.185486	-120.004753
6879.858398	-119.381897
6880.531311	-119.713036
6881.204224	-119.700600
6881.877136	-119.881432
6882.550049	-119.305618
6883.222961	-119.201393
6883.895874	-119.487083
6884.568787	-119.275414
6885.241699	-119.486938
6885.914612	-119.782318
6886.587524	-119.525764
6887.260437	-119.102219
6887.933350	-119.231270
6888.606262	-118.872307
6889.279175	-119.502953
6889.952087	-120.145126
6890.625000	-119.528267
6891.297913	-119.881111
6891.970825	-120.378395
6892.643738	-120.425789
6893.316650	-120.080673
6893.989563	-119.478409
6894.662476	-119.518738
6895.335388	-119.843506
6896.008301	-119.234215
6896.681213	-119.168266
6897.354126	-119.194611
6898.027039	-119.313095
6898.699951	-119.096870
6899.372864	-119.220757
6900.045776	-118.780861
6900.718689	-119.399712
6901.391602	-120.012718
6902.064514	-119.462524
6902.737427	-119.144714
6903.410339	-119.471077
6904.083252	-120.160538
6904.756165	-120.336266
6905.429077	-119.702019
6906.101990	-119.842438
6906.774902	-120.009026
6907.447815	-119.477623
6908.120728	-120.134949
6908.793640	-120.598221
6909.466553	-120.554955
6910.139465	-120.505379
6910.812378	-119.347366
6911.485291	-119.635483
6912.158203	-120.072639
6912.831116	-119.442459
6913.504028	-119.843193
6914.176941	-119.509499
6914.849854	-120.024261
6915.522766	-119.629646
6916.195679	-119.601036
6916.868591	-119.778702
6917.541504	-119.804703
6918.214417	-119.316010
6918.887329	-120.024734
6919.560242	-120.534042
6920.233154	-120.216400
6920.906067	-119.901413
6921.578979	-119.754433
6922.251892	-119.865944
6922.924805	-119.728477
6923.597717	-119.047432
6924.270630	-119.158989
6924.943542	-119.359512
6925.616455	-119.457001
6926.289368	-119.711586
6926.962280	-119.463211
6927.635193	-119.090027
6928.308105	-119.434181
6928.981018	-119.415894
6929.653931	-119.235085
6930.326843	-119.194145
6930.999756	-119.489983
6931.672668	-120.233109
6932.345581	-120.062927
6933.018494	-119.551765
6933.691406	-119.601837
6934.364319	-119.844383
6935.037231	-119.580345
6935.710144	-119.359756
6936.383057	-119.363396
6937.055969	-119.507149
6937.728882	-119.302444
6938.401794	-119.094627
6939.074707	-119.395912
6939.747620	-119.155891
6940.420532	-119.761703
6941.093445	-119.473930
6941.766357	-119.200371
6942.439270	-118.707062
6943.112183	-119.117836
6943.785095	-119.520035
6944.458008	-119.107735
6945.130920	-119.080925
6945.803833	-119.196579
6946.476746	-119.355637
6947.149658	-119.176750
6947.822571	-118.514030
6948.495483	-118.891449
6949.168396	-118.755486
6949.841309	-118.864044
6950.514221	-119.021935
6951.187134	-118.643341
6951.860046	-118.612953
6952.532959	-119.372353
6953.205872	-119.245903
6953.878784	-118.711006
6954.551697	-119.416420
6955.224609	-119.891968
6955.897522	-119.258064
6956.570435	-119.183334
6957.243347	-119.132248
6957.916260	-119.342300
6958.589172	-118.926498
6959.262085	-118.246452
6959.934998	-118.758614
6960.607910	-119.056007
6961.280823	-118.957542
6961.953735	-118.885078
6962.626648	-119.030258
6963.299561	-118.958328
6963.972473	-118.744118
6964.645386	-118.818550
6965.318298	-119.421494
6965.991211	-118.754639
6966.664124	-118.821426
6967.337036	-119.263390
6968.009949	-118.832207
6968.682861	-119.016098
6969.355774	-119.517830
6970.028687	-119.434433
6970.701599	-119.571465
6971.374512	-119.948532
6972.047424	-120.147766
6972.720337	-119.393028
6973.393250	-119.750755
6974.066162	-119.636215
6974.739075	-119.266861
6975.411987	-118.505569
6976.084900	-118.587532
6976.757812	-118.981033
6977.430725	-118.880447
6978.103638	-118.453987
6978.776550	-118.752121
6979.449463	-118.534927
6980.122375	-118.717232
6980.795288	-118.955299
6981.468201	-118.757530
6982.141113	-118.852264
6982.814026	-118.768013
6983.486938	-118.919067
6984.159851	-118.715637
6984.832764	-119.217796
6985.505676	-119.654556
6986.178589	-119.996277
6986.851501	-119.604912
6987.524414	-119.664139
6988.197327	-119.650063
6988.870239	-119.588211
6989.543152	-119.572342
6990.216064	-119.689285
6990.888977	-119.169914
6991.561890	-119.097534
6992.234802	-119.374359
6992.907715	-119.183434
6993.580627	-119.648468
6994.253540	-119.946373
6994.926453	-120.190605
6995.599365	-119.795815
6996.272278	-119.466736
6996.945190	-119.758919
6997.618103	-120.118538
6998.291016	-119.531250
6998.963928	-119.314209
6999.636841	-119.649384
7000.309753	-119.572533
7000.982666	-120.399261
7001.655579	-119.807487
7002.328491	-119.697670
7003.001404	-120.316818
7003.674316	-119.739395
7004.347229	-120.057381
7005.020142	-119.462219
7005.693054	-118.956978
7006.365967	-119.137810
7007.038879	-119.446159
7007.711792	-119.440109
7008.384705	-118.929207
7009.057617	-118.654808
7009.730530	-119.069344
7010.403442	-119.261002
7011.076355	-119.552788
7011.749268	-119.337746
7012.422180	-119.193649
7013.095093	-119.217155
7013.768005	-118.963440
7014.440918	-118.785225
7015.113831	-119.291008
7015.786743	-119.643623
7016.459656	-119.735672
7017.132568	-119.424583
7017.805481	-119.466476
7018.478394	-119.194542
7019.151306	-119.900520
7019.824219	-119.402748
7020.497131	-119.369591
7021.170044	-119.672157
7021.842957	-119.531494
7022.515869	-118.840897
7023.188782	-119.752014
7023.861694	-119.797432
7024.534607	-119.403664
7025.207520	-119.422775
7025.880432	-119.622520
7026.553345	-119.834488
7027.226257	-119.275917
7027.899170	-119.462898
7028.572083	-119.708176
7029.244995	-119.385712
7029.917908	-119.363159
7030.590820	-119.248459
7031.263733	-119.640923
7031.936646	-119.350456
7032.609558	-118.925026
7033.282471	-119.005135
7033.955383	-119.704483
7034.628296	-119.851517
7035.301208	-119.329941
7035.974121	-119.915024
7036.647034	-120.141052
7037.319946	-119.851860
7037.992859	-119.366425
7038.665771	-119.243439
7039.338684	-119.408607
7040.011597	-119.788879
7040.684509	-119.686684
7041.357422	-119.438667
7042.030334	-119.859016
7042.703247	-119.087936
7043.376160	-118.880928
7044.049072	-119.263512
7044.721985	-119.559120
7045.394897	-119.266548
7046.067810	-119.520546
7046.740723	-119.782433
7047.413635	-118.982704
7048.086548	-118.083153
7048.759460	-118.792549
7049.432373	-118.935356
7050.105286	-119.351517
7050.778198	-119.360840
7051.451111	-119.232010
7052.124023	-118.825409
7052.796936	-118.962654
7053.469849	-119.530846
7054.142761	-119.325050
7054.815674	-119.665932
7055.488586	-119.449600
7056.161499	-119.640961
7056.834412	-119.358521
7057.507324	-120.050079
7058.180237	-119.820480
7058.853149	-119.409393
7059.526062	-119.643623
7060.198975	-119.941948
7060.871887	-120.202339
7061.544800	-120.205482
7062.217712	-119.897743
7062.890625	-120.202820
7063.563538	-120.389313
7064.236450	-120.064079
7064.909363	-119.793198
7065.582275	-119.671646
7066.255188	-119.555489
7066.928101	-119.500847
7067.601013	-119.392403
7068.273926	-119.197411
7068.946838	-118.772247
7069.619751	-118.420395
7070.292664	-118.537544
7070.965576	-117.614616
7071.638489	-116.761703
7072.311401	-117.145950
7072.984314	-117.545403
7073.657227	-117.710144
7074.330139	-117.772942
7075.003052	-117.341904
7075.675964	-117.443581
7076.348877	-117.464043
7077.021790	-117.988182
7077.694702	-117.308319
7078.367615	-117.676239
7079.040527	-117.870552
7079.713440	-117.484116
7080.386353	-117.390785
7081.059265	-117.578598
7081.732178	-117.944862
7082.405090	-116.789223
7083.078003	-116.307373
7083.750916	-116.778145
7084.423828	-117.503609
7085.096741	-117.220482
7085.769653	-117.131737
7086.442566	-117.833839
7087.115479	-117.961464
7087.788391	-118.532318
7088.461304	-118.272339
7089.134216	-117.577545
7089.807129	-118.350372
7090.480042	-118.568214
7091.152954	-117.961906
7091.825867	-118.074974
7092.498779	-118.320236
7093.171692	-118.552635
7093.844604	-118.370781
7094.517517	-118.746330
7095.190430	-118.495407
7095.863342	-117.815765
7096.536255	-117.547272
7097.209167	-118.693718
7097.882080	-118.157372
7098.554993	-118.038795
7099.227905	-118.439720
7099.900818	-118.433464
7100.573730	-118.334160
7101.246643	-118.558739
7101.919556	-118.656227
7102.592468	-118.810165
7103.265381	-118.779854
7103.938293	-119.155029
7104.611206	-119.483589
7105.284119	-119.527199
7105.957031	-119.334747
7106.629944	-119.377510
7107.302856	-119.731056
7107.975769	-119.793602
7108.648682	-119.885048
7109.321594	-119.894524
7109.994507	-119.263962
7110.667419	-118.808426
7111.340332	-119.084740
7112.013245	-119.446938
7112.686157	-119.530319
7113.359070	-119.702690
7114.031982	-120.405663
7114.704895	-120.146767
7115.377808	-119.402748
7116.050720	-118.949402
7116.723633	-118.575531
7117.396545	-118.989220
7118.069458	-119.219162
7118.742371	-119.766197
7119.415283	-120.165588
7120.088196	-119.423080
7120.761108	-119.627403
7121.434021	-119.442276
7122.106934	-119.606003
7122.779846	-119.853973
7123.452759	-119.484146
7124.125671	-119.852959
7124.798584	-120.346451
7125.471497	-119.532440
7126.144409	-119.245384
7126.817322	-119.630295
7127.490234	-119.348946
7128.163147	-119.562714
7128.836060	-119.716034
7129.508972	-119.270683
7130.181885	-118.774246
7130.854797	-119.158615
7131.527710	-119.694656
7132.200623	-119.246422
7132.873535	-119.531342
7133.546448	-119.783302
7134.219360	-119.148361
7134.892273	-119.483650
7135.565186	-119.506470
7136.238098	-119.808563
7136.911011	-119.336044
7137.583923	-118.733101
7138.256836	-118.694183
7138.929749	-118.714859
7139.602661	-119.129890
7140.275574	-118.966080
7140.948486	-119.461578
7141.621399	-119.135353
7142.294312	-119.324059
7142.967224	-119.277466
7143.640137	-119.210663
7144.313049	-119.471207
7144.985962	-119.468628
7145.658875	-119.850159
7146.331787	-119.519432
7147.004700	-118.980286
7147.677612	-119.548088
7148.350525	-119.295036
7149.023438	-119.062065
7149.696350	-118.722008
7150.369263	-118.997597
7151.042175	-118.912926
7151.715088	-119.533600
7152.388000	-119.937347
7153.060913	-119.610779
7153.733826	-119.450340
7154.406738	-119.013351
7155.079651	-118.869675
7155.752563	-118.510010
7156.425476	-118.040482
7157.098389	-118.056511
7157.771301	-118.572876
7158.444214	-118.737114
7159.117126	-118.614212
7159.790039	-119.016594
7160.462952	-119.005142
7161.135864	-119.135460
7161.808777	-119.418289
7162.481689	-119.745041
7163.154602	-118.798042
7163.827515	-118.975822
7164.500427	-118.963150
7165.173340	-118.561958
7165.846252	-118.334274
7166.519165	-118.219780
7167.192078	-118.421181
7167.864990	-117.792923
7168.537903	-117.331421
7169.210815	-118.123619
7169.883728	-118.668495
7170.556641	-118.766304
7171.229553	-119.519890
7171.902466	-119.905716
7172.575378	-119.606308
7173.248291	-120.035721
7173.921204	-119.007637
7174.594116	-118.747887
7175.267029	-119.254036
7175.939941	-119.367783
7176.612854	-119.869133
7177.285767	-119.126114
7177.958679	-118.365005
7178.631592	-119.137123
7179.304504	-119.080681
7179.977417	-118.456940
7180.650330	-118.010963
7181.323242	-118.265480
7181.996155	-118.595100
7182.669067	-117.996521
7183.341980	-118.048782
7184.014893	-118.830429
7184.687805	-118.915802
7185.360718	-118.530045
7186.033630	-118.271797
7186.706543	-118.287094
7187.379456	-118.361862
7188.052368	-118.180885
7188.725281	-118.390610
7189.398193	-118.610718
7190.071106	-118.477829
7190.744019	-118.194687
7191.416931	-118.122643
7192.089844	-118.139954
7192.762756	-118.568855
7193.435669	-118.372406
7194.108582	-118.013863
7194.781494	-118.320663
7195.454407	-118.336067
7196.127319	-118.315247
7196.800232	-118.000931
7197.473145	-118.001984
7198.146057	-118.549858
7198.818970	-118.373428
7199.491882	-118.233604
7200.164795	-118.903168
7200.837708	-119.306206
7201.510620	-119.368660
7202.183533	-118.994720
7202.856445	-118.857651
7203.529358	-118.545029
7204.202271	-118.717361
7204.875183	-119.127510
7205.548096	-119.150627
7206.221008	-119.748680
7206.893921	-119.685829
7207.566833	-119.165520
7208.239746	-118.804214
7208.912659	-118.893509
7209.585571	-119.527840
7210.258484	-119.556015
7210.931396	-118.966530
7211.604309	-119.706161
7212.277222	-120.483818
7212.950134	-120.061340
7213.623047	-119.581444
7214.295959	-119.560326
7214.968872	-119.241478
7215.641785	-118.622803
7216.314697	-119.184532
7216.987610	-119.823875
7217.660522	-119.093590
7218.333435	-119.446259
7219.006348	-119.674385
7219.679260	-119.220909
7220.352173	-119.191368
7221.025085	-119.158081
7221.697998	-118.837402
7222.370911	-118.769630
7223.043823	-118.559685
7223.716736	-118.707619
7224.389648	-118.604362
7225.062561	-118.564262
7225.735474	-118.259354
7226.408386	-118.263962
7227.081299	-117.886871
7227.754211	-118.644493
7228.427124	-119.050407
7229.100037	-118.869644
7229.772949	-118.151855
7230.445862	-118.629890
7231.118774	-118.693260
7231.791687	-118.772598
7232.464600	-118.818504
7233.137512	-119.296028
7233.810425	-119.578438
7234.483337	-119.114792
7235.156250	-118.878143
7235.829163	-119.326630
7236.502075	-119.053848
7237.174988	-118.876007
7237.847900	-119.153038
7238.520813	-118.886612
7239.193726	-119.426765
7239.866638	-119.355194
7240.539551	-118.844551
7241.212463	-119.093246
7241.885376	-118.963364
7242.558289	-118.955154
7243.231201	-119.511482
7243.904114	-119.865784
7244.577026	-119.693031
7245.249939	-119.419670
7245.922852	-120.061440
7246.595764	-119.860626
7247.268677	-119.292953
7247.941589	-119.307175
7248.614502	-119.215408
7249.287415	-119.862785
7249.960327	-119.407471
7250.633240	-119.243896
7251.306152	-119.452934
7251.979065	-119.034538
7252.651978	-119.414558
7253.324890	-120.089478
7253.997803	-119.298378
7254.670715	-118.863365
7255.343628	-119.123665
7256.016541	-119.522003
7256.689453	-118.845810
7257.362366	-118.970131
7258.035278	-119.018600
7258.708191	-119.205338
7259.381104	-119.825005
7260.054016	-119.296745
7260.726929	-119.007469
7261.399841	-119.077934
7262.072754	-119.353996
7262.745667	-119.501076
7263.418579	-119.269783
7264.091492	-119.425598
7264.764404	-119.683830
7265.437317	-119.534714
7266.110229	-119.394127
7266.783142	-119.475166
7267.456055	-119.609612
7268.128967	-119.698959
7268.801880	-119.424828
7269.474792	-119.075943
7270.147705	-119.225388
7270.820618	-119.019608
7271.493530	-118.898903
7272.166443	-119.428993
7272.839355	-119.420006
7273.512268	-119.397423
7274.185181	-118.963478
7274.858093	-118.635643
7275.531006	-119.233276
7276.203918	-119.981911
7276.876831	-118.821259
7277.549744	-118.342400
7278.222656	-118.679688
7278.895569	-118.693405
7279.568481	-118.945930
7280.241394	-119.192284
7280.914307	-119.054680
7281.587219	-118.858665
7282.260132	-119.225372
7282.933044	-119.188873
7283.605957	-119.011635
7284.278870	-119.427429
7284.951782	-119.979141
7285.624695	-119.883728
7286.297607	-119.461647
7286.970520	-119.736244
7287.643433	-120.123421
7288.316345	-120.317703
7288.989258	-119.545776
7289.662170	-119.194199
7290.335083	-119.142509
7291.007996	-118.995560
7291.680908	-119.167397
7292.353821	-119.546692
7293.026733	-119.283379
7293.699646	-119.164680
7294.372559	-119.609344
7295.045471	-119.752281
7295.718384	-119.365097
7296.391296	-119.643295
7297.064209	-120.122887
7297.737122	-119.763214
7298.410034	-118.891350
7299.082947	-119.431587
7299.755859	-119.034943
7300.428772	-119.327339
7301.101685	-119.160194
7301.774597	-118.979317
7302.447510	-118.970901
7303.120422	-118.804398
7303.793335	-119.377502
7304.466248	-119.903862
7305.139160	-120.106628
7305.812073	-118.990913
7306.484985	-118.461052
7307.157898	-119.204414
7307.830811	-119.465332
7308.503723	-119.627426
7309.176636	-120.257736
7309.849548	-119.475227
7310.522461	-118.994385
7311.195374	-118.955124
7311.868286	-118.869713
7312.541199	-119.153908
7313.214111	-118.583717
7313.887024	-118.851097
7314.559937	-119.235321
7315.232849	-119.542953
7315.905762	-119.218765
7316.578674	-119.410492
7317.251587	-119.730873
7317.924500	-120.036613
7318.597412	-119.632469
7319.270325	-119.776756
7319.943237	-120.315613
7320.616150	-119.792389
7321.289062	-119.617683
7321.961975	-119.486992
7322.634888	-119.562653
7323.307800	-119.196487
7323.980713	-119.549423
7324.653625	-119.426346
7325.326538	-119.160507
7325.999451	-119.177361
7326.672363	-119.649185
7327.345276	-119.867538
7328.018188	-119.680145
7328.691101	-119.920570
7329.364014	-120.241982
7330.036926	-120.331757
7330.709839	-119.468239
7331.382751	-119.607124
7332.055664	-119.483017
7332.728577	-119.808403
7333.401489	-119.249847
7334.074402	-119.782852
7334.747314	-119.936928
7335.420227	-119.701683
7336.093140	-119.413307
7336.766052	-119.078339
7337.438965	-119.455841
7338.111877	-119.040176
7338.784790	-118.813400
7339.457703	-118.921211
7340.130615	-119.268173
7340.803528	-119.466820
7341.476440	-119.244797
7342.149353	-119.315201
7342.822266	-119.519974
7343.495178	-119.643005
7344.168091	-119.639084
7344.841003	-119.237686
7345.513916	-118.923035
7346.186829	-119.053940
7346.859741	-119.296539
7347.532654	-119.561211
7348.205566	-119.554092
7348.878479	-119.530022
7349.551392	-119.037315
7350.224304	-118.806618
7350.897217	-118.944962
7351.570129	-119.175354
7352.243042	-119.883392
7352.915955	-119.359612
7353.588867	-118.638100
7354.261780	-119.343025
7354.934692	-118.863663
7355.607605	-119.331558
7356.280518	-119.863274
7356.953430	-119.881294
7357.626343	-119.397598
7358.299255	-119.911926
7358.972168	-119.643364
7359.645081	-119.559052
7360.317993	-119.888176
7360.990906	-119.919952
7361.663818	-119.481667
7362.336731	-119.724808
7363.009644	-119.390007
7363.682556	-119.412102
7364.355469	-119.335777
7365.028381	-119.048737
7365.701294	-119.278893
7366.374207	-119.811401
7367.047119	-119.543037
7367.720032	-119.632294
7368.392944	-119.240906
7369.065857	-119.473412
7369.738770	-119.510689
7370.411682	-119.086494
7371.084595	-119.493233
7371.757507	-120.068459
7372.430420	-119.376701
7373.103333	-119.328209
7373.776245	-119.358345
7374.449158	-119.478889
7375.122070	-119.694427
7375.794983	-119.905762
7376.467896	-119.082527
7377.140808	-119.049217
7377.813721	-119.530365
7378.486633	-118.810272
7379.159546	-119.301208
7379.832458	-119.875427
7380.505371	-120.047249
7381.178284	-119.342552
7381.851196	-119.821289
7382.524109	-119.370361
7383.197021	-119.202415
7383.869934	-118.941078
7384.542847	-119.023766
7385.215759	-119.650780
7385.888672	-119.976181
7386.561584	-119.605202
7387.234497	-119.362556
7387.907410	-119.422134
7388.580322	-119.881050
7389.253235	-119.859703
7389.926147	-119.376595
7390.599060	-118.929855
7391.271973	-119.559273
7391.944885	-119.157394
7392.617798	-119.036324
7393.290710	-118.713051
7393.963623	-118.889389
7394.636536	-119.241318
7395.309448	-119.184792
7395.982361	-118.968925
7396.655273	-119.113914
7397.328186	-119.065933
7398.001099	-118.702034
7398.674011	-118.919991
7399.346924	-119.307915
7400.019836	-120.003242
7400.692749	-119.464157
7401.365662	-119.393265
7402.038574	-119.590698
7402.711487	-120.014465
7403.384399	-119.933388
7404.057312	-119.562599
7404.730225	-119.648415
7405.403137	-119.947479
7406.076050	-120.248779
7406.748962	-119.217232
7407.421875	-118.960144
7408.094788	-119.092064
7408.767700	-118.783211
7409.440613	-118.547035
7410.113525	-118.587822
7410.786438	-118.773132
7411.459351	-118.277962
7412.132263	-118.480095
7412.805176	-118.580940
7413.478088	-118.851822
7414.151001	-118.630203
7414.823914	-118.431549
7415.496826	-118.391518
7416.169739	-118.793076
7416.842651	-118.556557
7417.515564	-118.331581
7418.188477	-118.363930
7418.861389	-118.911835
7419.534302	-118.933090
7420.207214	-119.119339
7420.880127	-119.233589
7421.553040	-118.709366
7422.225952	-119.308319
7422.898865	-119.225639
7423.571777	-119.198555
7424.244690	-119.723755
7424.917603	-119.059387
7425.590515	-118.912079
7426.263428	-119.564728
7426.936340	-119.940361
7427.609253	-119.214226
7428.282166	-119.308372
7428.955078	-119.531662
7429.627991	-118.723686
7430.300903	-118.785942
7430.973816	-118.830391
7431.646729	-119.073723
7432.319641	-119.494629
7432.992554	-119.502510
7433.665466	-119.333702
7434.338379	-119.428535
7435.011292	-119.381950
7435.684204	-119.186081
7436.357117	-119.306023
7437.030029	-119.182472
7437.702942	-119.097481
7438.375854	-120.189072
7439.048767	-120.179840
7439.721680	-119.616722
7440.394592	-119.559883
7441.067505	-119.399277
7441.740417	-119.292671
7442.413330	-119.773949
7443.086243	-119.999947
7443.759155	-119.669365
7444.432068	-119.777008
7445.104980	-119.078682
7445.777893	-118.967651
7446.450806	-118.923683
7447.123718	-118.386383
7447.796631	-118.211098
7448.469543	-118.530998
7449.142456	-118.841904
7449.815369	-118.414360
7450.488281	-118.216110
7451.161194	-118.550873
7451.834106	-118.488487
7452.507019	-118.142876
7453.179932	-118.481628
7453.852844	-118.481346
7454.525757	-118.487038
7455.198669	-118.655067
7455.871582	-118.989891
7456.544495	-119.289360
7457.217407	-119.342758
7457.890320	-119.024689
7458.563232	-118.681671
7459.236145	-119.358940
7459.909058	-119.087151
7460.581970	-118.843697
7461.254883	-118.426407
7461.927795	-118.728539
7462.600708	-119.036560
7463.273621	-119.040245
7463.946533	-118.416466
7464.619446	-118.505089
7465.292358	-118.672157
7465.965271	-118.899521
7466.638184	-118.880943
7467.311096	-119.644829
7467.984009	-119.480522
7468.656921	-119.693069
7469.329834	-119.648781
7470.002747	-119.535446
7470.675659	-119.210625
7471.348572	-119.848511
7472.021484	-120.174355
7472.694397	-119.783646
7473.367310	-119.499939
7474.040222	-119.681274
7474.713135	-119.417824
7475.386047	-118.816902
7476.058960	-118.736549
7476.731873	-119.265846
7477.404785	-119.016205
7478.077698	-118.956314
7478.750610	-118.911232
7479.423523	-119.327385
7480.096436	-118.977982
7480.769348	-119.354515
7481.442261	-118.835663
7482.115173	-119.015671
7482.788086	-119.055191
7483.460999	-119.039909
7484.133911	-118.500992
7484.806824	-118.607300
7485.479736	-118.628380
7486.152649	-118.828461
7486.825562	-118.904144
7487.498474	-119.221298
7488.171387	-119.216240
7488.844299	-119.223724
7489.517212	-119.097481
7490.190125	-118.692574
7490.863037	-118.925606
7491.535950	-119.453918
7492.208862	-120.298882
7492.881775	-119.655609
7493.554688	-119.878616
7494.227600	-119.856911
7494.900513	-119.625038
7495.573425	-119.093025
7496.246338	-118.643600
7496.919250	-119.084335
7497.592163	-119.085907
7498.265076	-119.154640
7498.937988	-118.609917
7499.610901	-118.840698
7500.283813	-118.896645
7500.956726	-118.962776
7501.629639	-119.205940
7502.302551	-119.394859
7502.975464	-119.730659
7503.648376	-119.580574
7504.321289	-119.898582
7504.994202	-119.802910
7505.667114	-119.421944
7506.340027	-119.514450
7507.012939	-119.397598
7507.685852	-119.354698
7508.358765	-119.281181
7509.031677	-119.185455
7509.704590	-119.277115
7510.377502	-119.180618
7511.050415	-118.980583
7511.723328	-119.207634
7512.396240	-119.173347
7513.069153	-119.142548
7513.742065	-119.173721
7514.414978	-119.266533
7515.087891	-118.922127
7515.760803	-118.705284
7516.433716	-119.172310
7517.106628	-119.424072
7517.779541	-119.895805
7518.452454	-119.956055
7519.125366	-119.097626
7519.798279	-119.773232
7520.471191	-119.770317
7521.144104	-119.524429
7521.817017	-120.010635
7522.489929	-119.762260
7523.162842	-119.664566
7523.835754	-119.812347
7524.508667	-119.577751
7525.181580	-119.901031
7525.854492	-119.549011
7526.527405	-119.363625
7527.200317	-119.386200
7527.873230	-119.399391
7528.546143	-119.297256
7529.219055	-119.225983
7529.891968	-119.873108
7530.564880	-119.458748
7531.237793	-119.386848
7531.910706	-118.946037
7532.583618	-119.052834
7533.256531	-119.031403
7533.929443	-119.186966
7534.602356	-119.118668
7535.275269	-119.488571
7535.948181	-119.602333
7536.621094	-118.812721
7537.294006	-119.229996
7537.966919	-119.572754
7538.639832	-119.173561
7539.312744	-119.809624
7539.985657	-120.345802
7540.658569	-119.944443
7541.331482	-119.874817
7542.004395	-119.781601
7542.677307	-119.687248
7543.350220	-119.594856
7544.023132	-119.000450
7544.696045	-118.473175
7545.368958	-118.872948
7546.041870	-119.111176
7546.714783	-119.252647
7547.387695	-119.612518
7548.060608	-119.630295
7548.733521	-119.658180
7549.406433	-119.440628
7550.079346	-119.066734
7550.752258	-119.308716
7551.425171	-119.715187
7552.098083	-119.690689
7552.770996	-119.751976
7553.443909	-119.559021
7554.116821	-119.677673
7554.789734	-119.807510
7555.462646	-118.884171
7556.135559	-119.165253
7556.808472	-119.165474
7557.481384	-119.595810
7558.154297	-119.769539
7558.827209	-119.342628
7559.500122	-119.123909
7560.173035	-119.073006
7560.845947	-118.920174
7561.518860	-119.157898
7562.191772	-119.221718
7562.864685	-118.815392
7563.537598	-118.669815
7564.210510	-118.872322
7564.883423	-119.065933
7565.556335	-119.281807
7566.229248	-119.362541
7566.902161	-118.768784
7567.575073	-119.082008
7568.247986	-119.382965
7568.920898	-120.217468
7569.593811	-119.510345
7570.266724	-119.595146
7570.939636	-119.797844
7571.612549	-119.033409
7572.285461	-118.585648
7572.958374	-118.769714
7573.631287	-119.490501
7574.304199	-119.328064
7574.977112	-119.344345
7575.650024	-119.565437
7576.322937	-119.023911
7576.995850	-118.257660
7577.668762	-118.887726
7578.341675	-119.230789
7579.014587	-119.135567
7579.687500	-119.026596
7580.360413	-118.992844
7581.033325	-118.693069
7581.706238	-119.120903
7582.379150	-119.116837
7583.052063	-118.881302
7583.724976	-118.553459
7584.397888	-119.453461
7585.070801	-119.326729
7585.743713	-119.222397
7586.416626	-118.865829
7587.089539	-118.569580
7587.762451	-118.885353
7588.435364	-118.847374
7589.108276	-119.675423
7589.781189	-119.235184
7590.454102	-119.405762
7591.127014	-119.189896
7591.799927	-119.035553
7592.472839	-119.737030
7593.145752	-119.691536
7593.818665	-119.479744
7594.491577	-119.694839
7595.164490	-119.615570
7595.837402	-119.434334
7596.510315	-119.361801
7597.183228	-119.061508
7597.856140	-119.312851
7598.529053	-119.376068
7599.201965	-119.195068
7599.874878	-118.952682
7600.547791	-118.942284
7601.220703	-119.148079
7601.893616	-119.732430
7602.566528	-119.803368
7603.239441	-119.586479
7603.912354	-119.833145
7604.585266	-119.496941
7605.258179	-119.389946
7605.931091	-119.643082
7606.604004	-119.309547
7607.276917	-119.204559
7607.949829	-119.282333
7608.622742	-119.212120
7609.295654	-119.106606
7609.968567	-119.423607
7610.641479	-119.926125
7611.314392	-119.583069
7611.987305	-119.520943
7612.660217	-119.740837
7613.333130	-119.488388
7614.006042	-119.386436
7614.678955	-118.723869
7615.351868	-118.745102
7616.024780	-119.492905
7616.697693	-119.389366
7617.370605	-118.856972
7618.043518	-118.793404
7618.716431	-118.973038
7619.389343	-118.836479
7620.062256	-119.222855
7620.735168	-118.867058
7621.408081	-119.096786
7622.080994	-119.287918
7622.753906	-118.976036
7623.426819	-119.719223
7624.099731	-119.844818
7624.772644	-119.794388
7625.445557	-119.632599
7626.118469	-119.387756
7626.791382	-119.522415
7627.464294	-119.892654
7628.137207	-119.615906
7628.810120	-119.601440
7629.483032	-119.244316
7630.155945	-119.566177
7630.828857	-119.311348
7631.501770	-119.054230
7632.174683	-118.882668
7632.847595	-118.561523
7633.520508	-118.553741
7634.193420	-119.668015
7634.866333	-119.760834
7635.539246	-118.989357
7636.212158	-119.232956
7636.885071	-119.427544
7637.557983	-119.818367
7638.230896	-119.698517
7638.903809	-118.751945
7639.576721	-119.334290
7640.249634	-119.727364
7640.922546	-119.598412
7641.595459	-119.471451
7642.268372	-119.068062
7642.941284	-119.288292
7643.614197	-119.366272
7644.287109	-119.180634
7644.960022	-119.171638
7645.632935	-119.250145
7646.305847	-118.981331
7646.978760	-119.189003
7647.651672	-119.406761
7648.324585	-119.795975
7648.997498	-119.574905
7649.670410	-119.169312
7650.343323	-118.965034
7651.016235	-118.751572
7651.689148	-118.927231
7652.362061	-119.183907
7653.034973	-119.974487
7653.707886	-119.462418
7654.380798	-119.292175
7655.053711	-119.331314
7655.726624	-119.301590
7656.399536	-119.576782
7657.072449	-118.817467
7657.745361	-118.532234
7658.418274	-118.488792
7659.091187	-118.876320
7659.764099	-119.342003
7660.437012	-118.850555
7661.109924	-118.170006
7661.782837	-118.602837
7662.455750	-119.431984
7663.128662	-119.415878
7663.801575	-119.250885
7664.474487	-119.530838
7665.147400	-118.925400
7665.820312	-118.781815
7666.493225	-119.077888
7667.166138	-119.570541
7667.839050	-119.645851
7668.511963	-119.629417
7669.184875	-119.515549
7669.857788	-119.971962
7670.530701	-120.051262
7671.203613	-119.851021
7671.876526	-119.932976
7672.549438	-119.980339
7673.222351	-119.792442
7673.895264	-119.719444
7674.568176	-119.297043
7675.241089	-119.321793
7675.914001	-119.021393
7676.586914	-119.107338
7677.259827	-119.391586
7677.932739	-119.835205
7678.605652	-119.636383
7679.278564	-119.498169
7679.951477	-119.455544
7680.624390	-119.638176
7681.297302	-119.306511
7681.970215	-119.661186
7682.643127	-119.361771
7683.316040	-119.791267
7683.988953	-119.841743
7684.661865	-119.330650
7685.334778	-119.114052
7686.007690	-119.215088
7686.680603	-119.050362
7687.353516	-118.958984
7688.026428	-118.962914
7688.699341	-119.677414
7689.372253	-119.056633
7690.045166	-118.829651
7690.718079	-119.145752
7691.390991	-119.856514
7692.063904	-119.233749
7692.736816	-119.044853
7693.409729	-119.208984
7694.082642	-118.977875
7694.755554	-118.702347
7695.428467	-118.948601
7696.101379	-118.740707
7696.774292	-119.558769
7697.447205	-119.469650
7698.120117	-119.587585
7698.793030	-119.429161
7699.465942	-119.596687
7700.138855	-119.259415
7700.811768	-119.201530
7701.484680	-118.766396
7702.157593	-119.400658
7702.830505	-119.400826
7703.503418	-119.290909
7704.176331	-119.036957
7704.849243	-118.637871
7705.522156	-119.334290
7706.195068	-118.757317
7706.867981	-119.235802
7707.540894	-119.765640
7708.213806	-118.974579
7708.886719	-119.323830
7709.559631	-119.639854
7710.232544	-119.637100
7710.905457	-119.357803
7711.578369	-118.891838
7712.251282	-119.040367
7712.924194	-119.106705
7713.597107	-119.230675
7714.270020	-119.255569
7714.942932	-119.179977
7715.615845	-119.435883
7716.288757	-119.057678
7716.961670	-118.675041
7717.634583	-118.540672
7718.307495	-118.860588
7718.980408	-119.753952
7719.653320	-119.525154
7720.326233	-119.165443
7720.999146	-118.881432
7721.672058	-118.744545
7722.344971	-119.571663
7723.017883	-120.295395
7723.690796	-119.550659
7724.363708	-119.155472
7725.036621	-118.248383
7725.709534	-118.541748
7726.382446	-118.273193
7727.055359	-118.672363
7727.728271	-118.951805
7728.401184	-119.336739
7729.074097	-119.676674
7729.747009	-119.384705
7730.419922	-118.952499
7731.092834	-118.959503
7731.765747	-119.453529
7732.438660	-118.921822
7733.111572	-118.771378
7733.784485	-119.143661
7734.457397	-119.487183
7735.130310	-119.435173
7735.803223	-119.175095
7736.476135	-119.360291
7737.149048	-119.603920
7737.821960	-119.435265
7738.494873	-119.577927
7739.167786	-119.338036
7739.840698	-119.964714
7740.513611	-119.584953
7741.186523	-118.809303
7741.859436	-119.570412
7742.532349	-118.849960
7743.205261	-118.961739
7743.878174	-119.514748
7744.551086	-119.184204
7745.223999	-119.345238
7745.896912	-119.064980
7746.569824	-119.094376
7747.242737	-119.242867
7747.915649	-119.739449
7748.588562	-119.483704
7749.261475	-119.120277
7749.934387	-118.911278
7750.607300	-119.305023
7751.280212	-119.257751
7751.953125	-119.631927
7752.626038	-119.180267
7753.298950	-119.220886
7753.971863	-118.730522
7754.644775	-119.209587
7755.317688	-119.321602
7755.990601	-119.634628
7756.663513	-119.753326
7757.336426	-120.073608
7758.009338	-119.377853
7758.682251	-119.146957
7759.355164	-119.228027
7760.028076	-119.863693
7760.700989	-119.389175
7761.373901	-118.968796
7762.046814	-119.187744
7762.719727	-118.832085
7763.392639	-119.302841
7764.065552	-119.415039
7764.738464	-119.650940
7765.411377	-119.386833
7766.084290	-119.049118
7766.757202	-119.088440
7767.430115	-119.152946
7768.103027	-118.886772
7768.775940	-118.512276
7769.448853	-119.435402
7770.121765	-120.046234
7770.794678	-119.898979
7771.467590	-119.043175
7772.140503	-118.774391
7772.813416	-119.319191
7773.486328	-119.298370
7774.159241	-119.433792
7774.832153	-119.460739
7775.505066	-119.645454
7776.177979	-119.514008
7776.850891	-119.162537
7777.523804	-119.514839
7778.196716	-119.442146
7778.869629	-119.135941
7779.542542	-119.281136
7780.215454	-119.072639
7780.888367	-119.252106
7781.561279	-119.292427
7782.234192	-119.714600
7782.907104	-119.197922
7783.580017	-119.099602
7784.252930	-118.992332
7784.925842	-118.963715
7785.598755	-119.681610
7786.271667	-119.850693
7786.944580	-118.870392
7787.617493	-118.845711
7788.290405	-119.080215
7788.963318	-119.330772
7789.636230	-119.385963
7790.309143	-118.867905
7790.982056	-119.336685
7791.654968	-119.286476
7792.327881	-119.090698
7793.000793	-119.276016
7793.673706	-119.272530
7794.346619	-119.113800
7795.019531	-118.824837
7795.692444	-119.299110
7796.365356	-119.913521
7797.038269	-120.061111
7797.711182	-119.543098
7798.384094	-119.522408
7799.057007	-119.226974
7799.729919	-118.799202
7800.402832	-118.949768
7801.075745	-119.243889
7801.748657	-118.970078
7802.421570	-118.376762
7803.094482	-118.562355
7803.767395	-119.043938
7804.440308	-119.057205
7805.113220	-119.114258
7805.786133	-119.239281
7806.459045	-118.992111
7807.131958	-119.082275
7807.804871	-120.014320
7808.477783	-119.474396
7809.150696	-119.609261
7809.823608	-119.853706
7810.496521	-119.482483
7811.169434	-118.975662
7811.842346	-118.935287
7812.515259	-119.179176
7813.188171	-118.818764
7813.861084	-118.959404
7814.533997	-118.916412
7815.206909	-119.057281
7815.879822	-119.144951
7816.552734	-119.246887
7817.225647	-119.001274
7817.898560	-119.072372
7818.571472	-119.691467
7819.244385	-119.466171
7819.917297	-119.941376
7820.590210	-119.557365
7821.263123	-119.396683
7821.936035	-119.183525
7822.608948	-118.832985
7823.281860	-119.319672
7823.954773	-120.203545
7824.627686	-119.851280
7825.300598	-119.220612
7825.973511	-118.962791
7826.646423	-118.836876
7827.319336	-118.819405
7827.992249	-118.748039
7828.665161	-118.496056
7829.338074	-118.648766
7830.010986	-118.585426
7830.683899	-118.904045
7831.356812	-119.038559
7832.029724	-118.987404
7832.702637	-119.464050
7833.375549	-119.448784
7834.048462	-119.255424
7834.721375	-119.050751
7835.394287	-119.109459
7836.067200	-119.466980
7836.740112	-119.517860
7837.413025	-119.495140
7838.085938	-119.600060
7838.758850	-119.026413
7839.431763	-119.106972
7840.104675	-119.471504
7840.777588	-119.851540
7841.450500	-119.983154
7842.123413	-119.604263
7842.796326	-119.262924
7843.469238	-119.629906
7844.142151	-119.499741
7844.815063	-119.217400
7845.487976	-119.580276
7846.160889	-119.294273
7846.833801	-119.263802
7847.506714	-119.246338
7848.179626	-118.830818
7848.852539	-119.021271
7849.525452	-119.302399
7850.198364	-118.901688
7850.871277	-118.744530
7851.544189	-119.432579
7852.217102	-119.841522
7852.890015	-119.389900
7853.562927	-119.332176
7854.235840	-119.422455
7854.908752	-119.335472
7855.581665	-119.452164
7856.254578	-119.080887
7856.927490	-119.220276
7857.600403	-119.345596
7858.273315	-119.358986
7858.946228	-119.529037
7859.619141	-119.299301
7860.292053	-119.300095
7860.964966	-119.324348
7861.637878	-118.795410
7862.310791	-118.793495
7862.983704	-118.775719
7863.656616	-119.221283
7864.329529	-119.781532
7865.002441	-120.011467
7865.675354	-119.460594
7866.348267	-119.024071
7867.021179	-119.215836
7867.694092	-119.143753
7868.367004	-119.234787
7869.039917	-119.238495
7869.712830	-118.798653
7870.385742	-118.997566
7871.058655	-119.207489
7871.731567	-119.750320
7872.404480	-119.591911
7873.077393	-119.125069
7873.750305	-119.310410
7874.423218	-119.697624
7875.096130	-119.755905
7875.769043	-119.794670
7876.441956	-119.312920
7877.114868	-118.985672
7877.787781	-119.362816
7878.460693	-119.309021
7879.133606	-119.230530
7879.806519	-119.190781
7880.479431	-119.084824
7881.152344	-119.103981
7881.825256	-118.718765
7882.498169	-118.606628
7883.171082	-119.020943
7883.843994	-119.511795
7884.516907	-119.445389
7885.189819	-119.136093
7885.862732	-119.315552
7886.535645	-119.455872
7887.208557	-119.617279
7887.881470	-119.587181
7888.554382	-119.189445
7889.227295	-118.997398
7889.900208	-119.915787
7890.573120	-118.994370
7891.246033	-118.533577
7891.918945	-118.810753
7892.591858	-119.561409
7893.264771	-119.148415
7893.937683	-119.236809
7894.610596	-119.569443
7895.283508	-119.006256
7895.956421	-118.769875
7896.629333	-118.778984
7897.302246	-119.091286
7897.975159	-119.317825
7898.648071	-119.507599
7899.320984	-118.916618
7899.993896	-118.513290
7900.666809	-119.076958
7901.339722	-119.565659
7902.012634	-119.906410
7902.685547	-119.716148
7903.358459	-119.009964
7904.031372	-118.610817
7904.704285	-118.697807
7905.377197	-119.537361
7906.050110	-119.703568
7906.723022	-119.517105
7907.395935	-119.090752
7908.068848	-119.292343
7908.741760	-119.260178
7909.414673	-119.304283
7910.087585	-119.581047
7910.760498	-119.105560
7911.433411	-119.449562
7912.106323	-119.339890
7912.779236	-119.321877
7913.452148	-119.271965
7914.125061	-119.631241
7914.797974	-119.232483
7915.470886	-118.901054
7916.143799	-118.979774
7916.816711	-119.058060
7917.489624	-119.684578
7918.162537	-119.775452
7918.835449	-119.274658
7919.508362	-119.071106
7920.181274	-118.745766
7920.854187	-118.619202
7921.527100	-119.263153
7922.200012	-118.874130
7922.872925	-119.667542
7923.545837	-119.121048
7924.218750	-118.637352
7924.891663	-119.650581
7925.564575	-120.028061
7926.237488	-118.998329
7926.910400	-119.052841
7927.583313	-118.826973
7928.256226	-118.807419
7928.929138	-118.718254
7929.602051	-118.923027
7930.274963	-118.995628
7930.947876	-119.060936
7931.620789	-119.110321
7932.293701	-118.610977
7932.966614	-119.256546
7933.639526	-119.161377
7934.312439	-118.693817
7934.985352	-119.137321
7935.658264	-119.552483
7936.331177	-119.572525
7937.004089	-119.775070
7937.677002	-120.209038
7938.349915	-119.104378
7939.022827	-118.834099
7939.695740	-119.648834
7940.368652	-119.431854
7941.041565	-118.841133
7941.714478	-118.896469
7942.387390	-118.916405
7943.060303	-119.130463
7943.733215	-119.668289
7944.406128	-119.165627
7945.079041	-119.188065
7945.751953	-119.639282
7946.424866	-119.075974
7947.097778	-119.589836
7947.770691	-119.865112
7948.443604	-119.538574
7949.116516	-119.562202
7949.789429	-118.684067
7950.462341	-119.184402
7951.135254	-119.678871
7951.808167	-119.527176
7952.481079	-119.662170
7953.153992	-119.214867
7953.826904	-118.992744
7954.499817	-119.139053
7955.172729	-119.135590
7955.845642	-119.152100
7956.518555	-119.500008
7957.191467	-119.112633
7957.864380	-119.531845
7958.537292	-119.993950
7959.210205	-119.538864
7959.883118	-119.443680
7960.556030	-119.523743
7961.228943	-119.067024
7961.901855	-119.493309
7962.574768	-119.140923
7963.247681	-118.793625
7963.920593	-119.219742
7964.593506	-119.864029
7965.266418	-119.461052
7965.939331	-118.794670
7966.612244	-118.796089
7967.285156	-118.944481
7967.958069	-119.293701
7968.630981	-119.782562
7969.303894	-119.666519
7969.976807	-119.559814
7970.649719	-119.607903
7971.322632	-119.730309
7971.995544	-119.326378
7972.668457	-118.927124
7973.341370	-119.373627
7974.014282	-119.362564
7974.687195	-119.066521
7975.360107	-119.697632
7976.033020	-119.424835
7976.705933	-118.966270
7977.378845	-119.128250
7978.051758	-119.435204
7978.724670	-119.555786
7979.397583	-119.458092
7980.070496	-119.322433
7980.743408	-119.383034
7981.416321	-119.140686
7982.089233	-119.251595
7982.762146	-118.971931
7983.435059	-119.331467
7984.107971	-119.509804
7984.780884	-119.236343
7985.453796	-119.240494
7986.126709	-118.812050
7986.799622	-118.602348
7987.472534	-119.157623
7988.145447	-119.506866
7988.818359	-119.187401
7989.491272	-119.716560
7990.164185	-119.383636
7990.837097	-119.619606
7991.510010	-119.517708
7992.182922	-119.730072
7992.855835	-119.837479
7993.528748	-118.865051
7994.201660	-118.960815
7994.874573	-118.853378
7995.547485	-118.124168
7996.220398	-118.551689
7996.893311	-118.904236
7997.566223	-118.758865
7998.239136	-118.674171
7998.912048	-118.694130
7999.584961	-118.747581
8000.257874	-118.604813
8000.930786	-118.754730
8001.603699	-118.806458
8002.276611	-118.694267
8002.949524	-119.103798
8003.622437	-119.069496
8004.295349	-118.977829
8004.968262	-119.486969
8005.641174	-119.542717
8006.314087	-118.528328
8006.987000	-118.865311
8007.659912	-118.681931
8008.332825	-119.254944
8009.005737	-119.197990
8009.678650	-118.696556
8010.351562	-118.409569
8011.024475	-119.028717
8011.697388	-119.436409
8012.370300	-119.169624
8013.043213	-119.250244
8013.716125	-119.484268
8014.389038	-119.267365
8015.061951	-119.731400
8015.734863	-119.151505
8016.407776	-119.238457
8017.080688	-118.766090
8017.753601	-118.496056
8018.426514	-119.087746
8019.099426	-119.639343
8019.772339	-119.030922
8020.445251	-119.879768
8021.118164	-119.286362
8021.791077	-119.142715
8022.463989	-119.126358
8023.136902	-119.102150
8023.809814	-119.267090
8024.482727	-119.609688
8025.155640	-119.404404
8025.828552	-119.439148
8026.501465	-119.388733
8027.174377	-118.875717
8027.847290	-118.903442
8028.520203	-119.051239
8029.193115	-119.238945
8029.866028	-119.365723
8030.538940	-119.079010
8031.211853	-118.762039
8031.884766	-118.409279
8032.557678	-119.456421
8033.230591	-120.084686
8033.903503	-119.537804
8034.576416	-119.380127
8035.249329	-119.310425
8035.922241	-119.480621
8036.595154	-119.437210
8037.268066	-118.868683
8037.940979	-119.031006
8038.613892	-119.527390
8039.286804	-119.337997
8039.959717	-118.963074
8040.632629	-119.001152
8041.305542	-118.644508
8041.978455	-118.704308
8042.651367	-118.694275
8043.324280	-118.708618
8043.997192	-118.393578
8044.670105	-118.562004
8045.343018	-118.769882
8046.015930	-119.360840
8046.688843	-118.673943
8047.361755	-118.819290
8048.034668	-119.117798
8048.707581	-119.118645
8049.380493	-118.824608
8050.053406	-119.014809
8050.726318	-119.716225
8051.399231	-119.379715
8052.072144	-118.932457
8052.745056	-118.844887
8053.417969	-119.367188
8054.090881	-119.086159
8054.763794	-119.141205
8055.436707	-118.826622
8056.109619	-119.576393
8056.782532	-119.358093
8057.455444	-119.123146
8058.128357	-119.299400
8058.801270	-119.392349
8059.474182	-119.408234
8060.147095	-119.196434
8060.820007	-119.564697
8061.492920	-119.386993
8062.165833	-118.648216
8062.838745	-119.048439
8063.511658	-118.781487
8064.184570	-118.862442
8064.857483	-119.353943
8065.530396	-119.588692
8066.203308	-119.072784
8066.876221	-118.659126
8067.549133	-118.987770
8068.222046	-119.035271
8068.894958	-119.331421
8069.567871	-119.627342
8070.240784	-119.342636
8070.913696	-119.618492
8071.586609	-119.291641
8072.259521	-119.028290
8072.932434	-119.357849
8073.605347	-118.922859
8074.278259	-118.986252
8074.951172	-118.677773
8075.624084	-118.709526
8076.296997	-119.102295
8076.969910	-118.614655
8077.642822	-118.951584
8078.315735	-119.121910
8078.988647	-118.585678
8079.661560	-118.854927
8080.334473	-119.105827
8081.007385	-118.939758
8081.680298	-119.234070
8082.353210	-119.212097
8083.026123	-119.134247
8083.699036	-118.840805
8084.371948	-118.343765
8085.044861	-118.883469
8085.717773	-119.554779
8086.390686	-119.904922
8087.063599	-119.197372
8087.736511	-119.180481
8088.409424	-118.851921
8089.082336	-119.053627
8089.755249	-119.826111
8090.428162	-119.026688
8091.101074	-119.238976
8091.773987	-119.227142
8092.446899	-119.383087
8093.119812	-119.335510
8093.792725	-118.825058
8094.465637	-118.872475
8095.138550	-119.002724
8095.811462	-119.215492
8096.484375	-118.517082
8097.157288	-118.827545
8097.830200	-119.636223
8098.503113	-119.188995
8099.176025	-119.054764
8099.848938	-119.074333
8100.521851	-118.782669
8101.194763	-119.233650
8101.867676	-119.665581
8102.540588	-119.105232
8103.213501	-119.114128
8103.886414	-119.563805
8104.559326	-119.169968
8105.232239	-118.792404
8105.905151	-119.101082
8106.578064	-118.986519
8107.250977	-118.721840
8107.923889	-119.658852
8108.596802	-119.199799
8109.269714	-118.674324
8109.942627	-118.647781
8110.615540	-118.791557
8111.288452	-119.384026
8111.961365	-118.919823
8112.634277	-119.011490
8113.307190	-118.653549
8113.980103	-118.982750
8114.653015	-118.958855
8115.325928	-119.138695
8115.998840	-118.617027
8116.671753	-118.759445
8117.344666	-119.016953
8118.017578	-119.336777
8118.690491	-119.098518
8119.363403	-119.573250
8120.036316	-119.001534
8120.709229	-118.904114
8121.382141	-119.061462
8122.055054	-118.885986
8122.727966	-119.012962
8123.400879	-119.131088
8124.073792	-118.501068
8124.746704	-118.735863
8125.419617	-118.790329
8126.092529	-118.787415
8126.765442	-119.031212
8127.438354	-119.173355
8128.111267	-118.772003
8128.784180	-118.800598
8129.457092	-118.896645
8130.130005	-118.640511
8130.802917	-118.826385
8131.475830	-118.912193
8132.148743	-118.857552
8132.821655	-118.943100
8133.494568	-118.890694
8134.167480	-119.214539
8134.840393	-119.396484
8135.513306	-119.451256
8136.186218	-119.766655
8136.859131	-119.276642
8137.532043	-118.418022
8138.204956	-118.847061
8138.877869	-119.487129
8139.550781	-118.949821
8140.223694	-118.371742
8140.896606	-119.437469
8141.569519	-119.196289
8142.242432	-119.032425
8142.915344	-118.934738
8143.588257	-118.750519
8144.261169	-118.866005
8144.934082	-118.745621
8145.606995	-119.231071
8146.279907	-119.439240
8146.952820	-119.203835
8147.625732	-119.360466
8148.298645	-119.328773
8148.971558	-118.703674
8149.644470	-118.863571
8150.317383	-119.415810
8150.990295	-119.173637
8151.663208	-118.568024
8152.336121	-118.913925
8153.009033	-119.375145
8153.681946	-119.248444
8154.354858	-118.920898
8155.027771	-119.658295
8155.700684	-119.835159
8156.373596	-119.051796
8157.046509	-118.859467
8157.719421	-119.105934
8158.392334	-119.109665
8159.065247	-118.971001
8159.738159	-118.819023
8160.411072	-118.847122
8161.083984	-118.269012
8161.756897	-118.296974
8162.429810	-118.939362
8163.102722	-118.986389
8163.775635	-118.969727
8164.448547	-119.146088
8165.121460	-118.792847
8165.794373	-118.772728
8166.467285	-119.108055
8167.140198	-119.133621
8167.813110	-119.216568
8168.486023	-118.585114
8169.158936	-118.877686
8169.831848	-119.236763
8170.504761	-119.346870
8171.177673	-119.706680
8171.850586	-119.467552
8172.523499	-119.934258
8173.196411	-119.105057
8173.869324	-118.606606
8174.542236	-119.325356
8175.215149	-119.416298
8175.888062	-118.989258
8176.560974	-118.804871
8177.233887	-119.089279
8177.906799	-119.151649
8178.579712	-119.390068
8179.252625	-119.162956
8179.925537	-118.837906
8180.598450	-118.859146
8181.271362	-119.014900
8181.944275	-118.957626
8182.617188	-118.871712
8183.290100	-118.848816
8183.963013	-118.742256
8184.635925	-118.164429
8185.308838	-118.173607
8185.981750	-119.185242
8186.654663	-118.458313
8187.327576	-118.599823
8188.000488	-118.765106
8188.673401	-119.370422
8189.346313	-119.662468
8190.019226	-119.404785
8190.692139	-119.480431
8191.365051	-119.835770
8192.037964	-119.583748
8192.710876	-118.730103
8193.383789	-118.777725
8194.056702	-118.676338
8194.729614	-118.380898
8195.402527	-118.970581
8196.075439	-119.204796
8196.748352	-119.059937
8197.421265	-119.376770
8198.094177	-119.458351
8198.767090	-119.244888
8199.440002	-119.310982
8200.112915	-119.148209
8200.785828	-119.186180
8201.458740	-118.915016
8202.131653	-118.909187
8202.804565	-119.445068
8203.477478	-119.060463
8204.150391	-119.233849
8204.823303	-119.110321
8205.496216	-119.048157
8206.169128	-118.760727
8206.842041	-118.536201
8207.514954	-118.749863
8208.187866	-119.404625
8208.860779	-119.092575
8209.533691	-119.780228
8210.206604	-119.561928
8210.879517	-118.528900
8211.552429	-119.112061
8212.225342	-119.511879
8212.898254	-119.110962
8213.571167	-119.609886
8214.244080	-119.922798
8214.916992	-119.122940
8215.589905	-119.025307
8216.262817	-119.746407
8216.935730	-119.283043
8217.608643	-119.433167
8218.281555	-119.153702
8218.954468	-119.214752
8219.627380	-119.377396
8220.300293	-119.155701
8220.973206	-119.058403
8221.646118	-118.333687
8222.319031	-118.959373
8222.991943	-118.963570
8223.664856	-118.803131
8224.337769	-118.903732
8225.010681	-118.992920
8225.683594	-118.991570
8226.356506	-119.017746
8227.029419	-119.765617
8227.702332	-119.955399
8228.375244	-119.537956
8229.048157	-118.695305
8229.721069	-118.671974
8230.393982	-118.472404
8231.066895	-118.474304
8231.739807	-118.949158
8232.412720	-119.779465
8233.085632	-119.425789
8233.758545	-118.594826
8234.431458	-118.701233
8235.104370	-118.684311
8235.777283	-118.680367
8236.450195	-119.280472
8237.123108	-119.211380
8237.796021	-119.392822
8238.468933	-119.399185
8239.141846	-119.160706
8239.814758	-118.972351
8240.487671	-118.849915
8241.160583	-119.346695
8241.833496	-119.528183
8242.506409	-119.157448
8243.179321	-118.925613
8243.852234	-119.310425
8244.525146	-119.280815
8245.198059	-119.111069
8245.870972	-118.658897
8246.543884	-118.894394
8247.216797	-119.097160
8247.889709	-119.082489
8248.562622	-118.691078
8249.235535	-119.215767
8249.908447	-118.946991
8250.581360	-118.989609
8251.254272	-119.294205
8251.927185	-119.074745
8252.600098	-118.996536
8253.273010	-118.925133
8253.945923	-119.208145
8254.618835	-118.840080
8255.291748	-118.616028
8255.964661	-118.607910
8256.637573	-118.885414
8257.310486	-118.670311
8257.983398	-118.830086
8258.656311	-119.472176
8259.329224	-119.270088
8260.002136	-118.533600
8260.675049	-118.336876
8261.347961	-119.329010
8262.020874	-118.963943
8262.693787	-118.540298
8263.366699	-118.752892
8264.039612	-118.703674
8264.712524	-119.194550
8265.385437	-119.212547
8266.058350	-119.094879
8266.731262	-118.890671
8267.404175	-120.028862
8268.077087	-119.694786
8268.750000	-119.368309
8269.422913	-119.503395
8270.095825	-119.334747
8270.768738	-118.956627
8271.441650	-119.249336
8272.114563	-118.736107
8272.787476	-118.651039
8273.460388	-119.093163
8274.133301	-118.962555
8274.806213	-118.728592
8275.479126	-118.844467
8276.152039	-118.305618
8276.824951	-118.701385
8277.497864	-119.597343
8278.170776	-119.766068
8278.843689	-119.314667
8279.516602	-119.238953
8280.189514	-118.978958
8280.862427	-118.833069
8281.535339	-119.192940
8282.208252	-119.578728
8282.881165	-118.519043
8283.554077	-118.873009
8284.226990	-119.017532
8284.899902	-118.945679
8285.572815	-119.158440
8286.245728	-119.351730
8286.918640	-119.028015
8287.591553	-118.585052
8288.264465	-118.918594
8288.937378	-119.221291
8289.610291	-119.383415
8290.283203	-119.780029
8290.956116	-119.314690
8291.629028	-119.242142
8292.301941	-119.583687
8292.974854	-119.009315
8293.647766	-119.550385
8294.320679	-119.555099
8294.993591	-119.087723
8295.666504	-118.730675
8296.339417	-118.760544
8297.012329	-118.865067
8297.685242	-119.003662
8298.358154	-118.772408
8299.031067	-118.603294
8299.703979	-118.757599
8300.376892	-119.238571
8301.049805	-118.680183
8301.722717	-118.592712
8302.395630	-118.583107
8303.068542	-118.965973
8303.741455	-119.159737
8304.414368	-119.145653
8305.087280	-119.006050
8305.760193	-118.807869
8306.433105	-119.175812
8307.106018	-119.054100
8307.778931	-119.254280
8308.451843	-119.038681
8309.124756	-119.209152
8309.797668	-119.140869
8310.470581	-119.472603
8311.143494	-119.112114
8311.816406	-119.142082
8312.489319	-118.949135
8313.162231	-119.482246
8313.835144	-119.748390
8314.508057	-118.834969
8315.180969	-119.231079
8315.853882	-118.726021
8316.526794	-118.722359
8317.199707	-119.285400
8317.872620	-119.565041
8318.545532	-118.906578
8319.218445	-119.496315
8319.891357	-118.999962
8320.564270	-118.752464
8321.237183	-118.389801
8321.910095	-118.663284
8322.583008	-118.526207
8323.255920	-118.696342
8323.928833	-119.115578
8324.601746	-118.629478
8325.274658	-119.392036
8325.947571	-119.816338
8326.620483	-119.005112
8327.293396	-118.732544
8327.966309	-119.223343
8328.639221	-118.399429
8329.312134	-118.346947
8329.985046	-118.404427
8330.657959	-118.402939
8331.330872	-118.475914
8332.003784	-118.845016
8332.676697	-118.695572
8333.349609	-118.351402
8334.022522	-119.139595
8334.695435	-118.997215
8335.368347	-119.079346
8336.041260	-119.162018
8336.714172	-118.588341
8337.387085	-119.047440
8338.059998	-119.242195
8338.732910	-118.604660
8339.405823	-118.657379
8340.078735	-118.996292
8340.751648	-118.294830
8341.424561	-118.842255
8342.097473	-118.843056
8342.770386	-118.731171
8343.443298	-118.684097
8344.116211	-118.962509
8344.789124	-119.254707
8345.462036	-118.963402
8346.134949	-119.140442
8346.807861	-119.582657
8347.480774	-119.096077
8348.153687	-118.787506
8348.826599	-119.056175
8349.499512	-118.829369
8350.172424	-118.865952
8350.845337	-119.047256
8351.518250	-118.572487
8352.191162	-118.719826
8352.864075	-119.311905
8353.536987	-119.194557
8354.209900	-118.371880
8354.882812	-118.510979
8355.555725	-118.648766
8356.228638	-118.876526
8356.901550	-118.963791
8357.574463	-119.017670
8358.247375	-119.653503
8358.920288	-119.164337
8359.593201	-118.580811
8360.266113	-118.675453
8360.939026	-119.106750
8361.611938	-118.852661
8362.284851	-119.010735
8362.957764	-118.617218
8363.630676	-118.735558
8364.303589	-118.856186
8364.976501	-118.741837
8365.649414	-119.217728
8366.322327	-119.248306
8366.995239	-119.368507
8367.668152	-118.895752
8368.341064	-118.648102
8369.013977	-118.908371
8369.686890	-119.497986
8370.359802	-119.390068
8371.032715	-119.238632
8371.705627	-118.843018
8372.378540	-119.318008
8373.051453	-119.229828
8373.724365	-118.828804
8374.397278	-119.181412
8375.070190	-119.093643
8375.743103	-118.954857
8376.416016	-118.162788
8377.088928	-118.354675
8377.761841	-119.256538
8378.434753	-119.595322
8379.107666	-119.080849
8379.780579	-118.887619
8380.453491	-118.718071
8381.126404	-119.357903
8381.799316	-118.761826
8382.472229	-118.869034
8383.145142	-119.404457
8383.818054	-118.894981
8384.490967	-118.937279
8385.163879	-119.078873
8385.836792	-118.872513
8386.509705	-118.923729
8387.182617	-119.010933
8387.855530	-118.488869
8388.528442	-118.717384
8389.201355	-118.966820
8389.874268	-119.176659
8390.547180	-119.284958
8391.220093	-119.419693
8391.893005	-119.435509
8392.565918	-118.964493
8393.238831	-119.344574
8393.911743	-119.256607
8394.584656	-118.672386
8395.257568	-118.618919
8395.930481	-119.016075
8396.603394	-118.876915
8397.276306	-118.245522
8397.949219	-118.892677
8398.622131	-119.618126
8399.295044	-118.759827
8399.967957	-118.734245
8400.640869	-119.209785
8401.313782	-119.345726
8401.986694	-119.329681
8402.659607	-118.808296
8403.332520	-118.478401
8404.005432	-118.949707
8404.678345	-118.910851
8405.351257	-119.120857
8406.024170	-119.224380
8406.697083	-119.346199
8407.369995	-119.191353
8408.042908	-119.285942
8408.715820	-118.884941
8409.388733	-118.655670
8410.061646	-118.278160
8410.734558	-118.607246
8411.407471	-119.009064
8412.080383	-119.057533
8412.753296	-119.160858
8413.426208	-118.900772
8414.099121	-118.831581
8414.772034	-119.212189
8415.444946	-119.331650
8416.117859	-119.555168
8416.790771	-119.034492
8417.463684	-118.809883
8418.136597	-119.577553
8418.809509	-119.472282
8419.482422	-118.771317
8420.155334	-118.633186
8420.828247	-118.646957
8421.501160	-119.102707
8422.174072	-119.571114
8422.846985	-118.965530
8423.519897	-118.811256
8424.192810	-119.187981
8424.865723	-119.182999
8425.538635	-118.734207
8426.211548	-118.547882
8426.884460	-119.007698
8427.557373	-119.642311
8428.230286	-119.735733
8428.903198	-119.431587
8429.576111	-119.130173
8430.249023	-118.751823
8430.921936	-118.717903
8431.594849	-118.796829
8432.267761	-119.300880
8432.940674	-118.667503
8433.613586	-118.640709
8434.286499	-119.102440
8434.959412	-119.215950
8435.632324	-118.953690
8436.305237	-119.367592
8436.978149	-119.116249
8437.651062	-118.428055
8438.323975	-118.560532
8438.996887	-118.991852
8439.669800	-119.016769
8440.342712	-119.076630
8441.015625	-119.313049
8441.688538	-119.112076
8442.361450	-118.559944
8443.034363	-118.886795
8443.707275	-119.003975
8444.380188	-119.145119
8445.053101	-118.879471
8445.726013	-118.704338
8446.398926	-118.844818
8447.071838	-119.130280
8447.744751	-119.157112
8448.417664	-118.792122
8449.090576	-118.898582
8449.763489	-119.038704
8450.436401	-118.874962
8451.109314	-119.093437
8451.782227	-118.859138
8452.455139	-118.632080
8453.128052	-118.797890
8453.800964	-118.811409
8454.473877	-119.251053
8455.146790	-119.350479
8455.819702	-119.219902
8456.492615	-119.430016
8457.165527	-119.156776
8457.838440	-119.030907
8458.511353	-118.970108
8459.184265	-118.602356
8459.857178	-118.694771
8460.530090	-119.522163
8461.203003	-119.480667
8461.875916	-118.874298
8462.548828	-118.644188
8463.221741	-118.929749
8463.894653	-119.459152
8464.567566	-118.818649
8465.240479	-119.405098
8465.913391	-119.329689
8466.586304	-119.198021
8467.259216	-119.183952
8467.932129	-118.838272
8468.605042	-119.014725
8469.277954	-118.716049
8469.950867	-118.999191
8470.623779	-119.022064
8471.296692	-118.892082
8471.969604	-118.706169
8472.642517	-119.250557
8473.315430	-119.682709
8473.988342	-118.960258
8474.661255	-118.409500
8475.334167	-119.269936
8476.007080	-118.586052
8476.679993	-118.587044
8477.352905	-119.165825
8478.025818	-118.743690
8478.698730	-118.474434
8479.371643	-118.638100
8480.044556	-119.158783
8480.717468	-119.282280
8481.390381	-119.303307
8482.063293	-119.195145
8482.736206	-118.888733
8483.409119	-118.891220
8484.082031	-119.365517
8484.754944	-119.110077
8485.427856	-119.182549
8486.100769	-119.208443
8486.773682	-119.669022
8487.446594	-118.929649
8488.119507	-118.819725
8488.792419	-118.992386
8489.465332	-119.183342
8490.138245	-119.067146
8490.811157	-118.852394
8491.484070	-118.819817
8492.156982	-119.082344
8492.829895	-118.528145
8493.502808	-118.809692
8494.175720	-119.491997
8494.848633	-118.992065
8495.521545	-118.681152
8496.194458	-118.223862
8496.867371	-118.327621
8497.540283	-118.848679
8498.213196	-119.001907
8498.886108	-118.953522
8499.559021	-119.132072
8500.231934	-118.508240
8500.904846	-118.806259
8501.577759	-118.689804
8502.250671	-118.788635
8502.923584	-118.641907
8503.596497	-118.940041
8504.269409	-118.965004
8504.942322	-118.668907
8505.615234	-118.491882
8506.288147	-118.653938
8506.961060	-118.244385
8507.633972	-118.532776
8508.306885	-119.232635
8508.979797	-119.264793
8509.652710	-118.326401
8510.325623	-118.587326
8510.998535	-118.894249
8511.671448	-118.646980
8512.344360	-119.091621
8513.017273	-119.335121
8513.690186	-118.855461
8514.363098	-118.781578
8515.036011	-119.272675
8515.708923	-119.374222
8516.381836	-118.697411
8517.054749	-118.831985
8517.727661	-118.984108
8518.400574	-118.666893
8519.073486	-119.149689
8519.746399	-118.949654
8520.419312	-118.389519
8521.092224	-117.897392
8521.765137	-117.950600
8522.438049	-118.874481
8523.110962	-119.700638
8523.783875	-119.265968
8524.456787	-118.926552
8525.129700	-118.351982
8525.802612	-118.513702
8526.475525	-118.725769
8527.148438	-119.181061
8527.821350	-118.824417
8528.494263	-118.310669
8529.167175	-118.276199
8529.840088	-118.624809
8530.513000	-119.034500
8531.185913	-119.164047
8531.858826	-118.935829
8532.531738	-118.505775
8533.204651	-118.294189
8533.877563	-118.547165
8534.550476	-118.570030
8535.223389	-118.212608
8535.896301	-118.474518
8536.569214	-118.576782
8537.242126	-118.454353
8537.915039	-118.459488
8538.587952	-118.715530
8539.260864	-118.288826
8539.933777	-118.817482
8540.606689	-119.162735
8541.279602	-119.139023
8541.952515	-118.864952
8542.625427	-119.081505
8543.298340	-119.250984
8543.971252	-119.525726
8544.644165	-118.944885
8545.317078	-119.076958
8545.989990	-118.827934
8546.662903	-119.098389
8547.335815	-118.735672
8548.008728	-118.643272
8548.681641	-118.637505
8549.354553	-118.705635
8550.027466	-118.883774
8550.700378	-119.360321
8551.373291	-118.844254
8552.046204	-118.699265
8552.719116	-118.618599
8553.392029	-118.845497
8554.064941	-119.268768
8554.737854	-118.587456
8555.410767	-118.732216
8556.083679	-119.471855
8556.756592	-119.300713
8557.429504	-119.322426
8558.102417	-118.977524
8558.775330	-118.667122
8559.448242	-119.228821
8560.121155	-119.036209
8560.794067	-118.925232
8561.466980	-118.760429
8562.139893	-118.591965
8562.812805	-118.558372
8563.485718	-118.486931
8564.158630	-118.442963
8564.831543	-119.274414
8565.504456	-119.483459
8566.177368	-119.265762
8566.850281	-119.516350
8567.523193	-118.222733
8568.196106	-117.842278
8568.869019	-118.969368
8569.541931	-119.032379
8570.214844	-118.707817
8570.887756	-119.265434
8571.560669	-119.406311
8572.233582	-118.415474
8572.906494	-118.262398
8573.579407	-118.890793
8574.252319	-119.057068
8574.925232	-119.034050
8575.598145	-118.331055
8576.271057	-119.068939
8576.943970	-119.019646
8577.616882	-118.654984
8578.289795	-118.379295
8578.962708	-118.739090
8579.635620	-118.932152
8580.308533	-119.541313
8580.981445	-119.603294
8581.654358	-119.207428
8582.327271	-118.794075
8583.000183	-119.463631
8583.673096	-119.245789
8584.346008	-118.759529
8585.018921	-118.531960
8585.691833	-118.560822
8586.364746	-118.796776
8587.037659	-118.839279
8587.710571	-118.819748
8588.383484	-118.578300
8589.056396	-118.819511
8589.729309	-118.932663
8590.402222	-119.043518
8591.075134	-118.578300
8591.748047	-119.056709
8592.420959	-118.183067
8593.093872	-117.814583
8593.766785	-117.915062
8594.439697	-118.681763
8595.112610	-118.731087
8595.785522	-118.921318
8596.458435	-119.013985
8597.131348	-118.550453
8597.804260	-118.606720
8598.477173	-119.088501
8599.150085	-119.235977
8599.822998	-119.183281
8600.495911	-118.608047
8601.168823	-118.275116
8601.841736	-118.971191
8602.514648	-119.108200
8603.187561	-118.764915
8603.860474	-118.701279
8604.533386	-118.500107
8605.206299	-118.664940
8605.879211	-119.162437
8606.552124	-119.354317
8607.225037	-118.954247
8607.897949	-118.776535
8608.570862	-118.791809
8609.243774	-118.704941
8609.916687	-118.529457
8610.589600	-118.706535
8611.262512	-118.523544
8611.935425	-118.975502
8612.608337	-118.827065
8613.281250	-118.709099
8613.954163	-118.765663
8614.627075	-118.588104
8615.299988	-118.749954
8615.972900	-118.686485
8616.645813	-118.520592
8617.318726	-118.183716
8617.991638	-118.688919
8618.664551	-118.749748
8619.337463	-118.216393
8620.010376	-118.078354
8620.683289	-118.950386
8621.356201	-118.661484
8622.029114	-118.696564
8622.702026	-118.956177
8623.374939	-118.654709
8624.047852	-117.860596
8624.720764	-117.931297
8625.393677	-118.231239
8626.066589	-118.668945
8626.739502	-118.523254
8627.412415	-118.355843
8628.085327	-118.012100
8628.758240	-118.656448
8629.431152	-118.535820
8630.104065	-118.925781
8630.776978	-118.952118
8631.449890	-118.210213
8632.122803	-118.741676
8632.795715	-119.035507
8633.468628	-118.555183
8634.141541	-118.473404
8634.814453	-118.931381
8635.487366	-118.932159
8636.160278	-118.612610
8636.833191	-118.357597
8637.506104	-119.133575
8638.179016	-118.916290
8638.851929	-118.630882
8639.524841	-119.213860
8640.197754	-119.428543
8640.870667	-119.200195
8641.543579	-118.805664
8642.216492	-118.889854
8642.889404	-118.679413
8643.562317	-118.856834
8644.235229	-118.747498
8644.908142	-117.957085
8645.581055	-118.828926
8646.253967	-118.972862
8646.926880	-118.804558
8647.599792	-119.078751
8648.272705	-119.359978
8648.945618	-118.989258
8649.618530	-118.451302
8650.291443	-118.592552
8650.964355	-118.435059
8651.637268	-118.161423
8652.310181	-118.243965
8652.983093	-118.989349
8653.656006	-119.531822
8654.328918	-119.486427
8655.001831	-118.576508
8655.674744	-118.335258
8656.347656	-118.749001
8657.020569	-118.636154
8657.693481	-118.363930
8658.366394	-118.079811
8659.039307	-118.779930
8659.712219	-119.150223
8660.385132	-119.278717
8661.058044	-118.972069
8661.730957	-118.476860
8662.403870	-118.751045
8663.076782	-119.057663
8663.749695	-119.144150
8664.422607	-118.831383
8665.095520	-118.395615
8665.768433	-118.251129
8666.441345	-117.868874
8667.114258	-118.048546
8667.787170	-118.459946
8668.460083	-118.696136
8669.132996	-117.888878
8669.805908	-118.045937
8670.478821	-118.555717
8671.151733	-118.367264
8671.824646	-118.882225
8672.497559	-118.684814
8673.170471	-118.782829
8673.843384	-118.922546
8674.516296	-118.587883
8675.189209	-118.444633
8675.862122	-118.727768
8676.535034	-118.451469
8677.207947	-118.279083
8677.880859	-118.970085
8678.553772	-118.608940
8679.226685	-118.202660
8679.899597	-118.895508
8680.572510	-119.513695
8681.245422	-118.741844
8681.918335	-118.167725
8682.591248	-118.490166
8683.264160	-118.752831
8683.937073	-118.960548
8684.609985	-118.954430
8685.282898	-118.514305
8685.955811	-118.313210
8686.628723	-118.860260
8687.301636	-118.774780
8687.974548	-118.382408
8688.647461	-118.684502
8689.320374	-118.230186
8689.993286	-118.266800
8690.666199	-118.711586
8691.339111	-119.004234
8692.012024	-118.663696
8692.684937	-118.149796
8693.357849	-118.408173
8694.030762	-118.561287
8694.703674	-118.569641
8695.376587	-118.863945
8696.049500	-119.038361
8696.722412	-119.448639
8697.395325	-119.675819
8698.068237	-119.583313
8698.741150	-119.221344
8699.414062	-118.770615
8700.086975	-119.265388
8700.759888	-119.077667
8701.432800	-119.165291
8702.105713	-119.220909
8702.778625	-118.982178
8703.451538	-118.926445
8704.124451	-119.180145
8704.797363	-118.028862
8705.470276	-117.988945
8706.143188	-118.742615
8706.816101	-118.668358
8707.489014	-118.893021
8708.161926	-119.123528
8708.834839	-118.952599
8709.507751	-118.365723
8710.180664	-118.527344
8710.853577	-117.932220
8711.526489	-118.212944
8712.199402	-118.353294
8712.872314	-118.547157
8713.545227	-118.363388
8714.218140	-118.408630
8714.891052	-119.024551
8715.563965	-119.058197
8716.236877	-118.645248
8716.909790	-118.756012
8717.582703	-118.530914
8718.255615	-118.835449
8718.928528	-118.984756
8719.601440	-118.480652
8720.274353	-118.547974
8720.947266	-118.676743
8721.620178	-119.165848
8722.293091	-118.931107
8722.966003	-119.126534
8723.638916	-119.404968
8724.311829	-119.007347
8724.984741	-119.083008
8725.657654	-119.025375
8726.330566	-118.404602
8727.003479	-118.267548
8727.676392	-118.774139
8728.349304	-118.899155
8729.022217	-118.501747
8729.695129	-118.400284
8730.368042	-118.956848
8731.040955	-118.457947
8731.713867	-117.881752
8732.386780	-117.775291
8733.059692	-118.761887
8733.732605	-118.372055
8734.405518	-118.428215
8735.078430	-119.022133
8735.751343	-119.372108
8736.424255	-119.209862
8737.097168	-118.648697
8737.770081	-118.288307
8738.442993	-119.103577
8739.115906	-118.914803
8739.788818	-118.616829
8740.461731	-118.530319
8741.134644	-118.520409
8741.807556	-119.100311
8742.480469	-119.465302
8743.153381	-118.752289
8743.826294	-118.279846
8744.499207	-118.769196
8745.172119	-118.310738
8745.845032	-118.604401
8746.517944	-120.009567
8747.190857	-119.620094
8747.863770	-119.184006
8748.536682	-118.638885
8749.209595	-118.266327
8749.882507	-118.132698
8750.555420	-118.686966
8751.228333	-118.988419
8751.901245	-118.308144
8752.574158	-118.530663
8753.247070	-118.089699
8753.919983	-118.536613
8754.592896	-118.826729
8755.265808	-118.727287
8755.938721	-118.813583
8756.611633	-118.965988
8757.284546	-118.821266
8757.957458	-118.442528
8758.630371	-118.932442
8759.303284	-118.814774
8759.976196	-118.031395
8760.649109	-118.261192
8761.322021	-119.059814
8761.994934	-119.025597
8762.667847	-118.603340
8763.340759	-118.223991
8764.013672	-118.546890
8764.686584	-118.454285
8765.359497	-118.918282
8766.032410	-119.310478
8766.705322	-119.242393
8767.378235	-119.011520
8768.051147	-119.018639
8768.724060	-118.913536
8769.396973	-119.129784
8770.069885	-118.605141
8770.742798	-119.263153
8771.415710	-119.691544
8772.088623	-119.170502
8772.761536	-118.939598
8773.434448	-118.685432
8774.107361	-118.886559
8774.780273	-118.366982
8775.453186	-118.934914
8776.126099	-118.930855
8776.799011	-118.302567
8777.471924	-118.435005
8778.144836	-118.431870
8778.817749	-118.497765
8779.490662	-118.972610
8780.163574	-119.263046
8780.836487	-118.677605
8781.509399	-118.555962
8782.182312	-118.484772
8782.855225	-118.535645
8783.528137	-118.368042
8784.201050	-118.154961
8784.873962	-118.023933
8785.546875	-118.126724
8786.219788	-118.543831
8786.892700	-118.529106
8787.565613	-118.334244
8788.238525	-118.782867
8788.911438	-118.774117
8789.584351	-118.461113
8790.257263	-118.275604
8790.930176	-117.955368
8791.603088	-118.257126
8792.276001	-118.123093
8792.948914	-118.329422
8793.621826	-118.827438
8794.294739	-118.494598
8794.967651	-118.573380
8795.640564	-118.658150
8796.313477	-118.723808
8796.986389	-118.767006
8797.659302	-118.669754
8798.332214	-118.413147
8799.005127	-118.987869
8799.678040	-118.592079
8800.350952	-118.379402
8801.023865	-118.261597
8801.696777	-118.864960
8802.369690	-118.643799
8803.042603	-118.255280
8803.715515	-118.068581
8804.388428	-118.514076
8805.061340	-118.090080
8805.734253	-118.015862
8806.407166	-118.553909
8807.080078	-119.555061
8807.752991	-119.071083
8808.425903	-118.541817
8809.098816	-118.285553
8809.771729	-118.312035
8810.444641	-118.729126
8811.117554	-119.226700
8811.790466	-118.462021
8812.463379	-118.235504
8813.136292	-118.239174
8813.809204	-118.312820
8814.482117	-119.121330
8815.155029	-118.766945
8815.827942	-118.551208
8816.500854	-118.352730
8817.173767	-118.749214
8817.846680	-118.786682
8818.519592	-118.867813
8819.192505	-118.121399
8819.865417	-118.200546
8820.538330	-118.462494
8821.211243	-118.171661
8821.884155	-118.748215
8822.557068	-118.856392
8823.229980	-118.082764
8823.902893	-118.035973
8824.575806	-118.176773
8825.248718	-118.371010
8825.921631	-118.544174
8826.594543	-118.413666
8827.267456	-118.598145
8827.940369	-118.883270
8828.613281	-118.961258
8829.286194	-118.710655
8829.959106	-118.787788
8830.632019	-118.770027
8831.304932	-118.472488
8831.977844	-118.551796
8832.650757	-118.911400
8833.323669	-118.754280
8833.996582	-118.916679
8834.669495	-118.187286
8835.342407	-118.406235
8836.015320	-118.873833
8836.688232	-118.272385
8837.361145	-118.419090
8838.034058	-118.426926
8838.706970	-117.922462
8839.379883	-118.568489
8840.052795	-119.014595
8840.725708	-118.796104
8841.398621	-118.953209
8842.071533	-118.931015
8842.744446	-118.537903
8843.417358	-119.167908
8844.090271	-118.685341
8844.763184	-118.859879
8845.436096	-118.790649
8846.109009	-118.661263
8846.781921	-118.855034
8847.454834	-118.812569
8848.127747	-118.311775
8848.800659	-118.315392
8849.473572	-118.824379
8850.146484	-118.519920
8850.819397	-118.712082
8851.492310	-118.907745
8852.165222	-118.642502
8852.838135	-118.815742
8853.511047	-118.892212
8854.183960	-118.898018
8854.856873	-119.466690
8855.529785	-118.877190
8856.202698	-118.518845
8856.875610	-117.989777
8857.548523	-118.172073
8858.221436	-118.736763
8858.894348	-118.602654
8859.567261	-118.526550
8860.240173	-118.490685
8860.913086	-118.277420
8861.585999	-117.954422
8862.258911	-118.734329
8862.931824	-119.198296
8863.604736	-118.924622
8864.277649	-118.471573
8864.950562	-118.686493
8865.623474	-119.159096
8866.296387	-118.733910
8866.969299	-118.156654
8867.642212	-118.645226
8868.315125	-118.713112
8868.988037	-118.401192
8869.660950	-119.376167
8870.333862	-118.965759
8871.006775	-118.495239
8871.679688	-118.305923
8872.352600	-118.600441
8873.025513	-118.365540
8873.698425	-117.903618
8874.371338	-117.713158
8875.044250	-118.578499
8875.717163	-118.668167
8876.390076	-118.372635
8877.062988	-118.708488
8877.735901	-119.216331
8878.408813	-118.444847
8879.081726	-118.030960
8879.754639	-118.588165
8880.427551	-118.502266
8881.100464	-118.568413
8881.773376	-118.806328
8882.446289	-118.820122
8883.119202	-118.747528
8883.792114	-118.494064
8884.465027	-118.567368
8885.137939	-119.252548
8885.810852	-119.159355
8886.483765	-119.302193
8887.156677	-118.999992
8887.829590	-118.587334
8888.502502	-118.969360
8889.175415	-118.625023
8889.848328	-117.987335
8890.521240	-118.191757
8891.194153	-118.120605
8891.867065	-116.998001
8892.539978	-116.682007
8893.212891	-116.964714
8893.885803	-117.424385
8894.558716	-116.879082
8895.231628	-117.313278
8895.904541	-117.579720
8896.577454	-117.139259
8897.250366	-117.182060
8897.923279	-116.834251
8898.596191	-117.374313
8899.269104	-117.613441
8899.942017	-117.616394
8900.614929	-117.167419
8901.287842	-117.258316
8901.960754	-117.101662
8902.633667	-117.441399
8903.306580	-117.743301
8903.979492	-118.153679
8904.652405	-118.189613
8905.325317	-118.079811
8905.998230	-117.783257
8906.671143	-117.860367
8907.344055	-118.149231
8908.016968	-118.292534
8908.689880	-118.885147
8909.362793	-118.488998
8910.035706	-118.038383
8910.708618	-117.949661
8911.381531	-117.780235
8912.054443	-118.036896
8912.727356	-117.969147
8913.400269	-116.868027
8914.073181	-117.226006
8914.746094	-117.792648
8915.419006	-117.384750
8916.091919	-117.789803
8916.764832	-117.652077
8917.437744	-117.364792
8918.110657	-118.263680
8918.783569	-117.807030
8919.456482	-117.034584
8920.129395	-116.740189
8920.802307	-116.956360
8921.475220	-116.993683
8922.148132	-116.928711
8922.821045	-117.731636
8923.493958	-118.187866
8924.166870	-117.305054
8924.839783	-117.525505
8925.512695	-118.726822
8926.185608	-118.452042
8926.858521	-118.714874
8927.531433	-119.378212
8928.204346	-118.991623
8928.877258	-118.458672
8929.550171	-118.292717
8930.223083	-118.133469
8930.895996	-118.427834
8931.568909	-118.822731
8932.241821	-118.966866
8932.914734	-118.736465
8933.587646	-118.608246
8934.260559	-118.504662
8934.933472	-118.062592
8935.606384	-118.001122
8936.279297	-118.437302
8936.952209	-118.225632
8937.625122	-118.611450
8938.298035	-118.718849
8938.970947	-119.370346
8939.643860	-118.843231
8940.316772	-118.200386
8940.989685	-118.114174
8941.662598	-118.109238
8942.335510	-118.460922
8943.008423	-118.554596
8943.681335	-117.810600
8944.354248	-117.998817
8945.027161	-118.049973
8945.700073	-117.592155
8946.372986	-118.344841
8947.045898	-118.170006
8947.718811	-118.774391
8948.391724	-118.615929
8949.064636	-118.041702
8949.737549	-117.978142
8950.410461	-118.792221
8951.083374	-118.882263
8951.756287	-117.925072
8952.429199	-117.888519
8953.102112	-118.571709
8953.775024	-118.540161
8954.447937	-118.313026
8955.120850	-118.271324
8955.793762	-118.495300
8956.466675	-119.109818
8957.139587	-119.262535
8957.812500	-118.722076
8958.485413	-118.311897
8959.158325	-118.434914
8959.831238	-118.781013
8960.504150	-118.553093
8961.177063	-118.749214
8961.849976	-118.926422
8962.522888	-119.015053
8963.195801	-118.893837
8963.868713	-118.698280
8964.541626	-118.772690
8965.214539	-119.045013
8965.887451	-118.839355
8966.560364	-119.311111
8967.233276	-118.690384
8967.906189	-117.793823
8968.579102	-117.949409
8969.252014	-118.523659
8969.924927	-118.062370
8970.597839	-116.914833
8971.270752	-116.810066
8971.943665	-117.292137
8972.616577	-118.220627
8973.289490	-118.212769
8973.962402	-117.738724
8974.635315	-118.293045
8975.308228	-118.419495
8975.981140	-118.125809
8976.654053	-118.385254
8977.326965	-118.569603
8977.999878	-117.818405
8978.672791	-118.102058
8979.345703	-118.245285
8980.018616	-118.416283
8980.691528	-119.050919
8981.364441	-118.813644
8982.037354	-118.452126
8982.710266	-118.393143
8983.383179	-119.434685
8984.056091	-118.904739
8984.729004	-118.881378
8985.401917	-118.903755
8986.074829	-119.114441
8986.747742	-119.164742
8987.420654	-119.453316
8988.093567	-118.721390
8988.766479	-118.336098
8989.439392	-118.204056
8990.112305	-118.230003
8990.785217	-118.005608
8991.458130	-118.579315
8992.131042	-119.427757
8992.803955	-119.049744
8993.476868	-118.830086
8994.149780	-118.538582
8994.822693	-118.279556
8995.495605	-118.762436
8996.168518	-118.814835
8996.841431	-118.044197
8997.514343	-118.289185
8998.187256	-118.547783
8998.860168	-118.931107
8999.533081	-118.483292
9000.205994	-118.150536
9000.878906	-118.330772
9001.551819	-118.246475
9002.224731	-118.028969
9002.897644	-118.977997
9003.570557	-119.360580
9004.243469	-118.511673
9004.916382	-118.745316
9005.589294	-118.553810
9006.262207	-117.810539
9006.935120	-118.127419
9007.608032	-118.659485
9008.280945	-118.658813
9008.953857	-118.954239
9009.626770	-118.558777
9010.299683	-118.306198
9010.972595	-117.876839
9011.645508	-117.669189
9012.318420	-117.988510
9012.991333	-118.324173
9013.664246	-118.765076
9014.337158	-118.948738
9015.010071	-118.234421
9015.682983	-118.082771
9016.355896	-118.816170
9017.028809	-118.661201
9017.701721	-118.547829
9018.374634	-118.383690
9019.047546	-118.054977
9019.720459	-118.012466
9020.393372	-118.042168
9021.066284	-118.359833
9021.739197	-118.264740
9022.412109	-118.435776
9023.085022	-118.699005
9023.757935	-118.504555
9024.430847	-118.210068
9025.103760	-118.298737
9025.776672	-119.337181
9026.449585	-118.744446
9027.122498	-118.531296
9027.795410	-119.134621
9028.468323	-119.214684
9029.141235	-118.593979
9029.814148	-118.079910
9030.487061	-118.932350
9031.159973	-119.067589
9031.832886	-118.448769
9032.505798	-118.135628
9033.178711	-118.328583
9033.851624	-118.287598
9034.524536	-118.733299
9035.197449	-118.512001
9035.870361	-118.536865
9036.543274	-118.841759
9037.216187	-118.668541
9037.889099	-118.484283
9038.562012	-118.518959
9039.234924	-118.455833
9039.907837	-118.909630
9040.580750	-118.591866
9041.253662	-117.917870
9041.926575	-118.163437
9042.599487	-118.725578
9043.272400	-118.211929
9043.945312	-118.034622
9044.618225	-118.881615
9045.291138	-118.336716
9045.964050	-117.725281
9046.636963	-117.622368
9047.309875	-118.017021
9047.982788	-118.707893
9048.655701	-118.164833
9049.328613	-118.376694
9050.001526	-118.579338
9050.674438	-118.975800
9051.347351	-118.811066
9052.020264	-118.010208
9052.693176	-118.084435
9053.366089	-118.494087
9054.039001	-118.406677
9054.711914	-118.444931
9055.384827	-118.546448
9056.057739	-118.666466
9056.730652	-118.280518
9057.403564	-118.675392
9058.076477	-118.766998
9058.749390	-118.497253
9059.422302	-118.480637
9060.095215	-118.411919
9060.768127	-118.544022
9061.441040	-118.437248
9062.113953	-118.301079
9062.786865	-118.185349
9063.459778	-118.292213
9064.132690	-118.093102
9064.805603	-118.626862
9065.478516	-118.494644
9066.151428	-118.180519
9066.824341	-118.977837
9067.497253	-119.075279
9068.170166	-118.875305
9068.843079	-118.372696
9069.515991	-117.990044
9070.188904	-118.100357
9070.861816	-118.800240
9071.534729	-118.684860
9072.207642	-118.194366
9072.880554	-117.452919
9073.553467	-118.683563
9074.226379	-118.933678
9074.899292	-118.645866
9075.572205	-118.176552
9076.245117	-118.298981
9076.918030	-118.620682
9077.590942	-118.575989
9078.263855	-118.482262
9078.936768	-118.934792
9079.609680	-118.561089
9080.282593	-118.111694
9080.955505	-118.162842
9081.628418	-117.607773
9082.301331	-117.919319
9082.974243	-117.859894
9083.647156	-118.254120
9084.320068	-117.750854
9084.992981	-117.766983
9085.665894	-118.181030
9086.338806	-118.179695
9087.011719	-118.330742
9087.684631	-119.060532
9088.357544	-118.754654
9089.030457	-117.938248
9089.703369	-118.230873
9090.376282	-118.304901
9091.049194	-118.693642
9091.722107	-118.485672
9092.395020	-118.415627
9093.067932	-118.590691
9093.740845	-119.361298
9094.413757	-118.782867
9095.086670	-117.995628
9095.759583	-118.545174
9096.432495	-118.894928
9097.105408	-119.114655
9097.778320	-118.947014
9098.451233	-118.808540
9099.124146	-118.319557
9099.797058	-118.774506
9100.469971	-117.814941
9101.142883	-117.827744
9101.815796	-117.557838
9102.488708	-117.921341
9103.161621	-118.348557
9103.834534	-118.618317
9104.507446	-118.264313
9105.180359	-118.216156
9105.853271	-118.713852
9106.526184	-118.732849
9107.199097	-118.488815
9107.872009	-118.528648
9108.544922	-118.325874
9109.217834	-118.070335
9109.890747	-118.699554
9110.563660	-119.083023
9111.236572	-118.808723
9111.909485	-118.292633
9112.582397	-118.061653
9113.255310	-118.258240
9113.928223	-118.784264
9114.601135	-118.536484
9115.274048	-118.747849
9115.946960	-118.547058
9116.619873	-118.897987
9117.292786	-119.779259
9117.965698	-119.428352
9118.638611	-118.862373
9119.311523	-118.943283
9119.984436	-118.844078
9120.657349	-118.800026
9121.330261	-118.211853
9122.003174	-117.905952
9122.676086	-118.510033
9123.348999	-118.791534
9124.021912	-118.327209
9124.694824	-118.459908
9125.367737	-118.362450
9126.040649	-118.473763
9126.713562	-118.841682
9127.386475	-118.519409
9128.059387	-118.467819
9128.732300	-118.708633
9129.405212	-118.810478
9130.078125	-118.791489
9130.751038	-118.265686
9131.423950	-118.621216
9132.096863	-118.682060
9132.769775	-118.671379
9133.442688	-118.352791
9134.115601	-117.951027
9134.788513	-118.162140
9135.461426	-118.740181
9136.134338	-118.736862
9136.807251	-118.521286
9137.480164	-118.335030
9138.153076	-118.595207
9138.825989	-118.518768
9139.498901	-118.295898
9140.171814	-118.583519
9140.844727	-118.519104
9141.517639	-118.593575
9142.190552	-118.798744
9142.863464	-118.227226
9143.536377	-118.148804
9144.209290	-118.373657
9144.882202	-118.540520
9145.555115	-118.517387
9146.228027	-118.894478
9146.900940	-118.598015
9147.573853	-117.973640
9148.246765	-118.307663
9148.919678	-119.084785
9149.592590	-118.965454
9150.265503	-118.786201
9150.938416	-118.475113
9151.611328	-118.765297
9152.284241	-119.031837
9152.957153	-118.488396
9153.630066	-117.803574
9154.302979	-117.871010
9154.975891	-118.794617
9155.648804	-118.690392
9156.321716	-118.484688
9156.994629	-119.056076
9157.667542	-119.274567
9158.340454	-118.814171
9159.013367	-118.788376
9159.686279	-118.636185
9160.359192	-118.251961
9161.032104	-118.387192
9161.705017	-118.386513
9162.377930	-118.245583
9163.050842	-118.319260
9163.723755	-118.761833
9164.396667	-118.372292
9165.069580	-117.979454
9165.742493	-118.734642
9166.415405	-118.980820
9167.088318	-119.018204
9167.761230	-118.598549
9168.434143	-118.572426
9169.107056	-118.218124
9169.779968	-118.655716
9170.452881	-118.278847
9171.125793	-117.916245
9171.798706	-118.053833
9172.471619	-117.974648
9173.144531	-118.812202
9173.817444	-118.301834
9174.490356	-118.746071
9175.163269	-118.682442
9175.836182	-117.935478
9176.509094	-118.173157
9177.182007	-118.522797
9177.854919	-118.510414
9178.527832	-118.470215
9179.200745	-118.621796
9179.873657	-118.412460
9180.546570	-118.241997
9181.219482	-118.567497
9181.892395	-118.444237
9182.565308	-118.264084
9183.238220	-117.881096
9183.911133	-118.592133
9184.584045	-118.482674
9185.256958	-118.653152
9185.929871	-118.231560
9186.602783	-118.784485
9187.275696	-119.288261
9187.948608	-118.920891
9188.621521	-118.392303
9189.294434	-118.448196
9189.967346	-118.633156
9190.640259	-117.941200
9191.313171	-117.966690
9191.986084	-118.463608
9192.658997	-118.174309
9193.331909	-118.210320
9194.004822	-118.327377
9194.677734	-119.095673
9195.350647	-119.028175
9196.023560	-118.324310
9196.696472	-118.160774
9197.369385	-118.388046
9198.042297	-118.435043
9198.715210	-118.357536
9199.388123	-118.529907
9200.061035	-118.895439
9200.733948	-118.540497
9201.406860	-118.361694
9202.079773	-117.837540
9202.752686	-118.200333
9203.425598	-118.599449
9204.098511	-118.438667
9204.771423	-118.522125
9205.444336	-118.708855
9206.117249	-118.688889
9206.790161	-118.555061
9207.463074	-118.789970
9208.135986	-117.943527
9208.808899	-118.581650
9209.481812	-118.984406
9210.154724	-118.770630
9210.827637	-118.885521
9211.500549	-118.455971
9212.173462	-118.603546
9212.846375	-117.966362
9213.519287	-117.823547
9214.192200	-118.078659
9214.865112	-118.769714
9215.538025	-118.864357
9216.210938	-118.294151
9216.883850	-118.438782
9217.556763	-118.280670
9218.229675	-117.909111
9218.902588	-117.926758
9219.575500	-118.019394
9220.248413	-118.734818
9220.921326	-118.573814
9221.594238	-117.813492
9222.267151	-117.673439
9222.940063	-118.212395
9223.612976	-118.920410
9224.285889	-119.099388
9224.958801	-118.806496
9225.631714	-118.497742
9226.304626	-118.478004
9226.977539	-119.038887
9227.650452	-118.881737
9228.323364	-118.965523
9228.996277	-119.082603
9229.669189	-118.825996
9230.342102	-118.654022
9231.015015	-118.947945
9231.687927	-118.506317
9232.360840	-118.483978
9233.033752	-118.916557
9233.706665	-118.812622
9234.379578	-118.582237
9235.052490	-118.157608
9235.725403	-118.511765
9236.398315	-118.321030
9237.071228	-117.959328
9237.744141	-118.543350
9238.417053	-118.637375
9239.089966	-118.235893
9239.762878	-118.084656
9240.435791	-118.569336
9241.108704	-118.160309
9241.781616	-118.406265
9242.454529	-118.645042
9243.127441	-118.108864
9243.800354	-118.524979
9244.473267	-118.514404
9245.146179	-118.551804
9245.819092	-118.751228
9246.492004	-118.825348
9247.164917	-118.530151
9247.837830	-117.880745
9248.510742	-118.480713
9249.183655	-119.383400
9249.856567	-118.897293
9250.529480	-118.233223
9251.202393	-118.346291
9251.875305	-117.948669
9252.548218	-118.115578
9253.221130	-118.301880
9253.894043	-118.660973
9254.566956	-118.583710
9255.239868	-118.284744
9255.912781	-118.389748
9256.585693	-118.830399
9257.258606	-119.163536
9257.931519	-118.865654
9258.604431	-118.728943
9259.277344	-118.628143
9259.950256	-118.371521
9260.623169	-118.177353
9261.296082	-117.551971
9261.968994	-117.976608
9262.641907	-118.336205
9263.314819	-118.856636
9263.987732	-118.429657
9264.660645	-118.296150
9265.333557	-118.579681
9266.006470	-118.448753
9266.679382	-118.480148
9267.352295	-119.424782
9268.025208	-119.121246
9268.698120	-118.834793
9269.371033	-118.364372
9270.043945	-118.543755
9270.716858	-117.792046
9271.389771	-117.795006
9272.062683	-118.301788
9272.735596	-118.624878
9273.408508	-118.274139
9274.081421	-118.377525
9274.754333	-119.238655
9275.427246	-119.225479
9276.100159	-118.598045
9276.773071	-118.362442
9277.445984	-117.775513
9278.118896	-118.185379
9278.791809	-118.254044
9279.464722	-118.450394
9280.137634	-118.414558
9280.810547	-117.876663
9281.483459	-117.893120
9282.156372	-117.532494
9282.829285	-117.574020
9283.502197	-118.508308
9284.175110	-118.623100
9284.848022	-118.169708
9285.520935	-118.358498
9286.193848	-118.350502
9286.866760	-118.312401
9287.539673	-118.996140
9288.212585	-118.711220
9288.885498	-118.476082
9289.558411	-117.637520
9290.231323	-117.869179
9290.904236	-118.070923
9291.577148	-118.407600
9292.250061	-118.905228
9292.922974	-118.204109
9293.595886	-118.368279
9294.268799	-118.826126
9294.941711	-118.791458
9295.614624	-118.593948
9296.287537	-118.920029
9296.960449	-118.973991
9297.633362	-118.298172
9298.306274	-117.936974
9298.979187	-117.894928
9299.652100	-117.926033
9300.325012	-117.956299
9300.997925	-117.913559
9301.670837	-118.108246
9302.343750	-117.945267
9303.016663	-118.511642
9303.689575	-119.096069
9304.362488	-118.589195
9305.035400	-118.190948
9305.708313	-118.588188
9306.381226	-118.837959
9307.054138	-119.129562
9307.727051	-118.582382
9308.399963	-118.713867
9309.072876	-118.736755
9309.745789	-118.955803
9310.418701	-118.744545
9311.091614	-118.291832
9311.764526	-118.882851
9312.437439	-118.908867
9313.110352	-118.237961
9313.783264	-118.680382
9314.456177	-118.180344
9315.129089	-118.421906
9315.802002	-118.787041
9316.474915	-118.913078
9317.147827	-118.348602
9317.820740	-118.290016
9318.493652	-118.378197
9319.166565	-118.570618
9319.839478	-119.335167
9320.512390	-119.135689
9321.185303	-118.292625
9321.858215	-118.637543
9322.531128	-118.496117
9323.204041	-118.790672
9323.876953	-118.394356
9324.549866	-118.511414
9325.222778	-118.552727
9325.895691	-118.645836
9326.568604	-118.352142
9327.241516	-118.290939
9327.914429	-118.437340
9328.587341	-118.229446
9329.260254	-118.292122
9329.933167	-118.935760
9330.606079	-118.609283
9331.278992	-118.397743
9331.951904	-118.410034
9332.624817	-118.641464
9333.297729	-118.862556
9333.970642	-118.424057
9334.643555	-118.399750
9335.316467	-118.733032
9335.989380	-118.805084
9336.662292	-118.297104
9337.335205	-118.453171
9338.008118	-118.572777
9338.681030	-118.187424
9339.353943	-117.968277
9340.026855	-118.277611
9340.699768	-118.427597
9341.372681	-118.827667
9342.045593	-118.842117
9342.718506	-118.414497
9343.391418	-118.349152
9344.064331	-118.649567
9344.737244	-118.175934
9345.410156	-118.253067
9346.083069	-118.398483
9346.755981	-118.172241
9347.428894	-118.519829
9348.101807	-118.633293
9348.774719	-118.241158
9349.447632	-117.928909
9350.120544	-117.781433
9350.793457	-117.743317
9351.466370	-118.084557
9352.139282	-118.033478
9352.812195	-117.951958
9353.485107	-118.798019
9354.158020	-118.309052
9354.830933	-117.828804
9355.503845	-117.872871
9356.176758	-118.057426
9356.849670	-118.116310
9357.522583	-118.283699
9358.195496	-118.558647
9358.868408	-118.454323
9359.541321	-118.542961
9360.214233	-118.987297
9360.887146	-118.483536
9361.560059	-117.448303
9362.232971	-118.206841
9362.905884	-118.030945
9363.578796	-118.722847
9364.251709	-118.738029
9364.924622	-119.045067
9365.597534	-119.135956
9366.270447	-118.593674
9366.943359	-118.708885
9367.616272	-118.426826
9368.289185	-118.114105
9368.962097	-118.058220
9369.635010	-117.924004
9370.307922	-118.016548
9370.980835	-117.899834
9371.653748	-118.335739
9372.326660	-118.432449
9372.999573	-118.675514
9373.672485	-118.419540
9374.345398	-118.285118
9375.018311	-118.656044
9375.691223	-118.607925
9376.364136	-118.370888
9377.037048	-118.270859
9377.709961	-118.896568
9378.382874	-118.524284
9379.055786	-118.350517
9379.728699	-118.583382
9380.401611	-118.290543
9381.074524	-119.010429
9381.747437	-118.513161
9382.420349	-118.178123
9383.093262	-118.164291
9383.766174	-118.352005
9384.439087	-118.483345
9385.112000	-118.944679
9385.784912	-118.927742
9386.457825	-118.242340
9387.130737	-118.187943
9387.803650	-118.359070
9388.476562	-118.503166
9389.149475	-118.787033
9389.822388	-118.610733
9390.495300	-118.282104
9391.168213	-118.282188
9391.841125	-117.746483
9392.514038	-118.007065
9393.186951	-118.741211
9393.859863	-118.546074
9394.532776	-118.505516
9395.205688	-118.439476
9395.878601	-118.400116
9396.551514	-118.066475
9397.224426	-118.036003
9397.897339	-118.459305
9398.570251	-118.729408
9399.243164	-118.355659
9399.916077	-118.341148
9400.588989	-118.668068
9401.261902	-119.164162
9401.934814	-118.854233
9402.607727	-118.573883
9403.280640	-118.650459
9403.953552	-118.449631
9404.626465	-118.035179
9405.299377	-118.598518
9405.972290	-118.586304
9406.645203	-118.288506
9407.318115	-118.710556
9407.991028	-118.257027
9408.663940	-118.790939
9409.336853	-118.774025
9410.009766	-118.623482
9410.682678	-118.492088
9411.355591	-119.049271
9412.028503	-118.444038
9412.701416	-118.660942
9413.374329	-118.677139
9414.047241	-118.625000
9414.720154	-119.004494
9415.393066	-118.928764
9416.065979	-118.788475
9416.738892	-118.829094
9417.411804	-118.951729
9418.084717	-118.983116
9418.757629	-118.283340
9419.430542	-117.974266
9420.103455	-118.744247
9420.776367	-118.217293
9421.449280	-118.198174
9422.122192	-118.392181
9422.795105	-118.641243
9423.468018	-118.812927
9424.140930	-118.346718
9424.813843	-118.466934
9425.486755	-118.895477
9426.159668	-118.463737
9426.832581	-118.262184
9427.505493	-117.834480
9428.178406	-117.906029
9428.851318	-118.130653
9429.524231	-118.277290
9430.197144	-118.507233
9430.870056	-118.230278
9431.542969	-118.621681
9432.215881	-119.157028
9432.888794	-118.388466
9433.561707	-118.276077
9434.234619	-118.727051
9434.907532	-119.117424
9435.580444	-118.610741
9436.253357	-118.489594
9436.926270	-118.192429
9437.599182	-117.994530
9438.272095	-118.177338
9438.945007	-118.174225
9439.617920	-118.662125
9440.290833	-118.918877
9440.963745	-118.200470
9441.636658	-118.071289
9442.309570	-118.967346
9442.982483	-118.905235
9443.655396	-118.618004
9444.328308	-118.762436
9445.001221	-118.398849
9445.674133	-118.301872
9446.347046	-118.455139
9447.019958	-118.162674
9447.692871	-118.325478
9448.365784	-118.768021
9449.038696	-118.589333
9449.711609	-117.842598
9450.384521	-118.134850
9451.057434	-118.980431
9451.730347	-118.720352
9452.403259	-118.138695
9453.076172	-118.812614
9453.749084	-118.905380
9454.421997	-119.035500
9455.094910	-118.453087
9455.767822	-118.422783
9456.440735	-118.449966
9457.113647	-117.946526
9457.786560	-117.807182
9458.459473	-118.347267
9459.132385	-118.460289
9459.805298	-118.683685
9460.478210	-118.387894
9461.151123	-118.489502
9461.824036	-118.553406
9462.496948	-118.643570
9463.169861	-118.203995
9463.842773	-118.117775
9464.515686	-118.991219
9465.188599	-118.738106
9465.861511	-118.814613
9466.534424	-118.979210
9467.207336	-118.288353
9467.880249	-118.404999
9468.553162	-119.309799
9469.226074	-119.244553
9469.898987	-118.559090
9470.571899	-118.533226
9471.244812	-118.616936
9471.917725	-118.760269
9472.590637	-118.138290
9473.263550	-117.784607
9473.936462	-118.422363
9474.609375	-118.669701
9475.282288	-118.423607
9475.955200	-118.099648
9476.628113	-117.998672
9477.301025	-118.814133
9477.973938	-118.841309
9478.646851	-118.793892
9479.319763	-118.168121
9479.992676	-118.438553
9480.665588	-118.273438
9481.338501	-118.512367
9482.011414	-118.427353
9482.684326	-118.437286
9483.357239	-118.252815
9484.030151	-118.336014
9484.703064	-118.082100
9485.375977	-119.044006
9486.048889	-118.628838
9486.721802	-117.850906
9487.394714	-118.217354
9488.067627	-118.384544
9488.740540	-118.163544
9489.413452	-118.256645
9490.086365	-118.699081
9490.759277	-118.404388
9491.432190	-118.621796
9492.105103	-118.252815
9492.778015	-118.059898
9493.450928	-117.891869
9494.123840	-117.727089
9494.796753	-117.499031
9495.469666	-117.496040
9496.142578	-117.985329
9496.815491	-117.944763
9497.488403	-118.319305
9498.161316	-118.492844
9498.834229	-118.260208
9499.507141	-118.578140
9500.180054	-119.377724
9500.852966	-118.661789
9501.525879	-118.784882
9502.198792	-118.465172
9502.871704	-118.365135
9503.544617	-118.403992
9504.217529	-117.695244
9504.890442	-118.312881
9505.563354	-118.370529
9506.236267	-118.693680
9506.909180	-118.898476
9507.582092	-118.267036
9508.255005	-118.190285
9508.927917	-118.487267
9509.600830	-118.046936
9510.273743	-117.567322
9510.946655	-118.174919
9511.619568	-118.713432
9512.292480	-118.740822
9512.965393	-119.154282
9513.638306	-119.107323
9514.311218	-118.080330
9514.984131	-117.608643
9515.657043	-117.854095
9516.329956	-117.984848
9517.002869	-118.441872
9517.675781	-118.474396
9518.348694	-118.255112
9519.021606	-118.514313
9519.694519	-118.825005
9520.367432	-118.436401
9521.040344	-118.439545
9521.713257	-118.412155
9522.386169	-118.092682
9523.059082	-118.831650
9523.731995	-118.402496
9524.404907	-118.350075
9525.077820	-118.474876
9525.750732	-118.534187
9526.423645	-118.834785
9527.096558	-119.153992
9527.769470	-118.493866
9528.442383	-117.858215
9529.115295	-118.017677
9529.788208	-118.577827
9530.461121	-118.680351
9531.134033	-118.845314
9531.806946	-119.442093
9532.479858	-119.187431
9533.152771	-118.789856
9533.825684	-118.730278
9534.498596	-118.874809
9535.171509	-118.993668
9535.844421	-118.790985
9536.517334	-118.611153
9537.190247	-118.731804
9537.863159	-118.377434
9538.536072	-118.783241
9539.208984	-118.449989
9539.881897	-118.367744
9540.554810	-118.361137
9541.227722	-118.233467
9541.900635	-118.275818
9542.573547	-118.469612
9543.246460	-118.396385
9543.919373	-119.079147
9544.592285	-118.112312
9545.265198	-118.505547
9545.938110	-118.686401
9546.611023	-118.721687
9547.283936	-118.836937
9547.956848	-118.410713
9548.629761	-118.534958
9549.302673	-117.915527
9549.975586	-118.156792
9550.648499	-118.171272
9551.321411	-118.288460
9551.994324	-118.857170
9552.667236	-118.847054
9553.340149	-118.519524
9554.013062	-118.125786
9554.685974	-118.184570
9555.358887	-118.749481
9556.031799	-118.479950
9556.704712	-118.558922
9557.377625	-118.404655
9558.050537	-117.788185
9558.723450	-117.650902
9559.396362	-117.907661
9560.069275	-117.775467
9560.742188	-117.847382
9561.415100	-118.443024
9562.088013	-118.715576
9562.760925	-118.179558
9563.433838	-117.846016
9564.106750	-118.005554
9564.779663	-118.104507
9565.452576	-118.110054
9566.125488	-118.863312
9566.798401	-118.501518
9567.471313	-118.380219
9568.144226	-118.220398
9568.817139	-118.871460
9569.490051	-118.342545
9570.162964	-118.130783
9570.835876	-118.409248
9571.508789	-117.756729
9572.181702	-118.055428
9572.854614	-118.257805
9573.527527	-118.042885
9574.200439	-118.443390
9574.873352	-118.717461
9575.546265	-118.495895
9576.219177	-118.335304
9576.892090	-118.237244
9577.565002	-118.458679
9578.237915	-118.350281
9578.910828	-117.824760
9579.583740	-117.761421
9580.256653	-118.180809
9580.929565	-118.864685
9581.602478	-118.545006
9582.275391	-118.672218
9582.948303	-119.132446
9583.621216	-118.423569
9584.294128	-118.436310
9584.967041	-118.186485
9585.639954	-118.230629
9586.312866	-118.308937
9586.985779	-118.314201
9587.658691	-118.459274
9588.331604	-118.733414
9589.004517	-118.751015
9589.677429	-118.550392
9590.350342	-118.307007
9591.023254	-118.149612
9591.696167	-118.154350
9592.369080	-118.418327
9593.041992	-118.468826
9593.714905	-118.838852
9594.387817	-119.285934
9595.060730	-118.836235
9595.733643	-118.396751
9596.406555	-118.247864
9597.079468	-118.634842
9597.752380	-118.680450
9598.425293	-119.116936
9599.098206	-118.572021
9599.771118	-117.847252
9600.444031	-118.749084
9601.116943	-118.910072
9601.789856	-118.498108
9602.462769	-118.416847
9603.135681	-118.374893
9603.808594	-118.662132
9604.481506	-118.505966
9605.154419	-118.610268
9605.827332	-118.380043
9606.500244	-118.063080
9607.173157	-118.541344
9607.846069	-118.557228
9608.518982	-118.870369
9609.191895	-118.472519
9609.864807	-118.126045
9610.537720	-118.448204
9611.210632	-118.549553
9611.883545	-118.455116
9612.556458	-118.652596
9613.229370	-118.186790
9613.902283	-118.181770
9614.575195	-118.301971
9615.248108	-118.324623
9615.921021	-118.465538
9616.593933	-118.971428
9617.266846	-118.447815
9617.939758	-118.531319
9618.612671	-118.411026
9619.285583	-118.920746
9619.958496	-118.815201
9620.631409	-118.206932
9621.304321	-118.970856
9621.977234	-119.148109
9622.650146	-118.758850
9623.323059	-118.459320
9623.995972	-118.646370
9624.668884	-118.714699
9625.341797	-119.006981
9626.014709	-118.609512
9626.687622	-118.051018
9627.360535	-118.152634
9628.033447	-118.682465
9628.706360	-118.881241
9629.379272	-118.393509
9630.052185	-118.091568
9630.725098	-118.431137
9631.398010	-118.831474
9632.070923	-118.541290
9632.743835	-118.851219
9633.416748	-119.292145
9634.089661	-118.897873
9634.762573	-118.063988
9635.435486	-117.668716
9636.108398	-117.440941
9636.781311	-117.753151
9637.454224	-118.105011
9638.127136	-118.153740
9638.800049	-118.590637
9639.472961	-118.557259
9640.145874	-118.405273
9640.818787	-118.565941
9641.491699	-118.559891
9642.164612	-118.529320
9642.837524	-118.690910
9643.510437	-118.294983
9644.183350	-117.971130
9644.856262	-118.156967
9645.529175	-118.564911
9646.202087	-118.340843
9646.875000	-118.757164
9647.547913	-118.767441
9648.220825	-118.648087
9648.893738	-118.627060
9649.566650	-118.057594
9650.239563	-118.455452
9650.912476	-118.263489
9651.585388	-118.035919
9652.258301	-117.637634
9652.931213	-118.476669
9653.604126	-118.733772
9654.277039	-118.628189
9654.949951	-118.946983
9655.622864	-118.580658
9656.295776	-118.797585
9656.968689	-118.828407
9657.641602	-118.679237
9658.314514	-118.438210
9658.987427	-118.052048
9659.660339	-118.495987
9660.333252	-118.968330
9661.006165	-119.162643
9661.679077	-118.311722
9662.351990	-118.216019
9663.024902	-118.629631
9663.697815	-118.921165
9664.370728	-118.678650
9665.043640	-118.229881
9665.716553	-118.288445
9666.389465	-118.511246
9667.062378	-118.864769
9667.735291	-118.298431
9668.408203	-118.489914
9669.081116	-118.495262
9669.754028	-118.345169
9670.426941	-118.037949
9671.099854	-118.371117
9671.772766	-118.056801
9672.445679	-117.679718
9673.118591	-118.836693
9673.791504	-118.820549
9674.464417	-119.128174
9675.137329	-119.019814
9675.810242	-118.431854
9676.483154	-118.414246
9677.156067	-118.559845
9677.828979	-118.542793
9678.501892	-118.299728
9679.174805	-118.366524
9679.847717	-118.076103
9680.520630	-117.839088
9681.193542	-118.374626
9681.866455	-118.939766
9682.539368	-118.965935
9683.212280	-119.208611
9683.885193	-118.853394
9684.558105	-118.548538
9685.231018	-118.325272
9685.903931	-118.334007
9686.576843	-118.783463
9687.249756	-118.677551
9687.922668	-118.511696
9688.595581	-118.655029
9689.268494	-118.469719
9689.941406	-118.524940
9690.614319	-118.659134
9691.287231	-118.127625
9691.960144	-117.751106
9692.633057	-118.640320
9693.305969	-118.857162
9693.978882	-118.128639
9694.651794	-118.219910
9695.324707	-118.744621
9695.997620	-118.656822
9696.670532	-118.258202
9697.343445	-118.667061
9698.016357	-119.131577
9698.689270	-118.693443
9699.362183	-118.866058
9700.035095	-118.851494
9700.708008	-118.692780
9701.380920	-118.879974
9702.053833	-118.792610
9702.726746	-118.748718
9703.399658	-118.673904
9704.072571	-118.624832
9704.745483	-118.439964
9705.418396	-118.501068
9706.091309	-118.502586
9706.764221	-118.439461
9707.437134	-118.347748
9708.110046	-119.107773
9708.782959	-118.784561
9709.455872	-118.375145
9710.128784	-118.221542
9710.801697	-118.014175
9711.474609	-118.409431
9712.147522	-118.659073
9712.820435	-118.709518
9713.493347	-118.876190
9714.166260	-119.128326
9714.839172	-118.500122
9715.512085	-118.086571
9716.184998	-118.483871
9716.857910	-119.022018
9717.530823	-119.003632
9718.203735	-118.644951
9718.876648	-118.855331
9719.549561	-118.887238
9720.222473	-118.643753
9720.895386	-119.014442
9721.568298	-118.751556
9722.241211	-118.886360
9722.914124	-119.177689
9723.587036	-118.656982
9724.259949	-118.861511
9724.932861	-118.818878
9725.605774	-119.139145
9726.278687	-118.708076
9726.951599	-117.950066
9727.624512	-118.175056
9728.297424	-117.734917
9728.970337	-118.544258
9729.643250	-118.740097
9730.316162	-119.392944
9730.989075	-118.698700
9731.661987	-118.674164
9732.334900	-118.310951
9733.007812	-118.654045
9733.680725	-119.011612
9734.353638	-118.533035
9735.026550	-119.004013
9735.699463	-118.886070
9736.372375	-119.141891
9737.045288	-118.868423
9737.718201	-118.944931
9738.391113	-119.072517
9739.064026	-118.183655
9739.736938	-118.044548
9740.409851	-118.222740
9741.082764	-118.735237
9741.755676	-119.031479
9742.428589	-119.391693
9743.101501	-118.697319
9743.774414	-118.570862
9744.447327	-118.494286
9745.120239	-118.391685
9745.793152	-118.724831
9746.466064	-118.896370
9747.138977	-118.768562
9747.811890	-119.553253
9748.484802	-119.083572
9749.157715	-118.284920
9749.830627	-118.312965
9750.503540	-118.294037
9751.176453	-118.751846
9751.849365	-118.193909
9752.522278	-118.764748
9753.195190	-119.136208
9753.868103	-119.105011
9754.541016	-118.652260
9755.213928	-118.407265
9755.886841	-118.145935
9756.559753	-118.508972
9757.232666	-118.449486
9757.905579	-118.507584
9758.578491	-118.973701
9759.251404	-119.142792
9759.924316	-118.757240
9760.597229	-118.387344
9761.270142	-118.881378
9761.943054	-118.990013
9762.615967	-118.483444
9763.288879	-118.769279
9763.961792	-119.203339
9764.634705	-118.835716
9765.307617	-118.241158
9765.980530	-118.098618
9766.653442	-118.335197
9767.326355	-118.586143
9767.999268	-118.548935
9768.672180	-118.967972
9769.345093	-118.993340
9770.018005	-118.924637
9770.690918	-118.804420
9771.363831	-118.981293
9772.036743	-118.983276
9772.709656	-118.745201
9773.382568	-118.736290
9774.055481	-118.988243
9774.728394	-118.760178
9775.401306	-118.711922
9776.074219	-118.862564
9776.747131	-118.723473
9777.420044	-119.186287
9778.092957	-118.757896
9778.765869	-118.664742
9779.438782	-118.340042
9780.111694	-117.793152
9780.784607	-118.654663
9781.457520	-118.679947
9782.130432	-118.577972
9782.803345	-118.660507
9783.476257	-119.109665
9784.149170	-118.637810
9784.822083	-119.004898
9785.494995	-118.700165
9786.167908	-118.577385
9786.840820	-118.982941
9787.513733	-118.773972
9788.186646	-119.287666
9788.859558	-118.461937
9789.532471	-118.413620
9790.205383	-118.998917
9790.878296	-120.128113
9791.551208	-119.706650
9792.224121	-119.179878
9792.897034	-119.122543
9793.569946	-118.795631
9794.242859	-118.526123
9794.915771	-118.935585
9795.588684	-118.920639
9796.261597	-118.879318
9796.934509	-118.639351
9797.607422	-118.475586
9798.280334	-118.406380
9798.953247	-118.522118
9799.626160	-118.606972
9800.299072	-118.594467
9800.971985	-118.636795
9801.644897	-119.114159
9802.317810	-118.703346
9802.990723	-118.847801
9803.663635	-118.602745
9804.336548	-118.728294
9805.009460	-118.921722
9805.682373	-119.024635
9806.355286	-118.700371
9807.028198	-118.663437
9807.701111	-118.284126
9808.374023	-118.897469
9809.046936	-119.441170
9809.719849	-119.200020
9810.392761	-118.838760
9811.065674	-119.110092
9811.738586	-118.978851
9812.411499	-118.642891
9813.084412	-118.671577
9813.757324	-118.784477
9814.430237	-118.630219
9815.103149	-118.641434
9815.776062	-118.415207
9816.448975	-118.961250
9817.121887	-119.055611
9817.794800	-118.903412
9818.467712	-118.302780
9819.140625	-118.866119
9819.813538	-119.465492
9820.486450	-118.576683
9821.159363	-119.237549
9821.832275	-119.391190
9822.505188	-119.131325
9823.178101	-119.053505
9823.851013	-118.916847
9824.523926	-119.007553
9825.196838	-119.077827
9825.869751	-119.338310
9826.542664	-119.055504
9827.215576	-119.268402
9827.888489	-119.115829
9828.561401	-118.973579
9829.234314	-118.803116
9829.907227	-119.413872
9830.580139	-119.691498
9831.253052	-118.934280
9831.925964	-118.134827
9832.598877	-118.285042
9833.271790	-118.754883
9833.944702	-119.704765
9834.617615	-119.307899
9835.290527	-118.917259
9835.963440	-118.501869
9836.636353	-118.727928
9837.309265	-118.865303
9837.982178	-118.561806
9838.655090	-118.747337
9839.328003	-119.319313
9840.000916	-118.869507
9840.673828	-118.891754
9841.346741	-119.083923
9842.019653	-118.838692
9842.692566	-118.763702
9843.365479	-118.627968
9844.038391	-118.967316
9844.711304	-118.968193
9845.384216	-119.160378
9846.057129	-118.845818
9846.730042	-119.113472
9847.402954	-118.755600
9848.075867	-117.850410
9848.748779	-118.028305
9849.421692	-118.812035
9850.094604	-118.600143
9850.767517	-118.880211
9851.440430	-119.267159
9852.113342	-119.227623
9852.786255	-118.334602
9853.459167	-118.183105
9854.132080	-118.715759
9854.804993	-119.145432
9855.477905	-119.087280
9856.150818	-118.691223
9856.823730	-118.838165
9857.496643	-119.245399
9858.169556	-119.214104
9858.842468	-119.405846
9859.515381	-119.412605
9860.188293	-118.600929
9860.861206	-118.573074
9861.534119	-118.634590
9862.207031	-118.725647
9862.879944	-118.998672
9863.552856	-119.311539
9864.225769	-118.752052
9864.898682	-118.902184
9865.571594	-119.588989
9866.244507	-119.080948
9866.917419	-118.863327
9867.590332	-118.737366
9868.263245	-118.713806
9868.936157	-118.412819
9869.609070	-118.167160
9870.281982	-118.389572
9870.954895	-118.405922
9871.627808	-118.596802
9872.300720	-118.589897
9872.973633	-118.572044
9873.646545	-119.129234
9874.319458	-118.576935
9874.992371	-117.889999
9875.665283	-118.426628
9876.338196	-118.935593
9877.011108	-119.335678
9877.684021	-118.985161
9878.356934	-118.534271
9879.029846	-118.600227
9879.702759	-118.760887
9880.375671	-118.376923
9881.048584	-118.698761
9881.721497	-119.253845
9882.394409	-119.247505
9883.067322	-118.293625
9883.740234	-118.247147
9884.413147	-118.607994
9885.086060	-118.344742
9885.758972	-118.396141
9886.431885	-118.788872
9887.104797	-118.484703
9887.777710	-118.803223
9888.450623	-118.883369
9889.123535	-118.928322
9889.796448	-118.858246
9890.469360	-119.041145
9891.142273	-118.464767
9891.815186	-118.269600
9892.488098	-118.387047
9893.161011	-118.326721
9893.833923	-118.229424
9894.506836	-118.287529
9895.179749	-119.090637
9895.852661	-118.641281
9896.525574	-118.638008
9897.198486	-119.295334
9897.871399	-118.554672
9898.544312	-118.375244
9899.217224	-118.717010
9899.890137	-119.044128
9900.563049	-119.282776
9901.235962	-118.870140
9901.908875	-118.856133
9902.581787	-118.548866
9903.254700	-118.747185
9903.927612	-119.210274
9904.600525	-118.604149
9905.273438	-118.302925
9905.946350	-118.581566
9906.619263	-118.850235
9907.292175	-118.991737
9907.965088	-119.365044
9908.638000	-118.698151
9909.310913	-118.436531
9909.983826	-118.899666
9910.656738	-118.927673
9911.329651	-118.348717
9912.002563	-118.595810
9912.675476	-118.444000
9913.348389	-118.264893
9914.021301	-118.713249
9914.694214	-118.779449
9915.367126	-118.919998
9916.040039	-118.553413
9916.712952	-118.187912
9917.385864	-118.609673
9918.058777	-119.161507
9918.731689	-119.073837
9919.404602	-118.395126
9920.077515	-118.376350
9920.750427	-119.113937
9921.423340	-119.087265
9922.096252	-118.935570
9922.769165	-118.780373
9923.442078	-118.329124
9924.114990	-118.667686
9924.787903	-119.250648
9925.460815	-119.473846
9926.133728	-119.142212
9926.806641	-118.938744
9927.479553	-119.326859
9928.152466	-118.798470
9928.825378	-118.313156
9929.498291	-118.653252
9930.171204	-118.099533
9930.844116	-118.395256
9931.517029	-118.314796
9932.189941	-118.250694
9932.862854	-118.998413
9933.535767	-118.702484
9934.208679	-118.816208
9934.881592	-119.189308
9935.554504	-119.187447
9936.227417	-119.156738
9936.900330	-118.452698
9937.573242	-118.106667
9938.246155	-118.575027
9938.919067	-119.110802
9939.591980	-118.830055
9940.264893	-119.154854
9940.937805	-119.361893
9941.610718	-118.479919
9942.283630	-118.374519
9942.956543	-118.444420
9943.629456	-118.415428
9944.302368	-118.659767
9944.975281	-119.388283
9945.648193	-119.783447
9946.321106	-119.064850
9946.994019	-119.038528
9947.666931	-119.853378
9948.339844	-119.252106
9949.012756	-118.836990
9949.685669	-119.021461
9950.358582	-119.600082
9951.031494	-119.571724
9951.704407	-119.700157
9952.377319	-119.758026
9953.050232	-119.257942
9953.723145	-118.778793
9954.396057	-118.960915
9955.068970	-118.819054
9955.741882	-118.887352
9956.414795	-119.082741
9957.087708	-119.193459
9957.760620	-119.079422
9958.433533	-118.680931
9959.106445	-118.657272
9959.779358	-119.275055
9960.452271	-119.420204
9961.125183	-119.048134
9961.798096	-118.718178
9962.471008	-119.185188
9963.143921	-118.756638
9963.816833	-118.344521
9964.489746	-118.586884
9965.162659	-118.369614
9965.835571	-118.558655
9966.508484	-119.002075
9967.181396	-118.548920
9967.854309	-118.808533
9968.527222	-119.272438
9969.200134	-118.904739
9969.873047	-119.406006
9970.545959	-119.770470
9971.218872	-119.558098
9971.891785	-119.877197
9972.564697	-119.255104
9973.237610	-118.691994
9973.910522	-118.936218
9974.583435	-119.328362
9975.256348	-119.374649
9975.929260	-119.341194
9976.602173	-119.131989
9977.275085	-119.608963
9977.947998	-118.886238
9978.620911	-118.780891
9979.293823	-118.904800
9979.966736	-119.203568
9980.639648	-119.759216
9981.312561	-119.699326
9981.985474	-119.737350
9982.658386	-119.074722
9983.331299	-118.873047
9984.004211	-118.831284
9984.677124	-119.487671
9985.350037	-118.917473
9986.022949	-119.350197
9986.695862	-119.616844
9987.368774	-119.965790
9988.041687	-119.815186
9988.714600	-118.962738
9989.387512	-118.645363
9990.060425	-119.258926
9990.733337	-119.251755
9991.406250	-118.937202
9992.079163	-118.977928
9992.752075	-118.780403
9993.424988	-119.155869
9994.097900	-118.904709
9994.770813	-119.082108
9995.443726	-119.443741
9996.116638	-118.978226
9996.789551	-118.275536
9997.462463	-118.451729
9998.135376	-119.742859
9998.808289	-119.332077
9999.481201	-119.000427
10000.154114	-119.268883
10000.827026	-119.794334
10001.499939	-119.236000
10002.172852	-119.026588
10002.845764	-118.342514
10003.518677	-118.693336
10004.191589	-119.294228
10004.864502	-119.518661
10005.537415	-119.212814
10006.210327	-118.783211
10006.883240	-119.432350
10007.556152	-119.707077
10008.229065	-119.843658
10008.901978	-119.628540
10009.574890	-119.238792
10010.247803	-119.321075
10010.920715	-119.523483
10011.593628	-118.912582
10012.266541	-118.737068
10012.939453	-119.047783
10013.612366	-119.605560
10014.285278	-119.801590
10014.958191	-119.027351
10015.631104	-119.361595
10016.304016	-119.427101
10016.976929	-119.246948
10017.649841	-119.261177
10018.322754	-118.853081
10018.995667	-118.997559
10019.668579	-118.997589
10020.341492	-119.586945
10021.014404	-119.723999
10021.687317	-119.644958
10022.360229	-119.342598
10023.033142	-119.245758
10023.706055	-119.698151
10024.378967	-119.395332
10025.051880	-118.877075
10025.724792	-119.204529
10026.397705	-119.371017
10027.070618	-118.698814
10027.743530	-118.602722
10028.416443	-118.831268
10029.089355	-118.916092
10029.762268	-118.797859
10030.435181	-118.548927
10031.108093	-118.923424
10031.781006	-119.104149
10032.453918	-119.004425
10033.126831	-119.076927
10033.799744	-118.903969
10034.472656	-119.416008
10035.145569	-119.478462
10035.818481	-119.403503
10036.491394	-119.256287
10037.164307	-119.868141
10037.837219	-119.679314
10038.510132	-119.415779
10039.183044	-120.107384
10039.855957	-119.483322
10040.528870	-118.718491
10041.201782	-118.582794
10041.874695	-119.561646
10042.547607	-119.023239
10043.220520	-118.298653
10043.893433	-119.011230
10044.566345	-119.181389
10045.239258	-119.027115
10045.912170	-119.557144
10046.585083	-119.629890
10047.257996	-118.984917
10047.930908	-119.883705
10048.603821	-120.098602
10049.276733	-119.457710
10049.949646	-119.647331
10050.622559	-119.254585
10051.295471	-119.018181
10051.968384	-119.250938
10052.641296	-119.376793
10053.314209	-119.610580
10053.987122	-119.521881
10054.660034	-119.252083
10055.332947	-119.214287
10056.005859	-118.802185
10056.678772	-118.695168
10057.351685	-118.680344
10058.024597	-118.514977
10058.697510	-119.657234
10059.370422	-119.971413
10060.043335	-119.924782
10060.716248	-118.918289
10061.389160	-119.177658
10062.062073	-119.022789
10062.734985	-118.592728
10063.407898	-118.990631
10064.080811	-118.945793
10064.753723	-118.953888
10065.426636	-118.914749
10066.099548	-119.062286
10066.772461	-118.978745
10067.445374	-119.247841
10068.118286	-119.607819
10068.791199	-119.365082
10069.464111	-119.489227
10070.137024	-119.534424
10070.809937	-119.068451
10071.482849	-119.203445
10072.155762	-119.374458
10072.828674	-119.437721
10073.501587	-119.541519
10074.174500	-118.769264
10074.847412	-118.845146
10075.520325	-119.678169
10076.193237	-119.710732
10076.866150	-119.244179
10077.539062	-119.154175
10078.211975	-119.183586
10078.884888	-119.247124
10079.557800	-119.180016
10080.230713	-119.132538
10080.903625	-119.378731
10081.576538	-119.350128
10082.249451	-119.675392
10082.922363	-119.225067
10083.595276	-119.541992
10084.268188	-120.378967
10084.941101	-119.659515
10085.614014	-119.150063
10086.286926	-119.782127
10086.959839	-120.301796
10087.632751	-119.994225
10088.305664	-119.951393
10088.978577	-119.635994
10089.651489	-119.168747
10090.324402	-119.641495
10090.997314	-119.385864
10091.670227	-119.432693
10092.343140	-119.143494
10093.016052	-119.261993
10093.688965	-119.601715
10094.361877	-119.958389
10095.034790	-119.964539
10095.707703	-119.349152
10096.380615	-119.380775
10097.053528	-119.589470
10097.726440	-119.304482
10098.399353	-118.671692
10099.072266	-118.864082
10099.745178	-119.404854
10100.418091	-119.586319
10101.091003	-119.568771
10101.763916	-119.697639
10102.436829	-119.720665
10103.109741	-119.467873
10103.782654	-119.575142
10104.455566	-119.610329
10105.128479	-119.766846
10105.801392	-120.306313
10106.474304	-120.134804
10107.147217	-119.775063
10107.820129	-119.930939
10108.493042	-119.679817
10109.165955	-119.534554
10109.838867	-119.333122
10110.511780	-119.681274
10111.184692	-120.005684
10111.857605	-120.154022
10112.530518	-119.600807
10113.203430	-119.343033
10113.876343	-119.385315
10114.549255	-119.905327
10115.222168	-120.009071
10115.895081	-119.944923
10116.567993	-119.738892
10117.240906	-119.928886
10117.913818	-119.826469
10118.586731	-119.725899
10119.259644	-119.734207
10119.932556	-119.164223
10120.605469	-119.484177
10121.278381	-119.930458
10121.951294	-120.196480
10122.624207	-120.082001
10123.297119	-119.842300
10123.970032	-119.544518
10124.642944	-119.541115
10125.315857	-120.126106
10125.988770	-120.403526
10126.661682	-119.968903
10127.334595	-119.573509
10128.007507	-119.276001
10128.680420	-119.588737
10129.353333	-119.639618
10130.026245	-119.519722
10130.699158	-119.480927
10131.372070	-119.367722
10132.044983	-119.240768
10132.717896	-119.736687
10133.390808	-119.173492
10134.063721	-119.110184
10134.736633	-119.957970
10135.409546	-120.205147
10136.082458	-119.587486
10136.755371	-119.733170
10137.428284	-120.261002
10138.101196	-120.188278
10138.774109	-119.716515
10139.447021	-119.531883
10140.119934	-119.924820
10140.792847	-120.345802
10141.465759	-120.047119
10142.138672	-119.864761
10142.811584	-119.616142
10143.484497	-119.718269
10144.157410	-120.028915
10144.830322	-119.962997
10145.503235	-119.985992
10146.176147	-119.895683
10146.849060	-119.371185
10147.521973	-119.092827
10148.194885	-119.077415
10148.867798	-119.707100
10149.540710	-119.883110
10150.213623	-119.799995
10150.886536	-120.010040
10151.559448	-119.990562
10152.232361	-119.659203
10152.905273	-119.372414
10153.578186	-119.239113
10154.251099	-119.687309
10154.924011	-120.319351
10155.596924	-120.199974
10156.269836	-119.743942
10156.942749	-120.615265
10157.615662	-120.587822
10158.288574	-120.084419
10158.961487	-120.032112
10159.634399	-120.240295
10160.307312	-120.260277
10160.980225	-121.083420
10161.653137	-120.948669
10162.326050	-120.559174
10162.998962	-120.168015
10163.671875	-119.244873
10164.344788	-119.330933
10165.017700	-120.088272
10165.690613	-119.752602
10166.363525	-119.237411
10167.036438	-119.973671
10167.709351	-119.970383
10168.382263	-119.916901
10169.055176	-119.834511
10169.728088	-120.249313
10170.401001	-120.024551
10171.073914	-120.050697
10171.746826	-120.076088
10172.419739	-119.735641
10173.092651	-119.597092
10173.765564	-119.644409
10174.438477	-120.136459
10175.111389	-119.987633
10175.784302	-120.075134
10176.457214	-119.792793
10177.130127	-119.832817
10177.803040	-119.670525
10178.475952	-119.957108
10179.148865	-120.133118
10179.821777	-120.022133
10180.494690	-119.860710
10181.167603	-119.870316
10181.840515	-120.007828
10182.513428	-119.911461
10183.186340	-119.774284
10183.859253	-119.219955
10184.532166	-119.478455
10185.205078	-119.523018
10185.877991	-119.953751
10186.550903	-119.984032
10187.223816	-119.918991
10187.896729	-119.565254
10188.569641	-119.703583
10189.242554	-120.518974
10189.915466	-120.501091
10190.588379	-120.095833
10191.261292	-120.111702
10191.934204	-119.957191
10192.607117	-119.599937
10193.280029	-119.984375
10193.952942	-120.185677
10194.625854	-120.068962
10195.298767	-120.001122
10195.971680	-120.054169
10196.644592	-120.300529
10197.317505	-120.282761
10197.990417	-120.040733
10198.663330	-120.009232
10199.336243	-119.931526
10200.009155	-120.272995
10200.682068	-120.672333
10201.354980	-120.435783
10202.027893	-119.392693
10202.700806	-120.259865
10203.373718	-120.540733
10204.046631	-119.865852
10204.719543	-120.090408
10205.392456	-120.692291
10206.065369	-120.733940
10206.738281	-120.054970
10207.411194	-120.040092
10208.084106	-119.626572
10208.757019	-119.865799
10209.429932	-119.979980
10210.102844	-120.084290
10210.775757	-120.708191
10211.448669	-120.513107
10212.121582	-120.263031
10212.794495	-120.446449
10213.467407	-119.900627
10214.140320	-120.268372
10214.813232	-120.269928
10215.486145	-120.134552
10216.159058	-120.426094
10216.831970	-120.515892
10217.504883	-120.794914
10218.177795	-120.534248
10218.850708	-120.590294
10219.523621	-120.412804
10220.196533	-120.279518
10220.869446	-120.076134
10221.542358	-120.031021
10222.215271	-119.885582
10222.888184	-119.798027
10223.561096	-120.036064
10224.234009	-120.432785
10224.906921	-120.480583
10225.579834	-119.944443
10226.252747	-120.039062
10226.925659	-120.410400
10227.598572	-120.293663
10228.271484	-119.811142
10228.944397	-119.474022
10229.617310	-119.584541
10230.290222	-120.265923
10230.963135	-120.300537
10231.636047	-120.272400
10232.308960	-120.628777
10232.981873	-120.646187
10233.654785	-120.115005
10234.327698	-119.923073
10235.000610	-119.774506
10235.673523	-120.403862
10236.346436	-120.406570
10237.019348	-120.003563
10237.692261	-120.357140
10238.365173	-120.637573
10239.038086	-120.328491
10239.710999	-120.545822
10240.383911	-120.081993
10241.056824	-119.536293
10241.729736	-120.847710
10242.402649	-120.426132
10243.075562	-120.364914
10243.748474	-120.918633
10244.421387	-120.653099
10245.094299	-120.589066
10245.767212	-120.434410
10246.440125	-120.900276
10247.113037	-120.225136
10247.785950	-120.605049
10248.458862	-120.576859
10249.131775	-120.339417
10249.804688	-120.240227
10250.477600	-119.961807
10251.150513	-120.677185
10251.823425	-120.423531
10252.496338	-120.686272
10253.169250	-120.782623
10253.842163	-120.999352
10254.515076	-120.922249
10255.187988	-120.650375
10255.860901	-120.388802
10256.533813	-120.220139
10257.206726	-120.112312
10257.879639	-120.318367
10258.552551	-120.278015
10259.225464	-120.398842
10259.898376	-120.981728
10260.571289	-120.578331
10261.244202	-120.251869
10261.917114	-119.507545
10262.590027	-119.940887
10263.262939	-120.895042
10263.935852	-120.207741
10264.608765	-119.755928
10265.281677	-120.038101
10265.954590	-119.830406
10266.627502	-120.775665
10267.300415	-121.456665
10267.973328	-120.544067
10268.646240	-120.223793
10269.319153	-120.466881
10269.992065	-119.820915
10270.664978	-120.467491
10271.337891	-119.779091
10272.010803	-120.421982
10272.683716	-120.638504
10273.356628	-119.980209
10274.029541	-120.223869
10274.702454	-120.697548
10275.375366	-120.623802
10276.048279	-120.213066
10276.721191	-120.225937
10277.394104	-120.306938
10278.067017	-120.680893
10278.739929	-120.367210
10279.412842	-120.463509
10280.085754	-120.751587
10280.758667	-120.506874
10281.431580	-120.666992
10282.104492	-120.806450
10282.777405	-119.862656
10283.450317	-120.764153
10284.123230	-119.918083
10284.796143	-119.630127
10285.469055	-120.380341
10286.141968	-120.340347
10286.814880	-120.487411
10287.487793	-120.949013
10288.160706	-120.747826
10288.833618	-120.703926
10289.506531	-120.470367
10290.179443	-120.717896
10290.852356	-120.758392
10291.525269	-120.404785
10292.198181	-120.232758
10292.871094	-120.767204
10293.544006	-120.683807
10294.216919	-120.034081
10294.889832	-120.541954
10295.562744	-120.685020
10296.235657	-120.524788
10296.908569	-120.651711
10297.581482	-120.335289
10298.254395	-119.992111
10298.927307	-120.639992
10299.600220	-120.631058
10300.273132	-120.303253
10300.946045	-120.382072
10301.618958	-120.264343
10302.291870	-120.457146
10302.964783	-120.662094
10303.637695	-121.013435
10304.310608	-120.631638
10304.983521	-120.023453
10305.656433	-120.378532
10306.329346	-120.803139
10307.002258	-120.646584
10307.675171	-120.249046
10308.348083	-120.074989
10309.020996	-120.101532
10309.693909	-120.515472
10310.366821	-120.998390
10311.039734	-120.849091
10311.712646	-120.883667
10312.385559	-120.975189
10313.058472	-120.707825
10313.731384	-120.379387
10314.404297	-120.257576
10315.077209	-120.779976
10315.750122	-120.976143
10316.423035	-120.897110
10317.095947	-120.556137
10317.768860	-120.953705
10318.441772	-120.572876
10319.114685	-120.686714
10319.787598	-120.728462
10320.460510	-120.902824
10321.133423	-120.850861
10321.806335	-120.412209
10322.479248	-120.297417
10323.152161	-120.259796
10323.825073	-120.238747
10324.497986	-120.303497
10325.170898	-119.853790
10325.843811	-120.570854
10326.516724	-120.834961
10327.189636	-120.416069
10327.862549	-120.276855
10328.535461	-120.862648
10329.208374	-121.381088
10329.881287	-120.251518
10330.554199	-120.758476
10331.227112	-121.310944
10331.900024	-121.429985
10332.572937	-122.051102
10333.245850	-120.946022
10333.918762	-120.615051
10334.591675	-121.000565
10335.264587	-120.914726
10335.937500	-120.711609
10336.610413	-120.336266
10337.283325	-119.825073
10337.956238	-120.839127
10338.629150	-120.363914
10339.302063	-120.900322
10339.974976	-121.322014
10340.647888	-121.268860
10341.320801	-120.792366
10341.993713	-120.499489
10342.666626	-120.655731
10343.339539	-120.674019
10344.012451	-119.995544
10344.685364	-120.305511
10345.358276	-120.313408
10346.031189	-120.427719
10346.704102	-120.316406
10347.377014	-120.659767
10348.049927	-120.941025
10348.722839	-120.866959
10349.395752	-120.517494
10350.068665	-121.160042
10350.741577	-121.485863
10351.414490	-121.082336
10352.087402	-120.876671
10352.760315	-121.224052
10353.433228	-120.816925
10354.106140	-121.142136
10354.779053	-121.473885
10355.451965	-121.402451
10356.124878	-120.704727
10356.797791	-120.832245
10357.470703	-120.438957
10358.143616	-120.617027
10358.816528	-121.204346
10359.489441	-120.977463
10360.162354	-120.102081
10360.835266	-119.885880
10361.508179	-120.726784
10362.181091	-120.855385
10362.854004	-120.687988
10363.526917	-120.566711
10364.199829	-120.922211
10364.872742	-122.095543
10365.545654	-121.466652
10366.218567	-120.906197
10366.891479	-120.746521
10367.564392	-120.895172
10368.237305	-121.043396
10368.910217	-122.141914
10369.583130	-121.842438
10370.256042	-121.856331
10370.928955	-121.386505
10371.601868	-120.996056
10372.274780	-121.265129
10372.947693	-121.039803
10373.620605	-120.834320
10374.293518	-121.144714
10374.966431	-121.097450
10375.639343	-121.309624
10376.312256	-121.015388
10376.985168	-120.811096
10377.658081	-121.152176
10378.330994	-121.246681
10379.003906	-121.324768
10379.676819	-120.784943
10380.349731	-120.132294
10381.022644	-120.728012
10381.695557	-121.845840
10382.368469	-121.908646
10383.041382	-121.952881
10383.714294	-120.653069
10384.387207	-120.469688
10385.060120	-121.051689
10385.733032	-121.507072
10386.405945	-121.301903
10387.078857	-121.342690
10387.751770	-120.661957
10388.424683	-121.336555
10389.097595	-120.859161
10389.770508	-121.083038
10390.443420	-121.735458
10391.116333	-121.014198
10391.789246	-121.131134
10392.462158	-120.901810
10393.135071	-120.767349
10393.807983	-120.809731
10394.480896	-120.871826
10395.153809	-121.699875
10395.826721	-121.569954
10396.499634	-121.045784
10397.172546	-121.455032
10397.845459	-121.503586
10398.518372	-121.279892
10399.191284	-120.971252
10399.864197	-120.600037
10400.537109	-121.243912
10401.210022	-121.255890
10401.882935	-120.676964
10402.555847	-120.922592
10403.228760	-120.860176
10403.901672	-120.989357
10404.574585	-121.326103
10405.247498	-121.827301
10405.920410	-121.762947
10406.593323	-121.619980
10407.266235	-120.954811
10407.939148	-121.860626
10408.612061	-122.327522
10409.284973	-122.326576
10409.957886	-121.794540
10410.630798	-121.388000
10411.303711	-120.975319
10411.976624	-121.131180
10412.649536	-121.191208
10413.322449	-121.279648
10413.995361	-121.247658
10414.668274	-121.440697
10415.341187	-121.439957
10416.014099	-121.183090
10416.687012	-120.912903
10417.359924	-121.773224
10418.032837	-121.470680
10418.705750	-121.513557
10419.378662	-122.084244
10420.051575	-121.741066
10420.724487	-121.145424
10421.397400	-120.972717
10422.070312	-121.065399
10422.743225	-121.494484
10423.416138	-121.455238
10424.089050	-121.269997
10424.761963	-120.884430
10425.434875	-120.826103
10426.107788	-121.242325
10426.780701	-121.683083
10427.453613	-121.607780
10428.126526	-121.734589
10428.799438	-120.184853
10429.472351	-120.581917
10430.145264	-121.147644
10430.818176	-121.137207
10431.491089	-121.212051
10432.164001	-121.095253
10432.836914	-121.123245
10433.509827	-121.441193
10434.182739	-121.747177
10434.855652	-121.836258
10435.528564	-121.524857
10436.201477	-121.230797
10436.874390	-120.694771
10437.547302	-120.907669
10438.220215	-120.953049
10438.893127	-120.782234
10439.566040	-121.344604
10440.238953	-121.711105
10440.911865	-121.136337
10441.584778	-120.810776
10442.257690	-120.735893
10442.930603	-121.207512
10443.603516	-121.393387
10444.276428	-121.765228
10444.949341	-121.581581
10445.622253	-121.155632
10446.295166	-120.873306
10446.968079	-121.158218
10447.640991	-121.430687
10448.313904	-121.601883
10448.986816	-121.017471
10449.659729	-120.622253
10450.332642	-121.050331
10451.005554	-121.077774
10451.678467	-121.302986
10452.351379	-121.527992
10453.024292	-121.640717
10453.697205	-121.060890
10454.370117	-121.210190
10455.043030	-121.794754
10455.715942	-121.553162
10456.388855	-121.278381
10457.061768	-121.728523
10457.734680	-121.399780
10458.407593	-121.024414
10459.080505	-121.045410
10459.753418	-121.311752
10460.426331	-121.261314
10461.099243	-120.959373
10461.772156	-121.279839
10462.445068	-122.543999
10463.117981	-121.733330
10463.790894	-121.327141
10464.463806	-121.692047
10465.136719	-121.583450
10465.809631	-121.227135
10466.482544	-121.436279
10467.155457	-120.855133
10467.828369	-121.172508
10468.501282	-121.725006
10469.174194	-120.977577
10469.847107	-121.008499
10470.520020	-120.971710
10471.192932	-121.410820
10471.865845	-121.704185
10472.538757	-121.942276
10473.211670	-121.685028
10473.884583	-121.755135
10474.557495	-121.731377
10475.230408	-121.822960
10475.903320	-121.929970
10476.576233	-122.223091
10477.249146	-121.881638
10477.922058	-121.991783
10478.594971	-122.150284
10479.267883	-122.042969
10479.940796	-121.736267
10480.613708	-121.244148
10481.286621	-121.675316
10481.959534	-121.899857
10482.632446	-121.422302
10483.305359	-121.869682
10483.978271	-121.627388
10484.651184	-121.733749
10485.324097	-121.859390
10485.997009	-122.633789
10486.669922	-122.171982
10487.342834	-121.760132
10488.015747	-121.760216
10488.688660	-121.717552
10489.361572	-121.336761
10490.034485	-121.361305
10490.707397	-122.087097
10491.380310	-122.649315
10492.053223	-122.753578
10492.726135	-121.397346
10493.399048	-121.271233
10494.071960	-121.253067
10494.744873	-121.952141
10495.417786	-121.951912
10496.090698	-121.413818
10496.763611	-121.651215
10497.436523	-121.397247
10498.109436	-121.908569
10498.782349	-121.735931
10499.455261	-121.875534
10500.128174	-122.061089
10500.801086	-121.860497
10501.473999	-121.901642
10502.146912	-122.455788
10502.819824	-121.804474
10503.492737	-121.309265
10504.165649	-121.258316
10504.838562	-121.171928
10505.511475	-121.551323
10506.184387	-121.847824
10506.857300	-121.924698
10507.530212	-121.823792
10508.203125	-121.792786
10508.876038	-121.907097
10509.548950	-121.281334
10510.221863	-121.108192
10510.894775	-121.557907
10511.567688	-121.801865
10512.240601	-121.917946
10512.913513	-122.392159
10513.586426	-122.373039
10514.259338	-122.487679
10514.932251	-122.447067
10515.605164	-121.538361
10516.278076	-121.178619
10516.950989	-121.676178
10517.623901	-121.623085
10518.296814	-121.219925
10518.969727	-121.624245
10519.642639	-122.351593
10520.315552	-121.964615
10520.988464	-121.728165
10521.661377	-122.188675
10522.334290	-122.579239
10523.007202	-122.677063
10523.680115	-122.088104
10524.353027	-121.917236
10525.025940	-122.253784
10525.698853	-121.880333
10526.371765	-121.730614
10527.044678	-121.820282
10527.717590	-121.854012
10528.390503	-121.717606
10529.063416	-121.477127
10529.736328	-121.637474
10530.409241	-122.095444
10531.082153	-122.037025
10531.755066	-122.281555
10532.427979	-122.460152
10533.100891	-122.145103
10533.773804	-121.679100
10534.446716	-121.983002
10535.119629	-121.917984
10535.792542	-121.524590
10536.465454	-121.523911
10537.138367	-122.337135
10537.811279	-122.189240
10538.484192	-122.298035
10539.157104	-122.409622
10539.830017	-121.710846
10540.502930	-121.528381
10541.175842	-122.195129
10541.848755	-122.388031
10542.521667	-122.507805
10543.194580	-122.040306
10543.867493	-121.699493
10544.540405	-121.387810
10545.213318	-122.166672
10545.886230	-122.409225
10546.559143	-121.969002
10547.232056	-121.938438
10547.904968	-121.791504
10548.577881	-121.829666
10549.250793	-122.045998
10549.923706	-121.960281
10550.596619	-121.902184
10551.269531	-121.883553
10551.942444	-121.962616
10552.615356	-122.221855
10553.288269	-122.997391
10553.961182	-122.926865
10554.634094	-122.521408
10555.307007	-122.113045
10555.979919	-122.412636
10556.652832	-122.349190
10557.325745	-122.208031
10557.998657	-121.793915
10558.671570	-122.247475
10559.344482	-121.792641
10560.017395	-121.985794
10560.690308	-121.728813
10561.363220	-122.199142
10562.036133	-123.166695
10562.709045	-123.164444
10563.381958	-122.625877
10564.054871	-122.489204
10564.727783	-122.875923
10565.400696	-122.146553
10566.073608	-122.192291
10566.746521	-122.394508
10567.419434	-122.503166
10568.092346	-122.906464
10568.765259	-122.502495
10569.438171	-122.041641
10570.111084	-122.203026
10570.783997	-122.319580
10571.456909	-122.457306
10572.129822	-122.174461
10572.802734	-122.083138
10573.475647	-122.586182
10574.148560	-122.830528
10574.821472	-122.274864
10575.494385	-122.212982
10576.167297	-122.578186
10576.840210	-122.485435
10577.513123	-122.438179
10578.186035	-122.266388
10578.858948	-123.281197
10579.531860	-122.904907
10580.204773	-122.543365
10580.877686	-122.970131
10581.550598	-122.558296
10582.223511	-122.349075
10582.896423	-122.153519
10583.569336	-122.603455
10584.242249	-123.229927
10584.915161	-122.739594
10585.588074	-122.651428
10586.260986	-122.426010
10586.933899	-122.526741
10587.606812	-122.275818
10588.279724	-122.463173
10588.952637	-122.466866
10589.625549	-122.165932
10590.298462	-121.847519
10590.971375	-122.721169
10591.644287	-123.056480
10592.317200	-122.506737
10592.990112	-122.689720
10593.663025	-122.404808
10594.335938	-122.342422
10595.008850	-122.351006
10595.681763	-121.895882
10596.354675	-122.284401
10597.027588	-122.741089
10597.700500	-122.580460
10598.373413	-122.462311
10599.046326	-122.637772
10599.719238	-122.403412
10600.392151	-121.980179
10601.065063	-122.023575
10601.737976	-122.827675
10602.410889	-122.844337
10603.083801	-122.660553
10603.756714	-122.844925
10604.429626	-122.085449
10605.102539	-122.595970
10605.775452	-122.568291
10606.448364	-122.253769
10607.121277	-122.292320
10607.794189	-122.172844
10608.467102	-122.308090
10609.140015	-122.845245
10609.812927	-122.728912
10610.485840	-122.574417
10611.158752	-122.573982
10611.831665	-122.668335
10612.504578	-123.398384
10613.177490	-123.158470
10613.850403	-122.817596
10614.523315	-122.747696
10615.196228	-122.837273
10615.869141	-122.181366
10616.542053	-122.556976
10617.214966	-122.805801
10617.887878	-122.506058
10618.560791	-122.895546
10619.233704	-122.572350
10619.906616	-122.642563
10620.579529	-123.307823
10621.252441	-123.265915
10621.925354	-122.822227
10622.598267	-123.184044
10623.271179	-123.287224
10623.944092	-122.540855
10624.617004	-122.137589
10625.289917	-122.414894
10625.962830	-123.270149
10626.635742	-122.946976
10627.308655	-123.130798
10627.981567	-123.133865
10628.654480	-123.492287
10629.327393	-123.071617
10630.000305	-122.430305
10630.673218	-122.794571
10631.346130	-123.314911
10632.019043	-122.900566
10632.691956	-122.455093
10633.364868	-122.912743
10634.037781	-123.377426
10634.710693	-122.604256
10635.383606	-122.770699
10636.056519	-122.266037
10636.729431	-122.531097
10637.402344	-122.735924
10638.075256	-122.728294
10638.748169	-122.949371
10639.421082	-123.328491
10640.093994	-123.930054
10640.766907	-123.978592
10641.439819	-122.738846
10642.112732	-122.917282
10642.785645	-122.712509
10643.458557	-123.097656
10644.131470	-123.307251
10644.804382	-122.868385
10645.477295	-122.789261
10646.150208	-123.140511
10646.823120	-123.119652
10647.496033	-122.882446
10648.168945	-122.869438
10648.841858	-123.531059
10649.514771	-123.418816
10650.187683	-123.425690
10650.860596	-123.533035
10651.533508	-123.348228
10652.206421	-123.441582
10652.879333	-122.671394
10653.552246	-122.451607
10654.225159	-122.905670
10654.898071	-123.096359
10655.570984	-123.349350
10656.243896	-123.281967
10656.916809	-122.883942
10657.589722	-122.356400
10658.262634	-122.954514
10658.935547	-123.491470
10659.608459	-123.466118
10660.281372	-123.281532
10660.954285	-122.863564
10661.627197	-123.189102
10662.300110	-122.966339
10662.973022	-122.872856
10663.645935	-123.659599
10664.318848	-123.660690
10664.991760	-123.364212
10665.664673	-123.478378
10666.337585	-123.478188
10667.010498	-123.368439
10667.683411	-123.530266
10668.356323	-123.717972
10669.029236	-123.056229
10669.702148	-123.313736
10670.375061	-123.598106
10671.047974	-123.665001
10671.720886	-122.977318
10672.393799	-123.159622
10673.066711	-123.124535
10673.739624	-123.358307
10674.412537	-123.995491
10675.085449	-123.596092
10675.758362	-123.486778
10676.431274	-123.140572
10677.104187	-123.120811
10677.777100	-122.955887
10678.450012	-122.791916
10679.122925	-123.002563
10679.795837	-123.022018
10680.468750	-123.211151
10681.141663	-123.391945
10681.814575	-123.069038
10682.487488	-123.687393
10683.160400	-123.750618
10683.833313	-124.034088
10684.506226	-123.134346
10685.179138	-122.933578
10685.852051	-123.015373
10686.524963	-122.989799
10687.197876	-123.249168
10687.870789	-123.047035
10688.543701	-123.249466
10689.216614	-123.406357
10689.889526	-122.859535
10690.562439	-122.723717
10691.235352	-123.487701
10691.908264	-123.506516
10692.581177	-123.260597
10693.254089	-122.973091
10693.927002	-123.317009
10694.599915	-123.646561
10695.272827	-123.106377
10695.945740	-123.178505
10696.618652	-123.817184
10697.291565	-123.694695
10697.964478	-123.521027
10698.637390	-123.428955
10699.310303	-123.175560
10699.983215	-123.231796
10700.656128	-122.763924
10701.329041	-123.024559
10702.001953	-123.788536
10702.674866	-123.153656
10703.347778	-122.991615
10704.020691	-123.352188
10704.693604	-123.185204
10705.366516	-122.692345
10706.039429	-122.919373
10706.712341	-123.404068
10707.385254	-123.528641
10708.058167	-123.197044
10708.731079	-123.757576
10709.403992	-123.263596
10710.076904	-123.028557
10710.749817	-123.567741
10711.422729	-123.799225
10712.095642	-123.993896
10712.768555	-124.207314
10713.441467	-123.180656
10714.114380	-122.715324
10714.787292	-123.467560
10715.460205	-123.428604
10716.133118	-123.172615
10716.806030	-123.482376
10717.478943	-123.272781
10718.151855	-123.850342
10718.824768	-123.706085
10719.497681	-123.861282
10720.170593	-123.594414
10720.843506	-123.784149
10721.516418	-123.443321
10722.189331	-123.152573
10722.862244	-123.488281
10723.535156	-123.423958
10724.208069	-123.622757
10724.880981	-123.640953
10725.553894	-123.484375
10726.226807	-123.721603
10726.899719	-123.553658
10727.572632	-123.372437
10728.245544	-123.397705
10728.918457	-124.146927
10729.591370	-124.241287
10730.264282	-123.373253
10730.937195	-123.515060
10731.610107	-123.788727
10732.283020	-123.784882
10732.955933	-124.461517
10733.628845	-123.992561
10734.301758	-123.380447
10734.974670	-123.473564
10735.647583	-123.712387
10736.320496	-123.082939
10736.993408	-123.432274
10737.666321	-123.838028
10738.339233	-124.003815
10739.012146	-123.536255
10739.685059	-123.484360
10740.357971	-123.900597
10741.030884	-123.905983
10741.703796	-123.791626
10742.376709	-123.808678
10743.049622	-123.715355
10743.722534	-124.359520
10744.395447	-123.978561
10745.068359	-123.800278
10745.741272	-123.452415
10746.414185	-123.471420
10747.087097	-124.186020
10747.760010	-124.318573
10748.432922	-123.448936
10749.105835	-123.430374
10749.778748	-123.982170
10750.451660	-123.558044
10751.124573	-123.782677
10751.797485	-123.929108
10752.470398	-124.334526
10753.143311	-124.205887
10753.816223	-124.042839
10754.489136	-123.567879
10755.162048	-123.380981
10755.834961	-123.817421
10756.507874	-123.835014
10757.180786	-124.247749
10757.853699	-123.628922
10758.526611	-123.518753
10759.199524	-123.426819
10759.872437	-123.559860
10760.545349	-123.535408
10761.218262	-123.370872
10761.891174	-123.485008
10762.564087	-124.027336
10763.237000	-124.159760
10763.909912	-124.153999
10764.582825	-123.689262
10765.255737	-123.440895
10765.928650	-123.449356
10766.601562	-123.271431
10767.274475	-123.762947
10767.947388	-124.319077
10768.620300	-123.798935
10769.293213	-123.772415
10769.966125	-123.715759
10770.639038	-123.314255
10771.311951	-123.847649
10771.984863	-123.909073
10772.657776	-123.987473
10773.330688	-123.616020
10774.003601	-123.578644
10774.676514	-124.461906
10775.349426	-124.612656
10776.022339	-124.218979
10776.695251	-124.342300
10777.368164	-124.291428
10778.041077	-123.654518
10778.713989	-123.738487
10779.386902	-123.840050
10780.059814	-123.694046
10780.732727	-123.743202
10781.405640	-123.959747
10782.078552	-123.962662
10782.751465	-123.887184
10783.424377	-123.833321
10784.097290	-123.739777
10784.770203	-124.110802
10785.443115	-124.205582
10786.116028	-124.546280
10786.788940	-124.703262
10787.461853	-124.278107
10788.134766	-123.266228
10788.807678	-123.347733
10789.480591	-123.510170
10790.153503	-123.773582
10790.826416	-124.480591
10791.499329	-124.077835
10792.172241	-123.654694
10792.845154	-123.946358
10793.518066	-124.284218
10794.190979	-124.051529
10794.863892	-124.228767
10795.536804	-123.645844
10796.209717	-123.125023
10796.882629	-123.502914
10797.555542	-124.061630
10798.228455	-124.091240
10798.901367	-124.322121
10799.574280	-124.593887
10800.247192	-124.575890
10800.920105	-124.427345
10801.593018	-124.539391
10802.265930	-124.667831
10802.938843	-124.643524
10803.611755	-123.842186
10804.284668	-124.018005
10804.957581	-123.997375
10805.630493	-124.309944
10806.303406	-124.774605
10806.976318	-124.569664
10807.649231	-124.433563
10808.322144	-124.159576
10808.995056	-123.691391
10809.667969	-124.141563
10810.340881	-123.904228
10811.013794	-123.914864
10811.686707	-124.064880
10812.359619	-124.173019
10813.032532	-124.005684
10813.705444	-124.044464
10814.378357	-124.675003
10815.051270	-124.025192
10815.724182	-124.374962
10816.397095	-124.572968
10817.070007	-124.837776
10817.742920	-124.289215
10818.415833	-124.089600
10819.088745	-124.690628
10819.761658	-124.868065
10820.434570	-124.099510
10821.107483	-124.253662
10821.780396	-124.724960
10822.453308	-124.570282
10823.126221	-124.724792
10823.799133	-124.542992
10824.472046	-124.751350
10825.144958	-125.181641
10825.817871	-125.056923
10826.490784	-124.479973
10827.163696	-124.226204
10827.836609	-124.379349
10828.509521	-124.533524
10829.182434	-124.041840
10829.855347	-124.083839
10830.528259	-124.053055
10831.201172	-123.942062
10831.874084	-123.524086
10832.546997	-124.177734
10833.219910	-124.416969
10833.892822	-124.009499
10834.565735	-123.992828
10835.238647	-124.337906
10835.911560	-124.202850
10836.584473	-124.149414
10837.257385	-124.427788
10837.930298	-124.513725
10838.603210	-124.621895
10839.276123	-124.426674
10839.949036	-124.493401
10840.621948	-124.749191
10841.294861	-124.416710
10841.967773	-124.252365
10842.640686	-124.435722
10843.313599	-124.261131
10843.986511	-124.217255
10844.659424	-124.018105
10845.332336	-123.868484
10846.005249	-124.545135
10846.678162	-124.169907
10847.351074	-124.475929
10848.023987	-124.641014
10848.696899	-124.724945
10849.369812	-124.307915
10850.042725	-124.068573
10850.715637	-124.102440
10851.388550	-124.434837
10852.061462	-124.647171
10852.734375	-124.683754
10853.407288	-124.836311
10854.080200	-124.542183
10854.753113	-124.274086
10855.426025	-124.293541
10856.098938	-125.301941
10856.771851	-125.336067
10857.444763	-125.204674
10858.117676	-124.733261
10858.790588	-124.177383
10859.463501	-124.996712
10860.136414	-124.635834
10860.809326	-124.589348
10861.482239	-124.750435
10862.155151	-124.246162
10862.828064	-124.305954
10863.500977	-124.680191
10864.173889	-124.754089
10864.846802	-124.971367
10865.519714	-124.940796
10866.192627	-125.141785
10866.865540	-124.805779
10867.538452	-124.491104
10868.211365	-124.526672
10868.884277	-124.723892
10869.557190	-124.619202
10870.230103	-124.612389
10870.903015	-124.782776
10871.575928	-124.896240
10872.248840	-124.912399
10872.921753	-124.891365
10873.594666	-124.488396
10874.267578	-124.700478
10874.940491	-125.024239
10875.613403	-124.593704
10876.286316	-124.494926
10876.959229	-124.412651
10877.632141	-124.332161
10878.305054	-124.613861
10878.977966	-124.601997
10879.650879	-124.817741
10880.323792	-124.709785
10880.996704	-124.383224
10881.669617	-124.345123
10882.342529	-123.904259
10883.015442	-124.228279
10883.688354	-125.316208
10884.361267	-125.365967
10885.034180	-124.591682
10885.707092	-124.181068
10886.380005	-124.543648
10887.052917	-124.791351
10887.725830	-124.948738
10888.398743	-124.795334
10889.071655	-124.781342
10889.744568	-124.423584
10890.417480	-124.702049
10891.090393	-124.589661
10891.763306	-124.650208
10892.436218	-124.748581
10893.109131	-123.984703
10893.782043	-124.165970
10894.454956	-124.726280
10895.127869	-124.418533
10895.800781	-124.599098
10896.473694	-124.755173
10897.146606	-124.816467
10897.819519	-125.222969
10898.492432	-125.449455
10899.165344	-124.918419
10899.838257	-124.808159
10900.511169	-124.942070
10901.184082	-125.096260
10901.856995	-125.002663
10902.529907	-124.323708
10903.202820	-124.310745
10903.875732	-124.396332
10904.548645	-124.793533
10905.221558	-124.705505
10905.894470	-124.765411
10906.567383	-124.714371
10907.240295	-125.013611
10907.913208	-124.658501
10908.586121	-124.173492
10909.259033	-124.441498
10909.931946	-124.590790
10910.604858	-124.122009
10911.277771	-125.016212
10911.950684	-125.506950
10912.623596	-124.594604
10913.296509	-124.561043
10913.969421	-124.866516
10914.642334	-124.960388
10915.315247	-125.128593
10915.988159	-124.833061
10916.661072	-124.562355
10917.333984	-124.332176
10918.006897	-124.863022
10918.679810	-124.961334
10919.352722	-124.270447
10920.025635	-124.527710
10920.698547	-124.544945
10921.371460	-124.799057
10922.044373	-124.888924
10922.717285	-124.863930
10923.390198	-124.823387
10924.063110	-124.259438
10924.736023	-124.738159
10925.408936	-124.519180
10926.081848	-124.564896
10926.754761	-124.592926
10927.427673	-124.990341
10928.100586	-125.209717
10928.773499	-124.723328
10929.446411	-124.914940
10930.119324	-125.086159
10930.792236	-125.391655
10931.465149	-125.316109
10932.138062	-125.569954
10932.810974	-125.054611
10933.483887	-124.286278
10934.156799	-123.905815
10934.829712	-124.619057
10935.502625	-124.292496
10936.175537	-124.204163
10936.848450	-124.318703
10937.521362	-124.703789
10938.194275	-125.060516
10938.867188	-124.576691
10939.540100	-125.031746
10940.213013	-124.808060
10940.885925	-124.939430
10941.558838	-124.710991
10942.231750	-124.425262
10942.904663	-124.611404
10943.577576	-124.642715
10944.250488	-124.543045
10944.923401	-124.820877
10945.596313	-124.627518
10946.269226	-124.394775
10946.942139	-124.569633
10947.615051	-124.486778
10948.287964	-124.698708
10948.960876	-124.742271
10949.633789	-124.878540
10950.306702	-124.825447
10950.979614	-125.191833
10951.652527	-125.089920
10952.325439	-124.501869
10952.998352	-124.935844
10953.671265	-125.472565
10954.344177	-125.354469
10955.017090	-124.556465
10955.690002	-125.029205
10956.362915	-125.361618
10957.035828	-125.102554
10957.708740	-124.640259
10958.381653	-124.085297
10959.054565	-123.790604
10959.727478	-124.783592
10960.400391	-124.893379
10961.073303	-124.331734
10961.746216	-124.121346
10962.419128	-124.860420
10963.092041	-125.083755
10963.764954	-124.939835
10964.437866	-124.811371
10965.110779	-125.010681
10965.783691	-125.093193
10966.456604	-125.416023
10967.129517	-124.964989
10967.802429	-124.603699
10968.475342	-124.944237
10969.148254	-125.437836
10969.821167	-124.617416
10970.494080	-124.082787
10971.166992	-124.042816
10971.839905	-124.435226
10972.512817	-124.776283
10973.185730	-125.208298
10973.858643	-125.355179
10974.531555	-125.076904
10975.204468	-124.615143
10975.877380	-124.467049
10976.550293	-124.263191
10977.223206	-124.963440
10977.896118	-125.004166
10978.569031	-124.669975
10979.241943	-124.974991
10979.914856	-124.868202
10980.587769	-124.673630
10981.260681	-124.911514
10981.933594	-124.588737
10982.606506	-124.745255
10983.279419	-125.495949
10983.952332	-124.975487
10984.625244	-124.662819
10985.298157	-124.492195
10985.971069	-124.701286
10986.643982	-124.797249
10987.316895	-125.058235
10987.989807	-124.890938
10988.662720	-124.811287
10989.335632	-124.402832
10990.008545	-124.722763
10990.681458	-125.058647
10991.354370	-125.401146
10992.027283	-125.511528
10992.700195	-124.987862
10993.373108	-124.417603
10994.046021	-124.932655
10994.718933	-125.186752
10995.391846	-124.831261
10996.064758	-124.829292
10996.737671	-124.676552
10997.410583	-124.502495
10998.083496	-124.696648
10998.756409	-124.964851
10999.429321	-124.997688
11000.102234	-124.758781
11000.775146	-124.873138
11001.448059	-124.542961
11002.120972	-123.971199
11002.793884	-124.721947
11003.466797	-125.255135
11004.139709	-125.333374
11004.812622	-124.664490
11005.485535	-125.059479
11006.158447	-125.228691
11006.831360	-125.218170
11007.504272	-124.650337
11008.177185	-124.583710
11008.850098	-124.869423
11009.523010	-124.727013
11010.195923	-125.374268
11010.868835	-124.944038
11011.541748	-125.141365
11012.214661	-125.212257
11012.887573	-124.944397
11013.560486	-124.132072
11014.233398	-123.806671
11014.906311	-124.516289
11015.579224	-125.501328
11016.252136	-124.787025
11016.925049	-125.038559
11017.597961	-125.597816
11018.270874	-124.616707
11018.943787	-124.652260
11019.616699	-124.844666
11020.289612	-124.597824
11020.962524	-125.094360
11021.635437	-125.020210
11022.308350	-124.963882
11022.981262	-124.456970
11023.654175	-124.434464
11024.327087	-124.137161
