Frequency (Hz)	Level (dB)
0.672913	-96.420509
1.345825	-126.098587
2.018738	-125.860489
2.691650	-124.917938
3.364563	-120.263939
4.037476	-113.064178
4.710388	-112.039627
5.383301	-114.905670
6.056213	-115.179199
6.729126	-113.427124
7.402039	-111.553757
8.074951	-111.642319
8.747864	-110.928055
9.420776	-108.695984
10.093689	-107.456215
10.766602	-109.465988
11.439514	-107.974915
12.112427	-106.867699
12.785339	-106.297470
13.458252	-106.763733
14.131165	-105.227333
14.804077	-102.242264
15.476990	-100.627480
16.149902	-102.535919
16.822815	-102.623230
17.495728	-101.655098
18.168640	-98.733322
18.841553	-93.686882
19.514465	-90.132477
20.187378	-91.634125
20.860291	-96.564995
21.533203	-98.953186
22.206116	-100.085365
22.879028	-100.407829
23.551941	-100.051422
24.224854	-100.470909
24.897766	-98.584602
25.570679	-97.481720
26.243591	-99.151276
26.916504	-99.053658
27.589417	-100.504135
28.262329	-100.289398
28.935242	-100.883064
29.608154	-100.898232
30.281067	-99.985596
30.953979	-100.107338
31.626892	-100.595673
32.299805	-100.787399
32.972717	-100.263336
33.645630	-100.431274
34.318542	-99.869659
34.991455	-98.312347
35.664368	-98.005684
36.337280	-98.172371
37.010193	-97.011795
37.683105	-96.062340
38.356018	-94.376663
39.028931	-92.313530
39.701843	-89.902954
40.374756	-88.122093
41.047668	-87.450439
41.720581	-86.846001
42.393494	-85.662865
43.066406	-83.407043
43.739319	-81.178719
44.412231	-78.598083
45.085144	-75.492409
45.758057	-74.745842
46.430969	-75.060463
47.103882	-75.097260
47.776794	-74.078957
48.449707	-74.030914
49.122620	-74.994469
49.795532	-74.825432
50.468445	-74.807083
51.141357	-74.912155
51.814270	-73.771202
52.487183	-73.492683
53.160095	-74.673569
53.833008	-76.214256
54.505920	-78.485962
55.178833	-82.153435
55.851746	-84.959679
56.524658	-86.505554
57.197571	-89.177773
57.870483	-90.223030
58.543396	-88.798103
59.216309	-86.927956
59.889221	-85.155807
60.562134	-84.442841
61.235046	-84.018036
61.907959	-84.377518
62.580872	-85.574371
63.253784	-85.663109
63.926697	-87.152763
64.599609	-89.327263
65.272522	-88.667679
65.945435	-88.622978
66.618347	-89.291534
67.291260	-87.268021
67.964172	-83.791626
68.637085	-82.177757
69.309998	-82.041100
69.982910	-82.098572
70.655823	-82.831955
71.328735	-84.028152
72.001648	-85.172287
72.674561	-86.310074
73.347473	-87.354393
74.020386	-87.662125
74.693298	-87.652588
75.366211	-87.644791
76.039124	-87.660889
76.712036	-88.528252
77.384949	-88.377357
78.057861	-87.830544
78.730774	-87.980499
79.403687	-88.678062
80.076599	-89.507675
80.749512	-89.900787
81.422424	-89.728745
82.095337	-89.166008
82.768250	-89.005928
83.441162	-88.837143
84.114075	-88.580643
84.786987	-88.336624
85.459900	-88.131935
86.132812	-88.178085
86.805725	-87.923363
87.478638	-87.822937
88.151550	-87.903107
88.824463	-88.307076
89.497375	-88.838112
90.170288	-89.918167
90.843201	-91.789482
91.516113	-92.954704
92.189026	-93.776451
92.861938	-93.255234
93.534851	-91.800964
94.207764	-91.363441
94.880676	-91.107079
95.553589	-90.819740
96.226501	-91.552673
96.899414	-92.180077
97.572327	-90.934433
98.245239	-90.085747
98.918152	-89.541069
99.591064	-88.357430
100.263977	-88.538788
100.936890	-89.101501
101.609802	-88.078575
102.282715	-85.965004
102.955627	-83.852760
103.628540	-82.530449
104.301453	-81.486977
104.974365	-80.385605
105.647278	-79.440674
106.320190	-78.539574
106.993103	-78.003815
107.666016	-77.968323
108.338928	-78.525627
109.011841	-79.531708
109.684753	-81.148514
110.357666	-83.332390
111.030579	-86.162804
111.703491	-88.872322
112.376404	-89.693703
113.049316	-88.403999
113.722229	-87.094414
114.395142	-86.442192
115.068054	-86.251251
115.740967	-86.136810
116.413879	-86.425110
117.086792	-86.653709
117.759705	-86.954948
118.432617	-87.434738
119.105530	-88.190147
119.778442	-88.874794
120.451355	-88.937874
121.124268	-88.596031
121.797180	-88.047043
122.470093	-87.497978
123.143005	-87.369659
123.815918	-87.511299
124.488831	-88.095627
125.161743	-89.282829
125.834656	-91.286423
126.507568	-93.674225
127.180481	-95.736694
127.853394	-97.215363
128.526306	-97.959038
129.199219	-98.003708
129.872131	-96.870087
130.545044	-95.143272
131.217957	-93.703346
131.890869	-93.915138
132.563782	-94.772789
133.236694	-96.239967
133.909607	-97.998947
134.582520	-99.187744
135.255432	-100.774338
135.928345	-101.444199
136.601257	-101.014702
137.274170	-101.324257
137.947083	-101.080582
138.619995	-100.744408
139.292908	-100.492294
139.965820	-99.967987
140.638733	-99.050621
141.311646	-98.105873
141.984558	-97.618607
142.657471	-96.169777
143.330383	-93.791840
144.003296	-91.117470
144.676208	-88.935623
145.349121	-87.585892
146.022034	-87.530510
146.694946	-88.153496
147.367859	-89.280312
148.040771	-90.503975
148.713684	-90.697281
149.386597	-90.824944
150.059509	-90.955444
150.732422	-91.151733
151.405334	-92.008858
152.078247	-92.940735
152.751160	-94.842873
153.424072	-96.281364
154.096985	-95.932892
154.769897	-94.631905
155.442810	-93.911308
156.115723	-93.063568
156.788635	-92.467705
157.461548	-92.200546
158.134460	-92.326370
158.807373	-92.604042
159.480286	-93.275764
160.153198	-94.630562
160.826111	-96.035439
161.499023	-96.647552
162.171936	-95.680550
162.844849	-93.310257
163.517761	-91.349922
164.190674	-90.635193
164.863586	-90.941391
165.536499	-91.701424
166.209412	-92.484009
166.882324	-94.287636
167.555237	-96.062035
168.228149	-97.667702
168.901062	-98.421089
169.573975	-99.353523
170.246887	-99.956200
170.919800	-100.327263
171.592712	-100.572067
172.265625	-100.157104
172.938538	-99.220619
173.611450	-98.351082
174.284363	-97.558571
174.957275	-96.746468
175.630188	-96.161430
176.303101	-95.425354
176.976013	-94.781670
177.648926	-94.923584
178.321838	-94.984711
178.994751	-94.136131
179.667664	-93.168335
180.340576	-92.469109
181.013489	-91.830521
181.686401	-91.941849
182.359314	-92.763474
183.032227	-93.037361
183.705139	-94.267845
184.378052	-95.511795
185.050964	-96.242943
185.723877	-96.585976
186.396790	-97.191017
187.069702	-97.726044
187.742615	-97.745483
188.415527	-98.281563
189.088440	-98.426880
189.761353	-98.520721
190.434265	-97.919426
191.107178	-96.126198
191.780090	-93.929482
192.453003	-92.388420
193.125916	-91.379677
193.798828	-91.468536
194.471741	-91.660072
195.144653	-91.406982
195.817566	-90.864326
196.490479	-90.985107
197.163391	-92.071747
197.836304	-93.515205
198.509216	-94.482994
199.182129	-93.376099
199.855042	-90.397972
200.527954	-92.646111
201.200867	-96.061142
201.873779	-97.117783
202.546692	-97.656219
203.219604	-97.945198
203.892517	-99.086609
204.565430	-100.256149
205.238342	-101.717705
205.911255	-103.586105
206.584167	-102.506035
207.257080	-99.616257
207.929993	-97.656563
208.602905	-97.013741
209.275818	-96.508240
209.948730	-96.276161
210.621643	-96.475647
211.294556	-96.659142
211.967468	-97.028893
212.640381	-97.127083
213.313293	-96.860657
213.986206	-96.678787
214.659119	-96.929802
215.332031	-98.374176
216.004944	-99.387268
216.677856	-100.665436
217.350769	-103.134560
218.023682	-104.363174
218.696594	-104.167000
219.369507	-103.850723
220.042419	-103.591980
220.715332	-102.618721
221.388245	-102.400940
222.061157	-102.193565
222.734070	-101.603439
223.406982	-102.154243
224.079895	-102.552628
224.752808	-101.563820
225.425720	-101.094749
226.098633	-100.464226
226.771545	-98.977379
227.444458	-98.367645
228.117371	-98.089622
228.790283	-98.256714
229.463196	-98.419884
230.136108	-98.799637
230.809021	-100.208145
231.481934	-101.540337
232.154846	-102.111404
232.827759	-101.755264
233.500671	-101.314011
234.173584	-100.655426
234.846497	-100.043282
235.519409	-99.616310
236.192322	-98.560768
236.865234	-97.771095
237.538147	-97.938507
238.211060	-97.962845
238.883972	-98.238319
239.556885	-98.812843
240.229797	-99.423752
240.902710	-99.102768
241.575623	-99.384140
242.248535	-100.179794
242.921448	-100.187103
243.594360	-100.699570
244.267273	-101.182747
244.940186	-101.553635
245.613098	-101.280838
246.286011	-101.369644
246.958923	-100.831970
247.631836	-99.672989
248.304749	-99.253929
248.977661	-100.333458
249.650574	-101.214188
250.323486	-100.538368
250.996399	-100.024002
251.669312	-100.169357
252.342224	-100.195572
253.015137	-100.083031
253.688049	-100.671089
254.360962	-101.124290
255.033875	-102.704025
255.706787	-101.921432
256.379700	-100.337151
257.052612	-97.867058
257.725525	-95.488670
258.398438	-94.238052
259.071350	-93.237968
259.744263	-93.646866
260.417175	-94.692856
261.090088	-96.038376
261.763000	-96.773781
262.435913	-96.323387
263.108826	-95.357483
263.781738	-95.155930
264.454651	-94.799675
265.127563	-94.841454
265.800476	-96.499611
266.473389	-97.982651
267.146301	-99.876366
267.819214	-101.858101
268.492126	-102.219383
269.165039	-101.571831
269.837952	-101.278908
270.510864	-101.539467
271.183777	-101.372055
271.856689	-100.788651
272.529602	-100.568260
273.202515	-99.707794
273.875427	-98.657021
274.548340	-98.108337
275.221252	-98.024490
275.894165	-98.353271
276.567078	-98.873459
277.239990	-99.391342
277.912903	-100.827682
278.585815	-102.843880
279.258728	-104.335197
279.931641	-104.644485
280.604553	-105.424667
281.277466	-105.458664
281.950378	-104.918335
282.623291	-103.932381
283.296204	-103.693604
283.969116	-103.630280
284.642029	-103.958748
285.314941	-105.564835
285.987854	-107.266235
286.660767	-107.444939
287.333679	-107.071655
288.006592	-105.703781
288.679504	-105.235001
289.352417	-104.312813
290.025330	-103.942101
290.698242	-104.102814
291.371155	-105.606941
292.044067	-108.183350
292.716980	-109.161400
293.389893	-107.615242
294.062805	-104.959930
294.735718	-103.745148
295.408630	-104.200645
296.081543	-103.764900
296.754456	-103.619171
297.427368	-102.642776
298.100281	-101.707626
298.773193	-101.029297
299.446106	-100.874252
300.119019	-100.998695
300.791931	-101.310898
301.464844	-102.725288
302.137756	-104.879707
302.810669	-107.126480
303.483582	-108.117233
304.156494	-106.751320
304.829407	-106.273598
305.502319	-105.453423
306.175232	-105.542358
306.848145	-106.397484
307.521057	-106.357498
308.193970	-105.730370
308.866882	-105.265457
309.539795	-104.654991
310.212708	-103.979057
310.885620	-103.203751
311.558533	-102.217186
312.231445	-101.663147
312.904358	-100.991470
313.577271	-100.758644
314.250183	-100.288651
314.923096	-100.351891
315.596008	-101.664993
316.268921	-101.941795
316.941833	-101.841965
317.614746	-102.536461
318.287659	-102.418121
318.960571	-103.029045
319.633484	-103.508583
320.306396	-104.065178
320.979309	-103.182800
321.652222	-102.061150
322.325134	-101.558174
322.998047	-100.485649
323.670959	-100.425896
324.343872	-100.375778
325.016785	-99.440338
325.689697	-99.282761
326.362610	-99.296654
327.035522	-99.167725
327.708435	-99.086037
328.381348	-99.212524
329.054260	-99.422386
329.727173	-99.591774
330.400085	-100.123146
331.072998	-100.915367
331.745911	-101.337746
332.418823	-102.294395
333.091736	-101.875114
333.764648	-102.265457
334.437561	-102.850655
335.110474	-102.875381
335.783386	-103.731750
336.456299	-105.253304
337.129211	-105.788971
337.802124	-106.855865
338.475037	-108.152557
339.147949	-106.385277
339.820862	-103.475060
340.493774	-101.406647
341.166687	-98.971794
341.839600	-97.290283
342.512512	-96.440994
343.185425	-96.380272
343.858337	-96.534729
344.531250	-96.971306
345.204163	-97.272743
345.877075	-97.706047
346.549988	-98.085800
347.222900	-97.970688
347.895813	-97.892174
348.568726	-97.607544
349.241638	-97.493111
349.914551	-97.954987
350.587463	-98.280998
351.260376	-98.346199
351.933289	-97.811195
352.606201	-97.052803
353.279114	-96.297562
353.952026	-95.201233
354.624939	-94.644188
355.297852	-94.843842
355.970764	-95.495499
356.643677	-96.865936
357.316589	-98.477745
357.989502	-99.290627
358.662415	-99.915611
359.335327	-100.167397
360.008240	-100.156036
360.681152	-100.324326
361.354065	-100.079781
362.026978	-99.961571
362.699890	-100.171410
363.372803	-100.442818
364.045715	-101.109634
364.718628	-102.424416
365.391541	-103.770973
366.064453	-104.729332
366.737366	-105.189949
367.410278	-105.553955
368.083191	-106.377632
368.756104	-106.379547
369.429016	-106.198555
370.101929	-105.749229
370.774841	-105.790436
371.447754	-106.228706
372.120667	-106.050194
372.793579	-106.141518
373.466492	-106.426025
374.139404	-105.522255
374.812317	-104.443443
375.485229	-103.291122
376.158142	-102.855247
376.831055	-102.430870
377.503967	-102.059509
378.176880	-101.616020
378.849792	-101.841057
379.522705	-102.259933
380.195618	-103.056137
380.868530	-103.732002
381.541443	-103.197075
382.214355	-102.931107
382.887268	-101.913628
383.560181	-101.885757
384.233093	-102.357605
384.906006	-102.481453
385.578918	-102.638878
386.251831	-102.354752
386.924744	-102.784325
387.597656	-102.804680
388.270569	-103.149200
388.943481	-103.157440
389.616394	-103.567398
390.289307	-103.170464
390.962219	-102.994217
391.635132	-102.672157
392.308044	-103.159172
392.980957	-103.335922
393.653870	-103.974472
394.326782	-105.070526
394.999695	-105.811775
395.672607	-107.150948
396.345520	-108.333656
397.018433	-108.316483
397.691345	-107.736771
398.364258	-107.638878
399.037170	-107.779076
399.710083	-107.692062
400.382996	-106.981567
401.055908	-106.947395
401.728821	-107.507393
402.401733	-107.629982
403.074646	-109.309143
403.747559	-110.290146
404.420471	-110.557251
405.093384	-110.369598
405.766296	-107.929871
406.439209	-106.915291
407.112122	-106.782982
407.785034	-106.712601
408.457947	-105.942429
409.130859	-104.586395
409.803772	-102.944267
410.476685	-102.196121
411.149597	-101.600952
411.822510	-101.307114
412.495422	-101.232117
413.168335	-100.489250
413.841248	-100.422157
414.514160	-100.281578
415.187073	-100.385216
415.859985	-100.093506
416.532898	-100.216095
417.205811	-100.029884
417.878723	-99.895393
418.551636	-99.300751
419.224548	-99.111000
419.897461	-98.892174
420.570374	-98.662514
421.243286	-99.010384
421.916199	-99.274773
422.589111	-99.168152
423.262024	-99.662918
423.934937	-100.965378
424.607849	-102.728622
425.280762	-105.426567
425.953674	-105.770470
426.626587	-105.533875
427.299500	-104.967781
427.972412	-104.478615
428.645325	-104.868309
429.318237	-105.429710
429.991150	-107.005341
430.664062	-108.601738
431.336975	-108.424026
432.009888	-108.246933
432.682800	-106.946167
433.355713	-106.214317
434.028625	-107.426155
434.701538	-108.331070
435.374451	-108.684914
436.047363	-107.449043
436.720276	-106.481194
437.393188	-105.650406
438.066101	-104.657394
438.739014	-102.804008
439.411926	-101.165665
440.084839	-100.567696
440.757751	-100.701149
441.430664	-100.470299
442.103577	-100.928635
442.776489	-101.555984
443.449402	-102.135880
444.122314	-102.654236
444.795227	-103.343491
445.468140	-103.806473
446.141052	-103.346016
446.813965	-103.825684
447.486877	-104.578102
448.159790	-104.541161
448.832703	-104.760963
449.505615	-104.859169
450.178528	-104.063942
450.851440	-103.536102
451.524353	-103.441330
452.197266	-103.273735
452.870178	-103.227188
453.543091	-103.759094
454.216003	-104.444473
454.888916	-104.690697
455.561829	-103.464890
456.234741	-101.679916
456.907654	-100.645164
457.580566	-99.608948
458.253479	-99.195312
458.926392	-99.447403
459.599304	-100.052467
460.272217	-100.900314
460.945129	-101.346527
461.618042	-101.787155
462.290955	-102.216827
462.963867	-102.551697
463.636780	-102.680527
464.309692	-102.522980
464.982605	-102.842735
465.655518	-102.971497
466.328430	-102.863304
467.001343	-103.318977
467.674255	-103.873627
468.347168	-105.758049
469.020081	-107.022194
469.692993	-105.693253
470.365906	-104.122086
471.038818	-103.830605
471.711731	-103.347069
472.384644	-103.030144
473.057556	-102.943306
473.730469	-102.617966
474.403381	-102.450371
475.076294	-103.274628
475.749207	-103.560020
476.422119	-104.045708
477.095032	-104.115807
477.767944	-103.885757
478.440857	-105.053459
479.113770	-105.682053
479.786682	-106.282516
480.459595	-108.189713
481.132507	-109.009972
481.805420	-108.576462
482.478333	-107.213211
483.151245	-106.266006
483.824158	-104.874283
484.497070	-103.815514
485.169983	-102.835335
485.842896	-101.670692
486.515808	-101.406647
487.188721	-100.753273
487.861633	-100.012352
488.534546	-99.714417
489.207458	-99.044304
489.880371	-98.189354
490.553284	-98.027519
491.226196	-97.806763
491.899109	-97.873314
492.572021	-97.955444
493.244934	-98.167023
493.917847	-98.624275
494.590759	-99.761261
495.263672	-100.577347
495.936584	-101.082642
496.609497	-101.815468
497.282410	-102.842697
497.955322	-104.131615
498.628235	-104.095245
499.301147	-104.723221
499.974060	-105.019562
500.646973	-104.934097
501.319885	-105.090240
501.992798	-105.448631
502.665710	-105.270897
503.338623	-105.636063
504.011536	-106.167198
504.684448	-106.241318
505.357361	-106.592758
506.030273	-106.685287
506.703186	-106.719360
507.376099	-107.193466
508.049011	-106.653107
508.721924	-106.163132
509.394836	-105.845985
510.067749	-105.348869
510.740662	-105.527031
511.413574	-106.470406
512.086487	-107.454735
512.759399	-108.065422
513.432312	-109.530991
514.105225	-110.184669
514.778137	-110.159790
515.451050	-110.399200
516.123962	-109.727615
516.796875	-107.892014
517.469788	-106.777252
518.142700	-106.105804
518.815613	-106.685707
519.488525	-108.461845
520.161438	-109.920952
520.834351	-110.481995
521.507263	-110.391434
522.180176	-109.789917
522.853088	-109.769402
523.526001	-109.753967
524.198914	-109.395958
524.871826	-108.998482
525.544739	-109.127823
526.217651	-110.516586
526.890564	-111.475418
527.563477	-111.917160
528.236389	-111.581352
528.909302	-111.029083
529.582214	-110.715973
530.255127	-110.163589
530.928040	-109.869370
531.600952	-110.304237
532.273865	-110.483971
532.946777	-111.133759
533.619690	-111.206734
534.292603	-111.475006
534.965515	-111.242683
535.638428	-111.371857
536.311340	-111.018944
536.984253	-110.434937
537.657166	-110.322784
538.330078	-109.956772
539.002991	-110.232498
539.675903	-109.793694
540.348816	-108.716026
541.021729	-108.748199
541.694641	-109.955910
542.367554	-111.141487
543.040466	-110.408333
543.713379	-110.670410
544.386292	-110.910622
545.059204	-110.304131
545.732117	-109.722939
546.405029	-108.893227
547.077942	-107.998848
547.750854	-107.874336
548.423767	-107.314102
549.096680	-106.964584
549.769592	-107.148239
550.442505	-108.253639
551.115417	-109.333321
551.788330	-110.102066
552.461243	-110.851204
553.134155	-110.642448
553.807068	-109.552094
554.479980	-109.414108
555.152893	-109.631180
555.825806	-108.997116
556.498718	-110.375862
557.171631	-111.073181
557.844543	-110.436783
558.517456	-110.027321
559.190369	-109.549774
559.863281	-109.550011
560.536194	-109.482712
561.209106	-109.427330
561.882019	-109.012306
562.554932	-109.181480
563.227844	-109.283730
563.900757	-109.467934
564.573669	-109.918839
565.246582	-109.902184
565.919495	-109.183220
566.592407	-108.861496
567.265320	-109.312981
567.938232	-110.520027
568.611145	-110.605492
569.284058	-110.338120
569.956970	-109.068840
570.629883	-107.742729
571.302795	-107.516380
571.975708	-106.718643
572.648621	-106.280746
573.321533	-106.248787
573.994446	-106.328987
574.667358	-106.534576
575.340271	-107.541451
576.013184	-108.046196
576.686096	-108.074463
577.359009	-108.203255
578.031921	-109.135475
578.704834	-109.359108
579.377747	-109.213501
580.050659	-108.843414
580.723572	-108.903831
581.396484	-109.216217
582.069397	-108.642143
582.742310	-108.497101
583.415222	-108.314354
584.088135	-108.269051
584.761047	-108.387924
585.433960	-109.202919
586.106873	-109.676247
586.779785	-109.954880
587.452698	-111.016426
588.125610	-111.308739
588.798523	-112.171188
589.471436	-110.863663
590.144348	-109.406532
590.817261	-108.776535
591.490173	-108.378937
592.163086	-107.817268
592.835999	-108.027046
593.508911	-107.670555
594.181824	-108.624290
594.854736	-109.702354
595.527649	-111.114433
596.200562	-111.571716
596.873474	-110.767319
597.546387	-109.543854
598.219299	-108.505272
598.892212	-107.502838
599.565125	-107.628876
600.238037	-108.238800
600.910950	-108.750076
601.583862	-109.022514
602.256775	-108.650337
602.929688	-107.513992
603.602600	-106.799866
604.275513	-106.829155
604.948425	-106.577011
605.621338	-106.748711
606.294250	-107.315750
606.967163	-107.295509
607.640076	-107.654541
608.312988	-108.485580
608.985901	-110.031708
609.658813	-110.595757
610.331726	-110.632202
611.004639	-110.883713
611.677551	-111.070267
612.350464	-110.816551
613.023376	-110.974243
613.696289	-110.372459
614.369202	-110.747231
615.042114	-111.404732
615.715027	-110.960060
616.387939	-110.687355
617.060852	-111.237061
617.733765	-111.791039
618.406677	-111.407600
619.079590	-111.725304
619.752502	-112.722153
620.425415	-113.023613
621.098328	-112.693962
621.771240	-111.917633
622.444153	-110.425247
623.117065	-109.686592
623.789978	-109.606529
624.462891	-109.547028
625.135803	-109.952850
625.808716	-110.871552
626.481628	-111.028397
627.154541	-111.556831
627.827454	-110.940514
628.500366	-110.555717
629.173279	-110.483238
629.846191	-110.894829
630.519104	-110.525520
631.192017	-111.566269
631.864929	-112.266472
632.537842	-111.404221
633.210754	-111.531967
633.883667	-112.611122
634.556580	-112.610596
635.229492	-112.341026
635.902405	-112.076195
636.575317	-112.199074
637.248230	-111.940666
637.921143	-111.536911
638.594055	-112.126144
639.266968	-113.195877
639.939880	-114.088730
640.612793	-113.486511
641.285706	-112.994728
641.958618	-114.456642
642.631531	-115.078011
643.304443	-114.660980
643.977356	-114.925774
644.650269	-114.929588
645.323181	-114.193359
645.996094	-114.260284
646.669006	-114.257347
647.341919	-114.402611
648.014832	-114.391449
648.687744	-114.054047
649.360657	-114.017868
650.033569	-114.449471
650.706482	-114.459351
651.379395	-114.827057
652.052307	-114.115555
652.725220	-112.841316
653.398132	-112.764366
654.071045	-112.366638
654.743958	-111.406296
655.416870	-110.774048
656.089783	-110.696831
656.762695	-110.310440
657.435608	-110.599663
658.108521	-110.385971
658.781433	-110.122276
659.454346	-110.594971
660.127258	-110.273857
660.800171	-109.959373
661.473083	-110.577568
662.145996	-110.884476
662.818909	-111.301392
663.491821	-112.640755
664.164734	-112.716888
664.837646	-112.240021
665.510559	-112.280640
666.183472	-112.822037
666.856384	-113.123604
667.529297	-112.482239
668.202209	-112.388115
668.875122	-112.674210
669.548035	-112.413200
670.220947	-112.561134
670.893860	-113.174706
671.566772	-113.579079
672.239685	-113.946236
672.912598	-115.244637
673.585510	-115.989578
674.258423	-115.063545
674.931335	-114.704224
675.604248	-114.193954
676.277161	-114.374817
676.950073	-114.235352
677.622986	-113.711418
678.295898	-113.572998
678.968811	-113.774551
679.641724	-114.303764
680.314636	-115.110054
680.987549	-114.830009
681.660461	-114.200653
682.333374	-114.043922
683.006287	-113.478745
683.679199	-113.445297
684.352112	-113.523193
685.025024	-112.450768
685.697937	-111.380081
686.370850	-111.296135
687.043762	-111.995880
687.716675	-111.998871
688.389587	-112.544212
689.062500	-113.139275
689.735413	-113.585693
690.408325	-114.182266
691.081238	-114.995529
691.754150	-115.089676
692.427063	-115.529404
693.099976	-115.506042
693.772888	-115.407654
694.445801	-115.597252
695.118713	-115.256622
695.791626	-114.623657
696.464539	-114.616966
697.137451	-114.626656
697.810364	-114.533005
698.483276	-114.692055
699.156189	-115.440765
699.829102	-115.964424
700.502014	-114.702728
701.174927	-113.826813
701.847839	-113.965202
702.520752	-113.961807
703.193665	-113.389740
703.866577	-114.000534
704.539490	-114.366974
705.212402	-114.510315
705.885315	-114.470985
706.558228	-114.655655
707.231140	-115.112617
707.904053	-114.332794
708.576965	-113.168503
709.249878	-112.827286
709.922791	-112.210457
710.595703	-111.722450
711.268616	-111.722610
711.941528	-111.422386
712.614441	-111.651520
713.287354	-111.001167
713.960266	-110.382202
714.633179	-110.003853
715.306091	-109.432121
715.979004	-109.666817
716.651917	-110.324554
717.324829	-110.744156
717.997742	-110.414703
718.670654	-110.260300
719.343567	-111.154602
720.016479	-112.050491
720.689392	-112.610916
721.362305	-112.441742
722.035217	-111.925125
722.708130	-111.648880
723.381042	-112.625130
724.053955	-113.068092
724.726868	-113.429581
725.399780	-113.396843
726.072693	-113.183151
726.745605	-112.624657
727.418518	-112.579926
728.091431	-111.817329
728.764343	-112.461990
729.437256	-113.204216
730.110168	-113.443588
730.783081	-114.373962
731.455994	-115.357803
732.128906	-115.762672
732.801819	-115.844475
733.474731	-115.625465
734.147644	-116.304237
734.820557	-115.401138
735.493469	-114.443398
736.166382	-114.160278
736.839294	-113.043060
737.512207	-112.530144
738.185120	-112.754654
738.858032	-112.047691
739.530945	-111.942329
740.203857	-112.110107
740.876770	-113.001961
741.549683	-113.764206
742.222595	-113.424438
742.895508	-113.657959
743.568420	-114.275574
744.241333	-113.792183
744.914246	-113.073448
745.587158	-112.708199
746.260071	-112.508720
746.932983	-113.055229
747.605896	-112.678726
748.278809	-112.526649
748.951721	-111.387802
749.624634	-110.505356
750.297546	-110.541397
750.970459	-110.750259
751.643372	-111.342506
752.316284	-111.296791
752.989197	-111.090637
753.662109	-111.215843
754.335022	-111.313446
755.007935	-111.187012
755.680847	-110.664680
756.353760	-110.247147
757.026672	-110.282669
757.699585	-109.132957
758.372498	-108.758690
759.045410	-108.624863
759.718323	-108.493248
760.391235	-108.483765
761.064148	-109.069916
761.737061	-108.726669
762.409973	-108.796394
763.082886	-109.092934
763.755798	-110.491318
764.428711	-110.892189
765.101624	-110.870049
765.774536	-110.475677
766.447449	-110.448677
767.120361	-110.258125
767.793274	-110.651001
768.466187	-111.320724
769.139099	-111.749771
769.812012	-113.157967
770.484924	-113.522163
771.157837	-113.760818
771.830750	-113.290840
772.503662	-113.983505
773.176575	-115.245865
773.849487	-114.769615
774.522400	-114.786659
775.195312	-114.761543
775.868225	-114.496536
776.541138	-114.270630
777.214050	-113.657387
777.886963	-113.944733
778.559875	-114.946609
779.232788	-114.806686
779.905701	-113.560440
780.578613	-113.971352
781.251526	-114.331017
781.924438	-115.093742
782.597351	-114.970085
783.270264	-114.631340
783.943176	-114.996613
784.616089	-114.789017
785.289001	-114.346069
785.961914	-115.149254
786.634827	-116.050346
787.307739	-115.121147
787.980652	-115.555618
788.653564	-115.585594
789.326477	-115.294365
789.999390	-115.589401
790.672302	-115.832047
791.345215	-114.741074
792.018127	-114.947411
792.691040	-115.006958
793.363953	-114.194160
794.036865	-114.268616
794.709778	-114.157005
795.382690	-113.728508
796.055603	-113.948074
796.728516	-113.950417
797.401428	-114.681152
798.074341	-115.614632
798.747253	-115.458092
799.420166	-114.653481
800.093079	-114.543198
800.765991	-114.334869
801.438904	-113.985512
802.111816	-114.232285
802.784729	-114.779915
803.457642	-114.622597
804.130554	-115.081284
804.803467	-115.948273
805.476379	-115.658669
806.149292	-115.203629
806.822205	-115.539352
807.495117	-115.052017
808.168030	-114.588249
808.840942	-114.677513
809.513855	-114.033295
810.186768	-114.061455
810.859680	-115.157631
811.532593	-115.508461
812.205505	-114.487991
812.878418	-113.891914
813.551331	-112.964661
814.224243	-113.216423
814.897156	-113.697136
815.570068	-113.885796
816.242981	-114.141518
816.915894	-114.866104
817.588806	-114.576416
818.261719	-114.483711
818.934631	-115.250702
819.607544	-115.012169
820.280457	-114.629883
820.953369	-114.189232
821.626282	-113.869858
822.299194	-114.072701
822.972107	-114.450272
823.645020	-115.250587
824.317932	-114.244064
824.990845	-114.041817
825.663757	-114.974167
826.336670	-114.686256
827.009583	-114.791092
827.682495	-115.564537
828.355408	-115.296799
829.028320	-114.411858
829.701233	-115.399956
830.374146	-115.465820
831.047058	-114.805946
831.719971	-114.793861
832.392883	-113.369675
833.065796	-112.468925
833.738708	-112.441002
834.411621	-112.329697
835.084534	-112.845413
835.757446	-113.027405
836.430359	-113.569427
837.103271	-114.072800
837.776184	-113.529587
838.449097	-113.315254
839.122009	-114.016960
839.794922	-112.974686
840.467834	-113.359993
841.140747	-114.113579
841.813660	-113.558060
842.486572	-113.421486
843.159485	-114.925705
843.832397	-115.514679
844.505310	-115.456863
845.178223	-114.636444
845.851135	-114.303391
846.524048	-114.248444
847.196960	-113.882874
847.869873	-113.599457
848.542786	-114.227852
849.215698	-113.973480
849.888611	-114.115883
850.561523	-114.335342
851.234436	-114.652306
851.907349	-114.939156
852.580261	-115.681274
853.253174	-116.097649
853.926086	-115.655464
854.598999	-115.140251
855.271912	-114.166275
855.944824	-113.719460
856.617737	-113.943237
857.290649	-114.458916
857.963562	-115.153015
858.636475	-115.307579
859.309387	-115.444664
859.982300	-115.190681
860.655212	-115.087982
861.328125	-115.052422
862.001038	-115.799896
862.673950	-115.574089
863.346863	-115.233665
864.019775	-115.572723
864.692688	-115.784821
865.365601	-116.012360
866.038513	-116.370499
866.711426	-116.684364
867.384338	-116.218552
868.057251	-115.577156
868.730164	-115.606934
869.403076	-116.965599
870.075989	-115.894806
870.748901	-116.172508
871.421814	-116.879356
872.094727	-116.739960
872.767639	-116.448364
873.440552	-115.724548
874.113464	-115.448318
874.786377	-115.495125
875.459290	-115.362381
876.132202	-115.357582
876.805115	-115.567307
877.478027	-116.384514
878.150940	-115.995232
878.823853	-116.452820
879.496765	-115.718964
880.169678	-115.415627
880.842590	-115.387321
881.515503	-114.931107
882.188416	-115.450874
882.861328	-114.837593
883.534241	-115.242615
884.207153	-115.885666
884.880066	-115.566231
885.552979	-115.471107
886.225891	-115.880676
886.898804	-116.144638
887.571716	-115.641525
888.244629	-114.976761
888.917542	-115.175529
889.590454	-116.409233
890.263367	-117.015350
890.936279	-116.246796
891.609192	-116.524567
892.282104	-115.352081
892.955017	-115.333252
893.627930	-116.068054
894.300842	-115.323692
894.973755	-114.866028
895.646667	-115.457985
896.319580	-114.927307
896.992493	-114.606964
897.665405	-115.734329
898.338318	-115.612061
899.011230	-115.434753
899.684143	-115.301552
900.357056	-115.535294
901.029968	-116.184418
901.702881	-116.451073
902.375793	-116.440201
903.048706	-115.409592
903.721619	-115.667175
904.394531	-115.923882
905.067444	-115.113937
905.740356	-115.619171
906.413269	-114.761055
907.086182	-114.992966
907.759094	-114.897522
908.432007	-113.752357
909.104919	-113.521461
909.777832	-113.799484
910.450745	-114.344643
911.123657	-114.870056
911.796570	-114.824615
912.469482	-114.387253
913.142395	-114.123161
913.815308	-114.317444
914.488220	-114.696907
915.161133	-114.373802
915.834045	-115.573853
916.506958	-115.870544
917.179871	-115.963379
917.852783	-115.873772
918.525696	-114.901024
919.198608	-115.200027
919.871521	-115.480843
920.544434	-114.817657
921.217346	-114.449265
921.890259	-114.107285
922.563171	-114.524155
923.236084	-114.412193
923.908997	-114.114723
924.581909	-114.353920
925.254822	-114.555519
925.927734	-113.423363
926.600647	-113.660950
927.273560	-113.803886
927.946472	-112.616035
928.619385	-112.700134
929.292297	-112.915833
929.965210	-112.989388
930.638123	-113.485832
931.311035	-113.557869
931.983948	-114.337761
932.656860	-114.458427
933.329773	-114.561523
934.002686	-114.685890
934.675598	-114.699036
935.348511	-114.134560
936.021423	-114.414597
936.694336	-113.622353
937.367249	-113.265465
938.040161	-113.826340
938.713074	-113.958939
939.385986	-114.562119
940.058899	-114.874016
940.731812	-115.861626
941.404724	-116.738670
942.077637	-117.197289
942.750549	-117.259995
943.423462	-115.910400
944.096375	-115.265694
944.769287	-114.640007
945.442200	-115.156174
946.115112	-114.805870
946.788025	-114.403938
947.460938	-114.313240
948.133850	-114.742882
948.806763	-114.131264
949.479675	-114.579796
950.152588	-114.225876
950.825500	-114.990730
951.498413	-115.983910
952.171326	-115.505798
952.844238	-115.436890
953.517151	-115.596588
954.190063	-115.782249
954.862976	-115.818413
955.535889	-115.610001
956.208801	-115.591164
956.881714	-115.574760
957.554626	-115.554344
958.227539	-116.060509
958.900452	-116.269463
959.573364	-114.929214
960.246277	-115.407005
960.919189	-115.356415
961.592102	-116.174507
962.265015	-116.363602
962.937927	-115.670021
963.610840	-116.173370
964.283752	-116.405579
964.956665	-116.185738
965.629578	-116.081436
966.302490	-116.176628
966.975403	-115.927521
967.648315	-114.429016
968.321228	-115.098701
968.994141	-116.244301
969.667053	-114.814522
970.339966	-114.904060
971.012878	-115.062035
971.685791	-114.898094
972.358704	-115.237350
973.031616	-115.756653
973.704529	-116.587067
974.377441	-117.238708
975.050354	-116.604095
975.723267	-115.623802
976.396179	-115.623871
977.069092	-116.150414
977.742004	-115.700417
978.414917	-115.791656
979.087830	-115.967964
979.760742	-117.044189
980.433655	-116.629257
981.106567	-115.058632
981.779480	-115.009644
982.452393	-115.061470
983.125305	-115.225121
983.798218	-114.376007
984.471130	-114.144447
985.144043	-114.112160
985.816956	-114.050140
986.489868	-115.118568
987.162781	-114.973106
987.835693	-115.688309
988.508606	-116.012115
989.181519	-115.817101
989.854431	-116.639862
990.527344	-116.502007
991.200256	-117.086655
991.873169	-117.083084
992.546082	-116.382004
993.218994	-116.366425
993.891907	-116.380325
994.564819	-116.951912
995.237732	-116.471115
995.910645	-116.131302
996.583557	-116.326309
997.256470	-116.120117
997.929382	-116.312698
998.602295	-115.693687
999.275208	-116.416138
999.948120	-116.930046
1000.621033	-116.772133
1001.293945	-116.781319
1001.966858	-116.530663
1002.639771	-116.274078
1003.312683	-117.082497
1003.985596	-117.380165
1004.658508	-117.058746
1005.331421	-116.951607
1006.004333	-116.905846
1006.677246	-117.068855
1007.350159	-117.220924
1008.023071	-116.937332
1008.695984	-116.961761
1009.368896	-117.271980
1010.041809	-117.374458
1010.714722	-117.002686
1011.387634	-116.987129
1012.060547	-117.162918
1012.733459	-117.357101
1013.406372	-117.222954
1014.079285	-116.884911
1014.752197	-117.155708
1015.425110	-117.296867
1016.098022	-116.748955
1016.770935	-116.634323
1017.443848	-117.270790
1018.116760	-116.969604
1018.789673	-117.158722
1019.462585	-117.717888
1020.135498	-117.219780
1020.808411	-116.753151
1021.481323	-117.392540
1022.154236	-117.716141
1022.827148	-117.007988
1023.500061	-117.127945
1024.172974	-117.055321
1024.845886	-116.954803
1025.518799	-116.319183
1026.191711	-116.142403
1026.864624	-116.022072
1027.537537	-115.624565
1028.210449	-116.211700
1028.883362	-115.902283
1029.556274	-115.701340
1030.229187	-116.111443
1030.902100	-116.357353
1031.575012	-116.635452
1032.247925	-117.202736
1032.920837	-117.258400
1033.593750	-116.764038
1034.266663	-117.701431
1034.939575	-117.760956
1035.612488	-117.207909
1036.285400	-116.252670
1036.958313	-116.430527
1037.631226	-116.251732
1038.304138	-116.691391
1038.977051	-116.856277
1039.649963	-116.553795
1040.322876	-116.865257
1040.995789	-116.045143
1041.668701	-116.136696
1042.341614	-116.817657
1043.014526	-116.919502
1043.687439	-117.530327
1044.360352	-117.162827
1045.033264	-115.959496
1045.706177	-115.721016
1046.379089	-115.487778
1047.052002	-115.402008
1047.724915	-115.552834
1048.397827	-115.112419
1049.070740	-114.710281
1049.743652	-114.741730
1050.416565	-114.194878
1051.089478	-114.469978
1051.762390	-115.117867
1052.435303	-115.251175
1053.108215	-116.333237
1053.781128	-116.915596
1054.454041	-115.826790
1055.126953	-115.589172
1055.799866	-116.075005
1056.472778	-116.112839
1057.145691	-116.318924
1057.818604	-115.587120
1058.491516	-115.451950
1059.164429	-116.203773
1059.837341	-116.402672
1060.510254	-116.433037
1061.183167	-117.169594
1061.856079	-117.172722
1062.528992	-116.916626
1063.201904	-117.550125
1063.874817	-117.591049
1064.547729	-116.354103
1065.220642	-116.027916
1065.893555	-116.012611
1066.566467	-114.657166
1067.239380	-114.609108
1067.912292	-114.620209
1068.585205	-114.318420
1069.258118	-115.796028
1069.931030	-116.948502
1070.603943	-117.190506
1071.276855	-117.022369
1071.949768	-118.234482
1072.622681	-117.580925
1073.295593	-116.424629
1073.968506	-117.345917
1074.641418	-117.290451
1075.314331	-117.382584
1075.987244	-118.003777
1076.660156	-117.350464
1077.333069	-118.078987
1078.005981	-117.179634
1078.678894	-116.395393
1079.351807	-116.235847
1080.024719	-116.042358
1080.697632	-116.944061
1081.370544	-116.810822
1082.043457	-115.276428
1082.716370	-115.094521
1083.389282	-115.495613
1084.062195	-115.450233
1084.735107	-115.003082
1085.408020	-115.635460
1086.080933	-116.534584
1086.753845	-116.032555
1087.426758	-115.757584
1088.099670	-116.266197
1088.772583	-115.796341
1089.445496	-115.966629
1090.118408	-116.579094
1090.791321	-116.522728
1091.464233	-116.723343
1092.137146	-116.712204
1092.810059	-115.908722
1093.482971	-115.608459
1094.155884	-116.121841
1094.828796	-116.074181
1095.501709	-116.132828
1096.174622	-116.504387
1096.847534	-116.838600
1097.520447	-117.335182
1098.193359	-116.777679
1098.866272	-115.772034
1099.539185	-116.510750
1100.212097	-116.824883
1100.885010	-116.173523
1101.557922	-115.698807
1102.230835	-116.502068
1102.903748	-116.821785
1103.576660	-117.746262
1104.249573	-117.422104
1104.922485	-117.504585
1105.595398	-116.747452
1106.268311	-116.726357
1106.941223	-117.435173
1107.614136	-117.189751
1108.287048	-117.474297
1108.959961	-117.450127
1109.632874	-117.924927
1110.305786	-117.471657
1110.978699	-117.350540
1111.651611	-116.960892
1112.324524	-117.568100
1112.997437	-116.949081
1113.670349	-116.484856
1114.343262	-116.077461
1115.016174	-116.087402
1115.689087	-116.478920
1116.362000	-116.618141
1117.034912	-116.613495
1117.707825	-116.005371
1118.380737	-116.452545
1119.053650	-117.233078
1119.726562	-117.225258
1120.399475	-116.809364
1121.072388	-116.607552
1121.745300	-115.516579
1122.418213	-115.954033
1123.091125	-116.055153
1123.764038	-115.818901
1124.436951	-116.767708
1125.109863	-116.793518
1125.782776	-116.562683
1126.455688	-116.795845
1127.128601	-116.582092
1127.801514	-117.003227
1128.474426	-116.717140
1129.147339	-117.108047
1129.820251	-116.961960
1130.493164	-117.412956
1131.166077	-116.566254
1131.838989	-116.726463
1132.511902	-117.674713
1133.184814	-117.839020
1133.857727	-118.544731
1134.530640	-117.344093
1135.203552	-117.835190
1135.876465	-118.136269
1136.549377	-118.159698
1137.222290	-118.102341
1137.895203	-118.166702
1138.568115	-117.845802
1139.241028	-117.161781
1139.913940	-117.411461
1140.586853	-116.800583
1141.259766	-116.208885
1141.932678	-117.175690
1142.605591	-117.328758
1143.278503	-117.364052
1143.951416	-117.937241
1144.624329	-118.174835
1145.297241	-118.574692
1145.970154	-118.786400
1146.643066	-117.381966
1147.315979	-117.101227
1147.988892	-117.032249
1148.661804	-117.304604
1149.334717	-116.994537
1150.007629	-117.472725
1150.680542	-118.132698
1151.353455	-117.030563
1152.026367	-117.809387
1152.699280	-118.148827
1153.372192	-118.211098
1154.045105	-118.186378
1154.718018	-118.330643
1155.390930	-117.705757
1156.063843	-117.127495
1156.736755	-117.352951
1157.409668	-117.628708
1158.082581	-117.771584
1158.755493	-117.649635
1159.428406	-117.346725
1160.101318	-116.798027
1160.774231	-117.400810
1161.447144	-117.137352
1162.120056	-117.398560
1162.792969	-116.916901
1163.465881	-116.862839
1164.138794	-116.750084
1164.811707	-116.318718
1165.484619	-116.338257
1166.157532	-116.235725
1166.830444	-116.416832
1167.503357	-117.501724
1168.176270	-117.461349
1168.849182	-118.315979
1169.522095	-117.903938
1170.195007	-117.476097
1170.867920	-118.044556
1171.540833	-118.092705
1172.213745	-117.634239
1172.886658	-117.113327
1173.559570	-116.705193
1174.232483	-117.211746
1174.905396	-117.310501
1175.578308	-118.072243
1176.251221	-118.430603
1176.924133	-117.737167
1177.597046	-117.981331
1178.269958	-117.882561
1178.942871	-117.242805
1179.615784	-117.066864
1180.288696	-116.673691
1180.961609	-117.459572
1181.634521	-117.996353
1182.307434	-117.011536
1182.980347	-116.977074
1183.653259	-117.429176
1184.326172	-117.871948
1184.999084	-117.258797
1185.671997	-116.408386
1186.344910	-115.711250
1187.017822	-116.672218
1187.690735	-115.940430
1188.363647	-115.253174
1189.036560	-115.298943
1189.709473	-115.424713
1190.382385	-116.576950
1191.055298	-116.202988
1191.728210	-115.609306
1192.401123	-115.381851
1193.074036	-115.119614
1193.746948	-115.295792
1194.419861	-114.753807
1195.092773	-114.241829
1195.765686	-113.962524
1196.438599	-113.374596
1197.111511	-113.208275
1197.784424	-114.219269
1198.457336	-114.752846
1199.130249	-115.275642
1199.803162	-116.112373
1200.476074	-116.317780
1201.148987	-116.703339
1201.821899	-117.264534
1202.494812	-117.188980
1203.167725	-116.917221
1203.840637	-117.232895
1204.513550	-117.101799
1205.186462	-117.373909
1205.859375	-116.593102
1206.532288	-115.911789
1207.205200	-116.282158
1207.878113	-116.580719
1208.551025	-117.156174
1209.223938	-116.947609
1209.896851	-117.025658
1210.569763	-117.312363
1211.242676	-118.487068
1211.915588	-117.613686
1212.588501	-117.357414
1213.261414	-117.816154
1213.934326	-117.232162
1214.607239	-116.656235
1215.280151	-116.272835
1215.953064	-117.225769
1216.625977	-117.155716
1217.298889	-117.627892
1217.971802	-117.757362
1218.644714	-117.669525
1219.317627	-117.795128
1219.990540	-118.097984
1220.663452	-118.099693
1221.336365	-118.073288
1222.009277	-118.225609
1222.682190	-118.424850
1223.355103	-117.523575
1224.028015	-117.279060
1224.700928	-117.873711
1225.373840	-117.761765
1226.046753	-117.832115
1226.719666	-117.596283
1227.392578	-117.325333
1228.065491	-117.913193
1228.738403	-117.939445
1229.411316	-117.472580
1230.084229	-117.380409
1230.757141	-117.519241
1231.430054	-117.398697
1232.102966	-117.687897
1232.775879	-117.850098
1233.448792	-117.981293
1234.121704	-117.854256
1234.794617	-118.352844
1235.467529	-117.533104
1236.140442	-117.374359
1236.813354	-118.020226
1237.486267	-117.417084
1238.159180	-117.478325
1238.832092	-118.257561
1239.505005	-118.198837
1240.177917	-118.248352
1240.850830	-117.492989
1241.523743	-117.670074
1242.196655	-117.710068
1242.869568	-117.740601
1243.542480	-118.422997
1244.215393	-118.086403
1244.888306	-118.313332
1245.561218	-118.175140
1246.234131	-118.076241
1246.907043	-117.543800
1247.579956	-117.665329
1248.252869	-116.956230
1248.925781	-117.205383
1249.598694	-117.239807
1250.271606	-117.136108
1250.944519	-118.156647
1251.617432	-117.687584
1252.290344	-117.153976
1252.963257	-116.979805
1253.636169	-117.695045
1254.309082	-117.320511
1254.981995	-117.407776
1255.654907	-116.636612
1256.327820	-117.120338
1257.000732	-117.868446
1257.673645	-117.763214
1258.346558	-117.646065
1259.019470	-117.512047
1259.692383	-118.127960
1260.365295	-118.281326
1261.038208	-117.915321
1261.711121	-118.049942
1262.384033	-117.816986
1263.056946	-117.753372
1263.729858	-118.138245
1264.402771	-118.381531
1265.075684	-118.302132
1265.748596	-117.862190
1266.421509	-117.831322
1267.094421	-117.632988
1267.767334	-117.831955
1268.440247	-118.412201
1269.113159	-118.382759
1269.786072	-117.751808
1270.458984	-117.735336
1271.131897	-118.125427
1271.804810	-118.211288
1272.477722	-118.477272
1273.150635	-118.669876
1273.823547	-117.910889
1274.496460	-117.383873
1275.169373	-118.065842
1275.842285	-118.836609
1276.515198	-118.010231
1277.188110	-117.647186
1277.861023	-117.105629
1278.533936	-116.937424
1279.206848	-117.334099
1279.879761	-117.358589
1280.552673	-117.427345
1281.225586	-117.309021
1281.898499	-117.499428
1282.571411	-118.293900
1283.244324	-117.662453
1283.917236	-117.390099
1284.590149	-117.183952
1285.263062	-117.786148
1285.935974	-117.509186
1286.608887	-117.338539
1287.281799	-117.773926
1287.954712	-117.276566
1288.627625	-117.237473
1289.300537	-116.783295
1289.973450	-116.502228
1290.646362	-117.601875
1291.319275	-117.480247
1291.992188	-117.610321
1292.665100	-117.991859
1293.338013	-118.529495
1294.010925	-117.770554
1294.683838	-117.468391
1295.356750	-118.084808
1296.029663	-119.218109
1296.702576	-118.990837
1297.375488	-118.833603
1298.048401	-118.855759
1298.721313	-118.607040
1299.394226	-117.579224
1300.067139	-116.971191
1300.740051	-117.474884
1301.412964	-117.991982
1302.085876	-118.628342
1302.758789	-117.898689
1303.431702	-116.552269
1304.104614	-117.367188
1304.777527	-118.406380
1305.450439	-116.982101
1306.123352	-116.263718
1306.796265	-117.302429
1307.469177	-118.212898
1308.142090	-118.355362
1308.815002	-117.411201
1309.487915	-118.128838
1310.160828	-118.314819
1310.833740	-117.744812
1311.506653	-117.131897
1312.179565	-117.133896
1312.852478	-116.217377
1313.525391	-116.319061
1314.198303	-117.197533
1314.871216	-117.670074
1315.544128	-117.738945
1316.217041	-118.060753
1316.889954	-118.050774
1317.562866	-117.619850
1318.235779	-116.305290
1318.908691	-116.395302
1319.581604	-116.653053
1320.254517	-116.208740
1320.927429	-116.941643
1321.600342	-118.142227
1322.273254	-118.236397
1322.946167	-117.921295
1323.619080	-117.792557
1324.291992	-117.928963
1324.964905	-117.869217
1325.637817	-117.656693
1326.310730	-117.817711
1326.983643	-117.384888
1327.656555	-116.978424
1328.329468	-116.944450
1329.002380	-117.428055
1329.675293	-117.125015
1330.348206	-116.359344
1331.021118	-116.725647
1331.694031	-116.722336
1332.366943	-116.585075
1333.039856	-116.650970
1333.712769	-116.657700
1334.385681	-117.202606
1335.058594	-117.652061
1335.731506	-117.186760
1336.404419	-116.604012
1337.077332	-116.343979
1337.750244	-117.050934
1338.423157	-118.255722
1339.096069	-118.253807
1339.768982	-118.077248
1340.441895	-118.264458
1341.114807	-118.582062
1341.787720	-118.310585
1342.460632	-117.958275
1343.133545	-118.169693
1343.806458	-117.999901
1344.479370	-117.121361
1345.152283	-116.665260
1345.825195	-117.020164
1346.498108	-117.139931
1347.171021	-116.789421
1347.843933	-116.940468
1348.516846	-117.089195
1349.189758	-116.860214
1349.862671	-116.698174
1350.535583	-116.915100
1351.208496	-117.208954
1351.881409	-116.685005
1352.554321	-117.155334
1353.227234	-117.401917
1353.900146	-117.699272
1354.573059	-117.568924
1355.245972	-117.193672
1355.918884	-118.281960
1356.591797	-118.132133
1357.264709	-117.805267
1357.937622	-117.978630
1358.610535	-117.496445
1359.283447	-117.519165
1359.956360	-117.250267
1360.629272	-117.915924
1361.302185	-117.477097
1361.975098	-117.146469
1362.648010	-118.043457
1363.320923	-118.054634
1363.993835	-118.474129
1364.666748	-118.151985
1365.339661	-118.552910
1366.012573	-118.813499
1366.685486	-118.969238
1367.358398	-118.900818
1368.031311	-118.551620
1368.704224	-117.638893
1369.377136	-118.368446
1370.050049	-118.516914
1370.722961	-118.413109
1371.395874	-118.361153
1372.068787	-118.275887
1372.741699	-118.746750
1373.414612	-119.141365
1374.087524	-118.501984
1374.760437	-118.005943
1375.433350	-117.673576
1376.106262	-117.335922
1376.779175	-116.965797
1377.452087	-116.420944
1378.125000	-116.394402
1378.797913	-117.196541
1379.470825	-117.246002
1380.143738	-117.789352
1380.816650	-118.788742
1381.489563	-118.411522
1382.162476	-118.209999
1382.835388	-117.538521
1383.508301	-117.330902
1384.181213	-117.325455
1384.854126	-117.445839
1385.527039	-117.243462
1386.199951	-117.501839
1386.872864	-117.507454
1387.545776	-116.543297
1388.218689	-116.278687
1388.891602	-117.225853
1389.564514	-117.924370
1390.237427	-118.235764
1390.910339	-118.144585
1391.583252	-117.146660
1392.256165	-116.845016
1392.929077	-116.554871
1393.601990	-115.968445
1394.274902	-116.773239
1394.947815	-116.575172
1395.620728	-116.506508
1396.293640	-117.196617
1396.966553	-117.904427
1397.639465	-118.618797
1398.312378	-118.271927
1398.985291	-117.552353
1399.658203	-116.700012
1400.331116	-117.653976
1401.004028	-117.643143
1401.676941	-117.848946
1402.349854	-118.576645
1403.022766	-117.798111
1403.695679	-117.916183
1404.368591	-117.807762
1405.041504	-118.138733
1405.714417	-118.530930
1406.387329	-118.585457
1407.060242	-117.981094
1407.733154	-117.548538
1408.406067	-117.795464
1409.078979	-118.160583
1409.751892	-118.617607
1410.424805	-118.446220
1411.097717	-118.348152
1411.770630	-118.450157
1412.443542	-118.239830
1413.116455	-118.735268
1413.789368	-118.666176
1414.462280	-118.182938
1415.135193	-117.561646
1415.808105	-118.375031
1416.481018	-117.925644
1417.153931	-116.892143
1417.826843	-116.533348
1418.499756	-117.135582
1419.172668	-117.048462
1419.845581	-118.215103
1420.518494	-119.076744
1421.191406	-118.699219
1421.864319	-117.818764
1422.537231	-117.696693
1423.210144	-117.570297
1423.883057	-118.567375
1424.555969	-118.965630
1425.228882	-118.540375
1425.901794	-117.973724
1426.574707	-117.975533
1427.247620	-117.968048
1427.920532	-117.553734
1428.593445	-118.112251
1429.266357	-118.513123
1429.939270	-118.038612
1430.612183	-118.566658
1431.285095	-118.836479
1431.958008	-118.390564
1432.630920	-118.761971
1433.303833	-117.986115
1433.976746	-117.964073
1434.649658	-118.159683
1435.322571	-118.741447
1435.995483	-118.156258
1436.668396	-117.750679
1437.341309	-117.923080
1438.014221	-118.337967
1438.687134	-118.039528
1439.360046	-117.241585
1440.032959	-117.637527
1440.705872	-118.566620
1441.378784	-118.587181
1442.051697	-118.366325
1442.724609	-118.301819
1443.397522	-117.673424
1444.070435	-118.207108
1444.743347	-117.745377
1445.416260	-117.754707
1446.089172	-117.704033
1446.762085	-117.652008
1447.434998	-118.365189
1448.107910	-118.081055
1448.780823	-117.725754
1449.453735	-118.447327
1450.126648	-117.935020
1450.799561	-117.014473
1451.472473	-117.740982
1452.145386	-118.351227
1452.818298	-118.205574
1453.491211	-117.996445
1454.164124	-118.755699
1454.837036	-118.735359
1455.509949	-118.555176
1456.182861	-118.799217
1456.855774	-117.859566
1457.528687	-117.799324
1458.201599	-117.922363
1458.874512	-118.226242
1459.547424	-118.946350
1460.220337	-119.232582
1460.893250	-118.458412
1461.566162	-118.389687
1462.239075	-117.803703
1462.911987	-118.748192
1463.584900	-119.306038
1464.257812	-118.186310
1464.930725	-119.233681
1465.603638	-118.742676
1466.276550	-117.705505
1466.949463	-117.718536
1467.622375	-118.433632
1468.295288	-118.910370
1468.968201	-118.390945
1469.641113	-117.808838
1470.314026	-117.342972
1470.986938	-118.215622
1471.659851	-118.572350
1472.332764	-118.166992
1473.005676	-117.622948
1473.678589	-117.395058
1474.351501	-119.013649
1475.024414	-119.292961
1475.697327	-118.488792
1476.370239	-118.883606
1477.043152	-118.541405
1477.716064	-119.115784
1478.388977	-118.857971
1479.061890	-118.902962
1479.734802	-118.596336
1480.407715	-118.492142
1481.080627	-118.811668
1481.753540	-119.535744
1482.426453	-119.452980
1483.099365	-119.101173
1483.772278	-118.229126
1484.445190	-118.949600
1485.118103	-118.825050
1485.791016	-118.912605
1486.463928	-119.210365
1487.136841	-118.598587
1487.809753	-119.077011
1488.482666	-118.055534
1489.155579	-118.561661
1489.828491	-118.604561
1490.501404	-118.895844
1491.174316	-119.261169
1491.847229	-118.324158
1492.520142	-118.650116
1493.193054	-118.205482
1493.865967	-119.030281
1494.538879	-118.408211
1495.211792	-118.354118
1495.884705	-118.780739
1496.557617	-119.445427
1497.230530	-119.366463
1497.903442	-118.743721
1498.576355	-117.970909
1499.249268	-118.321091
1499.922180	-118.166771
1500.595093	-118.715660
1501.268005	-119.403992
1501.940918	-119.095558
1502.613831	-118.810089
1503.286743	-118.770653
1503.959656	-118.908012
1504.632568	-118.918900
1505.305481	-119.423370
1505.978394	-119.320450
1506.651306	-119.286308
1507.324219	-119.300430
1507.997131	-119.462326
1508.670044	-118.947418
1509.342957	-118.637856
1510.015869	-118.206810
1510.688782	-117.765099
1511.361694	-117.719933
1512.034607	-118.746048
1512.707520	-118.597031
1513.380432	-118.472176
1514.053345	-119.006622
1514.726257	-119.605240
1515.399170	-119.126663
1516.072083	-118.750175
1516.744995	-119.159134
1517.417908	-118.652489
1518.090820	-118.398758
1518.763733	-118.416695
1519.436646	-118.378708
1520.109558	-119.142303
1520.782471	-119.486008
1521.455383	-120.209419
1522.128296	-119.707138
1522.801208	-119.686111
1523.474121	-119.515541
1524.147034	-118.745224
1524.819946	-119.183136
1525.492859	-118.409851
1526.165771	-118.008560
1526.838684	-118.198151
1527.511597	-119.036423
1528.184509	-118.442978
1528.857422	-117.780495
1529.530334	-118.367363
1530.203247	-118.883186
1530.876160	-118.331657
1531.549072	-118.002052
1532.221985	-118.489090
1532.894897	-119.480568
1533.567810	-119.227135
1534.240723	-118.318283
1534.913635	-118.548088
1535.586548	-117.782761
1536.259460	-117.689110
1536.932373	-117.940552
1537.605286	-119.244736
1538.278198	-118.961578
1538.951111	-119.754517
1539.624023	-119.144470
1540.296936	-119.587463
1540.969849	-118.876801
1541.642761	-118.479767
1542.315674	-118.113647
1542.988586	-118.514389
1543.661499	-118.284607
1544.334412	-118.804001
1545.007324	-119.197655
1545.680237	-118.612633
1546.353149	-118.342125
1547.026062	-118.811226
1547.698975	-118.330833
1548.371887	-119.221634
1549.044800	-119.145096
1549.717712	-118.261925
1550.390625	-118.441521
1551.063538	-118.210457
1551.736450	-118.558701
1552.409363	-118.819183
1553.082275	-118.570641
1553.755188	-118.491051
1554.428101	-119.477829
1555.101013	-119.011047
1555.773926	-118.643784
1556.446838	-118.971260
1557.119751	-118.157410
1557.792664	-118.122658
1558.465576	-118.392502
1559.138489	-118.484451
1559.811401	-117.626381
1560.484314	-117.292595
1561.157227	-118.024811
1561.830139	-118.265778
1562.503052	-117.827797
1563.175964	-118.101982
1563.848877	-117.667618
1564.521790	-118.285950
1565.194702	-117.641670
1565.867615	-117.612526
1566.540527	-117.035568
1567.213440	-117.773521
1567.886353	-117.819504
1568.559265	-117.472687
1569.232178	-117.540192
1569.905090	-117.350815
1570.578003	-117.482658
1571.250916	-117.372475
1571.923828	-117.625366
1572.596741	-117.848473
1573.269653	-117.303673
1573.942566	-118.424911
1574.615479	-118.428551
1575.288391	-117.641701
1575.961304	-117.882164
1576.634216	-118.250366
1577.307129	-117.664948
1577.980042	-117.950386
1578.652954	-117.956612
1579.325867	-118.662216
1579.998779	-117.709564
1580.671692	-116.894951
1581.344604	-118.061256
1582.017517	-117.981300
1582.690430	-118.568832
1583.363342	-117.797699
1584.036255	-118.538239
1584.709167	-118.090828
1585.382080	-117.719398
1586.054993	-117.709717
1586.727905	-117.300758
1587.400818	-117.425377
1588.073730	-119.166832
1588.746643	-118.723473
1589.419556	-118.551491
1590.092468	-118.347778
1590.765381	-117.930374
1591.438293	-118.440460
1592.111206	-118.662132
1592.784119	-117.814529
1593.457031	-118.267632
1594.129944	-119.706757
1594.802856	-118.730743
1595.475769	-118.713745
1596.148682	-119.061195
1596.821594	-119.187111
1597.494507	-118.767311
1598.167419	-118.230156
1598.840332	-118.134323
1599.513245	-118.408089
1600.186157	-118.222359
1600.859070	-118.972717
1601.531982	-118.907249
1602.204895	-119.290398
1602.877808	-118.966354
1603.550720	-118.683533
1604.223633	-119.708374
1604.896545	-119.765305
1605.569458	-119.085014
1606.242371	-119.173737
1606.915283	-118.758728
1607.588196	-118.799805
1608.261108	-117.847542
1608.934021	-118.089714
1609.606934	-118.957924
1610.279846	-118.990532
1610.952759	-118.512962
1611.625671	-118.238068
1612.298584	-118.405724
1612.971497	-118.736275
1613.644409	-117.980156
1614.317322	-118.368454
1614.990234	-117.897148
1615.663147	-118.573761
1616.336060	-118.742752
1617.008972	-118.736671
1617.681885	-118.997681
1618.354797	-118.933823
1619.027710	-118.872040
1619.700623	-119.142502
1620.373535	-119.114075
1621.046448	-118.810143
1621.719360	-119.375801
1622.392273	-119.262672
1623.065186	-118.947983
1623.738098	-119.169006
1624.411011	-119.016853
1625.083923	-118.308853
1625.756836	-117.973679
1626.429749	-118.578880
1627.102661	-118.235558
1627.775574	-117.612617
1628.448486	-119.059715
1629.121399	-118.631836
1629.794312	-119.705116
1630.467224	-119.068527
1631.140137	-118.229584
1631.813049	-118.330833
1632.485962	-119.258682
1633.158875	-119.067680
1633.831787	-118.054115
1634.504700	-118.662155
1635.177612	-118.554977
1635.850525	-118.753441
1636.523438	-118.252068
1637.196350	-118.526909
1637.869263	-119.235168
1638.542175	-119.376732
1639.215088	-118.576805
1639.888000	-118.764038
1640.560913	-118.569817
1641.233826	-119.260178
1641.906738	-119.006287
1642.579651	-118.703415
1643.252563	-118.849274
1643.925476	-119.136833
1644.598389	-119.694359
1645.271301	-119.215202
1645.944214	-118.775688
1646.617126	-118.584633
1647.290039	-119.788315
1647.962952	-120.230362
1648.635864	-119.403992
1649.308777	-118.499039
1649.981689	-118.783424
1650.654602	-119.247177
1651.327515	-119.222633
1652.000427	-119.102997
1652.673340	-118.752480
1653.346252	-118.609558
1654.019165	-119.440765
1654.692078	-119.781174
1655.364990	-119.142677
1656.037903	-119.083328
1656.710815	-118.554802
1657.383728	-118.820496
1658.056641	-119.184174
1658.729553	-119.091026
1659.402466	-118.415154
1660.075378	-118.504333
1660.748291	-119.061165
1661.421204	-119.056770
1662.094116	-119.019875
1662.767029	-118.805939
1663.439941	-118.711906
1664.112854	-119.412895
1664.785767	-119.386154
1665.458679	-118.997696
1666.131592	-119.222374
1666.804504	-119.303444
1667.477417	-119.238342
1668.150330	-118.800308
1668.823242	-118.172134
1669.496155	-117.722145
1670.169067	-118.881088
1670.841980	-118.931427
1671.514893	-117.790985
1672.187805	-118.612427
1672.860718	-119.055382
1673.533630	-119.199539
1674.206543	-118.535583
1674.879456	-118.670425
1675.552368	-118.508263
1676.225281	-118.822060
1676.898193	-118.195953
1677.571106	-118.209702
1678.244019	-118.901711
1678.916931	-118.669701
1679.589844	-118.102737
1680.262756	-118.550041
1680.935669	-118.914108
1681.608582	-118.852905
1682.281494	-118.251694
1682.954407	-118.669647
1683.627319	-119.124039
1684.300232	-119.073418
1684.973145	-118.800880
1685.646057	-119.016029
1686.318970	-118.822441
1686.991882	-118.863243
1687.664795	-119.353622
1688.337708	-119.709236
1689.010620	-119.719688
1689.683533	-118.951698
1690.356445	-119.060089
1691.029358	-118.744789
1691.702271	-118.852051
1692.375183	-120.251991
1693.048096	-119.544144
1693.721008	-119.083771
1694.393921	-119.035843
1695.066833	-118.915726
1695.739746	-118.637184
1696.412659	-118.113998
1697.085571	-118.621429
1697.758484	-119.832916
1698.431396	-119.546768
1699.104309	-119.301567
1699.777222	-119.438873
1700.450134	-118.515388
1701.123047	-118.072227
1701.795959	-119.008720
1702.468872	-119.053726
1703.141785	-118.493042
1703.814697	-119.617836
1704.487610	-119.972542
1705.160522	-119.586266
1705.833435	-119.265312
1706.506348	-118.631012
1707.179260	-119.108963
1707.852173	-119.844162
1708.525085	-119.638145
1709.197998	-119.346786
1709.870911	-118.817291
1710.543823	-119.169907
1711.216736	-118.444786
1711.889648	-118.802521
1712.562561	-119.836472
1713.235474	-119.403076
1713.908386	-119.218140
1714.581299	-119.484459
1715.254211	-119.656807
1715.927124	-119.631180
1716.600037	-119.129486
1717.272949	-119.485481
1717.945862	-119.406616
1718.618774	-119.306915
1719.291687	-119.610016
1719.964600	-118.657501
1720.637512	-118.998505
1721.310425	-119.739288
1721.983337	-119.704865
1722.656250	-119.986137
1723.329163	-119.762413
1724.002075	-119.909225
1724.674988	-119.006783
1725.347900	-119.287720
1726.020813	-119.189011
1726.693726	-118.799728
1727.366638	-118.908333
1728.039551	-118.634323
1728.712463	-119.089699
1729.385376	-119.426796
1730.058289	-119.441368
1730.731201	-119.077271
1731.404114	-118.961311
1732.077026	-118.813087
1732.749939	-118.391853
1733.422852	-118.153923
1734.095764	-119.026489
1734.768677	-119.779655
1735.441589	-119.695663
1736.114502	-119.467323
1736.787415	-119.370308
1737.460327	-119.524162
1738.133240	-119.403046
1738.806152	-118.949516
1739.479065	-119.066048
1740.151978	-118.929207
1740.824890	-118.620903
1741.497803	-118.224869
1742.170715	-118.370895
1742.843628	-118.430756
1743.516541	-119.642059
1744.189453	-119.271210
1744.862366	-118.848167
1745.535278	-118.990379
1746.208191	-119.651619
1746.881104	-119.604904
1747.554016	-119.754135
1748.226929	-118.927788
1748.899841	-119.650055
1749.572754	-120.038399
1750.245667	-119.974655
1750.918579	-119.316658
1751.591492	-118.296829
1752.264404	-118.635780
1752.937317	-119.698608
1753.610229	-119.656601
1754.283142	-118.803146
1754.956055	-118.381676
1755.628967	-119.036331
1756.301880	-119.609993
1756.974792	-119.654686
1757.647705	-119.248138
1758.320618	-119.852966
1758.993530	-120.841949
1759.666443	-119.531914
1760.339355	-120.134811
1761.012268	-119.620636
1761.685181	-118.727776
1762.358093	-118.650024
1763.031006	-119.817299
1763.703918	-119.642242
1764.376831	-119.021851
1765.049744	-119.262833
1765.722656	-118.759590
1766.395569	-118.624779
1767.068481	-118.581032
1767.741394	-118.607300
1768.414307	-119.047722
1769.087219	-118.726677
1769.760132	-118.524406
1770.433044	-119.015503
1771.105957	-119.198936
1771.778870	-119.296036
1772.451782	-119.639877
1773.124695	-119.204369
1773.797607	-118.697517
1774.470520	-119.390831
1775.143433	-120.225075
1775.816345	-119.190437
1776.489258	-118.846924
1777.162170	-119.778351
1777.835083	-119.295097
1778.507996	-119.045250
1779.180908	-119.869370
1779.853821	-119.740868
1780.526733	-119.679565
1781.199646	-119.580658
1781.872559	-120.237915
1782.545471	-120.196884
1783.218384	-119.806641
1783.891296	-119.236961
1784.564209	-118.501884
1785.237122	-119.123108
1785.910034	-118.789078
1786.582947	-118.801865
1787.255859	-119.073776
1787.928772	-118.806320
1788.601685	-118.544319
1789.274597	-119.301445
1789.947510	-119.944656
1790.620422	-119.006317
1791.293335	-119.187042
1791.966248	-119.570686
1792.639160	-119.619400
1793.312073	-118.908829
1793.984985	-118.887871
1794.657898	-120.161926
1795.330811	-119.866089
1796.003723	-119.348351
1796.676636	-119.412033
1797.349548	-119.079849
1798.022461	-120.291626
1798.695374	-120.216751
1799.368286	-119.348488
1800.041199	-119.421417
1800.714111	-120.190208
1801.387024	-119.107521
1802.059937	-118.032166
1802.732849	-117.883278
1803.405762	-119.190674
1804.078674	-120.128700
1804.751587	-120.080147
1805.424500	-120.249031
1806.097412	-119.297485
1806.770325	-119.180412
1807.443237	-119.780495
1808.116150	-119.558609
1808.789062	-119.202332
1809.461975	-119.176353
1810.134888	-119.413147
1810.807800	-119.298149
1811.480713	-119.206345
1812.153625	-119.003944
1812.826538	-119.653419
1813.499451	-119.339828
1814.172363	-119.073654
1814.845276	-119.002014
1815.518188	-119.650116
1816.191101	-119.023453
1816.864014	-119.015289
1817.536926	-119.140732
1818.209839	-119.472969
1818.882751	-119.557373
1819.555664	-118.999290
1820.228577	-119.748512
1820.901489	-118.993279
1821.574402	-118.686142
1822.247314	-118.636902
1822.920227	-120.035461
1823.593140	-120.428322
1824.266052	-119.232712
1824.938965	-119.052025
1825.611877	-119.068253
1826.284790	-118.850967
1826.957703	-118.630714
1827.630615	-118.776878
1828.303528	-119.172989
1828.976440	-119.046715
1829.649353	-118.378441
1830.322266	-119.730286
1830.995178	-119.651115
1831.668091	-119.750801
1832.341003	-119.473045
1833.013916	-119.944489
1833.686829	-119.271584
1834.359741	-119.094933
1835.032654	-119.238869
1835.705566	-119.059563
1836.378479	-119.188095
1837.051392	-119.360085
1837.724304	-119.599258
1838.397217	-119.078583
1839.070129	-119.230309
1839.743042	-119.455727
1840.415955	-119.773270
1841.088867	-119.233864
1841.761780	-118.847595
1842.434692	-118.617500
1843.107605	-118.643921
1843.780518	-119.003502
1844.453430	-119.465408
1845.126343	-118.950905
1845.799255	-118.564011
1846.472168	-119.618431
1847.145081	-119.609055
1847.817993	-119.747520
1848.490906	-120.525650
1849.163818	-120.273857
1849.836731	-120.045219
1850.509644	-119.449417
1851.182556	-119.690308
1851.855469	-120.087830
1852.528381	-119.182861
1853.201294	-119.260628
1853.874207	-118.778740
1854.547119	-118.877205
1855.220032	-118.989418
1855.892944	-118.447273
1856.565857	-118.642662
1857.238770	-119.582619
1857.911682	-119.762421
1858.584595	-118.989014
1859.257507	-119.136177
1859.930420	-119.551498
1860.603333	-119.709038
1861.276245	-119.729904
1861.949158	-119.307938
1862.622070	-119.809525
1863.294983	-120.418007
1863.967896	-120.354927
1864.640808	-120.334312
1865.313721	-120.419174
1865.986633	-119.255249
1866.659546	-119.749138
1867.332458	-119.862122
1868.005371	-120.328880
1868.678284	-119.801880
1869.351196	-119.037971
1870.024109	-119.065544
1870.697021	-118.657379
1871.369934	-118.863785
1872.042847	-119.096115
1872.715759	-119.880646
1873.388672	-119.920784
1874.061584	-119.878593
1874.734497	-119.442696
1875.407410	-118.492439
1876.080322	-118.844734
1876.753235	-119.937424
1877.426147	-120.406578
1878.099060	-120.250710
1878.771973	-119.582947
1879.444885	-118.550064
1880.117798	-118.929558
1880.790710	-119.295403
1881.463623	-119.588753
1882.136536	-119.790939
1882.809448	-119.969269
1883.482361	-119.935303
1884.155273	-119.571175
1884.828186	-119.520027
1885.501099	-120.379822
1886.174011	-120.331375
1886.846924	-119.742210
1887.519836	-120.214645
1888.192749	-120.017944
1888.865662	-120.540047
1889.538574	-120.156425
1890.211487	-119.661423
1890.884399	-118.906914
1891.557312	-119.547218
1892.230225	-119.726799
1892.903137	-119.637436
1893.576050	-118.693993
1894.248962	-119.400490
1894.921875	-119.897591
1895.594788	-119.228958
1896.267700	-119.207726
1896.940613	-119.409248
1897.613525	-119.682098
1898.286438	-119.194160
1898.959351	-119.391716
1899.632263	-119.525360
1900.305176	-118.343109
1900.978088	-118.388153
1901.651001	-118.618492
1902.323914	-119.445908
1902.996826	-119.709335
1903.669739	-119.991539
1904.342651	-119.806854
1905.015564	-119.548302
1905.688477	-119.467209
1906.361389	-119.204124
1907.034302	-119.175522
1907.707214	-119.606026
1908.380127	-119.573929
1909.053040	-119.255104
1909.725952	-119.585983
1910.398865	-119.311058
1911.071777	-119.520737
1911.744690	-119.856796
1912.417603	-119.687080
1913.090515	-119.758797
1913.763428	-119.516212
1914.436340	-120.079712
1915.109253	-120.647224
1915.782166	-119.369545
1916.455078	-119.233078
1917.127991	-119.139984
1917.800903	-119.481308
1918.473816	-119.105331
1919.146729	-119.450569
1919.819641	-119.810265
1920.492554	-118.988823
1921.165466	-118.708374
1921.838379	-119.414566
1922.511292	-119.124802
1923.184204	-119.346207
1923.857117	-120.535324
1924.530029	-120.240997
1925.202942	-120.613968
1925.875854	-119.744820
1926.548767	-119.981422
1927.221680	-119.919601
1927.894592	-119.756935
1928.567505	-119.429123
1929.240417	-119.520836
1929.913330	-119.967667
1930.586243	-121.239937
1931.259155	-120.725708
1931.932068	-120.186447
1932.604980	-119.978645
1933.277893	-119.690857
1933.950806	-119.554146
1934.623718	-119.452492
1935.296631	-119.581078
1935.969543	-119.669182
1936.642456	-118.814018
1937.315369	-118.698441
1937.988281	-119.998268
1938.661194	-119.556885
1939.334106	-119.413826
1940.007019	-119.676468
1940.679932	-119.659866
1941.352844	-119.563507
1942.025757	-119.544998
1942.698669	-118.728645
1943.371582	-118.714211
1944.044495	-118.199677
1944.717407	-118.240578
1945.390320	-119.419518
1946.063232	-121.149361
1946.736145	-119.889618
1947.409058	-119.354919
1948.081970	-119.691376
1948.754883	-120.004700
1949.427795	-120.518227
1950.100708	-120.076981
1950.773621	-120.013176
1951.446533	-119.715302
1952.119446	-119.807480
1952.792358	-119.748032
1953.465271	-119.318733
1954.138184	-120.099960
1954.811096	-120.894783
1955.484009	-120.167290
1956.156921	-119.187477
1956.829834	-119.524353
1957.502747	-119.857399
1958.175659	-119.545227
1958.848572	-119.419357
1959.521484	-119.453590
1960.194397	-119.494080
1960.867310	-119.643875
1961.540222	-119.944588
1962.213135	-120.119316
1962.886047	-119.932846
1963.558960	-120.227882
1964.231873	-119.997086
1964.904785	-119.164726
1965.577698	-119.625313
1966.250610	-119.530067
1966.923523	-119.701233
1967.596436	-119.479507
1968.269348	-119.145538
1968.942261	-119.458672
1969.615173	-119.275040
1970.288086	-120.121040
1970.960999	-120.369316
1971.633911	-120.248711
1972.306824	-119.290184
1972.979736	-118.764832
1973.652649	-119.374100
1974.325562	-119.569138
1974.998474	-119.474342
1975.671387	-119.331642
1976.344299	-119.964600
1977.017212	-120.488487
1977.690125	-121.069504
1978.363037	-120.113426
1979.035950	-120.052589
1979.708862	-120.232170
1980.381775	-119.364609
1981.054688	-120.209648
1981.727600	-120.822754
1982.400513	-120.239838
1983.073425	-119.711792
1983.746338	-119.693924
1984.419250	-119.662636
1985.092163	-119.943726
1985.765076	-119.213921
1986.437988	-118.252007
1987.110901	-118.739388
1987.783813	-119.679054
1988.456726	-119.895981
1989.129639	-120.213562
1989.802551	-119.599167
1990.475464	-118.589012
1991.148376	-119.009232
1991.821289	-119.584442
1992.494202	-118.970039
1993.167114	-118.969826
1993.840027	-119.410759
1994.512939	-120.002274
1995.185852	-119.207306
1995.858765	-118.686409
1996.531677	-118.732635
1997.204590	-118.877228
1997.877502	-119.137947
1998.550415	-120.873878
1999.223328	-120.272362
1999.896240	-119.336494
2000.569153	-119.253914
2001.242065	-118.973038
2001.914978	-118.506340
2002.587891	-119.048111
2003.260803	-119.739960
2003.933716	-120.229752
2004.606628	-118.850319
2005.279541	-119.498642
2005.952454	-120.437309
2006.625366	-119.760780
2007.298279	-119.684311
2007.971191	-118.669075
2008.644104	-119.651253
2009.317017	-120.088593
2009.989929	-119.897079
2010.662842	-119.323509
2011.335754	-118.738487
2012.008667	-119.054672
2012.681580	-119.485168
2013.354492	-120.058784
2014.027405	-119.755966
2014.700317	-119.663376
2015.373230	-119.725067
2016.046143	-119.307869
2016.719055	-118.985802
2017.391968	-119.985703
2018.064880	-119.895096
2018.737793	-120.299377
2019.410706	-120.569107
2020.083618	-120.082939
2020.756531	-119.953850
2021.429443	-120.050674
2022.102356	-119.858879
2022.775269	-119.986015
2023.448181	-119.239449
2024.121094	-118.990944
2024.794006	-119.484856
2025.466919	-120.359566
2026.139832	-119.731331
2026.812744	-120.586510
2027.485657	-120.263527
2028.158569	-119.847481
2028.831482	-119.551468
2029.504395	-118.565598
2030.177307	-118.958488
2030.850220	-119.587448
2031.523132	-119.437286
2032.196045	-119.366631
2032.868958	-120.377815
2033.541870	-120.159904
2034.214783	-119.562607
2034.887695	-118.997589
2035.560608	-118.857346
2036.233521	-119.846207
2036.906433	-119.440407
2037.579346	-119.557152
2038.252258	-120.738945
2038.925171	-119.413834
2039.598083	-119.332542
2040.270996	-119.495941
2040.943909	-119.108162
2041.616821	-120.196861
2042.289734	-119.487823
2042.962646	-119.641693
2043.635559	-120.305130
2044.308472	-119.881844
2044.981384	-120.343597
2045.654297	-120.119804
2046.327209	-120.152039
2047.000122	-119.487358
2047.673035	-120.081230
2048.345947	-119.515839
2049.018860	-119.475708
2049.691772	-119.639992
2050.364685	-119.097336
2051.037598	-119.770020
2051.710510	-119.538132
2052.383423	-119.127403
2053.056335	-119.395615
2053.729248	-119.556534
2054.402161	-119.729103
2055.075073	-119.544388
2055.747986	-119.150589
2056.420898	-118.711777
2057.093811	-118.921402
2057.766724	-119.981789
2058.439636	-120.172340
2059.112549	-119.971016
2059.785461	-119.437286
2060.458374	-119.942596
2061.131287	-119.392143
2061.804199	-118.826553
2062.477112	-120.138344
2063.150024	-120.528114
2063.822937	-120.123619
2064.495850	-119.794853
2065.168762	-119.773056
2065.841675	-120.158257
2066.514587	-119.273239
2067.187500	-119.039032
2067.860413	-119.924065
2068.533325	-120.281090
2069.206238	-119.193222
2069.879150	-120.220779
2070.552063	-120.746147
2071.224976	-119.794556
2071.897888	-120.442741
2072.570801	-120.095963
2073.243713	-119.935112
2073.916626	-119.843422
2074.589539	-119.904259
2075.262451	-120.180099
2075.935364	-120.261108
2076.608276	-120.260025
2077.281189	-119.635818
2077.954102	-119.303993
2078.627014	-120.415428
2079.299927	-120.281975
2079.972839	-120.191322
2080.645752	-119.820488
2081.318665	-119.933151
2081.991577	-119.105171
2082.664490	-118.648750
2083.337402	-118.746971
2084.010315	-119.189354
2084.683228	-119.542221
2085.356140	-118.766342
2086.029053	-118.420578
2086.701965	-119.313805
2087.374878	-119.865791
2088.047791	-119.274750
2088.720703	-119.428078
2089.393616	-119.862335
2090.066528	-120.013039
2090.739441	-118.930237
2091.412354	-119.213654
2092.085266	-120.043381
2092.758179	-118.594940
2093.431091	-118.107361
2094.104004	-118.951332
2094.776917	-118.558090
2095.449829	-118.940254
2096.122742	-118.881653
2096.795654	-119.603447
2097.468567	-118.839783
2098.141479	-120.371811
2098.814392	-119.729065
2099.487305	-119.020439
2100.160217	-119.291023
2100.833130	-119.649254
2101.506042	-120.300598
2102.178955	-120.022377
2102.851868	-119.419098
2103.524780	-119.301193
2104.197693	-119.499542
2104.870605	-119.681938
2105.543518	-119.221046
2106.216431	-119.117981
2106.889343	-119.245308
2107.562256	-119.348114
2108.235168	-119.281990
2108.908081	-119.807838
2109.580994	-119.636795
2110.253906	-119.905312
2110.926819	-119.964905
2111.599731	-119.788445
2112.272644	-119.097404
2112.945557	-118.597374
2113.618469	-119.667282
2114.291382	-120.132385
2114.964294	-120.192101
2115.637207	-120.083229
2116.310120	-119.267365
2116.983032	-119.441505
2117.655945	-119.574165
2118.328857	-120.396622
2119.001770	-119.749153
2119.674683	-119.946045
2120.347595	-119.892502
2121.020508	-119.916054
2121.693420	-119.676384
2122.366333	-119.811676
2123.039246	-120.491447
2123.712158	-120.626152
2124.385071	-119.489555
2125.057983	-119.909729
2125.730896	-120.190842
2126.403809	-119.504501
2127.076721	-119.962509
2127.749634	-119.400688
2128.422546	-119.301239
2129.095459	-120.184097
2129.768372	-120.091507
2130.441284	-119.326714
2131.114197	-120.216843
2131.787109	-121.042473
2132.460022	-119.968842
2133.132935	-120.173553
2133.805847	-120.065628
2134.478760	-119.329170
2135.151672	-119.210289
2135.824585	-119.375473
2136.497498	-119.497910
2137.170410	-119.192772
2137.843323	-119.850204
2138.516235	-120.732864
2139.189148	-120.610527
2139.862061	-119.714012
2140.534973	-119.690300
2141.207886	-119.560043
2141.880798	-119.806335
2142.553711	-120.700882
2143.226624	-119.272835
2143.899536	-119.442703
2144.572449	-119.901382
2145.245361	-118.919365
2145.918274	-119.476318
2146.591187	-120.841858
2147.264099	-121.068161
2147.937012	-120.091835
2148.609924	-119.517464
2149.282837	-120.039490
2149.955750	-120.117226
2150.628662	-119.230545
2151.301575	-120.140907
2151.974487	-119.356667
2152.647400	-119.384048
2153.320312	-119.922554
2153.993225	-119.955986
2154.666138	-120.039978
2155.339050	-120.529350
2156.011963	-120.458466
2156.684875	-120.389305
2157.357788	-120.888916
2158.030701	-120.077965
2158.703613	-119.754807
2159.376526	-119.771255
2160.049438	-119.392212
2160.722351	-119.316475
2161.395264	-119.792526
2162.068176	-120.416176
2162.741089	-120.035522
2163.414001	-119.818504
2164.086914	-120.100220
2164.759827	-120.225670
2165.432739	-120.185997
2166.105652	-120.599762
2166.778564	-121.118332
2167.451477	-120.629120
2168.124390	-120.353348
2168.797302	-120.901497
2169.470215	-119.802193
2170.143127	-119.523941
2170.816040	-119.615578
2171.488953	-119.834839
2172.161865	-120.139641
2172.834778	-119.515984
2173.507690	-119.339203
2174.180603	-119.536819
2174.853516	-119.801567
2175.526428	-119.331818
2176.199341	-120.011238
2176.872253	-119.868912
2177.545166	-119.529610
2178.218079	-119.686783
2178.890991	-119.176193
2179.563904	-120.014236
2180.236816	-120.361267
2180.909729	-120.026970
2181.582642	-119.853531
2182.255554	-119.428818
2182.928467	-119.909386
2183.601379	-120.276939
2184.274292	-120.218391
2184.947205	-120.206787
2185.620117	-119.613403
2186.293030	-119.957298
2186.965942	-120.097267
2187.638855	-120.255119
2188.311768	-119.504089
2188.984680	-120.171387
2189.657593	-120.001205
2190.330505	-119.356567
2191.003418	-119.083221
2191.676331	-119.359344
2192.349243	-119.920105
2193.022156	-119.614754
2193.695068	-119.423645
2194.367981	-119.925789
2195.040894	-119.679993
2195.713806	-118.564873
2196.386719	-119.735100
2197.059631	-120.481750
2197.732544	-120.472641
2198.405457	-120.257164
2199.078369	-118.813477
2199.751282	-118.877014
2200.424194	-118.845207
2201.097107	-119.028801
2201.770020	-119.178284
2202.442932	-118.721535
2203.115845	-118.668594
2203.788757	-119.318855
2204.461670	-119.508896
2205.134583	-119.858322
2205.807495	-119.597557
2206.480408	-120.087631
2207.153320	-121.618095
2207.826233	-120.605316
2208.499146	-119.979248
2209.172058	-120.006538
2209.844971	-119.556496
2210.517883	-120.137161
2211.190796	-120.270737
2211.863708	-120.540482
2212.536621	-120.228241
2213.209534	-120.262680
2213.882446	-119.947220
2214.555359	-119.469368
2215.228271	-119.958176
2215.901184	-119.944130
2216.574097	-120.183357
2217.247009	-120.038757
2217.919922	-119.586311
2218.592834	-119.635956
2219.265747	-119.376724
2219.938660	-119.866875
2220.611572	-119.947563
2221.284485	-119.800247
2221.957397	-120.003555
2222.630310	-119.854561
2223.303223	-119.879768
2223.976135	-119.684929
2224.649048	-119.721924
2225.321960	-119.236053
2225.994873	-119.495850
2226.667786	-119.234100
2227.340698	-119.761887
2228.013611	-119.696960
2228.686523	-119.587021
2229.359436	-119.596573
2230.032349	-120.113304
2230.705261	-119.108978
2231.378174	-119.691025
2232.051086	-119.783661
2232.723999	-120.035751
2233.396912	-119.925713
2234.069824	-119.574539
2234.742737	-119.840340
2235.415649	-119.360977
2236.088562	-119.582573
2236.761475	-119.836716
2237.434387	-119.678925
2238.107300	-120.583969
2238.780212	-120.771523
2239.453125	-120.654610
2240.126038	-119.819794
2240.798950	-119.965530
2241.471863	-120.699181
2242.144775	-120.531044
2242.817688	-120.175758
2243.490601	-120.407600
2244.163513	-119.600487
2244.836426	-119.252625
2245.509338	-120.222076
2246.182251	-119.318649
2246.855164	-120.319160
2247.528076	-119.907707
2248.200989	-119.548882
2248.873901	-120.060417
2249.546814	-119.756966
2250.219727	-119.154625
2250.892639	-119.929413
2251.565552	-120.675140
2252.238464	-120.382690
2252.911377	-120.066795
2253.584290	-119.980881
2254.257202	-120.231575
2254.930115	-120.027580
2255.603027	-118.517265
2256.275940	-119.126503
2256.948853	-120.658562
2257.621765	-120.096718
2258.294678	-119.443428
2258.967590	-119.392998
2259.640503	-119.156876
2260.313416	-120.024612
2260.986328	-120.138786
2261.659241	-119.783234
2262.332153	-120.326683
2263.005066	-120.479179
2263.677979	-120.316460
2264.350891	-120.167030
2265.023804	-120.005775
2265.696716	-120.244377
2266.369629	-119.613297
2267.042542	-120.609276
2267.715454	-120.539925
2268.388367	-119.452827
2269.061279	-119.500587
2269.734192	-119.371330
2270.407104	-119.396446
2271.080017	-119.731079
2271.752930	-120.583519
2272.425842	-120.010071
2273.098755	-119.970543
2273.771667	-119.629105
2274.444580	-119.966690
2275.117493	-119.665413
2275.790405	-120.019066
2276.463318	-120.082779
2277.136230	-119.619614
2277.809143	-119.605896
2278.482056	-120.546463
2279.154968	-121.020287
2279.827881	-119.692947
2280.500793	-119.697594
2281.173706	-119.932915
2281.846619	-120.133179
2282.519531	-120.070427
2283.192444	-120.983582
2283.865356	-121.770264
2284.538269	-120.010063
2285.211182	-119.660599
2285.884094	-119.753052
2286.557007	-119.774345
2287.229919	-120.403671
2287.902832	-120.986427
2288.575745	-120.691139
2289.248657	-120.228607
2289.921570	-120.299606
2290.594482	-119.903534
2291.267395	-119.732681
2291.940308	-119.080338
2292.613220	-119.726791
2293.286133	-119.883018
2293.959045	-119.825066
2294.631958	-119.764191
2295.304871	-119.548264
2295.977783	-119.082283
2296.650696	-119.855881
2297.323608	-120.829643
2297.996521	-119.511909
2298.669434	-119.282600
2299.342346	-119.144203
2300.015259	-120.126480
2300.688171	-120.327904
2301.361084	-120.365402
2302.033997	-120.496086
2302.706909	-120.226440
2303.379822	-120.102768
2304.052734	-119.501923
2304.725647	-119.596550
2305.398560	-120.343056
2306.071472	-120.664528
2306.744385	-120.531204
2307.417297	-119.973358
2308.090210	-120.324753
2308.763123	-119.431557
2309.436035	-119.926979
2310.108948	-120.004570
2310.781860	-120.319336
2311.454773	-119.281830
2312.127686	-120.156677
2312.800598	-120.133446
2313.473511	-119.716194
2314.146423	-120.318214
2314.819336	-120.000824
2315.492249	-120.122459
2316.165161	-120.067253
2316.838074	-119.737137
2317.510986	-120.248894
2318.183899	-120.234909
2318.856812	-120.273590
2319.529724	-119.999565
2320.202637	-120.278404
2320.875549	-120.026131
2321.548462	-120.258904
2322.221375	-119.784889
2322.894287	-119.783493
2323.567200	-120.404533
2324.240112	-120.572624
2324.913025	-119.642052
2325.585938	-119.534149
2326.258850	-119.143066
2326.931763	-119.437920
2327.604675	-119.868584
2328.277588	-120.601540
2328.950500	-121.305313
2329.623413	-120.373322
2330.296326	-119.703522
2330.969238	-119.390671
2331.642151	-119.615196
2332.315063	-119.800209
2332.987976	-119.520615
2333.660889	-119.175949
2334.333801	-119.223915
2335.006714	-120.173538
2335.679626	-119.505585
2336.352539	-119.209709
2337.025452	-120.205605
2337.698364	-119.764900
2338.371277	-119.690590
2339.044189	-120.505783
2339.717102	-120.057350
2340.390015	-120.001083
2341.062927	-119.735168
2341.735840	-119.544411
2342.408752	-119.783836
2343.081665	-120.039757
2343.754578	-120.354881
2344.427490	-120.573395
2345.100403	-120.087700
2345.773315	-120.662788
2346.446228	-120.499397
2347.119141	-119.559677
2347.792053	-119.753418
2348.464966	-119.613693
2349.137878	-119.469292
2349.810791	-120.238029
2350.483704	-119.597862
2351.156616	-119.795738
2351.829529	-119.502060
2352.502441	-120.062897
2353.175354	-120.066483
2353.848267	-119.423462
2354.521179	-119.431580
2355.194092	-119.623970
2355.867004	-120.538574
2356.539917	-120.730270
2357.212830	-120.447968
2357.885742	-119.775436
2358.558655	-119.588425
2359.231567	-119.573303
2359.904480	-119.831963
2360.577393	-119.839775
2361.250305	-120.846291
2361.923218	-121.029221
2362.596130	-119.873100
2363.269043	-119.209564
2363.941956	-119.378418
2364.614868	-119.890656
2365.287781	-120.026062
2365.960693	-120.118347
2366.633606	-120.954544
2367.306519	-120.315170
2367.979431	-119.993927
2368.652344	-120.291321
2369.325256	-120.477943
2369.998169	-119.746986
2370.671082	-119.747292
2371.343994	-120.310844
2372.016907	-120.931007
2372.689819	-120.886154
2373.362732	-120.800339
2374.035645	-119.982239
2374.708557	-119.315491
2375.381470	-119.426987
2376.054382	-120.242409
2376.727295	-119.367050
2377.400208	-119.675453
2378.073120	-119.853943
2378.746033	-120.091339
2379.418945	-119.864487
2380.091858	-121.247261
2380.764771	-121.347084
2381.437683	-120.659431
2382.110596	-121.166832
2382.783508	-120.091805
2383.456421	-119.825737
2384.129333	-119.932014
2384.802246	-119.763237
2385.475159	-120.763100
2386.148071	-120.763885
2386.820984	-120.483574
2387.493896	-119.724442
2388.166809	-119.861191
2388.839722	-120.682739
2389.512634	-120.241264
2390.185547	-119.941559
2390.858459	-120.394958
2391.531372	-119.670006
2392.204285	-120.244568
2392.877197	-120.879005
2393.550110	-120.249771
2394.223022	-120.332397
2394.895935	-120.451958
2395.568848	-120.101631
2396.241760	-119.723854
2396.914673	-120.804527
2397.587585	-120.520309
2398.260498	-119.518921
2398.933411	-119.541435
2399.606323	-120.184494
2400.279236	-120.995003
2400.952148	-121.348518
2401.625061	-121.110893
2402.297974	-120.958565
2402.970886	-121.028831
2403.643799	-120.437584
2404.316711	-120.108421
2404.989624	-120.139343
2405.662537	-120.811653
2406.335449	-120.013618
2407.008362	-119.999969
2407.681274	-121.048271
2408.354187	-120.509621
2409.027100	-119.832687
2409.700012	-119.777740
2410.372925	-119.909332
2411.045837	-120.341621
2411.718750	-120.031570
2412.391663	-119.766273
2413.064575	-120.685226
2413.737488	-120.622116
2414.410400	-120.880333
2415.083313	-120.726677
2415.756226	-120.495972
2416.429138	-120.345032
2417.102051	-120.185226
2417.774963	-119.505898
2418.447876	-119.896484
2419.120789	-120.282486
2419.793701	-120.100807
2420.466614	-119.931023
2421.139526	-120.321709
2421.812439	-120.156517
2422.485352	-119.797523
2423.158264	-120.296143
2423.831177	-120.197983
2424.504089	-120.464661
2425.177002	-120.926834
2425.849915	-120.297890
2426.522827	-119.697136
2427.195740	-120.395081
2427.868652	-120.596642
2428.541565	-120.008163
2429.214478	-119.940575
2429.887390	-120.356232
2430.560303	-120.140869
2431.233215	-120.313507
2431.906128	-121.070724
2432.579041	-120.471077
2433.251953	-119.812309
2433.924866	-119.846046
2434.597778	-119.642456
2435.270691	-119.137383
2435.943604	-119.783081
2436.616516	-119.960739
2437.289429	-120.455826
2437.962341	-121.324127
2438.635254	-122.061111
2439.308167	-120.141785
2439.981079	-119.233459
2440.653992	-119.555756
2441.326904	-120.658653
2441.999817	-121.407639
2442.672729	-120.506912
2443.345642	-120.235672
2444.018555	-119.802277
2444.691467	-119.638824
2445.364380	-119.630974
2446.037292	-120.499588
2446.710205	-119.841881
2447.383118	-119.266487
2448.056030	-119.211205
2448.728943	-120.121292
2449.401855	-120.707771
2450.074768	-120.828346
2450.747681	-120.029968
2451.420593	-120.026901
2452.093506	-119.773697
2452.766418	-119.682549
2453.439331	-119.672920
2454.112244	-120.041512
2454.785156	-119.848373
2455.458069	-120.626160
2456.130981	-120.591995
2456.803894	-120.012260
2457.476807	-120.338448
2458.149719	-120.473747
2458.822632	-120.410179
2459.495544	-120.306465
2460.168457	-120.249603
2460.841370	-120.121201
2461.514282	-119.462723
2462.187195	-120.042336
2462.860107	-120.312920
2463.533020	-120.527809
2464.205933	-120.736198
2464.878845	-121.251373
2465.551758	-121.679359
2466.224670	-120.514870
2466.897583	-120.861885
2467.570496	-120.512077
2468.243408	-120.814240
2468.916321	-120.694321
2469.589233	-120.068047
2470.262146	-120.731827
2470.935059	-120.270142
2471.607971	-120.065857
2472.280884	-120.636856
2472.953796	-120.119354
2473.626709	-120.297462
2474.299622	-119.914238
2474.972534	-119.745705
2475.645447	-120.344536
2476.318359	-120.070297
2476.991272	-119.665207
2477.664185	-120.802521
2478.337097	-120.132301
2479.010010	-119.268044
2479.682922	-119.550262
2480.355835	-119.592636
2481.028748	-119.960274
2481.701660	-119.861366
2482.374573	-120.175323
2483.047485	-120.419464
2483.720398	-120.418716
2484.393311	-119.724983
2485.066223	-119.422981
2485.739136	-119.484695
2486.412048	-120.452980
2487.084961	-120.770332
2487.757874	-119.658005
2488.430786	-119.373238
2489.103699	-120.040146
2489.776611	-119.750664
2490.449524	-120.112991
2491.122437	-121.050720
2491.795349	-120.741638
2492.468262	-120.159340
2493.141174	-120.033859
2493.814087	-119.751953
2494.487000	-120.448357
2495.159912	-120.880432
2495.832825	-121.354607
2496.505737	-120.518059
2497.178650	-119.637665
2497.851562	-119.929794
2498.524475	-119.558342
2499.197388	-120.166695
2499.870300	-119.286278
2500.543213	-119.877258
2501.216125	-120.596512
2501.889038	-120.872299
2502.561951	-120.468803
2503.234863	-120.058487
2503.907776	-120.642929
2504.580688	-120.196190
2505.253601	-120.230759
2505.926514	-120.188637
2506.599426	-118.918922
2507.272339	-119.039818
2507.945251	-120.505737
2508.618164	-120.282829
2509.291077	-120.150482
2509.963989	-120.349869
2510.636902	-119.957558
2511.309814	-120.429886
2511.982727	-119.843842
2512.655640	-119.633369
2513.328552	-119.197319
2514.001465	-119.464912
2514.674377	-120.876930
2515.347290	-121.050072
2516.020203	-120.505524
2516.693115	-120.382828
2517.366028	-120.321846
2518.038940	-120.002602
2518.711853	-120.046028
2519.384766	-119.425644
2520.057678	-119.107002
2520.730591	-120.074814
2521.403503	-120.458641
2522.076416	-121.424835
2522.749329	-121.211403
2523.422241	-119.818024
2524.095154	-119.751823
2524.768066	-120.759323
2525.440979	-120.043686
2526.113892	-120.453728
2526.786804	-120.326035
2527.459717	-120.725098
2528.132629	-120.735489
2528.805542	-121.082367
2529.478455	-120.744225
2530.151367	-119.813156
2530.824280	-119.907608
2531.497192	-119.528038
2532.170105	-119.845528
2532.843018	-119.890121
2533.515930	-120.420509
2534.188843	-121.174171
2534.861755	-122.046577
2535.534668	-120.118073
2536.207581	-120.210899
2536.880493	-121.366539
2537.553406	-120.694931
2538.226318	-119.218033
2538.899231	-119.310844
2539.572144	-120.214432
2540.245056	-120.683731
2540.917969	-121.020195
2541.590881	-120.418831
2542.263794	-120.750366
2542.936707	-120.433487
2543.609619	-119.467049
2544.282532	-120.174843
2544.955444	-121.301125
2545.628357	-121.048546
2546.301270	-120.341461
2546.974182	-120.441994
2547.647095	-120.889511
2548.320007	-120.631012
2548.992920	-120.254059
2549.665833	-120.592537
2550.338745	-120.108612
2551.011658	-120.422379
2551.684570	-119.881157
2552.357483	-120.291031
2553.030396	-119.765213
2553.703308	-120.060104
2554.376221	-120.823433
2555.049133	-120.885284
2555.722046	-120.591721
2556.394958	-120.610153
2557.067871	-119.776123
2557.740784	-119.434944
2558.413696	-119.346100
2559.086609	-120.409302
2559.759521	-119.696022
2560.432434	-120.026054
2561.105347	-121.010681
2561.778259	-121.093117
2562.451172	-120.927040
2563.124084	-120.548485
2563.796997	-120.444580
2564.469910	-119.835693
2565.142822	-119.284515
2565.815735	-120.726120
2566.488647	-120.809181
2567.161560	-120.683952
2567.834473	-120.636093
2568.507385	-119.851761
2569.180298	-120.411301
2569.853210	-120.698921
2570.526123	-120.048630
2571.199036	-120.027855
2571.871948	-120.003204
2572.544861	-120.024712
2573.217773	-120.224792
2573.890686	-120.467117
2574.563599	-120.821152
2575.236511	-121.101944
2575.909424	-121.160995
2576.582336	-121.062210
2577.255249	-121.354950
2577.928162	-120.828117
2578.601074	-120.599091
2579.273987	-120.720901
2579.946899	-120.664391
2580.619812	-121.192070
2581.292725	-121.164207
2581.965637	-120.196190
2582.638550	-119.792725
2583.311462	-120.375908
2583.984375	-120.944939
2584.657288	-120.407051
2585.330200	-120.306389
2586.003113	-119.597290
2586.676025	-120.103233
2587.348938	-120.748970
2588.021851	-120.943459
2588.694763	-121.391121
2589.367676	-121.006081
2590.040588	-120.495926
2590.713501	-120.953690
2591.386414	-120.983589
2592.059326	-120.641090
2592.732239	-120.463966
2593.405151	-120.593590
2594.078064	-120.909912
2594.750977	-120.768951
2595.423889	-120.894875
2596.096802	-120.727318
2596.769714	-120.486938
2597.442627	-120.362000
2598.115540	-119.360741
2598.788452	-119.834785
2599.461365	-120.318893
2600.134277	-119.693832
2600.807190	-119.455482
2601.480103	-119.991280
2602.153015	-119.440155
2602.825928	-119.655075
2603.498840	-120.264282
2604.171753	-120.765312
2604.844666	-120.291214
2605.517578	-120.147293
2606.190491	-119.653557
2606.863403	-119.481499
2607.536316	-119.384888
2608.209229	-119.502106
2608.882141	-120.800026
2609.555054	-120.803429
2610.227966	-120.781975
2610.900879	-120.740723
2611.573792	-120.828743
2612.246704	-119.822021
2612.919617	-120.248726
2613.592529	-120.849533
2614.265442	-120.117569
2614.938354	-120.524101
2615.611267	-120.696732
2616.284180	-120.781036
2616.957092	-119.885025
2617.630005	-119.942924
2618.302917	-120.570648
2618.975830	-120.334961
2619.648743	-120.728470
2620.321655	-120.897064
2620.994568	-121.086014
2621.667480	-120.193520
2622.340393	-120.099579
2623.013306	-120.245316
2623.686218	-120.445000
2624.359131	-120.730637
2625.032043	-120.874046
2625.704956	-120.719948
2626.377869	-120.817734
2627.050781	-120.684120
2627.723694	-120.648750
2628.396606	-120.377670
2629.069519	-120.514755
2629.742432	-120.622658
2630.415344	-119.953384
2631.088257	-119.502083
2631.761169	-119.792839
2632.434082	-119.483002
2633.106995	-120.141640
2633.779907	-119.702156
2634.452820	-119.360954
2635.125732	-120.660591
2635.798645	-119.786125
2636.471558	-119.257759
2637.144470	-119.666916
2637.817383	-119.677940
2638.490295	-120.059303
2639.163208	-120.678406
2639.836121	-120.259026
2640.509033	-120.228989
2641.181946	-120.322182
2641.854858	-121.033859
2642.527771	-121.680382
2643.200684	-120.297646
2643.873596	-119.889687
2644.546509	-120.221123
2645.219421	-121.011589
2645.892334	-120.802864
2646.565247	-120.033615
2647.238159	-119.670738
2647.911072	-120.496849
2648.583984	-121.243866
2649.256897	-120.716415
2649.929810	-120.055573
2650.602722	-120.244690
2651.275635	-119.819405
2651.948547	-120.111084
2652.621460	-118.978241
2653.294373	-119.888443
2653.967285	-119.986763
2654.640198	-119.809128
2655.313110	-119.699364
2655.986023	-120.296349
2656.658936	-120.082329
2657.331848	-119.395012
2658.004761	-119.913963
2658.677673	-120.041542
2659.350586	-120.358665
2660.023499	-119.833923
2660.696411	-119.342667
2661.369324	-120.060150
2662.042236	-119.999794
2662.715149	-120.206032
2663.388062	-120.056442
2664.060974	-120.217636
2664.733887	-120.888443
2665.406799	-120.632263
2666.079712	-120.909081
2666.752625	-120.634453
2667.425537	-119.239685
2668.098450	-119.123604
2668.771362	-120.044426
2669.444275	-120.100227
2670.117188	-121.064171
2670.790100	-120.417969
2671.463013	-120.272705
2672.135925	-120.793617
2672.808838	-121.756897
2673.481750	-121.140305
2674.154663	-120.367676
2674.827576	-119.664574
2675.500488	-120.457848
2676.173401	-121.037086
2676.846313	-121.394218
2677.519226	-120.840477
2678.192139	-119.931526
2678.865051	-120.665627
2679.537964	-120.495659
2680.210876	-119.776596
2680.883789	-119.898041
2681.556702	-120.450890
2682.229614	-120.632416
2682.902527	-120.643997
2683.575439	-119.881104
2684.248352	-120.191620
2684.921265	-120.121803
2685.594177	-120.664490
2686.267090	-120.153687
2686.940002	-119.557983
2687.612915	-119.610367
2688.285828	-121.282547
2688.958740	-120.249657
2689.631653	-120.772247
2690.304565	-120.326057
2690.977478	-120.374527
2691.650391	-120.645233
2692.323303	-119.670547
2692.996216	-119.763527
2693.669128	-120.062302
2694.342041	-120.230171
2695.014954	-120.396729
2695.687866	-120.138176
2696.360779	-119.521355
2697.033691	-120.020668
2697.706604	-120.946533
2698.379517	-121.200142
2699.052429	-120.463440
2699.725342	-120.568962
2700.398254	-120.424065
2701.071167	-119.984009
2701.744080	-120.448372
2702.416992	-120.452255
2703.089905	-119.844704
2703.762817	-119.837448
2704.435730	-120.757065
2705.108643	-120.189003
2705.781555	-119.880066
2706.454468	-120.525085
2707.127380	-120.447052
2707.800293	-120.278732
2708.473206	-119.876724
2709.146118	-119.585754
2709.819031	-121.433594
2710.491943	-121.257881
2711.164856	-120.296921
2711.837769	-120.038315
2712.510681	-119.780022
2713.183594	-119.912193
2713.856506	-120.085808
2714.529419	-120.857979
2715.202332	-120.635986
2715.875244	-120.579323
2716.548157	-120.801582
2717.221069	-120.800072
2717.893982	-120.671448
2718.566895	-119.940674
2719.239807	-119.494919
2719.912720	-118.804115
2720.585632	-119.805405
2721.258545	-119.565132
2721.931458	-120.116478
2722.604370	-119.725548
2723.277283	-119.692474
2723.950195	-120.387589
2724.623108	-119.539124
2725.296021	-119.674675
2725.968933	-120.078232
2726.641846	-120.244316
2727.314758	-120.190628
2727.987671	-119.876663
2728.660583	-119.485413
2729.333496	-120.254120
2730.006409	-121.364143
2730.679321	-121.303360
2731.352234	-120.427208
2732.025146	-120.020355
2732.698059	-118.670990
2733.370972	-117.897949
2734.043884	-118.637886
2734.716797	-119.157204
2735.389709	-119.673935
2736.062622	-121.022400
2736.735535	-120.671280
2737.408447	-120.199181
2738.081360	-119.718246
2738.754272	-120.296379
2739.427185	-121.250069
2740.100098	-119.938408
2740.773010	-119.445351
2741.445923	-120.004509
2742.118835	-120.181526
2742.791748	-120.368408
2743.464661	-120.290947
2744.137573	-120.559807
2744.810486	-120.826172
2745.483398	-120.202324
2746.156311	-120.544075
2746.829224	-119.962059
2747.502136	-120.930145
2748.175049	-120.831970
2748.847961	-120.408737
2749.520874	-119.699173
2750.193787	-119.517433
2750.866699	-120.527275
2751.539612	-120.355751
2752.212524	-120.546364
2752.885437	-120.553833
2753.558350	-120.508621
2754.231262	-119.629562
2754.904175	-119.514618
2755.577087	-119.707710
2756.250000	-119.762138
2756.922913	-120.255196
2757.595825	-119.683922
2758.268738	-119.552963
2758.941650	-120.088310
2759.614563	-120.069771
2760.287476	-119.591309
2760.960388	-119.284882
2761.633301	-119.701759
2762.306213	-119.474869
2762.979126	-119.116249
2763.652039	-120.039276
2764.324951	-120.652306
2764.997864	-120.155304
2765.670776	-119.926323
2766.343689	-119.345978
2767.016602	-118.899933
2767.689514	-119.802711
2768.362427	-120.015053
2769.035339	-120.035835
2769.708252	-119.421349
2770.381165	-119.950592
2771.054077	-120.252014
2771.726990	-120.192863
2772.399902	-120.115486
2773.072815	-120.086327
2773.745728	-119.573372
2774.418640	-119.031189
2775.091553	-119.731926
2775.764465	-120.179413
2776.437378	-119.304993
2777.110291	-120.111885
2777.783203	-120.901031
2778.456116	-120.185623
2779.129028	-120.548271
2779.801941	-120.824532
2780.474854	-119.690758
2781.147766	-120.568695
2781.820679	-120.711861
2782.493591	-120.631409
2783.166504	-120.582680
2783.839417	-121.138771
2784.512329	-120.954865
2785.185242	-120.948891
2785.858154	-120.939491
2786.531067	-120.410469
2787.203979	-120.228745
2787.876892	-120.285156
2788.549805	-120.735001
2789.222717	-120.499458
2789.895630	-120.613823
2790.568542	-120.077400
2791.241455	-120.214874
2791.914368	-120.057182
2792.587280	-120.531059
2793.260193	-120.334831
2793.933105	-120.285843
2794.606018	-120.405060
2795.278931	-120.101471
2795.951843	-119.972733
2796.624756	-120.581497
2797.297668	-121.075409
2797.970581	-120.258545
2798.643494	-120.126953
2799.316406	-120.231873
2799.989319	-119.815865
2800.662231	-119.970055
2801.335144	-120.107117
2802.008057	-119.604019
2802.680969	-119.852303
2803.353882	-120.311211
2804.026794	-120.657845
2804.699707	-120.003632
2805.372620	-119.752052
2806.045532	-120.291138
2806.718445	-120.436615
2807.391357	-119.862144
2808.064270	-119.734619
2808.737183	-120.202698
2809.410095	-119.789703
2810.083008	-120.036743
2810.755920	-119.360580
2811.428833	-118.932678
2812.101746	-119.353760
2812.774658	-120.199013
2813.447571	-120.788460
2814.120483	-120.775627
2814.793396	-120.715721
2815.466309	-120.142708
2816.139221	-120.091545
2816.812134	-120.071098
2817.485046	-119.551315
2818.157959	-119.902161
2818.830872	-118.837479
2819.503784	-119.010765
2820.176697	-120.364182
2820.849609	-120.769615
2821.522522	-120.795425
2822.195435	-120.250435
2822.868347	-120.315903
2823.541260	-120.862610
2824.214172	-120.379089
2824.887085	-119.815765
2825.559998	-120.097458
2826.232910	-120.877541
2826.905823	-121.043427
2827.578735	-120.650375
2828.251648	-120.227928
2828.924561	-120.433945
2829.597473	-120.334633
2830.270386	-120.153587
2830.943298	-120.599854
2831.616211	-121.093910
2832.289124	-120.832260
2832.962036	-120.757004
2833.634949	-120.382195
2834.307861	-119.622704
2834.980774	-120.451271
2835.653687	-120.513397
2836.326599	-120.382484
2836.999512	-120.698318
2837.672424	-120.807106
2838.345337	-120.358177
2839.018250	-120.392685
2839.691162	-120.619736
2840.364075	-121.940010
2841.036987	-122.080627
2841.709900	-120.953499
2842.382812	-120.357864
2843.055725	-119.967300
2843.728638	-120.622726
2844.401550	-120.868111
2845.074463	-119.820816
2845.747375	-120.392639
2846.420288	-121.781982
2847.093201	-120.742096
2847.766113	-120.516777
2848.439026	-120.688072
2849.111938	-120.636360
2849.784851	-120.727425
2850.457764	-121.559204
2851.130676	-120.158203
2851.803589	-119.927948
2852.476501	-120.476898
2853.149414	-120.371422
2853.822327	-119.980255
2854.495239	-119.720863
2855.168152	-120.922859
2855.841064	-122.129227
2856.513977	-121.059921
2857.186890	-120.526398
2857.859802	-120.917572
2858.532715	-120.841072
2859.205627	-120.797226
2859.878540	-120.632309
2860.551453	-120.476440
2861.224365	-119.355843
2861.897278	-119.938873
2862.570190	-120.292175
2863.243103	-120.240799
2863.916016	-121.009979
2864.588928	-121.194160
2865.261841	-121.320656
2865.934753	-120.954079
2866.607666	-120.464516
2867.280579	-119.974968
2867.953491	-120.328209
2868.626404	-120.700592
2869.299316	-120.584198
2869.972229	-120.644722
2870.645142	-120.877251
2871.318054	-120.917046
2871.990967	-120.460060
2872.663879	-120.025513
2873.336792	-119.838737
2874.009705	-119.881157
2874.682617	-121.271820
2875.355530	-121.399994
2876.028442	-120.823250
2876.701355	-120.085701
2877.374268	-120.733849
2878.047180	-120.672829
2878.720093	-121.170189
2879.393005	-121.203674
2880.065918	-120.690689
2880.738831	-119.855606
2881.411743	-120.242317
2882.084656	-119.828873
2882.757568	-119.059067
2883.430481	-120.507423
2884.103394	-121.093384
2884.776306	-120.208565
2885.449219	-119.412674
2886.122131	-120.011398
2886.795044	-120.428146
2887.467957	-119.722862
2888.140869	-120.225372
2888.813782	-119.895897
2889.486694	-119.002502
2890.159607	-119.054085
2890.832520	-119.842186
2891.505432	-120.866516
2892.178345	-120.903160
2892.851257	-120.658859
2893.524170	-120.498703
2894.197083	-120.344917
2894.869995	-120.585083
2895.542908	-120.220581
2896.215820	-120.490211
2896.888733	-119.945923
2897.561646	-120.627014
2898.234558	-119.979988
2898.907471	-119.751862
2899.580383	-119.922455
2900.253296	-120.317329
2900.926208	-120.075233
2901.599121	-120.593117
2902.272034	-121.273659
2902.944946	-121.378616
2903.617859	-120.532936
2904.290771	-120.232903
2904.963684	-119.877823
2905.636597	-120.503906
2906.309509	-121.022942
2906.982422	-121.156631
2907.655334	-120.715561
2908.328247	-120.973122
2909.001160	-120.632561
2909.674072	-120.823975
2910.346985	-120.579857
2911.019897	-119.733879
2911.692810	-120.010048
2912.365723	-119.833664
2913.038635	-119.583908
2913.711548	-120.498405
2914.384460	-120.003189
2915.057373	-119.847321
2915.730286	-120.101089
2916.403198	-119.656067
2917.076111	-120.311058
2917.749023	-120.181664
2918.421936	-119.619476
2919.094849	-119.246376
2919.767761	-119.934441
2920.440674	-120.788834
2921.113586	-120.241264
2921.786499	-120.090691
2922.459412	-121.184906
2923.132324	-120.722458
2923.805237	-119.924431
2924.478149	-120.075554
2925.151062	-119.805313
2925.823975	-120.069130
2926.496887	-120.269524
2927.169800	-119.854172
2927.842712	-119.711578
2928.515625	-120.048119
2929.188538	-119.715569
2929.861450	-120.172836
2930.534363	-121.136681
2931.207275	-120.210793
2931.880188	-119.682350
2932.553101	-119.263359
2933.226013	-119.878960
2933.898926	-120.876755
2934.571838	-121.381104
2935.244751	-121.318840
2935.917664	-120.919281
2936.590576	-120.467163
2937.263489	-121.175766
2937.936401	-121.126724
2938.609314	-120.539314
2939.282227	-120.876236
2939.955139	-120.615555
2940.628052	-120.619873
2941.300964	-120.719383
2941.973877	-120.148270
2942.646790	-119.881180
2943.319702	-120.119453
2943.992615	-120.315201
2944.665527	-120.080505
2945.338440	-120.261520
2946.011353	-120.903374
2946.684265	-120.692078
2947.357178	-120.677597
2948.030090	-121.437111
2948.703003	-121.519142
2949.375916	-120.568268
2950.048828	-120.780113
2950.721741	-120.062775
2951.394653	-120.400192
2952.067566	-120.003418
2952.740479	-120.420189
2953.413391	-120.674065
2954.086304	-120.967567
2954.759216	-121.131386
2955.432129	-121.318268
2956.105042	-120.618858
2956.777954	-120.662781
2957.450867	-120.004845
2958.123779	-120.236389
2958.796692	-120.783012
2959.469604	-119.904373
2960.142517	-120.315613
2960.815430	-121.303101
2961.488342	-120.819130
2962.161255	-121.136375
2962.834167	-120.275429
2963.507080	-119.830582
2964.179993	-120.466545
2964.852905	-120.605225
2965.525818	-119.938530
2966.198730	-119.686905
2966.871643	-120.092690
2967.544556	-119.838768
2968.217468	-119.811119
2968.890381	-119.997612
2969.563293	-120.087280
2970.236206	-120.434128
2970.909119	-120.034210
2971.582031	-119.364922
2972.254944	-120.167496
2972.927856	-120.391899
2973.600769	-119.971970
2974.273682	-120.099266
2974.946594	-121.323570
2975.619507	-121.341904
2976.292419	-120.816956
2976.965332	-119.763138
2977.638245	-119.862953
2978.311157	-121.365395
2978.984070	-120.690407
2979.656982	-120.041931
2980.329895	-119.574234
2981.002808	-119.643982
2981.675720	-119.585556
2982.348633	-119.858803
2983.021545	-119.854568
2983.694458	-120.338051
2984.367371	-120.770508
2985.040283	-120.933372
2985.713196	-120.219101
2986.386108	-120.586243
2987.059021	-119.714294
2987.731934	-119.871223
2988.404846	-120.349960
2989.077759	-119.584732
2989.750671	-120.381683
2990.423584	-120.912865
2991.096497	-120.533188
2991.769409	-120.289261
2992.442322	-120.287453
2993.115234	-120.375771
2993.788147	-119.819298
2994.461060	-119.333611
2995.133972	-119.449913
2995.806885	-119.757896
2996.479797	-120.016243
2997.152710	-120.687599
2997.825623	-121.219345
2998.498535	-120.103279
2999.171448	-120.587898
2999.844360	-121.190605
3000.517273	-120.631111
3001.190186	-120.385803
3001.863098	-120.222534
3002.536011	-120.088875
3003.208923	-120.679375
3003.881836	-120.269073
3004.554749	-120.372253
3005.227661	-121.313225
3005.900574	-119.805542
3006.573486	-119.966423
3007.246399	-120.663719
3007.919312	-120.420860
3008.592224	-120.477982
3009.265137	-121.122078
3009.938049	-121.078934
3010.610962	-121.026581
3011.283875	-120.535736
3011.956787	-120.588760
3012.629700	-120.116989
3013.302612	-120.043488
3013.975525	-120.694931
3014.648438	-120.376610
3015.321350	-119.931679
3015.994263	-119.962273
3016.667175	-119.877937
3017.340088	-119.814110
3018.013000	-120.178200
3018.685913	-120.684273
3019.358826	-120.684929
3020.031738	-119.922081
3020.704651	-120.065056
3021.377563	-120.500473
3022.050476	-120.258232
3022.723389	-120.082062
3023.396301	-120.865952
3024.069214	-119.776726
3024.742126	-120.042564
3025.415039	-120.195503
3026.087952	-120.400673
3026.760864	-120.743263
3027.433777	-120.088455
3028.106689	-120.134949
3028.779602	-121.293137
3029.452515	-121.737991
3030.125427	-120.709229
3030.798340	-120.374077
3031.471252	-120.632156
3032.144165	-120.392715
3032.817078	-120.423431
3033.489990	-119.926765
3034.162903	-119.837952
3034.835815	-120.221939
3035.508728	-120.692162
3036.181641	-120.345596
3036.854553	-120.079773
3037.527466	-120.683807
3038.200378	-120.130623
3038.873291	-121.032066
3039.546204	-121.349152
3040.219116	-120.382889
3040.892029	-120.386528
3041.564941	-120.242287
3042.237854	-119.644592
3042.910767	-120.018051
3043.583679	-119.898285
3044.256592	-119.638489
3044.929504	-119.977844
3045.602417	-120.819122
3046.275330	-121.163834
3046.948242	-121.480141
3047.621155	-121.395500
3048.294067	-120.773705
3048.966980	-120.595009
3049.639893	-120.461525
3050.312805	-120.009857
3050.985718	-120.213051
3051.658630	-119.952461
3052.331543	-120.643280
3053.004456	-120.234901
3053.677368	-120.765366
3054.350281	-121.534515
3055.023193	-121.401833
3055.696106	-120.317886
3056.369019	-120.994690
3057.041931	-121.436111
3057.714844	-120.080406
3058.387756	-119.810608
3059.060669	-120.680389
3059.733582	-119.961525
3060.406494	-120.296555
3061.079407	-120.785828
3061.752319	-120.865288
3062.425232	-120.072273
3063.098145	-120.579453
3063.771057	-120.857887
3064.443970	-120.333763
3065.116882	-120.042564
3065.789795	-120.579010
3066.462708	-120.930931
3067.135620	-121.078316
3067.808533	-121.090088
3068.481445	-120.814476
3069.154358	-121.006119
3069.827271	-120.975143
3070.500183	-121.179802
3071.173096	-121.206696
3071.846008	-120.539627
3072.518921	-119.914864
3073.191833	-120.547302
3073.864746	-120.331566
3074.537659	-120.730614
3075.210571	-120.872612
3075.883484	-120.589409
3076.556396	-120.691017
3077.229309	-120.231728
3077.902222	-119.636948
3078.575134	-120.089272
3079.248047	-119.615303
3079.920959	-120.158005
3080.593872	-120.294067
3081.266785	-120.350136
3081.939697	-120.411522
3082.612610	-120.370987
3083.285522	-120.593422
3083.958435	-120.721779
3084.631348	-120.461990
3085.304260	-120.231071
3085.977173	-119.599724
3086.650085	-120.313644
3087.322998	-119.747192
3087.995911	-120.070908
3088.668823	-120.190865
3089.341736	-120.387329
3090.014648	-121.040855
3090.687561	-120.872154
3091.360474	-120.227928
3092.033386	-119.750923
3092.706299	-119.698334
3093.379211	-119.799690
3094.052124	-119.432823
3094.725037	-120.075867
3095.397949	-120.818573
3096.070862	-120.973305
3096.743774	-120.592140
3097.416687	-120.123840
3098.089600	-119.826241
3098.762512	-119.859810
3099.435425	-120.075668
3100.108337	-120.879135
3100.781250	-121.565727
3101.454163	-120.767326
3102.127075	-120.646980
3102.799988	-120.611595
3103.472900	-120.901894
3104.145813	-120.797478
3104.818726	-120.585129
3105.491638	-119.853355
3106.164551	-119.944832
3106.837463	-119.324539
3107.510376	-119.423553
3108.183289	-120.408882
3108.856201	-120.743484
3109.529114	-120.702156
3110.202026	-120.670387
3110.874939	-120.469902
3111.547852	-120.498253
3112.220764	-121.005371
3112.893677	-120.591179
3113.566589	-120.483971
3114.239502	-119.986351
3114.912415	-120.052376
3115.585327	-120.491867
3116.258240	-120.567024
3116.931152	-120.906799
3117.604065	-120.627686
3118.276978	-120.709419
3118.949890	-120.771729
3119.622803	-120.267784
3120.295715	-119.777954
3120.968628	-119.940804
3121.641541	-120.230789
3122.314453	-120.643562
3122.987366	-120.347565
3123.660278	-120.208618
3124.333191	-120.307030
3125.006104	-120.305153
3125.679016	-120.533775
3126.351929	-120.473495
3127.024841	-120.936356
3127.697754	-120.535751
3128.370667	-120.315628
3129.043579	-120.367538
3129.716492	-119.671432
3130.389404	-119.715996
3131.062317	-120.170525
3131.735229	-120.455414
3132.408142	-120.969749
3133.081055	-120.077492
3133.753967	-120.226555
3134.426880	-120.212799
3135.099792	-120.456161
3135.772705	-120.638504
3136.445618	-120.273216
3137.118530	-119.496468
3137.791443	-119.876366
3138.464355	-120.122139
3139.137268	-119.301041
3139.810181	-120.343803
3140.483093	-120.160164
3141.156006	-119.813248
3141.828918	-120.545494
3142.501831	-120.559143
3143.174744	-120.445282
3143.847656	-120.738068
3144.520569	-120.457817
3145.193481	-120.435959
3145.866394	-121.060936
3146.539307	-121.007782
3147.212219	-120.269249
3147.885132	-120.235176
3148.558044	-120.956764
3149.230957	-121.330292
3149.903870	-121.083817
3150.576782	-120.611595
3151.249695	-121.007660
3151.922607	-121.085342
3152.595520	-120.060631
3153.268433	-119.992424
3153.941345	-120.013275
3154.614258	-119.400520
3155.287170	-119.541695
3155.960083	-120.419434
3156.632996	-120.276627
3157.305908	-119.789543
3157.978821	-120.168419
3158.651733	-120.859207
3159.324646	-120.761574
3159.997559	-119.920601
3160.670471	-120.045303
3161.343384	-120.262299
3162.016296	-119.646194
3162.689209	-119.562477
3163.362122	-120.838539
3164.035034	-120.633011
3164.707947	-120.302902
3165.380859	-120.136017
3166.053772	-120.339417
3166.726685	-120.982399
3167.399597	-120.215118
3168.072510	-119.933731
3168.745422	-120.894386
3169.418335	-121.004974
3170.091248	-120.850113
3170.764160	-121.160263
3171.437073	-120.074844
3172.109985	-120.335159
3172.782898	-120.484703
3173.455811	-120.538269
3174.128723	-120.376740
3174.801636	-121.143143
3175.474548	-121.063072
3176.147461	-119.932594
3176.820374	-120.043251
3177.493286	-121.416481
3178.166199	-121.542961
3178.839111	-120.604568
3179.512024	-120.112045
3180.184937	-120.013733
3180.857849	-120.049889
3181.530762	-120.251060
3182.203674	-121.541176
3182.876587	-121.139496
3183.549500	-120.558975
3184.222412	-120.180618
3184.895325	-120.520958
3185.568237	-120.532921
3186.241150	-120.178116
3186.914062	-120.245300
3187.586975	-120.375854
3188.259888	-120.558151
3188.932800	-120.428230
3189.605713	-120.660248
3190.278625	-120.680305
3190.951538	-120.057938
3191.624451	-120.151955
3192.297363	-121.118561
3192.970276	-120.385284
3193.643188	-120.641266
3194.316101	-120.438446
3194.989014	-120.374069
3195.661926	-119.739357
3196.334839	-119.548660
3197.007751	-120.240997
3197.680664	-120.935371
3198.353577	-120.331200
3199.026489	-121.443886
3199.699402	-120.891670
3200.372314	-120.150711
3201.045227	-119.917114
3201.718140	-120.619125
3202.391052	-120.640305
3203.063965	-120.413055
3203.736877	-120.342995
3204.409790	-120.382042
3205.082703	-121.425186
3205.755615	-121.934158
3206.428528	-121.505737
3207.101440	-120.870171
3207.774353	-120.814911
3208.447266	-120.783241
3209.120178	-120.262321
3209.793091	-120.106842
3210.466003	-119.855774
3211.138916	-120.022842
3211.811829	-119.869255
3212.484741	-120.656425
3213.157654	-121.392296
3213.830566	-121.126091
3214.503479	-121.249466
3215.176392	-121.246643
3215.849304	-122.131470
3216.522217	-121.427025
3217.195129	-121.158203
3217.868042	-121.097717
3218.540955	-120.564484
3219.213867	-120.443764
3219.886780	-119.812195
3220.559692	-120.218895
3221.232605	-121.265892
3221.905518	-121.268349
3222.578430	-121.263039
3223.251343	-121.245010
3223.924255	-121.085602
3224.597168	-121.334480
3225.270081	-120.732941
3225.942993	-120.541901
3226.615906	-120.851509
3227.288818	-121.428589
3227.961731	-121.047386
3228.634644	-120.697342
3229.307556	-120.647202
3229.980469	-120.098167
3230.653381	-119.557838
3231.326294	-120.394890
3231.999207	-120.806007
3232.672119	-121.030891
3233.345032	-120.887054
3234.017944	-120.731361
3234.690857	-119.929070
3235.363770	-119.536095
3236.036682	-120.670792
3236.709595	-120.369354
3237.382507	-119.832359
3238.055420	-120.200768
3238.728333	-120.416237
3239.401245	-121.000015
3240.074158	-121.125092
3240.747070	-120.782356
3241.419983	-120.282410
3242.092896	-120.830208
3242.765808	-120.834686
3243.438721	-120.259323
3244.111633	-120.811211
3244.784546	-120.501091
3245.457458	-119.965202
3246.130371	-120.672783
3246.803284	-120.847977
3247.476196	-120.324486
3248.149109	-120.903305
3248.822021	-121.907509
3249.494934	-121.201439
3250.167847	-120.498711
3250.840759	-121.038818
3251.513672	-120.952446
3252.186584	-120.097008
3252.859497	-119.995926
3253.532410	-120.417778
3254.205322	-122.109802
3254.878235	-121.701942
3255.551147	-120.803413
3256.224060	-120.121468
3256.896973	-120.751106
3257.569885	-121.228287
3258.242798	-121.248138
3258.915710	-120.667442
3259.588623	-121.153542
3260.261536	-122.881226
3260.934448	-121.650330
3261.607361	-121.032417
3262.280273	-120.302193
3262.953186	-120.356636
3263.626099	-120.929047
3264.299011	-120.788536
3264.971924	-120.450531
3265.644836	-121.220207
3266.317749	-121.718384
3266.990662	-121.980690
3267.663574	-121.632446
3268.336487	-120.955818
3269.009399	-120.437271
3269.682312	-120.536850
3270.355225	-120.829750
3271.028137	-120.093895
3271.701050	-120.334785
3272.373962	-120.625954
3273.046875	-120.961082
3273.719788	-121.272499
3274.392700	-120.929703
3275.065613	-120.913994
3275.738525	-120.685966
3276.411438	-120.936142
3277.084351	-121.115601
3277.757263	-120.529182
3278.430176	-121.475273
3279.103088	-121.335892
3279.776001	-121.629189
3280.448914	-121.261719
3281.121826	-121.603065
3281.794739	-121.112106
3282.467651	-120.507324
3283.140564	-120.583107
3283.813477	-121.124168
3284.486389	-121.645859
3285.159302	-121.623734
3285.832214	-121.899841
3286.505127	-121.345863
3287.178040	-120.687691
3287.850952	-120.842384
3288.523865	-120.874046
3289.196777	-120.315636
3289.869690	-120.776901
3290.542603	-121.186760
3291.215515	-120.796928
3291.888428	-119.952507
3292.561340	-119.373802
3293.234253	-119.705391
3293.907166	-120.786896
3294.580078	-121.121033
3295.252991	-120.331406
3295.925903	-120.399727
3296.598816	-120.571846
3297.271729	-120.453178
3297.944641	-120.875862
3298.617554	-120.741798
3299.290466	-119.575394
3299.963379	-119.964157
3300.636292	-120.467804
3301.309204	-120.433327
3301.982117	-120.665901
3302.655029	-119.843765
3303.327942	-119.641922
3304.000854	-119.393135
3304.673767	-119.687630
3305.346680	-120.682861
3306.019592	-119.747368
3306.692505	-119.744751
3307.365417	-120.647392
3308.038330	-121.085602
3308.711243	-120.176498
3309.384155	-120.387527
3310.057068	-120.898010
3310.729980	-121.189735
3311.402893	-120.830612
3312.075806	-120.649643
3312.748718	-121.522415
3313.421631	-121.325058
3314.094543	-121.433876
3314.767456	-120.303123
3315.440369	-120.515945
3316.113281	-120.494431
3316.786194	-120.046570
3317.459106	-120.221024
3318.132019	-120.661179
3318.804932	-120.432182
3319.477844	-120.314079
3320.150757	-120.187057
3320.823669	-121.194954
3321.496582	-120.940971
3322.169495	-120.071251
3322.842407	-120.486374
3323.515320	-121.173615
3324.188232	-121.113731
3324.861145	-120.777901
3325.534058	-120.540573
3326.206970	-120.795319
3326.879883	-120.992958
3327.552795	-120.587189
3328.225708	-119.875084
3328.898621	-120.516312
3329.571533	-120.111870
3330.244446	-120.264442
3330.917358	-121.480370
3331.590271	-120.891899
3332.263184	-120.245094
3332.936096	-120.854965
3333.609009	-120.731529
3334.281921	-121.275719
3334.954834	-120.639786
3335.627747	-120.053604
3336.300659	-119.945206
3336.973572	-120.125786
3337.646484	-120.451035
3338.319397	-120.292313
3338.992310	-120.445702
3339.665222	-120.386597
3340.338135	-120.254051
3341.011047	-120.361656
3341.683960	-120.730064
3342.356873	-121.457321
3343.029785	-121.619843
3343.702698	-121.205078
3344.375610	-120.901031
3345.048523	-120.641289
3345.721436	-120.065353
3346.394348	-120.975433
3347.067261	-120.493294
3347.740173	-120.106277
3348.413086	-119.764503
3349.085999	-119.754448
3349.758911	-119.867310
3350.431824	-119.956833
3351.104736	-119.874550
3351.777649	-120.801796
3352.450562	-120.256927
3353.123474	-120.177109
3353.796387	-121.207054
3354.469299	-121.100052
3355.142212	-119.921272
3355.815125	-120.099617
3356.488037	-120.665459
3357.160950	-120.096733
3357.833862	-120.254234
3358.506775	-120.079193
3359.179688	-121.045464
3359.852600	-121.381828
3360.525513	-120.784004
3361.198425	-120.819283
3361.871338	-121.224899
3362.544250	-120.732773
3363.217163	-120.285744
3363.890076	-120.239937
3364.562988	-120.689461
3365.235901	-121.281021
3365.908813	-121.471573
3366.581726	-120.404984
3367.254639	-120.995461
3367.927551	-121.361191
3368.600464	-120.691216
3369.273376	-120.064392
3369.946289	-120.432480
3370.619202	-120.444885
3371.292114	-120.278740
3371.965027	-120.617561
3372.637939	-120.828598
3373.310852	-120.644012
3373.983765	-120.400192
3374.656677	-120.216049
3375.329590	-121.592453
3376.002502	-120.943726
3376.675415	-120.422417
3377.348328	-119.742340
3378.021240	-120.248711
3378.694153	-120.491089
3379.367065	-120.894211
3380.039978	-120.731812
3380.712891	-121.332596
3381.385803	-120.643860
3382.058716	-119.994461
3382.731628	-120.777466
3383.404541	-121.912567
3384.077454	-121.629204
3384.750366	-120.996658
3385.423279	-121.303192
3386.096191	-121.575607
3386.769104	-121.130058
3387.442017	-120.345573
3388.114929	-120.480782
3388.787842	-120.858498
3389.460754	-120.176750
3390.133667	-120.517639
3390.806580	-120.369255
3391.479492	-120.486595
3392.152405	-120.452477
3392.825317	-120.813950
3393.498230	-119.797760
3394.171143	-118.830193
3394.844055	-119.487495
3395.516968	-120.297005
3396.189880	-120.445381
3396.862793	-120.846451
3397.535706	-120.670784
3398.208618	-120.969193
3398.881531	-121.154732
3399.554443	-120.963676
3400.227356	-120.740158
3400.900269	-120.410698
3401.573181	-119.914787
3402.246094	-120.557976
3402.919006	-121.734833
3403.591919	-120.874039
3404.264832	-120.838387
3404.937744	-121.269081
3405.610657	-121.489693
3406.283569	-120.853951
3406.956482	-121.562119
3407.629395	-121.063377
3408.302307	-120.882774
3408.975220	-121.638634
3409.648132	-120.634224
3410.321045	-120.753159
3410.993958	-120.643768
3411.666870	-120.337929
3412.339783	-119.928780
3413.012695	-120.084541
3413.685608	-121.426514
3414.358521	-121.021912
3415.031433	-120.597374
3415.704346	-120.209946
3416.377258	-120.554291
3417.050171	-121.007523
3417.723083	-121.325676
3418.395996	-121.553291
3419.068909	-121.141747
3419.741821	-120.540123
3420.414734	-120.576416
3421.087646	-120.538948
3421.760559	-120.583244
3422.433472	-120.536530
3423.106384	-120.746353
3423.779297	-119.946335
3424.452209	-119.917824
3425.125122	-120.564217
3425.798035	-120.719070
3426.470947	-120.769745
3427.143860	-119.998848
3427.816772	-120.231674
3428.489685	-121.523651
3429.162598	-121.962074
3429.835510	-121.646240
3430.508423	-120.621468
3431.181335	-120.085648
3431.854248	-119.934883
3432.527161	-120.152298
3433.200073	-120.447777
3433.872986	-120.492950
3434.545898	-120.291229
3435.218811	-120.905922
3435.891724	-120.873260
3436.564636	-119.948769
3437.237549	-119.780289
3437.910461	-119.798973
3438.583374	-120.682121
3439.256287	-120.768517
3439.929199	-121.078331
3440.602112	-122.062302
3441.275024	-121.603622
3441.947937	-121.228363
3442.620850	-121.600357
3443.293762	-120.889946
3443.966675	-121.395950
3444.639587	-120.985321
3445.312500	-120.641220
3445.985413	-120.499596
3446.658325	-120.395035
3447.331238	-120.260704
3448.004150	-121.058449
3448.677063	-121.240685
3449.349976	-120.463379
3450.022888	-120.250618
3450.695801	-120.291618
3451.368713	-120.375038
3452.041626	-121.209267
3452.714539	-121.467384
3453.387451	-121.741692
3454.060364	-121.020149
3454.733276	-120.429665
3455.406189	-120.668015
3456.079102	-121.286964
3456.752014	-120.277687
3457.424927	-120.668961
3458.097839	-119.986237
3458.770752	-118.985893
3459.443665	-119.604553
3460.116577	-120.289398
3460.789490	-120.629005
3461.462402	-120.613533
3462.135315	-121.475548
3462.808228	-120.274101
3463.481140	-120.423073
3464.154053	-120.966721
3464.826965	-121.118103
3465.499878	-120.295441
3466.172791	-120.419334
3466.845703	-121.614998
3467.518616	-121.799591
3468.191528	-121.114548
3468.864441	-120.548271
3469.537354	-120.932579
3470.210266	-120.886162
3470.883179	-120.901382
3471.556091	-121.503090
3472.229004	-120.656693
3472.901917	-120.834747
3473.574829	-121.194519
3474.247742	-121.123024
3474.920654	-120.625702
3475.593567	-120.518570
3476.266479	-120.174576
3476.939392	-120.250748
3477.612305	-120.116127
3478.285217	-120.909508
3478.958130	-120.494484
3479.631042	-119.745224
3480.303955	-119.812981
3480.976868	-121.297318
3481.649780	-121.063248
3482.322693	-121.422966
3482.995605	-120.495766
3483.668518	-119.950272
3484.341431	-120.682938
3485.014343	-120.495987
3485.687256	-120.953758
3486.360168	-120.908661
3487.033081	-120.621544
3487.705994	-121.147369
3488.378906	-120.421486
3489.051819	-120.951141
3489.724731	-121.775879
3490.397644	-121.186905
3491.070557	-120.905739
3491.743469	-121.044662
3492.416382	-120.668579
3493.089294	-120.328674
3493.762207	-120.419159
3494.435120	-120.749573
3495.108032	-120.961693
3495.780945	-120.884918
3496.453857	-120.337044
3497.126770	-120.342522
3497.799683	-121.601700
3498.472595	-121.041420
3499.145508	-120.594582
3499.818420	-121.024300
3500.491333	-121.754692
3501.164246	-121.759392
3501.837158	-121.815201
3502.510071	-121.118355
3503.182983	-121.414001
3503.855896	-121.294594
3504.528809	-121.256569
3505.201721	-120.178230
3505.874634	-120.853981
3506.547546	-121.105240
3507.220459	-121.089684
3507.893372	-121.898628
3508.566284	-121.309807
3509.239197	-120.083519
3509.912109	-120.259712
3510.585022	-120.433113
3511.257935	-120.575653
3511.930847	-121.436043
3512.603760	-120.745491
3513.276672	-120.299232
3513.949585	-121.385460
3514.622498	-122.346031
3515.295410	-121.919846
3515.968323	-120.889114
3516.641235	-121.125763
3517.314148	-121.055695
3517.987061	-120.814995
3518.659973	-121.365738
3519.332886	-121.932884
3520.005798	-121.479980
3520.678711	-120.502884
3521.351624	-120.138870
3522.024536	-120.789864
3522.697449	-120.999748
3523.370361	-121.196922
3524.043274	-121.173737
3524.716187	-119.899025
3525.389099	-119.672440
3526.062012	-120.390030
3526.734924	-120.884979
3527.407837	-120.905212
3528.080750	-121.149925
3528.753662	-120.614258
3529.426575	-120.968918
3530.099487	-121.247849
3530.772400	-121.469688
3531.445312	-120.916031
3532.118225	-120.553001
3532.791138	-120.271065
3533.464050	-120.321777
3534.136963	-119.679764
3534.809875	-119.834549
3535.482788	-120.342758
3536.155701	-121.070915
3536.828613	-121.769035
3537.501526	-121.220695
3538.174438	-120.442970
3538.847351	-120.720001
3539.520264	-120.692986
3540.193176	-121.249687
3540.866089	-121.154594
3541.539001	-121.473053
3542.211914	-121.334602
3542.884827	-120.222656
3543.557739	-120.288284
3544.230652	-120.982391
3544.903564	-121.240471
3545.576477	-120.739792
3546.249390	-120.677376
3546.922302	-122.028389
3547.595215	-122.260826
3548.268127	-121.973557
3548.941040	-121.952942
3549.613953	-121.470963
3550.286865	-120.746178
3550.959778	-121.346626
3551.632690	-120.990891
3552.305603	-120.747932
3552.978516	-120.984428
3553.651428	-121.045517
3554.324341	-121.175995
3554.997253	-121.442535
3555.670166	-121.087097
3556.343079	-121.363869
3557.015991	-120.947998
3557.688904	-119.501030
3558.361816	-120.723740
3559.034729	-121.569702
3559.707642	-120.228714
3560.380554	-121.044838
3561.053467	-120.806488
3561.726379	-120.482338
3562.399292	-120.454933
3563.072205	-120.385429
3563.745117	-120.009109
3564.418030	-121.598236
3565.090942	-121.725929
3565.763855	-120.999580
3566.436768	-120.836578
3567.109680	-120.621117
3567.782593	-121.600655
3568.455505	-121.267769
3569.128418	-121.313004
3569.801331	-121.143639
3570.474243	-121.320717
3571.147156	-120.893341
3571.820068	-120.056396
3572.492981	-120.283791
3573.165894	-121.172829
3573.838806	-121.126923
3574.511719	-120.739647
3575.184631	-121.389183
3575.857544	-121.074997
3576.530457	-120.748611
3577.203369	-121.802681
3577.876282	-122.177399
3578.549194	-121.527145
3579.222107	-121.050064
3579.895020	-120.778419
3580.567932	-120.755211
3581.240845	-120.686760
3581.913757	-121.116089
3582.586670	-121.034340
3583.259583	-121.685303
3583.932495	-120.611420
3584.605408	-121.225479
3585.278320	-120.531601
3585.951233	-120.171043
3586.624146	-120.462395
3587.297058	-121.055382
3587.969971	-121.495110
3588.642883	-121.242752
3589.315796	-120.716461
3589.988708	-120.293053
3590.661621	-120.587189
3591.334534	-121.517227
3592.007446	-120.984856
3592.680359	-121.005470
3593.353271	-121.191360
3594.026184	-121.103981
3594.699097	-121.037323
3595.372009	-121.142754
3596.044922	-120.700134
3596.717834	-121.082321
3597.390747	-121.175476
3598.063660	-121.559219
3598.736572	-121.270439
3599.409485	-121.298294
3600.082397	-120.487282
3600.755310	-121.114792
3601.428223	-121.649139
3602.101135	-121.089653
3602.774048	-120.577843
3603.446960	-120.906784
3604.119873	-120.901390
3604.792786	-121.010719
3605.465698	-120.663658
3606.138611	-120.606110
3606.811523	-120.350800
3607.484436	-120.700539
3608.157349	-121.324692
3608.830261	-121.383011
3609.503174	-121.122643
3610.176086	-121.930771
3610.848999	-121.087013
3611.521912	-119.791214
3612.194824	-120.296875
3612.867737	-120.799416
3613.540649	-121.046234
3614.213562	-120.868607
3614.886475	-121.272179
3615.559387	-121.688606
3616.232300	-121.789368
3616.905212	-120.962143
3617.578125	-121.197922
3618.251038	-120.604828
3618.923950	-120.637985
3619.596863	-120.537888
3620.269775	-120.921982
3620.942688	-121.169479
3621.615601	-120.394608
3622.288513	-120.881905
3622.961426	-121.173302
3623.634338	-121.013733
3624.307251	-121.201263
3624.980164	-121.223129
3625.653076	-120.653976
3626.325989	-120.991318
3626.998901	-121.118477
3627.671814	-120.728180
3628.344727	-120.944801
3629.017639	-121.411369
3629.690552	-121.064026
3630.363464	-120.243088
3631.036377	-120.225792
3631.709290	-121.031960
3632.382202	-122.061386
3633.055115	-120.665726
3633.728027	-121.295525
3634.400940	-121.231789
3635.073853	-121.753212
3635.746765	-121.217445
3636.419678	-120.148636
3637.092590	-121.167633
3637.765503	-121.829132
3638.438416	-121.079048
3639.111328	-121.566284
3639.784241	-121.153358
3640.457153	-120.747925
3641.130066	-121.134132
3641.802979	-120.792221
3642.475891	-120.301018
3643.148804	-120.701591
3643.821716	-121.411888
3644.494629	-121.156036
3645.167542	-121.561913
3645.840454	-121.800156
3646.513367	-121.102760
3647.186279	-121.144066
3647.859192	-121.277390
3648.532104	-121.682938
3649.205017	-121.109856
3649.877930	-120.629654
3650.550842	-121.316338
3651.223755	-121.840919
3651.896667	-120.517883
3652.569580	-120.578133
3653.242493	-120.849358
3653.915405	-120.472328
3654.588318	-120.148415
3655.261230	-121.223244
3655.934143	-121.572151
3656.607056	-121.520821
3657.279968	-120.733734
3657.952881	-120.446922
3658.625793	-120.826118
3659.298706	-121.908943
3659.971619	-121.666817
3660.644531	-121.353088
3661.317444	-120.424240
3661.990356	-121.363564
3662.663269	-120.832748
3663.336182	-121.462082
3664.009094	-121.530693
3664.682007	-122.181717
3665.354919	-121.838943
3666.027832	-121.495628
3666.700745	-121.366898
3667.373657	-120.948547
3668.046570	-121.014694
3668.719482	-120.931610
3669.392395	-120.242844
3670.065308	-120.714676
3670.738220	-121.462593
3671.411133	-120.453064
3672.084045	-120.439362
3672.756958	-121.118301
3673.429871	-121.155067
3674.102783	-120.564827
3674.775696	-120.909950
3675.448608	-120.413635
3676.121521	-120.156784
3676.794434	-120.570969
3677.467346	-120.954895
3678.140259	-121.150276
3678.813171	-121.400223
3679.486084	-121.772995
3680.158997	-121.943710
3680.831909	-120.716850
3681.504822	-119.630608
3682.177734	-120.508453
3682.850647	-121.192322
3683.523560	-120.594948
3684.196472	-120.590874
3684.869385	-120.338760
3685.542297	-120.494156
3686.215210	-121.180458
3686.888123	-121.375603
3687.561035	-120.888382
3688.233948	-119.492668
3688.906860	-119.908607
3689.579773	-120.564438
3690.252686	-120.410675
3690.925598	-120.117859
3691.598511	-120.171494
3692.271423	-120.428841
3692.944336	-120.505348
3693.617249	-120.211075
3694.290161	-119.581017
3694.963074	-119.935867
3695.635986	-120.636734
3696.308899	-121.227875
3696.981812	-121.156448
3697.654724	-121.464447
3698.327637	-121.734238
3699.000549	-121.061081
3699.673462	-120.613731
3700.346375	-121.346710
3701.019287	-120.932762
3701.692200	-121.294876
3702.365112	-121.167915
3703.038025	-121.242889
3703.710938	-121.404678
3704.383850	-120.656662
3705.056763	-120.389320
3705.729675	-120.042564
3706.402588	-120.486588
3707.075500	-120.702843
3707.748413	-121.227509
3708.421326	-121.440247
3709.094238	-121.059135
3709.767151	-121.184570
3710.440063	-121.273163
3711.112976	-121.191406
3711.785889	-121.159309
3712.458801	-121.026329
3713.131714	-119.698639
3713.804626	-120.174088
3714.477539	-121.129349
3715.150452	-120.596848
3715.823364	-120.310585
3716.496277	-120.540741
3717.169189	-120.702148
3717.842102	-120.321098
3718.515015	-121.001579
3719.187927	-121.431679
3719.860840	-120.619247
3720.533752	-120.436821
3721.206665	-121.198944
3721.879578	-120.679344
3722.552490	-120.876297
3723.225403	-120.786285
3723.898315	-120.771950
3724.571228	-121.154915
3725.244141	-121.543495
3725.917053	-121.286011
3726.589966	-120.360718
3727.262878	-120.234924
3727.935791	-120.603348
3728.608704	-121.845642
3729.281616	-121.454659
3729.954529	-121.696823
3730.627441	-120.893654
3731.300354	-120.416168
3731.973267	-120.333717
3732.646179	-119.848824
3733.319092	-120.170097
3733.992004	-121.126900
3734.664917	-121.514862
3735.337830	-120.324570
3736.010742	-121.042587
3736.683655	-120.917885
3737.356567	-121.332558
3738.029480	-121.759468
3738.702393	-121.558411
3739.375305	-121.157280
3740.048218	-120.862457
3740.721130	-120.617859
3741.394043	-120.229439
3742.066956	-120.721916
3742.739868	-120.969170
3743.412781	-121.041687
3744.085693	-120.870544
3744.758606	-120.501358
3745.431519	-120.750031
3746.104431	-120.554962
3746.777344	-120.689468
3747.450256	-120.693512
3748.123169	-121.547043
3748.796082	-121.502075
3749.468994	-121.201012
3750.141907	-121.211372
3750.814819	-120.641685
3751.487732	-119.784317
3752.160645	-120.289032
3752.833557	-120.863335
3753.506470	-121.184738
3754.179382	-121.025436
3754.852295	-120.096931
3755.525208	-120.356422
3756.198120	-121.130493
3756.871033	-121.009674
3757.543945	-120.728638
3758.216858	-121.273415
3758.889771	-120.388565
3759.562683	-120.310555
3760.235596	-121.047264
3760.908508	-120.902100
3761.581421	-120.763954
3762.254333	-121.796959
3762.927246	-122.962540
3763.600159	-121.839554
3764.273071	-120.849861
3764.945984	-120.524391
3765.618896	-121.143005
3766.291809	-120.937599
3766.964722	-121.488876
3767.637634	-122.171410
3768.310547	-120.845299
3768.983459	-120.035263
3769.656372	-120.782280
3770.329285	-121.420746
3771.002197	-122.034874
3771.675110	-121.681053
3772.348022	-120.779671
3773.020935	-120.399277
3773.693848	-121.022392
3774.366760	-121.461472
3775.039673	-121.016647
3775.712585	-120.828194
3776.385498	-121.504982
3777.058411	-121.684616
3777.731323	-121.304642
3778.404236	-120.543755
3779.077148	-120.207733
3779.750061	-120.524818
3780.422974	-120.617310
3781.095886	-120.597641
3781.768799	-120.420227
3782.441711	-121.492676
3783.114624	-121.544083
3783.787537	-121.361984
3784.460449	-121.864326
3785.133362	-121.388382
3785.806274	-121.280563
3786.479187	-121.011429
3787.152100	-121.448860
3787.825012	-121.422623
3788.497925	-121.062141
3789.170837	-121.307831
3789.843750	-122.182869
3790.516663	-121.851273
3791.189575	-120.628838
3791.862488	-120.393166
3792.535400	-121.612770
3793.208313	-121.998421
3793.881226	-121.108215
3794.554138	-121.292587
3795.227051	-121.080681
3795.899963	-121.297585
3796.572876	-120.824524
3797.245789	-121.260933
3797.918701	-121.743149
3798.591614	-120.774483
3799.264526	-121.207886
3799.937439	-121.485909
3800.610352	-121.048996
3801.283264	-120.984489
3801.956177	-120.555847
3802.629089	-121.158478
3803.302002	-121.681213
3803.974915	-120.906006
3804.647827	-120.948128
3805.320740	-121.067001
3805.993652	-121.004448
3806.666565	-121.353706
3807.339478	-121.900505
3808.012390	-120.815392
3808.685303	-120.669823
3809.358215	-121.622467
3810.031128	-120.595200
3810.704041	-120.293877
3811.376953	-120.704025
3812.049866	-121.329262
3812.722778	-121.045631
3813.395691	-121.620232
3814.068604	-121.766106
3814.741516	-121.231590
3815.414429	-121.118408
3816.087341	-121.060265
3816.760254	-121.588326
3817.433167	-121.614601
3818.106079	-121.045891
3818.778992	-120.867325
3819.451904	-120.596169
3820.124817	-120.753151
3820.797729	-121.765778
3821.470642	-121.530312
3822.143555	-120.255013
3822.816467	-120.220627
3823.489380	-120.911064
3824.162292	-121.501579
3824.835205	-121.409599
3825.508118	-121.470192
3826.181030	-120.615364
3826.853943	-120.630577
3827.526855	-121.270836
3828.199768	-120.898048
3828.872681	-121.308144
3829.545593	-120.920486
3830.218506	-120.428230
3830.891418	-120.755653
3831.564331	-120.663284
3832.237244	-120.899330
3832.910156	-120.879616
3833.583069	-121.122162
3834.255981	-121.481049
3834.928894	-121.274803
3835.601807	-121.593460
3836.274719	-121.723793
3836.947632	-121.219070
3837.620544	-120.406471
3838.293457	-120.538101
3838.966370	-121.442383
3839.639282	-121.945610
3840.312195	-121.531799
3840.985107	-121.344780
3841.658020	-121.298073
3842.330933	-121.456795
3843.003845	-121.848190
3843.676758	-121.933983
3844.349670	-121.783302
3845.022583	-121.424530
3845.695496	-122.271240
3846.368408	-121.067085
3847.041321	-121.239975
3847.714233	-122.045906
3848.387146	-121.079330
3849.060059	-120.629745
3849.732971	-120.803917
3850.405884	-121.593758
3851.078796	-122.399422
3851.751709	-121.736664
3852.424622	-121.235695
3853.097534	-120.669548
3853.770447	-121.070183
3854.443359	-121.398117
3855.116272	-121.543045
3855.789185	-121.535286
3856.462097	-120.909363
3857.135010	-120.946381
3857.807922	-121.366234
3858.480835	-121.775467
3859.153748	-122.195694
3859.826660	-121.715248
3860.499573	-121.590210
3861.172485	-121.254829
3861.845398	-120.824661
3862.518311	-121.140862
3863.191223	-121.066315
3863.864136	-121.497688
3864.537048	-121.837471
3865.209961	-121.549789
3865.882874	-120.904457
3866.555786	-121.503563
3867.228699	-121.740395
3867.901611	-121.543007
3868.574524	-121.097176
3869.247437	-120.929657
3869.920349	-121.243874
3870.593262	-121.213142
3871.266174	-121.728371
3871.939087	-121.703300
3872.612000	-122.173180
3873.284912	-121.170776
3873.957825	-120.661308
3874.630737	-120.208061
3875.303650	-120.709755
3875.976562	-121.585678
3876.649475	-121.711792
3877.322388	-121.448311
3877.995300	-121.220375
3878.668213	-120.507561
3879.341125	-120.713844
3880.014038	-120.633400
3880.686951	-120.324402
3881.359863	-120.510460
3882.032776	-120.310585
3882.705688	-121.506149
3883.378601	-121.195915
3884.051514	-121.000557
3884.724426	-121.238205
3885.397339	-121.157936
3886.070251	-121.470566
3886.743164	-121.259628
3887.416077	-121.306358
3888.088989	-121.271561
3888.761902	-121.249840
3889.434814	-121.740517
3890.107727	-122.024284
3890.780640	-120.750618
3891.453552	-120.906311
3892.126465	-122.042679
3892.799377	-121.812408
3893.472290	-121.371544
3894.145203	-122.003662
3894.818115	-123.205727
3895.491028	-122.036179
3896.163940	-121.871704
3896.836853	-121.594200
3897.509766	-121.024269
3898.182678	-121.194283
3898.855591	-121.224426
3899.528503	-121.423767
3900.201416	-121.339661
3900.874329	-121.010048
3901.547241	-120.957390
3902.220154	-121.144875
3902.893066	-120.938423
3903.565979	-120.907234
3904.238892	-121.605583
3904.911804	-121.267067
3905.584717	-121.095985
3906.257629	-121.707840
3906.930542	-121.568558
3907.603455	-121.203026
3908.276367	-121.159874
3908.949280	-121.457520
3909.622192	-121.121803
3910.295105	-121.078293
3910.968018	-121.373154
3911.640930	-120.713585
3912.313843	-120.987183
3912.986755	-121.732719
3913.659668	-121.847298
3914.332581	-121.308617
3915.005493	-121.307083
3915.678406	-121.720512
3916.351318	-121.409760
3917.024231	-120.972496
3917.697144	-120.783875
3918.370056	-121.136963
3919.042969	-120.495483
3919.715881	-120.243118
3920.388794	-120.658813
3921.061707	-120.641830
3921.734619	-120.545845
3922.407532	-120.861641
3923.080444	-120.742134
3923.753357	-120.525017
3924.426270	-121.023376
3925.099182	-120.592804
3925.772095	-121.097580
3926.445007	-120.695053
3927.117920	-120.805603
3927.790833	-121.221275
3928.463745	-120.626877
3929.136658	-120.769768
3929.809570	-120.304787
3930.482483	-120.221634
3931.155396	-120.790512
3931.828308	-120.193985
3932.501221	-120.438408
3933.174133	-120.663033
3933.847046	-120.516205
3934.519958	-120.443092
3935.192871	-120.527733
3935.865784	-120.825165
3936.538696	-120.520195
3937.211609	-121.260384
3937.884521	-121.482239
3938.557434	-120.849586
3939.230347	-121.474777
3939.903259	-122.026962
3940.576172	-120.862480
3941.249084	-120.635643
3941.921997	-120.631699
3942.594910	-121.490463
3943.267822	-121.363220
3943.940735	-121.151749
3944.613647	-121.072800
3945.286560	-121.033463
3945.959473	-120.886810
3946.632385	-120.615158
3947.305298	-120.974716
3947.978210	-121.451164
3948.651123	-121.710266
3949.324036	-120.907669
3949.996948	-121.006683
3950.669861	-121.383400
3951.342773	-121.129471
3952.015686	-121.182343
3952.688599	-121.868744
3953.361511	-121.887878
3954.034424	-121.013191
3954.707336	-120.685890
3955.380249	-121.808296
3956.053162	-121.442482
3956.726074	-120.445740
3957.398987	-120.436073
3958.071899	-121.232933
3958.744812	-120.693947
3959.417725	-120.967461
3960.090637	-121.277306
3960.763550	-121.161644
3961.436462	-121.851761
3962.109375	-121.743095
3962.782288	-121.896484
3963.455200	-121.767952
3964.128113	-121.708252
3964.801025	-122.005569
3965.473938	-121.113983
3966.146851	-120.951141
3966.819763	-121.896957
3967.492676	-121.097557
3968.165588	-121.363426
3968.838501	-121.335663
3969.511414	-122.067810
3970.184326	-122.288528
3970.857239	-120.911491
3971.530151	-121.320824
3972.203064	-121.811058
3972.875977	-121.343910
3973.548889	-121.001434
3974.221802	-121.818176
3974.894714	-121.352409
3975.567627	-120.146843
3976.240540	-120.954735
3976.913452	-121.613762
3977.586365	-121.781769
3978.259277	-121.429321
3978.932190	-121.431038
3979.605103	-121.021698
3980.278015	-121.417038
3980.950928	-121.464668
3981.623840	-120.700256
3982.296753	-120.403717
3982.969666	-119.432106
3983.642578	-120.556061
3984.315491	-120.910263
3984.988403	-120.185036
3985.661316	-120.693665
3986.334229	-120.855217
3987.007141	-121.126923
3987.680054	-121.238136
3988.352966	-121.241547
3989.025879	-120.870766
3989.698792	-120.091347
3990.371704	-121.772705
3991.044617	-121.854118
3991.717529	-121.415787
3992.390442	-121.042381
3993.063354	-120.788918
3993.736267	-120.307449
3994.409180	-120.969078
3995.082092	-121.847191
3995.755005	-121.187294
3996.427917	-120.682892
3997.100830	-121.204094
3997.773743	-120.983475
3998.446655	-120.611618
3999.119568	-121.200493
3999.792480	-122.016365
4000.465393	-121.154388
4001.138306	-121.257378
4001.811218	-121.948494
4002.484131	-121.159790
4003.157043	-121.369026
4003.829956	-121.832230
4004.502869	-120.968376
4005.175781	-121.001694
4005.848694	-121.123718
4006.521606	-120.686699
4007.194519	-120.221336
4007.867432	-120.337563
4008.540344	-120.066704
4009.213257	-120.531326
4009.886169	-121.413750
4010.559082	-121.644981
4011.231995	-121.026932
4011.904907	-121.034286
4012.577820	-121.665718
4013.250732	-121.162468
4013.923645	-121.720085
4014.596558	-121.147018
4015.269470	-120.806740
4015.942383	-120.462776
4016.615295	-121.353088
4017.288208	-121.848976
4017.961121	-122.141579
4018.634033	-121.120399
4019.306946	-121.366028
4019.979858	-121.221886
4020.652771	-121.548004
4021.325684	-122.274506
4021.998596	-121.277893
4022.671509	-121.123100
4023.344421	-122.092010
4024.017334	-122.139114
4024.690247	-121.568047
4025.363159	-121.194374
4026.036072	-120.828506
4026.708984	-121.274170
4027.381897	-121.086342
4028.054810	-121.074615
4028.727722	-121.523949
4029.400635	-120.887367
4030.073547	-120.604897
4030.746460	-120.099960
4031.419373	-120.501793
4032.092285	-121.431847
4032.765198	-121.347267
4033.438110	-121.109207
4034.111023	-120.951378
4034.783936	-121.016319
4035.456848	-121.167992
4036.129761	-121.669998
4036.802673	-121.312950
4037.475586	-120.397850
4038.148499	-120.839462
4038.821411	-121.179245
4039.494324	-121.504089
4040.167236	-121.421967
4040.840149	-120.115028
4041.513062	-119.860191
4042.185974	-120.627502
4042.858887	-120.963051
4043.531799	-120.962708
4044.204712	-121.053200
4044.877625	-121.453476
4045.550537	-120.832550
4046.223450	-120.473686
4046.896362	-120.795433
4047.569275	-121.218895
4048.242188	-120.623917
4048.915100	-120.828575
4049.588013	-121.131668
4050.260925	-121.119995
4050.933838	-121.005341
4051.606750	-120.384857
4052.279663	-120.554314
4052.952576	-120.931870
4053.625488	-121.338753
4054.298401	-120.490974
4054.971313	-120.118027
4055.644226	-120.501724
4056.317139	-121.100571
4056.990051	-121.044907
4057.662964	-121.739311
4058.335876	-120.685158
4059.008789	-120.967766
4059.681702	-121.555580
4060.354614	-121.101585
4061.027527	-121.624451
4061.700439	-121.384132
4062.373352	-121.454109
4063.046265	-121.288216
4063.719177	-121.608627
4064.392090	-121.826866
4065.065002	-121.314270
4065.737915	-121.198586
4066.410828	-120.410767
4067.083740	-121.112022
4067.756653	-121.611237
4068.429565	-120.560677
4069.102478	-120.619461
4069.775391	-121.340485
4070.448303	-121.211815
4071.121216	-121.600792
4071.794128	-121.741554
4072.467041	-121.024132
4073.139954	-120.675339
4073.812866	-121.040749
4074.485779	-121.760239
4075.158691	-121.598701
4075.831604	-120.339897
4076.504517	-120.317253
4077.177429	-120.989845
4077.850342	-121.384285
4078.523254	-121.288651
4079.196167	-120.153938
4079.869080	-120.906693
4080.541992	-121.304161
4081.214905	-121.908035
4081.887817	-122.051407
4082.560730	-121.948929
4083.233643	-121.432343
4083.906555	-120.541100
4084.579468	-120.563721
4085.252380	-120.951569
4085.925293	-121.347015
4086.598206	-121.300362
4087.271118	-120.924805
4087.944031	-121.486153
4088.616943	-121.022202
4089.289856	-120.892090
4089.962769	-120.822876
4090.635681	-120.945152
4091.308594	-121.044128
4091.981506	-121.324577
4092.654419	-121.862244
4093.327332	-122.723495
4094.000244	-121.808998
4094.673157	-120.776627
4095.346069	-120.823074
4096.018982	-120.464081
4096.691895	-121.582260
4097.364807	-121.379761
4098.037720	-121.196724
4098.710632	-121.025017
4099.383545	-121.609001
4100.056458	-121.829620
4100.729370	-121.209618
4101.402283	-120.642662
4102.075195	-121.794945
4102.748108	-121.414589
4103.421021	-121.548599
4104.093933	-121.690880
4104.766846	-121.916153
4105.439758	-121.880775
4106.112671	-121.327705
4106.785583	-120.712349
4107.458496	-120.723473
4108.131409	-120.781227
4108.804321	-120.183510
4109.477234	-121.148476
4110.150146	-121.823586
4110.823059	-121.343033
4111.495972	-121.195572
4112.168884	-121.119148
4112.841797	-121.610931
4113.514709	-121.472862
4114.187622	-121.029053
4114.860535	-121.061089
4115.533447	-121.239151
4116.206360	-121.214874
4116.879272	-121.497040
4117.552185	-121.304314
4118.225098	-121.378304
4118.898010	-121.539909
4119.570923	-121.615555
4120.243835	-120.825859
4120.916748	-121.096176
4121.589661	-121.632278
4122.262573	-120.691620
4122.935486	-120.790161
4123.608398	-120.199829
4124.281311	-121.160904
4124.954224	-121.276672
4125.627136	-121.123932
4126.300049	-121.240761
4126.972961	-120.866066
4127.645874	-121.247421
4128.318787	-121.222282
4128.991699	-121.064629
4129.664612	-121.157715
4130.337524	-120.453537
4131.010437	-120.718857
4131.683350	-121.492004
4132.356262	-121.734047
4133.029175	-120.991272
4133.702087	-121.614342
4134.375000	-120.961029
4135.047913	-121.202095
4135.720825	-120.811905
4136.393738	-121.322716
4137.066650	-121.184326
4137.739563	-121.219627
4138.412476	-121.442642
4139.085388	-121.455147
4139.758301	-120.885735
4140.431213	-121.422791
4141.104126	-121.742989
4141.777039	-121.669914
4142.449951	-120.959938
4143.122864	-120.765564
4143.795776	-121.293854
4144.468689	-121.802185
4145.141602	-122.576340
4145.814514	-121.999504
4146.487427	-121.890045
4147.160339	-122.092262
4147.833252	-121.959457
4148.506165	-120.887199
4149.179077	-120.559723
4149.851990	-121.740128
4150.524902	-121.357933
4151.197815	-121.524643
4151.870728	-121.727310
4152.543640	-121.956223
4153.216553	-122.119827
4153.889465	-121.010368
4154.562378	-120.663933
4155.235291	-121.115952
4155.908203	-121.239014
4156.581116	-122.273293
4157.254028	-122.203346
4157.926941	-121.404175
4158.599854	-121.063911
4159.272766	-121.476341
4159.945679	-121.188751
4160.618591	-121.608124
4161.291504	-122.364891
4161.964417	-121.365364
4162.637329	-120.982552
4163.310242	-120.602829
4163.983154	-120.337509
4164.656067	-120.883156
4165.328979	-121.459831
4166.001892	-121.711990
4166.674805	-120.628662
4167.347717	-121.069809
4168.020630	-121.104782
4168.693542	-121.030487
4169.366455	-120.427437
4170.039368	-120.984444
4170.712280	-121.966827
4171.385193	-121.682671
4172.058105	-122.463181
4172.731018	-121.861267
4173.403931	-121.312675
4174.076843	-121.123878
4174.749756	-120.558708
4175.422668	-120.351456
4176.095581	-120.939270
4176.768494	-120.468025
4177.441406	-120.863899
4178.114319	-120.811317
4178.787231	-121.495033
4179.460144	-121.468002
4180.133057	-120.607979
4180.805969	-121.525948
4181.478882	-121.202301
4182.151794	-120.749924
4182.824707	-120.993095
4183.497620	-120.701157
4184.170532	-120.778198
4184.843445	-122.243988
4185.516357	-122.218170
4186.189270	-121.710121
4186.862183	-121.862122
4187.535095	-122.046669
4188.208008	-122.863998
4188.880920	-122.284859
4189.553833	-120.775879
4190.226746	-120.443687
4190.899658	-121.584793
4191.572571	-121.187492
4192.245483	-122.040306
4192.918396	-122.265053
4193.591309	-121.681389
4194.264221	-121.076752
4194.937134	-121.068008
4195.610046	-121.218529
4196.282959	-121.040428
4196.955872	-121.747902
4197.628784	-121.488441
4198.301697	-121.089005
4198.974609	-121.463844
4199.647522	-121.039665
4200.320435	-121.128365
4200.993347	-122.376839
4201.666260	-121.571487
4202.339172	-121.287491
4203.012085	-120.836510
4203.684998	-120.670937
4204.357910	-121.699944
4205.030823	-121.206436
4205.703735	-121.238556
4206.376648	-121.417961
4207.049561	-121.686409
4207.722473	-120.907486
4208.395386	-121.300163
4209.068298	-121.924980
4209.741211	-121.735992
4210.414124	-121.531799
4211.087036	-121.849228
4211.759949	-121.658585
4212.432861	-121.091064
4213.105774	-120.293938
4213.778687	-120.463020
4214.451599	-120.382805
4215.124512	-121.466919
4215.797424	-121.920586
4216.470337	-121.761459
4217.143250	-121.012039
4217.816162	-120.129143
4218.489075	-120.545998
4219.161987	-121.192726
4219.834900	-121.718224
4220.507812	-121.864326
4221.180725	-121.106613
4221.853638	-120.319191
4222.526550	-121.252312
4223.199463	-121.446129
4223.872375	-120.087685
4224.545288	-120.294708
4225.218201	-121.181084
4225.891113	-121.674911
4226.564026	-121.840996
4227.236938	-121.205704
4227.909851	-121.234825
4228.582764	-121.118416
4229.255676	-120.838821
4229.928589	-121.470802
4230.601501	-121.672539
4231.274414	-121.008759
4231.947327	-120.846237
4232.620239	-120.841057
4233.293152	-121.450920
4233.966064	-121.211761
4234.638977	-121.193161
4235.311890	-121.100960
4235.984802	-121.078026
4236.657715	-122.021736
4237.330627	-122.243858
4238.003540	-120.707024
4238.676453	-120.417847
4239.349365	-121.203903
4240.022278	-121.198730
4240.695190	-120.578987
4241.368103	-121.311378
4242.041016	-121.933815
4242.713928	-121.207397
4243.386841	-121.046616
4244.059753	-121.262131
4244.732666	-121.311096
4245.405579	-121.073532
4246.078491	-121.370735
4246.751404	-121.294395
4247.424316	-121.384430
4248.097229	-122.144768
4248.770142	-120.677391
4249.443054	-120.548607
4250.115967	-121.074280
4250.788879	-121.728737
4251.461792	-121.314270
4252.134705	-120.749031
4252.807617	-120.393791
4253.480530	-121.427269
4254.153442	-121.452934
4254.826355	-120.713936
4255.499268	-120.501007
4256.172180	-120.549316
4256.845093	-120.718826
4257.518005	-120.799164
4258.190918	-120.869514
4258.863831	-120.966072
4259.536743	-120.942223
4260.209656	-121.613701
4260.882568	-121.741974
4261.555481	-121.261871
4262.228394	-121.250587
4262.901306	-121.364265
4263.574219	-121.323151
4264.247131	-120.922264
4264.920044	-120.755257
4265.592957	-121.660408
4266.265869	-121.004066
4266.938782	-121.496048
4267.611694	-121.840714
4268.284607	-121.170464
4268.957520	-121.166748
4269.630432	-121.803230
4270.303345	-121.460030
4270.976257	-121.376320
4271.649170	-120.731354
4272.322083	-121.382034
4272.994995	-121.881256
4273.667908	-122.117447
4274.340820	-121.039001
4275.013733	-121.549355
4275.686646	-121.810539
4276.359558	-121.271004
4277.032471	-121.006950
4277.705383	-121.921875
4278.378296	-121.560638
4279.051208	-121.102905
4279.724121	-121.567162
4280.397034	-121.485626
4281.069946	-121.416885
4281.742859	-120.692017
4282.415771	-121.025963
4283.088684	-121.486626
4283.761597	-121.640388
4284.434509	-121.796043
4285.107422	-122.257484
4285.780334	-122.027267
4286.453247	-122.542641
4287.126160	-122.658051
4287.799072	-121.285339
4288.471985	-121.362473
4289.144897	-122.316467
4289.817810	-122.056511
4290.490723	-121.531029
4291.163635	-122.179482
4291.836548	-122.396019
4292.509460	-120.928192
4293.182373	-121.447578
4293.855286	-121.572250
4294.528198	-121.520287
4295.201111	-121.088036
4295.874023	-121.778152
4296.546936	-122.176682
4297.219849	-121.919914
4297.892761	-122.580284
4298.565674	-121.498482
4299.238586	-120.783524
4299.911499	-121.516479
4300.584412	-121.671013
4301.257324	-121.013199
4301.930237	-122.348572
4302.603149	-122.211304
4303.276062	-120.939644
4303.948975	-120.657288
4304.621887	-120.370239
4305.294800	-119.867287
4305.967712	-120.370598
4306.640625	-121.118561
4307.313538	-121.373703
4307.986450	-120.472382
4308.659363	-120.499847
4309.332275	-121.254608
4310.005188	-121.365791
4310.678101	-121.099243
4311.351013	-121.420479
4312.023926	-121.165695
4312.696838	-120.649117
4313.369751	-120.579201
4314.042664	-121.805801
4314.715576	-122.019585
4315.388489	-121.194984
4316.061401	-120.799400
4316.734314	-120.957619
4317.407227	-120.830551
4318.080139	-120.847061
4318.753052	-121.505219
4319.425964	-121.835419
4320.098877	-121.546341
4320.771790	-122.120461
4321.444702	-121.671715
4322.117615	-121.995514
4322.790527	-122.593292
4323.463440	-122.382675
4324.136353	-122.342796
4324.809265	-121.200485
4325.482178	-120.930992
4326.155090	-121.177071
4326.828003	-122.362480
4327.500916	-121.567833
4328.173828	-120.998474
4328.846741	-121.001556
4329.519653	-121.297081
4330.192566	-122.033173
4330.865479	-122.731758
4331.538391	-122.404755
4332.211304	-121.835960
4332.884216	-121.080879
4333.557129	-121.601311
4334.230042	-122.210190
4334.902954	-122.888344
4335.575867	-122.177483
4336.248779	-121.573181
4336.921692	-121.415604
4337.594604	-121.588921
4338.267517	-121.793831
4338.940430	-121.833817
4339.613342	-121.719162
4340.286255	-121.215309
4340.959167	-121.547897
4341.632080	-121.773972
4342.304993	-121.390045
4342.977905	-121.051331
4343.650818	-122.215187
4344.323730	-122.517281
4344.996643	-121.596642
4345.669556	-120.901649
4346.342468	-121.567612
4347.015381	-121.413101
4347.688293	-121.681595
4348.361206	-121.326889
4349.034119	-120.918655
4349.707031	-121.029022
4350.379944	-120.799561
4351.052856	-120.529343
4351.725769	-119.913246
4352.398682	-120.673065
4353.071594	-122.109589
4353.744507	-121.559654
4354.417419	-121.179764
4355.090332	-121.728844
4355.763245	-121.996704
4356.436157	-121.332603
4357.109070	-121.940376
4357.781982	-122.538239
4358.454895	-121.873161
4359.127808	-120.857666
4359.800720	-121.406822
4360.473633	-122.079575
4361.146545	-121.390846
4361.819458	-120.440437
4362.492371	-121.599106
4363.165283	-121.672089
4363.838196	-120.971809
4364.511108	-120.863274
4365.184021	-120.927788
4365.856934	-121.678307
4366.529846	-122.044777
4367.202759	-122.034950
4367.875671	-121.801720
4368.548584	-121.885796
4369.221497	-121.464676
4369.894409	-121.938423
4370.567322	-121.904732
4371.240234	-121.990211
4371.913147	-120.661377
4372.586060	-120.378754
4373.258972	-120.548798
4373.931885	-120.627617
4374.604797	-120.979401
4375.277710	-121.752777
4375.950623	-121.689957
4376.623535	-120.686111
4377.296448	-121.032005
4377.969360	-121.446632
4378.642273	-121.729454
4379.315186	-121.383278
4379.988098	-121.052483
4380.661011	-121.386497
4381.333923	-121.047066
4382.006836	-121.364677
4382.679749	-121.818420
4383.352661	-121.679749
4384.025574	-121.178741
4384.698486	-121.593719
4385.371399	-121.033150
4386.044312	-121.619957
4386.717224	-120.579117
4387.390137	-119.749260
4388.063049	-120.545341
4388.735962	-120.477654
4389.408875	-121.729019
4390.081787	-121.914124
4390.754700	-120.928673
4391.427612	-120.661926
4392.100525	-121.596771
4392.773438	-122.297668
4393.446350	-122.293076
4394.119263	-121.495453
4394.792175	-121.424538
4395.465088	-121.910645
4396.138000	-121.529411
4396.810913	-121.349724
4397.483826	-120.936745
4398.156738	-120.976524
4398.829651	-121.363914
4399.502563	-121.253708
4400.175476	-120.996788
4400.848389	-121.581902
4401.521301	-121.700317
4402.194214	-122.146370
4402.867126	-121.655273
4403.540039	-121.134140
4404.212952	-121.348923
4404.885864	-121.529663
4405.558777	-121.688225
4406.231689	-120.746979
4406.904602	-120.435036
4407.577515	-120.487480
4408.250427	-121.049149
4408.923340	-121.355064
4409.596252	-121.241486
4410.269165	-120.977837
4410.942078	-121.013741
4411.614990	-120.805206
4412.287903	-120.940704
4412.960815	-121.492210
4413.633728	-122.141884
4414.306641	-121.871048
4414.979553	-122.724739
4415.652466	-122.076126
4416.325378	-121.941910
4416.998291	-120.497185
4417.671204	-120.293457
4418.344116	-121.571281
4419.017029	-121.527969
4419.689941	-120.787918
4420.362854	-121.077583
4421.035767	-120.841446
4421.708679	-120.675987
4422.381592	-121.330383
4423.054504	-121.497749
4423.727417	-120.954689
4424.400330	-120.780823
4425.073242	-121.281044
4425.746155	-121.553665
4426.419067	-121.681366
4427.091980	-121.572777
4427.764893	-121.160660
4428.437805	-121.889145
4429.110718	-122.123207
4429.783630	-121.509583
4430.456543	-121.503540
4431.129456	-121.721313
4431.802368	-121.315361
4432.475281	-121.170464
4433.148193	-120.939957
4433.821106	-121.039864
4434.494019	-120.921234
4435.166931	-121.208549
4435.839844	-121.213890
4436.512756	-121.849197
4437.185669	-121.495346
4437.858582	-121.699738
4438.531494	-121.699821
4439.204407	-121.664520
4439.877319	-121.176331
4440.550232	-121.221901
4441.223145	-121.331619
4441.896057	-121.462425
4442.568970	-121.142853
4443.241882	-121.472717
4443.914795	-121.644386
4444.587708	-121.512161
4445.260620	-121.625740
4445.933533	-121.145729
4446.606445	-120.959938
4447.279358	-120.800102
4447.952271	-121.528229
4448.625183	-122.242622
4449.298096	-122.232147
4449.971008	-121.430405
4450.643921	-120.992180
4451.316833	-121.818153
4451.989746	-121.975838
4452.662659	-121.500954
4453.335571	-120.883759
4454.008484	-120.669159
4454.681396	-120.303719
4455.354309	-120.193703
4456.027222	-120.686127
4456.700134	-121.747375
4457.373047	-122.384560
4458.045959	-121.231201
4458.718872	-121.423027
4459.391785	-121.259911
4460.064697	-121.207581
4460.737610	-121.518456
4461.410522	-122.169769
4462.083435	-122.514000
4462.756348	-122.006027
4463.429260	-121.743584
4464.102173	-121.370422
4464.775085	-121.437294
4465.447998	-121.879486
4466.120911	-121.596352
4466.793823	-121.822769
4467.466736	-122.066116
4468.139648	-122.549431
4468.812561	-121.775108
4469.485474	-120.687813
4470.158386	-120.755798
4470.831299	-121.621483
4471.504211	-120.876945
4472.177124	-120.760635
4472.850037	-120.927063
4473.522949	-121.225960
4474.195862	-121.039955
4474.868774	-121.391113
4475.541687	-122.428268
4476.214600	-121.923820
4476.887512	-120.989693
4477.560425	-121.479599
4478.233337	-122.065384
4478.906250	-122.570343
4479.579163	-121.671112
4480.252075	-121.907730
4480.924988	-122.256805
4481.597900	-122.647972
4482.270813	-122.873680
4482.943726	-122.376755
4483.616638	-121.651489
4484.289551	-121.173889
4484.962463	-121.589447
4485.635376	-121.320755
4486.308289	-121.598076
4486.981201	-121.904373
4487.654114	-121.992912
4488.327026	-121.294731
4488.999939	-120.865616
4489.672852	-120.597496
4490.345764	-120.807968
4491.018677	-121.210281
4491.691589	-121.420799
4492.364502	-121.204193
4493.037415	-121.161011
4493.710327	-121.430733
4494.383240	-121.701317
4495.056152	-121.578621
4495.729065	-121.120148
4496.401978	-121.582443
4497.074890	-121.094772
4497.747803	-121.509872
4498.420715	-120.903511
4499.093628	-121.020653
4499.766541	-122.033638
4500.439453	-121.823524
4501.112366	-121.403229
4501.785278	-121.445938
4502.458191	-122.621872
4503.131104	-122.557602
4503.804016	-121.705307
4504.476929	-121.748161
4505.149841	-121.907219
4505.822754	-122.399490
4506.495667	-121.892197
4507.168579	-121.776878
4507.841492	-122.552528
4508.514404	-122.283783
4509.187317	-122.005714
4509.860229	-121.796844
4510.533142	-120.830383
4511.206055	-120.777039
4511.878967	-121.552589
4512.551880	-121.411125
4513.224792	-120.967804
4513.897705	-121.038094
4514.570618	-121.276314
4515.243530	-121.311508
4515.916443	-121.313782
4516.589355	-121.830772
4517.262268	-122.068558
4517.935181	-122.446518
4518.608093	-122.160149
4519.281006	-122.033257
4519.953918	-122.360962
4520.626831	-121.293694
4521.299744	-121.305008
4521.972656	-121.206932
4522.645569	-120.671501
4523.318481	-121.016228
4523.991394	-121.329994
4524.664307	-120.757637
4525.337219	-120.312408
4526.010132	-120.694633
4526.683044	-121.675537
4527.355957	-121.822807
4528.028870	-120.656189
4528.701782	-120.936600
4529.374695	-121.236946
4530.047607	-121.526031
4530.720520	-121.973373
4531.393433	-122.270370
4532.066345	-121.975113
4532.739258	-121.013123
4533.412170	-121.038712
4534.085083	-120.704407
4534.757996	-120.578728
4535.430908	-120.685760
4536.103821	-121.731819
4536.776733	-122.605484
4537.449646	-121.862259
4538.122559	-121.611084
4538.795471	-121.297501
4539.468384	-121.154655
4540.141296	-121.489571
4540.814209	-121.157654
4541.487122	-121.665268
4542.160034	-122.712120
4542.832947	-122.136871
4543.505859	-120.773331
4544.178772	-121.272865
4544.851685	-122.079445
4545.524597	-121.163170
4546.197510	-120.125015
4546.870422	-120.853004
4547.543335	-122.401360
4548.216248	-122.042381
4548.889160	-121.123497
4549.562073	-121.588478
4550.234985	-122.275383
4550.907898	-121.458374
4551.580811	-121.686348
4552.253723	-121.602303
4552.926636	-122.273895
4553.599548	-122.606445
4554.272461	-121.894524
4554.945374	-121.616890
4555.618286	-121.763222
4556.291199	-121.194260
4556.964111	-121.484634
4557.637024	-121.576256
4558.309937	-121.604828
4558.982849	-121.777481
4559.655762	-121.595894
4560.328674	-121.405113
4561.001587	-121.788300
4561.674500	-121.227707
4562.347412	-121.482506
4563.020325	-121.303421
4563.693237	-121.120636
4564.366150	-120.596344
4565.039062	-120.626625
4565.711975	-121.826492
4566.384888	-120.678726
4567.057800	-121.120621
4567.730713	-122.251152
4568.403625	-121.302315
4569.076538	-121.482246
4569.749451	-121.368690
4570.422363	-121.535667
4571.095276	-121.584549
4571.768188	-121.709419
4572.441101	-121.700462
4573.114014	-121.458069
4573.786926	-121.841881
4574.459839	-121.287827
4575.132751	-121.972435
4575.805664	-122.511002
4576.478577	-122.099922
4577.151489	-122.401993
4577.824402	-122.177635
4578.497314	-121.267021
4579.170227	-121.161942
4579.843140	-121.491203
4580.516052	-121.788567
4581.188965	-121.735527
4581.861877	-121.222809
4582.534790	-121.435333
4583.207703	-121.430069
4583.880615	-121.093933
4584.553528	-120.845139
4585.226440	-120.771370
4585.899353	-121.118225
4586.572266	-122.017410
4587.245178	-122.431778
4587.918091	-121.501175
4588.591003	-121.223289
4589.263916	-121.656166
4589.936829	-121.633987
4590.609741	-121.695465
4591.282654	-122.171059
4591.955566	-122.204498
4592.628479	-121.680832
4593.301392	-121.905464
4593.974304	-121.194839
4594.647217	-121.877556
4595.320129	-122.092476
4595.993042	-121.198792
4596.665955	-121.496841
4597.338867	-121.782013
4598.011780	-121.550362
4598.684692	-121.657776
4599.357605	-121.321114
4600.030518	-121.139114
4600.703430	-121.354836
4601.376343	-121.411079
4602.049255	-121.319366
4602.722168	-121.801552
4603.395081	-121.732796
4604.067993	-121.385628
4604.740906	-120.960197
4605.413818	-121.345177
4606.086731	-121.732513
4606.759644	-121.630417
4607.432556	-121.527443
4608.105469	-121.395004
4608.778381	-122.082817
4609.451294	-121.961182
4610.124207	-123.130852
4610.797119	-122.261108
4611.470032	-121.152863
4612.142944	-121.640121
4612.815857	-121.799683
4613.488770	-122.029686
4614.161682	-121.040901
4614.834595	-121.553894
4615.507507	-121.462769
4616.180420	-121.929382
4616.853333	-121.885170
4617.526245	-121.730659
4618.199158	-122.413033
4618.872070	-121.490250
4619.544983	-120.861267
4620.217896	-121.126144
4620.890808	-121.325905
4621.563721	-121.754936
4622.236633	-121.982964
4622.909546	-121.343071
4623.582458	-121.851112
4624.255371	-121.561378
4624.928284	-121.565681
4625.601196	-122.087166
4626.274109	-122.036072
4626.947021	-121.933937
4627.619934	-121.375412
4628.292847	-122.251236
4628.965759	-122.246498
4629.638672	-120.827995
4630.311584	-121.673042
4630.984497	-123.088631
4631.657410	-121.960182
4632.330322	-122.131996
4633.003235	-122.039986
4633.676147	-121.243233
4634.349060	-122.078453
4635.021973	-121.648766
4635.694885	-121.346329
4636.367798	-122.295708
4637.040710	-121.321419
4637.713623	-121.477058
4638.386536	-121.158859
4639.059448	-121.045471
4639.732361	-122.149490
4640.405273	-121.609314
4641.078186	-121.128883
4641.751099	-121.481842
4642.424011	-121.442322
4643.096924	-121.280388
4643.769836	-121.108711
4644.442749	-121.800499
4645.115662	-122.257805
4645.788574	-121.738243
4646.461487	-121.493675
4647.134399	-121.378624
4647.807312	-122.144936
4648.480225	-122.092499
4649.153137	-122.013657
4649.826050	-121.262177
4650.498962	-120.125961
4651.171875	-120.731483
4651.844788	-121.881256
4652.517700	-122.098068
4653.190613	-121.600494
4653.863525	-121.304169
4654.536438	-121.122253
4655.209351	-121.491333
4655.882263	-121.677879
4656.555176	-120.507599
4657.228088	-120.817528
4657.901001	-120.469406
4658.573914	-121.770172
4659.246826	-122.188553
4659.919739	-122.193268
4660.592651	-121.666962
4661.265564	-121.488579
4661.938477	-120.967590
4662.611389	-121.426933
4663.284302	-121.069695
4663.957214	-120.949112
4664.630127	-120.901039
4665.303040	-120.946701
4665.975952	-121.704750
4666.648865	-121.502449
4667.321777	-121.620522
4667.994690	-121.580872
4668.667603	-121.723358
4669.340515	-122.056305
4670.013428	-122.176247
4670.686340	-121.725555
4671.359253	-121.619125
4672.032166	-121.202614
4672.705078	-121.477386
4673.377991	-121.831940
4674.050903	-121.886887
4674.723816	-122.375343
4675.396729	-121.372719
4676.069641	-121.498596
4676.742554	-122.053520
4677.415466	-122.048042
4678.088379	-121.423706
4678.761292	-121.103127
4679.434204	-122.108322
4680.107117	-122.644218
4680.780029	-121.827507
4681.452942	-122.232292
4682.125854	-122.236938
4682.798767	-121.858406
4683.471680	-121.562431
4684.144592	-121.398964
4684.817505	-121.392120
4685.490417	-120.753952
4686.163330	-121.139030
4686.836243	-121.736969
4687.509155	-121.887215
4688.182068	-121.494705
4688.854980	-121.494583
4689.527893	-121.735619
4690.200806	-122.049103
4690.873718	-121.464897
4691.546631	-121.589745
4692.219543	-121.377960
4692.892456	-121.241493
4693.565369	-121.636772
4694.238281	-121.476707
4694.911194	-121.319382
4695.584106	-121.835266
4696.257019	-122.105103
4696.929932	-122.123787
4697.602844	-121.131973
4698.275757	-121.382233
4698.948669	-121.357613
4699.621582	-121.801147
4700.294495	-121.346489
4700.967407	-121.817528
4701.640320	-121.259460
4702.313232	-120.564461
4702.986145	-120.967171
4703.659058	-121.107216
4704.331970	-121.055855
4705.004883	-121.941978
4705.677795	-121.558746
4706.350708	-121.459297
4707.023621	-121.044823
4707.696533	-121.391136
4708.369446	-121.377968
4709.042358	-121.484177
4709.715271	-121.479843
4710.388184	-122.387405
4711.061096	-121.733002
4711.734009	-120.584030
4712.406921	-120.645828
4713.079834	-121.183762
4713.752747	-120.870232
4714.425659	-122.351250
4715.098572	-122.128555
4715.771484	-122.024033
4716.444397	-121.900024
4717.117310	-121.509537
4717.790222	-121.459000
4718.463135	-121.933411
4719.136047	-122.094482
4719.808960	-121.122711
4720.481873	-121.507904
4721.154785	-120.773300
4721.827698	-121.247719
4722.500610	-121.439972
4723.173523	-121.308479
4723.846436	-120.622536
4724.519348	-121.581657
4725.192261	-122.026649
4725.865173	-121.794296
4726.538086	-121.037376
4727.210999	-121.399399
4727.883911	-121.577675
4728.556824	-121.952927
4729.229736	-122.164505
4729.902649	-120.730553
4730.575562	-120.625214
4731.248474	-120.967148
4731.921387	-121.403419
4732.594299	-121.550850
4733.267212	-121.306236
4733.940125	-121.306847
4734.613037	-121.090416
4735.285950	-121.788673
4735.958862	-121.486778
4736.631775	-121.942528
4737.304688	-121.673698
4737.977600	-121.502876
4738.650513	-121.936295
4739.323425	-121.591324
4739.996338	-121.931480
4740.669250	-122.187767
4741.342163	-122.278908
4742.015076	-121.250237
4742.687988	-121.074448
4743.360901	-121.867584
4744.033813	-121.796356
4744.706726	-121.761192
4745.379639	-121.718437
4746.052551	-121.765694
4746.725464	-121.144135
4747.398376	-120.731895
4748.071289	-121.423302
4748.744202	-121.115479
4749.417114	-121.272064
4750.090027	-121.939629
4750.762939	-122.648155
4751.435852	-122.126503
4752.108765	-122.141899
4752.781677	-120.736710
4753.454590	-122.058334
4754.127502	-121.317276
4754.800415	-121.449707
4755.473328	-121.934158
4756.146240	-121.349686
4756.819153	-121.577499
4757.492065	-121.244049
4758.164978	-121.977654
4758.837891	-121.799751
4759.510803	-121.573067
4760.183716	-122.894653
4760.856628	-122.348358
4761.529541	-121.845741
4762.202454	-121.855530
4762.875366	-121.384048
4763.548279	-122.006378
4764.221191	-121.176346
4764.894104	-121.284554
4765.567017	-121.627136
4766.239929	-121.842911
4766.912842	-122.185822
4767.585754	-122.775650
4768.258667	-121.782898
4768.931580	-121.571388
4769.604492	-121.397324
4770.277405	-121.655815
4770.950317	-121.973541
4771.623230	-121.274376
4772.296143	-121.640434
4772.969055	-121.583443
4773.641968	-121.728874
4774.314880	-122.731583
4774.987793	-121.935188
4775.660706	-121.256531
4776.333618	-121.935394
4777.006531	-122.802086
4777.679443	-122.307861
4778.352356	-121.870789
4779.025269	-122.432259
4779.698181	-122.769203
4780.371094	-122.643105
4781.044006	-122.445572
4781.716919	-121.759033
4782.389832	-121.490555
4783.062744	-121.268082
4783.735657	-121.352386
4784.408569	-121.553833
4785.081482	-121.045509
4785.754395	-120.506210
4786.427307	-120.730553
4787.100220	-120.540031
4787.773132	-120.711166
4788.446045	-121.326691
4789.118958	-121.915451
4789.791870	-122.265488
4790.464783	-122.426826
4791.137695	-122.312675
4791.810608	-120.712425
4792.483521	-120.740204
4793.156433	-121.812462
4793.829346	-122.896072
4794.502258	-121.822121
4795.175171	-121.826820
4795.848083	-122.576691
4796.520996	-122.084145
4797.193909	-121.073967
4797.866821	-120.335403
4798.539734	-121.158188
4799.212646	-121.732971
4799.885559	-121.809074
4800.558472	-121.058510
4801.231384	-121.867538
4801.904297	-122.971092
4802.577209	-121.606216
4803.250122	-121.311684
4803.923035	-122.156845
4804.595947	-122.904457
4805.268860	-122.170738
4805.941772	-122.059387
4806.614685	-121.820259
4807.287598	-122.850090
4807.960510	-122.267944
4808.633423	-122.061569
4809.306335	-121.328995
4809.979248	-120.856529
4810.652161	-121.652344
4811.325073	-121.606483
4811.997986	-121.282028
4812.670898	-121.112747
4813.343811	-121.526154
4814.016724	-121.648209
4814.689636	-120.927879
4815.362549	-121.560776
4816.035461	-122.217888
4816.708374	-122.691864
4817.381287	-122.102127
4818.054199	-121.072533
4818.727112	-120.825188
4819.400024	-121.180313
4820.072937	-121.734245
4820.745850	-122.092575
4821.418762	-121.775414
4822.091675	-121.667938
4822.764587	-121.485550
4823.437500	-121.702904
4824.110413	-121.719002
4824.783325	-121.090584
4825.456238	-122.062149
4826.129150	-121.805428
4826.802063	-122.218452
4827.474976	-122.009064
4828.147888	-121.534180
4828.820801	-120.754982
4829.493713	-121.602013
4830.166626	-121.600960
4830.839539	-121.766068
4831.512451	-121.356819
4832.185364	-121.069839
4832.858276	-121.695663
4833.531189	-121.669907
4834.204102	-121.591255
4834.877014	-121.385132
4835.549927	-121.339272
4836.222839	-121.732727
4836.895752	-122.123039
4837.568665	-121.781815
4838.241577	-120.997368
4838.914490	-121.125008
4839.587402	-121.602287
4840.260315	-121.951668
4840.933228	-121.848724
4841.606140	-120.961365
4842.279053	-120.854561
4842.951965	-121.014854
4843.624878	-122.146805
4844.297791	-121.103561
4844.970703	-122.043037
4845.643616	-122.402092
4846.316528	-121.740433
4846.989441	-121.694481
4847.662354	-121.368515
4848.335266	-121.317642
4849.008179	-121.292747
4849.681091	-121.121437
4850.354004	-122.074722
4851.026917	-122.179474
4851.699829	-121.838181
4852.372742	-121.456627
4853.045654	-120.810509
4853.718567	-121.310005
4854.391479	-122.122055
4855.064392	-121.964249
4855.737305	-122.191582
4856.410217	-122.450279
4857.083130	-122.479836
4857.756042	-122.606964
4858.428955	-121.989662
4859.101868	-122.010223
4859.774780	-122.554123
4860.447693	-121.909973
4861.120605	-120.905838
4861.793518	-120.968529
4862.466431	-121.287766
4863.139343	-120.752861
4863.812256	-120.964394
4864.485168	-121.431549
4865.158081	-121.345230
4865.830994	-121.027634
4866.503906	-120.964912
4867.176819	-121.159721
4867.849731	-122.169861
4868.522644	-122.282059
4869.195557	-121.003960
4869.868469	-121.041557
4870.541382	-122.408119
4871.214294	-121.489479
4871.887207	-121.126625
4872.560120	-121.621483
4873.233032	-121.853340
4873.905945	-121.657875
4874.578857	-121.255974
4875.251770	-121.883377
4875.924683	-122.547668
4876.597595	-121.908798
4877.270508	-121.156631
4877.943420	-121.020157
4878.616333	-122.688797
4879.289246	-121.616699
4879.962158	-121.954117
4880.635071	-122.066093
4881.307983	-121.263046
4881.980896	-121.370377
4882.653809	-121.163307
4883.326721	-121.173630
4883.999634	-121.032356
4884.672546	-120.937157
4885.345459	-121.546646
4886.018372	-121.657318
4886.691284	-122.106018
4887.364197	-122.544533
4888.037109	-121.493904
4888.710022	-121.381416
4889.382935	-121.340256
4890.055847	-121.466660
4890.728760	-121.873795
4891.401672	-121.188629
4892.074585	-121.153038
4892.747498	-121.265923
4893.420410	-121.399811
4894.093323	-121.017830
4894.766235	-121.572517
4895.439148	-122.259933
4896.112061	-121.463524
4896.784973	-121.948036
4897.457886	-122.039772
4898.130798	-122.130295
4898.803711	-121.786179
4899.476624	-121.356003
4900.149536	-122.547607
4900.822449	-121.938759
4901.495361	-121.680611
4902.168274	-121.363518
4902.841187	-121.953545
4903.514099	-122.361183
4904.187012	-121.856140
4904.859924	-122.162575
4905.532837	-121.624527
4906.205750	-121.353065
4906.878662	-121.311836
4907.551575	-121.243546
4908.224487	-121.087799
4908.897400	-121.880676
4909.570312	-121.569305
4910.243225	-122.201408
4910.916138	-123.531937
4911.589050	-122.212379
4912.261963	-121.345055
4912.934875	-121.527695
4913.607788	-122.377007
4914.280701	-121.981041
4914.953613	-121.523346
4915.626526	-121.865486
4916.299438	-121.286400
4916.972351	-121.583450
4917.645264	-121.732918
4918.318176	-121.410774
4918.991089	-121.889465
4919.664001	-121.169991
4920.336914	-121.414284
4921.009827	-121.817322
4921.682739	-122.011864
4922.355652	-121.536568
4923.028564	-121.368126
4923.701477	-121.687843
4924.374390	-121.272064
4925.047302	-121.385674
4925.720215	-121.041260
4926.393127	-121.476105
4927.066040	-121.598969
4927.738953	-121.108803
4928.411865	-121.577423
4929.084778	-121.771843
4929.757690	-121.105499
4930.430603	-121.056328
4931.103516	-120.764107
4931.776428	-120.868042
4932.449341	-121.828476
4933.122253	-122.213905
4933.795166	-122.080902
4934.468079	-122.342552
4935.140991	-122.427795
4935.813904	-121.384682
4936.486816	-121.358597
4937.159729	-121.481544
4937.832642	-121.221390
4938.505554	-121.244438
4939.178467	-122.255280
4939.851379	-122.561966
4940.524292	-121.604698
4941.197205	-121.003777
4941.870117	-121.259689
4942.543030	-121.422935
4943.215942	-122.349701
4943.888855	-122.862572
4944.561768	-121.676361
4945.234680	-122.651451
4945.907593	-122.580910
4946.580505	-121.489731
4947.253418	-121.392136
4947.926331	-122.209663
4948.599243	-122.083992
4949.272156	-121.415306
4949.945068	-121.572243
4950.617981	-121.400116
4951.290894	-121.283775
4951.963806	-120.922356
4952.636719	-121.789436
4953.309631	-121.423042
4953.982544	-121.101379
4954.655457	-121.247513
4955.328369	-122.026360
4956.001282	-122.714684
4956.674194	-122.443382
4957.347107	-122.030457
4958.020020	-121.573708
4958.692932	-120.797760
4959.365845	-121.856133
4960.038757	-121.830345
4960.711670	-121.232895
4961.384583	-121.080002
4962.057495	-121.338287
4962.730408	-120.859489
4963.403320	-120.889420
4964.076233	-121.426468
4964.749146	-121.973289
4965.422058	-121.068420
4966.094971	-121.102249
4966.767883	-121.593758
4967.440796	-121.750114
4968.113708	-121.244980
4968.786621	-120.880692
4969.459534	-121.826385
4970.132446	-121.201393
4970.805359	-121.147461
4971.478271	-120.623718
4972.151184	-121.254471
4972.824097	-121.377167
4973.497009	-122.081947
4974.169922	-121.977928
4974.842834	-121.851669
4975.515747	-121.647858
4976.188660	-121.543625
4976.861572	-121.053780
4977.534485	-122.165894
4978.207397	-121.829620
4978.880310	-122.162308
4979.553223	-122.451584
4980.226135	-121.986618
4980.899048	-121.117645
4981.571960	-120.445778
4982.244873	-120.824158
4982.917786	-121.153137
4983.590698	-121.908142
4984.263611	-121.240967
4984.936523	-120.865089
4985.609436	-121.336983
4986.282349	-121.913902
4986.955261	-122.144150
4987.628174	-122.064507
4988.301086	-122.620148
4988.973999	-122.192688
4989.646912	-121.944084
4990.319824	-121.576714
4990.992737	-121.815239
4991.665649	-122.108818
4992.338562	-122.706245
4993.011475	-122.004639
4993.684387	-122.177872
4994.357300	-122.017265
4995.030212	-122.139915
4995.703125	-121.630104
4996.376038	-121.184875
4997.048950	-121.246582
4997.721863	-121.662247
4998.394775	-121.770691
4999.067688	-120.776176
4999.740601	-120.640015
5000.413513	-120.960136
5001.086426	-120.918716
5001.759338	-121.293999
5002.432251	-122.018723
5003.105164	-121.584129
5003.778076	-121.604721
5004.450989	-121.543793
5005.123901	-121.512962
5005.796814	-121.578445
5006.469727	-122.358665
5007.142639	-122.077110
5007.815552	-122.664742
5008.488464	-122.618500
5009.161377	-122.780045
5009.834290	-121.542877
5010.507202	-121.998627
5011.180115	-121.952194
5011.853027	-121.684128
5012.525940	-121.099380
5013.198853	-122.159279
5013.871765	-121.899979
5014.544678	-121.347076
5015.217590	-121.846878
5015.890503	-121.709381
5016.563416	-120.791138
5017.236328	-120.787437
5017.909241	-121.002747
5018.582153	-121.905334
5019.255066	-121.958801
5019.927979	-121.702309
5020.600891	-122.658089
5021.273804	-121.782219
5021.946716	-121.184143
5022.619629	-122.125618
5023.292542	-122.201126
5023.965454	-122.046646
5024.638367	-121.525780
5025.311279	-121.388466
5025.984192	-120.934273
5026.657104	-121.906120
5027.330017	-121.924751
5028.002930	-121.723122
5028.675842	-122.225655
5029.348755	-122.052711
5030.021667	-121.891243
5030.694580	-121.908714
5031.367493	-122.288704
5032.040405	-123.343491
5032.713318	-122.503990
5033.386230	-121.720848
5034.059143	-121.741928
5034.732056	-122.358566
5035.404968	-121.836945
5036.077881	-121.870934
5036.750793	-122.401588
5037.423706	-122.028900
5038.096619	-121.807838
5038.769531	-122.198006
5039.442444	-121.793266
5040.115356	-120.660202
5040.788269	-121.358765
5041.461182	-120.599342
5042.134094	-121.302429
5042.807007	-122.245377
5043.479919	-121.612228
5044.152832	-121.319862
5044.825745	-122.820030
5045.498657	-122.383659
5046.171570	-122.004662
5046.844482	-121.862717
5047.517395	-121.514557
5048.190308	-121.982521
5048.863220	-121.584206
5049.536133	-121.507278
5050.209045	-122.374580
5050.881958	-122.264671
5051.554871	-122.250023
5052.227783	-122.943695
5052.900696	-122.461685
5053.573608	-121.639420
5054.246521	-121.333214
5054.919434	-121.787956
5055.592346	-122.029984
5056.265259	-121.224670
5056.938171	-121.102615
5057.611084	-121.656448
5058.283997	-121.772980
5058.956909	-121.471489
5059.629822	-121.243752
5060.302734	-120.838333
5060.975647	-120.767838
5061.648560	-121.664703
5062.321472	-122.533340
5062.994385	-122.064293
5063.667297	-122.009811
5064.340210	-121.431038
5065.013123	-121.699120
5065.686035	-121.878334
5066.358948	-121.487289
5067.031860	-121.819557
5067.704773	-120.822708
5068.377686	-121.160278
5069.050598	-121.555016
5069.723511	-122.013062
5070.396423	-122.274330
5071.069336	-122.139290
5071.742249	-121.874313
5072.415161	-121.794632
5073.088074	-121.803467
5073.760986	-121.089363
5074.433899	-121.041473
5075.106812	-121.447105
5075.779724	-120.655571
5076.452637	-121.261810
5077.125549	-120.778862
5077.798462	-121.397453
5078.471375	-122.501114
5079.144287	-122.679596
5079.817200	-121.858963
5080.490112	-121.331818
5081.163025	-121.539253
5081.835938	-121.244858
5082.508850	-121.877525
5083.181763	-121.914421
5083.854675	-122.402061
5084.527588	-122.047844
5085.200500	-122.524345
5085.873413	-122.459282
5086.546326	-122.633568
5087.219238	-122.147888
5087.892151	-121.453735
5088.565063	-120.958939
5089.237976	-121.363480
5089.910889	-122.228622
5090.583801	-122.234459
5091.256714	-121.410553
5091.929626	-122.035309
5092.602539	-121.682816
5093.275452	-122.003159
5093.948364	-122.431618
5094.621277	-121.101280
5095.294189	-121.211517
5095.967102	-120.902016
5096.640015	-121.594650
5097.312927	-121.617287
5097.985840	-120.862335
5098.658752	-121.230721
5099.331665	-121.696342
5100.004578	-122.490715
5100.677490	-122.301468
5101.350403	-122.115143
5102.023315	-122.068527
5102.696228	-121.924133
5103.369141	-121.688141
5104.042053	-121.899345
5104.714966	-121.799072
5105.387878	-121.273735
5106.060791	-120.755577
5106.733704	-121.520340
5107.406616	-121.090584
5108.079529	-121.042786
5108.752441	-121.481270
5109.425354	-121.355568
5110.098267	-121.622467
5110.771179	-122.150360
5111.444092	-122.388763
5112.117004	-122.200058
5112.789917	-121.959518
5113.462830	-121.719536
5114.135742	-121.955925
5114.808655	-121.398277
5115.481567	-121.735390
5116.154480	-122.040619
5116.827393	-121.196930
5117.500305	-121.377785
5118.173218	-121.719421
5118.846130	-121.842575
5119.519043	-121.393509
5120.191956	-121.123627
5120.864868	-121.996269
5121.537781	-122.129730
5122.210693	-121.852608
5122.883606	-121.811386
5123.556519	-122.105850
5124.229431	-122.585770
5124.902344	-122.764046
5125.575256	-122.803062
5126.248169	-122.046738
5126.921082	-121.032234
5127.593994	-120.786789
5128.266907	-121.369904
5128.939819	-122.205933
5129.612732	-122.309921
5130.285645	-122.256233
5130.958557	-121.419991
5131.631470	-121.385658
5132.304382	-121.523117
5132.977295	-121.467163
5133.650208	-121.767220
5134.323120	-122.067146
5134.996033	-122.413460
5135.668945	-121.399651
5136.341858	-122.009315
5137.014771	-122.111732
5137.687683	-121.214790
5138.360596	-120.858528
5139.033508	-120.670868
5139.706421	-120.993187
5140.379333	-122.057831
5141.052246	-121.624748
5141.725159	-121.627426
5142.398071	-121.527092
5143.070984	-122.183556
5143.743896	-122.016411
5144.416809	-122.315102
5145.089722	-124.083366
5145.762634	-122.685402
5146.435547	-121.622032
5147.108459	-120.920021
5147.781372	-120.996964
5148.454285	-121.988243
5149.127197	-121.763985
5149.800110	-122.288422
5150.473022	-121.246254
5151.145935	-122.104378
5151.818848	-121.953705
5152.491760	-121.474121
5153.164673	-121.252625
5153.837585	-122.750961
5154.510498	-122.732521
5155.183411	-122.330109
5155.856323	-121.891602
5156.529236	-121.679596
5157.202148	-121.866249
5157.875061	-121.415268
5158.547974	-121.516769
5159.220886	-121.373779
5159.893799	-121.786690
5160.566711	-121.969490
5161.239624	-122.331055
5161.912537	-123.027328
5162.585449	-121.413811
5163.258362	-121.446838
5163.931274	-122.040176
5164.604187	-121.646431
5165.277100	-121.372414
5165.950012	-121.323639
5166.622925	-121.347527
5167.295837	-121.462357
5167.968750	-121.321220
5168.641663	-121.322853
5169.314575	-122.757538
5169.987488	-122.543625
5170.660400	-122.060036
5171.333313	-121.542435
5172.006226	-121.663162
5172.679138	-121.607483
5173.352051	-121.517265
5174.024963	-121.626251
5174.697876	-120.704147
5175.370789	-120.824593
5176.043701	-121.520309
5176.716614	-121.380432
5177.389526	-121.479706
5178.062439	-122.009041
5178.735352	-121.648506
5179.408264	-121.062660
5180.081177	-121.315201
5180.754089	-121.750824
5181.427002	-122.111839
5182.099915	-121.800842
5182.772827	-122.388481
5183.445740	-122.007912
5184.118652	-120.878548
5184.791565	-120.608971
5185.464478	-121.942154
5186.137390	-121.988876
5186.810303	-121.556999
5187.483215	-121.608047
5188.156128	-122.708046
5188.829041	-121.692635
5189.501953	-122.028038
5190.174866	-122.219955
5190.847778	-121.757980
5191.520691	-121.857002
5192.193604	-122.742561
5192.866516	-122.768547
5193.539429	-122.131950
5194.212341	-123.058266
5194.885254	-122.040840
5195.558167	-121.924866
5196.231079	-121.487381
5196.903992	-121.044067
5197.576904	-121.112061
5198.249817	-122.048248
5198.922729	-121.481865
5199.595642	-120.968483
5200.268555	-121.789444
5200.941467	-120.950638
5201.614380	-121.175301
5202.287292	-121.446678
5202.960205	-122.695267
5203.633118	-122.166916
5204.306030	-121.666626
5204.978943	-121.438957
5205.651855	-121.053619
5206.324768	-121.398163
5206.997681	-121.497215
5207.670593	-122.140457
5208.343506	-122.728806
5209.016418	-121.860222
5209.689331	-121.524109
5210.362244	-122.211700
5211.035156	-121.985092
5211.708069	-121.605698
5212.380981	-120.917183
5213.053894	-121.488594
5213.726807	-121.587288
5214.399719	-121.321930
5215.072632	-122.010612
5215.745544	-121.716896
5216.418457	-121.698273
5217.091370	-121.406677
5217.764282	-121.472672
5218.437195	-122.076973
5219.110107	-121.939743
5219.783020	-120.950264
5220.455933	-120.877350
5221.128845	-121.412056
5221.801758	-122.706314
5222.474670	-122.423080
5223.147583	-121.346741
5223.820496	-121.091408
5224.493408	-120.975517
5225.166321	-120.661728
5225.839233	-121.706055
5226.512146	-122.770996
5227.185059	-122.481377
5227.857971	-121.753586
5228.530884	-121.705421
5229.203796	-121.780815
5229.876709	-120.755684
5230.549622	-121.835495
5231.222534	-121.297760
5231.895447	-121.221176
5232.568359	-121.434372
5233.241272	-121.565063
5233.914185	-121.816475
5234.587097	-122.148445
5235.260010	-122.838631
5235.932922	-121.952927
5236.605835	-121.718590
5237.278748	-121.636284
5237.951660	-121.764137
5238.624573	-120.960152
5239.297485	-121.420837
5239.970398	-121.849937
5240.643311	-121.250542
5241.316223	-121.758873
5241.989136	-121.373657
5242.662048	-121.356956
5243.334961	-121.573448
5244.007874	-121.736816
5244.680786	-122.104065
5245.353699	-121.733414
5246.026611	-121.470512
5246.699524	-121.940796
5247.372437	-122.413696
5248.045349	-122.053757
5248.718262	-122.599030
5249.391174	-122.742821
5250.064087	-122.146683
5250.737000	-122.208031
5251.409912	-121.828430
5252.082825	-122.192741
5252.755737	-121.546547
5253.428650	-121.737259
5254.101562	-122.691856
5254.774475	-121.513390
5255.447388	-121.262657
5256.120300	-121.846046
5256.793213	-121.543121
5257.466125	-120.759888
5258.139038	-121.785507
5258.811951	-121.566338
5259.484863	-121.891281
5260.157776	-122.012070
5260.830688	-121.482147
5261.503601	-122.095932
5262.176514	-121.569038
5262.849426	-122.456795
5263.522339	-122.248901
5264.195251	-122.287460
5264.868164	-121.882263
5265.541077	-120.931442
5266.213989	-121.582947
5266.886902	-121.587875
5267.559814	-121.406853
5268.232727	-121.675667
5268.905640	-121.903015
5269.578552	-121.943741
5270.251465	-122.051277
5270.924377	-122.529343
5271.597290	-122.230637
5272.270203	-121.503052
5272.943115	-121.433449
5273.616028	-121.416878
5274.288940	-121.382225
5274.961853	-121.223328
5275.634766	-121.601151
5276.307678	-121.816101
5276.980591	-121.886154
5277.653503	-121.868637
5278.326416	-122.149834
5278.999329	-121.279228
5279.672241	-121.488472
5280.345154	-122.257545
5281.018066	-122.713730
5281.690979	-122.347557
5282.363892	-121.829384
5283.036804	-122.363503
5283.709717	-121.953545
5284.382629	-122.094795
5285.055542	-122.162903
5285.728455	-122.024612
5286.401367	-122.911568
5287.074280	-122.452850
5287.747192	-121.653778
5288.420105	-121.473633
5289.093018	-121.407661
5289.765930	-121.788124
5290.438843	-121.178444
5291.111755	-121.187218
5291.784668	-120.804344
5292.457581	-120.639664
5293.130493	-120.854546
5293.803406	-121.306740
5294.476318	-121.716492
5295.149231	-121.146164
5295.822144	-120.733360
5296.495056	-121.560715
5297.167969	-120.948059
5297.840881	-121.230179
5298.513794	-121.585709
5299.186707	-121.308693
5299.859619	-121.738617
5300.532532	-121.120926
5301.205444	-121.227104
5301.878357	-121.584770
5302.551270	-121.817070
5303.224182	-121.421356
5303.897095	-121.503891
5304.570007	-121.990524
5305.242920	-122.151199
5305.915833	-121.514473
5306.588745	-121.164978
5307.261658	-122.005447
5307.934570	-122.099937
5308.607483	-121.502083
5309.280396	-121.707687
5309.953308	-121.479492
5310.626221	-121.776741
5311.299133	-122.059479
5311.972046	-122.118301
5312.644958	-121.891235
5313.317871	-121.710518
5313.990784	-121.602470
5314.663696	-121.967613
5315.336609	-121.822678
5316.009521	-121.895660
5316.682434	-122.129768
5317.355347	-121.483261
5318.028259	-121.518646
5318.701172	-121.808167
5319.374084	-121.817978
5320.046997	-121.790283
5320.719910	-121.820953
5321.392822	-121.349709
5322.065735	-121.985710
5322.738647	-121.884857
5323.411560	-121.734322
5324.084473	-122.592278
5324.757385	-122.009972
5325.430298	-121.947205
5326.103210	-121.818115
5326.776123	-121.452850
5327.449036	-121.844978
5328.121948	-121.452065
5328.794861	-120.962227
5329.467773	-121.198975
5330.140686	-121.556770
5330.813599	-122.123276
5331.486511	-121.366112
5332.159424	-122.154343
5332.832336	-121.446831
5333.505249	-121.548302
5334.178162	-121.986542
5334.851074	-121.456535
5335.523987	-121.943413
5336.196899	-121.698952
5336.869812	-121.974037
5337.542725	-121.974274
5338.215637	-121.900108
5338.888550	-121.043327
5339.561462	-120.981377
5340.234375	-121.613945
5340.907288	-121.864883
5341.580200	-121.008362
5342.253113	-121.408775
5342.926025	-122.108131
5343.598938	-121.608932
5344.271851	-121.764656
5344.944763	-122.522537
5345.617676	-121.552002
5346.290588	-121.519188
5346.963501	-121.993752
5347.636414	-122.271286
5348.309326	-121.250320
5348.982239	-121.736435
5349.655151	-121.805618
5350.328064	-122.525070
5351.000977	-122.660355
5351.673889	-123.058548
5352.346802	-122.257027
5353.019714	-121.936073
5353.692627	-122.010963
5354.365540	-121.744797
5355.038452	-121.513771
5355.711365	-121.663734
5356.384277	-122.110390
5357.057190	-121.902466
5357.730103	-120.913383
5358.403015	-121.076874
5359.075928	-121.720711
5359.748840	-122.411423
5360.421753	-122.023537
5361.094666	-121.480316
5361.767578	-121.679832
5362.440491	-121.957634
5363.113403	-122.228020
5363.786316	-121.595291
5364.459229	-122.116524
5365.132141	-122.227837
5365.805054	-121.226715
5366.477966	-121.488083
5367.150879	-121.838081
5367.823792	-121.189911
5368.496704	-121.217453
5369.169617	-121.710320
5369.842529	-122.543686
5370.515442	-121.289856
5371.188354	-121.377388
5371.861267	-121.801132
5372.534180	-121.470627
5373.207092	-122.282196
5373.880005	-121.837738
5374.552917	-121.901115
5375.225830	-121.494507
5375.898743	-121.866798
5376.571655	-122.160767
5377.244568	-122.014061
5377.917480	-121.900299
5378.590393	-122.137474
5379.263306	-122.330048
5379.936218	-122.420242
5380.609131	-122.272980
5381.282043	-122.665627
5381.954956	-121.594826
5382.627869	-121.296555
5383.300781	-121.576126
5383.973694	-122.359558
5384.646606	-122.920616
5385.319519	-121.772179
5385.992432	-120.980148
5386.665344	-122.032494
5387.338257	-122.408478
5388.011169	-121.689056
5388.684082	-121.789803
5389.356995	-121.708115
5390.029907	-121.431519
5390.702820	-121.706284
5391.375732	-121.360504
5392.048645	-122.480400
5392.721558	-121.815697
5393.394470	-121.558525
5394.067383	-121.710976
5394.740295	-121.693977
5395.413208	-121.420090
5396.086121	-121.241447
5396.759033	-121.898849
5397.431946	-122.514885
5398.104858	-121.917336
5398.777771	-121.378471
5399.450684	-121.229668
5400.123596	-121.562500
5400.796509	-121.423607
5401.469421	-120.844589
5402.142334	-121.521439
5402.815247	-121.225334
5403.488159	-121.331345
5404.161072	-121.153198
5404.833984	-120.970848
5405.506897	-120.921669
5406.179810	-120.476212
5406.852722	-121.766792
5407.525635	-122.327461
5408.198547	-121.916153
5408.871460	-122.446877
5409.544373	-122.433372
5410.217285	-122.278275
5410.890198	-121.832436
5411.563110	-121.687744
5412.236023	-122.862839
5412.908936	-122.780975
5413.581848	-122.048630
5414.254761	-121.815765
5414.927673	-122.006203
5415.600586	-122.000885
5416.273499	-122.237518
5416.946411	-121.881096
5417.619324	-121.946739
5418.292236	-122.336494
5418.965149	-122.052864
5419.638062	-122.109497
5420.310974	-121.272835
5420.983887	-122.051903
5421.656799	-122.186714
5422.329712	-122.436821
5423.002625	-122.124687
5423.675537	-121.762260
5424.348450	-121.788345
5425.021362	-121.564224
5425.694275	-121.710304
5426.367188	-123.114410
5427.040100	-122.867256
5427.713013	-121.692604
5428.385925	-121.600624
5429.058838	-122.092148
5429.731750	-122.548286
5430.404663	-121.419632
5431.077576	-121.315392
5431.750488	-122.502419
5432.423401	-122.339386
5433.096313	-121.910805
5433.769226	-122.162872
5434.442139	-121.906181
5435.115051	-122.012901
5435.787964	-122.509789
5436.460876	-122.497581
5437.133789	-121.976204
5437.806702	-121.171509
5438.479614	-121.209541
5439.152527	-121.267982
5439.825439	-121.074608
5440.498352	-121.375603
5441.171265	-121.040184
5441.844177	-121.061462
5442.517090	-121.822350
5443.190002	-122.233704
5443.862915	-121.991104
5444.535828	-121.350647
5445.208740	-121.682922
5445.881653	-121.326172
5446.554565	-121.463104
5447.227478	-121.998344
5447.900391	-122.168976
5448.573303	-121.931885
5449.246216	-122.505707
5449.919128	-121.648415
5450.592041	-121.348961
5451.264954	-121.949440
5451.937866	-122.266716
5452.610779	-122.132050
5453.283691	-122.184563
5453.956604	-121.847816
5454.629517	-121.868919
5455.302429	-122.674408
5455.975342	-122.726097
5456.648254	-121.510117
5457.321167	-121.779617
5457.994080	-122.387566
5458.666992	-122.477585
5459.339905	-121.956360
5460.012817	-121.610733
5460.685730	-121.480240
5461.358643	-121.818710
5462.031555	-121.691986
5462.704468	-121.569717
5463.377380	-122.318687
5464.050293	-122.183098
5464.723206	-122.560959
5465.396118	-121.869308
5466.069031	-121.847809
5466.741943	-121.547035
5467.414856	-121.757729
5468.087769	-122.342117
5468.760681	-122.150787
5469.433594	-121.998787
5470.106506	-122.519196
5470.779419	-122.227173
5471.452332	-122.082428
5472.125244	-121.945358
5472.798157	-121.838356
5473.471069	-122.594704
5474.143982	-122.340439
5474.816895	-121.415199
5475.489807	-121.885841
5476.162720	-121.363770
5476.835632	-121.310074
5477.508545	-122.186600
5478.181458	-122.931152
5478.854370	-122.323334
5479.527283	-121.871063
5480.200195	-121.946747
5480.873108	-121.486900
5481.546021	-121.325523
5482.218933	-121.365334
5482.891846	-121.668617
5483.564758	-122.279640
5484.237671	-121.130196
5484.910583	-120.808510
5485.583496	-120.995216
5486.256409	-121.808800
5486.929321	-121.777168
5487.602234	-121.659828
5488.275146	-121.125793
5488.948059	-121.625435
5489.620972	-122.220001
5490.293884	-121.737305
5490.966797	-121.815567
5491.639709	-122.076736
5492.312622	-122.235466
5492.985535	-122.209778
5493.658447	-122.027954
5494.331360	-122.117149
5495.004272	-122.158630
5495.677185	-122.500343
5496.350098	-122.854858
5497.023010	-122.133148
5497.695923	-122.119370
5498.368835	-122.125008
5499.041748	-121.668373
5499.714661	-121.980377
5500.387573	-122.303703
5501.060486	-121.505714
5501.733398	-121.989227
5502.406311	-122.218086
5503.079224	-122.313988
5503.752136	-122.336708
5504.425049	-121.603661
5505.097961	-121.294418
5505.770874	-121.297615
5506.443787	-121.526733
5507.116699	-121.293785
5507.789612	-121.627548
5508.462524	-121.707710
5509.135437	-121.695122
5509.808350	-122.789093
5510.481262	-122.809189
5511.154175	-122.073891
5511.827087	-120.958061
5512.500000	-120.500519
5513.172913	-120.686234
5513.845825	-120.987175
5514.518738	-121.362457
5515.191650	-121.587845
5515.864563	-121.446320
5516.537476	-121.422455
5517.210388	-121.466789
5517.883301	-121.938576
5518.556213	-121.474953
5519.229126	-121.702873
5519.902039	-123.096245
5520.574951	-122.116119
5521.247864	-121.236313
5521.920776	-121.010368
5522.593689	-120.710457
5523.266602	-122.052597
5523.939514	-122.439903
5524.612427	-121.414886
5525.285339	-121.151581
5525.958252	-121.933197
5526.631165	-122.512474
5527.304077	-122.132660
5527.976990	-122.151970
5528.649902	-121.775490
5529.322815	-122.187752
5529.995728	-122.125664
5530.668640	-121.823486
5531.341553	-121.411995
5532.014465	-121.763405
5532.687378	-121.342407
5533.360291	-122.071968
5534.033203	-121.809990
5534.706116	-121.898880
5535.379028	-122.299835
5536.051941	-121.994110
5536.724854	-122.043259
5537.397766	-121.431099
5538.070679	-121.912170
5538.743591	-122.144470
5539.416504	-121.121803
5540.089417	-121.560501
5540.762329	-121.873009
5541.435242	-121.149635
5542.108154	-121.162010
5542.781067	-121.412300
5543.453979	-121.445290
5544.126892	-122.006966
5544.799805	-121.897789
5545.472717	-122.056953
5546.145630	-121.832611
5546.818542	-122.436440
5547.491455	-122.757896
5548.164368	-121.989632
5548.837280	-121.331558
5549.510193	-121.983887
5550.183105	-121.387932
5550.856018	-121.991974
5551.528931	-121.514954
5552.201843	-122.132240
5552.874756	-122.132851
5553.547668	-121.844322
5554.220581	-121.568932
5554.893494	-121.086060
5555.566406	-121.827538
5556.239319	-122.105118
5556.912231	-122.190331
5557.585144	-121.754356
5558.258057	-121.516922
5558.930969	-122.059204
5559.603882	-123.162636
5560.276794	-123.310509
5560.949707	-122.237984
5561.622620	-121.405930
5562.295532	-121.554985
5562.968445	-121.985703
5563.641357	-121.800323
5564.314270	-121.468338
5564.987183	-121.564575
5565.660095	-121.889832
5566.333008	-122.458572
5567.005920	-122.155251
5567.678833	-121.977722
5568.351746	-122.265152
5569.024658	-122.514687
5569.697571	-121.615730
5570.370483	-121.088966
5571.043396	-121.710823
5571.716309	-121.721817
5572.389221	-121.604706
5573.062134	-122.843048
5573.735046	-122.404633
5574.407959	-122.013496
5575.080872	-122.175827
5575.753784	-121.902740
5576.426697	-122.054039
5577.099609	-121.619331
5577.772522	-121.406853
5578.445435	-122.108017
5579.118347	-121.661827
5579.791260	-120.895836
5580.464172	-120.473930
5581.137085	-121.241096
5581.809998	-122.018646
5582.482910	-121.347809
5583.155823	-121.877716
5583.828735	-121.915497
5584.501648	-121.604301
5585.174561	-121.484886
5585.847473	-121.461967
5586.520386	-121.408028
5587.193298	-121.348335
5587.866211	-121.584900
5588.539124	-122.057198
5589.212036	-121.991493
5589.884949	-121.477905
5590.557861	-121.857872
5591.230774	-122.233002
5591.903687	-121.811859
5592.576599	-122.128868
5593.249512	-121.777061
5593.922424	-121.950821
5594.595337	-121.905609
5595.268250	-121.559464
5595.941162	-121.682144
5596.614075	-121.860626
5597.286987	-122.042030
5597.959900	-122.164711
5598.632812	-121.632774
5599.305725	-121.787376
5599.978638	-122.926239
5600.651550	-122.278748
5601.324463	-121.804497
5601.997375	-122.745804
5602.670288	-122.398811
5603.343201	-122.460571
5604.016113	-122.200157
5604.689026	-121.316978
5605.361938	-121.287994
5606.034851	-121.136887
5606.707764	-121.513550
5607.380676	-121.210938
5608.053589	-122.128777
5608.726501	-121.481346
5609.399414	-121.114502
5610.072327	-121.775604
5610.745239	-122.793503
5611.418152	-122.066032
5612.091064	-121.885483
5612.763977	-121.562981
5613.436890	-121.044945
5614.109802	-121.676132
5614.782715	-122.268761
5615.455627	-122.257622
5616.128540	-121.349625
5616.801453	-121.703827
5617.474365	-121.694977
5618.147278	-121.594757
5618.820190	-121.746140
5619.493103	-122.392952
5620.166016	-122.534187
5620.838928	-121.888603
5621.511841	-121.195610
5622.184753	-121.877708
5622.857666	-121.197182
5623.530579	-121.550293
5624.203491	-121.857407
5624.876404	-122.434425
5625.549316	-122.565598
5626.222229	-121.591324
5626.895142	-121.726418
5627.568054	-121.733025
5628.240967	-121.824013
5628.913879	-122.350883
5629.586792	-122.327675
5630.259705	-121.684288
5630.932617	-122.422081
5631.605530	-121.978722
5632.278442	-121.336479
5632.951355	-122.401741
5633.624268	-122.368942
5634.297180	-122.137749
5634.970093	-121.475479
5635.643005	-121.687263
5636.315918	-122.250854
5636.988831	-121.617722
5637.661743	-121.257431
5638.334656	-121.544754
5639.007568	-121.828583
5639.680481	-121.653229
5640.353394	-122.332108
5641.026306	-121.759254
5641.699219	-121.600128
5642.372131	-122.370819
5643.045044	-122.002350
5643.717957	-122.114052
5644.390869	-123.568047
5645.063782	-123.138405
5645.736694	-122.102638
5646.409607	-121.535294
5647.082520	-121.297333
5647.755432	-121.358719
5648.428345	-121.634842
5649.101257	-122.191040
5649.774170	-122.040581
5650.447083	-122.297256
5651.119995	-122.584343
5651.792908	-121.678368
5652.465820	-121.485680
5653.138733	-122.584595
5653.811646	-121.832642
5654.484558	-121.537903
5655.157471	-122.174538
5655.830383	-122.401741
5656.503296	-122.293831
5657.176208	-122.243111
5657.849121	-122.286430
5658.522034	-122.162872
5659.194946	-122.695694
5659.867859	-123.804001
5660.540771	-123.060638
5661.213684	-121.075310
5661.886597	-121.420280
5662.559509	-121.983330
5663.232422	-121.721291
5663.905334	-120.621048
5664.578247	-120.433182
5665.251160	-121.001015
5665.924072	-121.575630
5666.596985	-121.999252
5667.269897	-121.777130
5667.942810	-122.854942
5668.615723	-122.035873
5669.288635	-121.254372
5669.961548	-121.874367
5670.634460	-121.455544
5671.307373	-122.204330
5671.980286	-122.619621
5672.653198	-122.165878
5673.326111	-121.417587
5673.999023	-121.474884
5674.671936	-121.793594
5675.344849	-121.444878
5676.017761	-121.200401
5676.690674	-121.359413
5677.363586	-121.718933
5678.036499	-121.501717
5678.709412	-121.581749
5679.382324	-121.697136
5680.055237	-121.322670
5680.728149	-122.036270
5681.401062	-122.378090
5682.073975	-122.000656
5682.746887	-121.084175
5683.419800	-120.945847
5684.092712	-120.729637
5684.765625	-121.793297
5685.438538	-122.526726
5686.111450	-121.870445
5686.784363	-121.339066
5687.457275	-121.672043
5688.130188	-121.971802
5688.803101	-122.222122
5689.476013	-122.215904
5690.148926	-121.971504
5690.821838	-122.729744
5691.494751	-121.944473
5692.167664	-122.373375
5692.840576	-122.144012
5693.513489	-122.659386
5694.186401	-123.400902
5694.859314	-122.306557
5695.532227	-121.888191
5696.205139	-122.507973
5696.878052	-121.571686
5697.550964	-121.740524
5698.223877	-122.314209
5698.896790	-122.112740
5699.569702	-122.017288
5700.242615	-121.488655
5700.915527	-122.172699
5701.588440	-121.943748
5702.261353	-121.581581
5702.934265	-121.363617
5703.607178	-121.871864
5704.280090	-122.082253
5704.953003	-121.486923
5705.625916	-122.164589
5706.298828	-122.137634
5706.971741	-120.908302
5707.644653	-120.923737
5708.317566	-122.051918
5708.990479	-122.747131
5709.663391	-122.076096
5710.336304	-122.107124
5711.009216	-122.407295
5711.682129	-122.160095
5712.355042	-121.699944
5713.027954	-121.882133
5713.700867	-121.540672
5714.373779	-121.397293
5715.046692	-121.408165
5715.719604	-121.734787
5716.392517	-121.968185
5717.065430	-122.008415
5717.738342	-121.152397
5718.411255	-122.586517
5719.084167	-122.851494
5719.757080	-121.890816
5720.429993	-121.154716
5721.102905	-121.134903
5721.775818	-122.081818
5722.448730	-121.959465
5723.121643	-122.073387
5723.794556	-121.937927
5724.467468	-122.057602
5725.140381	-122.082466
5725.813293	-122.021431
5726.486206	-121.902161
5727.159119	-122.222595
5727.832031	-121.599052
5728.504944	-120.799225
5729.177856	-122.077225
5729.850769	-123.274117
5730.523682	-123.132996
5731.196594	-122.064339
5731.869507	-121.248550
5732.542419	-121.498878
5733.215332	-121.932358
5733.888245	-122.129059
5734.561157	-121.775871
5735.234070	-121.649666
5735.906982	-121.264778
5736.579895	-121.371407
5737.252808	-122.061745
5737.925720	-121.947723
5738.598633	-121.961777
5739.271545	-121.992508
5739.944458	-121.832939
5740.617371	-121.904106
5741.290283	-122.877144
5741.963196	-122.792114
5742.636108	-122.694412
5743.309021	-121.946075
5743.981934	-121.968178
5744.654846	-121.579338
5745.327759	-121.224808
5746.000671	-121.449089
5746.673584	-121.629799
5747.346497	-122.442436
5748.019409	-121.817863
5748.692322	-120.717926
5749.365234	-121.159088
5750.038147	-121.682846
5750.711060	-121.801086
5751.383972	-121.474983
5752.056885	-121.557098
5752.729797	-123.023560
5753.402710	-122.867935
5754.075623	-122.432152
5754.748535	-121.873718
5755.421448	-121.722473
5756.094360	-122.238831
5756.767273	-121.167137
5757.440186	-121.071175
5758.113098	-121.125977
5758.786011	-121.319450
5759.458923	-121.615227
5760.131836	-121.980881
5760.804749	-121.893631
5761.477661	-121.102173
5762.150574	-121.883949
5762.823486	-123.067688
5763.496399	-122.584427
5764.169312	-121.784767
5764.842224	-122.713547
5765.515137	-121.902100
5766.188049	-122.052773
5766.860962	-121.648750
5767.533875	-121.569031
5768.206787	-121.694481
5768.879700	-120.969719
5769.552612	-120.566238
5770.225525	-121.190552
5770.898438	-122.059631
5771.571350	-121.725960
5772.244263	-121.470695
5772.917175	-121.374817
5773.590088	-121.670280
5774.263000	-121.450462
5774.935913	-121.502594
5775.608826	-122.338120
5776.281738	-122.426376
5776.954651	-122.007751
5777.627563	-121.806984
5778.300476	-121.789635
5778.973389	-122.535194
5779.646301	-122.322334
5780.319214	-122.145782
5780.992126	-123.000381
5781.665039	-122.342186
5782.337952	-121.920540
5783.010864	-121.952072
5783.683777	-121.568138
5784.356689	-121.672218
5785.029602	-122.238922
5785.702515	-121.755051
5786.375427	-121.487335
5787.048340	-121.266426
5787.721252	-122.263420
5788.394165	-122.962654
5789.067078	-122.530952
5789.739990	-121.750420
5790.412903	-121.434929
5791.085815	-122.082344
5791.758728	-122.277184
5792.431641	-122.281677
5793.104553	-123.478386
5793.777466	-122.783470
5794.450378	-121.840797
5795.123291	-122.010574
5795.796204	-121.227242
5796.469116	-121.754562
5797.142029	-121.753075
5797.814941	-122.583054
5798.487854	-122.733292
5799.160767	-122.308113
5799.833679	-122.274452
5800.506592	-122.434563
5801.179504	-122.249039
5801.852417	-121.773224
5802.525330	-121.807922
5803.198242	-122.737503
5803.871155	-122.418556
5804.544067	-122.449997
5805.216980	-122.004189
5805.889893	-121.938171
5806.562805	-121.693840
5807.235718	-121.476761
5807.908630	-121.230835
5808.581543	-121.862503
5809.254456	-122.160057
5809.927368	-122.371796
5810.600281	-122.299622
5811.273193	-121.045593
5811.946106	-121.840370
5812.619019	-122.290161
5813.291931	-121.464546
5813.964844	-121.600571
5814.637756	-121.764778
5815.310669	-121.361961
5815.983582	-121.508072
5816.656494	-121.516685
5817.329407	-121.765877
5818.002319	-121.414215
5818.675232	-121.603905
5819.348145	-121.475441
5820.021057	-121.940628
5820.693970	-122.428314
5821.366882	-121.421700
5822.039795	-121.639801
5822.712708	-121.986046
5823.385620	-122.126411
5824.058533	-123.085892
5824.731445	-122.475998
5825.404358	-122.511734
5826.077271	-122.886116
5826.750183	-122.678848
5827.423096	-121.288597
5828.096008	-120.967232
5828.768921	-122.769196
5829.441833	-122.381699
5830.114746	-121.871201
5830.787659	-122.034515
5831.460571	-122.807701
5832.133484	-122.087219
5832.806396	-121.679405
5833.479309	-122.326736
5834.152222	-122.107895
5834.825134	-121.765640
5835.498047	-122.278633
5836.170959	-122.073555
5836.843872	-121.492256
5837.516785	-122.355225
5838.189697	-122.712303
5838.862610	-122.438629
5839.535522	-122.479332
5840.208435	-122.430374
5840.881348	-122.232437
5841.554260	-121.610085
5842.227173	-120.778587
5842.900085	-121.944862
5843.572998	-122.613106
5844.245911	-122.046066
5844.918823	-123.052795
5845.591736	-122.119316
5846.264648	-122.374039
5846.937561	-122.145119
5847.610474	-121.611153
5848.283386	-121.619942
5848.956299	-121.575119
5849.629211	-121.201385
5850.302124	-122.032433
5850.975037	-122.032806
5851.647949	-122.223045
5852.320862	-122.128525
5852.993774	-122.395462
5853.666687	-122.410133
5854.339600	-122.226051
5855.012512	-121.571098
5855.685425	-121.244545
5856.358337	-121.742111
5857.031250	-121.206902
5857.704163	-121.672272
5858.377075	-122.145844
5859.049988	-121.960449
5859.722900	-122.834801
5860.395813	-122.956749
5861.068726	-123.015030
5861.741638	-122.134819
5862.414551	-120.762901
5863.087463	-121.287155
5863.760376	-122.680107
5864.433289	-122.568390
5865.106201	-121.820656
5865.779114	-122.169975
5866.452026	-121.670280
5867.124939	-121.776283
5867.797852	-121.568764
5868.470764	-121.805641
5869.143677	-121.651291
5869.816589	-121.999527
5870.489502	-121.796761
5871.162415	-121.468056
5871.835327	-121.890068
5872.508240	-121.782898
5873.181152	-121.734390
5873.854065	-121.572968
5874.526978	-122.115280
5875.199890	-121.936394
5875.872803	-122.198792
5876.545715	-122.090637
5877.218628	-121.816345
5877.891541	-121.601410
5878.564453	-122.377449
5879.237366	-122.190865
5879.910278	-121.361465
5880.583191	-122.662102
5881.256104	-122.986313
5881.929016	-122.284134
5882.601929	-122.616272
5883.274841	-121.871773
5883.947754	-121.289558
5884.620667	-121.798111
5885.293579	-123.304382
5885.966492	-122.505798
5886.639404	-121.904976
5887.312317	-122.297264
5887.985229	-122.856857
5888.658142	-121.828461
5889.331055	-121.025536
5890.003967	-121.504051
5890.676880	-122.210922
5891.349792	-121.789154
5892.022705	-122.150711
5892.695618	-122.347702
5893.368530	-121.045341
5894.041443	-121.138214
5894.714355	-122.300125
5895.387268	-121.799461
5896.060181	-122.250526
5896.733093	-121.477234
5897.406006	-120.971443
5898.078918	-121.687225
5898.751831	-122.233948
5899.424744	-121.555443
5900.097656	-122.091629
5900.770569	-122.005203
5901.443481	-122.162285
5902.116394	-121.823448
5902.789307	-122.127930
5903.462219	-122.990707
5904.135132	-122.351654
5904.808044	-122.471245
5905.480957	-121.759720
5906.153870	-121.430885
5906.826782	-121.835281
5907.499695	-122.048607
5908.172607	-122.184273
5908.845520	-122.105568
5909.518433	-121.908211
5910.191345	-121.929070
5910.864258	-122.164696
5911.537170	-121.734924
5912.210083	-122.647644
5912.882996	-122.841568
5913.555908	-121.791824
5914.228821	-121.272690
5914.901733	-122.437698
5915.574646	-121.842621
5916.247559	-121.856377
5916.920471	-122.408241
5917.593384	-121.932724
5918.266296	-121.932007
5918.939209	-122.188210
5919.612122	-121.963768
5920.285034	-121.414650
5920.957947	-121.125198
5921.630859	-121.304939
5922.303772	-121.759872
5922.976685	-121.472260
5923.649597	-121.777946
5924.322510	-122.107155
5924.995422	-121.918907
5925.668335	-121.804985
5926.341248	-121.562805
5927.014160	-121.476410
5927.687073	-122.143105
5928.359985	-122.553429
5929.032898	-122.414688
5929.705811	-122.334137
5930.378723	-123.190475
5931.051636	-123.245079
5931.724548	-123.130219
5932.397461	-122.054207
5933.070374	-121.638786
5933.743286	-121.751312
5934.416199	-121.490730
5935.089111	-121.458076
5935.762024	-121.116364
5936.434937	-121.123413
5937.107849	-122.646408
5937.780762	-122.929199
5938.453674	-122.267227
5939.126587	-122.275993
5939.799500	-122.235115
5940.472412	-121.922127
5941.145325	-122.584610
5941.818237	-121.959785
5942.491150	-121.631119
5943.164062	-122.113869
5943.836975	-121.716408
5944.509888	-121.730988
5945.182800	-121.283897
5945.855713	-122.048439
5946.528625	-122.023186
5947.201538	-122.316650
5947.874451	-122.257309
5948.547363	-121.282852
5949.220276	-121.952675
5949.893188	-122.694672
5950.566101	-121.666000
5951.239014	-121.765213
5951.911926	-121.504181
5952.584839	-122.005180
5953.257751	-122.326668
5953.930664	-122.439468
5954.603577	-121.570038
5955.276489	-121.926079
5955.949402	-121.133308
5956.622314	-121.268196
5957.295227	-122.087387
5957.968140	-121.843620
5958.641052	-121.412148
5959.313965	-121.482681
5959.986877	-121.779907
5960.659790	-122.881851
5961.332703	-123.205116
5962.005615	-122.516136
5962.678528	-122.350624
5963.351440	-122.503555
5964.024353	-122.202919
5964.697266	-122.386734
5965.370178	-122.626404
5966.043091	-121.987511
5966.716003	-121.698982
5967.388916	-121.296158
5968.061829	-121.874031
5968.734741	-122.736931
5969.407654	-122.705559
5970.080566	-121.932991
5970.753479	-121.101524
5971.426392	-121.356598
5972.099304	-121.704903
5972.772217	-121.926468
5973.445129	-121.399582
5974.118042	-121.609909
5974.790955	-121.882202
5975.463867	-121.798088
5976.136780	-121.598557
5976.809692	-122.116173
5977.482605	-121.804840
5978.155518	-121.729782
5978.828430	-121.788788
5979.501343	-122.486176
5980.174255	-121.971230
5980.847168	-121.316460
5981.520081	-121.410515
5982.192993	-121.811516
5982.865906	-122.230957
5983.538818	-121.927780
5984.211731	-121.415154
5984.884644	-121.958237
5985.557556	-121.705116
5986.230469	-121.635735
5986.903381	-121.713684
5987.576294	-122.150528
5988.249207	-121.856453
5988.922119	-121.726967
5989.595032	-122.329750
5990.267944	-122.184555
5990.940857	-123.219643
5991.613770	-122.290977
5992.286682	-121.576706
5992.959595	-121.154823
5993.632507	-122.191826
5994.305420	-122.328575
5994.978333	-121.835899
5995.651245	-122.114006
5996.324158	-122.489243
5996.997070	-122.227768
5997.669983	-122.204277
5998.342896	-121.599693
5999.015808	-121.172638
5999.688721	-121.444977
6000.361633	-121.782951
6001.034546	-121.579407
6001.707458	-122.376152
6002.380371	-122.773994
6003.053284	-122.407227
6003.726196	-122.127296
6004.399109	-121.868370
6005.072021	-121.410019
6005.744934	-121.181374
6006.417847	-121.949295
6007.090759	-121.835533
6007.763672	-122.002625
6008.436584	-121.501877
6009.109497	-121.815727
6009.782410	-121.724464
6010.455322	-121.929901
6011.128235	-122.176819
6011.801147	-122.393829
6012.474060	-121.905075
6013.146973	-122.270851
6013.819885	-122.313965
6014.492798	-121.830368
6015.165710	-121.752121
6015.838623	-122.442719
6016.511536	-121.984138
6017.184448	-121.443192
6017.857361	-121.964157
6018.530273	-122.014633
6019.203186	-121.745613
6019.876099	-121.524246
6020.549011	-122.709953
6021.221924	-122.750336
6021.894836	-121.328415
6022.567749	-121.305428
6023.240662	-121.849701
6023.913574	-122.528572
6024.586487	-122.834816
6025.259399	-123.625481
6025.932312	-122.501396
6026.605225	-122.465279
6027.278137	-121.835289
6027.951050	-121.466171
6028.623962	-121.353691
6029.296875	-122.131546
6029.969788	-122.844521
6030.642700	-121.948212
6031.315613	-122.766273
6031.988525	-122.682457
6032.661438	-122.395432
6033.334351	-123.000443
6034.007263	-122.164474
6034.680176	-122.074509
6035.353088	-121.929703
6036.026001	-122.344734
6036.698914	-123.152832
6037.371826	-122.501724
6038.044739	-122.554443
6038.717651	-122.957260
6039.390564	-121.859680
6040.063477	-121.902855
6040.736389	-122.708809
6041.409302	-121.777267
6042.082214	-121.902580
6042.755127	-122.461639
6043.428040	-122.202179
6044.100952	-121.832954
6044.773865	-121.508286
6045.446777	-122.034889
6046.119690	-122.643921
6046.792603	-121.985580
6047.465515	-121.529800
6048.138428	-121.412544
6048.811340	-121.322037
6049.484253	-121.269279
6050.157166	-121.359253
6050.830078	-122.269119
6051.502991	-121.914917
6052.175903	-122.064697
6052.848816	-122.473656
6053.521729	-122.729973
6054.194641	-122.068001
6054.867554	-121.832306
6055.540466	-121.419746
6056.213379	-122.107239
6056.886292	-122.293312
6057.559204	-121.203468
6058.232117	-121.458733
6058.905029	-122.245872
6059.577942	-121.672371
6060.250854	-121.998398
6060.923767	-122.146439
6061.596680	-121.995193
6062.269592	-121.318672
6062.942505	-121.870262
6063.615417	-122.587387
6064.288330	-122.035210
6064.961243	-121.542267
6065.634155	-121.708649
6066.307068	-121.025314
6066.979980	-121.249153
6067.652893	-121.478188
6068.325806	-121.407143
6068.998718	-121.675850
6069.671631	-122.001656
6070.344543	-122.231430
6071.017456	-121.989418
6071.690369	-122.121826
6072.363281	-122.528282
6073.036194	-121.912285
6073.709106	-122.699272
6074.382019	-122.024948
6075.054932	-121.914505
6075.727844	-122.567131
6076.400757	-122.844925
6077.073669	-122.600563
6077.746582	-122.973228
6078.419495	-122.359306
6079.092407	-121.854187
6079.765320	-122.142792
6080.438232	-121.748512
6081.111145	-122.283012
6081.784058	-121.796722
6082.456970	-121.434677
6083.129883	-121.282211
6083.802795	-121.507492
6084.475708	-121.553902
6085.148621	-122.682610
6085.821533	-122.236801
6086.494446	-122.168388
6087.167358	-122.443230
6087.840271	-121.511513
6088.513184	-121.988312
6089.186096	-121.609856
6089.859009	-121.343590
6090.531921	-121.814240
6091.204834	-121.594261
6091.877747	-120.944664
6092.550659	-122.482697
6093.223572	-122.461624
6093.896484	-121.828667
6094.569397	-121.472412
6095.242310	-121.733826
6095.915222	-121.739822
6096.588135	-122.391457
6097.261047	-122.457848
6097.933960	-122.263115
6098.606873	-122.436592
6099.279785	-121.502228
6099.952698	-121.838562
6100.625610	-122.547302
6101.298523	-122.562012
6101.971436	-121.851974
6102.644348	-122.201485
6103.317261	-122.630188
6103.990173	-121.941597
6104.663086	-122.286125
6105.335999	-122.364441
6106.008911	-121.590202
6106.681824	-122.095901
6107.354736	-122.552635
6108.027649	-121.818398
6108.700562	-121.729141
6109.373474	-121.810265
6110.046387	-122.263229
6110.719299	-122.260185
6111.392212	-122.128227
6112.065125	-121.527466
6112.738037	-121.411957
6113.410950	-122.314606
6114.083862	-121.869606
6114.756775	-122.394127
6115.429688	-122.570824
6116.102600	-122.495148
6116.775513	-121.927254
6117.448425	-122.217850
6118.121338	-122.078819
6118.794250	-121.840569
6119.467163	-121.726784
6120.140076	-121.859009
6120.812988	-122.221634
6121.485901	-121.531776
6122.158813	-121.672485
6122.831726	-121.653702
6123.504639	-121.841850
6124.177551	-123.034554
6124.850464	-122.363907
6125.523376	-122.071342
6126.196289	-121.972824
6126.869202	-122.019875
6127.542114	-121.701340
6128.215027	-122.294777
6128.887939	-121.941833
6129.560852	-122.260185
6130.233765	-121.190987
6130.906677	-121.832474
6131.579590	-122.571098
6132.252502	-122.955383
6132.925415	-122.165619
6133.598328	-122.184204
6134.271240	-122.194878
6134.944153	-122.065819
6135.617065	-122.237289
6136.289978	-122.360298
6136.962891	-121.348663
6137.635803	-121.401123
6138.308716	-121.952599
6138.981628	-122.143539
6139.654541	-121.433456
6140.327454	-121.693390
6141.000366	-121.889839
6141.673279	-122.286087
6142.346191	-122.215958
6143.019104	-121.952194
6143.692017	-122.569046
6144.364929	-122.787964
6145.037842	-122.188293
6145.710754	-121.337280
6146.383667	-122.036705
6147.056580	-121.427422
6147.729492	-121.441055
6148.402405	-122.595627
6149.075317	-122.546646
6149.748230	-123.067741
6150.421143	-123.096802
6151.094055	-122.672569
6151.766968	-122.839279
6152.439880	-122.449783
6153.112793	-121.705566
6153.785706	-121.727768
6154.458618	-121.807617
6155.131531	-121.335846
6155.804443	-121.684456
6156.477356	-122.060486
6157.150269	-121.706612
6157.823181	-121.595810
6158.496094	-121.796867
6159.169006	-122.226074
6159.841919	-122.101936
6160.514832	-121.216171
6161.187744	-121.311760
6161.860657	-121.400520
6162.533569	-121.431053
6163.206482	-121.204559
6163.879395	-121.199234
6164.552307	-121.800346
6165.225220	-121.362106
6165.898132	-121.729103
6166.571045	-122.178932
6167.243958	-122.316765
6167.916870	-122.082870
6168.589783	-121.714203
6169.262695	-121.651733
6169.935608	-122.464523
6170.608521	-121.870872
6171.281433	-121.631622
6171.954346	-122.287651
6172.627258	-122.159775
6173.300171	-121.539574
6173.973083	-121.613930
6174.645996	-121.793327
6175.318909	-122.004372
6175.991821	-121.633812
6176.664734	-122.339127
6177.337646	-121.388168
6178.010559	-122.036407
6178.683472	-121.867126
6179.356384	-121.381180
6180.029297	-121.340996
6180.702209	-121.488327
6181.375122	-121.874161
6182.048035	-121.915405
6182.720947	-121.876564
6183.393860	-121.773384
6184.066772	-121.646126
6184.739685	-120.886925
6185.412598	-121.555984
6186.085510	-122.517815
6186.758423	-122.182457
6187.431335	-121.964310
6188.104248	-121.962944
6188.777161	-121.870575
6189.450073	-122.396805
6190.122986	-122.244682
6190.795898	-122.265213
6191.468811	-122.415108
6192.141724	-121.875458
6192.814636	-121.553268
6193.487549	-121.938583
6194.160461	-122.400810
6194.833374	-122.489731
6195.506287	-122.034210
6196.179199	-122.010399
6196.852112	-122.248619
6197.525024	-121.463417
6198.197937	-121.315727
6198.870850	-121.588097
6199.543762	-122.444839
6200.216675	-122.670357
6200.889587	-122.273300
6201.562500	-121.736717
6202.235413	-121.680763
6202.908325	-121.456139
6203.581238	-121.789787
6204.254150	-122.172760
6204.927063	-122.023949
6205.599976	-122.080612
6206.272888	-122.182678
6206.945801	-122.247391
6207.618713	-122.204826
6208.291626	-122.114006
6208.964539	-121.469162
6209.637451	-122.257790
6210.310364	-122.763031
6210.983276	-122.176552
6211.656189	-121.955147
6212.329102	-121.847084
6213.002014	-122.027634
6213.674927	-121.403549
6214.347839	-122.035027
6215.020752	-121.988899
6215.693665	-122.041565
6216.366577	-122.099358
6217.039490	-121.595009
6217.712402	-121.549789
6218.385315	-122.621429
6219.058228	-121.696358
6219.731140	-121.859344
6220.404053	-121.798584
6221.076965	-121.653084
6221.749878	-122.277321
6222.422791	-122.029099
6223.095703	-122.047981
6223.768616	-122.344078
6224.441528	-122.817726
6225.114441	-122.933258
6225.787354	-122.542603
6226.460266	-121.440025
6227.133179	-122.188560
6227.806091	-122.119560
6228.479004	-121.623749
6229.151917	-121.035934
6229.824829	-121.569435
6230.497742	-122.330536
6231.170654	-122.798431
6231.843567	-121.949036
6232.516479	-121.234695
6233.189392	-121.299294
6233.862305	-122.008247
6234.535217	-122.089066
6235.208130	-122.667099
6235.881042	-122.626068
6236.553955	-122.265854
6237.226868	-122.591682
6237.899780	-122.106773
6238.572693	-122.279030
6239.245605	-121.774422
6239.918518	-120.914925
6240.591431	-121.270782
6241.264343	-122.142166
6241.937256	-123.994324
6242.610168	-122.303734
6243.283081	-121.909180
6243.955994	-122.124771
6244.628906	-122.014771
6245.301819	-121.730118
6245.974731	-121.938293
6246.647644	-122.246429
6247.320557	-121.470215
6247.993469	-121.515236
6248.666382	-122.700630
6249.339294	-122.164047
6250.012207	-121.479187
6250.685120	-122.520195
6251.358032	-122.263588
6252.030945	-122.136063
6252.703857	-122.104103
6253.376770	-122.513062
6254.049683	-122.532692
6254.722595	-121.492119
6255.395508	-121.099785
6256.068420	-121.997749
6256.741333	-121.534348
6257.414246	-122.523453
6258.087158	-123.423164
6258.760071	-123.024948
6259.432983	-122.071228
6260.105896	-121.893272
6260.778809	-121.569954
6261.451721	-121.612038
6262.124634	-121.928795
6262.797546	-121.840973
6263.470459	-122.082405
6264.143372	-121.603157
6264.816284	-122.189491
6265.489197	-122.059959
6266.162109	-122.508186
6266.835022	-122.046379
6267.507935	-122.432152
6268.180847	-122.138176
6268.853760	-121.637810
6269.526672	-121.580406
6270.199585	-121.781113
6270.872498	-121.584007
6271.545410	-120.682030
6272.218323	-121.608315
6272.891235	-122.234100
6273.564148	-121.986282
6274.237061	-121.349358
6274.909973	-121.610306
6275.582886	-122.434845
6276.255798	-122.177849
6276.928711	-122.706787
6277.601624	-122.326653
6278.274536	-122.130730
6278.947449	-122.822029
6279.620361	-122.240349
6280.293274	-121.822342
6280.966187	-121.501030
6281.639099	-122.195862
6282.312012	-121.564186
6282.984924	-122.177673
6283.657837	-122.455795
6284.330750	-121.742409
6285.003662	-121.605278
6285.676575	-121.560768
6286.349487	-121.550430
6287.022400	-122.155312
6287.695312	-122.341499
6288.368225	-122.417549
6289.041138	-122.035675
6289.714050	-122.126686
6290.386963	-122.478203
6291.059875	-122.580399
6291.732788	-122.188301
6292.405701	-122.351120
6293.078613	-122.483276
6293.751526	-121.982254
6294.424438	-121.275604
6295.097351	-122.456490
6295.770264	-121.905113
6296.443176	-121.854385
6297.116089	-121.313141
6297.789001	-121.455406
6298.461914	-121.099335
6299.134827	-121.629204
6299.807739	-122.455498
6300.480652	-121.628014
6301.153564	-121.453056
6301.826477	-122.417374
6302.499390	-122.535255
6303.172302	-122.173767
6303.845215	-121.554909
6304.518127	-121.415756
6305.191040	-122.131348
6305.863953	-122.951057
6306.536865	-122.764923
6307.209778	-122.056129
6307.882690	-122.790146
6308.555603	-123.197731
6309.228516	-122.185463
6309.901428	-121.492744
6310.574341	-122.587440
6311.247253	-121.858681
6311.920166	-121.041069
6312.593079	-121.579582
6313.265991	-121.563492
6313.938904	-121.641510
6314.611816	-122.100128
6315.284729	-122.514359
6315.957642	-122.353928
6316.630554	-121.304756
6317.303467	-121.150032
6317.976379	-121.183655
6318.649292	-121.281143
6319.322205	-121.991585
6319.995117	-121.892281
6320.668030	-121.974373
6321.340942	-122.033875
6322.013855	-122.657631
6322.686768	-121.977188
6323.359680	-122.322914
6324.032593	-122.422714
6324.705505	-121.841393
6325.378418	-121.764687
6326.051331	-122.406883
6326.724243	-122.230652
6327.397156	-122.430984
6328.070068	-122.800667
6328.742981	-123.075829
6329.415894	-121.909142
6330.088806	-121.688141
6330.761719	-122.080338
6331.434631	-122.582123
6332.107544	-122.756058
6332.780457	-122.224586
6333.453369	-121.609474
6334.126282	-122.415474
6334.799194	-122.342621
6335.472107	-122.208031
6336.145020	-122.809776
6336.817932	-122.532539
6337.490845	-122.497513
6338.163757	-122.828522
6338.836670	-122.378922
6339.509583	-122.684219
6340.182495	-123.085129
6340.855408	-122.350204
6341.528320	-122.398964
6342.201233	-121.504440
6342.874146	-121.971794
6343.547058	-121.408890
6344.219971	-121.305893
6344.892883	-121.768234
6345.565796	-122.096107
6346.238708	-121.932251
6346.911621	-122.111115
6347.584534	-121.286827
6348.257446	-122.060707
6348.930359	-122.619820
6349.603271	-122.871735
6350.276184	-122.445145
6350.949097	-122.154800
6351.622009	-121.838104
6352.294922	-121.611214
6352.967834	-121.731148
6353.640747	-121.725906
6354.313660	-121.089020
6354.986572	-121.328568
6355.659485	-121.193512
6356.332397	-121.367470
6357.005310	-121.782211
6357.678223	-121.774376
6358.351135	-122.312561
6359.024048	-122.549774
6359.696960	-121.942558
6360.369873	-122.246056
6361.042786	-122.090813
6361.715698	-122.280495
6362.388611	-122.225700
6363.061523	-122.342667
6363.734436	-121.975296
6364.407349	-121.857666
6365.080261	-121.219109
6365.753174	-121.605911
6366.426086	-121.534218
6367.098999	-121.544502
6367.771912	-122.127953
6368.444824	-121.660881
6369.117737	-121.728729
6369.790649	-121.926155
6370.463562	-121.913750
6371.136475	-121.608269
6371.809387	-121.753593
6372.482300	-121.732910
6373.155212	-122.534729
6373.828125	-121.608932
6374.501038	-122.027725
6375.173950	-122.017227
6375.846863	-121.815529
6376.519775	-122.516205
6377.192688	-121.997925
6377.865601	-121.612976
6378.538513	-121.780190
6379.211426	-122.006203
6379.884338	-121.842857
6380.557251	-121.141144
6381.230164	-122.186653
6381.903076	-122.320488
6382.575989	-122.359894
6383.248901	-121.488617
6383.921814	-121.734924
6384.594727	-121.861755
6385.267639	-122.125053
6385.940552	-121.600784
6386.613464	-122.134460
6387.286377	-121.922096
6387.959290	-121.863121
6388.632202	-122.099716
6389.305115	-121.835815
6389.978027	-122.617233
6390.650940	-123.209625
6391.323853	-122.537033
6391.996765	-122.022362
6392.669678	-122.398994
6393.342590	-121.929749
6394.015503	-122.483475
6394.688416	-123.038651
6395.361328	-122.059166
6396.034241	-122.509193
6396.707153	-122.440414
6397.380066	-121.956993
6398.052979	-121.586685
6398.725891	-121.645203
6399.398804	-122.653137
6400.071716	-122.219971
6400.744629	-121.908745
6401.417542	-121.995941
6402.090454	-122.341759
6402.763367	-122.196312
6403.436279	-122.150467
6404.109192	-122.296349
6404.782104	-121.847527
6405.455017	-122.737450
6406.127930	-122.026596
6406.800842	-121.720497
6407.473755	-122.587418
6408.146667	-122.073799
6408.819580	-122.390472
6409.492493	-121.672935
6410.165405	-122.613731
6410.838318	-122.908478
6411.511230	-122.474846
6412.184143	-122.221153
6412.857056	-122.316399
6413.529968	-122.440720
6414.202881	-121.741859
6414.875793	-121.932686
6415.548706	-121.768684
6416.221619	-121.121887
6416.894531	-121.431648
6417.567444	-121.302879
6418.240356	-121.788246
6418.913269	-121.937737
6419.586182	-121.926247
6420.259094	-121.664383
6420.932007	-122.033028
6421.604919	-122.016563
6422.277832	-121.954536
6422.950745	-121.244812
6423.623657	-121.626999
6424.296570	-121.569077
6424.969482	-122.041573
6425.642395	-122.999916
6426.315308	-122.817993
6426.988220	-122.463890
6427.661133	-121.873291
6428.334045	-122.236122
6429.006958	-122.441475
6429.679871	-122.227005
6430.352783	-122.858269
6431.025696	-122.558083
6431.698608	-121.331581
6432.371521	-121.023102
6433.044434	-121.629532
6433.717346	-121.363724
6434.390259	-121.402542
6435.063171	-121.547279
6435.736084	-122.299896
6436.408997	-122.304230
6437.081909	-122.097183
6437.754822	-122.627350
6438.427734	-122.448242
6439.100647	-121.540962
6439.773560	-121.293945
6440.446472	-122.165192
6441.119385	-122.124786
6441.792297	-122.378265
6442.465210	-122.753777
6443.138123	-122.425156
6443.811035	-121.892975
6444.483948	-122.439377
6445.156860	-121.891060
6445.829773	-122.170097
6446.502686	-122.613319
6447.175598	-123.289658
6447.848511	-122.863327
6448.521423	-122.226448
6449.194336	-122.154533
6449.867249	-121.663841
6450.540161	-121.288811
6451.213074	-121.754066
6451.885986	-121.866341
6452.558899	-121.230354
6453.231812	-121.768547
6453.904724	-122.464256
6454.577637	-122.626587
6455.250549	-121.532265
6455.923462	-121.796906
6456.596375	-122.556244
6457.269287	-122.183029
6457.942200	-122.249039
6458.615112	-121.384651
6459.288025	-122.734901
6459.960938	-122.748344
6460.633850	-122.853859
6461.306763	-122.833832
6461.979675	-121.980064
6462.652588	-122.201042
6463.325500	-122.744423
6463.998413	-122.555756
6464.671326	-122.095940
6465.344238	-121.572159
6466.017151	-122.952866
6466.690063	-122.359467
6467.362976	-121.845123
6468.035889	-122.140007
6468.708801	-121.647125
6469.381714	-121.437485
6470.054626	-121.833961
6470.727539	-121.009155
6471.400452	-121.216309
6472.073364	-122.003220
6472.746277	-122.400826
6473.419189	-122.235748
6474.092102	-122.793800
6474.765015	-122.670937
6475.437927	-122.289162
6476.110840	-121.551079
6476.783752	-121.734726
6477.456665	-122.188812
6478.129578	-122.829582
6478.802490	-123.161743
6479.475403	-122.630325
6480.148315	-122.387878
6480.821228	-122.605827
6481.494141	-122.045715
6482.167053	-122.203590
6482.839966	-121.815361
6483.512878	-122.514503
6484.185791	-121.814598
6484.858704	-122.452065
6485.531616	-123.297432
6486.204529	-122.990952
6486.877441	-121.138489
6487.550354	-121.181282
6488.223267	-122.175911
6488.896179	-121.897675
6489.569092	-122.560249
6490.242004	-122.833267
6490.914917	-121.563446
6491.587830	-121.907990
6492.260742	-121.558937
6492.933655	-121.976112
6493.606567	-121.906403
6494.279480	-122.441826
6494.952393	-121.816452
6495.625305	-122.100731
6496.298218	-122.047554
6496.971130	-122.693031
6497.644043	-122.041702
6498.316956	-122.165138
6498.989868	-121.643211
6499.662781	-121.950256
6500.335693	-122.708771
6501.008606	-122.180229
6501.681519	-121.260666
6502.354431	-120.671585
6503.027344	-121.026535
6503.700256	-121.509834
6504.373169	-122.745178
6505.046082	-122.233040
6505.718994	-121.397911
6506.391907	-121.548615
6507.064819	-122.276794
6507.737732	-121.506546
6508.410645	-121.762550
6509.083557	-122.147964
6509.756470	-121.853714
6510.429382	-121.834274
6511.102295	-121.667839
6511.775208	-121.057838
6512.448120	-121.471840
6513.121033	-121.574760
6513.793945	-121.958710
6514.466858	-122.143883
6515.139771	-121.911270
6515.812683	-122.218552
6516.485596	-121.643471
6517.158508	-122.178856
6517.831421	-121.704376
6518.504333	-121.699661
6519.177246	-122.941277
6519.850159	-122.759392
6520.523071	-121.562653
6521.195984	-121.943771
6521.868896	-122.329338
6522.541809	-122.347519
6523.214722	-121.222900
6523.887634	-121.588882
6524.560547	-122.834854
6525.233459	-122.964592
6525.906372	-122.383163
6526.579285	-121.590096
6527.252197	-121.802452
6527.925110	-122.810249
6528.598022	-122.479355
6529.270935	-122.739937
6529.943848	-122.262299
6530.616760	-121.421936
6531.289673	-121.526886
6531.962585	-122.147713
6532.635498	-121.424057
6533.308411	-121.223869
6533.981323	-122.204575
6534.654236	-122.386742
6535.327148	-121.834412
6536.000061	-122.419342
6536.672974	-122.402733
6537.345886	-121.592361
6538.018799	-121.586952
6538.691711	-122.125610
6539.364624	-122.222343
6540.037537	-122.427856
6540.710449	-122.533844
6541.383362	-121.504906
6542.056274	-121.824150
6542.729187	-122.237747
6543.402100	-122.183044
6544.075012	-121.948387
6544.747925	-121.679016
6545.420837	-121.612305
6546.093750	-121.812157
6546.766663	-121.989693
6547.439575	-122.187088
6548.112488	-121.948364
6548.785400	-121.583351
6549.458313	-121.900383
6550.131226	-122.116318
6550.804138	-122.054192
6551.477051	-121.951767
6552.149963	-122.539436
6552.822876	-122.493332
6553.495789	-122.836372
6554.168701	-122.550941
6554.841614	-121.994308
6555.514526	-121.936104
6556.187439	-122.263557
6556.860352	-121.854485
6557.533264	-122.021080
6558.206177	-122.444008
6558.879089	-122.015526
6559.552002	-121.463081
6560.224915	-121.951157
6560.897827	-122.454704
6561.570740	-121.626587
6562.243652	-121.172653
6562.916565	-121.059021
6563.589478	-121.252617
6564.262390	-121.852943
6564.935303	-122.145950
6565.608215	-121.663017
6566.281128	-121.408638
6566.954041	-121.480446
6567.626953	-122.035751
6568.299866	-122.191917
6568.972778	-121.107483
6569.645691	-121.164635
6570.318604	-121.973770
6570.991516	-122.757370
6571.664429	-122.194778
6572.337341	-121.810165
6573.010254	-121.954239
6573.683167	-122.016846
6574.356079	-122.155144
6575.028992	-121.873688
6575.701904	-122.408791
6576.374817	-122.224022
6577.047729	-123.075272
6577.720642	-122.767113
6578.393555	-121.494751
6579.066467	-121.223557
6579.739380	-121.331352
6580.412292	-120.933609
6581.085205	-122.139282
6581.758118	-122.246094
6582.431030	-121.416969
6583.103943	-121.571175
6583.776855	-122.795235
6584.449768	-122.935776
6585.122681	-121.831497
6585.795593	-121.580482
6586.468506	-122.089233
6587.141418	-122.590004
6587.814331	-122.544373
6588.487244	-122.084229
6589.160156	-122.092682
6589.833069	-122.366417
6590.505981	-122.047180
6591.178894	-121.908714
6591.851807	-121.726952
6592.524719	-120.867554
6593.197632	-121.416161
6593.870544	-122.290451
6594.543457	-122.212593
6595.216370	-122.248245
6595.889282	-122.266708
6596.562195	-122.779060
6597.235107	-122.732025
6597.908020	-122.922272
6598.580933	-121.958572
6599.253845	-122.308029
6599.926758	-122.872749
6600.599670	-122.849762
6601.272583	-123.209282
6601.945496	-121.565010
6602.618408	-121.720474
6603.291321	-121.646767
6603.964233	-121.442413
6604.637146	-121.810364
6605.310059	-121.548698
6605.982971	-123.031868
6606.655884	-122.739700
6607.328796	-121.803787
6608.001709	-122.060944
6608.674622	-122.591721
6609.347534	-121.710052
6610.020447	-121.335022
6610.693359	-121.363945
6611.366272	-121.453804
6612.039185	-121.910515
6612.712097	-121.675728
6613.385010	-121.127045
6614.057922	-121.131950
6614.730835	-121.695549
6615.403748	-121.846535
6616.076660	-121.780205
6616.749573	-121.442490
6617.422485	-122.081932
6618.095398	-121.661583
6618.768311	-121.809448
6619.441223	-121.972054
6620.114136	-121.620552
6620.787048	-122.041992
6621.459961	-122.359695
6622.132874	-121.870316
6622.805786	-121.877174
6623.478699	-121.877632
6624.151611	-122.327072
6624.824524	-121.849266
6625.497437	-120.846611
6626.170349	-121.226601
6626.843262	-121.497681
6627.516174	-121.251373
6628.189087	-122.193054
6628.862000	-122.261826
6629.534912	-122.595779
6630.207825	-122.459145
6630.880737	-121.944069
6631.553650	-121.874138
6632.226562	-121.831322
6632.899475	-121.723190
6633.572388	-122.207443
6634.245300	-121.998856
6634.918213	-121.787102
6635.591125	-122.317406
6636.264038	-121.914452
6636.936951	-122.421104
6637.609863	-122.282967
6638.282776	-122.731529
6638.955688	-121.516945
6639.628601	-122.059174
6640.301514	-122.372177
6640.974426	-123.051941
6641.647339	-122.909912
6642.320251	-122.074318
6642.993164	-121.463730
6643.666077	-121.911461
6644.338989	-122.270683
6645.011902	-122.511848
6645.684814	-121.741806
6646.357727	-122.084282
6647.030640	-122.028290
6647.703552	-121.551155
6648.376465	-121.633331
6649.049377	-121.623566
6649.722290	-121.697823
6650.395203	-122.104851
6651.068115	-122.432564
6651.741028	-121.830986
6652.413940	-121.407120
6653.086853	-121.317940
6653.759766	-121.092171
6654.432678	-122.186272
6655.105591	-122.548805
6655.778503	-122.859596
6656.451416	-121.960289
6657.124329	-122.430557
6657.797241	-122.681389
6658.470154	-121.929733
6659.143066	-121.662094
6659.815979	-121.597595
6660.488892	-121.655060
6661.161804	-122.644859
6661.834717	-122.794708
6662.507629	-122.164490
6663.180542	-122.013214
6663.853455	-122.145821
6664.526367	-121.405205
6665.199280	-120.816795
6665.872192	-121.320541
6666.545105	-121.630508
6667.218018	-121.272339
6667.890930	-121.974983
6668.563843	-122.844109
6669.236755	-122.822701
6669.909668	-122.299438
6670.582581	-122.084480
6671.255493	-121.718597
6671.928406	-121.714981
6672.601318	-121.066963
6673.274231	-121.262192
6673.947144	-121.359642
6674.620056	-121.962433
6675.292969	-122.210243
6675.965881	-122.140198
6676.638794	-122.088715
6677.311707	-121.868973
6677.984619	-121.515663
6678.657532	-122.156761
6679.330444	-121.843185
6680.003357	-120.775017
6680.676270	-120.803719
6681.349182	-121.501732
6682.022095	-122.251801
6682.695007	-122.073471
6683.367920	-121.529846
6684.040833	-121.839439
6684.713745	-121.570068
6685.386658	-122.315872
6686.059570	-122.511528
6686.732483	-122.224449
6687.405396	-122.660965
6688.078308	-122.380829
6688.751221	-122.286034
6689.424133	-121.527512
6690.097046	-120.853294
6690.769958	-122.333961
6691.442871	-122.850899
6692.115784	-122.012634
6692.788696	-121.876785
6693.461609	-121.795723
6694.134521	-122.281418
6694.807434	-123.250259
6695.480347	-122.720688
6696.153259	-122.171837
6696.826172	-122.541290
6697.499084	-121.813385
6698.171997	-122.073166
6698.844910	-122.562218
6699.517822	-122.638039
6700.190735	-122.595734
6700.863647	-122.218681
6701.536560	-121.707214
6702.209473	-121.663826
6702.882385	-122.503853
6703.555298	-122.262062
6704.228210	-121.982040
6704.901123	-122.034386
6705.574036	-121.214424
6706.246948	-121.512604
6706.919861	-121.020828
6707.592773	-121.496758
6708.265686	-121.605560
6708.938599	-121.976448
6709.611511	-121.035591
6710.284424	-121.484848
6710.957336	-122.214821
6711.630249	-122.596863
6712.303162	-121.713509
6712.976074	-121.947098
6713.648987	-122.446701
6714.321899	-122.361618
6714.994812	-120.869629
6715.667725	-121.602448
6716.340637	-121.893364
6717.013550	-122.528465
6717.686462	-122.929581
6718.359375	-122.601219
6719.032288	-121.839432
6719.705200	-121.858650
6720.378113	-121.434662
6721.051025	-122.000786
6721.723938	-122.267395
6722.396851	-121.946106
6723.069763	-122.850555
6723.742676	-122.104454
6724.415588	-122.902336
6725.088501	-122.388084
6725.761414	-122.096542
6726.434326	-122.288147
6727.107239	-121.460648
6727.780151	-121.830498
6728.453064	-121.722908
6729.125977	-122.352516
6729.798889	-122.057358
6730.471802	-122.257790
6731.144714	-122.399529
6731.817627	-121.820198
6732.490540	-122.245949
6733.163452	-122.566162
6733.836365	-122.474991
6734.509277	-122.632103
6735.182190	-122.804832
6735.855103	-121.148903
6736.528015	-122.057907
6737.200928	-122.498817
6737.873840	-121.530289
6738.546753	-120.482521
6739.219666	-121.929550
6739.892578	-121.814888
6740.565491	-122.062035
6741.238403	-122.487579
6741.911316	-121.367287
6742.584229	-121.457352
6743.257141	-121.984848
6743.930054	-122.286392
6744.602966	-122.211693
6745.275879	-121.353172
6745.948792	-121.522514
6746.621704	-121.639580
6747.294617	-121.962547
6747.967529	-121.374374
6748.640442	-121.308243
6749.313354	-122.103668
6749.986267	-121.813324
6750.659180	-121.304588
6751.332092	-120.661957
6752.005005	-120.938263
6752.677917	-121.360641
6753.350830	-121.966446
6754.023743	-122.004616
6754.696655	-121.850647
6755.369568	-121.523247
6756.042480	-121.685219
6756.715393	-121.638657
6757.388306	-122.156967
6758.061218	-122.550491
6758.734131	-122.580132
6759.407043	-122.237000
6760.079956	-121.286308
6760.752869	-121.196518
6761.425781	-121.572632
6762.098694	-121.730118
6762.771606	-122.652161
6763.444519	-122.533951
6764.117432	-121.655663
6764.790344	-121.803650
6765.463257	-122.043480
6766.136169	-122.313293
6766.809082	-122.708107
6767.481995	-121.846603
6768.154907	-121.100647
6768.827820	-121.608719
6769.500732	-121.933861
6770.173645	-121.587685
6770.846558	-121.274033
6771.519470	-122.149506
6772.192383	-123.375610
6772.865295	-122.323189
6773.538208	-121.607269
6774.211121	-121.976974
6774.884033	-122.590630
6775.556946	-122.916817
6776.229858	-122.295334
6776.902771	-122.286636
6777.575684	-122.807289
6778.248596	-121.832588
6778.921509	-121.779266
6779.594421	-122.625679
6780.267334	-122.230774
6780.940247	-121.605431
6781.613159	-121.427544
6782.286072	-121.465263
6782.958984	-121.447510
6783.631897	-122.314606
6784.304810	-122.132828
6784.977722	-122.581261
6785.650635	-122.102783
6786.323547	-121.350388
6786.996460	-122.097794
6787.669373	-122.463211
6788.342285	-122.699524
6789.015198	-121.917786
6789.688110	-122.364365
6790.361023	-122.869225
6791.033936	-122.949501
6791.706848	-121.383835
6792.379761	-121.128166
6793.052673	-122.315605
6793.725586	-122.437553
6794.398499	-122.509232
6795.071411	-123.001793
6795.744324	-122.969635
6796.417236	-122.555840
6797.090149	-122.102776
6797.763062	-121.856430
6798.435974	-122.051109
6799.108887	-122.696930
6799.781799	-123.578354
6800.454712	-122.890503
6801.127625	-122.334015
6801.800537	-122.842583
6802.473450	-122.284935
6803.146362	-122.265312
6803.819275	-122.083542
6804.492188	-122.231804
6805.165100	-122.569221
6805.838013	-121.935905
6806.510925	-122.020721
6807.183838	-122.133766
6807.856750	-122.479080
6808.529663	-122.353050
6809.202576	-122.147629
6809.875488	-122.564842
6810.548401	-121.971481
6811.221313	-122.188629
6811.894226	-121.537560
6812.567139	-121.790009
6813.240051	-122.409103
6813.912964	-122.741570
6814.585876	-121.126915
6815.258789	-121.096352
6815.931702	-122.536613
6816.604614	-122.438728
6817.277527	-122.123131
6817.950439	-122.161552
6818.623352	-122.099655
6819.296265	-121.070412
6819.969177	-121.286606
6820.642090	-121.417252
6821.315002	-121.371681
6821.987915	-121.332619
6822.660828	-121.349754
6823.333740	-120.738617
6824.006653	-121.797707
6824.679565	-122.458427
6825.352478	-121.907280
6826.025391	-122.343246
6826.698303	-122.577271
6827.371216	-121.959557
6828.044128	-121.955368
6828.717041	-123.053024
6829.389954	-122.787704
6830.062866	-123.009964
6830.735779	-122.737503
6831.408691	-121.837036
6832.081604	-121.970284
6832.754517	-122.412018
6833.427429	-121.480179
6834.100342	-121.064713
6834.773254	-121.729996
6835.446167	-121.670456
6836.119080	-121.999741
6836.791992	-121.805099
6837.464905	-121.299896
6838.137817	-121.483742
6838.810730	-122.284683
6839.483643	-122.648376
6840.156555	-122.225639
6840.829468	-121.512520
6841.502380	-121.042206
6842.175293	-121.713234
6842.848206	-121.742813
6843.521118	-122.235832
6844.194031	-122.839127
6844.866943	-122.182800
6845.539856	-122.428993
6846.212769	-122.656586
6846.885681	-122.528519
6847.558594	-122.780807
6848.231506	-122.484711
6848.904419	-121.994003
6849.577332	-121.586861
6850.250244	-122.499672
6850.923157	-123.012627
6851.596069	-121.598068
6852.268982	-122.074852
6852.941895	-122.312019
6853.614807	-122.045448
6854.287720	-122.593658
6854.960632	-122.145950
6855.633545	-122.441231
6856.306458	-122.047272
6856.979370	-122.013054
6857.652283	-122.510246
6858.325195	-122.213516
6858.998108	-122.142662
6859.671021	-121.523483
6860.343933	-121.625137
6861.016846	-122.220383
6861.689758	-121.981270
6862.362671	-122.121788
6863.035583	-121.443588
6863.708496	-121.212975
6864.381409	-122.265984
6865.054321	-122.018776
6865.727234	-121.765388
6866.400146	-121.883789
6867.073059	-121.963814
6867.745972	-122.061920
6868.418884	-121.976196
6869.091797	-121.869934
6869.764709	-121.504150
6870.437622	-122.589546
6871.110535	-121.941040
6871.783447	-121.114807
6872.456360	-121.466270
6873.129272	-122.056839
6873.802185	-122.933754
6874.475098	-122.527023
6875.148010	-121.839165
6875.820923	-121.474899
6876.493835	-122.370491
6877.166748	-122.088791
6877.839661	-121.761421
6878.512573	-122.889412
6879.185486	-122.564682
6879.858398	-122.247635
6880.531311	-122.352112
6881.204224	-122.427315
6881.877136	-123.006172
6882.550049	-122.412155
6883.222961	-122.859001
6883.895874	-122.420021
6884.568787	-122.867622
6885.241699	-121.801529
6885.914612	-121.616631
6886.587524	-122.367661
6887.260437	-121.595985
6887.933350	-121.776527
6888.606262	-122.506622
6889.279175	-122.445671
6889.952087	-123.114075
6890.625000	-122.637199
6891.297913	-121.674332
6891.970825	-121.976799
6892.643738	-121.554962
6893.316650	-121.781837
6893.989563	-121.435501
6894.662476	-121.475014
6895.335388	-122.635475
6896.008301	-122.966293
6896.681213	-122.371582
6897.354126	-122.099091
6898.027039	-121.626961
6898.699951	-121.748688
6899.372864	-122.612900
6900.045776	-122.652199
6900.718689	-122.742043
6901.391602	-122.292290
6902.064514	-122.408524
6902.737427	-122.127701
6903.410339	-121.725380
6904.083252	-121.916328
6904.756165	-120.992722
6905.429077	-121.099831
6906.101990	-121.685753
6906.774902	-121.928513
6907.447815	-121.719299
6908.120728	-122.138588
6908.793640	-121.657738
6909.466553	-121.163406
6910.139465	-121.953400
6910.812378	-121.794296
6911.485291	-123.083122
6912.158203	-122.474419
6912.831116	-121.677116
6913.504028	-122.758904
6914.176941	-122.537010
6914.849854	-121.751923
6915.522766	-121.899490
6916.195679	-122.920532
6916.868591	-122.433998
6917.541504	-121.990227
6918.214417	-121.349632
6918.887329	-121.474922
6919.560242	-121.731010
6920.233154	-122.519257
6920.906067	-122.669746
6921.578979	-122.537987
6922.251892	-122.602631
6922.924805	-122.224823
6923.597717	-122.062592
6924.270630	-121.829384
6924.943542	-123.479897
6925.616455	-123.453224
6926.289368	-122.339958
6926.962280	-121.606491
6927.635193	-122.223427
6928.308105	-121.708260
6928.981018	-122.151733
6929.653931	-122.174171
6930.326843	-122.125748
6930.999756	-121.843620
6931.672668	-121.132790
6932.345581	-122.272690
6933.018494	-122.079453
6933.691406	-120.964066
6934.364319	-121.097572
6935.037231	-121.443657
6935.710144	-121.928734
6936.383057	-123.150284
6937.055969	-122.107002
6937.728882	-121.769020
6938.401794	-121.944138
6939.074707	-121.855362
6939.747620	-121.402336
6940.420532	-122.059959
6941.093445	-123.016907
6941.766357	-122.678116
6942.439270	-121.935989
6943.112183	-122.014069
6943.785095	-122.141212
6944.458008	-121.200081
6945.130920	-121.426590
6945.803833	-121.324829
6946.476746	-121.306068
6947.149658	-121.570953
6947.822571	-122.498833
6948.495483	-122.516823
6949.168396	-122.455154
6949.841309	-122.401230
6950.514221	-122.028244
6951.187134	-122.098778
6951.860046	-121.725975
6952.532959	-120.902122
6953.205872	-121.306252
6953.878784	-122.091110
6954.551697	-122.590332
6955.224609	-122.030006
6955.897522	-120.664307
6956.570435	-120.858887
6957.243347	-122.054970
6957.916260	-123.055038
6958.589172	-122.905823
6959.262085	-122.554291
6959.934998	-122.584801
6960.607910	-122.719147
6961.280823	-122.848213
6961.953735	-122.164093
6962.626648	-122.169670
6963.299561	-122.226425
6963.972473	-122.292450
6964.645386	-122.218742
6965.318298	-122.068153
6965.991211	-122.081978
6966.664124	-122.092377
6967.337036	-122.005081
6968.009949	-122.288193
6968.682861	-121.653069
6969.355774	-121.770378
6970.028687	-121.424782
6970.701599	-121.708763
6971.374512	-121.838020
6972.047424	-121.398331
6972.720337	-121.586937
6973.393250	-121.671318
6974.066162	-121.544342
6974.739075	-121.917953
6975.411987	-121.766258
6976.084900	-121.767838
6976.757812	-122.367401
6977.430725	-122.436272
6978.103638	-121.907555
6978.776550	-122.165565
6979.449463	-121.897400
6980.122375	-122.841667
6980.795288	-123.179459
6981.468201	-123.110008
6982.141113	-122.308365
6982.814026	-121.398674
6983.486938	-121.784309
6984.159851	-121.874275
6984.832764	-122.232285
6985.505676	-121.809494
6986.178589	-122.440102
6986.851501	-122.341743
6987.524414	-122.223259
6988.197327	-122.206360
6988.870239	-121.814659
6989.543152	-122.276443
6990.216064	-121.925140
6990.888977	-122.696091
6991.561890	-122.909836
6992.234802	-122.581963
6992.907715	-121.997871
6993.580627	-121.399666
6994.253540	-121.940964
6994.926453	-122.105644
6995.599365	-122.198402
6996.272278	-121.365570
6996.945190	-121.554977
6997.618103	-121.693443
6998.291016	-121.882751
6998.963928	-121.726929
6999.636841	-122.517632
7000.309753	-122.758041
7000.982666	-121.968651
7001.655579	-121.415718
7002.328491	-121.506218
7003.001404	-121.643188
7003.674316	-122.896812
7004.347229	-122.312393
7005.020142	-122.357689
7005.693054	-121.926041
7006.365967	-122.319817
7007.038879	-122.380577
7007.711792	-122.220764
7008.384705	-123.100990
7009.057617	-123.093987
7009.730530	-122.079025
7010.403442	-121.914803
7011.076355	-121.512917
7011.749268	-121.929466
7012.422180	-122.809258
7013.095093	-122.771255
7013.768005	-122.432243
7014.440918	-122.127953
7015.113831	-121.892990
7015.786743	-122.119377
7016.459656	-121.833168
7017.132568	-121.290222
7017.805481	-121.733772
7018.478394	-123.264252
7019.151306	-123.192009
7019.824219	-122.096031
7020.497131	-122.500267
7021.170044	-121.491333
7021.842957	-121.790993
7022.515869	-122.498489
7023.188782	-122.145714
7023.861694	-122.132599
7024.534607	-122.026894
7025.207520	-122.046890
7025.880432	-121.724586
7026.553345	-121.423630
7027.226257	-121.798332
7027.899170	-121.542686
7028.572083	-121.615356
7029.244995	-122.687286
7029.917908	-123.153412
7030.590820	-122.014366
7031.263733	-121.614647
7031.936646	-121.856018
7032.609558	-121.863884
7033.282471	-121.358246
7033.955383	-122.622559
7034.628296	-122.237183
7035.301208	-122.525665
7035.974121	-122.132034
7036.647034	-122.486435
7037.319946	-122.618484
7037.992859	-122.345055
7038.665771	-122.902359
7039.338684	-122.472137
7040.011597	-122.166016
7040.684509	-122.365021
7041.357422	-122.379219
7042.030334	-122.250313
7042.703247	-122.258018
7043.376160	-122.163712
7044.049072	-121.700096
7044.721985	-122.220421
7045.394897	-121.858879
7046.067810	-122.029259
7046.740723	-122.471092
7047.413635	-122.304543
7048.086548	-122.497131
7048.759460	-122.494102
7049.432373	-122.064438
7050.105286	-121.506584
7050.778198	-122.215996
7051.451111	-122.119774
7052.124023	-121.810822
7052.796936	-121.739822
7053.469849	-122.035423
7054.142761	-121.863518
7054.815674	-121.992271
7055.488586	-121.890114
7056.161499	-121.913567
7056.834412	-122.805199
7057.507324	-122.490669
7058.180237	-122.221909
7058.853149	-122.554039
7059.526062	-122.108299
7060.198975	-120.844284
7060.871887	-120.344589
7061.544800	-121.759682
7062.217712	-122.308357
7062.890625	-122.499092
7063.563538	-121.471436
7064.236450	-121.391380
7064.909363	-122.175026
7065.582275	-122.116211
7066.255188	-121.300255
7066.928101	-121.980316
7067.601013	-121.221130
7068.273926	-121.301857
7068.946838	-120.815903
7069.619751	-121.342575
7070.292664	-121.836296
7070.965576	-121.389481
7071.638489	-121.440155
7072.311401	-121.699425
7072.984314	-121.756783
7073.657227	-121.824081
7074.330139	-122.098953
7075.003052	-122.527039
7075.675964	-122.327454
7076.348877	-122.680206
7077.021790	-122.801498
7077.694702	-121.470856
7078.367615	-121.729301
7079.040527	-122.619614
7079.713440	-122.494705
7080.386353	-122.852684
7081.059265	-121.864235
7081.732178	-121.483490
7082.405090	-121.576591
7083.078003	-121.718201
7083.750916	-121.702538
7084.423828	-121.504967
7085.096741	-122.298515
7085.769653	-122.700043
7086.442566	-122.344971
7087.115479	-122.097366
7087.788391	-122.377495
7088.461304	-122.630295
7089.134216	-122.554680
7089.807129	-121.734589
7090.480042	-120.998886
7091.152954	-121.051575
7091.825867	-121.799957
7092.498779	-121.462578
7093.171692	-120.902290
7093.844604	-121.415871
7094.517517	-122.765144
7095.190430	-122.442223
7095.863342	-122.218513
7096.536255	-121.661690
7097.209167	-122.260979
7097.882080	-122.056328
7098.554993	-122.021530
7099.227905	-122.133873
7099.900818	-121.486031
7100.573730	-121.196526
7101.246643	-121.567741
7101.919556	-121.892509
7102.592468	-121.803268
7103.265381	-121.045845
7103.938293	-121.398323
7104.611206	-121.359360
7105.284119	-121.919235
7105.957031	-122.311005
7106.629944	-121.587540
7107.302856	-122.153488
7107.975769	-122.328400
7108.648682	-122.628403
7109.321594	-122.023071
7109.994507	-121.695717
7110.667419	-121.522224
7111.340332	-121.823898
7112.013245	-121.878448
7112.686157	-121.950996
7113.359070	-122.368164
7114.031982	-122.361954
7114.704895	-121.914192
7115.377808	-122.195541
7116.050720	-121.749962
7116.723633	-121.051323
7117.396545	-121.184952
7118.069458	-121.268845
7118.742371	-121.256302
7119.415283	-121.760895
7120.088196	-122.748245
7120.761108	-121.714035
7121.434021	-121.831932
7122.106934	-122.149765
7122.779846	-121.809181
7123.452759	-122.801575
7124.125671	-122.223602
7124.798584	-122.343964
7125.471497	-122.661980
7126.144409	-122.063721
7126.817322	-121.866364
7127.490234	-121.972290
7128.163147	-122.858765
7128.836060	-122.708153
7129.508972	-122.314072
7130.181885	-122.036285
7130.854797	-122.494026
7131.527710	-122.656860
7132.200623	-121.759987
7132.873535	-122.352478
7133.546448	-123.027092
7134.219360	-122.493530
7134.892273	-122.119331
7135.565186	-122.112961
7136.238098	-121.452400
7136.911011	-121.365898
7137.583923	-121.982697
7138.256836	-123.183968
7138.929749	-122.349144
7139.602661	-121.823174
7140.275574	-122.175713
7140.948486	-121.784706
7141.621399	-121.619049
7142.294312	-122.384140
7142.967224	-122.370056
7143.640137	-122.016090
7144.313049	-122.173470
7144.985962	-122.604797
7145.658875	-121.787346
7146.331787	-121.321922
7147.004700	-121.214569
7147.677612	-122.107056
7148.350525	-122.300743
7149.023438	-121.702988
7149.696350	-122.002396
7150.369263	-122.423805
7151.042175	-122.051849
7151.715088	-121.751228
7152.388000	-121.964211
7153.060913	-121.795059
7153.733826	-122.376091
7154.406738	-123.107674
7155.079651	-121.553947
7155.752563	-120.833183
7156.425476	-121.550934
7157.098389	-121.519073
7157.771301	-121.941170
7158.444214	-121.793945
7159.117126	-121.958542
7159.790039	-122.298332
7160.462952	-122.683029
7161.135864	-122.169174
7161.808777	-122.424744
7162.481689	-122.620430
7163.154602	-122.565475
7163.827515	-122.328529
7164.500427	-122.534645
7165.173340	-121.977516
7165.846252	-121.329926
7166.519165	-121.692673
7167.192078	-121.045433
7167.864990	-120.649635
7168.537903	-121.127518
7169.210815	-122.200310
7169.883728	-122.345177
7170.556641	-121.603165
7171.229553	-121.848907
7171.902466	-122.562286
7172.575378	-121.723557
7173.248291	-122.319145
7173.921204	-122.560738
7174.594116	-122.318138
7175.267029	-122.025101
7175.939941	-121.214317
7176.612854	-121.493309
7177.285767	-122.081360
7177.958679	-122.358131
7178.631592	-123.258682
7179.304504	-121.954582
7179.977417	-121.999130
7180.650330	-122.802032
7181.323242	-122.421112
7181.996155	-122.161583
7182.669067	-122.083939
7183.341980	-121.826073
7184.014893	-121.711067
7184.687805	-121.998169
7185.360718	-122.640541
7186.033630	-122.185669
7186.706543	-122.129898
7187.379456	-122.474579
7188.052368	-122.784622
7188.725281	-122.284828
7189.398193	-122.018684
7190.071106	-121.361832
7190.744019	-120.831253
7191.416931	-121.399086
7192.089844	-122.196762
7192.762756	-122.282959
7193.435669	-121.691322
7194.108582	-121.495087
7194.781494	-121.992790
7195.454407	-121.756828
7196.127319	-122.561470
7196.800232	-122.294037
7197.473145	-121.867462
7198.146057	-122.478867
7198.818970	-121.823242
7199.491882	-121.941406
7200.164795	-122.846275
7200.837708	-121.902153
7201.510620	-121.886276
7202.183533	-121.304741
7202.856445	-122.234779
7203.529358	-121.597527
7204.202271	-121.338707
7204.875183	-122.620071
7205.548096	-122.766296
7206.221008	-122.170441
7206.893921	-122.515968
7207.566833	-122.574692
7208.239746	-123.050522
7208.912659	-122.430862
7209.585571	-122.029922
7210.258484	-122.772766
7210.931396	-121.875198
7211.604309	-121.291862
7212.277222	-121.480598
7212.950134	-121.644363
7213.623047	-122.243073
7214.295959	-122.592079
7214.968872	-122.397339
7215.641785	-122.334473
7216.314697	-121.854897
7216.987610	-122.408813
7217.660522	-122.584923
7218.333435	-122.287331
7219.006348	-122.024948
7219.679260	-121.870110
7220.352173	-121.249046
7221.025085	-121.719254
7221.697998	-122.321739
7222.370911	-122.012840
7223.043823	-122.052414
7223.716736	-122.027779
7224.389648	-121.762642
7225.062561	-122.477966
7225.735474	-122.459877
7226.408386	-122.111534
7227.081299	-122.128418
7227.754211	-122.096718
7228.427124	-122.424377
7229.100037	-122.605667
7229.772949	-122.326019
7230.445862	-122.632057
7231.118774	-122.936958
7231.791687	-122.033134
7232.464600	-122.090919
7233.137512	-123.144363
7233.810425	-122.552475
7234.483337	-122.451508
7235.156250	-121.695091
7235.829163	-121.941483
7236.502075	-121.459007
7237.174988	-121.957390
7237.847900	-121.910469
7238.520813	-121.209656
7239.193726	-121.715126
7239.866638	-122.351105
7240.539551	-121.975655
7241.212463	-121.386902
7241.885376	-120.976700
7242.558289	-121.275200
7243.231201	-122.178413
7243.904114	-122.799355
7244.577026	-122.768829
7245.249939	-122.358414
7245.922852	-122.170158
7246.595764	-122.311142
7247.268677	-122.254356
7247.941589	-121.415184
7248.614502	-121.910545
7249.287415	-122.180458
7249.960327	-122.417938
7250.633240	-121.749825
7251.306152	-122.811836
7251.979065	-122.786758
7252.651978	-121.595207
7253.324890	-121.930046
7253.997803	-122.417694
7254.670715	-122.713242
7255.343628	-121.685432
7256.016541	-121.054214
7256.689453	-121.611679
7257.362366	-122.030167
7258.035278	-122.470802
7258.708191	-121.724518
7259.381104	-121.237991
7260.054016	-121.482109
7260.726929	-121.209190
7261.399841	-121.480530
7262.072754	-121.399384
7262.745667	-121.956894
7263.418579	-121.722588
7264.091492	-122.404243
7264.764404	-123.699295
7265.437317	-123.423996
7266.110229	-122.833977
7266.783142	-122.172050
7267.456055	-122.354530
7268.128967	-122.294899
7268.801880	-121.974350
7269.474792	-122.162704
7270.147705	-122.370346
7270.820618	-122.323021
7271.493530	-121.856056
7272.166443	-121.307938
7272.839355	-121.983276
7273.512268	-121.868179
7274.185181	-121.777969
7274.858093	-122.057205
7275.531006	-121.455002
7276.203918	-122.002991
7276.876831	-122.201073
7277.549744	-121.019745
7278.222656	-120.883293
7278.895569	-121.228195
7279.568481	-121.076706
7280.241394	-121.765587
7280.914307	-122.022263
7281.587219	-121.771957
7282.260132	-121.680069
7282.933044	-121.320129
7283.605957	-121.437653
7284.278870	-121.996208
7284.951782	-121.700500
7285.624695	-121.913727
7286.297607	-122.770760
7286.970520	-122.962334
7287.643433	-122.966827
7288.316345	-121.530258
7288.989258	-121.382149
7289.662170	-121.571274
7290.335083	-121.497910
7291.007996	-121.890518
7291.680908	-122.129257
7292.353821	-121.698662
7293.026733	-121.972137
7293.699646	-121.965858
7294.372559	-121.833641
7295.045471	-122.030334
7295.718384	-122.402573
7296.391296	-121.976463
7297.064209	-121.264389
7297.737122	-121.687134
7298.410034	-121.432785
7299.082947	-122.432755
7299.755859	-122.594887
7300.428772	-122.333061
7301.101685	-121.270668
7301.774597	-120.825829
7302.447510	-121.273376
7303.120422	-121.632172
7303.793335	-121.554642
7304.466248	-121.605995
7305.139160	-122.105225
7305.812073	-121.607422
7306.484985	-121.823540
7307.157898	-122.163551
7307.830811	-122.527840
7308.503723	-122.312141
7309.176636	-122.480476
7309.849548	-121.379478
7310.522461	-121.146103
7311.195374	-121.731140
7311.868286	-122.209900
7312.541199	-123.218567
7313.214111	-123.370659
7313.887024	-122.242538
7314.559937	-121.812721
7315.232849	-122.228058
7315.905762	-122.701027
7316.578674	-122.602425
7317.251587	-122.353394
7317.924500	-122.181335
7318.597412	-121.843925
7319.270325	-122.837570
7319.943237	-121.599922
7320.616150	-121.784737
7321.289062	-122.187096
7321.961975	-122.024933
7322.634888	-122.120636
7323.307800	-122.154350
7323.980713	-122.255112
7324.653625	-122.248741
7325.326538	-122.499588
7325.999451	-122.409439
7326.672363	-121.750511
7327.345276	-121.448624
7328.018188	-122.243187
7328.691101	-122.163773
7329.364014	-122.307388
7330.036926	-121.810638
7330.709839	-122.191193
7331.382751	-122.231026
7332.055664	-122.017250
7332.728577	-122.715019
7333.401489	-122.900543
7334.074402	-123.178436
7334.747314	-123.237228
7335.420227	-122.272034
7336.093140	-121.223274
7336.766052	-121.636528
7337.438965	-121.708336
7338.111877	-121.599907
7338.784790	-121.755753
7339.457703	-121.545464
7340.130615	-122.313110
7340.803528	-122.184029
7341.476440	-121.945396
7342.149353	-122.204811
7342.822266	-121.998474
7343.495178	-121.921783
7344.168091	-122.229553
7344.841003	-122.637444
7345.513916	-121.953804
7346.186829	-121.458649
7346.859741	-121.619713
7347.532654	-122.228615
7348.205566	-122.777962
7348.878479	-122.230019
7349.551392	-121.829445
7350.224304	-122.083870
7350.897217	-121.941711
7351.570129	-121.684410
7352.243042	-121.832222
7352.915955	-122.141953
7353.588867	-122.529289
7354.261780	-121.534241
7354.934692	-121.648254
7355.607605	-121.648323
7356.280518	-121.893021
7356.953430	-122.722282
7357.626343	-123.200363
7358.299255	-121.876328
7358.972168	-121.262543
7359.645081	-121.692635
7360.317993	-121.877869
7360.990906	-121.524628
7361.663818	-122.191277
7362.336731	-122.259209
7363.009644	-122.623581
7363.682556	-121.205513
7364.355469	-121.226082
7365.028381	-122.219582
7365.701294	-122.598183
7366.374207	-122.569038
7367.047119	-122.799866
7367.720032	-122.083000
7368.392944	-122.277908
7369.065857	-122.101212
7369.738770	-121.534760
7370.411682	-121.650215
7371.084595	-122.472542
7371.757507	-122.301788
7372.430420	-122.582657
7373.103333	-122.852089
7373.776245	-122.550987
7374.449158	-121.921753
7375.122070	-121.598152
7375.794983	-122.378853
7376.467896	-122.001938
7377.140808	-122.516136
7377.813721	-122.920273
7378.486633	-121.815193
7379.159546	-121.691917
7379.832458	-121.770729
7380.505371	-121.910667
7381.178284	-122.827797
7381.851196	-122.485451
7382.524109	-122.444641
7383.197021	-122.325760
7383.869934	-122.849144
7384.542847	-122.692619
7385.215759	-121.918961
7385.888672	-121.454216
7386.561584	-121.955894
7387.234497	-121.665459
7387.907410	-122.236374
7388.580322	-122.944176
7389.253235	-122.046204
7389.926147	-122.107132
7390.599060	-122.245483
7391.271973	-122.148026
7391.944885	-121.931618
7392.617798	-122.384026
7393.290710	-122.169861
7393.963623	-121.602493
7394.636536	-122.497261
7395.309448	-123.536118
7395.982361	-122.313301
7396.655273	-122.111404
7397.328186	-122.217972
7398.001099	-122.048759
7398.674011	-122.058876
7399.346924	-122.089417
7400.019836	-121.321388
7400.692749	-121.325752
7401.365662	-121.864769
7402.038574	-121.473709
7402.711487	-121.396507
7403.384399	-121.232414
7404.057312	-121.020523
7404.730225	-121.579666
7405.403137	-121.420830
7406.076050	-122.012337
7406.748962	-121.670059
7407.421875	-122.112335
7408.094788	-122.637978
7408.767700	-122.165810
7409.440613	-121.918709
7410.113525	-122.714455
7410.786438	-122.457558
7411.459351	-122.016357
7412.132263	-122.711395
7412.805176	-122.238670
7413.478088	-122.500473
7414.151001	-121.895363
7414.823914	-121.654526
7415.496826	-121.668846
7416.169739	-121.707603
7416.842651	-122.269096
7417.515564	-122.096107
7418.188477	-121.530937
7418.861389	-122.195351
7419.534302	-121.592567
7420.207214	-122.635010
7420.880127	-122.419991
7421.553040	-121.885460
7422.225952	-121.401291
7422.898865	-120.870674
7423.571777	-121.944809
7424.244690	-122.504410
7424.917603	-122.278221
7425.590515	-122.134804
7426.263428	-122.214195
7426.936340	-121.925270
7427.609253	-122.862137
7428.282166	-122.079498
7428.955078	-122.623123
7429.627991	-122.914673
7430.300903	-122.640366
7430.973816	-121.980042
7431.646729	-122.036667
7432.319641	-122.955322
7432.992554	-122.431526
7433.665466	-122.526665
7434.338379	-123.333305
7435.011292	-122.015160
7435.684204	-121.927452
7436.357117	-121.944542
7437.030029	-121.701439
7437.702942	-122.429741
7438.375854	-121.915192
7439.048767	-121.740372
7439.721680	-121.961143
7440.394592	-122.363266
7441.067505	-121.753525
7441.740417	-121.110207
7442.413330	-121.767860
7443.086243	-121.347107
7443.759155	-121.423622
7444.432068	-120.922630
7445.104980	-122.502068
7445.777893	-122.591980
7446.450806	-122.269943
7447.123718	-122.052094
7447.796631	-122.384422
7448.469543	-122.800346
7449.142456	-122.655640
7449.815369	-122.339203
7450.488281	-122.336014
7451.161194	-122.370087
7451.834106	-121.561508
7452.507019	-122.321487
7453.179932	-122.763062
7453.852844	-122.159920
7454.525757	-122.472939
7455.198669	-122.497826
7455.871582	-122.016373
7456.544495	-121.556061
7457.217407	-122.263718
7457.890320	-122.926826
7458.563232	-121.995514
7459.236145	-121.814499
7459.909058	-121.237854
7460.581970	-121.334206
7461.254883	-121.836685
7461.927795	-121.508858
7462.600708	-121.893814
7463.273621	-121.824661
7463.946533	-121.652557
7464.619446	-122.430000
7465.292358	-122.376686
7465.965271	-122.708893
7466.638184	-122.435616
7467.311096	-122.513474
7467.984009	-121.865578
7468.656921	-121.939110
7469.329834	-122.269905
7470.002747	-122.297516
7470.675659	-122.099060
7471.348572	-121.815643
7472.021484	-121.457443
7472.694397	-121.758621
7473.367310	-122.574379
7474.040222	-122.251686
7474.713135	-122.178802
7475.386047	-122.594101
7476.058960	-121.596085
7476.731873	-120.868484
7477.404785	-120.644035
7478.077698	-121.182175
7478.750610	-121.920799
7479.423523	-122.358543
7480.096436	-122.967453
7480.769348	-122.683929
7481.442261	-123.059563
7482.115173	-122.138481
7482.788086	-121.023018
7483.460999	-121.774956
7484.133911	-122.512573
7484.806824	-122.108803
7485.479736	-121.920555
7486.152649	-121.776733
7486.825562	-122.219055
7487.498474	-122.247597
7488.171387	-121.710762
7488.844299	-121.041504
7489.517212	-121.903885
7490.190125	-122.922394
7490.863037	-122.694641
7491.535950	-121.897507
7492.208862	-121.988312
7492.881775	-122.559349
7493.554688	-122.574371
7494.227600	-122.219894
7494.900513	-122.105095
7495.573425	-121.343224
7496.246338	-121.437469
7496.919250	-121.081726
7497.592163	-121.749397
7498.265076	-122.440033
7498.937988	-122.063957
7499.610901	-121.614746
7500.283813	-122.353905
7500.956726	-122.899750
7501.629639	-122.304420
7502.302551	-122.127632
7502.975464	-122.656410
7503.648376	-122.639038
7504.321289	-122.992668
7504.994202	-122.949509
7505.667114	-122.088448
7506.340027	-121.542847
7507.012939	-121.434799
7507.685852	-121.794067
7508.358765	-122.577065
7509.031677	-121.426659
7509.704590	-121.133011
7510.377502	-121.707138
7511.050415	-122.551331
7511.723328	-122.876457
7512.396240	-121.980316
7513.069153	-120.812988
7513.742065	-120.562965
7514.414978	-121.418404
7515.087891	-122.208046
7515.760803	-122.755821
7516.433716	-122.785797
7517.106628	-121.895599
7517.779541	-120.851212
7518.452454	-122.010040
7519.125366	-122.951500
7519.798279	-122.487686
7520.471191	-122.183258
7521.144104	-121.619965
7521.817017	-121.859131
7522.489929	-121.898796
7523.162842	-122.090240
7523.835754	-122.257874
7524.508667	-121.390289
7525.181580	-120.793251
7525.854492	-121.665459
7526.527405	-122.529572
7527.200317	-122.423073
7527.873230	-123.198395
7528.546143	-123.153809
7529.219055	-121.851067
7529.891968	-122.269943
7530.564880	-122.302727
7531.237793	-121.588844
7531.910706	-122.003868
7532.583618	-121.324570
7533.256531	-121.550369
7533.929443	-122.373207
7534.602356	-122.467148
7535.275269	-122.741043
7535.948181	-122.559158
7536.621094	-123.039024
7537.294006	-122.979088
7537.966919	-122.390671
7538.639832	-122.083984
7539.312744	-122.432419
7539.985657	-121.591537
7540.658569	-121.462479
7541.331482	-121.298325
7542.004395	-121.894035
7542.677307	-122.149055
7543.350220	-122.085327
7544.023132	-121.210907
7544.696045	-122.295250
7545.368958	-122.938416
7546.041870	-122.351852
7546.714783	-122.383698
7547.387695	-122.319092
7548.060608	-122.743889
7548.733521	-122.817276
7549.406433	-122.293030
7550.079346	-122.153656
7550.752258	-122.274849
7551.425171	-122.522926
7552.098083	-122.150536
7552.770996	-121.471298
7553.443909	-121.914322
7554.116821	-121.790688
7554.789734	-123.070877
7555.462646	-122.124062
7556.135559	-121.511780
7556.808472	-121.689690
7557.481384	-121.559258
7558.154297	-121.431984
7558.827209	-121.303986
7559.500122	-121.838867
7560.173035	-121.821693
7560.845947	-121.964775
7561.518860	-122.402206
7562.191772	-121.228592
7562.864685	-121.292030
7563.537598	-121.682068
7564.210510	-121.487915
7564.883423	-121.493881
7565.556335	-121.298599
7566.229248	-121.861267
7566.902161	-122.215752
7567.575073	-122.527672
7568.247986	-122.682327
7568.920898	-122.116585
7569.593811	-121.477318
7570.266724	-120.965279
7570.939636	-121.406326
7571.612549	-121.458015
7572.285461	-121.380493
7572.958374	-121.827087
7573.631287	-121.923065
7574.304199	-122.140144
7574.977112	-122.697433
7575.650024	-122.660553
7576.322937	-122.290657
7576.995850	-121.449539
7577.668762	-121.785568
7578.341675	-121.911621
7579.014587	-122.013298
7579.687500	-121.181473
7580.360413	-120.892311
7581.033325	-121.550919
7581.706238	-121.484512
7582.379150	-122.179344
7583.052063	-121.892227
7583.724976	-121.227257
7584.397888	-121.793465
7585.070801	-122.094658
7585.743713	-121.560631
7586.416626	-121.031387
7587.089539	-121.520927
7587.762451	-121.469193
7588.435364	-121.497833
7589.108276	-121.614464
7589.781189	-122.139610
7590.454102	-121.633659
7591.127014	-121.994087
7591.799927	-123.002853
7592.472839	-122.687714
7593.145752	-122.030579
7593.818665	-120.879829
7594.491577	-121.450287
7595.164490	-122.953598
7595.837402	-121.503990
7596.510315	-120.750961
7597.183228	-121.426559
7597.856140	-121.764732
7598.529053	-122.043083
7599.201965	-122.094147
7599.874878	-121.797615
7600.547791	-121.668800
7601.220703	-122.338501
7601.893616	-122.062645
7602.566528	-121.912888
7603.239441	-122.755478
7603.912354	-122.590881
7604.585266	-122.140465
7605.258179	-121.582718
7605.931091	-121.081741
7606.604004	-121.569511
7607.276917	-121.879700
7607.949829	-122.209579
7608.622742	-121.633789
7609.295654	-121.864555
7609.968567	-121.637550
7610.641479	-121.280640
7611.314392	-121.894638
7611.987305	-122.372314
7612.660217	-122.264015
7613.333130	-122.406761
7614.006042	-122.607925
7614.678955	-122.381508
7615.351868	-122.480774
7616.024780	-122.963882
7616.697693	-122.469124
7617.370605	-122.913864
7618.043518	-121.784355
7618.716431	-121.901375
7619.389343	-121.861626
7620.062256	-121.777405
7620.735168	-122.368958
7621.408081	-121.959297
7622.080994	-121.623550
7622.753906	-122.190269
7623.426819	-122.628265
7624.099731	-121.760124
7624.772644	-120.652977
7625.445557	-120.966698
7626.118469	-121.232529
7626.791382	-121.330719
7627.464294	-121.961090
7628.137207	-121.774963
7628.810120	-121.367813
7629.483032	-121.733192
7630.155945	-121.371284
7630.828857	-121.922928
7631.501770	-122.666908
7632.174683	-121.984077
7632.847595	-121.643784
7633.520508	-122.247749
7634.193420	-122.457741
7634.866333	-121.902626
7635.539246	-121.955856
7636.212158	-122.752419
7636.885071	-123.039238
7637.557983	-122.390007
7638.230896	-121.717026
7638.903809	-122.000793
7639.576721	-122.350319
7640.249634	-122.184937
7640.922546	-122.126816
7641.595459	-121.370239
7642.268372	-121.435570
7642.941284	-121.789413
7643.614197	-122.336998
7644.287109	-122.211517
7644.960022	-122.013443
7645.632935	-122.123711
7646.305847	-122.573357
7646.978760	-122.483101
7647.651672	-121.403374
7648.324585	-122.077950
7648.997498	-122.672462
7649.670410	-122.898415
7650.343323	-122.237137
7651.016235	-122.218277
7651.689148	-122.162300
7652.362061	-121.663734
7653.034973	-122.345863
7653.707886	-122.428719
7654.380798	-122.348114
7655.053711	-121.698143
7655.726624	-122.811569
7656.399536	-122.419777
7657.072449	-122.276596
7657.745361	-122.397469
7658.418274	-122.356926
7659.091187	-122.495628
7659.764099	-122.192505
7660.437012	-122.026711
7661.109924	-122.029640
7661.782837	-122.321983
7662.455750	-122.187073
7663.128662	-121.343338
7663.801575	-121.328697
7664.474487	-121.793968
7665.147400	-122.027290
7665.820312	-121.368340
7666.493225	-121.177116
7667.166138	-121.778534
7667.839050	-121.705444
7668.511963	-121.826294
7669.184875	-121.877060
7669.857788	-121.636490
7670.530701	-122.681084
7671.203613	-122.789223
7671.876526	-122.250656
7672.549438	-122.308624
7673.222351	-122.245804
7673.895264	-122.754700
7674.568176	-123.665726
7675.241089	-122.531265
7675.914001	-121.805222
7676.586914	-122.152695
7677.259827	-122.444992
7677.932739	-122.220131
7678.605652	-122.049232
7679.278564	-121.257950
7679.951477	-122.063957
7680.624390	-122.816055
7681.297302	-122.583290
7681.970215	-122.657051
7682.643127	-121.756180
7683.316040	-121.790215
7683.988953	-122.398117
7684.661865	-121.788940
7685.334778	-121.607338
7686.007690	-122.121277
7686.680603	-121.818573
7687.353516	-121.618408
7688.026428	-121.764153
7688.699341	-121.624283
7689.372253	-121.354050
7690.045166	-121.608337
7690.718079	-121.712074
7691.390991	-121.455902
7692.063904	-121.493004
7692.736816	-122.010384
7693.409729	-122.536362
7694.082642	-122.379410
7694.755554	-123.262001
7695.428467	-121.685410
7696.101379	-121.787445
7696.774292	-121.291618
7697.447205	-120.689087
7698.120117	-121.744995
7698.793030	-121.887962
7699.465942	-122.239151
7700.138855	-122.894554
7700.811768	-122.509193
7701.484680	-122.088646
7702.157593	-122.726471
7702.830505	-122.034264
7703.503418	-121.989296
7704.176331	-122.119469
7704.849243	-122.079369
7705.522156	-121.227173
7706.195068	-121.721069
7706.867981	-122.377502
7707.540894	-121.884773
7708.213806	-121.941948
7708.886719	-122.342346
7709.559631	-122.329727
7710.232544	-122.307961
7710.905457	-121.989525
7711.578369	-121.865074
7712.251282	-122.248924
7712.924194	-122.922707
7713.597107	-122.108955
7714.270020	-121.760124
7714.942932	-121.724876
7715.615845	-122.307014
7716.288757	-122.339264
7716.961670	-121.992340
7717.634583	-121.646400
7718.307495	-121.222946
7718.980408	-120.802353
7719.653320	-121.451134
7720.326233	-121.513664
7720.999146	-122.104004
7721.672058	-122.675636
7722.344971	-121.764290
7723.017883	-121.159416
7723.690796	-121.209320
7724.363708	-121.457550
7725.036621	-121.662155
7725.709534	-121.866699
7726.382446	-122.327637
7727.055359	-121.865364
7727.728271	-121.322075
7728.401184	-122.100304
7729.074097	-122.618584
7729.747009	-121.805603
7730.419922	-121.356812
7731.092834	-122.503914
7731.765747	-122.258224
7732.438660	-121.167244
7733.111572	-121.906685
7733.784485	-123.010193
7734.457397	-122.461929
7735.130310	-121.894669
7735.803223	-121.820534
7736.476135	-121.601685
7737.149048	-120.876144
7737.821960	-121.626823
7738.494873	-122.039055
7739.167786	-121.749245
7739.840698	-122.678101
7740.513611	-123.508553
7741.186523	-122.489601
7741.859436	-122.727669
7742.532349	-121.983292
7743.205261	-121.602432
7743.878174	-121.713638
7744.551086	-121.843147
7745.223999	-120.886993
7745.896912	-120.841850
7746.569824	-121.286964
7747.242737	-121.876244
7747.915649	-122.833839
7748.588562	-122.347191
7749.261475	-121.924629
7749.934387	-122.253418
7750.607300	-121.619392
7751.280212	-121.246521
7751.953125	-121.406387
7752.626038	-121.621574
7753.298950	-122.195244
7753.971863	-122.140091
7754.644775	-122.736725
7755.317688	-123.148087
7755.990601	-122.470512
7756.663513	-122.277245
7757.336426	-122.136200
7758.009338	-121.413956
7758.682251	-121.226768
7759.355164	-122.508965
7760.028076	-122.892242
7760.700989	-122.214279
7761.373901	-121.461273
7762.046814	-121.933594
7762.719727	-122.509346
7763.392639	-122.997009
7764.065552	-121.794617
7764.738464	-121.264076
7765.411377	-121.503662
7766.084290	-122.463470
7766.757202	-122.386971
7767.430115	-121.962021
7768.103027	-121.386299
7768.775940	-121.733612
7769.448853	-121.163841
7770.121765	-120.927391
7770.794678	-121.977760
7771.467590	-122.540527
7772.140503	-122.249283
7772.813416	-123.074417
7773.486328	-122.514465
7774.159241	-122.509407
7774.832153	-122.750244
7775.505066	-122.633873
7776.177979	-121.854584
7776.850891	-122.697685
7777.523804	-122.043144
7778.196716	-121.754868
7778.869629	-122.194145
7779.542542	-123.147934
7780.215454	-122.478111
7780.888367	-122.945831
7781.561279	-122.147118
7782.234192	-121.917595
7782.907104	-121.651779
7783.580017	-122.431686
7784.252930	-122.627045
7784.925842	-122.064842
7785.598755	-121.083542
7786.271667	-121.494865
7786.944580	-121.736107
7787.617493	-121.459145
7788.290405	-121.347916
7788.963318	-121.822853
7789.636230	-122.572800
7790.309143	-122.128754
7790.982056	-121.788788
7791.654968	-121.526199
7792.327881	-122.233887
7793.000793	-122.889183
7793.673706	-122.551430
7794.346619	-122.767746
7795.019531	-122.750061
7795.692444	-122.316383
7796.365356	-122.233948
7797.038269	-121.614922
7797.711182	-121.779541
7798.384094	-121.079590
7799.057007	-122.024086
7799.729919	-122.474876
7800.402832	-122.470222
7801.075745	-121.960892
7801.748657	-121.952545
7802.421570	-122.134094
7803.094482	-121.892113
7803.767395	-122.013916
7804.440308	-122.596252
7805.113220	-121.962502
7805.786133	-122.378159
7806.459045	-122.847839
7807.131958	-122.883980
7807.804871	-122.619934
7808.477783	-122.444603
7809.150696	-122.518372
7809.823608	-122.531738
7810.496521	-122.093613
7811.169434	-122.376198
7811.842346	-122.613480
7812.515259	-122.493988
7813.188171	-122.170372
7813.861084	-122.067505
7814.533997	-121.160461
7815.206909	-121.162827
7815.879822	-121.680428
7816.552734	-122.135078
7817.225647	-122.038063
7817.898560	-121.805618
7818.571472	-121.858124
7819.244385	-121.429916
7819.917297	-122.056061
7820.590210	-122.495857
7821.263123	-122.042923
7821.936035	-121.616455
7822.608948	-122.030212
7823.281860	-122.775475
7823.954773	-122.768394
7824.627686	-122.381783
7825.300598	-122.376503
7825.973511	-122.360176
7826.646423	-121.890823
7827.319336	-122.318153
7827.992249	-122.511711
7828.665161	-122.217934
7829.338074	-122.046455
7830.010986	-121.881210
7830.683899	-122.047592
7831.356812	-122.255135
7832.029724	-123.622604
7832.702637	-122.969154
7833.375549	-122.023773
7834.048462	-121.480766
7834.721375	-120.984306
7835.394287	-121.454956
7836.067200	-122.391891
7836.740112	-122.352180
7837.413025	-121.863976
7838.085938	-121.311333
7838.758850	-121.614418
7839.431763	-121.949669
7840.104675	-122.180138
7840.777588	-122.672310
7841.450500	-123.108658
7842.123413	-121.891212
7842.796326	-121.368690
7843.469238	-121.572144
7844.142151	-121.774429
7844.815063	-122.411934
7845.487976	-121.427200
7846.160889	-121.591125
7846.833801	-121.495445
7847.506714	-121.979073
7848.179626	-122.532974
7848.852539	-122.836800
7849.525452	-122.638535
7850.198364	-121.800713
7850.871277	-122.848839
7851.544189	-123.476494
7852.217102	-122.655609
7852.890015	-122.236084
7853.562927	-121.787033
7854.235840	-122.014366
7854.908752	-122.132034
7855.581665	-122.264763
7856.254578	-121.392273
7856.927490	-121.292351
7857.600403	-122.437447
7858.273315	-121.824814
7858.946228	-120.996948
7859.619141	-121.599983
7860.292053	-122.625610
7860.964966	-122.775841
7861.637878	-122.379982
7862.310791	-122.370918
7862.983704	-121.816513
7863.656616	-121.837807
7864.329529	-121.343216
7865.002441	-121.928932
7865.675354	-122.228241
7866.348267	-121.766396
7867.021179	-121.866478
7867.694092	-122.066681
7868.367004	-121.517830
7869.039917	-122.060493
7869.712830	-122.071373
7870.385742	-121.419151
7871.058655	-121.436058
7871.731567	-121.447289
7872.404480	-122.673965
7873.077393	-122.322746
7873.750305	-121.904076
7874.423218	-121.605370
7875.096130	-120.746391
7875.769043	-120.381119
7876.441956	-121.290344
7877.114868	-121.629936
7877.787781	-121.959259
7878.460693	-122.350784
7879.133606	-122.899315
7879.806519	-122.840630
7880.479431	-122.994469
7881.152344	-121.810623
7881.825256	-121.287827
7882.498169	-121.539894
7883.171082	-121.430077
7883.843994	-121.379456
7884.516907	-121.736969
7885.189819	-121.350769
7885.862732	-121.665031
7886.535645	-122.079689
7887.208557	-122.272514
7887.881470	-121.888939
7888.554382	-123.018890
7889.227295	-122.895905
7889.900208	-121.881027
7890.573120	-122.164482
7891.246033	-122.080498
7891.918945	-122.350540
7892.591858	-122.126923
7893.264771	-121.369308
7893.937683	-122.508064
7894.610596	-122.243469
7895.283508	-121.864861
7895.956421	-121.928635
7896.629333	-121.686989
7897.302246	-121.617058
7897.975159	-122.614006
7898.648071	-121.658676
7899.320984	-122.091576
7899.993896	-122.678802
7900.666809	-122.226631
7901.339722	-122.290062
7902.012634	-121.831436
7902.685547	-122.163383
7903.358459	-122.128754
7904.031372	-122.503128
7904.704285	-122.017792
7905.377197	-122.411270
7906.050110	-121.931923
7906.723022	-122.085457
7907.395935	-121.566780
7908.068848	-121.723076
7908.741760	-122.656013
7909.414673	-122.894524
7910.087585	-121.501297
7910.760498	-121.943436
7911.433411	-122.688980
7912.106323	-122.849998
7912.779236	-121.962845
7913.452148	-121.950172
7914.125061	-121.720116
7914.797974	-121.614456
7915.470886	-122.345978
7916.143799	-122.158287
7916.816711	-123.762932
7917.489624	-123.150780
7918.162537	-121.933945
7918.835449	-121.259041
7919.508362	-121.447273
7920.181274	-122.096657
7920.854187	-122.450768
7921.527100	-122.390396
7922.200012	-122.109116
7922.872925	-121.629906
7923.545837	-122.060768
7924.218750	-121.786301
7924.891663	-121.879974
7925.564575	-122.300781
7926.237488	-122.215347
7926.910400	-121.302551
7927.583313	-121.790604
7928.256226	-122.270836
7928.929138	-122.369591
7929.602051	-122.413681
7930.274963	-122.424591
7930.947876	-122.756760
7931.620789	-122.936470
7932.293701	-122.295944
7932.966614	-122.249352
7933.639526	-122.690262
7934.312439	-122.208954
7934.985352	-121.860519
7935.658264	-122.179947
7936.331177	-122.513481
7937.004089	-121.846222
7937.677002	-122.504059
7938.349915	-121.743835
7939.022827	-120.993118
7939.695740	-121.241524
7940.368652	-121.658279
7941.041565	-121.743309
7941.714478	-121.894722
7942.387390	-121.864357
7943.060303	-121.867790
7943.733215	-122.458885
7944.406128	-122.885231
7945.079041	-122.086670
7945.751953	-121.898125
7946.424866	-122.236237
7947.097778	-122.365891
7947.770691	-121.929405
7948.443604	-121.481277
7949.116516	-121.859138
7949.789429	-122.291817
7950.462341	-121.967545
7951.135254	-122.342812
7951.808167	-122.294945
7952.481079	-122.047264
7953.153992	-122.332779
7953.826904	-122.609871
7954.499817	-122.206779
7955.172729	-121.638306
7955.845642	-121.534363
7956.518555	-122.221428
7957.191467	-122.202576
7957.864380	-122.236671
7958.537292	-121.349937
7959.210205	-122.613235
7959.883118	-122.719986
7960.556030	-122.406090
7961.228943	-121.707458
7961.901855	-121.602921
7962.574768	-122.308807
7963.247681	-122.481895
7963.920593	-122.178329
7964.593506	-122.460876
7965.266418	-122.037689
7965.939331	-122.659142
7966.612244	-122.175995
7967.285156	-121.824585
7967.958069	-121.450775
7968.630981	-121.646370
7969.303894	-121.859146
7969.976807	-121.514038
7970.649719	-121.728355
7971.322632	-122.308960
7971.995544	-121.728600
7972.668457	-121.900978
7973.341370	-121.401627
7974.014282	-121.522781
7974.687195	-121.877579
7975.360107	-122.225052
7976.033020	-122.922791
7976.705933	-122.829285
7977.378845	-122.044968
7978.051758	-121.236221
7978.724670	-120.956268
7979.397583	-122.069031
7980.070496	-122.329147
7980.743408	-121.981087
7981.416321	-122.243202
7982.089233	-122.636391
7982.762146	-122.260422
7983.435059	-122.354706
7984.107971	-122.946533
7984.780884	-121.740936
7985.453796	-121.673279
7986.126709	-121.781136
7986.799622	-121.918816
7987.472534	-122.738647
7988.145447	-122.960434
7988.818359	-122.321678
7989.491272	-122.064987
7990.164185	-121.981010
7990.837097	-121.375458
7991.510010	-121.242821
7992.182922	-122.303085
7992.855835	-122.251625
7993.528748	-121.443748
7994.201660	-121.656464
7994.874573	-121.811493
7995.547485	-121.898544
7996.220398	-121.741058
7996.893311	-121.818733
7997.566223	-122.100372
7998.239136	-121.794930
7998.912048	-121.865936
7999.584961	-122.145866
8000.257874	-122.408371
8000.930786	-121.926338
8001.603699	-122.213326
8002.276611	-122.193687
8002.949524	-121.752159
8003.622437	-122.465233
8004.295349	-123.168877
8004.968262	-122.556671
8005.641174	-122.468956
8006.314087	-121.321472
8006.987000	-121.642365
8007.659912	-121.532318
8008.332825	-122.839546
8009.005737	-122.065826
8009.678650	-121.843895
8010.351562	-122.513084
8011.024475	-122.899269
8011.697388	-122.048431
8012.370300	-121.495712
8013.043213	-122.046135
8013.716125	-121.893677
8014.389038	-122.240906
8015.061951	-122.665703
8015.734863	-122.716331
8016.407776	-122.122391
8017.080688	-122.989609
8017.753601	-121.915520
8018.426514	-121.475182
8019.099426	-121.612221
8019.772339	-121.406677
8020.445251	-121.855049
8021.118164	-122.917412
8021.791077	-122.404816
8022.463989	-122.237640
8023.136902	-121.433929
8023.809814	-121.202354
8024.482727	-122.040421
8025.155640	-122.196655
8025.828552	-121.375282
8026.501465	-121.962479
8027.174377	-122.501549
8027.847290	-121.737984
8028.520203	-121.831909
8029.193115	-121.781563
8029.866028	-122.759338
8030.538940	-122.745819
8031.211853	-122.290367
8031.884766	-122.050346
8032.557678	-121.770096
8033.230591	-121.465355
8033.903503	-121.958664
8034.576416	-121.571831
8035.249329	-122.106331
8035.922241	-123.048920
8036.595154	-122.671494
8037.268066	-121.649429
8037.940979	-122.859016
8038.613892	-122.708870
8039.286804	-122.023109
8039.959717	-122.232521
8040.632629	-122.231651
8041.305542	-122.505531
8041.978455	-123.334030
8042.651367	-122.729744
8043.324280	-122.237442
8043.997192	-121.891266
8044.670105	-121.921188
8045.343018	-122.733727
8046.015930	-122.313805
8046.688843	-121.327408
8047.361755	-121.608551
8048.034668	-122.018967
8048.707581	-121.922684
8049.380493	-121.804268
8050.053406	-121.331779
8050.726318	-121.508751
8051.399231	-122.220848
8052.072144	-121.992859
8052.745056	-122.669487
8053.417969	-122.604668
8054.090881	-121.555473
8054.763794	-122.019608
8055.436707	-121.861664
8056.109619	-121.536911
8056.782532	-122.172157
8057.455444	-121.415138
8058.128357	-121.439354
8058.801270	-121.662636
8059.474182	-122.208549
8060.147095	-122.044250
8060.820007	-121.891212
8061.492920	-121.758919
8062.165833	-122.119446
8062.838745	-122.479950
8063.511658	-122.440681
8064.184570	-122.914955
8064.857483	-122.242699
8065.530396	-121.839958
8066.203308	-121.925629
8066.876221	-122.232796
8067.549133	-122.189644
8068.222046	-122.190155
8068.894958	-122.058746
8069.567871	-121.840027
8070.240784	-122.168953
8070.913696	-122.084427
8071.586609	-121.922638
8072.259521	-122.390823
8072.932434	-122.869171
8073.605347	-122.329330
8074.278259	-122.342560
8074.951172	-121.883575
8075.624084	-121.876534
8076.296997	-121.420624
8076.969910	-121.845695
8077.642822	-122.407631
8078.315735	-121.899437
8078.988647	-121.544640
8079.661560	-121.920677
8080.334473	-121.806648
8081.007385	-121.876640
8081.680298	-122.156288
8082.353210	-121.238976
8083.026123	-121.107674
8083.699036	-121.234802
8084.371948	-121.536942
8085.044861	-122.541710
8085.717773	-121.993858
8086.390686	-121.764267
8087.063599	-122.361542
8087.736511	-122.722389
8088.409424	-122.269402
8089.082336	-122.305420
8089.755249	-122.376228
8090.428162	-121.809746
8091.101074	-121.643150
8091.773987	-122.509933
8092.446899	-123.261909
8093.119812	-123.121346
8093.792725	-121.799568
8094.465637	-122.544357
8095.138550	-122.453171
8095.811462	-122.222397
8096.484375	-122.330154
8097.157288	-122.102966
8097.830200	-122.577698
8098.503113	-122.279671
8099.176025	-121.671570
8099.848938	-122.147621
8100.521851	-122.776817
8101.194763	-121.932388
8101.867676	-121.899033
8102.540588	-122.026886
8103.213501	-121.372200
8103.886414	-121.018394
8104.559326	-121.371498
8105.232239	-122.268433
8105.905151	-122.282379
8106.578064	-121.844994
8107.250977	-122.300575
8107.923889	-122.460869
8108.596802	-121.678139
8109.269714	-122.236588
8109.942627	-122.623711
8110.615540	-121.807289
8111.288452	-121.668297
8111.961365	-122.781395
8112.634277	-122.985252
8113.307190	-122.041710
8113.980103	-122.089027
8114.653015	-122.486832
8115.325928	-122.512268
8115.998840	-122.445961
8116.671753	-122.117096
8117.344666	-122.477127
8118.017578	-121.624626
8118.690491	-121.863838
8119.363403	-122.503387
8120.036316	-121.606613
8120.709229	-122.116165
8121.382141	-122.357689
8122.055054	-122.391602
8122.727966	-122.478218
8123.400879	-122.028992
8124.073792	-121.962509
8124.746704	-122.330559
8125.419617	-122.132210
8126.092529	-123.267113
8126.765442	-122.112114
8127.438354	-121.958580
8128.111267	-121.492081
8128.784180	-122.183762
8129.457092	-122.802788
8130.130005	-121.974037
8130.802917	-121.678467
8131.475830	-122.447525
8132.148743	-122.628326
8132.821655	-121.716568
8133.494568	-121.811707
8134.167480	-121.867165
8134.840393	-122.241112
8135.513306	-122.758141
8136.186218	-122.018097
8136.859131	-122.295609
8137.532043	-122.317505
8138.204956	-122.028526
8138.877869	-121.706406
8139.550781	-121.528435
8140.223694	-121.155518
8140.896606	-121.454994
8141.569519	-122.370331
8142.242432	-122.140221
8142.915344	-122.409782
8143.588257	-122.152306
8144.261169	-122.217392
8144.934082	-122.731369
8145.606995	-122.529800
8146.279907	-121.777962
8146.952820	-122.182022
8147.625732	-122.382195
8148.298645	-122.667374
8148.971558	-122.440788
8149.644470	-122.784721
8150.317383	-122.379105
8150.990295	-120.746475
8151.663208	-121.548401
8152.336121	-122.351677
8153.009033	-121.583778
8153.681946	-121.503899
8154.354858	-121.924561
8155.027771	-122.770111
8155.700684	-122.519646
8156.373596	-121.837852
8157.046509	-121.948990
8157.719421	-121.597908
8158.392334	-121.475540
8159.065247	-122.583939
8159.738159	-122.402214
8160.411072	-121.771149
8161.083984	-121.877182
8161.756897	-122.731712
8162.429810	-122.598015
8163.102722	-122.010864
8163.775635	-121.617477
8164.448547	-121.884140
8165.121460	-121.311592
8165.794373	-121.542572
8166.467285	-122.338524
8167.140198	-121.709061
8167.813110	-121.549599
8168.486023	-121.629173
8169.158936	-122.528465
8169.831848	-123.218544
8170.504761	-122.713028
8171.177673	-122.996727
8171.850586	-123.435104
8172.523499	-123.102188
8173.196411	-121.828247
8173.869324	-121.478477
8174.542236	-121.747421
8175.215149	-121.926201
8175.888062	-121.595985
8176.560974	-121.689911
8177.233887	-121.186028
8177.906799	-121.184753
8178.579712	-122.266502
8179.252625	-121.381111
8179.925537	-121.499527
8180.598450	-122.153191
8181.271362	-122.090874
8181.944275	-121.523880
8182.617188	-122.068840
8183.290100	-122.725586
8183.963013	-122.478798
8184.635925	-122.451691
8185.308838	-121.949730
8185.981750	-121.951363
8186.654663	-121.888191
8187.327576	-122.293304
8188.000488	-122.770218
8188.673401	-122.253868
8189.346313	-122.456642
8190.019226	-122.218498
8190.692139	-121.426308
8191.365051	-122.220528
8192.037964	-122.309593
8192.710876	-121.172897
8193.383789	-121.270081
8194.056702	-122.162720
8194.729614	-122.252266
8195.402527	-121.090202
8196.075439	-120.838097
8196.748352	-121.563339
8197.421265	-121.800919
8198.094177	-122.414467
8198.767090	-122.213715
8199.440002	-121.920715
8200.112915	-122.477371
8200.785828	-123.170334
8201.458740	-123.024475
8202.131653	-122.471695
8202.804565	-122.281570
8203.477478	-121.917694
8204.150391	-121.701393
8204.823303	-121.502090
8205.496216	-122.784348
8206.169128	-122.304420
8206.842041	-122.620667
8207.514954	-122.812256
8208.187866	-122.109222
8208.860779	-122.705841
8209.533691	-123.431946
8210.206604	-122.688416
8210.879517	-122.185547
8211.552429	-122.137169
8212.225342	-121.538750
8212.898254	-122.300133
8213.571167	-122.117210
8214.244080	-121.720467
8214.916992	-123.129440
8215.589905	-123.156166
8216.262817	-122.796547
8216.935730	-122.915977
8217.608643	-122.196739
8218.281555	-121.966461
8218.954468	-121.644707
8219.627380	-121.466301
8220.300293	-121.347122
8220.973206	-121.854851
8221.646118	-121.959892
8222.319031	-122.177490
8222.991943	-122.766518
8223.664856	-122.498123
8224.337769	-122.246674
8225.010681	-121.360092
8225.683594	-121.022507
8226.356506	-121.509583
8227.029419	-122.386116
8227.702332	-122.523056
8228.375244	-121.952583
8229.048157	-121.613823
8229.721069	-121.813004
8230.393982	-122.330231
8231.066895	-121.534775
8231.739807	-121.938637
8232.412720	-121.948204
8233.085632	-121.637810
8233.758545	-121.189529
8234.431458	-122.041389
8235.104370	-121.664589
8235.777283	-121.142021
8236.450195	-121.469208
8237.123108	-121.451721
8237.796021	-121.804977
8238.468933	-121.881287
8239.141846	-121.474747
8239.814758	-122.157738
8240.487671	-121.620224
8241.160583	-121.961449
8241.833496	-122.369339
8242.506409	-121.771141
8243.179321	-121.615776
8243.852234	-121.806671
8244.525146	-121.863335
8245.198059	-122.245049
8245.870972	-122.497589
8246.543884	-122.044937
8247.216797	-122.770195
8247.889709	-122.955490
8248.562622	-123.068939
8249.235535	-121.858147
8249.908447	-121.315575
8250.581360	-121.266052
8251.254272	-121.868607
8251.927185	-122.019600
8252.600098	-121.512230
8253.273010	-122.343529
8253.945923	-122.783302
8254.618835	-121.732224
8255.291748	-121.026573
8255.964661	-121.578453
8256.637573	-121.817757
8257.310486	-121.706711
8257.983398	-121.954933
8258.656311	-121.719063
8259.329224	-120.878899
8260.002136	-121.739563
8260.675049	-122.371956
8261.347961	-122.204231
8262.020874	-122.196884
8262.693787	-122.131790
8263.366699	-121.943092
8264.039612	-121.712212
8264.712524	-121.469345
8265.385437	-122.180092
8266.058350	-123.333138
8266.731262	-122.722588
8267.404175	-122.028831
8268.077087	-121.925209
8268.750000	-121.840935
8269.422913	-121.965675
8270.095825	-121.806000
8270.768738	-122.277771
8271.441650	-121.764809
8272.114563	-121.462982
8272.787476	-121.839455
8273.460388	-122.315811
8274.133301	-122.289177
8274.806213	-121.859200
8275.479126	-122.225723
8276.152039	-122.068970
8276.824951	-121.747978
8277.497864	-120.487785
8278.170776	-120.788925
8278.843689	-121.884361
8279.516602	-122.405914
8280.189514	-122.259132
8280.862427	-122.761986
8281.535339	-122.694946
8282.208252	-122.266586
8282.881165	-122.284454
8283.554077	-121.865005
8284.226990	-122.276367
8284.899902	-122.651886
8285.572815	-122.613533
8286.245728	-122.009750
8286.918640	-121.623764
8287.591553	-122.201324
8288.264465	-122.011597
8288.937378	-122.121124
8289.610291	-122.369728
8290.283203	-122.036583
8290.956116	-121.665787
8291.629028	-121.527016
8292.301941	-121.463127
8292.974854	-121.774094
8293.647766	-121.275146
8294.320679	-121.298569
8294.993591	-121.292320
8295.666504	-121.626915
8296.339417	-122.246445
8297.012329	-122.320190
8297.685242	-121.650284
8298.358154	-122.030029
8299.031067	-121.727226
8299.703979	-122.135437
8300.376892	-121.398651
8301.049805	-121.315109
8301.722717	-122.385216
8302.395630	-122.465897
8303.068542	-121.452469
8303.741455	-121.874634
8304.414368	-121.597015
8305.087280	-121.854424
8305.760193	-122.848503
8306.433105	-121.311935
8307.106018	-121.362617
8307.778931	-121.916580
8308.451843	-122.020172
8309.124756	-121.980682
8309.797668	-122.164009
8310.470581	-121.097176
8311.143494	-122.370735
8311.816406	-123.735840
8312.489319	-122.538834
8313.162231	-121.791199
8313.835144	-121.208107
8314.508057	-121.620804
8315.180969	-121.442406
8315.853882	-120.702888
8316.526794	-121.281670
8317.199707	-122.224213
8317.872620	-121.514160
8318.545532	-121.423660
8319.218445	-121.741730
8319.891357	-121.319016
8320.564270	-121.175461
8321.237183	-121.374199
8321.910095	-121.298874
8322.583008	-120.808144
8323.255920	-120.518188
8323.928833	-120.955208
8324.601746	-121.384583
8325.274658	-121.411011
8325.947571	-121.486084
8326.620483	-121.529396
8327.293396	-121.810783
8327.966309	-121.082573
8328.639221	-122.122421
8329.312134	-122.119621
8329.985046	-121.843575
8330.657959	-121.542061
8331.330872	-121.638596
8332.003784	-121.982368
8332.676697	-121.654648
8333.349609	-121.304016
8334.022522	-121.730949
8334.695435	-121.975349
8335.368347	-122.014992
8336.041260	-122.100861
8336.714172	-122.964859
8337.387085	-122.756516
8338.059998	-121.733200
8338.732910	-122.350227
8339.405823	-121.966644
8340.078735	-122.310860
8340.751648	-121.920731
8341.424561	-122.552986
8342.097473	-122.318329
8342.770386	-122.063591
8343.443298	-122.818443
8344.116211	-122.577255
8344.789124	-122.280632
8345.462036	-121.267403
8346.134949	-121.130814
8346.807861	-121.340034
8347.480774	-121.341476
8348.153687	-121.571922
8348.826599	-122.177116
8349.499512	-121.552643
8350.172424	-121.547714
8350.845337	-122.054588
8351.518250	-121.796494
8352.191162	-121.468094
8352.864075	-122.056763
8353.536987	-121.854256
8354.209900	-121.632469
8354.882812	-122.282860
8355.555725	-122.303406
8356.228638	-122.351143
8356.901550	-122.602303
8357.574463	-121.749382
8358.247375	-121.558266
8358.920288	-121.919823
8359.593201	-122.286682
8360.266113	-122.437042
8360.939026	-122.035309
8361.611938	-121.580338
8362.284851	-121.724487
8362.957764	-122.503326
8363.630676	-123.345863
8364.303589	-122.831528
8364.976501	-122.041946
8365.649414	-122.610260
8366.322327	-122.466408
8366.995239	-122.672615
8367.668152	-121.522308
8368.341064	-121.300331
8369.013977	-121.987183
8369.686890	-121.945526
8370.359802	-121.631569
8371.032715	-122.188728
8371.705627	-122.173584
8372.378540	-121.188828
8373.051453	-121.349174
8373.724365	-121.869522
8374.397278	-122.220764
8375.070190	-122.577881
8375.743103	-122.395706
8376.416016	-122.234734
8377.088928	-122.375793
8377.761841	-122.214272
8378.434753	-122.065750
8379.107666	-121.652824
8379.780579	-121.501190
8380.453491	-121.195396
8381.126404	-121.593758
8381.799316	-121.726486
8382.472229	-122.250717
8383.145142	-121.944267
8383.818054	-121.816032
8384.490967	-121.964485
8385.163879	-120.997284
8385.836792	-121.462776
8386.509705	-121.156273
8387.182617	-121.717056
8387.855530	-121.502831
8388.528442	-121.181755
8389.201355	-122.249153
8389.874268	-123.230583
8390.547180	-122.228500
8391.220093	-121.556885
8391.893005	-121.860779
8392.565918	-122.093246
8393.238831	-121.864655
8393.911743	-121.928963
8394.584656	-121.889496
8395.257568	-122.104622
8395.930481	-122.412079
8396.603394	-121.789276
8397.276306	-121.317863
8397.949219	-121.409866
8398.622131	-121.776085
8399.295044	-122.455086
8399.967957	-122.982315
8400.640869	-122.786842
8401.313782	-122.310463
8401.986694	-121.149300
8402.659607	-121.649796
8403.332520	-121.701805
8404.005432	-121.264183
8404.678345	-122.278206
8405.351257	-120.856094
8406.024170	-120.881180
8406.697083	-121.492592
8407.369995	-121.848206
8408.042908	-122.033127
8408.715820	-122.691711
8409.388733	-122.517921
8410.061646	-120.875664
8410.734558	-121.639671
8411.407471	-121.317635
8412.080383	-121.726555
8412.753296	-122.036537
8413.426208	-121.957458
8414.099121	-121.827591
8414.772034	-122.132797
8415.444946	-121.722038
8416.117859	-122.378105
8416.790771	-122.177460
8417.463684	-121.379234
8418.136597	-121.699196
8418.809509	-122.800323
8419.482422	-122.089081
8420.155334	-121.852531
8420.828247	-122.379311
8421.501160	-122.411591
8422.174072	-122.147247
8422.846985	-121.394020
8423.519897	-122.030548
8424.192810	-121.711273
8424.865723	-121.095528
8425.538635	-121.800110
8426.211548	-122.193314
8426.884460	-121.022644
8427.557373	-121.681816
8428.230286	-123.053513
8428.903198	-122.406029
8429.576111	-121.087654
8430.249023	-121.961082
8430.921936	-121.590523
8431.594849	-121.298370
8432.267761	-122.287056
8432.940674	-122.458694
8433.613586	-122.150322
8434.286499	-121.358742
8434.959412	-121.586502
8435.632324	-122.220032
8436.305237	-123.139061
8436.978149	-122.812675
8437.651062	-121.834900
8438.323975	-122.309143
8438.996887	-122.823074
8439.669800	-121.662392
8440.342712	-121.751572
8441.015625	-122.377670
8441.688538	-122.147011
8442.361450	-121.492088
8443.034363	-121.330879
8443.707275	-121.550621
8444.380188	-121.358109
8445.053101	-121.209457
8445.726013	-121.425293
8446.398926	-121.581741
8447.071838	-121.269630
8447.744751	-121.781738
8448.417664	-121.983040
8449.090576	-122.308853
8449.763489	-122.167686
8450.436401	-122.076515
8451.109314	-121.902626
8451.782227	-121.911934
8452.455139	-121.994293
8453.128052	-121.906113
8453.800964	-121.168655
8454.473877	-121.397385
8455.146790	-121.083008
8455.819702	-121.502007
8456.492615	-121.714851
8457.165527	-122.353378
8457.838440	-122.930183
8458.511353	-121.942177
8459.184265	-120.907402
8459.857178	-122.142914
8460.530090	-121.984818
8461.203003	-121.042786
8461.875916	-121.720955
8462.548828	-122.430466
8463.221741	-122.286728
8463.894653	-122.084175
8464.567566	-121.752823
8465.240479	-121.602249
8465.913391	-121.884216
8466.586304	-122.353653
8467.259216	-122.343506
8467.932129	-121.746147
8468.605042	-121.735634
8469.277954	-122.504173
8469.950867	-121.648087
8470.623779	-120.600166
8471.296692	-121.794991
8471.969604	-121.502373
8472.642517	-121.118408
8473.315430	-121.648354
8473.988342	-121.136475
8474.661255	-121.887367
8475.334167	-121.490623
8476.007080	-120.227287
8476.679993	-120.452187
8477.352905	-120.987747
8478.025818	-121.386711
8478.698730	-122.475227
8479.371643	-122.683044
8480.044556	-122.301941
8480.717468	-122.135338
8481.390381	-121.913063
8482.063293	-121.780983
8482.736206	-121.805672
8483.409119	-122.455528
8484.082031	-121.799767
8484.754944	-121.398117
8485.427856	-121.560760
8486.100769	-121.722038
8486.773682	-122.358490
8487.446594	-121.605377
8488.119507	-121.138092
8488.792419	-122.050117
8489.465332	-121.314636
8490.138245	-120.560822
8490.811157	-120.768074
8491.484070	-121.513634
8492.156982	-122.061790
8492.829895	-122.866249
8493.502808	-121.997208
8494.175720	-121.671745
8494.848633	-121.245216
8495.521545	-121.920517
8496.194458	-121.781212
8496.867371	-122.222328
8497.540283	-122.361099
8498.213196	-121.357285
8498.886108	-121.017494
8499.559021	-121.760498
8500.231934	-121.947403
8500.904846	-122.262894
8501.577759	-122.464539
8502.250671	-122.385612
8502.923584	-121.867432
8503.596497	-121.430786
8504.269409	-121.126060
8504.942322	-121.388748
8505.615234	-121.474342
8506.288147	-121.521233
8506.961060	-121.872002
8507.633972	-121.855110
8508.306885	-121.301849
8508.979797	-122.306656
8509.652710	-122.362770
8510.325623	-122.500511
8510.998535	-122.675255
8511.671448	-121.781631
8512.344360	-121.754425
8513.017273	-122.088364
8513.690186	-121.770874
8514.363098	-121.922203
8515.036011	-122.053596
8515.708923	-122.731720
8516.381836	-122.188080
8517.054749	-121.874207
8517.727661	-121.450806
8518.400574	-122.289345
8519.073486	-122.715157
8519.746399	-122.393394
8520.419312	-122.295357
8521.092224	-122.878189
8521.765137	-122.223785
8522.438049	-121.602547
8523.110962	-121.881889
8523.783875	-121.825867
8524.456787	-122.391899
8525.129700	-122.202599
8525.802612	-123.015717
8526.475525	-123.417259
8527.148438	-121.989403
8527.821350	-121.418434
8528.494263	-122.546288
8529.167175	-122.546646
8529.840088	-121.982620
8530.513000	-121.821320
8531.185913	-122.308128
8531.858826	-121.841125
8532.531738	-121.995201
8533.204651	-122.723785
8533.877563	-122.006302
8534.550476	-122.624657
8535.223389	-121.781876
8535.896301	-121.195389
8536.569214	-121.291512
8537.242126	-121.051453
8537.915039	-121.485275
8538.587952	-122.084068
8539.260864	-121.702950
8539.933777	-121.765923
8540.606689	-121.609314
8541.279602	-121.692078
8541.952515	-122.218613
8542.625427	-122.553108
8543.298340	-122.652954
8543.971252	-123.013268
8544.644165	-122.912056
8545.317078	-121.976448
8545.989990	-121.658234
8546.662903	-121.673973
8547.335815	-122.306381
8548.008728	-122.422226
8548.681641	-122.951660
8549.354553	-122.511597
8550.027466	-121.730896
8550.700378	-121.648689
8551.373291	-121.399002
8552.046204	-121.404564
8552.719116	-121.697479
8553.392029	-121.622353
8554.064941	-121.851677
8554.737854	-122.464943
8555.410767	-122.067230
8556.083679	-121.868408
8556.756592	-121.741722
8557.429504	-122.253891
8558.102417	-122.112984
8558.775330	-121.192558
8559.448242	-122.033127
8560.121155	-122.115707
8560.794067	-121.622154
8561.466980	-121.975410
8562.139893	-121.102890
8562.812805	-120.637749
8563.485718	-121.101456
8564.158630	-120.837669
8564.831543	-122.194489
8565.504456	-122.465515
8566.177368	-121.822960
8566.850281	-122.283997
8567.523193	-121.470451
8568.196106	-121.687401
8568.869019	-121.842331
8569.541931	-122.241180
8570.214844	-121.310699
8570.887756	-121.488388
8571.560669	-121.988609
8572.233582	-122.285553
8572.906494	-121.710922
8573.579407	-121.877563
8574.252319	-121.650368
8574.925232	-121.485764
8575.598145	-122.058357
8576.271057	-122.408371
8576.943970	-122.773827
8577.616882	-122.663971
8578.289795	-121.453888
8578.962708	-121.647240
8579.635620	-121.778679
8580.308533	-122.060905
8580.981445	-122.025978
8581.654358	-122.016075
8582.327271	-121.738571
8583.000183	-120.896263
8583.673096	-120.792252
8584.346008	-121.823982
8585.018921	-122.618355
8585.691833	-121.483765
8586.364746	-121.354919
8587.037659	-122.552650
8587.710571	-122.320168
8588.383484	-120.708527
8589.056396	-121.440178
8589.729309	-122.624962
8590.402222	-122.042999
8591.075134	-122.430054
8591.748047	-122.531670
8592.420959	-122.891045
8593.093872	-122.809616
8593.766785	-122.565041
8594.439697	-121.626366
8595.112610	-121.325966
8595.785522	-121.160019
8596.458435	-121.444572
8597.131348	-122.563896
8597.804260	-122.706581
8598.477173	-121.857918
8599.150085	-121.625999
8599.822998	-121.071663
8600.495911	-121.939758
8601.168823	-122.089897
8601.841736	-121.749435
8602.514648	-122.503960
8603.187561	-122.919884
8603.860474	-121.741135
8604.533386	-121.543068
8605.206299	-121.340508
8605.879211	-121.167168
8606.552124	-121.433357
8607.225037	-121.093201
8607.897949	-120.796753
8608.570862	-122.115395
8609.243774	-122.012032
8609.916687	-121.969215
8610.589600	-121.559631
8611.262512	-122.212128
8611.935425	-123.163689
8612.608337	-122.356750
8613.281250	-121.765717
8613.954163	-122.014565
8614.627075	-121.684860
8615.299988	-121.522797
8615.972900	-121.717964
8616.645813	-121.889839
8617.318726	-121.893501
8617.991638	-121.737740
8618.664551	-121.432991
8619.337463	-122.515800
8620.010376	-121.811668
8620.683289	-121.658722
8621.356201	-121.481300
8622.029114	-121.191422
8622.702026	-121.705803
8623.374939	-121.541916
8624.047852	-122.187607
8624.720764	-121.983490
8625.393677	-122.201439
8626.066589	-122.533478
8626.739502	-122.407761
8627.412415	-122.457054
8628.085327	-121.921776
8628.758240	-121.219391
8629.431152	-120.740067
8630.104065	-120.895927
8630.776978	-121.432823
8631.449890	-121.816620
8632.122803	-121.913216
8632.795715	-121.601646
8633.468628	-121.505074
8634.141541	-121.740402
8634.814453	-121.656868
8635.487366	-121.501434
8636.160278	-121.147453
8636.833191	-122.297462
8637.506104	-121.853493
8638.179016	-121.251274
8638.851929	-121.413315
8639.524841	-121.257248
8640.197754	-121.615341
8640.870667	-122.129181
8641.543579	-122.164574
8642.216492	-121.550377
8642.889404	-122.073593
8643.562317	-122.429207
8644.235229	-122.558777
8644.908142	-121.817719
8645.581055	-121.295616
8646.253967	-121.924065
8646.926880	-122.013229
8647.599792	-122.620781
8648.272705	-121.520515
8648.945618	-121.540932
8649.618530	-122.509254
8650.291443	-122.023331
8650.964355	-121.841873
8651.637268	-121.955292
8652.310181	-121.385506
8652.983093	-121.069832
8653.656006	-122.321968
8654.328918	-121.914574
8655.001831	-121.210182
8655.674744	-121.644730
8656.347656	-122.267296
8657.020569	-122.233910
8657.693481	-122.388901
8658.366394	-121.876373
8659.039307	-121.631943
8659.712219	-121.777748
8660.385132	-120.731857
8661.058044	-120.711456
8661.730957	-121.690491
8662.403870	-121.782623
8663.076782	-121.454758
8663.749695	-121.672539
8664.422607	-121.205788
8665.095520	-121.772705
8665.768433	-122.113274
8666.441345	-121.697105
8667.114258	-122.799866
8667.787170	-123.217018
8668.460083	-121.534592
8669.132996	-122.428482
8669.805908	-123.036987
8670.478821	-122.393318
8671.151733	-122.101227
8671.824646	-122.174973
8672.497559	-121.697556
8673.170471	-121.813690
8673.843384	-122.159027
8674.516296	-121.762291
8675.189209	-121.935539
8675.862122	-121.732651
8676.535034	-122.430016
8677.207947	-122.863754
8677.880859	-122.461266
8678.553772	-122.380333
8679.226685	-122.088715
8679.899597	-122.133980
8680.572510	-122.685829
8681.245422	-122.215416
8681.918335	-121.400475
8682.591248	-121.593834
8683.264160	-121.629013
8683.937073	-121.108231
8684.609985	-121.387672
8685.282898	-121.745224
8685.955811	-121.905525
8686.628723	-122.381454
8687.301636	-122.312386
8687.974548	-122.374115
8688.647461	-122.763168
8689.320374	-122.087944
8689.993286	-122.121078
8690.666199	-122.891083
8691.339111	-122.204948
8692.012024	-121.364517
8692.684937	-121.407135
8693.357849	-122.642517
8694.030762	-121.880310
8694.703674	-121.413254
8695.376587	-121.817940
8696.049500	-122.313217
8696.722412	-122.298935
8697.395325	-121.589897
8698.068237	-121.990891
8698.741150	-122.021088
8699.414062	-121.207436
8700.086975	-122.438988
8700.759888	-122.466835
8701.432800	-122.395561
8702.105713	-122.117409
8702.778625	-121.904381
8703.451538	-121.410904
8704.124451	-121.876732
8704.797363	-122.133591
8705.470276	-121.754822
8706.143188	-121.393486
8706.816101	-122.683159
8707.489014	-122.427292
8708.161926	-121.713737
8708.834839	-121.954285
8709.507751	-121.618202
8710.180664	-121.615761
8710.853577	-122.227882
8711.526489	-122.102165
8712.199402	-122.615059
8712.872314	-121.976448
8713.545227	-121.621727
8714.218140	-122.020744
8714.891052	-121.591377
8715.563965	-121.811440
8716.236877	-122.701241
8716.909790	-122.826050
8717.582703	-121.993927
8718.255615	-121.376114
8718.928528	-121.135910
8719.601440	-121.954094
8720.274353	-121.440857
8720.947266	-121.819527
8721.620178	-121.739288
8722.293091	-121.987679
8722.966003	-121.851822
8723.638916	-121.541054
8724.311829	-121.805573
8724.984741	-122.080978
8725.657654	-121.640289
8726.330566	-121.056435
8727.003479	-121.286247
8727.676392	-122.121559
8728.349304	-121.693840
8729.022217	-121.731171
8729.695129	-122.186226
8730.368042	-122.253922
8731.040955	-121.819321
8731.713867	-122.513672
8732.386780	-122.101303
8733.059692	-121.574905
8733.732605	-122.278023
8734.405518	-121.349640
8735.078430	-121.316940
8735.751343	-122.294212
8736.424255	-121.822563
8737.097168	-121.412910
8737.770081	-121.620811
8738.442993	-121.965324
8739.115906	-122.065239
8739.788818	-122.132439
8740.461731	-122.825073
8741.134644	-122.183159
8741.807556	-121.514000
8742.480469	-121.273148
8743.153381	-122.104485
8743.826294	-121.205795
8744.499207	-121.920959
8745.172119	-122.356346
8745.845032	-121.131653
8746.517944	-120.582825
8747.190857	-121.053741
8747.863770	-121.808388
8748.536682	-122.106316
8749.209595	-121.922920
8749.882507	-121.966103
8750.555420	-121.424522
8751.228333	-121.787102
8751.901245	-121.564301
8752.574158	-121.171089
8753.247070	-122.003441
8753.919983	-122.538498
8754.592896	-122.150085
8755.265808	-120.954994
8755.938721	-120.862564
8756.611633	-121.970978
8757.284546	-122.341995
8757.957458	-121.233566
8758.630371	-120.935104
8759.303284	-121.006363
8759.976196	-121.333008
8760.649109	-121.460861
8761.322021	-121.506683
8761.994934	-122.061005
8762.667847	-121.735962
8763.340759	-121.133675
8764.013672	-122.259041
8764.686584	-122.290833
8765.359497	-121.751396
8766.032410	-121.197861
8766.705322	-121.784950
8767.378235	-120.986572
8768.051147	-121.344116
8768.724060	-122.400581
8769.396973	-122.349434
8770.069885	-121.613480
8770.742798	-121.563637
8771.415710	-122.258064
8772.088623	-121.881500
8772.761536	-120.513817
8773.434448	-120.625885
8774.107361	-122.062340
8774.780273	-121.955093
8775.453186	-121.304367
8776.126099	-120.885513
8776.799011	-121.262924
8777.471924	-121.864944
8778.144836	-121.472473
8778.817749	-122.254143
8779.490662	-121.567917
8780.163574	-120.942307
8780.836487	-121.557739
8781.509399	-121.832748
8782.182312	-122.280403
8782.855225	-122.639290
8783.528137	-122.540939
8784.201050	-122.565453
8784.873962	-122.034660
8785.546875	-121.923820
8786.219788	-121.478508
8786.892700	-121.138237
8787.565613	-121.571594
8788.238525	-120.697914
8788.911438	-120.704552
8789.584351	-122.148438
8790.257263	-122.465660
8790.930176	-122.302467
8791.603088	-121.520927
8792.276001	-121.285568
8792.948914	-121.182907
8793.621826	-122.334961
8794.294739	-121.307724
8794.967651	-121.318428
8795.640564	-121.984337
8796.313477	-122.835922
8796.986389	-122.585983
8797.659302	-122.798782
8798.332214	-122.887283
8799.005127	-122.024216
8799.678040	-121.541748
8800.350952	-122.548752
8801.023865	-123.418053
8801.696777	-122.627129
8802.369690	-123.223839
8803.042603	-122.886475
8803.715515	-121.985840
8804.388428	-121.723694
8805.061340	-121.950447
8805.734253	-121.596161
8806.407166	-122.016113
8807.080078	-122.356262
8807.752991	-122.279709
8808.425903	-121.337387
8809.098816	-121.011650
8809.771729	-121.812988
8810.444641	-122.430779
8811.117554	-122.204224
8811.790466	-122.189400
8812.463379	-122.489616
8813.136292	-121.703766
8813.809204	-121.694839
8814.482117	-122.200310
8815.155029	-121.848701
8815.827942	-121.670288
8816.500854	-121.446945
8817.173767	-121.571991
8817.846680	-121.853798
8818.519592	-121.750893
8819.192505	-121.997147
8819.865417	-122.274803
8820.538330	-121.609268
8821.211243	-122.237297
8821.884155	-121.584946
8822.557068	-122.074356
8823.229980	-122.198792
8823.902893	-121.966568
8824.575806	-121.897171
8825.248718	-122.478470
8825.921631	-122.030457
8826.594543	-122.551041
8827.267456	-122.446625
8827.940369	-122.428925
8828.613281	-121.932411
8829.286194	-121.362312
8829.959106	-120.578735
8830.632019	-120.826042
8831.304932	-121.689018
8831.977844	-121.385643
8832.650757	-122.349419
8833.323669	-122.165062
8833.996582	-122.488235
8834.669495	-122.012680
8835.342407	-122.026253
8836.015320	-121.560890
8836.688232	-121.249146
8837.361145	-122.815582
8838.034058	-121.964012
8838.706970	-122.189682
8839.379883	-122.984917
8840.052795	-122.361183
8840.725708	-121.562271
8841.398621	-121.259079
8842.071533	-121.470764
8842.744446	-121.346466
8843.417358	-121.738663
8844.090271	-122.300407
8844.763184	-122.642433
8845.436096	-121.943214
8846.109009	-122.415993
8846.781921	-121.244560
8847.454834	-120.818199
8848.127747	-121.071335
8848.800659	-121.297020
8849.473572	-121.520935
8850.146484	-121.840973
8850.819397	-121.014198
8851.492310	-120.267036
8852.165222	-121.176979
8852.838135	-122.013123
8853.511047	-121.826424
8854.183960	-121.902657
8854.856873	-122.136253
8855.529785	-121.759285
8856.202698	-121.324356
8856.875610	-122.128822
8857.548523	-121.995918
8858.221436	-121.291214
8858.894348	-121.377686
8859.567261	-120.910347
8860.240173	-120.840775
8860.913086	-122.248955
8861.585999	-121.985291
8862.258911	-120.889633
8862.931824	-121.429512
8863.604736	-121.215233
8864.277649	-121.810387
8864.950562	-122.535347
8865.623474	-121.409317
8866.296387	-120.772842
8866.969299	-122.287170
8867.642212	-122.492531
8868.315125	-121.737183
8868.988037	-122.401886
8869.660950	-122.424919
8870.333862	-121.657066
8871.006775	-121.563652
8871.679688	-121.692993
8872.352600	-121.673164
8873.025513	-121.581917
8873.698425	-121.698685
8874.371338	-121.387505
8875.044250	-120.569366
8875.717163	-120.837875
8876.390076	-121.340355
8877.062988	-121.704834
8877.735901	-122.224197
8878.408813	-122.162727
8879.081726	-121.458405
8879.754639	-121.231293
8880.427551	-121.249367
8881.100464	-121.730675
8881.773376	-121.903366
8882.446289	-122.105713
8883.119202	-122.300919
8883.792114	-121.214676
8884.465027	-120.971550
8885.137939	-121.570625
8885.810852	-121.963898
8886.483765	-121.600899
8887.156677	-122.075714
8887.829590	-122.790924
8888.502502	-122.498779
8889.175415	-121.146393
8889.848328	-120.997505
8890.521240	-121.167770
8891.194153	-120.879555
8891.867065	-121.520683
8892.539978	-121.976555
8893.212891	-121.721458
8893.885803	-121.478294
8894.558716	-121.854935
8895.231628	-121.713226
8895.904541	-121.470619
8896.577454	-121.166229
8897.250366	-121.898499
8897.923279	-121.608406
8898.596191	-121.861107
8899.269104	-121.871109
8899.942017	-121.941963
8900.614929	-121.710869
8901.287842	-121.743851
8901.960754	-121.688591
8902.633667	-121.926582
8903.306580	-121.670273
8903.979492	-122.050301
8904.652405	-121.467796
8905.325317	-121.431122
8905.998230	-121.902977
8906.671143	-122.172592
8907.344055	-121.860374
8908.016968	-122.814941
8908.689880	-121.641518
8909.362793	-121.211395
8910.035706	-121.296257
8910.708618	-121.045250
8911.381531	-121.812782
8912.054443	-122.005898
8912.727356	-121.780518
8913.400269	-121.963669
8914.073181	-122.282608
8914.746094	-121.805511
8915.419006	-121.549614
8916.091919	-121.565773
8916.764832	-121.173996
8917.437744	-120.991096
8918.110657	-121.698853
8918.783569	-121.520561
8919.456482	-121.248848
8920.129395	-121.253845
8920.802307	-121.555573
8921.475220	-121.510651
8922.148132	-121.354279
8922.821045	-120.949890
8923.493958	-121.208450
8924.166870	-121.323425
8924.839783	-121.112373
8925.512695	-121.998199
8926.185608	-121.327774
8926.858521	-121.167679
8927.531433	-122.270042
8928.204346	-122.421761
8928.877258	-122.358109
8929.550171	-121.923309
8930.223083	-121.307243
8930.895996	-121.212654
8931.568909	-121.559586
8932.241821	-121.645821
8932.914734	-121.494598
8933.587646	-123.052757
8934.260559	-122.008713
8934.933472	-121.463623
8935.606384	-121.488136
8936.279297	-121.201836
8936.952209	-121.086433
8937.625122	-121.639229
8938.298035	-121.755646
8938.970947	-122.389977
8939.643860	-121.726799
8940.316772	-120.998230
8940.989685	-121.479591
8941.662598	-122.085281
8942.335510	-122.475174
8943.008423	-122.120804
8943.681335	-121.448387
8944.354248	-122.094597
8945.027161	-122.598694
8945.700073	-122.135353
8946.372986	-121.225464
8947.045898	-121.916550
8947.718811	-122.496765
8948.391724	-122.213371
8949.064636	-121.784576
8949.737549	-121.835052
8950.410461	-122.637497
8951.083374	-121.570457
8951.756287	-121.593468
8952.429199	-121.496391
8953.102112	-121.149704
8953.775024	-122.281876
8954.447937	-122.208885
8955.120850	-122.496422
8955.793762	-122.900024
8956.466675	-122.305794
8957.139587	-121.220573
8957.812500	-120.895378
8958.485413	-121.182777
8959.158325	-121.335838
8959.831238	-121.898697
8960.504150	-122.018761
8961.177063	-121.795692
8961.849976	-121.317650
8962.522888	-121.780403
8963.195801	-121.544968
8963.868713	-122.089394
8964.541626	-121.979836
8965.214539	-121.359550
8965.887451	-122.096046
8966.560364	-122.483421
8967.233276	-121.983826
8967.906189	-121.578949
8968.579102	-121.211914
8969.252014	-121.682961
8969.924927	-121.419212
8970.597839	-122.448509
8971.270752	-122.906494
8971.943665	-121.955864
8972.616577	-121.279999
8973.289490	-120.856987
8973.962402	-122.510811
8974.635315	-121.736191
8975.308228	-121.574570
8975.981140	-121.508621
8976.654053	-121.769714
8977.326965	-121.946037
8977.999878	-121.754105
8978.672791	-121.991295
8979.345703	-122.013390
8980.018616	-121.780357
8980.691528	-121.420349
8981.364441	-121.573212
8982.037354	-121.661667
8982.710266	-121.308426
8983.383179	-121.208923
8984.056091	-121.681786
8984.729004	-121.378105
8985.401917	-122.040222
8986.074829	-121.651611
8986.747742	-121.970360
8987.420654	-121.927689
8988.093567	-121.990936
8988.766479	-121.814507
8989.439392	-121.663200
8990.112305	-121.929222
8990.785217	-121.638069
8991.458130	-121.085014
8992.131042	-122.042480
8992.803955	-122.150452
8993.476868	-121.449081
8994.149780	-121.567421
8994.822693	-121.890533
8995.495605	-122.289848
8996.168518	-121.771339
8996.841431	-121.264473
8997.514343	-120.979538
8998.187256	-121.505196
8998.860168	-121.914803
8999.533081	-122.528801
9000.205994	-121.610199
9000.878906	-121.595642
9001.551819	-122.727196
9002.224731	-122.147636
9002.897644	-121.076721
9003.570557	-121.791603
9004.243469	-122.181084
9004.916382	-121.929108
9005.589294	-120.822716
9006.262207	-121.139816
9006.935120	-121.085716
9007.608032	-121.504890
9008.280945	-122.560501
9008.953857	-122.334541
9009.626770	-121.848640
9010.299683	-121.021469
9010.972595	-121.298729
9011.645508	-121.827705
9012.318420	-121.655586
9012.991333	-121.710907
9013.664246	-121.874802
9014.337158	-122.054352
9015.010071	-121.571518
9015.682983	-121.907661
9016.355896	-122.007530
9017.028809	-121.858147
9017.701721	-122.317734
9018.374634	-122.162903
9019.047546	-121.872925
9019.720459	-121.694359
9020.393372	-121.570724
9021.066284	-121.932915
9021.739197	-121.899597
9022.412109	-122.138832
9023.085022	-122.268745
9023.757935	-122.436752
9024.430847	-121.892136
9025.103760	-121.369850
9025.776672	-121.354729
9026.449585	-121.960106
9027.122498	-122.031242
9027.795410	-121.034142
9028.468323	-121.813713
9029.141235	-122.012215
9029.814148	-122.203514
9030.487061	-122.054352
9031.159973	-121.923141
9031.832886	-121.777779
9032.505798	-122.232666
9033.178711	-122.694862
9033.851624	-122.413597
9034.524536	-122.148087
9035.197449	-121.230331
9035.870361	-121.288010
9036.543274	-121.644424
9037.216187	-122.371582
9037.889099	-122.075111
9038.562012	-121.948608
9039.234924	-121.729797
9039.907837	-121.093430
9040.580750	-120.769104
9041.253662	-122.063301
9041.926575	-122.410957
9042.599487	-121.117409
9043.272400	-121.151657
9043.945312	-121.647018
9044.618225	-121.913589
9045.291138	-121.521919
9045.964050	-121.640869
9046.636963	-121.905869
9047.309875	-122.275352
9047.982788	-122.021088
9048.655701	-121.690269
9049.328613	-121.104424
9050.001526	-121.887207
9050.674438	-121.885178
9051.347351	-121.891022
9052.020264	-122.878670
9052.693176	-122.482132
9053.366089	-121.955696
9054.039001	-121.771004
9054.711914	-122.677567
9055.384827	-122.511208
9056.057739	-122.130150
9056.730652	-121.996170
9057.403564	-121.641014
9058.076477	-121.741531
9058.749390	-122.224571
9059.422302	-122.101395
9060.095215	-121.646400
9060.768127	-121.434479
9061.441040	-121.158501
9062.113953	-121.198975
9062.786865	-121.916550
9063.459778	-120.689560
9064.132690	-120.418396
9064.805603	-120.709602
9065.478516	-121.864304
9066.151428	-121.720604
9066.824341	-121.629303
9067.497253	-121.329887
9068.170166	-121.204727
9068.843079	-121.012947
9069.515991	-120.870178
9070.188904	-120.893990
9070.861816	-121.822342
9071.534729	-122.347527
9072.207642	-121.862709
9072.880554	-121.550598
9073.553467	-121.230263
9074.226379	-121.531227
9074.899292	-121.544800
9075.572205	-121.547874
9076.245117	-121.867531
9076.918030	-122.119766
9077.590942	-121.860115
9078.263855	-121.658531
9078.936768	-121.370232
9079.609680	-121.848427
9080.282593	-121.863609
9080.955505	-121.870712
9081.628418	-121.411819
9082.301331	-121.969635
9082.974243	-121.761742
9083.647156	-121.384796
9084.320068	-121.376106
9084.992981	-121.998528
9085.665894	-122.689415
9086.338806	-122.809341
9087.011719	-122.267319
9087.684631	-121.864723
9088.357544	-121.229706
9089.030457	-121.056404
9089.703369	-121.801064
9090.376282	-122.301308
9091.049194	-121.873878
9091.722107	-121.589630
9092.395020	-121.380829
9093.067932	-120.821533
9093.740845	-121.268028
9094.413757	-121.481590
9095.086670	-122.243317
9095.759583	-121.566734
9096.432495	-122.582756
9097.105408	-123.066719
9097.778320	-122.062439
9098.451233	-121.252151
9099.124146	-121.285202
9099.797058	-121.669601
9100.469971	-121.756081
9101.142883	-121.909241
9101.815796	-121.458977
9102.488708	-122.003021
9103.161621	-122.793472
9103.834534	-122.100563
9104.507446	-121.346855
9105.180359	-121.843277
9105.853271	-122.085617
9106.526184	-121.331848
9107.199097	-121.386002
9107.872009	-121.558746
9108.544922	-121.533356
9109.217834	-121.973412
9109.890747	-121.421661
9110.563660	-121.659637
9111.236572	-122.281334
9111.909485	-121.694862
9112.582397	-121.232407
9113.255310	-121.638016
9113.928223	-121.221992
9114.601135	-121.111076
9115.274048	-121.832321
9115.946960	-121.532356
9116.619873	-122.135971
9117.292786	-123.033264
9117.965698	-122.600128
9118.638611	-120.750900
9119.311523	-121.055679
9119.984436	-121.314095
9120.657349	-122.119461
9121.330261	-121.883919
9122.003174	-120.842155
9122.676086	-120.441475
9123.348999	-120.951736
9124.021912	-121.331589
9124.694824	-121.367142
9125.367737	-121.717873
9126.040649	-122.028618
9126.713562	-121.740440
9127.386475	-121.443192
9128.059387	-121.914948
9128.732300	-121.136162
9129.405212	-120.996902
9130.078125	-121.448990
9130.751038	-121.678932
9131.423950	-121.047226
9132.096863	-121.183601
9132.769775	-121.383202
9133.442688	-122.098778
9134.115601	-121.789223
9134.788513	-122.260460
9135.461426	-121.519142
9136.134338	-120.871758
9136.807251	-121.204208
9137.480164	-121.430367
9138.153076	-121.255806
9138.825989	-121.260620
9139.498901	-121.653381
9140.171814	-121.123314
9140.844727	-121.102394
9141.517639	-121.282402
9142.190552	-122.442612
9142.863464	-122.303032
9143.536377	-121.214149
9144.209290	-121.140900
9144.882202	-121.014290
9145.555115	-121.065964
9146.228027	-121.113052
9146.900940	-121.293159
9147.573853	-121.195129
9148.246765	-121.607964
9148.919678	-121.352921
9149.592590	-121.316780
9150.265503	-121.350021
9150.938416	-122.024948
9151.611328	-122.221886
9152.284241	-121.852905
9152.957153	-121.379173
9153.630066	-121.592491
9154.302979	-121.870903
9154.975891	-121.713203
9155.648804	-121.081253
9156.321716	-121.363632
9156.994629	-121.363419
9157.667542	-122.422447
9158.340454	-122.954132
9159.013367	-122.006256
9159.686279	-121.813194
9160.359192	-121.981384
9161.032104	-122.060463
9161.705017	-122.000267
9162.377930	-122.265724
9163.050842	-122.307251
9163.723755	-121.397789
9164.396667	-121.828140
9165.069580	-121.355362
9165.742493	-120.995865
9166.415405	-121.678810
9167.088318	-120.505898
9167.761230	-120.612938
9168.434143	-121.859261
9169.107056	-121.900696
9169.779968	-122.976723
9170.452881	-122.477303
9171.125793	-122.188972
9171.798706	-121.519745
9172.471619	-121.700050
9173.144531	-121.737160
9173.817444	-121.649643
9174.490356	-121.480797
9175.163269	-121.844063
9175.836182	-121.277733
9176.509094	-121.799927
9177.182007	-121.930077
9177.854919	-121.768623
9178.527832	-121.286072
9179.200745	-121.577682
9179.873657	-122.535629
9180.546570	-122.575653
9181.219482	-122.470016
9181.892395	-122.135826
9182.565308	-121.300545
9183.238220	-121.172913
9183.911133	-121.122948
9184.584045	-120.903534
9185.256958	-121.162003
9185.929871	-121.565216
9186.602783	-121.781937
9187.275696	-122.181778
9187.948608	-121.290245
9188.621521	-121.159065
9189.294434	-122.029785
9189.967346	-121.512520
9190.640259	-120.444679
9191.313171	-120.845070
9191.986084	-121.246376
9192.658997	-121.769302
9193.331909	-121.662605
9194.004822	-121.696007
9194.677734	-121.488609
9195.350647	-121.876831
9196.023560	-122.370155
9196.696472	-122.371758
9197.369385	-122.217369
9198.042297	-122.161606
9198.715210	-122.428055
9199.388123	-121.787071
9200.061035	-121.580772
9200.733948	-121.160049
9201.406860	-121.568871
9202.079773	-121.899414
9202.752686	-121.474075
9203.425598	-121.553505
9204.098511	-121.534264
9204.771423	-122.707787
9205.444336	-121.341965
9206.117249	-121.294601
9206.790161	-121.624092
9207.463074	-122.042961
9208.135986	-121.804085
9208.808899	-121.668411
9209.481812	-121.518768
9210.154724	-121.479187
9210.827637	-122.053322
9211.500549	-122.033661
9212.173462	-121.967407
9212.846375	-122.799469
9213.519287	-122.014381
9214.192200	-121.366058
9214.865112	-121.903893
9215.538025	-121.810127
9216.210938	-121.941200
9216.883850	-121.037338
9217.556763	-122.050102
9218.229675	-121.955620
9218.902588	-121.854523
9219.575500	-121.347443
9220.248413	-121.385445
9220.921326	-121.798630
9221.594238	-122.026901
9222.267151	-121.172409
9222.940063	-121.134666
9223.612976	-121.409554
9224.285889	-122.508232
9224.958801	-121.693420
9225.631714	-121.508255
9226.304626	-122.119278
9226.977539	-122.351883
9227.650452	-121.920052
9228.323364	-122.359497
9228.996277	-122.424255
9229.669189	-121.733864
9230.342102	-121.585686
9231.015015	-121.293602
9231.687927	-120.639244
9232.360840	-121.287392
9233.033752	-121.204369
9233.706665	-121.847900
9234.379578	-122.579552
9235.052490	-121.980560
9235.725403	-122.480453
9236.398315	-121.402443
9237.071228	-120.493141
9237.744141	-121.292397
9238.417053	-121.466560
9239.089966	-121.196899
9239.762878	-121.850914
9240.435791	-122.273987
9241.108704	-122.189713
9241.781616	-122.257187
9242.454529	-121.861687
9243.127441	-121.206215
9243.800354	-121.212845
9244.473267	-121.501770
9245.146179	-121.855865
9245.819092	-121.996468
9246.492004	-121.938148
9247.164917	-121.884026
9247.837830	-121.903236
9248.510742	-122.426552
9249.183655	-123.037308
9249.856567	-122.506500
9250.529480	-122.252434
9251.202393	-122.415840
9251.875305	-121.868683
9252.548218	-121.617447
9253.221130	-122.053459
9253.894043	-122.633850
9254.566956	-122.564529
9255.239868	-122.122719
9255.912781	-122.356247
9256.585693	-122.164925
9257.258606	-121.131569
9257.931519	-121.447548
9258.604431	-121.618324
9259.277344	-121.968307
9259.950256	-122.346878
9260.623169	-122.002357
9261.296082	-120.773842
9261.968994	-121.372238
9262.641907	-120.907532
9263.314819	-120.406807
9263.987732	-120.812164
9264.660645	-121.919525
9265.333557	-121.891884
9266.006470	-121.864754
9266.679382	-121.706856
9267.352295	-120.631943
9268.025208	-121.320129
9268.698120	-122.198463
9269.371033	-122.453613
9270.043945	-121.361038
9270.716858	-121.863495
9271.389771	-121.909111
9272.062683	-122.088730
9272.735596	-122.486740
9273.408508	-122.107086
9274.081421	-121.197693
9274.754333	-120.828339
9275.427246	-121.947258
9276.100159	-122.141174
9276.773071	-121.473282
9277.445984	-121.267097
9278.118896	-121.920753
9278.791809	-120.866554
9279.464722	-120.698616
9280.137634	-120.942146
9280.810547	-121.021057
9281.483459	-121.779137
9282.156372	-122.138672
9282.829285	-121.696953
9283.502197	-121.588966
9284.175110	-121.065933
9284.848022	-120.790413
9285.520935	-121.472694
9286.193848	-121.076859
9286.866760	-121.793655
9287.539673	-121.765625
9288.212585	-122.798744
9288.885498	-122.495979
9289.558411	-121.840462
9290.231323	-121.753639
9290.904236	-121.769569
9291.577148	-122.093735
9292.250061	-121.880997
9292.922974	-121.710526
9293.595886	-121.565079
9294.268799	-121.237366
9294.941711	-121.524117
9295.614624	-121.767441
9296.287537	-121.235413
9296.960449	-120.752838
9297.633362	-121.230949
9298.306274	-122.208893
9298.979187	-121.818893
9299.652100	-121.504326
9300.325012	-122.091728
9300.997925	-121.673660
9301.670837	-121.603645
9302.343750	-121.317017
9303.016663	-121.347290
9303.689575	-120.900856
9304.362488	-121.236176
9305.035400	-121.107574
9305.708313	-121.703804
9306.381226	-121.571304
9307.054138	-121.570152
9307.727051	-121.873039
9308.399963	-121.272102
9309.072876	-120.851479
9309.745789	-121.279694
9310.418701	-121.670998
9311.091614	-121.530983
9311.764526	-121.394737
9312.437439	-121.512955
9313.110352	-121.209518
9313.783264	-121.867630
9314.456177	-122.253006
9315.129089	-122.474487
9315.802002	-121.832748
9316.474915	-121.670204
9317.147827	-121.696693
9317.820740	-121.664337
9318.493652	-120.850662
9319.166565	-120.924591
9319.839478	-121.495110
9320.512390	-121.831017
9321.185303	-122.469780
9321.858215	-122.429283
9322.531128	-121.710266
9323.204041	-122.140556
9323.876953	-121.469185
9324.549866	-121.186737
9325.222778	-121.789902
9325.895691	-121.176643
9326.568604	-121.164139
9327.241516	-121.579277
9327.914429	-121.747177
9328.587341	-120.967293
9329.260254	-121.804558
9329.933167	-121.827301
9330.606079	-121.461678
9331.278992	-121.876907
9331.951904	-121.380661
9332.624817	-120.901176
9333.297729	-121.580482
9333.970642	-121.219406
9334.643555	-122.599815
9335.316467	-123.653076
9335.989380	-122.328888
9336.662292	-122.139336
9337.335205	-121.791168
9338.008118	-122.451576
9338.681030	-122.198448
9339.353943	-122.055222
9340.026855	-121.890747
9340.699768	-122.081711
9341.372681	-122.040840
9342.045593	-122.166878
9342.718506	-121.882751
9343.391418	-121.932884
9344.064331	-122.540283
9344.737244	-122.343575
9345.410156	-121.411903
9346.083069	-120.982178
9346.755981	-122.256477
9347.428894	-123.097069
9348.101807	-122.444016
9348.774719	-121.778885
9349.447632	-121.330963
9350.120544	-121.615868
9350.793457	-122.543076
9351.466370	-121.883682
9352.139282	-121.250023
9352.812195	-120.520760
9353.485107	-120.182724
9354.158020	-120.748802
9354.830933	-121.074974
9355.503845	-121.637589
9356.176758	-121.028412
9356.849670	-121.274879
9357.522583	-120.783836
9358.195496	-121.097092
9358.868408	-121.552284
9359.541321	-121.166183
9360.214233	-121.416069
9360.887146	-122.537979
9361.560059	-121.605743
9362.232971	-121.599014
9362.905884	-121.873489
9363.578796	-121.270279
9364.251709	-121.938965
9364.924622	-121.248268
9365.597534	-121.694656
9366.270447	-122.371414
9366.943359	-121.737846
9367.616272	-121.535858
9368.289185	-121.575752
9368.962097	-121.759697
9369.635010	-121.962486
9370.307922	-121.705994
9370.980835	-121.178886
9371.653748	-121.020126
9372.326660	-122.272102
9372.999573	-122.143547
9373.672485	-121.483452
9374.345398	-121.336082
9375.018311	-121.143242
9375.691223	-121.025238
9376.364136	-121.884041
9377.037048	-122.449348
9377.709961	-121.078979
9378.382874	-122.361267
9379.055786	-122.319290
9379.728699	-122.382523
9380.401611	-122.282715
9381.074524	-121.170364
9381.747437	-121.573341
9382.420349	-122.065865
9383.093262	-121.699036
9383.766174	-121.987312
9384.439087	-122.352043
9385.112000	-120.808678
9385.784912	-120.839577
9386.457825	-121.878059
9387.130737	-121.916992
9387.803650	-120.599113
9388.476562	-121.277817
9389.149475	-122.294655
9389.822388	-121.008820
9390.495300	-121.326508
9391.168213	-121.855179
9391.841125	-122.376778
9392.514038	-121.986008
9393.186951	-122.634521
9393.859863	-121.822479
9394.532776	-121.280342
9395.205688	-121.562691
9395.878601	-122.120270
9396.551514	-121.522606
9397.224426	-121.042755
9397.897339	-122.030983
9398.570251	-122.015312
9399.243164	-121.738373
9399.916077	-122.259933
9400.588989	-122.061302
9401.261902	-121.084587
9401.934814	-120.802353
9402.607727	-120.795471
9403.280640	-121.083290
9403.953552	-121.637238
9404.626465	-121.573425
9405.299377	-121.588463
9405.972290	-121.487007
9406.645203	-120.986221
9407.318115	-120.828392
9407.991028	-121.958000
9408.663940	-121.850533
9409.336853	-121.384560
9410.009766	-121.093239
9410.682678	-121.237686
9411.355591	-122.327217
9412.028503	-121.752724
9412.701416	-122.061874
9413.374329	-122.169044
9414.047241	-121.936539
9414.720154	-121.602257
9415.393066	-120.718414
9416.065979	-121.078392
9416.738892	-121.567467
9417.411804	-121.754463
9418.084717	-121.365723
9418.757629	-120.769905
9419.430542	-121.103081
9420.103455	-122.049606
9420.776367	-122.237007
9421.449280	-121.608833
9422.122192	-121.560593
9422.795105	-122.158386
9423.468018	-121.939598
9424.140930	-121.389587
9424.813843	-120.528992
9425.486755	-121.564743
9426.159668	-121.419083
9426.832581	-121.966171
9427.505493	-122.301674
9428.178406	-121.978065
9428.851318	-121.123299
9429.524231	-121.185211
9430.197144	-122.100998
9430.870056	-122.140663
9431.542969	-121.427353
9432.215881	-121.478172
9432.888794	-121.684593
9433.561707	-121.718102
9434.234619	-121.417603
9434.907532	-121.574203
9435.580444	-121.605911
9436.253357	-121.599602
9436.926270	-121.396706
9437.599182	-121.525307
9438.272095	-121.524849
9438.945007	-121.952469
9439.617920	-122.047569
9440.290833	-121.485115
9440.963745	-121.333366
9441.636658	-121.492592
9442.309570	-121.874062
9442.982483	-121.867241
9443.655396	-122.428162
9444.328308	-121.963448
9445.001221	-121.786575
9445.674133	-121.537262
9446.347046	-121.394905
9447.019958	-121.515007
9447.692871	-121.467598
9448.365784	-122.385330
9449.038696	-121.541855
9449.711609	-121.758133
9450.384521	-121.569267
9451.057434	-122.318878
9451.730347	-121.963310
9452.403259	-121.065865
9453.076172	-121.496941
9453.749084	-121.492142
9454.421997	-121.124519
9455.094910	-121.852997
9455.767822	-122.469612
9456.440735	-121.558594
9457.113647	-121.803726
9457.786560	-122.663750
9458.459473	-122.225876
9459.132385	-122.906044
9459.805298	-121.947525
9460.478210	-120.884926
9461.151123	-120.704269
9461.824036	-121.711685
9462.496948	-121.777695
9463.169861	-120.583130
9463.842773	-121.045906
9464.515686	-122.869286
9465.188599	-121.819542
9465.861511	-121.697037
9466.534424	-120.659843
9467.207336	-121.668320
9467.880249	-122.511047
9468.553162	-121.431297
9469.226074	-121.440277
9469.898987	-121.906319
9470.571899	-122.116653
9471.244812	-122.007271
9471.917725	-121.792488
9472.590637	-122.184837
9473.263550	-122.205170
9473.936462	-122.052513
9474.609375	-122.709930
9475.282288	-122.572365
9475.955200	-122.242905
9476.628113	-121.157730
9477.301025	-121.359077
9477.973938	-121.547539
9478.646851	-121.331047
9479.319763	-121.758377
9479.992676	-121.745750
9480.665588	-121.225006
9481.338501	-120.987770
9482.011414	-121.455490
9482.684326	-121.931152
9483.357239	-121.422722
9484.030151	-121.973923
9484.703064	-122.578125
9485.375977	-121.969368
9486.048889	-121.901184
9486.721802	-122.625572
9487.394714	-122.584679
9488.067627	-121.717552
9488.740540	-121.736374
9489.413452	-121.675705
9490.086365	-121.932304
9490.759277	-121.653770
9491.432190	-122.299889
9492.105103	-122.362549
9492.778015	-121.874275
9493.450928	-122.040733
9494.123840	-122.024773
9494.796753	-122.086494
9495.469666	-121.811111
9496.142578	-120.928116
9496.815491	-121.155243
9497.488403	-121.730278
9498.161316	-122.066498
9498.834229	-121.709084
9499.507141	-121.162498
9500.180054	-121.945465
9500.852966	-123.171761
9501.525879	-122.747871
9502.198792	-122.601120
9502.871704	-122.314713
9503.544617	-121.751610
9504.217529	-122.334343
9504.890442	-121.520538
9505.563354	-121.802429
9506.236267	-122.482437
9506.909180	-123.244423
9507.582092	-122.057205
9508.255005	-121.493958
9508.927917	-121.694801
9509.600830	-120.698418
9510.273743	-121.534431
9510.946655	-122.000053
9511.619568	-121.010689
9512.292480	-122.331566
9512.965393	-122.936623
9513.638306	-122.321083
9514.311218	-122.123497
9514.984131	-122.007149
9515.657043	-122.032204
9516.329956	-121.845467
9517.002869	-121.462189
9517.675781	-121.502792
9518.348694	-121.564285
9519.021606	-121.095406
9519.694519	-120.520302
9520.367432	-120.810059
9521.040344	-121.547508
9521.713257	-121.754272
9522.386169	-122.470451
9523.059082	-122.019676
9523.731995	-122.030319
9524.404907	-122.291428
9525.077820	-121.703476
9525.750732	-120.541351
9526.423645	-120.373688
9527.096558	-121.222069
9527.769470	-120.522720
9528.442383	-120.409279
9529.115295	-121.180237
9529.788208	-121.266998
9530.461121	-120.536957
9531.134033	-121.800652
9531.806946	-121.926216
9532.479858	-121.174522
9533.152771	-121.478218
9533.825684	-121.945786
9534.498596	-121.764824
9535.171509	-121.097076
9535.844421	-121.721657
9536.517334	-121.314880
9537.190247	-122.191566
9537.863159	-122.234695
9538.536072	-121.532272
9539.208984	-120.709129
9539.881897	-120.994278
9540.554810	-121.945763
9541.227722	-122.172646
9541.900635	-121.972069
9542.573547	-122.019394
9543.246460	-120.750053
9543.919373	-120.441963
9544.592285	-120.755913
9545.265198	-121.218742
9545.938110	-120.937347
9546.611023	-121.290855
9547.283936	-122.302994
9547.956848	-122.812920
9548.629761	-121.441643
9549.302673	-121.784012
9549.975586	-122.070801
9550.648499	-121.493591
9551.321411	-121.453995
9551.994324	-121.271187
9552.667236	-121.224602
9553.340149	-121.295105
9554.013062	-121.035049
9554.685974	-120.739830
9555.358887	-120.588898
9556.031799	-121.242058
9556.704712	-121.721130
9557.377625	-122.429810
9558.050537	-123.128319
9558.723450	-122.619141
9559.396362	-121.376198
9560.069275	-122.057129
9560.742188	-122.365173
9561.415100	-122.023026
9562.088013	-121.795868
9562.760925	-120.900925
9563.433838	-121.627686
9564.106750	-121.742844
9564.779663	-121.921539
9565.452576	-123.336731
9566.125488	-122.363106
9566.798401	-121.355644
9567.471313	-121.932510
9568.144226	-122.004974
9568.817139	-121.361786
9569.490051	-121.359337
9570.162964	-121.592628
9570.835876	-122.521805
9571.508789	-122.440674
9572.181702	-121.814209
9572.854614	-120.165977
9573.527527	-120.778244
9574.200439	-121.397728
9574.873352	-120.976097
9575.546265	-121.411743
9576.219177	-121.695999
9576.892090	-121.505150
9577.565002	-121.361992
9578.237915	-121.130554
9578.910828	-122.041077
9579.583740	-121.832458
9580.256653	-121.658409
9580.929565	-121.864120
9581.602478	-121.839790
9582.275391	-121.397583
9582.948303	-122.007812
9583.621216	-122.452133
9584.294128	-122.940659
9584.967041	-121.916924
9585.639954	-121.728630
9586.312866	-122.921623
9586.985779	-122.410645
9587.658691	-122.468369
9588.331604	-121.963638
9589.004517	-121.648003
9589.677429	-121.880943
9590.350342	-122.540092
9591.023254	-121.961327
9591.696167	-121.656281
9592.369080	-121.423347
9593.041992	-121.684288
9593.714905	-122.085564
9594.387817	-122.481606
9595.060730	-122.427910
9595.733643	-121.767181
9596.406555	-121.992973
9597.079468	-121.795052
9597.752380	-121.692802
9598.425293	-122.221344
9599.098206	-121.893494
9599.771118	-121.588966
9600.444031	-121.636459
9601.116943	-121.963013
9601.789856	-121.274551
9602.462769	-121.713333
9603.135681	-122.253250
9603.808594	-122.095314
9604.481506	-121.857925
9605.154419	-121.207748
9605.827332	-121.279121
9606.500244	-121.310081
9607.173157	-121.515594
9607.846069	-121.914925
9608.518982	-121.532333
9609.191895	-120.917343
9609.864807	-121.066078
9610.537720	-121.613693
9611.210632	-121.684807
9611.883545	-121.938354
9612.556458	-122.286987
9613.229370	-121.974815
9613.902283	-122.432762
9614.575195	-122.085503
9615.248108	-121.979713
9615.921021	-121.745560
9616.593933	-121.268936
9617.266846	-121.429070
9617.939758	-121.873978
9618.612671	-121.652328
9619.285583	-121.927711
9619.958496	-122.031128
9620.631409	-122.247826
9621.304321	-122.585747
9621.977234	-122.342331
9622.650146	-121.769852
9623.323059	-121.530098
9623.995972	-121.644180
9624.668884	-122.186310
9625.341797	-121.680977
9626.014709	-121.542221
9626.687622	-122.138321
9627.360535	-121.797165
9628.033447	-121.660751
9628.706360	-121.796837
9629.379272	-121.924385
9630.052185	-121.442924
9630.725098	-122.411530
9631.398010	-122.042007
9632.070923	-120.851189
9632.743835	-121.388580
9633.416748	-121.109955
9634.089661	-121.549332
9634.762573	-121.772232
9635.435486	-121.954147
9636.108398	-122.474396
9636.781311	-122.275581
9637.454224	-121.558853
9638.127136	-121.583168
9638.800049	-121.702621
9639.472961	-121.531944
9640.145874	-121.228279
9640.818787	-121.281052
9641.491699	-120.900818
9642.164612	-121.309128
9642.837524	-122.077988
9643.510437	-122.090202
9644.183350	-121.697723
9644.856262	-121.336548
9645.529175	-121.724228
9646.202087	-121.550652
9646.875000	-121.195343
9647.547913	-121.391663
9648.220825	-121.273376
9648.893738	-122.472145
9649.566650	-122.446404
9650.239563	-121.906853
9650.912476	-121.566460
9651.585388	-121.716400
9652.258301	-122.236847
9652.931213	-122.402534
9653.604126	-122.071083
9654.277039	-121.339249
9654.949951	-120.974220
9655.622864	-121.479378
9656.295776	-120.994354
9656.968689	-121.222198
9657.641602	-121.018494
9658.314514	-122.207222
9658.987427	-121.588600
9659.660339	-121.175774
9660.333252	-120.775795
9661.006165	-121.659973
9661.679077	-121.663635
9662.351990	-121.482796
9663.024902	-121.444405
9663.697815	-121.484619
9664.370728	-121.694740
9665.043640	-121.207924
9665.716553	-121.378723
9666.389465	-121.125885
9667.062378	-121.791573
9667.735291	-121.363899
9668.408203	-121.452103
9669.081116	-121.926682
9669.754028	-121.255249
9670.426941	-120.982094
9671.099854	-121.697899
9671.772766	-122.661598
9672.445679	-121.164330
9673.118591	-121.114944
9673.791504	-121.607147
9674.464417	-121.390007
9675.137329	-121.594368
9675.810242	-122.220612
9676.483154	-121.900650
9677.156067	-122.120766
9677.828979	-122.131935
9678.501892	-121.546478
9679.174805	-121.377640
9679.847717	-121.371666
9680.520630	-121.354874
9681.193542	-121.299278
9681.866455	-121.685707
9682.539368	-122.812225
9683.212280	-121.836769
9683.885193	-121.482018
9684.558105	-121.741623
9685.231018	-122.677147
9685.903931	-122.712387
9686.576843	-121.707710
9687.249756	-121.259079
9687.922668	-121.411041
9688.595581	-122.005768
9689.268494	-122.233238
9689.941406	-121.934196
9690.614319	-121.726799
9691.287231	-122.329956
9691.960144	-121.878227
9692.633057	-122.109200
9693.305969	-121.987900
9693.978882	-121.319504
9694.651794	-121.329254
9695.324707	-121.779922
9695.997620	-121.836136
9696.670532	-122.453827
9697.343445	-121.565437
9698.016357	-121.280479
9698.689270	-122.094696
9699.362183	-121.620720
9700.035095	-121.545677
9700.708008	-121.162735
9701.380920	-120.829201
9702.053833	-121.420959
9702.726746	-122.581795
9703.399658	-122.011223
9704.072571	-121.778168
9704.745483	-121.633270
9705.418396	-121.794510
9706.091309	-122.261879
9706.764221	-121.180733
9707.437134	-121.503197
9708.110046	-121.821022
9708.782959	-122.108879
9709.455872	-122.734764
9710.128784	-122.443253
9710.801697	-122.122223
9711.474609	-122.209282
9712.147522	-122.914299
9712.820435	-122.415474
9713.493347	-121.737740
9714.166260	-121.304077
9714.839172	-121.366394
9715.512085	-122.334831
9716.184998	-122.513657
9716.857910	-121.995766
9717.530823	-121.529831
9718.203735	-121.495529
9718.876648	-121.338326
9719.549561	-121.606392
9720.222473	-122.326775
9720.895386	-121.652122
9721.568298	-121.134850
9722.241211	-121.567200
9722.914124	-121.292778
9723.587036	-121.257324
9724.259949	-121.726601
9724.932861	-121.277451
9725.605774	-121.631783
9726.278687	-121.526573
9726.951599	-121.478920
9727.624512	-120.942230
9728.297424	-120.891129
9728.970337	-121.004250
9729.643250	-121.502319
9730.316162	-122.158218
9730.989075	-122.553764
9731.661987	-122.689453
9732.334900	-121.769333
9733.007812	-122.158775
9733.680725	-122.648315
9734.353638	-122.089821
9735.026550	-122.201096
9735.699463	-122.418434
9736.372375	-122.529053
9737.045288	-121.911598
9737.718201	-121.615372
9738.391113	-122.467018
9739.064026	-122.312637
9739.736938	-122.214966
9740.409851	-122.275612
9741.082764	-122.669487
9741.755676	-122.568047
9742.428589	-122.115852
9743.101501	-122.967720
9743.774414	-122.272545
9744.447327	-121.878014
9745.120239	-120.761932
9745.793152	-120.771912
9746.466064	-121.943565
9747.138977	-122.474174
9747.811890	-122.346619
9748.484802	-122.123627
9749.157715	-121.649612
9749.830627	-122.527687
9750.503540	-121.605576
9751.176453	-122.058792
9751.849365	-121.744347
9752.522278	-120.949219
9753.195190	-121.364098
9753.868103	-121.479263
9754.541016	-122.268776
9755.213928	-122.318459
9755.886841	-121.755173
9756.559753	-121.841866
9757.232666	-122.448685
9757.905579	-122.601479
9758.578491	-121.386063
9759.251404	-121.431450
9759.924316	-122.563148
9760.597229	-121.477226
9761.270142	-121.811028
9761.943054	-122.089531
9762.615967	-121.435364
9763.288879	-122.111771
9763.961792	-121.958588
9764.634705	-121.929115
9765.307617	-121.362877
9765.980530	-122.255089
9766.653442	-122.798737
9767.326355	-122.059502
9767.999268	-121.531593
9768.672180	-121.428261
9769.345093	-121.195236
9770.018005	-121.339317
9770.690918	-121.556694
9771.363831	-120.762856
9772.036743	-120.802261
9772.709656	-121.006210
9773.382568	-121.625702
9774.055481	-121.269653
9774.728394	-121.880524
9775.401306	-121.586891
9776.074219	-121.978432
9776.747131	-122.243721
9777.420044	-122.222107
9778.092957	-122.287483
9778.765869	-122.006241
9779.438782	-121.634842
9780.111694	-121.807068
9780.784607	-122.836617
9781.457520	-122.456383
9782.130432	-121.656563
9782.803345	-121.694160
9783.476257	-121.825249
9784.149170	-121.892090
9784.822083	-122.762947
9785.494995	-123.262939
9786.167908	-122.935257
9786.840820	-123.331398
9787.513733	-121.918434
9788.186646	-121.712112
9788.859558	-121.342003
9789.532471	-121.237679
9790.205383	-121.979279
9790.878296	-121.861488
9791.551208	-121.858444
9792.224121	-121.595535
9792.897034	-122.089241
9793.569946	-121.854385
9794.242859	-121.966904
9794.915771	-121.533203
9795.588684	-122.035698
9796.261597	-121.997993
9796.934509	-122.572128
9797.607422	-122.651863
9798.280334	-122.254929
9798.953247	-122.441162
9799.626160	-122.258133
9800.299072	-122.042175
9800.971985	-122.145157
9801.644897	-122.211075
9802.317810	-122.582504
9802.990723	-121.680862
9803.663635	-121.599724
9804.336548	-121.375023
9805.009460	-121.274475
9805.682373	-121.424484
9806.355286	-122.233063
9807.028198	-121.857651
9807.701111	-121.688622
9808.374023	-122.069221
9809.046936	-122.535370
9809.719849	-122.585136
9810.392761	-121.450363
9811.065674	-121.429871
9811.738586	-121.882248
9812.411499	-122.100426
9813.084412	-121.794952
9813.757324	-121.459312
9814.430237	-122.114090
9815.103149	-122.305145
9815.776062	-122.503242
9816.448975	-122.878548
9817.121887	-122.618790
9817.794800	-121.445442
9818.467712	-122.440826
9819.140625	-122.098640
9819.813538	-121.591690
9820.486450	-122.706955
9821.159363	-122.475235
9821.832275	-123.588470
9822.505188	-122.866966
9823.178101	-122.086403
9823.851013	-121.377304
9824.523926	-121.511040
9825.196838	-121.961113
9825.869751	-120.946571
9826.542664	-121.548042
9827.215576	-122.640511
9827.888489	-122.637184
9828.561401	-122.407234
9829.234314	-122.591721
9829.907227	-122.818504
9830.580139	-122.280640
9831.253052	-121.806190
9831.925964	-122.088898
9832.598877	-122.529404
9833.271790	-122.113945
9833.944702	-122.099991
9834.617615	-122.294487
9835.290527	-122.606766
9835.963440	-121.603691
9836.636353	-122.070831
9837.309265	-122.860764
9837.982178	-121.701721
9838.655090	-121.651749
9839.328003	-122.136635
9840.000916	-122.534256
9840.673828	-121.874245
9841.346741	-121.985435
9842.019653	-122.096054
9842.692566	-122.404167
9843.365479	-122.301033
9844.038391	-122.487694
9844.711304	-122.007233
9845.384216	-122.831360
9846.057129	-122.241791
9846.730042	-122.007996
9847.402954	-122.377495
9848.075867	-122.473389
9848.748779	-122.545303
9849.421692	-121.593872
9850.094604	-121.011864
9850.767517	-121.180740
9851.440430	-122.332001
9852.113342	-123.021111
9852.786255	-122.113586
9853.459167	-122.199776
9854.132080	-123.364937
9854.804993	-122.333458
9855.477905	-121.422661
9856.150818	-121.852242
9856.823730	-121.779732
9857.496643	-122.143410
9858.169556	-122.007515
9858.842468	-122.118332
9859.515381	-121.324120
9860.188293	-121.342117
9860.861206	-121.591225
9861.534119	-122.406967
9862.207031	-122.816505
9862.879944	-122.823616
9863.552856	-122.245468
9864.225769	-121.780579
9864.898682	-121.715599
9865.571594	-121.545731
9866.244507	-122.864243
9866.917419	-122.866005
9867.590332	-122.459641
9868.263245	-121.941254
9868.936157	-122.132500
9869.609070	-122.270210
9870.281982	-122.239967
9870.954895	-122.702812
9871.627808	-122.845695
9872.300720	-121.838959
9872.973633	-121.296463
9873.646545	-120.784485
9874.319458	-121.151306
9874.992371	-121.825249
9875.665283	-121.666519
9876.338196	-121.027061
9877.011108	-122.066437
9877.684021	-121.956024
9878.356934	-121.943237
9879.029846	-122.721573
9879.702759	-122.504257
9880.375671	-122.196945
9881.048584	-122.512993
9881.721497	-121.704971
9882.394409	-121.872650
9883.067322	-121.345261
9883.740234	-121.430489
9884.413147	-122.134209
9885.086060	-122.549919
9885.758972	-122.402382
9886.431885	-122.463463
9887.104797	-122.863701
9887.777710	-122.809250
9888.450623	-122.987595
9889.123535	-122.241135
9889.796448	-122.306679
9890.469360	-122.712700
9891.142273	-122.108864
9891.815186	-122.528961
9892.488098	-123.701889
9893.161011	-123.550308
9893.833923	-122.230659
9894.506836	-122.095924
9895.179749	-122.387581
9895.852661	-122.677834
9896.525574	-122.202316
9897.198486	-121.331604
9897.871399	-121.117325
9898.544312	-121.312775
9899.217224	-121.955688
9899.890137	-122.206383
9900.563049	-121.563950
9901.235962	-121.577072
9901.908875	-122.160675
9902.581787	-122.221001
9903.254700	-122.292953
9903.927612	-122.007683
9904.600525	-122.044632
9905.273438	-121.673874
9905.946350	-121.679588
9906.619263	-122.193474
9907.292175	-121.700096
9907.965088	-121.777885
9908.638000	-122.192978
9909.310913	-121.601585
9909.983826	-121.991478
9910.656738	-121.807152
9911.329651	-121.871483
9912.002563	-122.014603
9912.675476	-122.333351
9913.348389	-122.349373
9914.021301	-122.734520
9914.694214	-122.443611
9915.367126	-121.871002
9916.040039	-121.801636
9916.712952	-121.785957
9917.385864	-122.231133
9918.058777	-121.894463
9918.731689	-122.164436
9919.404602	-122.244812
9920.077515	-122.633614
9920.750427	-122.297394
9921.423340	-122.487434
9922.096252	-121.904129
9922.769165	-121.302177
9923.442078	-121.882057
9924.114990	-121.850899
9924.787903	-122.504662
9925.460815	-122.898537
9926.133728	-122.412643
9926.806641	-122.255173
9927.479553	-121.897171
9928.152466	-121.963104
9928.825378	-121.718788
9929.498291	-121.918709
9930.171204	-121.980064
9930.844116	-121.478302
9931.517029	-121.487862
9932.189941	-122.134315
9932.862854	-122.315536
9933.535767	-122.480080
9934.208679	-121.971581
9934.881592	-121.185242
9935.554504	-121.379478
9936.227417	-121.994781
9936.900330	-122.915771
9937.573242	-122.919495
9938.246155	-122.978722
9938.919067	-122.122971
9939.591980	-121.815430
9940.264893	-122.224350
9940.937805	-122.490974
9941.610718	-122.318977
9942.283630	-122.313774
9942.956543	-121.458542
9943.629456	-121.128731
9944.302368	-121.385841
9944.975281	-121.800087
9945.648193	-121.389381
9946.321106	-121.303238
9946.994019	-122.304680
9947.666931	-122.828262
9948.339844	-121.825996
9949.012756	-121.887344
9949.685669	-121.811150
9950.358582	-121.745613
9951.031494	-121.850304
9951.704407	-121.683723
9952.377319	-121.825287
9953.050232	-122.255379
9953.723145	-122.255936
9954.396057	-122.781731
9955.068970	-122.363701
9955.741882	-122.900169
9956.414795	-122.497864
9957.087708	-122.095070
9957.760620	-121.727547
9958.433533	-122.777428
9959.106445	-122.685677
9959.779358	-122.549156
9960.452271	-122.949501
9961.125183	-122.652527
9961.798096	-122.433586
9962.471008	-122.200188
9963.143921	-122.598557
9963.816833	-122.444054
9964.489746	-121.826241
9965.162659	-122.041161
9965.835571	-121.709106
9966.508484	-121.185524
9967.181396	-121.122963
9967.854309	-121.318474
9968.527222	-122.507912
9969.200134	-122.923676
9969.873047	-122.452835
9970.545959	-122.579872
9971.218872	-123.052452
9971.891785	-122.914894
9972.564697	-122.624405
9973.237610	-122.533852
9973.910522	-122.099564
9974.583435	-123.044205
9975.256348	-122.616341
9975.929260	-122.757057
9976.602173	-123.043541
9977.275085	-122.203316
9977.947998	-122.425728
9978.620911	-122.444229
9979.293823	-122.316460
9979.966736	-122.787308
9980.639648	-122.472992
9981.312561	-122.509888
9981.985474	-122.270081
9982.658386	-122.438499
9983.331299	-122.233475
9984.004211	-121.288910
9984.677124	-121.608391
9985.350037	-122.035530
9986.022949	-122.134583
9986.695862	-121.785912
9987.368774	-122.475174
9988.041687	-122.010185
9988.714600	-121.875771
9989.387512	-122.289749
9990.060425	-122.544708
9990.733337	-122.713379
9991.406250	-122.680908
9992.079163	-123.227150
9992.752075	-122.153137
9993.424988	-122.354782
9994.097900	-122.725304
9994.770813	-123.675491
9995.443726	-122.888611
9996.116638	-122.241325
9996.789551	-121.779335
9997.462463	-122.244316
9998.135376	-122.055183
9998.808289	-121.696579
9999.481201	-121.552261
10000.154114	-121.707176
10000.827026	-122.169060
10001.499939	-122.804817
10002.172852	-122.685219
10002.845764	-122.768661
10003.518677	-122.518463
10004.191589	-122.216621
10004.864502	-122.119049
10005.537415	-122.096306
10006.210327	-121.921387
10006.883240	-122.077774
10007.556152	-122.594055
10008.229065	-122.654671
10008.901978	-122.376991
10009.574890	-122.543884
10010.247803	-122.572517
10010.920715	-122.045403
10011.593628	-121.986000
10012.266541	-121.231026
10012.939453	-121.799210
10013.612366	-122.235390
10014.285278	-122.547935
10014.958191	-122.042496
10015.631104	-122.064819
10016.304016	-122.247314
10016.976929	-122.718857
10017.649841	-122.920128
10018.322754	-122.654060
10018.995667	-122.503944
10019.668579	-121.478050
10020.341492	-121.688286
10021.014404	-122.693283
10021.687317	-122.977287
10022.360229	-122.901497
10023.033142	-121.817383
10023.706055	-121.635880
10024.378967	-123.081718
10025.051880	-123.121803
10025.724792	-121.982880
10026.397705	-123.045967
10027.070618	-123.289337
10027.743530	-122.684341
10028.416443	-122.547256
10029.089355	-122.534821
10029.762268	-122.732986
10030.435181	-122.976730
10031.108093	-123.737106
10031.781006	-122.233116
10032.453918	-121.354179
10033.126831	-122.018784
10033.799744	-122.777382
10034.472656	-122.280823
10035.145569	-122.674965
10035.818481	-122.952438
10036.491394	-123.325981
10037.164307	-122.296555
10037.837219	-122.681641
10038.510132	-122.702675
10039.183044	-122.476540
10039.855957	-122.253357
10040.528870	-121.890541
10041.201782	-120.922585
10041.874695	-122.007019
10042.547607	-122.651260
10043.220520	-123.143951
10043.893433	-121.934418
10044.566345	-121.606697
10045.239258	-122.298332
10045.912170	-122.624435
10046.585083	-122.739716
10047.257996	-122.595322
10047.930908	-122.571053
10048.603821	-122.901634
10049.276733	-122.580162
10049.949646	-122.327461
10050.622559	-122.209030
10051.295471	-122.041260
10051.968384	-122.449051
10052.641296	-122.749847
10053.314209	-122.964203
10053.987122	-122.802963
10054.660034	-122.675156
10055.332947	-122.573624
10056.005859	-122.231163
10056.678772	-122.043152
10057.351685	-122.056526
10058.024597	-122.775009
10058.697510	-123.315971
10059.370422	-122.212967
10060.043335	-122.111526
10060.716248	-121.950119
10061.389160	-122.179344
10062.062073	-122.151672
10062.734985	-122.996986
10063.407898	-123.039925
10064.080811	-122.495392
10064.753723	-122.319412
10065.426636	-121.880035
10066.099548	-121.738762
10066.772461	-122.044701
10067.445374	-122.389992
10068.118286	-123.379486
10068.791199	-122.628929
10069.464111	-122.327446
10070.137024	-123.295319
10070.809937	-123.273262
10071.482849	-122.623108
10072.155762	-122.088058
10072.828674	-122.473030
10073.501587	-122.977295
10074.174500	-122.541138
10074.847412	-122.381104
10075.520325	-122.124657
10076.193237	-122.192177
10076.866150	-122.578705
10077.539062	-123.493378
10078.211975	-123.234161
10078.884888	-123.062820
10079.557800	-121.700737
10080.230713	-121.657867
10080.903625	-123.115295
10081.576538	-122.651550
10082.249451	-122.506599
10082.922363	-122.682236
10083.595276	-122.424309
10084.268188	-122.656723
10084.941101	-123.014870
10085.614014	-123.905571
10086.286926	-123.674049
10086.959839	-122.279289
10087.632751	-122.467178
10088.305664	-122.962204
10088.978577	-122.467537
10089.651489	-122.324867
10090.324402	-121.535049
10090.997314	-121.083038
10091.670227	-121.685211
10092.343140	-122.397179
10093.016052	-123.099037
10093.688965	-123.267914
10094.361877	-122.408173
10095.034790	-122.962006
10095.707703	-122.823051
10096.380615	-121.703300
10097.053528	-122.879417
10097.726440	-123.254227
10098.399353	-122.042015
10099.072266	-122.696381
10099.745178	-122.783562
10100.418091	-121.856934
10101.091003	-121.807800
10101.763916	-122.068924
10102.436829	-123.493874
10103.109741	-123.740692
10103.782654	-122.639816
10104.455566	-122.022530
10105.128479	-122.539276
10105.801392	-122.029892
10106.474304	-122.328583
10107.147217	-122.412010
10107.820129	-121.521591
10108.493042	-122.324303
10109.165955	-123.387680
10109.838867	-122.442719
10110.511780	-121.717705
10111.184692	-123.104355
10111.857605	-122.834084
10112.530518	-122.328331
10113.203430	-122.535652
10113.876343	-121.966263
10114.549255	-122.087822
10115.222168	-123.287369
10115.895081	-123.320114
10116.567993	-122.699066
10117.240906	-122.911255
10117.913818	-122.274673
10118.586731	-122.553246
10119.259644	-122.505104
10119.932556	-122.368889
10120.605469	-123.053680
10121.278381	-123.116768
10121.951294	-123.019760
10122.624207	-123.474045
10123.297119	-123.593269
10123.970032	-123.025955
10124.642944	-122.451965
10125.315857	-122.542160
10125.988770	-123.401695
10126.661682	-124.119316
10127.334595	-124.205177
10128.007507	-123.026833
10128.680420	-122.513535
10129.353333	-122.604202
10130.026245	-122.318192
10130.699158	-122.445259
10131.372070	-122.234406
10132.044983	-122.284035
10132.717896	-122.559639
10133.390808	-122.603867
10134.063721	-122.207268
10134.736633	-122.006752
10135.409546	-122.112762
10136.082458	-122.448982
10136.755371	-122.380920
10137.428284	-123.033348
10138.101196	-122.767014
10138.774109	-122.234123
10139.447021	-122.519684
10140.119934	-123.282852
10140.792847	-122.410667
10141.465759	-122.539452
10142.138672	-122.842247
10142.811584	-122.816017
10143.484497	-122.278084
10144.157410	-121.852951
10144.830322	-122.299690
10145.503235	-122.245323
10146.176147	-122.276894
10146.849060	-122.622101
10147.521973	-123.401672
10148.194885	-123.777092
10148.867798	-123.421204
10149.540710	-122.731956
10150.213623	-123.169258
10150.886536	-123.321754
10151.559448	-123.646713
10152.232361	-122.927322
10152.905273	-122.222603
10153.578186	-123.239243
10154.251099	-122.931404
10154.924011	-121.908897
10155.596924	-121.991737
10156.269836	-122.574623
10156.942749	-122.344231
10157.615662	-122.766945
10158.288574	-123.389061
10158.961487	-122.934280
10159.634399	-122.262627
10160.307312	-122.965050
10160.980225	-122.851570
10161.653137	-121.811028
10162.326050	-121.974098
10162.998962	-123.027649
10163.671875	-123.634987
10164.344788	-123.065926
10165.017700	-121.880890
10165.690613	-121.950417
10166.363525	-123.893219
10167.036438	-123.659836
10167.709351	-123.093246
10168.382263	-122.343842
10169.055176	-122.289558
10169.728088	-122.519485
10170.401001	-123.065529
10171.073914	-123.429367
10171.746826	-122.602303
10172.419739	-122.408394
10173.092651	-122.266747
10173.765564	-122.236061
10174.438477	-123.188171
10175.111389	-122.914787
10175.784302	-123.272659
10176.457214	-122.713486
10177.130127	-123.308830
10177.803040	-123.893349
10178.475952	-124.313309
10179.148865	-123.854134
10179.821777	-123.121613
10180.494690	-123.669914
10181.167603	-123.088982
10181.840515	-123.197495
10182.513428	-123.305267
10183.186340	-123.571945
10183.859253	-123.309586
10184.532166	-122.854111
10185.205078	-122.594803
10185.877991	-123.014648
10186.550903	-122.891243
10187.223816	-123.062836
10187.896729	-123.416122
10188.569641	-123.166359
10189.242554	-122.938896
10189.915466	-123.219376
10190.588379	-123.148552
10191.261292	-122.970398
10191.934204	-123.427597
10192.607117	-122.663895
10193.280029	-122.678917
10193.952942	-122.636414
10194.625854	-122.404045
10195.298767	-122.098434
10195.971680	-121.945152
10196.644592	-123.082932
10197.317505	-123.876434
10197.990417	-123.553848
10198.663330	-123.244003
10199.336243	-122.299728
10200.009155	-122.237480
10200.682068	-122.256660
10201.354980	-122.734879
10202.027893	-122.577881
10202.700806	-122.937958
10203.373718	-122.317444
10204.046631	-122.727783
10204.719543	-123.077591
10205.392456	-122.920029
10206.065369	-123.143776
10206.738281	-123.873764
10207.411194	-123.853424
10208.084106	-123.354111
10208.757019	-123.370636
10209.429932	-123.029404
10210.102844	-123.333900
10210.775757	-123.434418
10211.448669	-123.051559
10212.121582	-123.595085
10212.794495	-123.114761
10213.467407	-122.906189
10214.140320	-122.881371
10214.813232	-123.777687
10215.486145	-123.511040
10216.159058	-123.405014
10216.831970	-123.560555
10217.504883	-123.119690
10218.177795	-122.642555
10218.850708	-123.729546
10219.523621	-122.519867
10220.196533	-122.115349
10220.869446	-123.207184
10221.542358	-123.851555
10222.215271	-123.105766
10222.888184	-123.499931
10223.561096	-123.623062
10224.234009	-122.975746
10224.906921	-122.800766
10225.579834	-122.753563
10226.252747	-122.754807
10226.925659	-123.464081
10227.598572	-122.921379
10228.271484	-123.481392
10228.944397	-123.262856
10229.617310	-122.982010
10230.290222	-122.894745
10230.963135	-122.997978
10231.636047	-123.795654
10232.308960	-123.804970
10232.981873	-124.060188
10233.654785	-124.190300
10234.327698	-124.260880
10235.000610	-123.803452
10235.673523	-122.952461
10236.346436	-122.824120
10237.019348	-123.068283
10237.692261	-122.803566
10238.365173	-122.452148
10239.038086	-122.604691
10239.710999	-123.221092
10240.383911	-123.227821
10241.056824	-124.080101
10241.729736	-123.342834
10242.402649	-122.548744
10243.075562	-123.153786
10243.748474	-122.411072
10244.421387	-122.106117
10245.094299	-122.686981
10245.767212	-122.757202
10246.440125	-122.936913
10247.113037	-123.597916
10247.785950	-123.131721
10248.458862	-123.279076
10249.131775	-123.324043
10249.804688	-123.387337
10250.477600	-123.764938
10251.150513	-123.135101
10251.823425	-123.018570
10252.496338	-122.509918
10253.169250	-122.062035
10253.842163	-122.681572
10254.515076	-123.456558
10255.187988	-123.397934
10255.860901	-123.410789
10256.533813	-122.874039
10257.206726	-123.236084
10257.879639	-123.636482
10258.552551	-124.017029
10259.225464	-123.407166
10259.898376	-122.666115
10260.571289	-123.172485
10261.244202	-123.849915
10261.917114	-122.371964
10262.590027	-122.473297
10263.262939	-122.515282
10263.935852	-122.302109
10264.608765	-122.321609
10265.281677	-122.717384
10265.954590	-122.840584
10266.627502	-123.210663
10267.300415	-122.774086
10267.973328	-121.848114
10268.646240	-122.882187
10269.319153	-123.700638
10269.992065	-123.745476
10270.664978	-123.779854
10271.337891	-123.156410
10272.010803	-122.753754
10272.683716	-122.881737
10273.356628	-123.335640
10274.029541	-123.136505
10274.702454	-122.320999
10275.375366	-122.132706
10276.048279	-122.069038
10276.721191	-123.144775
10277.394104	-123.663734
10278.067017	-124.152306
10278.739929	-123.623665
10279.412842	-123.672813
10280.085754	-123.735504
10280.758667	-123.912102
10281.431580	-123.658134
10282.104492	-123.471733
10282.777405	-123.593552
10283.450317	-123.784058
10284.123230	-124.060539
10284.796143	-123.818268
10285.469055	-123.391037
10286.141968	-123.698746
10286.814880	-123.681908
10287.487793	-123.545609
10288.160706	-123.916420
10288.833618	-123.801582
10289.506531	-123.836937
10290.179443	-123.786507
10290.852356	-123.094048
10291.525269	-122.929359
10292.198181	-122.998024
10292.871094	-123.674149
10293.544006	-124.253845
10294.216919	-123.869125
10294.889832	-122.832268
10295.562744	-123.093636
10296.235657	-123.937195
10296.908569	-123.504616
10297.581482	-123.621887
10298.254395	-124.133087
10298.927307	-123.688812
10299.600220	-123.269791
10300.273132	-124.023056
10300.946045	-124.273445
10301.618958	-123.946136
10302.291870	-123.676865
10302.964783	-122.804878
10303.637695	-122.959412
10304.310608	-123.204346
10304.983521	-123.367516
10305.656433	-123.346024
10306.329346	-123.313950
10307.002258	-123.139488
10307.675171	-123.636650
10308.348083	-123.252670
10309.020996	-122.775108
10309.693909	-123.108971
10310.366821	-123.872116
10311.039734	-123.641113
10311.712646	-123.515900
10312.385559	-123.265968
10313.058472	-123.332626
10313.731384	-123.039246
10314.404297	-123.389069
10315.077209	-123.043465
10315.750122	-122.590904
10316.423035	-122.588028
10317.095947	-123.193352
10317.768860	-124.123230
10318.441772	-124.054993
10319.114685	-123.923676
10319.787598	-123.480911
10320.460510	-123.666382
10321.133423	-124.054512
10321.806335	-123.438965
10322.479248	-123.694664
10323.152161	-123.738770
10323.825073	-123.736206
10324.497986	-124.404556
10325.170898	-123.339882
10325.843811	-123.027954
10326.516724	-122.613853
10327.189636	-123.379944
10327.862549	-124.076698
10328.535461	-124.319145
10329.208374	-124.058990
10329.881287	-123.375519
10330.554199	-122.991409
10331.227112	-123.558716
10331.900024	-123.878433
10332.572937	-123.851303
10333.245850	-123.250450
10333.918762	-123.127113
10334.591675	-123.630066
10335.264587	-123.709702
10335.937500	-124.691681
10336.610413	-125.056221
10337.283325	-124.980637
10337.956238	-124.268501
10338.629150	-123.839859
10339.302063	-123.626442
10339.974976	-123.991142
10340.647888	-124.244408
10341.320801	-123.703087
10341.993713	-124.035599
10342.666626	-123.916580
10343.339539	-123.200989
10344.012451	-123.363144
10344.685364	-123.476707
10345.358276	-123.347679
10346.031189	-123.261635
10346.704102	-123.483002
10347.377014	-123.980736
10348.049927	-124.282486
10348.722839	-123.271698
10349.395752	-123.436867
10350.068665	-123.362495
10350.741577	-123.420372
10351.414490	-123.825340
10352.087402	-123.318420
10352.760315	-123.361214
10353.433228	-123.776360
10354.106140	-123.950958
10354.779053	-124.303177
10355.451965	-123.842789
10356.124878	-123.355392
10356.797791	-123.980492
10357.470703	-123.871658
10358.143616	-124.063004
10358.816528	-124.058434
10359.489441	-122.704597
10360.162354	-123.278915
10360.835266	-124.180756
10361.508179	-124.048180
10362.181091	-123.955551
10362.854004	-124.194504
10363.526917	-123.633759
10364.199829	-123.283424
10364.872742	-123.533531
10365.545654	-123.940056
10366.218567	-124.293167
10366.891479	-124.514069
10367.564392	-124.715401
10368.237305	-124.495018
10368.910217	-123.857109
10369.583130	-124.493385
10370.256042	-124.362968
10370.928955	-123.397781
10371.601868	-124.053040
10372.274780	-124.265121
10372.947693	-123.994682
10373.620605	-123.580025
10374.293518	-124.123268
10374.966431	-124.048866
10375.639343	-123.665115
10376.312256	-122.942749
10376.985168	-123.914047
10377.658081	-123.814491
10378.330994	-123.643539
10379.003906	-123.495766
10379.676819	-123.879913
10380.349731	-123.805573
10381.022644	-123.805084
10381.695557	-123.482994
10382.368469	-122.901024
10383.041382	-122.927269
10383.714294	-122.861702
10384.387207	-123.121056
10385.060120	-123.573936
10385.733032	-123.685547
10386.405945	-124.070076
10387.078857	-124.030479
10387.751770	-123.842300
10388.424683	-123.850784
10389.097595	-124.693565
10389.770508	-124.398132
10390.443420	-123.835617
10391.116333	-123.645020
10391.789246	-124.429932
10392.462158	-124.700134
10393.135071	-124.197983
10393.807983	-123.828110
10394.480896	-123.625984
10395.153809	-123.708717
10395.826721	-123.256905
10396.499634	-123.142082
10397.172546	-123.486519
10397.845459	-124.208923
10398.518372	-124.016449
10399.191284	-124.163071
10399.864197	-123.805176
10400.537109	-123.673943
10401.210022	-124.410271
10401.882935	-124.597839
10402.555847	-124.278557
10403.228760	-124.285980
10403.901672	-123.449203
10404.574585	-123.635666
10405.247498	-123.962845
10405.920410	-123.934349
10406.593323	-124.659737
10407.266235	-124.815628
10407.939148	-124.165909
10408.612061	-123.100372
10409.284973	-123.334633
10409.957886	-123.788315
10410.630798	-124.271599
10411.303711	-123.803307
10411.976624	-123.436142
10412.649536	-123.550720
10413.322449	-124.360031
10413.995361	-124.357735
10414.668274	-124.316208
10415.341187	-124.494919
10416.014099	-124.220993
10416.687012	-124.101486
10417.359924	-124.380363
10418.032837	-124.727577
10418.705750	-124.434181
10419.378662	-124.433678
10420.051575	-123.738586
10420.724487	-124.622307
10421.397400	-124.822586
10422.070312	-124.298279
10422.743225	-124.028374
10423.416138	-123.946930
10424.089050	-123.999069
10424.761963	-123.807556
10425.434875	-123.914185
10426.107788	-123.916664
10426.780701	-124.803352
10427.453613	-125.111534
10428.126526	-124.306511
10428.799438	-124.091171
10429.472351	-124.978333
10430.145264	-124.686119
10430.818176	-124.848129
10431.491089	-124.991867
10432.164001	-124.222809
10432.836914	-123.869881
10433.509827	-123.593033
10434.182739	-123.185638
10434.855652	-123.483192
10435.528564	-123.556305
10436.201477	-123.719978
10436.874390	-123.571777
10437.547302	-124.354149
10438.220215	-123.487022
10438.893127	-123.539162
10439.566040	-124.170464
10440.238953	-124.793205
10440.911865	-124.913361
10441.584778	-124.593979
10442.257690	-125.326950
10442.930603	-125.444107
10443.603516	-123.631325
10444.276428	-123.463547
10444.949341	-123.697594
10445.622253	-124.221581
10446.295166	-124.307243
10446.968079	-124.932236
10447.640991	-125.453072
10448.313904	-124.765060
10448.986816	-124.694183
10449.659729	-124.786804
10450.332642	-124.934425
10451.005554	-124.711731
10451.678467	-124.351204
10452.351379	-124.274124
10453.024292	-124.534027
10453.697205	-124.250389
10454.370117	-124.200935
10455.043030	-123.386047
10455.715942	-123.116432
10456.388855	-123.965828
10457.061768	-124.268768
10457.734680	-123.932762
10458.407593	-124.173981
10459.080505	-123.931740
10459.753418	-123.972900
10460.426331	-123.941833
10461.099243	-124.454865
10461.772156	-124.741898
10462.445068	-124.354126
10463.117981	-124.112312
10463.790894	-124.103325
10464.463806	-124.305626
10465.136719	-124.779533
10465.809631	-123.965843
10466.482544	-123.211975
10467.155457	-123.384262
10467.828369	-123.888687
10468.501282	-124.275696
10469.174194	-125.097404
10469.847107	-124.139297
10470.520020	-124.116501
10471.192932	-124.428886
10471.865845	-123.638847
10472.538757	-124.491386
10473.211670	-124.906967
10473.884583	-125.348984
10474.557495	-124.709915
10475.230408	-124.324547
10475.903320	-123.931175
10476.576233	-124.215210
10477.249146	-125.145042
10477.922058	-124.850937
10478.594971	-123.907684
10479.267883	-123.972404
10479.940796	-125.463348
10480.613708	-124.849014
10481.286621	-123.829605
10481.959534	-124.445694
10482.632446	-124.935066
10483.305359	-125.115395
10483.978271	-124.168526
10484.651184	-124.881676
10485.324097	-126.314407
10485.997009	-125.924805
10486.669922	-124.918800
10487.342834	-124.278053
10488.015747	-124.931396
10488.688660	-124.794975
10489.361572	-124.615639
10490.034485	-125.495941
10490.707397	-124.736412
10491.380310	-123.835594
10492.053223	-123.797569
10492.726135	-124.163239
10493.399048	-124.418533
10494.071960	-125.594223
10494.744873	-125.224396
10495.417786	-124.751999
10496.090698	-124.628937
10496.763611	-125.327553
10497.436523	-125.960823
10498.109436	-126.182610
10498.782349	-125.201324
10499.455261	-124.161079
10500.128174	-123.990555
10500.801086	-124.228554
10501.473999	-123.768517
10502.146912	-124.386269
10502.819824	-124.762558
10503.492737	-125.065987
10504.165649	-125.395378
10504.838562	-124.571938
10505.511475	-124.411842
10506.184387	-123.968872
10506.857300	-124.399628
10507.530212	-125.283363
10508.203125	-125.259918
10508.876038	-124.902733
10509.548950	-124.816483
10510.221863	-123.914795
10510.894775	-124.118469
10511.567688	-124.210487
10512.240601	-124.826904
10512.913513	-125.426384
10513.586426	-124.634338
10514.259338	-124.822075
10514.932251	-125.560669
10515.605164	-124.855110
10516.278076	-123.988625
10516.950989	-124.106331
10517.623901	-124.534576
10518.296814	-125.370087
10518.969727	-124.802895
10519.642639	-124.420464
10520.315552	-125.290192
10520.988464	-125.283714
10521.661377	-125.351158
10522.334290	-125.354889
10523.007202	-124.865219
10523.680115	-125.005043
10524.353027	-124.367142
10525.025940	-124.253639
10525.698853	-124.904121
10526.371765	-125.605293
10527.044678	-124.821686
10527.717590	-124.770607
10528.390503	-125.193291
10529.063416	-125.258850
10529.736328	-125.625275
10530.409241	-124.793846
10531.082153	-124.085747
10531.755066	-124.178162
10532.427979	-124.677948
10533.100891	-124.717651
10533.773804	-124.895561
10534.446716	-125.571808
10535.119629	-125.101242
10535.792542	-124.424805
10536.465454	-124.654640
10537.138367	-125.467056
10537.811279	-125.853889
10538.484192	-125.731293
10539.157104	-125.544266
10539.830017	-123.806084
10540.502930	-124.386459
10541.175842	-124.984085
10541.848755	-125.097244
10542.521667	-125.181290
10543.194580	-124.569672
10543.867493	-125.085533
10544.540405	-125.224289
10545.213318	-124.831436
10545.886230	-124.910912
10546.559143	-125.600616
10547.232056	-125.449005
10547.904968	-125.473312
10548.577881	-125.511162
10549.250793	-125.325302
10549.923706	-125.613129
10550.596619	-125.165810
10551.269531	-125.190735
10551.942444	-125.557968
10552.615356	-124.772537
10553.288269	-124.731880
10553.961182	-125.199249
10554.634094	-124.902328
10555.307007	-124.769867
10555.979919	-125.505127
10556.652832	-124.943214
10557.325745	-125.158173
10557.998657	-124.998474
10558.671570	-124.374733
10559.344482	-124.150154
10560.017395	-123.925987
10560.690308	-124.572800
10561.363220	-125.151367
10562.036133	-124.802605
10562.709045	-124.832481
10563.381958	-124.849419
10564.054871	-125.841354
10564.727783	-124.874763
10565.400696	-124.733521
10566.073608	-125.427414
10566.746521	-125.095390
10567.419434	-124.709496
10568.092346	-125.268738
10568.765259	-125.380623
10569.438171	-124.880562
10570.111084	-124.810593
10570.783997	-124.790192
10571.456909	-125.377190
10572.129822	-124.773827
10572.802734	-125.152290
10573.475647	-124.746353
10574.148560	-124.099464
10574.821472	-125.542320
10575.494385	-125.402611
10576.167297	-124.464272
10576.840210	-124.761673
10577.513123	-124.571968
10578.186035	-125.651642
10578.858948	-125.593094
10579.531860	-124.884613
10580.204773	-124.794037
10580.877686	-124.376381
10581.550598	-125.253433
10582.223511	-124.615547
10582.896423	-123.912811
10583.569336	-124.808868
10584.242249	-125.341583
10584.915161	-125.565002
10585.588074	-125.541191
10586.260986	-124.467140
10586.933899	-124.338249
10587.606812	-125.111961
10588.279724	-126.059265
10588.952637	-125.493744
10589.625549	-124.989258
10590.298462	-124.637634
10590.971375	-125.174187
10591.644287	-125.053215
10592.317200	-125.171791
10592.990112	-125.734871
10593.663025	-125.093620
10594.335938	-125.272537
10595.008850	-126.355911
10595.681763	-125.748772
10596.354675	-125.716782
10597.027588	-125.132690
10597.700500	-125.714851
10598.373413	-125.883888
10599.046326	-125.419464
10599.719238	-125.652596
10600.392151	-125.311913
10601.065063	-125.803452
10601.737976	-124.770485
10602.410889	-124.725616
10603.083801	-125.196442
10603.756714	-125.504028
10604.429626	-125.020866
10605.102539	-125.041718
10605.775452	-124.683411
10606.448364	-125.117546
10607.121277	-125.531792
10607.794189	-124.528755
10608.467102	-124.218437
10609.140015	-125.319603
10609.812927	-125.742722
10610.485840	-125.187279
10611.158752	-124.839600
10611.831665	-124.701401
10612.504578	-125.056725
10613.177490	-126.016060
10613.850403	-125.602348
10614.523315	-125.773087
10615.196228	-125.922928
10615.869141	-125.522232
10616.542053	-125.123856
10617.214966	-125.094109
10617.887878	-125.469116
10618.560791	-125.607079
10619.233704	-125.086197
10619.906616	-125.080170
10620.579529	-125.073723
10621.252441	-125.542458
10621.925354	-126.285522
10622.598267	-125.522446
10623.271179	-123.444557
10623.944092	-123.834587
10624.617004	-124.571709
10625.289917	-124.638702
10625.962830	-124.776016
10626.635742	-124.750008
10627.308655	-125.218834
10627.981567	-124.806465
10628.654480	-125.671104
10629.327393	-125.698830
10630.000305	-126.226929
10630.673218	-126.299843
10631.346130	-126.185837
10632.019043	-125.519424
10632.691956	-125.520744
10633.364868	-125.057640
10634.037781	-125.571724
10634.710693	-125.783867
10635.383606	-124.572639
10636.056519	-124.944870
10636.729431	-126.383492
10637.402344	-126.002106
10638.075256	-125.861061
10638.748169	-125.850288
10639.421082	-125.509758
10640.093994	-126.065781
10640.766907	-126.502464
10641.439819	-125.261200
10642.112732	-126.087700
10642.785645	-125.748108
10643.458557	-125.428696
10644.131470	-125.379326
10644.804382	-125.245895
10645.477295	-125.197937
10646.150208	-125.005836
10646.823120	-124.077995
10647.496033	-125.432396
10648.168945	-124.995758
10648.841858	-125.062553
10649.514771	-125.173256
10650.187683	-125.864868
10650.860596	-126.823433
10651.533508	-126.812080
10652.206421	-127.022354
10652.879333	-125.975601
10653.552246	-125.389076
10654.225159	-125.060463
10654.898071	-125.263168
10655.570984	-125.189247
10656.243896	-125.899452
10656.916809	-124.929459
10657.589722	-125.964417
10658.262634	-125.148590
10658.935547	-125.188789
10659.608459	-126.366173
10660.281372	-126.102829
10660.954285	-125.866348
10661.627197	-125.534821
10662.300110	-124.853012
10662.973022	-125.350151
10663.645935	-125.768524
10664.318848	-125.690247
10664.991760	-125.563278
10665.664673	-125.201393
10666.337585	-125.770020
10667.010498	-125.580368
10667.683411	-125.257881
10668.356323	-125.439903
10669.029236	-125.928886
10669.702148	-125.571732
10670.375061	-125.629395
10671.047974	-125.871994
10671.720886	-125.808670
10672.393799	-125.637833
10673.066711	-125.807442
10673.739624	-125.667587
10674.412537	-125.816605
10675.085449	-126.177406
10675.758362	-126.444107
10676.431274	-125.732262
10677.104187	-126.138687
10677.777100	-127.134613
10678.450012	-126.457581
10679.122925	-126.343742
10679.795837	-126.035011
10680.468750	-125.252922
10681.141663	-125.252388
10681.814575	-125.713173
10682.487488	-125.820099
10683.160400	-126.842377
10683.833313	-126.312248
10684.506226	-125.168945
10685.179138	-125.516800
10685.852051	-125.712234
10686.524963	-125.947945
10687.197876	-125.930779
10687.870789	-125.798172
10688.543701	-126.248795
10689.216614	-127.347275
10689.889526	-127.036705
10690.562439	-125.687675
10691.235352	-125.783241
10691.908264	-126.894264
10692.581177	-126.218079
10693.254089	-126.054268
10693.927002	-126.363213
10694.599915	-126.539803
10695.272827	-125.831490
10695.945740	-125.039284
10696.618652	-125.853401
10697.291565	-126.393341
10697.964478	-126.440025
10698.637390	-126.160706
10699.310303	-125.617020
10699.983215	-124.946884
10700.656128	-125.675583
10701.329041	-125.174599
10702.001953	-126.239517
10702.674866	-126.449165
10703.347778	-126.428238
10704.020691	-126.711815
10704.693604	-126.675156
10705.366516	-125.916061
10706.039429	-125.862083
10706.712341	-126.137970
10707.385254	-126.715607
10708.058167	-126.198288
10708.731079	-125.466949
10709.403992	-126.228172
10710.076904	-126.289696
10710.749817	-125.700851
10711.422729	-126.102425
10712.095642	-126.590958
10712.768555	-127.031715
10713.441467	-125.672318
10714.114380	-124.614586
10714.787292	-124.739639
10715.460205	-125.527649
10716.133118	-126.103973
10716.806030	-126.089417
10717.478943	-125.517708
10718.151855	-125.461716
10718.824768	-125.469170
10719.497681	-126.269791
10720.170593	-125.777061
10720.843506	-126.117043
10721.516418	-126.759766
10722.189331	-126.036041
10722.862244	-125.657631
10723.535156	-126.280388
10724.208069	-126.120949
10724.880981	-125.501434
10725.553894	-125.449379
10726.226807	-125.458801
10726.899719	-125.571190
10727.572632	-125.451004
10728.245544	-126.112930
10728.918457	-126.381058
10729.591370	-125.707878
10730.264282	-124.926010
10730.937195	-125.486565
10731.610107	-125.922234
10732.283020	-125.969307
10732.955933	-125.784248
10733.628845	-125.366707
10734.301758	-125.925804
10734.974670	-126.042458
10735.647583	-125.967590
10736.320496	-125.398949
10736.993408	-124.923531
10737.666321	-125.040886
10738.339233	-125.377686
10739.012146	-126.725571
10739.685059	-126.423180
10740.357971	-125.704109
10741.030884	-125.904411
10741.703796	-125.755493
10742.376709	-125.438698
10743.049622	-126.079292
10743.722534	-126.595886
10744.395447	-126.882347
10745.068359	-126.552086
10745.741272	-127.060249
10746.414185	-126.390091
10747.087097	-125.940979
10747.760010	-126.739319
10748.432922	-127.012115
10749.105835	-125.781731
10749.778748	-125.289413
10750.451660	-126.019341
10751.124573	-126.764801
10751.797485	-126.959061
10752.470398	-126.863602
10753.143311	-126.472549
10753.816223	-126.552925
10754.489136	-126.784958
10755.162048	-127.015472
10755.834961	-126.333694
10756.507874	-126.663971
10757.180786	-126.041519
10757.853699	-127.238754
10758.526611	-127.079666
10759.199524	-126.610916
10759.872437	-126.800980
10760.545349	-126.000107
10761.218262	-125.751320
10761.891174	-126.177048
10762.564087	-126.675110
10763.237000	-125.977295
10763.909912	-126.711212
10764.582825	-127.300507
10765.255737	-127.153374
10765.928650	-126.286484
10766.601562	-126.218666
10767.274475	-125.979378
10767.947388	-125.967171
10768.620300	-126.140732
10769.293213	-125.817574
10769.966125	-125.316147
10770.639038	-125.254936
10771.311951	-125.766991
10771.984863	-127.060745
10772.657776	-126.954269
10773.330688	-125.935333
10774.003601	-125.697479
10774.676514	-125.971985
10775.349426	-126.163185
10776.022339	-126.623161
10776.695251	-126.685448
10777.368164	-126.739899
10778.041077	-126.190674
10778.713989	-126.524101
10779.386902	-127.201164
10780.059814	-126.119286
10780.732727	-126.181549
10781.405640	-126.466125
10782.078552	-126.445053
10782.751465	-125.704453
10783.424377	-126.411331
10784.097290	-126.730347
10784.770203	-126.778969
10785.443115	-125.805435
10786.116028	-125.781349
10786.788940	-125.605141
10787.461853	-126.074181
10788.134766	-126.728432
10788.807678	-125.921860
10789.480591	-125.612038
10790.153503	-125.348915
10790.826416	-125.503677
10791.499329	-125.504723
10792.172241	-126.087486
10792.845154	-126.324448
10793.518066	-126.357529
10794.190979	-126.150681
10794.863892	-125.575302
10795.536804	-125.381653
10796.209717	-126.390121
10796.882629	-127.046295
10797.555542	-126.933395
10798.228455	-126.757881
10798.901367	-126.568230
10799.574280	-126.707169
10800.247192	-125.792381
10800.920105	-126.135231
10801.593018	-126.010925
10802.265930	-125.969444
10802.938843	-126.830223
10803.611755	-127.235023
10804.284668	-127.569138
10804.957581	-127.403015
10805.630493	-126.453934
10806.303406	-126.810944
10806.976318	-126.017868
10807.649231	-126.442604
10808.322144	-126.446526
10808.995056	-126.139313
10809.667969	-126.660454
10810.340881	-126.251022
10811.013794	-125.411018
10811.686707	-125.160912
10812.359619	-124.788521
10813.032532	-125.055618
10813.705444	-125.938385
10814.378357	-126.500114
10815.051270	-126.337044
10815.724182	-126.111305
10816.397095	-126.037018
10817.070007	-126.552551
10817.742920	-126.994759
10818.415833	-127.271820
10819.088745	-125.832588
10819.761658	-126.111519
10820.434570	-126.734856
10821.107483	-127.199966
10821.780396	-126.860863
10822.453308	-126.562729
10823.126221	-126.992760
10823.799133	-126.506088
10824.472046	-125.799698
10825.144958	-125.910904
10825.817871	-125.691132
10826.490784	-126.024200
10827.163696	-126.896477
10827.836609	-127.310333
10828.509521	-127.803154
10829.182434	-126.075409
10829.855347	-125.945023
10830.528259	-126.973824
10831.201172	-126.636765
10831.874084	-126.866112
10832.546997	-126.828789
10833.219910	-126.736763
10833.892822	-126.371300
10834.565735	-126.211960
10835.238647	-126.409660
10835.911560	-126.814255
10836.584473	-126.245049
10837.257385	-126.663254
10837.930298	-126.451492
10838.603210	-127.063545
10839.276123	-126.771065
10839.949036	-126.070518
10840.621948	-126.431122
10841.294861	-126.517090
10841.967773	-126.353203
10842.640686	-126.418015
10843.313599	-126.786835
10843.986511	-126.914055
10844.659424	-127.122086
10845.332336	-127.117973
10846.005249	-126.795372
10846.678162	-126.730820
10847.351074	-126.557243
10848.023987	-126.201874
10848.696899	-125.911552
10849.369812	-126.231194
10850.042725	-126.258347
10850.715637	-125.931351
10851.388550	-125.594681
10852.061462	-126.314842
10852.734375	-126.864113
10853.407288	-126.487579
10854.080200	-125.997978
10854.753113	-126.695007
10855.426025	-125.844315
10856.098938	-125.989807
10856.771851	-126.188118
10857.444763	-127.551918
10858.117676	-127.158531
10858.790588	-126.467430
10859.463501	-126.302055
10860.136414	-126.971390
10860.809326	-126.116409
10861.482239	-125.924515
10862.155151	-127.445465
10862.828064	-127.382538
10863.500977	-127.192207
10864.173889	-127.373688
10864.846802	-127.269753
10865.519714	-127.638512
10866.192627	-126.973717
10866.865540	-127.839775
10867.538452	-127.095192
10868.211365	-126.949226
10868.884277	-127.096458
10869.557190	-126.452499
10870.230103	-125.914581
10870.903015	-125.836342
10871.575928	-126.896278
10872.248840	-126.607010
10872.921753	-126.687546
10873.594666	-126.306030
10874.267578	-126.419731
10874.940491	-126.724930
10875.613403	-127.058746
10876.286316	-127.670525
10876.959229	-127.249016
10877.632141	-126.840858
10878.305054	-126.191185
10878.977966	-126.186142
10879.650879	-126.901878
10880.323792	-127.891220
10880.996704	-127.517517
10881.669617	-126.506744
10882.342529	-126.420761
10883.015442	-126.555962
10883.688354	-127.111267
10884.361267	-127.525352
10885.034180	-127.304314
10885.707092	-126.857239
10886.380005	-127.491692
10887.052917	-126.736557
10887.725830	-126.715332
10888.398743	-127.214546
10889.071655	-127.084808
10889.744568	-127.066933
10890.417480	-127.490425
10891.090393	-127.340469
10891.763306	-126.994125
10892.436218	-126.597725
10893.109131	-127.046944
10893.782043	-127.654289
10894.454956	-126.410683
10895.127869	-126.302933
10895.800781	-126.315582
10896.473694	-126.643082
10897.146606	-127.453491
10897.819519	-127.246468
10898.492432	-127.315498
10899.165344	-126.703339
10899.838257	-126.442085
10900.511169	-126.918503
10901.184082	-127.191879
10901.856995	-126.673485
10902.529907	-127.054817
10903.202820	-126.495438
10903.875732	-126.699295
10904.548645	-126.840668
10905.221558	-126.840363
10905.894470	-126.758255
10906.567383	-126.467789
10907.240295	-126.846153
10907.913208	-127.044792
10908.586121	-126.991615
10909.259033	-127.335831
10909.931946	-127.112083
10910.604858	-126.751564
10911.277771	-126.776474
10911.950684	-126.611847
10912.623596	-127.048790
10913.296509	-126.965218
10913.969421	-127.049110
10914.642334	-127.155197
10915.315247	-127.083084
10915.988159	-127.053604
10916.661072	-127.107460
10917.333984	-127.378441
10918.006897	-127.361099
10918.679810	-127.157532
10919.352722	-126.689713
10920.025635	-126.355728
10920.698547	-126.144745
10921.371460	-126.195946
10922.044373	-126.591492
10922.717285	-127.004196
10923.390198	-126.452446
10924.063110	-127.205109
10924.736023	-127.770157
10925.408936	-127.377823
10926.081848	-127.203011
10926.754761	-127.185310
10927.427673	-126.645699
10928.100586	-127.239349
10928.773499	-127.052216
10929.446411	-126.412956
10930.119324	-126.461075
10930.792236	-127.047630
10931.465149	-126.035431
10932.138062	-126.372017
10932.810974	-126.664299
10933.483887	-126.780693
10934.156799	-126.684219
10934.829712	-126.164429
10935.502625	-126.773964
10936.175537	-127.102509
10936.848450	-127.963585
10937.521362	-127.543205
10938.194275	-127.283112
10938.867188	-127.006943
10939.540100	-126.478912
10940.213013	-126.428413
10940.885925	-126.729897
10941.558838	-126.425224
10942.231750	-126.914993
10942.904663	-127.407776
10943.577576	-128.243561
10944.250488	-127.957260
10944.923401	-127.692482
10945.596313	-127.030930
10946.269226	-127.714569
10946.942139	-128.235382
10947.615051	-126.839554
10948.287964	-126.305832
10948.960876	-125.722260
10949.633789	-126.656036
10950.306702	-126.994431
10950.979614	-126.827560
10951.652527	-127.033081
10952.325439	-126.361694
10952.998352	-126.792091
10953.671265	-127.496307
10954.344177	-127.623405
10955.017090	-127.835381
10955.690002	-127.050056
10956.362915	-126.592926
10957.035828	-126.229424
10957.708740	-126.661102
10958.381653	-126.475128
10959.054565	-127.223251
10959.727478	-127.348610
10960.400391	-127.959770
10961.073303	-128.150589
10961.746216	-126.906601
10962.419128	-127.293602
10963.092041	-127.453728
10963.764954	-127.935638
10964.437866	-127.763504
10965.110779	-126.868233
10965.783691	-126.606255
10966.456604	-127.691299
10967.129517	-127.226936
10967.802429	-126.991798
10968.475342	-126.774666
10969.148254	-125.741493
10969.821167	-125.971184
10970.494080	-126.752296
10971.166992	-127.401169
10971.839905	-127.686516
10972.512817	-127.904243
10973.185730	-127.117516
10973.858643	-126.535362
10974.531555	-127.624161
10975.204468	-127.876884
10975.877380	-128.015213
10976.550293	-128.557938
10977.223206	-128.082901
10977.896118	-127.006439
10978.569031	-127.118011
10979.241943	-126.699646
10979.914856	-126.452644
10980.587769	-126.714951
10981.260681	-127.606918
10981.933594	-126.812637
10982.606506	-126.240372
10983.279419	-127.004784
10983.952332	-126.906296
10984.625244	-126.890640
10985.298157	-127.482239
10985.971069	-127.202232
10986.643982	-127.331314
10987.316895	-127.894318
10987.989807	-128.111069
10988.662720	-127.418655
10989.335632	-126.832504
10990.008545	-126.518951
10990.681458	-127.436028
10991.354370	-126.914841
10992.027283	-126.778625
10992.700195	-127.155807
10993.373108	-127.088615
10994.046021	-127.099609
10994.718933	-126.904488
10995.391846	-126.947304
10996.064758	-126.657166
10996.737671	-126.445488
10997.410583	-126.160667
10998.083496	-126.902313
10998.756409	-127.749611
10999.429321	-127.116341
11000.102234	-126.812256
11000.775146	-127.211685
11001.448059	-126.208511
11002.120972	-126.623405
11002.793884	-127.197029
11003.466797	-127.111809
11004.139709	-127.612106
11004.812622	-126.733505
11005.485535	-127.036308
11006.158447	-127.332855
11006.831360	-127.056450
11007.504272	-126.941307
11008.177185	-127.227898
11008.850098	-127.240440
11009.523010	-127.146057
11010.195923	-126.795975
11010.868835	-126.253510
11011.541748	-126.807785
11012.214661	-127.237968
11012.887573	-128.270950
11013.560486	-127.595657
11014.233398	-127.106079
11014.906311	-126.777931
11015.579224	-126.783684
11016.252136	-127.275887
11016.925049	-126.771111
11017.597961	-126.633202
11018.270874	-126.844643
11018.943787	-127.593513
11019.616699	-126.546043
11020.289612	-126.535858
11020.962524	-126.525650
11021.635437	-126.524223
11022.308350	-126.367592
11022.981262	-126.622238
11023.654175	-126.763893
11024.327087	-127.665497
