Frequency (Hz)	Level (dB)
0.672913	-95.247498
1.345825	-119.053955
2.018738	-118.596886
2.691650	-118.501015
3.364563	-116.766319
4.037476	-111.773605
4.710388	-112.167969
5.383301	-113.239487
6.056213	-113.697182
6.729126	-112.035301
7.402039	-109.696663
8.074951	-109.151138
8.747864	-108.063393
9.420776	-104.375847
10.093689	-101.494164
10.766602	-102.734886
11.439514	-98.315834
12.112427	-97.018402
12.785339	-98.193497
13.458252	-96.233009
14.131165	-93.576790
14.804077	-86.539474
15.476990	-83.316353
16.149902	-85.612312
16.822815	-89.883659
17.495728	-92.499451
18.168640	-95.860916
18.841553	-96.150810
19.514465	-96.583740
20.187378	-96.844856
20.860291	-98.645279
21.533203	-98.663490
22.206116	-98.886292
22.879028	-99.289520
23.551941	-97.046677
24.224854	-95.551300
24.897766	-95.430519
25.570679	-96.582741
26.243591	-91.994766
26.916504	-90.288857
27.589417	-92.325874
28.262329	-96.536232
28.935242	-97.270950
29.608154	-97.500969
30.281067	-98.215492
30.953979	-97.587769
31.626892	-97.398651
32.299805	-97.184898
32.972717	-98.636215
33.645630	-98.871910
34.318542	-98.296059
34.991455	-97.675301
35.664368	-97.231155
36.337280	-96.837639
37.010193	-96.754517
37.683105	-96.784660
38.356018	-95.877403
39.028931	-93.406425
39.701843	-90.971161
40.374756	-89.927498
41.047668	-89.880577
41.720581	-90.009201
42.393494	-88.894562
43.066406	-87.342323
43.739319	-86.169693
44.412231	-84.426254
45.085144	-81.501503
45.758057	-77.814377
46.430969	-73.401268
47.103882	-68.801529
47.776794	-65.127434
48.449707	-64.918015
49.122620	-67.393990
49.795532	-68.695984
50.468445	-69.897354
51.141357	-71.127296
51.814270	-73.201523
52.487183	-75.709160
53.160095	-78.846222
53.833008	-82.273766
54.505920	-85.226456
55.178833	-87.248833
55.851746	-88.720848
56.524658	-88.766319
57.197571	-88.710739
57.870483	-87.169777
58.543396	-85.439262
59.216309	-85.351524
59.889221	-85.985657
60.562134	-85.923218
61.235046	-84.839584
61.907959	-82.570618
62.580872	-75.739120
63.253784	-70.778107
63.926697	-69.709007
64.599609	-71.429749
65.272522	-73.220367
65.945435	-76.017731
66.618347	-79.812180
67.291260	-81.212570
67.964172	-82.976379
68.637085	-83.692047
69.309998	-83.933823
69.982910	-84.988678
70.655823	-86.613815
71.328735	-87.722900
72.001648	-89.716621
72.674561	-92.258987
73.347473	-94.715294
74.020386	-96.093826
74.693298	-93.975311
75.366211	-89.838501
76.039124	-85.873177
76.712036	-84.143890
77.384949	-84.215294
78.057861	-84.387589
78.730774	-81.976410
79.403687	-79.364021
80.076599	-78.785522
80.749512	-79.371292
81.422424	-80.900192
82.095337	-82.760429
82.768250	-84.235504
83.441162	-86.248703
84.114075	-89.237991
84.786987	-91.795891
85.459900	-93.836945
86.132812	-95.002785
86.805725	-95.228447
87.478638	-93.589378
88.151550	-93.271835
88.824463	-92.474831
89.497375	-90.510574
90.170288	-88.537468
90.843201	-88.847054
91.516113	-88.574333
92.189026	-88.640312
92.861938	-89.517334
93.534851	-89.817245
94.207764	-88.396713
94.880676	-88.344978
95.553589	-89.460777
96.226501	-89.147331
96.899414	-88.531471
97.572327	-89.174339
98.245239	-91.346573
98.918152	-92.500999
99.591064	-93.291443
100.263977	-94.912392
100.936890	-96.087425
101.609802	-98.248680
102.282715	-100.802216
102.955627	-100.638062
103.628540	-100.426437
104.301453	-100.064110
104.974365	-100.362144
105.647278	-101.318024
106.320190	-100.761337
106.993103	-99.432556
107.666016	-98.633659
108.338928	-98.300499
109.011841	-98.789925
109.684753	-98.459969
110.357666	-96.709732
111.030579	-95.558037
111.703491	-94.853409
112.376404	-94.759972
113.049316	-93.917343
113.722229	-92.843163
114.395142	-91.533424
115.068054	-90.167931
115.740967	-90.047394
116.413879	-92.224586
117.086792	-96.261215
117.759705	-101.164268
118.432617	-102.163498
119.105530	-100.379868
119.778442	-100.430321
120.451355	-102.368446
121.124268	-101.967857
121.797180	-99.513474
122.470093	-99.287720
123.143005	-99.193954
123.815918	-98.654762
124.488831	-99.593117
125.161743	-101.312111
125.834656	-101.625366
126.507568	-101.548470
127.180481	-100.114212
127.853394	-100.069809
128.526306	-99.174545
129.199219	-96.887970
129.872131	-95.641937
130.545044	-96.234680
131.217957	-97.742027
131.890869	-98.888901
132.563782	-100.910721
133.236694	-101.778313
133.909607	-100.819931
134.582520	-99.466873
135.255432	-99.470360
135.928345	-99.139526
136.601257	-98.302025
137.274170	-98.261116
137.947083	-98.205070
138.619995	-97.495621
139.292908	-97.100060
139.965820	-97.401993
140.638733	-98.135071
141.311646	-98.839676
141.984558	-99.809128
142.657471	-99.925041
143.330383	-98.622017
144.003296	-97.544983
144.676208	-97.139786
145.349121	-97.775566
146.022034	-97.425133
146.694946	-97.325493
147.367859	-98.184166
148.040771	-99.534180
148.713684	-98.943573
149.386597	-98.547348
150.059509	-97.032440
150.732422	-96.931381
151.405334	-97.957886
152.078247	-97.918137
152.751160	-98.602180
153.424072	-98.614799
154.096985	-97.005424
154.769897	-95.734123
155.442810	-94.815277
156.115723	-92.387566
156.788635	-90.225418
157.461548	-90.147598
158.134460	-90.924866
158.807373	-91.301064
159.480286	-90.905525
160.153198	-91.481300
160.826111	-92.189827
161.499023	-92.081902
162.171936	-92.651123
162.844849	-94.028061
163.517761	-93.172943
164.190674	-92.130554
164.863586	-93.045410
165.536499	-96.768135
166.209412	-100.084442
166.882324	-96.611191
167.555237	-94.971733
168.228149	-95.094650
168.901062	-95.901978
169.573975	-95.130363
170.246887	-93.156052
170.919800	-91.141960
171.592712	-91.285271
172.265625	-93.450157
172.938538	-93.911415
173.611450	-91.538170
174.284363	-89.436813
174.957275	-89.662964
175.630188	-91.625847
176.303101	-90.082680
176.976013	-88.616264
177.648926	-89.519135
178.321838	-90.880577
178.994751	-90.975174
179.667664	-92.974319
180.340576	-97.378334
181.013489	-96.190163
181.686401	-93.913597
182.359314	-94.364609
183.032227	-97.272026
183.705139	-99.356804
184.378052	-99.860847
185.050964	-99.489639
185.723877	-99.060318
186.396790	-98.834885
187.069702	-99.873146
187.742615	-100.948975
188.415527	-100.375771
189.088440	-100.256538
189.761353	-100.567894
190.434265	-100.165955
191.107178	-98.129471
191.780090	-96.474152
192.453003	-95.748741
193.125916	-95.402237
193.798828	-95.693062
194.471741	-96.903748
195.144653	-96.181343
195.817566	-95.573586
196.490479	-94.465912
197.163391	-93.500359
197.836304	-92.415802
198.509216	-91.220924
199.182129	-90.585327
199.855042	-91.298569
200.527954	-93.862488
201.200867	-95.320946
201.873779	-93.247833
202.546692	-90.325157
203.219604	-89.224953
203.892517	-89.588203
204.565430	-90.908096
205.238342	-91.960129
205.911255	-92.403671
206.584167	-94.583931
207.257080	-98.579430
207.929993	-97.509071
208.602905	-91.737206
209.275818	-88.524574
209.948730	-87.593681
210.621643	-88.296463
211.294556	-89.606819
211.967468	-91.123222
212.640381	-93.312645
213.313293	-97.774887
213.986206	-99.427139
214.659119	-93.379524
215.332031	-89.581810
216.004944	-85.640327
216.677856	-83.166862
217.350769	-82.693558
218.023682	-83.186867
218.696594	-82.984474
219.369507	-82.586395
220.042419	-83.173714
220.715332	-84.752258
221.388245	-87.171616
222.061157	-90.788437
222.734070	-94.776299
223.406982	-94.288795
224.079895	-92.646774
224.752808	-92.500687
225.425720	-93.148865
226.098633	-92.764244
226.771545	-91.528633
227.444458	-91.209084
228.117371	-92.288689
228.790283	-94.324745
229.463196	-96.819733
230.136108	-97.890091
230.809021	-96.322662
231.481934	-95.717659
232.154846	-97.290146
232.827759	-98.854362
233.500671	-99.343758
234.173584	-100.209656
234.846497	-102.050156
235.519409	-103.915916
236.192322	-103.378906
236.865234	-101.749992
237.538147	-100.037315
238.211060	-98.672523
238.883972	-98.866554
239.556885	-99.303978
240.229797	-97.002769
240.902710	-94.644287
241.575623	-95.578461
242.248535	-99.688271
242.921448	-101.522438
243.594360	-99.522240
244.267273	-99.950218
244.940186	-102.233337
245.613098	-103.077515
246.286011	-103.624161
246.958923	-103.347160
247.631836	-102.639740
248.304749	-102.541977
248.977661	-102.181511
249.650574	-103.867111
250.323486	-103.363327
250.996399	-101.366249
251.669312	-99.602554
252.342224	-101.512711
253.015137	-103.043144
253.688049	-100.962875
254.360962	-100.887566
255.033875	-102.283455
255.706787	-101.437126
256.379700	-101.101700
257.052612	-100.128601
257.725525	-97.177605
258.398438	-95.429756
259.071350	-94.936714
259.744263	-95.631401
260.417175	-96.787102
261.090088	-96.802422
261.763000	-96.746658
262.435913	-97.948242
263.108826	-98.366318
263.781738	-98.167664
264.454651	-99.662376
265.127563	-100.484474
265.800476	-98.335106
266.473389	-96.660095
267.146301	-96.880447
267.819214	-98.623978
268.492126	-100.015091
269.165039	-101.097008
269.837952	-102.211540
270.510864	-103.488312
271.183777	-103.559090
271.856689	-103.834969
272.529602	-104.624298
273.202515	-105.682144
273.875427	-105.004211
274.548340	-101.797600
275.221252	-97.872414
275.894165	-94.752037
276.567078	-93.131432
277.239990	-92.342232
277.912903	-91.775787
278.585815	-89.965408
279.258728	-88.224945
279.931641	-88.119041
280.604553	-89.569290
281.277466	-92.517921
281.950378	-96.667328
282.623291	-98.930267
283.296204	-97.155487
283.969116	-96.339684
284.642029	-97.200783
285.314941	-99.399490
285.987854	-99.208786
286.660767	-97.443848
287.333679	-97.121994
288.006592	-98.584724
288.679504	-98.358055
289.352417	-97.250389
290.025330	-97.714119
290.698242	-99.703133
291.371155	-102.250481
292.044067	-104.027061
292.716980	-102.810791
293.389893	-101.802475
294.062805	-100.828552
294.735718	-99.838158
295.408630	-98.673363
296.081543	-98.881454
296.754456	-99.559120
297.427368	-99.722137
298.100281	-100.688438
298.773193	-102.477417
299.446106	-102.585037
300.119019	-102.184364
300.791931	-102.976845
301.464844	-104.501503
302.137756	-106.237480
302.810669	-103.777885
303.483582	-99.599350
304.156494	-97.315956
304.829407	-96.858841
305.502319	-96.699585
306.175232	-94.957954
306.848145	-93.250687
307.521057	-92.205482
308.193970	-91.756264
308.866882	-92.584717
309.539795	-95.263290
310.212708	-96.761040
310.885620	-93.012520
311.558533	-90.875458
312.231445	-90.847282
312.904358	-91.498840
313.577271	-90.927017
314.250183	-89.921402
314.923096	-89.627754
315.596008	-89.016495
316.268921	-87.823364
316.941833	-86.920753
317.614746	-86.007111
318.287659	-85.227821
318.960571	-85.364052
319.633484	-86.121056
320.306396	-86.045433
320.979309	-85.815910
321.652222	-87.247284
322.325134	-90.964470
322.998047	-96.779404
323.670959	-99.498627
324.343872	-99.085152
325.016785	-99.326622
325.689697	-99.685715
326.362610	-97.512047
327.035522	-93.500824
327.708435	-89.421509
328.381348	-86.594620
329.054260	-85.648560
329.727173	-86.559273
330.400085	-87.980461
331.072998	-88.201424
331.745911	-88.010330
332.418823	-88.000221
333.091736	-88.401024
333.764648	-90.100281
334.437561	-93.151733
335.110474	-95.397247
335.783386	-96.297913
336.456299	-99.186295
337.129211	-100.523117
337.802124	-97.391518
338.475037	-95.803268
339.147949	-95.735031
339.820862	-95.803947
340.493774	-96.411034
341.166687	-98.616310
341.839600	-100.550369
342.512512	-100.161865
343.185425	-100.078522
343.858337	-102.463531
344.531250	-105.585297
345.204163	-102.163147
345.877075	-98.100273
346.549988	-96.111404
347.222900	-94.842857
347.895813	-93.379402
348.568726	-92.087212
349.241638	-91.513580
349.914551	-91.541954
350.587463	-91.913437
351.260376	-93.130775
351.933289	-95.814445
352.606201	-97.459511
353.279114	-96.027657
353.952026	-94.480591
354.624939	-93.393433
355.297852	-92.140976
355.970764	-91.180977
356.643677	-91.526611
357.316589	-92.629196
357.989502	-93.510582
358.662415	-95.324341
359.335327	-98.703133
360.008240	-101.356033
360.681152	-101.979012
361.354065	-103.607643
362.026978	-106.189362
362.699890	-106.857567
363.372803	-104.724953
364.045715	-104.980629
364.718628	-105.461044
365.391541	-105.398155
366.064453	-104.150734
366.737366	-101.837395
367.410278	-100.912811
368.083191	-101.459702
368.756104	-101.470741
369.429016	-101.436188
370.101929	-99.732986
370.774841	-98.415817
371.447754	-98.161125
372.120667	-97.051483
372.793579	-95.054863
373.466492	-93.758362
374.139404	-92.996727
374.812317	-92.248825
375.485229	-91.928886
376.158142	-92.090263
376.831055	-92.280251
377.503967	-92.898407
378.176880	-94.434135
378.849792	-93.855721
379.522705	-90.516876
380.195618	-88.010399
380.868530	-86.793129
381.541443	-86.133156
382.214355	-85.893272
382.887268	-86.569572
383.560181	-88.117279
384.233093	-88.994370
384.906006	-88.138664
385.578918	-87.119461
386.251831	-87.162048
386.924744	-87.951530
387.597656	-88.363747
388.270569	-87.791924
388.943481	-87.031219
389.616394	-87.428261
390.289307	-89.566200
390.962219	-91.632187
391.635132	-89.811829
392.308044	-88.217476
392.980957	-88.813995
393.653870	-90.979393
394.326782	-93.598289
394.999695	-96.987106
395.672607	-103.671967
396.345520	-109.008247
397.018433	-102.109985
397.691345	-99.583969
398.364258	-99.094139
399.037170	-98.816971
399.710083	-99.222466
400.382996	-100.974846
401.055908	-102.334930
401.728821	-101.688477
402.401733	-102.186317
403.074646	-105.899017
403.747559	-108.192337
404.420471	-104.941765
405.093384	-104.706787
405.766296	-103.454842
406.439209	-100.027092
407.112122	-98.061836
407.785034	-97.717773
408.457947	-98.770462
409.130859	-100.952454
409.803772	-104.132362
410.476685	-105.188370
411.149597	-104.773376
411.822510	-104.537811
412.495422	-105.026482
413.168335	-103.700073
413.841248	-103.767029
414.514160	-107.063347
415.187073	-109.283112
415.859985	-105.095062
416.532898	-104.400764
417.205811	-104.006271
417.878723	-101.261749
418.551636	-98.217117
419.224548	-95.448410
419.897461	-93.227119
420.570374	-92.334755
421.243286	-93.698174
421.916199	-95.018463
422.589111	-90.768402
423.262024	-87.394737
423.934937	-86.449028
424.607849	-86.605995
425.280762	-85.575943
425.953674	-84.001503
426.626587	-83.644516
427.299500	-84.641403
427.972412	-86.462807
428.645325	-87.632011
429.318237	-85.631660
429.991150	-82.907768
430.664062	-82.045036
431.336975	-83.396927
432.009888	-85.492683
432.682800	-85.279495
433.355713	-84.922409
434.028625	-86.259705
434.701538	-88.762238
435.374451	-91.268280
436.047363	-93.513428
436.720276	-96.373917
437.393188	-99.690994
438.066101	-99.853096
438.739014	-98.241150
439.411926	-97.306900
440.084839	-95.450706
440.757751	-93.813980
441.430664	-93.077774
442.103577	-92.265297
442.776489	-90.759285
443.449402	-89.237190
444.122314	-88.599854
444.795227	-89.023483
445.468140	-90.164970
446.141052	-91.674713
446.813965	-93.189171
447.486877	-94.024750
448.159790	-95.533691
448.832703	-100.495346
449.505615	-97.722542
450.178528	-91.920998
450.851440	-90.014069
451.524353	-90.414597
452.197266	-91.937851
452.870178	-93.323059
453.543091	-93.555717
454.216003	-93.224785
454.888916	-93.259415
455.561829	-95.214233
456.234741	-100.738960
456.907654	-99.061455
457.580566	-94.653687
458.253479	-94.206764
458.926392	-96.642143
459.599304	-98.580849
460.272217	-97.114044
460.945129	-95.767845
461.618042	-95.162216
462.290955	-95.241692
462.963867	-96.782158
463.636780	-100.097618
464.309692	-103.275467
464.982605	-103.089371
465.655518	-104.161873
466.328430	-107.255882
467.001343	-106.085770
467.674255	-104.115349
468.347168	-104.677917
469.020081	-105.880966
469.692993	-105.337662
470.365906	-105.424736
471.038818	-106.497910
471.711731	-106.365349
472.384644	-106.599098
473.057556	-108.015518
473.730469	-108.843758
474.403381	-108.443138
475.076294	-110.106949
475.749207	-110.621857
476.422119	-108.321938
477.095032	-108.432968
477.767944	-109.922523
478.440857	-107.007301
479.113770	-104.473022
479.786682	-103.429504
480.459595	-103.743256
481.132507	-105.462700
481.805420	-107.724007
482.478333	-106.654488
483.151245	-102.545708
483.824158	-101.362602
484.497070	-102.012856
485.169983	-100.190437
485.842896	-97.345055
486.515808	-96.360748
487.188721	-96.873535
487.861633	-97.635399
488.534546	-98.536957
489.207458	-99.779594
489.880371	-100.704979
490.553284	-101.858696
491.226196	-104.472740
491.899109	-105.263077
492.572021	-100.954735
493.244934	-98.496880
493.917847	-98.406197
494.590759	-99.161125
495.263672	-99.831284
495.936584	-100.730827
496.609497	-101.166611
497.282410	-101.491684
497.955322	-102.740669
498.628235	-104.020485
499.301147	-101.689003
499.974060	-98.920929
500.646973	-98.676620
501.319885	-99.985283
501.992798	-100.976074
502.665710	-99.728424
503.338623	-98.441353
504.011536	-97.733345
504.684448	-97.241447
505.357361	-97.232964
506.030273	-97.809975
506.703186	-98.646111
507.376099	-99.779175
508.049011	-101.642662
508.721924	-103.778854
509.394836	-104.097321
510.067749	-103.214920
510.740662	-103.588684
511.413574	-102.944267
512.086487	-101.150894
512.759399	-100.821373
513.432312	-102.235313
514.105225	-105.304482
514.778137	-106.796471
515.451050	-107.070099
516.123962	-109.374985
516.796875	-114.035233
517.469788	-107.207260
518.142700	-103.606216
518.815613	-102.759201
519.488525	-98.740891
520.161438	-93.136253
520.834351	-89.344582
521.507263	-87.325241
522.180176	-86.649376
522.853088	-86.965736
523.526001	-87.881172
524.198914	-88.554657
524.871826	-88.382195
525.544739	-88.598152
526.217651	-88.911324
526.890564	-86.603310
527.563477	-84.272362
528.236389	-83.873390
528.909302	-84.945053
529.582214	-85.006569
530.255127	-83.081230
530.928040	-81.468895
531.600952	-80.686081
532.273865	-80.631195
532.946777	-81.554474
533.619690	-83.342842
534.292603	-84.831017
534.965515	-85.976639
535.638428	-88.634644
536.311340	-92.520294
536.984253	-90.215530
537.657166	-87.653687
538.330078	-87.850243
539.002991	-90.004112
539.675903	-91.510551
540.348816	-90.998756
541.021729	-90.820190
541.694641	-91.224541
542.367554	-92.495819
543.040466	-96.312019
543.713379	-102.604271
544.386292	-102.031937
545.059204	-104.902290
545.732117	-102.680176
546.405029	-98.778809
547.077942	-98.974396
547.750854	-98.042557
548.423767	-94.041321
549.096680	-92.028130
549.769592	-92.289803
550.442505	-93.796906
551.115417	-95.783562
551.788330	-99.085930
552.461243	-99.741150
553.134155	-95.127197
553.807068	-92.764641
554.479980	-91.729980
555.152893	-90.323296
555.825806	-89.243378
556.498718	-89.270645
557.171631	-89.897560
557.844543	-90.118759
558.517456	-89.808983
559.190369	-89.560471
559.863281	-89.941986
560.536194	-91.378502
561.209106	-93.472992
561.882019	-92.753899
562.554932	-90.154785
563.227844	-88.318748
563.900757	-87.195091
564.573669	-86.549149
565.246582	-86.447952
565.919495	-86.988174
566.592407	-88.150864
567.265320	-89.814232
567.938232	-91.918968
568.611145	-93.955124
569.284058	-94.678741
569.956970	-94.318718
570.629883	-94.196365
571.302795	-93.841812
571.975708	-92.127869
572.648621	-90.365532
573.321533	-89.590714
573.994446	-89.520470
574.667358	-89.752518
575.340271	-90.385643
576.013184	-91.628410
576.686096	-93.457191
577.359009	-95.819832
578.031921	-99.552544
578.704834	-104.126862
579.377747	-100.494476
580.050659	-97.068253
580.723572	-96.038544
581.396484	-96.218964
582.069397	-96.870674
582.742310	-97.777786
583.415222	-98.362366
584.088135	-98.388252
584.761047	-98.731369
585.433960	-100.242340
586.106873	-103.190865
586.779785	-105.939011
587.452698	-106.392212
588.125610	-106.080772
588.798523	-105.461609
589.471436	-104.556168
590.144348	-103.564499
590.817261	-103.358559
591.490173	-104.274323
592.163086	-106.053261
592.835999	-107.827728
593.508911	-109.689255
594.181824	-110.507034
594.854736	-111.590530
595.527649	-113.993713
596.200562	-112.047180
596.873474	-110.822449
597.546387	-111.146378
598.219299	-109.542198
598.892212	-106.978676
599.565125	-106.035355
600.238037	-104.797127
600.910950	-102.949745
601.583862	-101.931152
602.256775	-101.776192
602.929688	-102.178955
603.602600	-102.735977
604.275513	-103.211662
604.948425	-103.702400
605.621338	-104.388260
606.294250	-105.485977
606.967163	-106.229424
607.640076	-105.457306
608.312988	-104.857857
608.985901	-105.838203
609.658813	-108.882027
610.331726	-112.219536
611.004639	-110.500565
611.677551	-104.262207
612.350464	-101.057770
613.023376	-100.174034
613.696289	-99.841225
614.369202	-98.523766
615.042114	-96.579071
615.715027	-95.285797
616.387939	-94.779976
617.060852	-94.455574
617.733765	-94.384499
618.406677	-95.249237
619.079590	-97.212891
619.752502	-99.679848
620.425415	-102.534286
621.098328	-108.858948
621.771240	-107.919380
622.444153	-101.577293
623.117065	-99.720161
623.789978	-100.028297
624.462891	-99.777626
625.135803	-98.184830
625.808716	-96.409904
626.481628	-95.078804
627.154541	-94.460358
627.827454	-94.112000
628.500366	-93.571587
629.173279	-93.329613
629.846191	-94.364128
630.519104	-97.680946
631.192017	-102.221970
631.864929	-100.652756
632.537842	-97.236710
633.210754	-94.831306
633.883667	-93.615234
634.556580	-93.494415
635.229492	-93.970551
635.902405	-94.498047
636.575317	-95.476074
637.248230	-97.852951
637.921143	-102.668678
638.594055	-110.923790
639.266968	-109.912071
639.939880	-108.288857
640.612793	-107.125351
641.285706	-101.718758
641.958618	-98.657440
642.631531	-97.496262
643.304443	-97.563408
643.977356	-98.772911
644.650269	-101.923027
645.323181	-108.673927
645.996094	-108.465141
646.669006	-105.065697
647.341919	-106.587784
648.014832	-108.209534
648.687744	-102.946579
649.360657	-99.342201
650.033569	-97.937721
650.706482	-97.905243
651.379395	-98.186432
652.052307	-98.965775
652.725220	-100.590561
653.398132	-103.228973
654.071045	-106.651070
654.743958	-107.518951
655.416870	-108.569313
656.089783	-110.740860
656.762695	-110.110176
657.435608	-111.448273
658.108521	-108.748032
658.781433	-102.643776
659.454346	-99.164886
660.127258	-97.067558
660.800171	-95.329971
661.473083	-94.150986
662.145996	-94.147133
662.818909	-95.274261
663.491821	-96.457031
664.164734	-97.476860
664.837646	-100.059090
665.510559	-103.327934
666.183472	-101.420654
666.856384	-100.429184
667.529297	-102.263260
668.202209	-105.226334
668.875122	-103.902092
669.548035	-101.796638
670.220947	-100.575615
670.893860	-99.478172
671.566772	-98.632957
672.239685	-98.447624
672.912598	-98.949455
673.585510	-100.189598
674.258423	-102.999977
674.931335	-110.412964
675.604248	-109.014595
676.277161	-103.207260
676.950073	-101.663132
677.622986	-101.073593
678.295898	-99.794586
678.968811	-99.241539
679.641724	-100.283813
680.314636	-102.275314
680.987549	-104.292145
681.660461	-108.452553
682.333374	-113.197876
683.006287	-105.391083
683.679199	-102.691963
684.352112	-103.888382
685.025024	-106.724968
685.697937	-105.868851
686.370850	-104.896095
687.043762	-105.881798
687.716675	-105.289688
688.389587	-103.387009
689.062500	-101.521637
689.735413	-100.386444
690.408325	-100.437996
691.081238	-101.783951
691.754150	-103.567787
692.427063	-101.711555
693.099976	-98.324112
693.772888	-96.293877
694.445801	-95.155594
695.118713	-94.969406
695.791626	-95.895470
696.464539	-97.256348
697.137451	-98.142265
697.810364	-99.075478
698.483276	-101.807991
699.156189	-107.763496
699.829102	-112.636940
700.502014	-111.222237
701.174927	-113.022034
701.847839	-112.913498
702.520752	-109.924240
703.193665	-106.515015
703.866577	-103.831779
704.539490	-102.771843
705.212402	-103.213913
705.885315	-104.000565
706.558228	-104.403824
707.231140	-106.093246
707.904053	-110.546738
708.576965	-112.502937
709.249878	-108.731293
709.922791	-108.877769
710.595703	-112.587730
711.268616	-115.452148
711.941528	-114.177231
712.614441	-110.854652
713.287354	-107.828629
713.960266	-105.210823
714.633179	-103.202850
715.306091	-102.251312
715.979004	-102.743881
716.651917	-105.491547
717.324829	-109.656479
717.997742	-108.044388
718.670654	-103.764374
719.343567	-100.443977
720.016479	-98.790512
720.689392	-98.688957
721.362305	-99.433998
722.035217	-100.381767
722.708130	-100.644440
723.381042	-100.952354
724.053955	-102.742172
724.726868	-106.605240
725.399780	-109.290565
726.072693	-107.852272
726.745605	-108.904930
727.418518	-114.036407
728.091431	-109.996719
728.764343	-104.399696
729.437256	-101.878235
730.110168	-100.539291
730.783081	-100.152245
731.455994	-100.938141
732.128906	-102.358185
732.801819	-103.729897
733.474731	-105.264160
734.147644	-107.374695
734.820557	-109.386147
735.493469	-107.622505
736.166382	-104.171661
736.839294	-101.603546
737.512207	-100.289009
738.185120	-100.957512
738.858032	-102.947113
739.530945	-105.711975
740.203857	-108.603889
740.876770	-109.408531
741.549683	-111.253990
742.222595	-111.906189
742.895508	-110.191521
743.568420	-108.884140
744.241333	-111.481026
744.914246	-115.443367
745.587158	-109.761711
746.260071	-107.269875
746.932983	-106.403168
747.605896	-106.711617
748.278809	-107.456070
748.951721	-107.546165
749.624634	-106.512634
750.297546	-106.159012
750.970459	-107.388939
751.643372	-111.180992
752.316284	-114.471687
752.989197	-109.630135
753.662109	-105.696785
754.335022	-103.025986
755.007935	-102.127914
755.680847	-103.387856
756.353760	-104.965858
757.026672	-103.471710
757.699585	-101.692307
758.372498	-100.958633
759.045410	-101.410072
759.718323	-103.971283
760.391235	-109.341469
761.064148	-109.194054
761.737061	-106.541573
762.409973	-107.446808
763.082886	-113.003487
763.755798	-110.351921
764.428711	-104.671844
765.101624	-102.894775
765.774536	-104.044609
766.447449	-107.631508
767.120361	-113.893112
767.793274	-115.238289
768.466187	-112.396202
769.139099	-111.327225
769.812012	-112.395096
770.484924	-114.528961
771.157837	-112.576515
771.830750	-110.738708
772.503662	-109.255333
773.176575	-108.138519
773.849487	-107.410324
774.522400	-106.853371
775.195312	-106.971519
775.868225	-106.734085
776.541138	-106.205353
777.214050	-107.422638
777.886963	-110.374680
778.559875	-109.758888
779.232788	-105.980537
779.905701	-103.698112
780.578613	-103.490211
781.251526	-104.176849
781.924438	-104.829247
782.597351	-105.598061
783.270264	-106.472672
783.943176	-107.041817
784.616089	-107.631920
785.289001	-109.378662
785.961914	-112.731514
786.634827	-110.072571
787.307739	-105.317993
787.980652	-103.531868
788.653564	-103.722916
789.326477	-103.962059
789.999390	-103.771767
790.672302	-103.410706
791.345215	-103.111710
792.018127	-103.653900
792.691040	-106.383591
793.363953	-111.151695
794.036865	-108.753410
794.709778	-105.871689
795.382690	-105.804596
796.055603	-107.690765
796.728516	-108.113747
797.401428	-106.547173
798.074341	-105.559555
798.747253	-105.868782
799.420166	-106.949287
800.093079	-108.299232
800.765991	-110.919418
801.438904	-114.748489
802.111816	-111.942841
802.784729	-110.565529
803.457642	-111.612564
804.130554	-113.419998
804.803467	-112.056892
805.476379	-110.931366
806.149292	-112.124649
806.822205	-115.519836
807.495117	-115.697273
808.168030	-113.743233
808.840942	-110.199326
809.513855	-107.624054
810.186768	-107.034218
810.859680	-108.521278
811.532593	-110.208801
812.205505	-110.525635
812.878418	-111.320389
813.551331	-113.276192
814.224243	-112.009773
814.897156	-110.248154
815.570068	-110.417892
816.242981	-114.116272
816.915894	-114.280411
817.588806	-109.561913
818.261719	-106.885513
818.934631	-106.612267
819.607544	-108.740829
820.280457	-109.168533
820.953369	-105.392029
821.626282	-103.110168
822.299194	-103.336105
822.972107	-106.246483
823.645020	-108.416672
824.317932	-106.282417
824.990845	-104.710434
825.663757	-104.591019
826.336670	-104.775520
827.009583	-104.413147
827.682495	-104.213928
828.355408	-104.774803
829.028320	-106.278381
829.701233	-109.765923
830.374146	-115.465721
831.047058	-113.943024
831.719971	-111.026024
832.392883	-109.691223
833.065796	-108.012596
833.738708	-106.513710
834.411621	-104.926224
835.084534	-103.340302
835.757446	-102.800652
836.430359	-103.733780
837.103271	-105.849442
837.776184	-106.481926
838.449097	-104.934425
839.122009	-104.646744
839.794922	-105.383873
840.467834	-104.635391
841.140747	-101.852783
841.813660	-99.633316
842.486572	-98.993393
843.159485	-99.136482
843.832397	-99.666710
844.505310	-101.292488
845.178223	-104.276237
845.851135	-108.132721
846.524048	-113.672668
847.196960	-115.677742
847.869873	-109.020493
848.542786	-105.423111
849.215698	-105.559998
849.888611	-111.022774
850.561523	-112.899078
851.234436	-107.750595
851.907349	-105.584274
852.580261	-104.282753
853.253174	-104.109131
853.926086	-104.979233
854.598999	-105.745453
855.271912	-106.032333
855.944824	-106.829338
856.617737	-107.621056
857.290649	-107.582344
857.963562	-107.745605
858.636475	-108.896217
859.309387	-108.295776
859.982300	-105.928566
860.655212	-104.259712
861.328125	-103.826736
862.001038	-104.217545
862.673950	-104.877724
863.346863	-105.717491
864.019775	-107.324806
864.692688	-109.359299
865.365601	-112.072159
866.038513	-114.177612
866.711426	-113.320015
867.384338	-113.079445
868.057251	-113.868561
868.730164	-113.181267
869.403076	-111.578011
870.075989	-110.124336
870.748901	-109.035538
871.421814	-109.864304
872.094727	-112.454735
872.767639	-115.757408
873.440552	-116.438362
874.113464	-113.241173
874.786377	-112.116554
875.459290	-111.904297
876.132202	-112.163704
876.805115	-111.141899
877.478027	-109.540184
878.150940	-109.522781
878.823853	-111.240005
879.496765	-113.869278
880.169678	-114.495743
880.842590	-111.099045
881.515503	-109.398521
882.188416	-109.475800
882.861328	-110.514008
883.534241	-109.658524
884.207153	-108.679062
884.880066	-108.584282
885.552979	-108.933220
886.225891	-110.809036
886.898804	-114.398041
887.571716	-113.180969
888.244629	-108.209969
888.917542	-106.323296
889.590454	-107.113083
890.263367	-108.927483
890.936279	-106.916817
891.609192	-105.943764
892.282104	-108.922615
892.955017	-112.036781
893.627930	-109.066681
894.300842	-106.323372
894.973755	-105.657677
895.646667	-108.127769
896.319580	-111.568764
896.992493	-109.754288
897.665405	-108.439514
898.338318	-109.357582
899.011230	-113.041168
899.684143	-112.587090
900.357056	-110.878677
901.029968	-111.763565
901.702881	-111.981384
902.375793	-109.718750
903.048706	-107.582619
903.721619	-105.574005
904.394531	-104.345444
905.067444	-104.412727
905.740356	-104.876015
906.413269	-104.560478
907.086182	-104.564583
907.759094	-105.939285
908.432007	-108.483780
909.104919	-109.862976
909.777832	-109.089638
910.450745	-106.760872
911.123657	-104.752190
911.796570	-104.489052
912.469482	-104.883133
913.142395	-105.099571
913.815308	-105.608231
914.488220	-106.466881
915.161133	-107.574013
915.834045	-109.380150
916.506958	-111.848312
917.179871	-113.471230
917.852783	-111.768066
918.525696	-109.818924
919.198608	-108.179985
919.871521	-107.628677
920.544434	-107.873146
921.217346	-108.962952
921.890259	-110.274040
922.563171	-111.181297
923.236084	-111.801865
923.908997	-113.157562
924.581909	-115.041351
925.254822	-115.499901
925.927734	-114.587830
926.600647	-112.729576
927.273560	-111.454010
927.946472	-110.721764
928.619385	-110.486450
929.292297	-111.039024
929.965210	-113.526993
930.638123	-116.610916
931.311035	-115.494514
931.983948	-112.184540
932.656860	-111.966454
933.329773	-113.431183
934.002686	-112.888405
934.675598	-111.448502
935.348511	-110.654282
936.021423	-112.139305
936.694336	-116.225746
937.367249	-114.287415
938.040161	-111.636627
938.713074	-110.492180
939.385986	-109.840714
940.058899	-111.077179
940.731812	-111.759514
941.404724	-111.472748
942.077637	-112.651123
942.750549	-114.142380
943.423462	-113.806252
944.096375	-113.483032
944.769287	-114.781921
945.442200	-116.865746
946.115112	-116.823586
946.788025	-115.226845
947.460938	-116.272392
948.133850	-116.691452
948.806763	-116.500038
949.479675	-114.687218
950.152588	-113.579865
950.825500	-114.560524
951.498413	-115.993080
952.171326	-112.577133
952.844238	-111.011040
953.517151	-111.427620
954.190063	-112.794380
954.862976	-113.595345
955.535889	-114.008835
956.208801	-115.489441
956.881714	-116.559906
957.554626	-115.755463
958.227539	-113.734848
958.900452	-112.935776
959.573364	-114.616158
960.246277	-116.229927
960.919189	-116.939400
961.592102	-116.567917
962.265015	-116.798584
962.937927	-116.419380
963.610840	-115.696747
964.283752	-115.248962
964.956665	-116.657097
965.629578	-117.697121
966.302490	-114.376251
966.975403	-112.389206
967.648315	-111.432907
968.321228	-111.973114
968.994141	-112.636124
969.667053	-112.541054
970.339966	-113.862015
971.012878	-115.753502
971.685791	-112.645554
972.358704	-109.485359
973.031616	-108.056473
973.704529	-107.535538
974.377441	-107.250755
975.050354	-107.075546
975.723267	-107.509178
976.396179	-108.514709
977.069092	-109.211578
977.742004	-109.758888
978.414917	-110.834946
979.087830	-112.637299
979.760742	-110.849808
980.433655	-108.077957
981.106567	-107.676849
981.779480	-108.123993
982.452393	-107.994537
983.125305	-107.428085
983.798218	-107.493011
984.471130	-108.574074
985.144043	-109.110710
985.816956	-108.450546
986.489868	-107.924606
987.162781	-108.726105
987.835693	-110.919693
988.508606	-111.004524
989.181519	-108.998024
989.854431	-108.444473
990.527344	-110.076263
991.200256	-111.307274
991.873169	-109.547569
992.546082	-108.599182
993.218994	-108.810783
993.891907	-110.129845
994.564819	-112.224716
995.237732	-113.592377
995.910645	-113.708702
996.583557	-114.380295
997.256470	-114.867188
997.929382	-114.009277
998.602295	-111.497520
999.275208	-109.734077
999.948120	-109.297325
1000.621033	-109.631142
1001.293945	-111.227119
1001.966858	-113.787117
1002.639771	-115.573517
1003.312683	-116.381187
1003.985596	-114.524971
1004.658508	-112.395218
1005.331421	-111.527206
1006.004333	-111.302666
1006.677246	-110.488373
1007.350159	-109.479507
1008.023071	-110.040428
1008.695984	-111.547180
1009.368896	-112.581802
1010.041809	-111.615318
1010.714722	-110.116150
1011.387634	-109.016624
1012.060547	-108.426132
1012.733459	-108.995430
1013.406372	-110.131256
1014.079285	-110.332062
1014.752197	-108.791519
1015.425110	-108.334724
1016.098022	-109.796814
1016.770935	-110.978569
1017.443848	-110.103714
1018.116760	-109.984825
1018.789673	-110.786224
1019.462585	-111.468704
1020.135498	-112.743706
1020.808411	-113.227646
1021.481323	-112.073662
1022.154236	-111.402222
1022.827148	-112.401657
1023.500061	-111.339989
1024.172974	-109.189651
1024.845886	-108.071350
1025.518799	-108.020889
1026.191711	-108.838020
1026.864624	-109.968407
1027.537537	-111.137939
1028.210449	-113.702644
1028.883362	-115.637100
1029.556274	-116.399170
1030.229187	-116.181129
1030.902100	-115.046257
1031.575012	-114.795395
1032.247925	-114.779602
1032.920837	-114.433693
1033.593750	-113.647064
1034.266663	-113.105095
1034.939575	-112.812035
1035.612488	-113.065521
1036.285400	-113.701431
1036.958313	-114.887253
1037.631226	-117.069138
1038.304138	-117.165329
1038.977051	-116.563232
1039.649963	-115.395180
1040.322876	-115.597633
1040.995789	-116.253792
1041.668701	-115.667076
1042.341614	-114.468948
1043.014526	-115.399437
1043.687439	-118.263069
1044.360352	-116.753334
1045.033264	-115.229134
1045.706177	-114.817047
1046.379089	-114.329605
1047.052002	-114.558372
1047.724915	-114.404716
1048.397827	-115.055237
1049.070740	-116.072456
1049.743652	-112.149231
1050.416565	-109.772125
1051.089478	-108.528458
1051.762390	-108.299118
1052.435303	-108.521301
1053.108215	-109.554573
1053.781128	-110.769989
1054.454041	-111.286072
1055.126953	-109.912399
1055.799866	-108.583260
1056.472778	-108.130646
1057.145691	-108.657806
1057.818604	-108.938087
1058.491516	-107.440514
1059.164429	-105.188766
1059.837341	-104.329704
1060.510254	-104.618202
1061.183167	-104.942139
1061.856079	-105.238327
1062.528992	-105.936180
1063.201904	-107.582748
1063.874817	-111.080170
1064.547729	-114.044907
1065.220642	-114.711319
1065.893555	-116.410416
1066.566467	-117.625725
1067.239380	-116.467346
1067.912292	-116.537148
1068.585205	-116.039497
1069.258118	-111.573616
1069.931030	-107.788788
1070.603943	-105.960320
1071.276855	-105.542007
1071.949768	-106.844994
1072.622681	-109.156815
1073.295593	-112.494682
1073.968506	-115.751358
1074.641418	-114.742683
1075.314331	-111.486694
1075.987244	-108.430466
1076.660156	-106.807480
1077.333069	-106.802391
1078.005981	-108.476265
1078.678894	-110.241028
1079.351807	-111.458344
1080.024719	-112.739006
1080.697632	-114.356339
1081.370544	-114.707626
1082.043457	-114.647911
1082.716370	-115.314148
1083.389282	-115.177353
1084.062195	-113.889191
1084.735107	-109.621811
1085.408020	-107.249771
1086.080933	-106.194412
1086.753845	-105.936417
1087.426758	-106.581223
1088.099670	-108.310944
1088.772583	-110.501389
1089.445496	-112.796173
1090.118408	-114.095703
1090.791321	-113.348091
1091.464233	-113.228615
1092.137146	-113.972771
1092.810059	-112.402031
1093.482971	-109.978615
1094.155884	-109.738029
1094.828796	-110.229675
1095.501709	-108.538979
1096.174622	-106.313499
1096.847534	-104.792816
1097.520447	-104.097443
1098.193359	-104.566826
1098.866272	-106.227890
1099.539185	-108.754372
1100.212097	-112.680191
1100.885010	-116.942589
1101.557922	-116.493019
1102.230835	-114.029823
1102.903748	-112.116829
1103.576660	-111.375305
1104.249573	-110.882591
1104.922485	-111.364471
1105.595398	-112.494545
1106.268311	-112.798248
1106.941223	-113.232079
1107.614136	-113.638733
1108.287048	-114.790359
1108.959961	-115.204941
1109.632874	-115.250496
1110.305786	-115.727745
1110.978699	-117.142525
1111.651611	-114.072151
1112.324524	-111.144997
1112.997437	-109.917870
1113.670349	-109.372398
1114.343262	-110.062210
1115.016174	-110.580460
1115.689087	-110.723793
1116.362000	-111.807175
1117.034912	-114.249931
1117.707825	-117.977570
1118.380737	-117.040306
1119.053650	-113.621536
1119.726562	-111.087730
1120.399475	-109.261703
1121.072388	-108.377373
1121.745300	-108.206718
1122.418213	-107.791496
1123.091125	-107.124748
1123.764038	-107.347000
1124.436951	-109.012466
1125.109863	-111.052887
1125.782776	-111.684792
1126.455688	-111.824890
1127.128601	-110.566383
1127.801514	-108.221642
1128.474426	-107.639549
1129.147339	-108.335823
1129.820251	-109.164871
1130.493164	-110.483711
1131.166077	-111.354134
1131.838989	-111.206650
1132.511902	-110.474228
1133.184814	-110.362160
1133.857727	-111.175339
1134.530640	-113.105942
1135.203552	-114.338737
1135.876465	-112.626595
1136.549377	-111.626801
1137.222290	-111.739227
1137.895203	-109.606667
1138.568115	-106.863907
1139.241028	-105.204552
1139.913940	-104.354340
1140.586853	-104.654327
1141.259766	-106.210312
1141.932678	-108.713669
1142.605591	-111.842407
1143.278503	-115.396141
1143.951416	-118.537895
1144.624329	-112.095161
1145.297241	-107.591248
1145.970154	-105.577713
1146.643066	-105.678131
1147.315979	-106.574089
1147.988892	-106.711884
1148.661804	-106.562675
1149.334717	-107.120995
1150.007629	-109.445503
1150.680542	-113.358932
1151.353455	-117.943474
1152.026367	-115.486176
1152.699280	-110.872185
1153.372192	-109.286720
1154.045105	-109.402496
1154.718018	-110.597824
1155.390930	-111.822647
1156.063843	-113.327919
1156.736755	-115.926254
1157.409668	-115.712479
1158.082581	-116.638306
1158.755493	-115.875465
1159.428406	-115.740875
1160.101318	-115.387276
1160.774231	-114.582680
1161.447144	-113.672745
1162.120056	-112.356163
1162.792969	-110.163315
1163.465881	-108.818382
1164.138794	-108.052147
1164.811707	-107.735237
1165.484619	-107.331696
1166.157532	-106.842567
1166.830444	-106.861122
1167.503357	-107.611191
1168.176270	-109.261871
1168.849182	-111.415482
1169.522095	-113.238266
1170.195007	-112.658379
1170.867920	-110.638977
1171.540833	-109.438812
1172.213745	-107.127441
1172.886658	-104.746109
1173.559570	-103.965225
1174.232483	-104.592209
1174.905396	-106.110756
1175.578308	-107.957466
1176.251221	-109.304893
1176.924133	-109.974754
1177.597046	-109.884155
1178.269958	-109.648811
1178.942871	-109.989769
1179.615784	-111.907341
1180.288696	-116.965019
1180.961609	-111.429794
1181.634521	-105.876450
1182.307434	-103.217636
1182.980347	-102.093925
1183.653259	-102.132652
1184.326172	-103.129333
1184.999084	-104.729485
1185.671997	-106.738579
1186.344910	-109.396378
1187.017822	-112.437302
1187.690735	-111.405731
1188.363647	-107.822792
1189.036560	-106.033440
1189.709473	-105.963623
1190.382385	-106.729759
1191.055298	-107.847885
1191.728210	-108.772888
1192.401123	-108.861328
1193.074036	-109.049347
1193.746948	-110.236671
1194.419861	-112.399551
1195.092773	-115.162323
1195.765686	-117.527908
1196.438599	-116.916443
1197.111511	-113.751999
1197.784424	-111.522591
1198.457336	-110.937996
1199.130249	-111.479477
1199.803162	-112.759132
1200.476074	-113.576439
1201.148987	-112.939880
1201.821899	-113.765785
1202.494812	-117.468475
1203.167725	-118.909798
1203.840637	-116.077156
1204.513550	-115.444351
1205.186462	-115.671143
1205.859375	-115.631210
1206.532288	-115.718193
1207.205200	-115.698372
1207.878113	-113.870415
1208.551025	-112.731140
1209.223938	-112.214531
1209.896851	-112.613914
1210.569763	-113.711342
1211.242676	-114.975090
1211.915588	-117.871201
1212.588501	-117.444496
1213.261414	-114.758301
1213.934326	-112.015602
1214.607239	-109.670311
1215.280151	-107.499657
1215.953064	-106.501839
1216.625977	-107.028061
1217.298889	-108.841644
1217.971802	-110.744629
1218.644714	-111.774956
1219.317627	-111.695946
1219.990540	-112.172844
1220.663452	-113.334244
1221.336365	-115.347870
1222.009277	-118.395615
1222.682190	-115.788071
1223.355103	-112.038559
1224.028015	-109.334641
1224.700928	-107.949615
1225.373840	-108.153893
1226.046753	-109.173927
1226.719666	-109.793816
1227.392578	-110.201286
1228.065491	-110.817383
1228.738403	-112.130608
1229.411316	-114.124222
1230.084229	-116.406784
1230.757141	-115.195724
1231.430054	-113.102798
1232.102966	-112.160477
1232.775879	-112.283981
1233.448792	-113.648445
1234.121704	-114.966850
1234.794617	-114.644211
1235.467529	-114.365402
1236.140442	-115.986748
1236.813354	-116.925102
1237.486267	-117.011238
1238.159180	-118.067307
1238.832092	-117.741646
1239.505005	-115.540817
1240.177917	-113.739426
1240.850830	-112.194489
1241.523743	-110.613831
1242.196655	-108.645439
1242.869568	-108.123131
1243.542480	-108.762115
1244.215393	-109.539688
1244.888306	-109.769798
1245.561218	-110.573341
1246.234131	-112.287460
1246.907043	-115.257698
1247.579956	-117.587799
1248.252869	-116.571152
1248.925781	-115.312744
1249.598694	-115.262398
1250.271606	-112.867973
1250.944519	-110.606003
1251.617432	-110.149055
1252.290344	-110.496208
1252.963257	-111.194229
1253.636169	-111.377228
1254.309082	-111.949226
1254.981995	-113.477051
1255.654907	-115.056580
1256.327820	-117.384949
1257.000732	-117.876129
1257.673645	-117.172310
1258.346558	-117.915443
1259.019470	-116.415848
1259.692383	-115.703117
1260.365295	-115.247566
1261.038208	-115.985466
1261.711121	-116.294800
1262.384033	-115.773315
1263.056946	-114.660355
1263.729858	-114.969543
1264.402771	-116.787704
1265.075684	-118.396439
1265.748596	-117.107758
1266.421509	-117.208725
1267.094421	-118.439880
1267.767334	-117.538055
1268.440247	-117.701012
1269.113159	-116.628044
1269.786072	-115.799942
1270.458984	-116.108871
1271.131897	-116.820168
1271.804810	-117.091682
1272.477722	-115.856827
1273.150635	-116.452560
1273.823547	-115.894165
1274.496460	-116.882523
1275.169373	-116.586441
1275.842285	-117.356857
1276.515198	-116.580589
1277.188110	-115.618080
1277.861023	-115.474937
1278.533936	-115.191643
1279.206848	-115.242020
1279.879761	-115.363098
1280.552673	-116.065407
1281.225586	-117.618111
1281.898499	-116.377014
1282.571411	-114.320915
1283.244324	-113.268715
1283.917236	-113.290390
1284.590149	-113.342674
1285.263062	-113.822464
1285.935974	-114.720680
1286.608887	-115.260345
1287.281799	-114.937706
1287.954712	-114.934555
1288.627625	-114.051926
1289.300537	-113.696983
1289.973450	-113.360199
1290.646362	-113.267044
1291.319275	-115.106796
1291.992188	-116.892586
1292.665100	-116.833916
1293.338013	-114.632828
1294.010925	-112.603912
1294.683838	-110.975410
1295.356750	-109.960274
1296.029663	-109.486740
1296.702576	-109.474548
1297.375488	-110.321205
1298.048401	-111.890572
1298.721313	-115.028366
1299.394226	-116.765526
1300.067139	-116.237946
1300.740051	-113.860321
1301.412964	-111.426659
1302.085876	-109.546043
1302.758789	-108.712250
1303.431702	-108.545280
1304.104614	-108.856377
1304.777527	-109.739632
1305.450439	-111.037148
1306.123352	-112.505455
1306.796265	-114.535934
1307.469177	-117.802895
1308.142090	-117.779198
1308.815002	-113.508316
1309.487915	-110.556908
1310.160828	-108.827660
1310.833740	-108.304688
1311.506653	-108.731773
1312.179565	-109.930466
1312.852478	-111.845039
1313.525391	-114.295692
1314.198303	-116.592857
1314.871216	-118.445816
1315.544128	-116.213997
1316.217041	-115.863441
1316.889954	-115.886276
1317.562866	-116.024780
1318.235779	-115.502541
1318.908691	-115.953308
1319.581604	-116.088272
1320.254517	-117.475281
1320.927429	-118.437889
1321.600342	-116.299545
1322.273254	-114.880180
1322.946167	-112.908684
1323.619080	-111.893028
1324.291992	-111.718277
1324.964905	-112.628319
1325.637817	-113.618095
1326.310730	-115.056885
1326.983643	-114.864716
1327.656555	-114.203056
1328.329468	-115.152519
1329.002380	-116.804420
1329.675293	-115.858025
1330.348206	-114.207481
1331.021118	-111.812057
1331.694031	-111.229736
1332.366943	-112.873756
1333.039856	-114.288437
1333.712769	-117.117813
1334.385681	-118.243011
1335.058594	-117.235107
1335.731506	-114.926987
1336.404419	-113.376442
1337.077332	-112.414734
1337.750244	-112.042091
1338.423157	-112.985313
1339.096069	-116.293564
1339.768982	-117.058395
1340.441895	-115.632950
1341.114807	-116.119858
1341.787720	-117.196281
1342.460632	-118.497658
1343.133545	-117.528877
1343.806458	-115.947845
1344.479370	-117.636215
1345.152283	-118.942398
1345.825195	-117.583626
1346.498108	-115.998756
1347.171021	-116.315918
1347.843933	-117.797844
1348.516846	-118.547729
1349.189758	-117.981544
1349.862671	-118.036354
1350.535583	-117.110352
1351.208496	-116.592926
1351.881409	-116.033012
1352.554321	-115.871849
1353.227234	-113.508850
1353.900146	-112.374840
1354.573059	-112.018700
1355.245972	-111.153000
1355.918884	-110.378349
1356.591797	-110.146713
1357.264709	-111.182861
1357.937622	-114.307854
1358.610535	-117.971863
1359.283447	-117.640984
1359.956360	-115.380356
1360.629272	-115.334496
1361.302185	-116.133987
1361.975098	-116.837296
1362.648010	-115.638214
1363.320923	-114.344482
1363.993835	-115.347404
1364.666748	-116.911171
1365.339661	-117.904343
1366.012573	-116.884834
1366.685486	-116.180580
1367.358398	-116.840744
1368.031311	-116.948792
1368.704224	-117.318596
1369.377136	-117.675377
1370.050049	-116.452950
1370.722961	-116.713913
1371.395874	-116.768234
1372.068787	-116.956001
1372.741699	-117.026688
1373.414612	-116.703758
1374.087524	-115.784081
1374.760437	-114.891418
1375.433350	-115.649437
1376.106262	-116.275604
1376.779175	-115.354416
1377.452087	-114.920570
1378.125000	-117.197273
1378.797913	-117.903046
1379.470825	-118.076828
1380.143738	-117.391312
1380.816650	-115.049950
1381.489563	-114.092712
1382.162476	-114.727859
1382.835388	-115.733032
1383.508301	-117.050400
1384.181213	-116.539764
1384.854126	-115.375252
1385.527039	-114.876976
1386.199951	-115.165062
1386.872864	-116.421165
1387.545776	-117.571205
1388.218689	-118.423553
1388.891602	-118.032349
1389.564514	-118.976921
1390.237427	-119.878876
1390.910339	-119.720825
1391.583252	-118.991890
1392.256165	-117.437027
1392.929077	-116.738831
1393.601990	-116.672180
1394.274902	-116.848579
1394.947815	-116.618546
1395.620728	-115.426903
1396.293640	-114.760567
1396.966553	-115.171654
1397.639465	-115.883110
1398.312378	-115.941582
1398.985291	-116.664619
1399.658203	-117.757744
1400.331116	-117.772537
1401.004028	-117.652573
1401.676941	-117.009277
1402.349854	-115.719292
1403.022766	-115.657104
1403.695679	-115.849426
1404.368591	-117.411026
1405.041504	-117.492523
1405.714417	-117.450195
1406.387329	-118.136131
1407.060242	-118.065399
1407.733154	-117.471642
1408.406067	-116.533203
1409.078979	-115.510178
1409.751892	-115.691292
1410.424805	-116.603180
1411.097717	-117.154839
1411.770630	-117.955009
1412.443542	-118.619431
1413.116455	-117.704033
1413.789368	-118.165863
1414.462280	-115.452652
1415.135193	-113.758148
1415.808105	-112.584091
1416.481018	-112.184372
1417.153931	-112.649826
1417.826843	-113.241287
1418.499756	-115.638100
1419.172668	-117.672646
1419.845581	-116.771584
1420.518494	-115.883766
1421.191406	-117.328812
1421.864319	-117.018875
1422.537231	-114.667664
1423.210144	-112.363541
1423.883057	-110.727371
1424.555969	-110.773758
1425.228882	-111.944931
1425.901794	-113.210228
1426.574707	-114.277710
1427.247620	-113.676437
1427.920532	-115.067001
1428.593445	-117.072830
1429.266357	-114.614853
1429.939270	-112.435944
1430.612183	-112.088211
1431.285095	-114.477066
1431.958008	-118.150520
1432.630920	-118.465942
1433.303833	-117.015221
1433.976746	-115.890709
1434.649658	-115.931442
1435.322571	-115.407845
1435.995483	-114.777557
1436.668396	-114.158333
1437.341309	-113.544975
1438.014221	-114.697098
1438.687134	-115.780106
1439.360046	-115.512306
1440.032959	-115.618965
1440.705872	-114.776794
1441.378784	-115.185898
1442.051697	-115.687607
1442.724609	-116.534302
1443.397522	-117.101799
1444.070435	-116.601967
1444.743347	-116.944618
1445.416260	-118.216675
1446.089172	-119.216461
1446.762085	-117.755981
1447.434998	-116.715263
1448.107910	-118.521339
1448.780823	-118.564606
1449.453735	-117.942444
1450.126648	-118.028160
1450.799561	-117.604393
1451.472473	-118.077896
1452.145386	-117.578560
1452.818298	-116.472862
1453.491211	-115.975105
1454.164124	-115.309288
1454.837036	-115.959923
1455.509949	-117.236015
1456.182861	-118.003830
1456.855774	-118.337692
1457.528687	-117.088173
1458.201599	-115.660973
1458.874512	-116.415245
1459.547424	-116.980553
1460.220337	-116.616531
1460.893250	-116.194649
1461.566162	-115.920242
1462.239075	-116.198990
1462.911987	-116.368980
1463.584900	-117.607246
1464.257812	-118.200493
1464.930725	-117.755478
1465.603638	-117.243523
1466.276550	-117.013199
1466.949463	-116.394173
1467.622375	-115.121902
1468.295288	-115.024773
1468.968201	-116.426628
1469.641113	-117.598389
1470.314026	-117.195183
1470.986938	-117.414742
1471.659851	-117.317924
1472.332764	-117.262299
1473.005676	-117.584358
1473.678589	-118.261368
1474.351501	-116.726265
1475.024414	-116.498795
1475.697327	-117.364693
1476.370239	-118.085266
1477.043152	-118.698204
1477.716064	-117.131935
1478.388977	-115.367401
1479.061890	-114.589661
1479.734802	-115.008118
1480.407715	-116.696312
1481.080627	-116.877663
1481.753540	-117.300705
1482.426453	-118.037277
1483.099365	-117.340843
1483.772278	-116.953720
1484.445190	-117.583107
1485.118103	-119.070137
1485.791016	-118.040649
1486.463928	-118.172180
1487.136841	-119.436958
1487.809753	-117.987907
1488.482666	-118.764198
1489.155579	-118.433823
1489.828491	-118.559273
1490.501404	-118.939880
1491.174316	-117.655830
1491.847229	-116.179268
1492.520142	-115.026649
1493.193054	-114.347160
1493.865967	-115.117455
1494.538879	-115.999107
1495.211792	-116.846992
1495.884705	-116.533257
1496.557617	-116.348854
1497.230530	-117.530525
1497.903442	-118.376518
1498.576355	-116.188126
1499.249268	-115.059639
1499.922180	-114.527969
1500.595093	-114.204193
1501.268005	-112.915802
1501.940918	-112.470619
1502.613831	-112.964973
1503.286743	-114.097206
1503.959656	-114.854889
1504.632568	-116.445297
1505.305481	-117.224342
1505.978394	-117.644966
1506.651306	-117.812332
1507.324219	-118.304108
1507.997131	-118.882759
1508.670044	-117.730347
1509.342957	-118.252068
1510.015869	-119.455170
1510.688782	-118.167046
1511.361694	-116.748444
1512.034607	-116.436371
1512.707520	-117.165031
1513.380432	-116.561920
1514.053345	-116.498856
1514.726257	-117.391281
1515.399170	-117.260269
1516.072083	-117.258148
1516.744995	-118.187294
1517.417908	-119.037857
1518.090820	-117.378815
1518.763733	-115.241676
1519.436646	-114.155350
1520.109558	-114.319443
1520.782471	-114.308716
1521.455383	-113.679848
1522.128296	-113.868500
1522.801208	-113.916725
1523.474121	-114.791344
1524.147034	-115.636391
1524.819946	-115.860504
1525.492859	-117.338783
1526.165771	-117.234116
1526.838684	-116.686455
1527.511597	-116.239334
1528.184509	-117.128815
1528.857422	-117.347099
1529.530334	-116.793396
1530.203247	-116.353775
1530.876160	-116.557861
1531.549072	-117.134735
1532.221985	-118.209305
1532.894897	-118.189400
1533.567810	-118.296577
1534.240723	-117.485687
1534.913635	-117.667534
1535.586548	-116.607552
1536.259460	-116.615692
1536.932373	-116.091064
1537.605286	-115.134438
1538.278198	-115.796387
1538.951111	-117.302086
1539.624023	-118.321457
1540.296936	-117.758949
1540.969849	-117.903824
1541.642761	-118.436836
1542.315674	-118.268089
1542.988586	-118.794983
1543.661499	-118.446350
1544.334412	-118.666946
1545.007324	-117.963173
1545.680237	-118.364777
1546.353149	-118.377769
1547.026062	-119.669762
1547.698975	-118.905411
1548.371887	-118.619560
1549.044800	-118.127190
1549.717712	-118.351501
1550.390625	-119.019615
1551.063538	-118.250984
1551.736450	-118.042778
1552.409363	-117.939301
1553.082275	-118.892059
1553.755188	-119.143608
1554.428101	-118.212502
1555.101013	-118.091980
1555.773926	-119.251694
1556.446838	-118.559570
1557.119751	-118.710754
1557.792664	-117.901970
1558.465576	-117.247391
1559.138489	-117.722916
1559.811401	-116.906746
1560.484314	-114.508430
1561.157227	-113.905243
1561.830139	-113.864769
1562.503052	-115.516739
1563.175964	-115.912613
1563.848877	-115.465477
1564.521790	-115.750305
1565.194702	-116.778450
1565.867615	-118.015594
1566.540527	-117.324677
1567.213440	-115.380257
1567.886353	-114.553673
1568.559265	-115.195236
1569.232178	-117.426598
1569.905090	-117.344772
1570.578003	-117.406441
1571.250916	-116.840851
1571.923828	-117.015213
1572.596741	-118.596169
1573.269653	-119.027855
1573.942566	-118.344070
1574.615479	-117.414375
1575.288391	-117.090172
1575.961304	-117.801323
1576.634216	-117.560562
1577.307129	-116.399361
1577.980042	-115.556870
1578.652954	-114.786613
1579.325867	-114.234718
1579.998779	-114.894638
1580.671692	-116.082176
1581.344604	-115.843491
1582.017517	-116.691200
1582.690430	-117.536545
1583.363342	-117.529709
1584.036255	-116.811035
1584.709167	-117.258461
1585.382080	-118.001419
1586.054993	-117.847878
1586.727905	-118.055733
1587.400818	-118.444077
1588.073730	-117.533012
1588.746643	-117.035088
1589.419556	-116.216667
1590.092468	-117.291420
1590.765381	-118.445190
1591.438293	-118.038795
1592.111206	-118.879250
1592.784119	-118.376663
1593.457031	-117.388191
1594.129944	-116.866760
1594.802856	-115.986053
1595.475769	-114.291931
1596.148682	-113.618462
1596.821594	-114.577347
1597.494507	-116.640053
1598.167419	-118.313576
1598.840332	-116.841461
1599.513245	-116.603188
1600.186157	-117.621178
1600.859070	-119.912453
1601.531982	-118.931656
1602.204895	-117.002808
1602.877808	-116.988083
1603.550720	-117.225662
1604.223633	-117.242340
1604.896545	-117.658295
1605.569458	-118.179314
1606.242371	-117.180168
1606.915283	-116.915230
1607.588196	-117.809113
1608.261108	-119.286873
1608.934021	-119.918007
1609.606934	-118.599213
1610.279846	-118.826683
1610.952759	-118.632515
1611.625671	-117.406082
1612.298584	-117.501747
1612.971497	-119.131660
1613.644409	-118.933060
1614.317322	-118.324318
1614.990234	-118.518562
1615.663147	-118.151909
1616.336060	-117.128891
1617.008972	-117.650368
1617.681885	-118.384621
1618.354797	-118.736382
1619.027710	-119.247368
1619.700623	-119.320030
1620.373535	-118.302155
1621.046448	-117.244965
1621.719360	-117.837219
1622.392273	-117.919136
1623.065186	-117.444305
1623.738098	-116.913506
1624.411011	-117.888588
1625.083923	-118.513756
1625.756836	-117.133728
1626.429749	-117.170639
1627.102661	-118.585220
1627.775574	-119.814125
1628.448486	-119.351562
1629.121399	-117.521713
1629.794312	-118.036560
1630.467224	-118.733009
1631.140137	-118.353752
1631.813049	-118.558266
1632.485962	-119.101814
1633.158875	-119.120354
1633.831787	-119.317268
1634.504700	-119.242393
1635.177612	-119.282448
1635.850525	-119.428787
1636.523438	-119.888779
1637.196350	-118.817955
1637.869263	-117.638062
1638.542175	-118.944305
1639.215088	-117.561455
1639.888000	-117.640312
1640.560913	-118.787384
1641.233826	-119.349327
1641.906738	-117.624855
1642.579651	-117.646576
1643.252563	-118.524963
1643.925476	-119.387733
1644.598389	-118.756897
1645.271301	-118.613853
1645.944214	-118.621170
1646.617126	-118.385864
1647.290039	-119.526405
1647.962952	-120.207199
1648.635864	-116.584267
1649.308777	-114.901016
1649.981689	-116.352119
1650.654602	-117.052734
1651.327515	-117.316490
1652.000427	-118.924301
1652.673340	-118.109192
1653.346252	-117.562935
1654.019165	-117.896790
1654.692078	-119.355194
1655.364990	-118.492912
1656.037903	-117.809517
1656.710815	-118.341705
1657.383728	-117.774048
1658.056641	-117.346283
1658.729553	-117.661049
1659.402466	-117.411308
1660.075378	-116.913460
1660.748291	-116.397659
1661.421204	-117.128860
1662.094116	-117.543930
1662.767029	-118.496132
1663.439941	-119.000175
1664.112854	-118.475319
1664.785767	-118.675232
1665.458679	-118.898453
1666.131592	-117.783257
1666.804504	-116.980301
1667.477417	-116.742165
1668.150330	-117.067253
1668.823242	-117.690842
1669.496155	-117.775360
1670.169067	-116.937935
1670.841980	-117.332458
1671.514893	-117.697037
1672.187805	-117.545074
1672.860718	-117.227852
1673.533630	-116.900490
1674.206543	-116.549995
1674.879456	-116.168159
1675.552368	-115.864037
1676.225281	-115.548416
1676.898193	-116.070702
1677.571106	-117.035408
1678.244019	-117.504616
1678.916931	-117.934395
1679.589844	-118.355751
1680.262756	-118.809502
1680.935669	-119.011719
1681.608582	-119.025253
1682.281494	-117.260681
1682.954407	-117.182976
1683.627319	-119.234871
1684.300232	-119.289726
1684.973145	-117.963593
1685.646057	-118.457993
1686.318970	-119.259712
1686.991882	-119.088188
1687.664795	-118.908623
1688.337708	-119.762756
1689.010620	-119.694336
1689.683533	-118.369186
1690.356445	-117.661560
1691.029358	-117.089958
1691.702271	-115.898598
1692.375183	-116.632645
1693.048096	-116.881386
1693.721008	-117.118660
1694.393921	-117.898117
1695.066833	-118.787613
1695.739746	-120.492401
1696.412659	-118.532150
1697.085571	-117.088379
1697.758484	-117.036751
1698.431396	-117.375015
1699.104309	-117.201973
1699.777222	-116.812271
1700.450134	-116.468880
1701.123047	-116.534615
1701.795959	-118.141510
1702.468872	-117.944305
1703.141785	-116.911987
1703.814697	-117.012138
1704.487610	-117.539856
1705.160522	-118.075706
1705.833435	-117.773895
1706.506348	-117.948586
1707.179260	-117.462761
1707.852173	-117.384880
1708.525085	-117.181419
1709.197998	-116.223846
1709.870911	-116.354126
1710.543823	-115.952377
1711.216736	-114.232857
1711.889648	-115.157738
1712.562561	-116.587311
1713.235474	-116.684647
1713.908386	-117.089714
1714.581299	-117.975365
1715.254211	-119.538071
1715.927124	-118.574799
1716.600037	-117.882439
1717.272949	-118.855850
1717.945862	-117.874573
1718.618774	-117.215729
1719.291687	-117.917816
1719.964600	-116.917770
1720.637512	-117.729050
1721.310425	-118.764824
1721.983337	-117.271332
1722.656250	-116.966270
1723.329163	-119.467171
1724.002075	-118.623047
1724.674988	-117.534218
1725.347900	-117.886597
1726.020813	-117.878853
1726.693726	-117.873039
1727.366638	-118.588272
1728.039551	-119.707947
1728.712463	-118.202583
1729.385376	-117.084587
1730.058289	-117.158943
1730.731201	-117.668442
1731.404114	-118.133713
1732.077026	-117.167793
1732.749939	-116.101151
1733.422852	-115.816689
1734.095764	-116.894768
1734.768677	-117.695419
1735.441589	-116.730080
1736.114502	-115.457191
1736.787415	-115.914650
1737.460327	-117.690437
1738.133240	-117.752914
1738.806152	-117.551071
1739.479065	-118.120216
1740.151978	-119.086098
1740.824890	-118.427719
1741.497803	-119.470055
1742.170715	-120.004929
1742.843628	-119.864769
1743.516541	-119.740555
1744.189453	-119.876297
1744.862366	-118.993858
1745.535278	-117.113052
1746.208191	-117.310173
1746.881104	-118.286667
1747.554016	-117.263687
1748.226929	-118.421898
1748.899841	-119.073975
1749.572754	-118.556648
1750.245667	-118.266396
1750.918579	-117.693291
1751.591492	-116.903687
1752.264404	-116.618484
1752.937317	-117.449944
1753.610229	-116.087616
1754.283142	-115.744400
1754.956055	-116.706856
1755.628967	-116.813835
1756.301880	-118.323540
1756.974792	-119.107338
1757.647705	-117.957870
1758.320618	-117.576790
1758.993530	-117.434547
1759.666443	-117.233154
1760.339355	-118.262184
1761.012268	-117.926392
1761.685181	-116.270012
1762.358093	-116.182556
1763.031006	-116.571510
1763.703918	-117.796021
1764.376831	-118.488190
1765.049744	-118.055214
1765.722656	-118.547791
1766.395569	-119.207565
1767.068481	-117.963074
1767.741394	-118.717163
1768.414307	-119.033401
1769.087219	-119.009056
1769.760132	-119.035187
1770.433044	-118.472473
1771.105957	-118.267059
1771.778870	-119.191788
1772.451782	-118.513870
1773.124695	-117.307198
1773.797607	-117.123146
1774.470520	-117.858803
1775.143433	-117.122093
1775.816345	-117.798882
1776.489258	-119.544373
1777.162170	-119.832138
1777.835083	-119.812233
1778.507996	-118.903175
1779.180908	-117.928169
1779.853821	-119.308884
1780.526733	-119.282906
1781.199646	-118.599289
1781.872559	-117.514984
1782.545471	-117.853889
1783.218384	-118.554070
1783.891296	-118.426529
1784.564209	-117.694763
1785.237122	-118.967964
1785.910034	-119.129578
1786.582947	-119.041977
1787.255859	-120.349358
1787.928772	-121.352386
1788.601685	-120.873756
1789.274597	-119.628380
1789.947510	-118.902061
1790.620422	-119.315170
1791.293335	-119.623146
1791.966248	-118.613045
1792.639160	-118.474953
1793.312073	-120.060577
1793.984985	-118.685722
1794.657898	-118.050034
1795.330811	-117.507736
1796.003723	-117.558319
1796.676636	-117.799675
1797.349548	-117.423683
1798.022461	-117.455498
1798.695374	-118.335632
1799.368286	-119.326614
1800.041199	-117.415520
1800.714111	-117.670662
1801.387024	-117.621292
1802.059937	-117.743080
1802.732849	-118.148537
1803.405762	-117.629349
1804.078674	-117.975906
1804.751587	-117.355064
1805.424500	-117.335098
1806.097412	-117.975632
1806.770325	-118.327232
1807.443237	-118.120293
1808.116150	-118.486603
1808.789062	-119.596817
1809.461975	-119.835281
1810.134888	-118.672012
1810.807800	-119.291862
1811.480713	-118.971298
1812.153625	-118.915894
1812.826538	-119.239243
1813.499451	-119.542328
1814.172363	-118.640999
1814.845276	-119.228287
1815.518188	-118.696587
1816.191101	-117.901924
1816.864014	-117.961006
1817.536926	-118.415154
1818.209839	-118.670494
1818.882751	-119.487267
1819.555664	-119.825951
1820.228577	-119.532097
1820.901489	-119.803291
1821.574402	-119.605034
1822.247314	-119.470787
1822.920227	-119.656464
1823.593140	-119.544296
1824.266052	-119.219620
1824.938965	-118.060699
1825.611877	-118.865936
1826.284790	-119.951332
1826.957703	-119.534828
1827.630615	-119.203781
1828.303528	-118.397285
1828.976440	-119.221771
1829.649353	-119.306778
1830.322266	-119.212143
1830.995178	-118.652885
1831.668091	-118.062263
1832.341003	-118.450722
1833.013916	-118.873131
1833.686829	-119.129646
1834.359741	-119.894028
1835.032654	-119.802582
1835.705566	-119.026863
1836.378479	-119.334747
1837.051392	-119.353493
1837.724304	-119.782936
1838.397217	-118.216980
1839.070129	-117.807053
1839.743042	-117.818832
1840.415955	-118.864624
1841.088867	-119.621681
1841.761780	-118.664055
1842.434692	-118.502899
1843.107605	-118.620369
1843.780518	-118.049614
1844.453430	-118.375298
1845.126343	-118.387352
1845.799255	-119.617790
1846.472168	-119.286118
1847.145081	-118.234253
1847.817993	-118.896591
1848.490906	-119.823433
1849.163818	-119.993690
1849.836731	-120.223831
1850.509644	-119.370163
1851.182556	-119.805122
1851.855469	-119.852333
1852.528381	-120.583565
1853.201294	-119.238403
1853.874207	-119.450821
1854.547119	-118.207420
1855.220032	-118.233200
1855.892944	-119.665115
1856.565857	-120.569214
1857.238770	-120.301498
1857.911682	-118.404587
1858.584595	-118.138077
1859.257507	-117.236580
1859.930420	-117.674065
1860.603333	-118.904732
1861.276245	-119.022125
1861.949158	-119.302017
1862.622070	-118.166718
1863.294983	-118.422585
1863.967896	-119.574524
1864.640808	-120.113274
1865.313721	-118.863670
1865.986633	-118.361916
1866.659546	-119.073830
1867.332458	-119.157486
1868.005371	-119.875481
1868.678284	-119.523773
1869.351196	-119.432755
1870.024109	-119.074532
1870.697021	-118.280594
1871.369934	-118.039200
1872.042847	-119.176010
1872.715759	-119.533058
1873.388672	-119.280533
1874.061584	-118.824364
1874.734497	-118.332413
1875.407410	-119.719002
1876.080322	-121.390587
1876.753235	-120.815369
1877.426147	-119.632912
1878.099060	-119.428749
1878.771973	-120.148598
1879.444885	-118.908661
1880.117798	-118.752937
1880.790710	-118.418282
1881.463623	-118.861534
1882.136536	-119.271049
1882.809448	-118.065033
1883.482361	-117.658249
1884.155273	-119.216270
1884.828186	-118.894646
1885.501099	-118.707962
1886.174011	-117.983589
1886.846924	-117.516525
1887.519836	-118.441467
1888.192749	-119.716644
1888.865662	-119.176620
1889.538574	-120.239830
1890.211487	-120.293770
1890.884399	-119.684593
1891.557312	-119.503708
1892.230225	-120.159149
1892.903137	-118.439217
1893.576050	-116.856102
1894.248962	-118.265053
1894.921875	-118.017136
1895.594788	-117.868416
1896.267700	-117.488228
1896.940613	-119.273773
1897.613525	-119.174606
1898.286438	-119.101143
1898.959351	-118.344490
1899.632263	-119.522301
1900.305176	-118.026337
1900.978088	-118.169601
1901.651001	-118.872902
1902.323914	-120.331963
1902.996826	-119.981979
1903.669739	-119.626549
1904.342651	-119.023560
1905.015564	-118.245865
1905.688477	-119.363770
1906.361389	-120.178520
1907.034302	-120.305153
1907.707214	-119.943474
1908.380127	-118.809853
1909.053040	-117.966965
1909.725952	-117.629921
1910.398865	-117.809250
1911.071777	-118.353195
1911.744690	-119.335442
1912.417603	-119.721481
1913.090515	-119.186211
1913.763428	-119.137672
1914.436340	-119.652351
1915.109253	-119.922691
1915.782166	-119.645325
1916.455078	-119.744118
1917.127991	-119.188423
1917.800903	-119.470016
1918.473816	-119.160881
1919.146729	-119.199814
1919.819641	-118.862793
1920.492554	-118.870399
1921.165466	-118.948524
1921.838379	-118.677856
1922.511292	-118.515961
1923.184204	-119.128517
1923.857117	-119.268883
1924.530029	-119.009529
1925.202942	-118.617989
1925.875854	-119.321579
1926.548767	-119.382690
1927.221680	-118.928093
1927.894592	-118.018707
1928.567505	-117.623978
1929.240417	-117.732742
1929.913330	-117.926010
1930.586243	-117.543861
1931.259155	-116.899643
1931.932068	-117.977570
1932.604980	-119.135773
1933.277893	-119.008186
1933.950806	-118.367859
1934.623718	-118.431602
1935.296631	-119.072197
1935.969543	-118.193649
1936.642456	-117.851364
1937.315369	-117.976753
1937.988281	-117.044121
1938.661194	-117.723305
1939.334106	-118.075546
1940.007019	-117.918877
1940.679932	-118.523796
1941.352844	-118.972160
1942.025757	-119.261955
1942.698669	-119.283142
1943.371582	-120.335960
1944.044495	-118.528809
1944.717407	-116.236839
1945.390320	-115.686195
1946.063232	-115.954666
1946.736145	-117.001938
1947.409058	-118.859550
1948.081970	-119.322853
1948.754883	-119.729446
1949.427795	-119.036133
1950.100708	-118.619965
1950.773621	-118.835861
1951.446533	-118.984207
1952.119446	-116.357498
1952.792358	-115.756119
1953.465271	-116.339699
1954.138184	-117.555878
1954.811096	-118.812302
1955.484009	-119.207695
1956.156921	-119.550850
1956.829834	-119.009163
1957.502747	-118.593346
1958.175659	-118.640396
1958.848572	-119.112114
1959.521484	-119.530190
1960.194397	-118.413826
1960.867310	-117.671768
1961.540222	-117.075661
1962.213135	-116.669403
1962.886047	-115.322342
1963.558960	-116.069878
1964.231873	-117.205070
1964.904785	-118.759537
1965.577698	-118.735046
1966.250610	-118.536713
1966.923523	-118.739685
1967.596436	-117.658493
1968.269348	-118.758835
1968.942261	-119.224518
1969.615173	-120.701706
1970.288086	-119.473648
1970.960999	-118.421341
1971.633911	-118.031242
1972.306824	-117.418915
1972.979736	-118.306419
1973.652649	-118.644485
1974.325562	-119.827095
1974.998474	-120.881500
1975.671387	-119.419037
1976.344299	-119.594604
1977.017212	-118.475418
1977.690125	-118.524117
1978.363037	-118.643730
1979.035950	-118.840775
1979.708862	-119.165230
1980.381775	-119.091957
1981.054688	-118.893967
1981.727600	-119.713318
1982.400513	-119.824295
1983.073425	-119.178421
1983.746338	-120.778893
1984.419250	-119.793396
1985.092163	-119.264748
1985.765076	-119.610374
1986.437988	-119.892944
1987.110901	-119.901627
1987.783813	-119.146118
1988.456726	-118.525787
1989.129639	-119.313980
1989.802551	-118.310844
1990.475464	-119.023270
1991.148376	-120.013138
1991.821289	-119.081825
1992.494202	-118.386040
1993.167114	-118.808716
1993.840027	-118.158325
1994.512939	-118.371666
1995.185852	-119.330566
1995.858765	-119.911522
1996.531677	-120.458443
1997.204590	-119.221443
1997.877502	-119.873322
1998.550415	-120.111259
1999.223328	-120.745819
1999.896240	-120.244415
2000.569153	-121.344032
2001.242065	-120.240013
2001.914978	-119.773682
2002.587891	-118.559769
2003.260803	-119.687683
2003.933716	-119.912437
2004.606628	-120.948166
2005.279541	-120.532654
2005.952454	-119.952202
2006.625366	-119.683609
2007.298279	-120.414520
2007.971191	-120.468552
2008.644104	-119.514771
2009.317017	-119.345062
2009.989929	-119.061584
2010.662842	-119.341911
2011.335754	-119.788887
2012.008667	-118.927155
2012.681580	-119.014946
2013.354492	-119.229507
2014.027405	-119.308533
2014.700317	-119.868866
2015.373230	-120.091919
2016.046143	-119.370506
2016.719055	-118.646545
2017.391968	-118.378616
2018.064880	-119.357216
2018.737793	-119.306763
2019.410706	-118.678368
2020.083618	-118.926620
2020.756531	-119.800919
2021.429443	-120.272697
2022.102356	-119.671089
2022.775269	-118.801971
2023.448181	-119.606819
2024.121094	-119.320450
2024.794006	-118.356789
2025.466919	-118.472992
2026.139832	-120.011574
2026.812744	-120.323586
2027.485657	-119.778488
2028.158569	-118.672279
2028.831482	-118.735519
2029.504395	-117.415337
2030.177307	-118.571632
2030.850220	-119.028931
2031.523132	-118.364212
2032.196045	-118.813179
2032.868958	-119.278755
2033.541870	-118.987350
2034.214783	-119.002594
2034.887695	-118.845306
2035.560608	-119.311287
2036.233521	-120.041039
2036.906433	-119.373161
2037.579346	-117.929092
2038.252258	-117.981537
2038.925171	-119.962479
2039.598083	-119.274757
2040.270996	-118.312057
2040.943909	-119.593155
2041.616821	-119.451553
2042.289734	-119.610001
2042.962646	-119.603928
2043.635559	-119.157791
2044.308472	-119.113541
2044.981384	-119.151421
2045.654297	-120.738739
2046.327209	-118.815117
2047.000122	-117.520569
2047.673035	-117.703979
2048.345947	-119.067108
2049.018860	-118.964401
2049.691772	-119.015717
2050.364685	-120.222191
2051.037598	-119.598381
2051.710510	-119.094788
2052.383423	-120.158440
2053.056335	-120.049408
2053.729248	-119.398300
2054.402161	-118.923851
2055.075073	-119.016350
2055.747986	-118.253899
2056.420898	-117.271507
2057.093811	-116.942688
2057.766724	-117.284294
2058.439636	-118.916283
2059.112549	-120.284027
2059.785461	-118.963844
2060.458374	-118.613731
2061.131287	-118.568390
2061.804199	-119.640205
2062.477112	-119.959610
2063.150024	-118.779030
2063.822937	-119.712128
2064.495850	-120.217865
2065.168762	-119.660728
2065.841675	-119.139748
2066.514587	-119.058083
2067.187500	-119.039291
2067.860413	-119.438400
2068.533325	-118.717087
2069.206238	-118.807465
2069.879150	-120.916359
2070.552063	-119.629082
2071.224976	-117.920227
2071.897888	-118.451668
2072.570801	-119.226959
2073.243713	-119.496620
2073.916626	-119.740471
2074.589539	-119.726654
2075.262451	-118.631508
2075.935364	-118.543396
2076.608276	-118.987930
2077.281189	-119.375740
2077.954102	-118.837692
2078.627014	-119.124306
2079.299927	-118.808472
2079.972839	-118.287308
2080.645752	-118.781494
2081.318665	-118.377899
2081.991577	-119.659164
2082.664490	-119.544106
2083.337402	-118.739006
2084.010315	-118.162132
2084.683228	-118.055046
2085.356140	-118.764961
2086.029053	-117.607201
2086.701965	-119.048180
2087.374878	-119.414017
2088.047791	-117.303291
2088.720703	-117.730995
2089.393616	-119.300659
2090.066528	-119.013260
2090.739441	-118.505135
2091.412354	-118.003578
2092.085266	-117.610016
2092.758179	-117.929611
2093.431091	-117.848083
2094.104004	-116.985771
2094.776917	-115.955673
2095.449829	-115.242264
2096.122742	-115.377342
2096.795654	-117.361313
2097.468567	-119.874992
2098.141479	-117.767273
2098.814392	-117.591057
2099.487305	-117.650970
2100.160217	-116.621269
2100.833130	-117.161720
2101.506042	-118.278160
2102.178955	-119.120110
2102.851868	-118.974854
2103.524780	-118.874321
2104.197693	-118.877571
2104.870605	-118.944130
2105.543518	-119.008606
2106.216431	-120.100304
2106.889343	-119.326508
2107.562256	-119.002579
2108.235168	-119.892578
2108.908081	-119.288002
2109.580994	-120.374817
2110.253906	-119.671028
2110.926819	-118.368080
2111.599731	-118.698792
2112.272644	-119.233887
2112.945557	-118.480019
2113.618469	-118.716614
2114.291382	-118.259079
2114.964294	-118.364822
2115.637207	-119.576218
2116.310120	-120.184250
2116.983032	-119.183449
2117.655945	-119.412445
2118.328857	-119.190865
2119.001770	-118.601242
2119.674683	-119.478111
2120.347595	-118.929741
2121.020508	-117.994919
2121.693420	-118.626427
2122.366333	-118.473923
2123.039246	-117.602036
2123.712158	-118.683472
2124.385071	-119.150894
2125.057983	-121.225113
2125.730896	-120.554848
2126.403809	-119.348778
2127.076721	-118.784233
2127.749634	-119.165833
2128.422546	-120.102058
2129.095459	-119.421646
2129.768372	-118.223869
2130.441284	-118.519539
2131.114197	-119.318130
2131.787109	-121.247223
2132.460022	-120.682884
2133.132935	-117.893150
2133.805847	-117.543076
2134.478760	-119.274094
2135.151672	-119.981682
2135.824585	-119.421974
2136.497498	-120.170090
2137.170410	-118.974548
2137.843323	-118.969284
2138.516235	-119.271935
2139.189148	-120.812424
2139.862061	-119.097549
2140.534973	-118.759186
2141.207886	-119.799896
2141.880798	-120.551514
2142.553711	-119.091988
2143.226624	-118.950653
2143.899536	-118.862350
2144.572449	-117.369019
2145.245361	-118.857162
2145.918274	-119.072540
2146.591187	-118.396149
2147.264099	-119.276482
2147.937012	-119.547707
2148.609924	-120.749290
2149.282837	-119.373047
2149.955750	-118.713631
2150.628662	-118.481277
2151.301575	-118.203247
2151.974487	-118.983086
2152.647400	-118.834564
2153.320312	-118.842453
2153.993225	-118.654388
2154.666138	-118.298477
2155.339050	-118.892097
2156.011963	-119.028160
2156.684875	-119.253555
2157.357788	-120.127884
2158.030701	-119.544289
2158.703613	-119.662880
2159.376526	-118.879845
2160.049438	-119.410057
2160.722351	-119.642654
2161.395264	-118.854530
2162.068176	-119.500961
2162.741089	-119.810448
2163.414001	-120.192833
2164.086914	-118.857063
2164.759827	-117.999878
2165.432739	-117.739082
2166.105652	-117.849792
2166.778564	-117.989532
2167.451477	-117.900146
2168.124390	-119.008026
2168.797302	-118.603455
2169.470215	-118.636574
2170.143127	-118.941132
2170.816040	-119.124893
2171.488953	-118.571831
2172.161865	-118.326790
2172.834778	-118.145851
2173.507690	-119.028412
2174.180603	-120.971581
2174.853516	-119.300941
2175.526428	-118.806618
2176.199341	-119.093483
2176.872253	-120.046791
2177.545166	-120.876945
2178.218079	-119.249809
2178.890991	-118.537865
2179.563904	-118.561279
2180.236816	-119.224556
2180.909729	-118.979019
2181.582642	-118.974892
2182.255554	-119.707626
2182.928467	-119.599686
2183.601379	-118.807175
2184.274292	-119.112122
2184.947205	-119.333679
2185.620117	-118.931107
2186.293030	-117.089447
2186.965942	-115.840515
2187.638855	-116.492760
2188.311768	-116.743851
2188.984680	-116.949028
2189.657593	-117.392097
2190.330505	-116.889610
2191.003418	-117.067665
2191.676331	-118.592728
2192.349243	-118.035347
2193.022156	-117.863472
2193.695068	-119.117401
2194.367981	-118.737083
2195.040894	-120.478836
2195.713806	-119.881569
2196.386719	-119.530815
2197.059631	-120.218895
2197.732544	-120.792885
2198.405457	-118.888733
2199.078369	-118.750580
2199.751282	-119.079277
2200.424194	-119.331940
2201.097107	-118.560471
2201.770020	-119.335220
2202.442932	-119.492569
2203.115845	-120.143356
2203.788757	-118.998276
2204.461670	-118.882027
2205.134583	-118.555405
2205.807495	-118.484573
2206.480408	-118.782494
2207.153320	-118.654655
2207.826233	-118.631973
2208.499146	-118.435532
2209.172058	-118.657631
2209.844971	-118.406281
2210.517883	-119.294586
2211.190796	-119.226532
2211.863708	-119.214256
2212.536621	-120.215981
2213.209534	-118.114876
2213.882446	-118.312630
2214.555359	-119.464493
2215.228271	-118.403030
2215.901184	-117.708427
2216.574097	-117.713409
2217.247009	-119.014618
2217.919922	-118.720871
2218.592834	-119.086678
2219.265747	-119.450317
2219.938660	-118.775429
2220.611572	-118.230766
2221.284485	-117.788719
2221.957397	-118.477928
2222.630310	-119.772537
2223.303223	-119.031242
2223.976135	-118.102951
2224.649048	-116.963120
2225.321960	-117.066330
2225.994873	-118.405014
2226.667786	-118.027023
2227.340698	-117.714706
2228.013611	-118.426498
2228.686523	-118.721863
2229.359436	-119.651619
2230.032349	-119.745140
2230.705261	-119.268600
2231.378174	-118.455475
2232.051086	-117.888634
2232.723999	-117.838356
2233.396912	-119.033409
2234.069824	-119.710495
2234.742737	-119.148262
2235.415649	-119.568100
2236.088562	-119.659340
2236.761475	-119.816071
2237.434387	-118.875000
2238.107300	-119.041115
2238.780212	-119.749344
2239.453125	-118.624405
2240.126038	-119.921860
2240.798950	-119.659004
2241.471863	-118.575768
2242.144775	-118.583969
2242.817688	-118.871788
2243.490601	-120.556305
2244.163513	-120.376122
2244.836426	-120.685638
2245.509338	-119.050110
2246.182251	-118.998016
2246.855164	-119.121811
2247.528076	-118.279144
2248.200989	-119.096046
2248.873901	-119.763420
2249.546814	-120.480537
2250.219727	-120.414291
2250.892639	-119.355972
2251.565552	-119.892784
2252.238464	-120.252197
2252.911377	-119.932480
2253.584290	-120.107735
2254.257202	-118.877388
2254.930115	-118.198700
2255.603027	-118.811142
2256.275940	-118.821915
2256.948853	-120.036057
2257.621765	-121.033920
2258.294678	-119.750183
2258.967590	-118.024490
2259.640503	-118.093506
2260.313416	-118.020912
2260.986328	-118.675629
2261.659241	-119.453430
2262.332153	-119.293999
2263.005066	-118.404358
2263.677979	-117.937752
2264.350891	-119.065651
2265.023804	-118.363029
2265.696716	-119.402946
2266.369629	-119.292572
2267.042542	-119.149063
2267.715454	-118.342041
2268.388367	-118.594131
2269.061279	-118.711952
2269.734192	-118.356239
2270.407104	-117.433136
2271.080017	-116.852554
2271.752930	-117.932739
2272.425842	-118.743652
2273.098755	-118.998032
2273.771667	-120.585144
2274.444580	-120.877739
2275.117493	-119.786392
2275.790405	-119.289413
2276.463318	-119.335739
2277.136230	-119.779533
2277.809143	-119.051636
2278.482056	-118.881264
2279.154968	-119.486000
2279.827881	-117.970680
2280.500793	-118.113129
2281.173706	-119.624733
2281.846619	-118.962540
2282.519531	-118.513168
2283.192444	-118.515251
2283.865356	-119.447853
2284.538269	-119.465012
2285.211182	-120.330727
2285.884094	-119.063950
2286.557007	-119.647766
2287.229919	-119.128372
2287.902832	-118.967857
2288.575745	-119.127510
2289.248657	-119.859901
2289.921570	-120.499054
2290.594482	-120.399414
2291.267395	-120.543976
2291.940308	-120.524857
2292.613220	-119.906181
2293.286133	-119.521255
2293.959045	-118.289398
2294.631958	-118.954529
2295.304871	-120.341476
2295.977783	-120.235413
2296.650696	-119.986885
2297.323608	-119.339989
2297.996521	-119.786034
2298.669434	-119.878792
2299.342346	-118.578789
2300.015259	-119.523872
2300.688171	-119.844116
2301.361084	-119.907921
2302.033997	-118.878426
2302.706909	-119.140717
2303.379822	-118.162338
2304.052734	-118.329750
2304.725647	-119.932419
2305.398560	-120.546974
2306.071472	-119.127579
2306.744385	-118.966278
2307.417297	-119.267532
2308.090210	-120.322472
2308.763123	-120.842026
2309.436035	-119.619614
2310.108948	-118.504387
2310.781860	-118.650993
2311.454773	-121.125885
2312.127686	-122.043289
2312.800598	-120.024323
2313.473511	-119.993134
2314.146423	-119.847702
2314.819336	-119.439690
2315.492249	-119.770996
2316.165161	-118.591019
2316.838074	-119.594711
2317.510986	-119.505669
2318.183899	-119.248520
2318.856812	-119.402496
2319.529724	-119.688248
2320.202637	-119.249069
2320.875549	-119.661713
2321.548462	-119.233612
2322.221375	-119.412300
2322.894287	-119.797310
2323.567200	-119.971909
2324.240112	-120.320702
2324.913025	-119.769524
2325.585938	-120.307487
2326.258850	-119.671066
2326.931763	-119.040344
2327.604675	-119.425827
2328.277588	-119.481972
2328.950500	-119.832451
2329.623413	-120.340904
2330.296326	-120.266769
2330.969238	-119.215851
2331.642151	-118.908691
2332.315063	-119.813240
2332.987976	-119.910934
2333.660889	-119.558434
2334.333801	-119.698059
2335.006714	-118.884476
2335.679626	-119.837395
2336.352539	-120.681625
2337.025452	-120.932327
2337.698364	-121.269463
2338.371277	-120.414009
2339.044189	-120.357162
2339.717102	-120.806381
2340.390015	-120.378731
2341.062927	-118.551132
2341.735840	-118.777359
2342.408752	-119.254387
2343.081665	-119.614891
2343.754578	-120.365059
2344.427490	-119.047600
2345.100403	-118.723259
2345.773315	-118.698318
2346.446228	-118.779594
2347.119141	-120.287445
2347.792053	-119.829613
2348.464966	-119.238075
2349.137878	-118.717857
2349.810791	-119.252457
2350.483704	-120.651421
2351.156616	-119.883545
2351.829529	-119.877167
2352.502441	-119.852768
2353.175354	-119.655884
2353.848267	-118.899475
2354.521179	-119.001724
2355.194092	-119.322701
2355.867004	-118.680519
2356.539917	-118.888458
2357.212830	-118.974815
2357.885742	-118.609428
2358.558655	-118.954239
2359.231567	-119.627602
2359.904480	-118.518082
2360.577393	-119.168770
2361.250305	-119.666985
2361.923218	-119.567810
2362.596130	-118.624680
2363.269043	-119.607117
2363.941956	-120.576317
2364.614868	-120.241287
2365.287781	-119.165215
2365.960693	-118.373299
2366.633606	-118.694511
2367.306519	-120.122528
2367.979431	-120.424133
2368.652344	-120.388931
2369.325256	-119.368347
2369.998169	-119.278648
2370.671082	-119.641289
2371.343994	-119.408699
2372.016907	-119.160477
2372.689819	-120.491501
2373.362732	-119.568863
2374.035645	-118.713745
2374.708557	-119.183456
2375.381470	-119.944481
2376.054382	-120.230339
2376.727295	-119.086937
2377.400208	-119.512238
2378.073120	-119.415222
2378.746033	-119.027290
2379.418945	-119.499619
2380.091858	-118.825119
2380.764771	-119.351341
2381.437683	-120.069443
2382.110596	-120.861008
2382.783508	-119.484756
2383.456421	-118.667107
2384.129333	-119.308792
2384.802246	-119.162849
2385.475159	-118.706535
2386.148071	-119.273132
2386.820984	-119.769714
2387.493896	-120.180321
2388.166809	-120.330437
2388.839722	-119.773804
2389.512634	-119.186562
2390.185547	-119.130775
2390.858459	-118.980644
2391.531372	-119.315849
2392.204285	-119.820992
2392.877197	-119.342735
2393.550110	-119.651596
2394.223022	-119.618591
2394.895935	-118.827911
2395.568848	-119.408226
2396.241760	-119.394417
2396.914673	-120.336296
2397.587585	-119.173157
2398.260498	-118.551216
2398.933411	-118.475258
2399.606323	-118.616707
2400.279236	-118.671028
2400.952148	-119.545326
2401.625061	-118.844139
2402.297974	-119.578156
2402.970886	-119.717018
2403.643799	-119.174797
2404.316711	-119.300423
2404.989624	-119.801796
2405.662537	-119.547173
2406.335449	-120.206673
2407.008362	-120.451103
2407.681274	-120.288933
2408.354187	-119.184799
2409.027100	-119.805916
2409.700012	-120.459145
2410.372925	-120.177727
2411.045837	-121.085228
2411.718750	-121.644608
2412.391663	-120.880013
2413.064575	-120.587273
2413.737488	-119.475731
2414.410400	-118.769104
2415.083313	-119.676239
2415.756226	-120.401901
2416.429138	-119.982109
2417.102051	-119.287544
2417.774963	-119.033051
2418.447876	-119.856422
2419.120789	-119.369476
2419.793701	-119.592720
2420.466614	-120.417068
2421.139526	-120.508003
2421.812439	-118.816689
2422.485352	-119.909340
2423.158264	-120.476639
2423.831177	-120.015686
2424.504089	-119.206268
2425.177002	-117.380180
2425.849915	-117.345924
2426.522827	-118.995590
2427.195740	-120.439857
2427.868652	-119.379547
2428.541565	-119.591995
2429.214478	-120.632507
2429.887390	-120.401428
2430.560303	-119.714821
2431.233215	-118.949753
2431.906128	-119.268501
2432.579041	-119.402039
2433.251953	-119.416298
2433.924866	-119.390305
2434.597778	-119.384552
2435.270691	-120.699875
2435.943604	-119.324417
2436.616516	-119.337524
2437.289429	-119.508400
2437.962341	-120.816544
2438.635254	-119.909592
2439.308167	-119.423340
2439.981079	-119.431686
2440.653992	-118.980583
2441.326904	-118.723846
2441.999817	-118.440071
2442.672729	-118.660583
2443.345642	-118.857323
2444.018555	-119.087410
2444.691467	-120.404099
2445.364380	-120.129089
2446.037292	-120.389908
2446.710205	-119.175056
2447.383118	-119.566025
2448.056030	-118.562027
2448.728943	-117.495216
2449.401855	-117.956741
2450.074768	-118.632599
2450.747681	-119.546761
2451.420593	-118.939613
2452.093506	-117.889305
2452.766418	-117.805084
2453.439331	-117.876488
2454.112244	-119.159546
2454.785156	-120.335190
2455.458069	-120.169769
2456.130981	-119.955719
2456.803894	-119.153549
2457.476807	-119.334007
2458.149719	-120.578712
2458.822632	-120.010834
2459.495544	-118.953857
2460.168457	-119.914261
2460.841370	-121.675354
2461.514282	-121.229416
2462.187195	-119.924644
2462.860107	-120.172874
2463.533020	-119.858025
2464.205933	-120.397636
2464.878845	-120.140327
2465.551758	-119.490173
2466.224670	-118.915985
2466.897583	-119.165131
2467.570496	-120.472435
2468.243408	-119.395393
2468.916321	-119.151756
2469.589233	-118.906273
2470.262146	-119.443275
2470.935059	-120.282104
2471.607971	-121.880119
2472.280884	-119.424385
2472.953796	-118.419861
2473.626709	-119.124954
2474.299622	-120.182503
2474.972534	-119.608246
2475.645447	-120.083984
2476.318359	-121.023506
2476.991272	-120.549080
2477.664185	-119.797394
2478.337097	-120.243988
2479.010010	-120.118568
2479.682922	-119.577156
2480.355835	-120.385857
2481.028748	-120.008804
2481.701660	-119.687347
2482.374573	-120.465935
2483.047485	-121.103294
2483.720398	-120.491936
2484.393311	-119.402077
2485.066223	-119.182243
2485.739136	-118.763268
2486.412048	-119.449326
2487.084961	-118.515419
2487.757874	-118.691483
2488.430786	-119.349518
2489.103699	-119.601662
2489.776611	-119.873528
2490.449524	-119.789627
2491.122437	-119.144691
2491.795349	-119.168617
2492.468262	-118.620705
2493.141174	-117.796463
2493.814087	-119.037560
2494.487000	-119.787003
2495.159912	-119.348389
2495.832825	-119.383896
2496.505737	-121.047417
2497.178650	-120.502022
2497.851562	-118.987030
2498.524475	-118.691422
2499.197388	-118.967888
2499.870300	-120.543991
2500.543213	-120.479378
2501.216125	-120.205818
2501.889038	-119.520897
2502.561951	-119.080956
2503.234863	-119.857140
2503.907776	-119.465706
2504.580688	-118.656662
2505.253601	-118.732338
2505.926514	-119.936295
2506.599426	-119.560585
2507.272339	-119.719597
2507.945251	-120.026192
2508.618164	-119.815804
2509.291077	-118.785446
2509.963989	-118.357170
2510.636902	-118.420830
2511.309814	-118.689484
2511.982727	-119.948059
2512.655640	-119.913353
2513.328552	-121.362862
2514.001465	-120.834290
2514.674377	-119.215408
2515.347290	-120.378555
2516.020203	-120.092552
2516.693115	-120.689819
2517.366028	-120.566917
2518.038940	-120.253242
2518.711853	-119.144089
2519.384766	-118.464912
2520.057678	-118.194252
2520.730591	-119.455414
2521.403503	-120.451530
2522.076416	-119.644287
2522.749329	-120.067070
2523.422241	-119.389000
2524.095154	-120.217682
2524.768066	-119.965446
2525.440979	-119.206184
2526.113892	-119.106522
2526.786804	-118.572968
2527.459717	-118.642189
2528.132629	-119.405220
2528.805542	-118.389267
2529.478455	-119.800674
2530.151367	-120.503517
2530.824280	-119.442055
2531.497192	-118.875473
2532.170105	-120.020493
2532.843018	-119.946030
2533.515930	-120.175682
2534.188843	-119.496948
2534.861755	-118.649681
2535.534668	-119.221581
2536.207581	-120.613815
2536.880493	-120.070641
2537.553406	-119.345032
2538.226318	-120.297401
2538.899231	-119.728394
2539.572144	-119.121368
2540.245056	-119.401978
2540.917969	-119.045456
2541.590881	-119.970116
2542.263794	-119.049904
2542.936707	-119.608894
2543.609619	-118.940544
2544.282532	-118.927315
2544.955444	-119.391335
2545.628357	-119.044716
2546.301270	-119.057266
2546.974182	-119.368546
2547.647095	-119.095062
2548.320007	-120.285477
2548.992920	-119.609474
2549.665833	-119.316559
2550.338745	-118.630150
2551.011658	-119.624962
2551.684570	-119.490318
2552.357483	-118.932289
2553.030396	-119.677811
2553.703308	-119.666412
2554.376221	-122.128960
2555.049133	-120.966904
2555.722046	-119.976608
2556.394958	-118.437988
2557.067871	-119.774979
2557.740784	-119.345421
2558.413696	-119.226242
2559.086609	-119.038193
2559.759521	-119.581055
2560.432434	-118.698875
2561.105347	-119.274773
2561.778259	-119.091904
2562.451172	-120.743256
2563.124084	-118.708389
2563.796997	-118.237762
2564.469910	-120.023491
2565.142822	-120.165718
2565.815735	-120.046227
2566.488647	-120.371338
2567.161560	-121.138565
2567.834473	-121.030182
2568.507385	-120.399094
2569.180298	-119.395340
2569.853210	-118.535355
2570.526123	-118.974518
2571.199036	-119.906456
2571.871948	-119.901825
2572.544861	-119.943352
2573.217773	-119.892616
2573.890686	-119.376221
2574.563599	-118.860634
2575.236511	-118.869888
2575.909424	-120.037498
2576.582336	-119.697853
2577.255249	-119.445000
2577.928162	-120.793022
2578.601074	-120.097763
2579.273987	-119.625153
2579.946899	-119.654190
2580.619812	-120.398216
2581.292725	-121.034332
2581.965637	-120.344788
2582.638550	-119.720940
2583.311462	-118.711533
2583.984375	-118.742805
2584.657288	-121.042160
2585.330200	-120.888321
2586.003113	-118.891129
2586.676025	-119.320297
2587.348938	-119.406158
2588.021851	-120.009827
2588.694763	-119.918930
2589.367676	-118.992645
2590.040588	-119.017624
2590.713501	-120.438995
2591.386414	-119.714035
2592.059326	-119.537331
2592.732239	-118.918007
2593.405151	-120.737282
2594.078064	-119.546417
2594.750977	-120.412674
2595.423889	-121.252731
2596.096802	-120.134857
2596.769714	-119.577644
2597.442627	-120.506866
2598.115540	-119.631088
2598.788452	-121.185928
2599.461365	-121.889221
2600.134277	-120.808975
2600.807190	-120.269501
2601.480103	-119.837578
2602.153015	-120.507561
2602.825928	-118.639954
2603.498840	-118.689308
2604.171753	-119.485016
2604.844666	-118.903168
2605.517578	-120.246353
2606.190491	-120.935600
2606.863403	-120.205780
2607.536316	-119.649483
2608.209229	-119.659554
2608.882141	-119.878944
2609.555054	-119.162758
2610.227966	-121.098457
2610.900879	-121.445641
2611.573792	-120.999069
2612.246704	-120.574509
2612.919617	-119.496506
2613.592529	-118.913414
2614.265442	-120.147171
2614.938354	-119.820374
2615.611267	-118.773392
2616.284180	-117.848801
2616.957092	-119.124527
2617.630005	-120.112495
2618.302917	-120.826530
2618.975830	-120.709145
2619.648743	-120.609970
2620.321655	-119.242935
2620.994568	-119.166237
2621.667480	-119.219345
2622.340393	-119.034592
2623.013306	-120.692795
2623.686218	-120.411079
2624.359131	-119.704994
2625.032043	-120.026077
2625.704956	-119.741333
2626.377869	-117.490196
2627.050781	-118.958847
2627.723694	-119.202499
2628.396606	-118.868927
2629.069519	-120.105011
2629.742432	-119.526100
2630.415344	-119.830528
2631.088257	-119.664101
2631.761169	-118.889389
2632.434082	-118.803307
2633.106995	-119.173904
2633.779907	-120.203835
2634.452820	-120.219719
2635.125732	-119.505898
2635.798645	-118.173180
2636.471558	-118.461250
2637.144470	-119.333092
2637.817383	-120.295120
2638.490295	-119.817276
2639.163208	-119.519638
2639.836121	-119.859535
2640.509033	-119.778191
2641.181946	-119.036835
2641.854858	-118.571709
2642.527771	-119.330086
2643.200684	-119.527496
2643.873596	-120.051460
2644.546509	-120.099113
2645.219421	-120.003838
2645.892334	-120.687889
2646.565247	-120.306183
2647.238159	-119.034775
2647.911072	-118.870445
2648.583984	-119.818115
2649.256897	-119.836449
2649.929810	-120.065269
2650.602722	-121.308067
2651.275635	-119.632492
2651.948547	-119.382309
2652.621460	-119.899551
2653.294373	-120.017555
2653.967285	-120.378387
2654.640198	-119.759827
2655.313110	-119.399712
2655.986023	-119.307236
2656.658936	-118.247803
2657.331848	-118.754906
2658.004761	-119.830246
2658.677673	-119.807808
2659.350586	-118.604233
2660.023499	-119.413483
2660.696411	-119.499161
2661.369324	-119.055717
2662.042236	-119.384857
2662.715149	-119.816353
2663.388062	-120.042152
2664.060974	-120.237640
2664.733887	-119.388916
2665.406799	-120.112099
2666.079712	-120.085167
2666.752625	-118.891167
2667.425537	-119.866463
2668.098450	-120.336311
2668.771362	-121.475601
2669.444275	-120.794563
2670.117188	-119.801910
2670.790100	-119.592133
2671.463013	-119.613243
2672.135925	-120.504372
2672.808838	-119.517166
2673.481750	-118.916588
2674.154663	-119.046318
2674.827576	-120.178093
2675.500488	-119.780785
2676.173401	-118.779839
2676.846313	-120.257965
2677.519226	-120.436287
2678.192139	-119.581932
2678.865051	-118.906898
2679.537964	-118.415688
2680.210876	-118.800644
2680.883789	-120.621689
2681.556702	-120.032684
2682.229614	-119.421249
2682.902527	-119.408424
2683.575439	-119.844536
2684.248352	-120.073563
2684.921265	-120.558617
2685.594177	-120.771912
2686.267090	-120.240211
2686.940002	-119.148117
2687.612915	-119.184105
2688.285828	-119.094543
2688.958740	-118.871193
2689.631653	-118.818169
2690.304565	-119.147560
2690.977478	-118.720978
2691.650391	-119.293594
2692.323303	-119.643547
2692.996216	-119.428902
2693.669128	-119.618187
2694.342041	-119.236740
2695.014954	-119.317200
2695.687866	-119.683586
2696.360779	-119.202057
2697.033691	-120.687233
2697.706604	-120.360222
2698.379517	-119.379494
2699.052429	-120.179855
2699.725342	-121.078720
2700.398254	-121.145020
2701.071167	-120.368614
2701.744080	-120.218018
2702.416992	-119.145874
2703.089905	-119.572571
2703.762817	-120.636086
2704.435730	-120.176392
2705.108643	-118.833992
2705.781555	-118.277092
2706.454468	-118.976707
2707.127380	-119.755020
2707.800293	-120.378380
2708.473206	-120.389885
2709.146118	-120.221725
2709.819031	-120.551231
2710.491943	-120.881180
2711.164856	-120.240974
2711.837769	-120.295410
2712.510681	-120.122696
2713.183594	-119.828697
2713.856506	-120.780540
2714.529419	-120.173599
2715.202332	-119.250107
2715.875244	-119.068146
2716.548157	-119.507072
2717.221069	-120.731346
2717.893982	-120.334984
2718.566895	-119.477028
2719.239807	-120.336266
2719.912720	-120.899002
2720.585632	-119.889030
2721.258545	-119.698524
2721.931458	-119.622223
2722.604370	-119.827354
2723.277283	-118.759445
2723.950195	-118.917618
2724.623108	-118.423965
2725.296021	-118.620140
2725.968933	-119.288971
2726.641846	-120.287666
2727.314758	-121.348763
2727.987671	-120.620041
2728.660583	-120.195694
2729.333496	-119.839394
2730.006409	-120.018967
2730.679321	-118.102318
2731.352234	-118.499100
2732.025146	-119.662300
2732.698059	-119.510178
2733.370972	-118.637100
2734.043884	-118.523445
2734.716797	-118.352165
2735.389709	-119.113388
2736.062622	-119.698364
2736.735535	-118.908623
2737.408447	-119.445213
2738.081360	-120.491653
2738.754272	-119.816307
2739.427185	-119.360313
2740.100098	-119.600578
2740.773010	-119.759109
2741.445923	-121.108032
2742.118835	-120.957657
2742.791748	-119.911644
2743.464661	-119.496399
2744.137573	-119.402138
2744.810486	-120.649666
2745.483398	-120.766815
2746.156311	-119.865524
2746.829224	-120.457664
2747.502136	-120.908791
2748.175049	-120.327606
2748.847961	-121.067177
2749.520874	-121.745720
2750.193787	-121.150360
2750.866699	-119.982979
2751.539612	-119.145538
2752.212524	-119.834709
2752.885437	-119.879082
2753.558350	-119.475655
2754.231262	-120.835503
2754.904175	-120.607803
2755.577087	-120.775597
2756.250000	-121.190918
2756.922913	-121.081490
2757.595825	-119.821526
2758.268738	-119.177391
2758.941650	-119.459808
2759.614563	-120.877869
2760.287476	-121.096863
2760.960388	-119.652771
2761.633301	-118.975784
2762.306213	-119.953712
2762.979126	-120.431099
2763.652039	-120.215767
2764.324951	-120.791489
2764.997864	-120.097336
2765.670776	-119.595650
2766.343689	-119.131630
2767.016602	-120.696190
2767.689514	-120.595329
2768.362427	-119.551620
2769.035339	-119.657974
2769.708252	-120.397713
2770.381165	-119.867271
2771.054077	-119.501846
2771.726990	-119.232880
2772.399902	-119.301994
2773.072815	-119.893806
2773.745728	-119.655540
2774.418640	-120.151749
2775.091553	-119.351906
2775.764465	-118.777763
2776.437378	-119.570930
2777.110291	-119.972435
2777.783203	-119.551117
2778.456116	-120.080116
2779.129028	-120.203995
2779.801941	-119.355049
2780.474854	-119.272408
2781.147766	-119.760384
2781.820679	-120.652534
2782.493591	-119.795403
2783.166504	-118.896545
2783.839417	-119.303383
2784.512329	-118.684570
2785.185242	-120.037857
2785.858154	-119.897667
2786.531067	-119.127861
2787.203979	-119.336769
2787.876892	-119.309135
2788.549805	-119.157715
2789.222717	-118.709900
2789.895630	-118.748283
2790.568542	-119.510696
2791.241455	-120.260330
2791.914368	-120.894341
2792.587280	-119.556465
2793.260193	-120.051079
2793.933105	-119.294121
2794.606018	-119.254417
2795.278931	-119.754921
2795.951843	-119.445084
2796.624756	-120.434624
2797.297668	-121.046333
2797.970581	-120.183685
2798.643494	-118.405090
2799.316406	-118.431152
2799.989319	-118.600288
2800.662231	-118.686768
2801.335144	-120.226143
2802.008057	-120.452652
2802.680969	-119.099648
2803.353882	-119.189316
2804.026794	-119.279610
2804.699707	-119.231758
2805.372620	-119.619514
2806.045532	-120.863312
2806.718445	-119.957565
2807.391357	-118.819534
2808.064270	-119.605453
2808.737183	-119.416580
2809.410095	-119.635551
2810.083008	-121.292458
2810.755920	-121.808281
2811.428833	-120.120407
2812.101746	-120.960434
2812.774658	-120.709023
2813.447571	-120.522247
2814.120483	-118.776428
2814.793396	-119.343361
2815.466309	-119.481567
2816.139221	-118.561363
2816.812134	-118.615044
2817.485046	-119.604782
2818.157959	-119.835442
2818.830872	-120.188797
2819.503784	-119.354683
2820.176697	-120.432121
2820.849609	-120.213989
2821.522522	-119.524872
2822.195435	-120.254166
2822.868347	-119.129036
2823.541260	-118.774849
2824.214172	-119.584839
2824.887085	-119.653221
2825.559998	-119.775459
2826.232910	-119.959549
2826.905823	-120.139450
2827.578735	-119.231026
2828.251648	-119.601105
2828.924561	-118.861221
2829.597473	-119.375969
2830.270386	-119.691010
2830.943298	-119.228996
2831.616211	-118.487976
2832.289124	-119.326324
2832.962036	-119.228210
2833.634949	-118.168938
2834.307861	-119.492767
2834.980774	-120.218597
2835.653687	-119.468193
2836.326599	-119.478622
2836.999512	-119.745148
2837.672424	-119.348083
2838.345337	-119.646683
2839.018250	-119.526169
2839.691162	-120.212296
2840.364075	-120.476273
2841.036987	-119.380981
2841.709900	-120.648300
2842.382812	-120.465675
2843.055725	-119.555916
2843.728638	-119.851753
2844.401550	-120.622566
2845.074463	-120.883224
2845.747375	-121.612633
2846.420288	-120.951469
2847.093201	-119.510887
2847.766113	-119.282364
2848.439026	-120.614159
2849.111938	-120.639450
2849.784851	-120.366180
2850.457764	-120.582436
2851.130676	-120.102921
2851.803589	-118.790215
2852.476501	-118.898598
2853.149414	-120.910667
2853.822327	-120.100357
2854.495239	-119.726097
2855.168152	-119.342537
2855.841064	-119.779213
2856.513977	-121.229378
2857.186890	-120.811028
2857.859802	-119.481453
2858.532715	-119.760460
2859.205627	-119.954063
2859.878540	-119.741112
2860.551453	-119.257721
2861.224365	-119.430710
2861.897278	-120.197906
2862.570190	-120.912735
2863.243103	-120.032318
2863.916016	-119.010223
2864.588928	-118.344902
2865.261841	-119.005081
2865.934753	-120.873489
2866.607666	-119.674965
2867.280579	-119.118858
2867.953491	-119.187775
2868.626404	-120.055489
2869.299316	-120.753807
2869.972229	-121.150383
2870.645142	-120.451630
2871.318054	-119.720192
2871.990967	-119.676140
2872.663879	-121.002060
2873.336792	-120.488487
2874.009705	-119.418037
2874.682617	-120.726501
2875.355530	-120.844238
2876.028442	-120.484032
2876.701355	-119.381157
2877.374268	-119.681992
2878.047180	-119.942352
2878.720093	-118.819023
2879.393005	-118.420654
2880.065918	-119.566833
2880.738831	-120.337555
2881.411743	-120.693962
2882.084656	-119.629639
2882.757568	-119.629181
2883.430481	-119.187111
2884.103394	-119.815506
2884.776306	-119.924622
2885.449219	-119.945610
2886.122131	-120.652084
2886.795044	-118.974182
2887.467957	-118.829636
2888.140869	-119.528732
2888.813782	-121.310654
2889.486694	-120.800438
2890.159607	-120.108856
2890.832520	-119.393112
2891.505432	-119.135971
2892.178345	-118.845505
2892.851257	-119.153824
2893.524170	-119.871658
2894.197083	-119.801880
2894.869995	-119.452736
2895.542908	-120.268623
2896.215820	-118.911858
2896.888733	-119.928558
2897.561646	-121.762917
2898.234558	-119.985809
2898.907471	-119.116425
2899.580383	-120.019722
2900.253296	-120.125351
2900.926208	-119.911247
2901.599121	-119.946640
2902.272034	-118.495995
2902.944946	-119.446503
2903.617859	-120.219421
2904.290771	-119.998482
2904.963684	-120.709587
2905.636597	-119.441277
2906.309509	-119.151802
2906.982422	-121.295586
2907.655334	-120.845123
2908.328247	-119.513824
2909.001160	-119.912651
2909.674072	-119.408852
2910.346985	-118.275948
2911.019897	-118.995056
2911.692810	-119.597610
2912.365723	-118.658203
2913.038635	-119.063606
2913.711548	-120.320114
2914.384460	-119.855820
2915.057373	-120.010834
2915.730286	-121.028175
2916.403198	-120.047943
2917.076111	-121.152313
2917.749023	-120.309120
2918.421936	-120.640450
2919.094849	-121.133469
2919.767761	-119.616257
2920.440674	-119.549973
2921.113586	-120.355774
2921.786499	-120.506355
2922.459412	-120.869682
2923.132324	-120.227509
2923.805237	-119.671104
2924.478149	-118.834274
2925.151062	-119.278870
2925.823975	-120.238853
2926.496887	-119.293282
2927.169800	-119.933266
2927.842712	-119.278755
2928.515625	-120.733788
2929.188538	-121.120895
2929.861450	-119.882019
2930.534363	-119.969894
2931.207275	-120.263954
2931.880188	-120.634247
2932.553101	-119.966003
2933.226013	-119.890701
2933.898926	-119.774017
2934.571838	-118.578354
2935.244751	-118.216705
2935.917664	-119.774826
2936.590576	-121.356979
2937.263489	-121.343094
2937.936401	-120.436142
2938.609314	-121.877113
2939.282227	-120.093910
2939.955139	-119.411667
2940.628052	-119.454613
2941.300964	-119.201050
2941.973877	-119.391129
2942.646790	-119.770668
2943.319702	-119.753349
2943.992615	-121.040916
2944.665527	-119.727325
2945.338440	-120.194695
2946.011353	-119.610641
2946.684265	-120.231995
2947.357178	-120.364006
2948.030090	-118.301651
2948.703003	-118.579605
2949.375916	-119.317825
2950.048828	-120.212486
2950.721741	-119.319862
2951.394653	-119.784180
2952.067566	-120.108833
2952.740479	-120.487328
2953.413391	-121.086266
2954.086304	-120.516472
2954.759216	-120.249146
2955.432129	-119.897598
2956.105042	-120.186623
2956.777954	-119.744232
2957.450867	-119.355675
2958.123779	-119.486145
2958.796692	-120.652870
2959.469604	-120.069443
2960.142517	-120.090057
2960.815430	-121.036674
2961.488342	-120.085815
2962.161255	-119.042046
2962.834167	-119.737785
2963.507080	-120.963913
2964.179993	-119.018013
2964.852905	-120.434700
2965.525818	-120.306488
2966.198730	-119.655167
2966.871643	-120.973412
2967.544556	-120.677124
2968.217468	-119.674171
2968.890381	-119.687477
2969.563293	-119.264450
2970.236206	-119.952637
2970.909119	-119.069839
2971.582031	-118.426910
2972.254944	-119.213783
2972.927856	-120.211533
2973.600769	-119.422943
2974.273682	-120.011070
2974.946594	-121.336098
2975.619507	-122.406593
2976.292419	-120.791679
2976.965332	-119.755348
2977.638245	-119.616165
2978.311157	-120.428383
2978.984070	-119.621056
2979.656982	-119.143776
2980.329895	-119.358208
2981.002808	-120.304916
2981.675720	-119.315086
2982.348633	-118.474426
2983.021545	-119.953857
2983.694458	-119.803154
2984.367371	-119.156448
2985.040283	-119.124283
2985.713196	-120.066437
2986.386108	-119.760971
2987.059021	-119.815285
2987.731934	-120.382790
2988.404846	-121.259880
2989.077759	-121.135658
2989.750671	-120.039276
2990.423584	-118.942978
2991.096497	-119.504471
2991.769409	-119.679543
2992.442322	-120.444946
2993.115234	-119.849945
2993.788147	-120.045494
2994.461060	-120.589355
2995.133972	-120.150375
2995.806885	-119.949478
2996.479797	-120.593567
2997.152710	-120.185883
2997.825623	-120.133514
2998.498535	-119.304718
2999.171448	-118.957787
2999.844360	-119.233360
3000.517273	-119.054108
3001.190186	-118.652992
3001.863098	-120.145615
3002.536011	-120.540176
3003.208923	-120.267151
3003.881836	-119.236885
3004.554749	-119.316727
3005.227661	-120.327782
3005.900574	-120.671326
3006.573486	-120.860359
3007.246399	-122.239449
3007.919312	-121.344421
3008.592224	-120.001434
3009.265137	-120.262154
3009.938049	-120.312332
3010.610962	-119.384468
3011.283875	-119.331451
3011.956787	-118.754166
3012.629700	-118.828995
3013.302612	-119.572906
3013.975525	-120.755653
3014.648438	-119.638268
3015.321350	-118.846558
3015.994263	-119.208199
3016.667175	-120.267036
3017.340088	-121.039406
3018.013000	-120.512184
3018.685913	-119.754097
3019.358826	-119.484100
3020.031738	-119.222145
3020.704651	-120.223709
3021.377563	-120.253983
3022.050476	-119.475723
3022.723389	-118.957520
3023.396301	-121.025490
3024.069214	-121.160675
3024.742126	-120.611458
3025.415039	-119.760498
3026.087952	-120.701607
3026.760864	-120.624741
3027.433777	-118.474625
3028.106689	-119.368240
3028.779602	-120.655075
3029.452515	-119.375069
3030.125427	-119.782715
3030.798340	-119.618034
3031.471252	-119.453430
3032.144165	-119.031487
3032.817078	-119.203842
3033.489990	-119.753815
3034.162903	-119.640839
3034.835815	-120.218880
3035.508728	-119.342255
3036.181641	-119.241760
3036.854553	-120.056953
3037.527466	-120.960007
3038.200378	-120.017807
3038.873291	-120.448723
3039.546204	-120.688759
3040.219116	-120.443245
3040.892029	-119.952789
3041.564941	-119.117416
3042.237854	-120.279327
3042.910767	-120.732056
3043.583679	-121.055840
3044.256592	-120.683411
3044.929504	-119.242378
3045.602417	-119.946457
3046.275330	-120.506012
3046.948242	-121.046684
3047.621155	-120.698174
3048.294067	-119.683548
3048.966980	-119.767838
3049.639893	-119.401291
3050.312805	-120.338379
3050.985718	-120.590752
3051.658630	-120.645233
3052.331543	-119.134163
3053.004456	-119.497375
3053.677368	-120.116417
3054.350281	-119.917397
3055.023193	-119.641342
3055.696106	-120.229424
3056.369019	-119.800934
3057.041931	-120.261581
3057.714844	-120.248085
3058.387756	-120.949852
3059.060669	-120.236534
3059.733582	-118.483681
3060.406494	-119.416336
3061.079407	-118.980774
3061.752319	-119.722221
3062.425232	-120.640892
3063.098145	-119.253632
3063.771057	-118.756927
3064.443970	-118.712883
3065.116882	-118.573441
3065.789795	-119.490189
3066.462708	-120.413132
3067.135620	-119.839249
3067.808533	-120.293808
3068.481445	-120.731941
3069.154358	-121.305916
3069.827271	-120.367661
3070.500183	-119.527290
3071.173096	-120.093414
3071.846008	-121.045959
3072.518921	-120.951004
3073.191833	-120.144211
3073.864746	-118.673843
3074.537659	-118.769394
3075.210571	-119.179176
3075.883484	-119.736877
3076.556396	-120.404083
3077.229309	-119.684822
3077.902222	-120.049263
3078.575134	-119.838097
3079.248047	-119.174789
3079.920959	-119.509842
3080.593872	-119.024750
3081.266785	-119.324455
3081.939697	-120.731712
3082.612610	-119.609680
3083.285522	-120.395020
3083.958435	-120.350632
3084.631348	-120.153625
3085.304260	-120.507774
3085.977173	-120.542786
3086.650085	-120.207558
3087.322998	-118.881493
3087.995911	-119.050270
3088.668823	-119.761414
3089.341736	-120.038872
3090.014648	-119.216095
3090.687561	-119.781990
3091.360474	-120.158455
3092.033386	-119.546600
3092.706299	-119.937431
3093.379211	-120.838791
3094.052124	-120.615486
3094.725037	-119.702927
3095.397949	-119.300682
3096.070862	-119.847313
3096.743774	-121.162033
3097.416687	-121.610031
3098.089600	-120.816040
3098.762512	-119.693665
3099.435425	-119.179665
3100.108337	-119.134346
3100.781250	-120.126595
3101.454163	-119.709702
3102.127075	-119.795563
3102.799988	-120.619202
3103.472900	-120.776749
3104.145813	-120.806114
3104.818726	-120.048965
3105.491638	-119.978302
3106.164551	-119.552094
3106.837463	-118.692497
3107.510376	-119.321693
3108.183289	-119.844231
3108.856201	-119.983673
3109.529114	-119.938614
3110.202026	-120.307503
3110.874939	-119.921204
3111.547852	-119.026840
3112.220764	-119.759735
3112.893677	-120.156357
3113.566589	-120.123856
3114.239502	-120.214630
3114.912415	-120.100700
3115.585327	-120.098557
3116.258240	-119.981255
3116.931152	-120.067177
3117.604065	-120.192497
3118.276978	-119.845474
3118.949890	-119.466820
3119.622803	-120.326805
3120.295715	-119.139053
3120.968628	-119.442162
3121.641541	-119.580605
3122.314453	-119.034355
3122.987366	-118.914009
3123.660278	-119.498207
3124.333191	-120.954178
3125.006104	-120.899376
3125.679016	-121.130753
3126.351929	-121.482628
3127.024841	-121.607704
3127.697754	-119.743263
3128.370667	-120.634781
3129.043579	-120.078514
3129.716492	-119.365646
3130.389404	-119.423508
3131.062317	-120.038757
3131.735229	-121.133553
3132.408142	-118.869476
3133.081055	-119.477425
3133.753967	-120.024147
3134.426880	-120.802162
3135.099792	-119.391869
3135.772705	-118.908432
3136.445618	-119.252426
3137.118530	-119.738945
3137.791443	-119.754074
3138.464355	-119.764313
3139.137268	-120.467216
3139.810181	-119.667679
3140.483093	-119.261986
3141.156006	-119.273163
3141.828918	-118.785118
3142.501831	-119.930229
3143.174744	-120.035919
3143.847656	-119.523026
3144.520569	-120.197693
3145.193481	-119.687340
3145.866394	-119.053513
3146.539307	-119.372002
3147.212219	-120.691406
3147.885132	-120.323219
3148.558044	-118.993835
3149.230957	-119.236290
3149.903870	-120.283997
3150.576782	-120.138199
3151.249695	-120.279663
3151.922607	-120.241234
3152.595520	-120.792870
3153.268433	-120.066528
3153.941345	-119.392883
3154.614258	-119.723343
3155.287170	-119.863007
3155.960083	-119.193024
3156.632996	-119.905403
3157.305908	-120.213715
3157.978821	-119.485886
3158.651733	-119.620522
3159.324646	-119.211533
3159.997559	-118.562225
3160.670471	-119.146805
3161.343384	-119.098640
3162.016296	-119.923882
3162.689209	-119.956421
3163.362122	-118.722496
3164.035034	-119.203537
3164.707947	-119.851624
3165.380859	-120.070480
3166.053772	-119.793930
3166.726685	-120.285690
3167.399597	-120.387314
3168.072510	-120.409920
3168.745422	-118.901543
3169.418335	-117.922188
3170.091248	-118.998367
3170.764160	-119.525101
3171.437073	-120.426338
3172.109985	-120.600975
3172.782898	-120.978310
3173.455811	-120.356842
3174.128723	-119.192192
3174.801636	-118.504242
3175.474548	-119.540024
3176.147461	-118.930542
3176.820374	-117.777954
3177.493286	-119.608757
3178.166199	-119.898041
3178.839111	-119.730011
3179.512024	-121.370583
3180.184937	-120.987976
3180.857849	-120.714348
3181.530762	-119.997421
3182.203674	-119.835136
3182.876587	-120.774467
3183.549500	-120.571167
3184.222412	-119.921730
3184.895325	-120.015060
3185.568237	-120.457603
3186.241150	-119.487251
3186.914062	-119.321945
3187.586975	-119.722519
3188.259888	-120.178276
3188.932800	-120.017609
3189.605713	-120.345078
3190.278625	-120.416641
3190.951538	-119.534126
3191.624451	-119.319611
3192.297363	-118.592384
3192.970276	-118.788910
3193.643188	-119.877213
3194.316101	-120.925804
3194.989014	-121.337646
3195.661926	-119.420456
3196.334839	-119.323975
3197.007751	-120.801132
3197.680664	-120.229530
3198.353577	-120.320030
3199.026489	-119.866417
3199.699402	-120.007927
3200.372314	-120.450424
3201.045227	-119.898933
3201.718140	-120.488464
3202.391052	-121.121399
3203.063965	-119.342842
3203.736877	-118.960640
3204.409790	-121.202469
3205.082703	-120.779259
3205.755615	-120.068848
3206.428528	-120.655685
3207.101440	-119.970810
3207.774353	-119.796913
3208.447266	-120.164536
3209.120178	-119.013512
3209.793091	-119.262726
3210.466003	-120.161850
3211.138916	-119.582687
3211.811829	-120.127083
3212.484741	-120.261299
3213.157654	-120.886978
3213.830566	-119.860146
3214.503479	-118.810295
3215.176392	-119.844025
3215.849304	-121.026672
3216.522217	-120.909264
3217.195129	-119.713203
3217.868042	-118.639908
3218.540955	-118.599487
3219.213867	-119.808281
3219.886780	-120.951111
3220.559692	-119.301125
3221.232605	-119.553238
3221.905518	-119.943520
3222.578430	-119.700806
3223.251343	-119.619194
3223.924255	-118.645386
3224.597168	-119.527023
3225.270081	-119.800957
3225.942993	-118.754265
3226.615906	-119.050957
3227.288818	-119.258499
3227.961731	-119.845093
3228.634644	-120.430534
3229.307556	-120.293678
3229.980469	-121.010132
3230.653381	-119.834961
3231.326294	-119.102646
3231.999207	-120.155853
3232.672119	-120.299721
3233.345032	-120.827606
3234.017944	-120.186638
3234.690857	-119.463692
3235.363770	-119.964523
3236.036682	-119.988579
3236.709595	-119.252747
3237.382507	-118.317566
3238.055420	-119.063751
3238.728333	-119.367966
3239.401245	-119.459091
3240.074158	-119.488167
3240.747070	-118.999962
3241.419983	-119.785889
3242.092896	-120.306625
3242.765808	-119.746452
3243.438721	-119.720009
3244.111633	-119.508934
3244.784546	-119.329369
3245.457458	-119.506836
3246.130371	-120.802292
3246.803284	-119.680183
3247.476196	-119.179237
3248.149109	-119.285316
3248.822021	-119.278008
3249.494934	-119.234215
3250.167847	-120.290260
3250.840759	-119.763550
3251.513672	-118.442596
3252.186584	-119.968765
3252.859497	-120.013374
3253.532410	-120.305984
3254.205322	-120.518341
3254.878235	-120.169960
3255.551147	-121.375191
3256.224060	-119.750427
3256.896973	-119.488136
3257.569885	-120.073792
3258.242798	-118.629539
3258.915710	-119.919388
3259.588623	-120.468498
3260.261536	-121.293907
3260.934448	-118.995155
3261.607361	-118.892952
3262.280273	-120.376472
3262.953186	-120.831032
3263.626099	-120.287743
3264.299011	-119.371414
3264.971924	-119.783195
3265.644836	-120.559662
3266.317749	-120.052002
3266.990662	-119.363556
3267.663574	-119.428619
3268.336487	-118.327034
3269.009399	-117.747231
3269.682312	-119.004890
3270.355225	-119.920700
3271.028137	-119.403343
3271.701050	-120.711174
3272.373962	-121.042267
3273.046875	-121.063370
3273.719788	-120.886742
3274.392700	-120.937943
3275.065613	-119.338753
3275.738525	-119.478149
3276.411438	-120.345810
3277.084351	-119.228973
3277.757263	-118.820381
3278.430176	-120.514420
3279.103088	-119.538574
3279.776001	-119.563782
3280.448914	-120.705925
3281.121826	-120.228577
3281.794739	-120.273483
3282.467651	-120.536568
3283.140564	-120.303223
3283.813477	-120.248077
3284.486389	-120.520729
3285.159302	-119.541992
3285.832214	-119.969139
3286.505127	-119.695709
3287.178040	-119.245735
3287.850952	-119.631630
3288.523865	-120.599190
3289.196777	-120.554283
3289.869690	-120.669304
3290.542603	-118.853737
3291.215515	-119.250061
3291.888428	-120.600273
3292.561340	-119.793228
3293.234253	-119.523102
3293.907166	-119.841904
3294.580078	-120.794243
3295.252991	-120.497612
3295.925903	-119.443687
3296.598816	-119.148247
3297.271729	-120.482773
3297.944641	-120.125381
3298.617554	-120.001129
3299.290466	-120.631187
3299.963379	-120.181625
3300.636292	-120.474747
3301.309204	-119.727974
3301.982117	-119.634140
3302.655029	-119.250183
3303.327942	-119.697388
3304.000854	-120.132797
3304.673767	-120.440125
3305.346680	-120.926765
3306.019592	-121.052956
3306.692505	-120.392250
3307.365417	-120.511818
3308.038330	-120.547073
3308.711243	-120.887108
3309.384155	-120.139381
3310.057068	-119.654671
3310.729980	-120.077126
3311.402893	-120.002083
3312.075806	-120.089714
3312.748718	-119.349014
3313.421631	-120.217537
3314.094543	-119.244400
3314.767456	-118.185555
3315.440369	-119.590042
3316.113281	-120.300514
3316.786194	-119.927437
3317.459106	-119.894226
3318.132019	-119.997124
3318.804932	-119.486458
3319.477844	-119.392464
3320.150757	-119.193703
3320.823669	-119.926712
3321.496582	-120.438393
3322.169495	-120.757454
3322.842407	-119.139557
3323.515320	-118.751755
3324.188232	-118.825294
3324.861145	-119.264969
3325.534058	-120.463959
3326.206970	-119.811211
3326.879883	-119.419266
3327.552795	-119.977127
3328.225708	-119.645943
3328.898621	-118.528671
3329.571533	-119.622414
3330.244446	-120.210251
3330.917358	-120.535301
3331.590271	-120.426277
3332.263184	-119.830032
3332.936096	-119.785324
3333.609009	-119.934860
3334.281921	-120.623238
3334.954834	-120.298386
3335.627747	-119.475021
3336.300659	-119.587196
3336.973572	-119.816681
3337.646484	-119.658936
3338.319397	-120.935333
3338.992310	-119.973579
3339.665222	-119.582405
3340.338135	-119.018745
3341.011047	-119.064278
3341.683960	-118.734200
3342.356873	-119.744293
3343.029785	-120.622185
3343.702698	-119.649101
3344.375610	-119.992233
3345.048523	-119.746758
3345.721436	-119.937462
3346.394348	-120.596382
3347.067261	-119.671700
3347.740173	-119.219612
3348.413086	-119.680237
3349.085999	-120.090050
3349.758911	-120.092506
3350.431824	-120.872398
3351.104736	-121.326836
3351.777649	-120.117966
3352.450562	-120.775383
3353.123474	-119.631935
3353.796387	-120.586845
3354.469299	-120.523399
3355.142212	-118.532822
3355.815125	-119.085831
3356.488037	-119.057159
3357.160950	-120.076340
3357.833862	-119.919037
3358.506775	-119.674156
3359.179688	-120.715965
3359.852600	-120.106773
3360.525513	-119.595474
3361.198425	-119.412331
3361.871338	-119.654694
3362.544250	-119.916718
3363.217163	-120.313042
3363.890076	-120.758476
3364.562988	-120.607658
3365.235901	-120.839989
3365.908813	-122.428619
3366.581726	-121.265991
3367.254639	-119.547966
3367.927551	-119.515762
3368.600464	-119.751434
3369.273376	-120.377701
3369.946289	-120.468292
3370.619202	-119.461128
3371.292114	-119.656815
3371.965027	-120.520660
3372.637939	-120.266579
3373.310852	-120.907906
3373.983765	-119.939842
3374.656677	-119.131569
3375.329590	-118.999886
3376.002502	-119.959335
3376.675415	-120.483513
3377.348328	-119.980934
3378.021240	-119.796936
3378.694153	-119.559685
3379.367065	-120.002167
3380.039978	-119.992004
3380.712891	-120.088150
3381.385803	-119.984245
3382.058716	-120.305771
3382.731628	-120.058624
3383.404541	-120.527031
3384.077454	-119.984543
3384.750366	-120.396294
3385.423279	-120.456398
3386.096191	-120.559624
3386.769104	-119.212112
3387.442017	-118.838661
3388.114929	-119.668930
3388.787842	-120.402580
3389.460754	-119.083008
3390.133667	-119.342331
3390.806580	-119.452744
3391.479492	-119.288223
3392.152405	-120.727280
3392.825317	-121.026939
3393.498230	-120.922073
3394.171143	-120.306648
3394.844055	-119.433205
3395.516968	-119.661140
3396.189880	-120.337921
3396.862793	-120.714218
3397.535706	-119.866463
3398.208618	-120.373535
3398.881531	-120.570015
3399.554443	-120.330826
3400.227356	-119.593292
3400.900269	-119.274902
3401.573181	-120.403580
3402.246094	-120.881432
3402.919006	-120.363754
3403.591919	-120.463280
3404.264832	-119.451378
3404.937744	-118.866547
3405.610657	-118.639160
3406.283569	-119.311409
3406.956482	-118.831963
3407.629395	-119.022110
3408.302307	-120.218506
3408.975220	-120.012573
3409.648132	-119.802284
3410.321045	-120.601013
3410.993958	-119.877060
3411.666870	-119.782219
3412.339783	-121.504990
3413.012695	-120.716476
3413.685608	-120.263123
3414.358521	-119.840462
3415.031433	-119.780792
3415.704346	-121.326469
3416.377258	-119.215637
3417.050171	-119.634682
3417.723083	-119.840614
3418.395996	-120.113152
3419.068909	-119.262634
3419.741821	-120.017815
3420.414734	-120.832085
3421.087646	-119.285202
3421.760559	-119.657967
3422.433472	-119.696175
3423.106384	-119.865349
3423.779297	-120.248070
3424.452209	-120.304909
3425.125122	-120.795296
3425.798035	-120.134895
3426.470947	-120.193710
3427.143860	-121.514618
3427.816772	-120.481194
3428.489685	-120.339073
3429.162598	-120.320412
3429.835510	-121.257736
3430.508423	-120.004501
3431.181335	-119.386887
3431.854248	-118.183281
3432.527161	-117.804955
3433.200073	-118.949120
3433.872986	-119.230652
3434.545898	-119.858635
3435.218811	-119.884331
3435.891724	-121.503998
3436.564636	-120.120705
3437.237549	-118.971169
3437.910461	-120.130943
3438.583374	-121.124321
3439.256287	-121.415756
3439.929199	-121.098457
3440.602112	-121.247665
3441.275024	-120.006058
3441.947937	-119.147430
3442.620850	-118.708923
3443.293762	-118.883263
3443.966675	-119.398010
3444.639587	-120.205353
3445.312500	-120.354942
3445.985413	-119.590866
3446.658325	-120.817711
3447.331238	-122.181625
3448.004150	-121.236420
3448.677063	-121.298935
3449.349976	-121.982277
3450.022888	-119.840813
3450.695801	-118.594498
3451.368713	-120.017143
3452.041626	-120.426659
3452.714539	-121.069534
3453.387451	-120.842422
3454.060364	-119.604805
3454.733276	-119.691826
3455.406189	-120.271500
3456.079102	-120.450729
3456.752014	-119.214828
3457.424927	-118.707069
3458.097839	-119.731194
3458.770752	-120.202477
3459.443665	-119.181465
3460.116577	-119.297974
3460.789490	-119.962372
3461.462402	-120.418266
3462.135315	-120.629913
3462.808228	-119.778214
3463.481140	-119.655975
3464.154053	-117.997536
3464.826965	-119.123360
3465.499878	-119.907463
3466.172791	-119.480103
3466.845703	-120.333817
3467.518616	-120.186554
3468.191528	-120.392296
3468.864441	-120.046844
3469.537354	-120.139206
3470.210266	-119.881584
3470.883179	-118.730988
3471.556091	-120.103813
3472.229004	-119.825356
3472.901917	-120.073875
3473.574829	-119.686935
3474.247742	-119.660019
3474.920654	-118.937187
3475.593567	-119.169830
3476.266479	-118.760231
3476.939392	-118.637848
3477.612305	-118.777657
3478.285217	-120.032356
3478.958130	-120.094566
3479.631042	-120.178253
3480.303955	-120.551933
3480.976868	-120.611053
3481.649780	-120.975662
3482.322693	-119.651794
3482.995605	-120.038101
3483.668518	-119.681114
3484.341431	-118.845909
3485.014343	-119.920250
3485.687256	-120.902390
3486.360168	-121.050514
3487.033081	-120.068382
3487.705994	-120.205559
3488.378906	-120.787041
3489.051819	-120.211143
3489.724731	-120.233498
3490.397644	-120.824203
3491.070557	-120.020035
3491.743469	-120.650597
3492.416382	-120.902100
3493.089294	-121.066010
3493.762207	-120.374123
3494.435120	-120.646362
3495.108032	-119.887421
3495.780945	-120.058807
3496.453857	-120.302513
3497.126770	-120.314308
3497.799683	-120.593094
3498.472595	-120.560310
3499.145508	-119.175674
3499.818420	-119.532127
3500.491333	-120.200195
3501.164246	-119.901894
3501.837158	-119.435547
3502.510071	-120.490753
3503.182983	-121.097664
3503.855896	-120.265900
3504.528809	-120.127800
3505.201721	-119.487297
3505.874634	-119.758560
3506.547546	-119.837517
3507.220459	-120.588135
3507.893372	-119.760147
3508.566284	-119.545372
3509.239197	-120.498505
3509.912109	-121.041725
3510.585022	-120.987373
3511.257935	-119.236351
3511.930847	-119.245750
3512.603760	-119.274925
3513.276672	-118.863419
3513.949585	-118.793381
3514.622498	-119.028275
3515.295410	-119.056717
3515.968323	-118.752769
3516.641235	-119.830200
3517.314148	-120.522263
3517.987061	-121.002090
3518.659973	-121.420448
3519.332886	-120.144669
3520.005798	-120.657784
3520.678711	-119.975349
3521.351624	-119.649307
3522.024536	-119.849304
3522.697449	-119.526169
3523.370361	-118.423065
3524.043274	-118.832634
3524.716187	-120.188805
3525.389099	-120.248825
3526.062012	-119.048965
3526.734924	-117.942490
3527.407837	-118.516006
3528.080750	-120.215485
3528.753662	-122.167831
3529.426575	-121.548332
3530.099487	-120.053902
3530.772400	-120.211212
3531.445312	-120.082207
3532.118225	-120.028084
3532.791138	-119.283035
3533.464050	-119.268585
3534.136963	-119.357941
3534.809875	-119.844757
3535.482788	-120.063507
3536.155701	-120.382797
3536.828613	-120.721146
3537.501526	-120.825470
3538.174438	-120.434372
3538.847351	-119.839813
3539.520264	-119.681503
3540.193176	-120.473068
3540.866089	-119.403954
3541.539001	-119.016151
3542.211914	-119.755554
3542.884827	-119.615585
3543.557739	-120.859573
3544.230652	-120.699715
3544.903564	-120.620316
3545.576477	-119.211807
3546.249390	-120.790421
3546.922302	-122.075897
3547.595215	-120.417099
3548.268127	-122.057800
3548.941040	-121.316284
3549.613953	-120.121758
3550.286865	-120.382889
3550.959778	-121.022667
3551.632690	-120.439270
3552.305603	-121.348091
3552.978516	-119.965218
3553.651428	-119.370682
3554.324341	-119.774506
3554.997253	-119.625786
3555.670166	-121.005013
3556.343079	-121.585960
3557.015991	-121.044075
3557.688904	-119.338226
3558.361816	-119.201324
3559.034729	-120.018562
3559.707642	-120.607285
3560.380554	-119.665382
3561.053467	-120.484810
3561.726379	-121.006203
3562.399292	-120.876251
3563.072205	-119.575851
3563.745117	-118.997482
3564.418030	-120.491135
3565.090942	-121.356674
3565.763855	-120.192894
3566.436768	-119.901260
3567.109680	-119.574806
3567.782593	-119.516251
3568.455505	-119.848778
3569.128418	-120.278397
3569.801331	-120.216904
3570.474243	-119.430244
3571.147156	-120.150543
3571.820068	-121.228516
3572.492981	-120.053085
3573.165894	-120.137619
3573.838806	-122.602318
3574.511719	-121.457985
3575.184631	-120.512283
3575.857544	-120.094315
3576.530457	-120.836037
3577.203369	-121.178947
3577.876282	-120.633949
3578.549194	-120.783226
3579.222107	-120.894325
3579.895020	-121.210854
3580.567932	-121.252663
3581.240845	-120.079361
3581.913757	-119.620125
3582.586670	-120.903664
3583.259583	-120.796516
3583.932495	-120.447968
3584.605408	-119.895309
3585.278320	-119.841858
3585.951233	-120.561272
3586.624146	-120.562004
3587.297058	-119.900970
3587.969971	-119.875710
3588.642883	-119.548599
3589.315796	-119.588852
3589.988708	-121.151817
3590.661621	-121.962761
3591.334534	-121.234184
3592.007446	-121.666069
3592.680359	-121.163803
3593.353271	-120.992393
3594.026184	-121.425720
3594.699097	-120.859978
3595.372009	-119.902977
3596.044922	-120.219040
3596.717834	-120.140121
3597.390747	-120.070213
3598.063660	-120.504349
3598.736572	-121.812943
3599.409485	-120.251137
3600.082397	-120.216713
3600.755310	-121.213135
3601.428223	-120.498375
3602.101135	-121.607239
3602.774048	-120.693565
3603.446960	-120.355331
3604.119873	-119.668800
3604.792786	-120.626976
3605.465698	-121.730789
3606.138611	-120.802986
3606.811523	-120.763893
3607.484436	-120.753502
3608.157349	-120.610970
3608.830261	-120.395569
3609.503174	-120.473610
3610.176086	-120.513283
3610.848999	-118.998016
3611.521912	-119.436356
3612.194824	-119.711578
3612.867737	-119.676773
3613.540649	-120.410683
3614.213562	-120.569374
3614.886475	-120.763763
3615.559387	-120.263733
3616.232300	-118.933495
3616.905212	-119.637054
3617.578125	-120.254410
3618.251038	-119.372681
3618.923950	-120.128166
3619.596863	-119.308846
3620.269775	-119.890999
3620.942688	-119.934547
3621.615601	-119.119263
3622.288513	-120.233116
3622.961426	-120.085022
3623.634338	-118.752663
3624.307251	-119.338875
3624.980164	-120.764732
3625.653076	-120.765862
3626.325989	-120.486862
3626.998901	-120.377335
3627.671814	-119.799889
3628.344727	-120.136894
3629.017639	-121.788559
3629.690552	-120.971764
3630.363464	-120.874046
3631.036377	-120.356613
3631.709290	-119.786674
3632.382202	-120.673920
3633.055115	-120.263298
3633.728027	-120.133476
3634.400940	-120.525169
3635.073853	-119.765671
3635.746765	-119.548737
3636.419678	-119.277786
3637.092590	-120.451180
3637.765503	-120.622803
3638.438416	-120.005356
3639.111328	-120.367279
3639.784241	-120.855988
3640.457153	-121.232735
3641.130066	-120.808311
3641.802979	-120.648216
3642.475891	-120.930580
3643.148804	-120.184235
3643.821716	-121.073311
3644.494629	-121.025444
3645.167542	-119.816139
3645.840454	-119.028717
3646.513367	-119.035263
3647.186279	-121.090889
3647.859192	-120.566895
3648.532104	-119.789597
3649.205017	-120.024612
3649.877930	-120.623413
3650.550842	-119.463730
3651.223755	-119.563545
3651.896667	-121.397308
3652.569580	-121.232941
3653.242493	-119.555267
3653.915405	-119.419487
3654.588318	-119.011543
3655.261230	-119.452629
3655.934143	-120.199440
3656.607056	-120.562469
3657.279968	-121.180450
3657.952881	-120.877930
3658.625793	-120.198509
3659.298706	-119.703896
3659.971619	-119.336517
3660.644531	-120.630157
3661.317444	-120.565102
3661.990356	-120.288437
3662.663269	-119.621277
3663.336182	-119.484390
3664.009094	-120.226280
3664.682007	-119.492859
3665.354919	-120.578262
3666.027832	-119.259956
3666.700745	-119.885658
3667.373657	-119.054626
3668.046570	-119.335571
3668.719482	-119.096565
3669.392395	-119.065018
3670.065308	-119.966354
3670.738220	-120.243225
3671.411133	-120.534233
3672.084045	-120.025429
3672.756958	-119.692612
3673.429871	-120.153908
3674.102783	-118.560959
3674.775696	-119.447601
3675.448608	-119.360657
3676.121521	-120.740669
3676.794434	-121.242996
3677.467346	-120.191689
3678.140259	-121.161888
3678.813171	-120.954651
3679.486084	-120.430809
3680.158997	-118.654320
3680.831909	-119.492508
3681.504822	-119.303207
3682.177734	-119.772438
3682.850647	-119.724899
3683.523560	-120.313492
3684.196472	-119.791809
3684.869385	-119.228912
3685.542297	-120.831024
3686.215210	-119.102921
3686.888123	-119.915054
3687.561035	-119.380959
3688.233948	-120.127686
3688.906860	-121.009598
3689.579773	-119.841133
3690.252686	-119.293320
3690.925598	-120.700638
3691.598511	-120.665436
3692.271423	-120.512733
3692.944336	-118.724098
3693.617249	-119.049240
3694.290161	-120.941788
3694.963074	-120.074959
3695.635986	-119.141167
3696.308899	-119.808197
3696.981812	-120.804405
3697.654724	-120.345276
3698.327637	-120.693382
3699.000549	-120.545227
3699.673462	-120.009338
3700.346375	-120.623947
3701.019287	-120.903862
3701.692200	-120.491928
3702.365112	-120.077187
3703.038025	-120.437164
3703.710938	-120.496536
3704.383850	-119.979271
3705.056763	-120.516365
3705.729675	-120.839302
3706.402588	-119.637024
3707.075500	-120.686348
3707.748413	-121.324303
3708.421326	-119.371155
3709.094238	-119.797874
3709.767151	-120.234451
3710.440063	-120.257896
3711.112976	-118.878227
3711.785889	-119.092308
3712.458801	-120.879860
3713.131714	-119.888077
3713.804626	-119.994865
3714.477539	-120.131332
3715.150452	-121.477615
3715.823364	-121.485184
3716.496277	-122.494186
3717.169189	-119.858315
3717.842102	-120.359711
3718.515015	-120.817734
3719.187927	-120.311035
3719.860840	-120.483505
3720.533752	-119.603226
3721.206665	-119.110306
3721.879578	-119.749161
3722.552490	-120.335739
3723.225403	-121.666290
3723.898315	-120.098366
3724.571228	-119.797813
3725.244141	-121.183556
3725.917053	-119.455460
3726.589966	-119.213860
3727.262878	-120.334221
3727.935791	-121.200005
3728.608704	-120.135117
3729.281616	-119.542862
3729.954529	-119.105179
3730.627441	-119.519035
3731.300354	-119.964760
3731.973267	-120.901466
3732.646179	-119.917023
3733.319092	-119.767220
3733.992004	-119.940590
3734.664917	-120.466362
3735.337830	-119.559006
3736.010742	-119.216736
3736.683655	-120.347267
3737.356567	-120.675179
3738.029480	-120.036560
3738.702393	-119.633080
3739.375305	-119.983147
3740.048218	-119.715630
3740.721130	-118.817833
3741.394043	-118.745514
3742.066956	-118.870087
3742.739868	-119.942932
3743.412781	-119.505943
3744.085693	-118.658875
3744.758606	-119.365570
3745.431519	-119.710716
3746.104431	-119.067963
3746.777344	-119.054680
3747.450256	-119.890045
3748.123169	-119.567856
3748.796082	-119.717537
3749.468994	-121.003166
3750.141907	-121.707886
3750.814819	-120.009491
3751.487732	-120.073311
3752.160645	-119.688988
3752.833557	-119.803398
3753.506470	-119.593292
3754.179382	-118.887024
3754.852295	-119.484879
3755.525208	-120.002937
3756.198120	-120.813202
3756.871033	-120.082237
3757.543945	-119.569481
3758.216858	-121.027077
3758.889771	-118.835052
3759.562683	-119.038300
3760.235596	-120.868271
3760.908508	-119.601509
3761.581421	-118.996826
3762.254333	-120.840149
3762.927246	-120.991302
3763.600159	-121.161736
3764.273071	-121.053604
3764.945984	-119.619461
3765.618896	-119.383614
3766.291809	-121.042572
3766.964722	-121.233986
3767.637634	-120.172409
3768.310547	-119.787460
3768.983459	-118.640884
3769.656372	-118.491608
3770.329285	-119.402283
3771.002197	-121.663078
3771.675110	-120.925140
3772.348022	-119.398224
3773.020935	-120.094162
3773.693848	-120.143059
3774.366760	-120.163712
3775.039673	-121.557610
3775.712585	-120.507698
3776.385498	-118.841736
3777.058411	-119.995193
3777.731323	-120.101959
3778.404236	-120.713921
3779.077148	-119.907417
3779.750061	-120.333328
3780.422974	-119.817734
3781.095886	-120.448044
3781.768799	-119.697624
3782.441711	-120.427246
3783.114624	-120.040504
3783.787537	-120.024879
3784.460449	-120.365578
3785.133362	-119.684052
3785.806274	-119.820755
3786.479187	-121.314819
3787.152100	-119.565849
3787.825012	-118.632019
3788.497925	-118.999931
3789.170837	-119.394516
3789.843750	-119.740646
3790.516663	-120.416603
3791.189575	-120.555817
3791.862488	-119.775047
3792.535400	-119.253525
3793.208313	-120.088783
3793.881226	-120.344658
3794.554138	-119.686050
3795.227051	-119.496170
3795.899963	-119.299194
3796.572876	-121.019142
3797.245789	-121.386902
3797.918701	-119.150635
3798.591614	-119.335442
3799.264526	-120.162613
3799.937439	-120.014626
3800.610352	-120.588814
3801.283264	-120.784683
3801.956177	-120.235062
3802.629089	-120.399666
3803.302002	-119.372406
3803.974915	-119.696854
3804.647827	-120.414040
3805.320740	-120.389610
3805.993652	-121.268585
3806.666565	-121.031693
3807.339478	-120.511131
3808.012390	-120.234047
3808.685303	-120.403191
3809.358215	-120.779465
3810.031128	-119.655937
3810.704041	-119.423882
3811.376953	-119.973068
3812.049866	-119.484467
3812.722778	-120.082504
3813.395691	-119.918457
3814.068604	-120.073944
3814.741516	-119.695015
3815.414429	-119.239319
3816.087341	-119.992462
3816.760254	-120.309135
3817.433167	-121.517044
3818.106079	-120.515121
3818.778992	-120.214500
3819.451904	-120.840393
3820.124817	-120.400093
3820.797729	-120.681084
3821.470642	-120.728943
3822.143555	-120.069664
3822.816467	-120.255028
3823.489380	-119.184830
3824.162292	-119.654922
3824.835205	-119.954613
3825.508118	-119.650688
3826.181030	-120.168533
3826.853943	-119.735229
3827.526855	-120.562263
3828.199768	-120.703148
3828.872681	-121.609947
3829.545593	-121.579231
3830.218506	-120.827156
3830.891418	-120.708786
3831.564331	-121.096756
3832.237244	-120.330002
3832.910156	-119.564713
3833.583069	-119.370026
3834.255981	-119.467911
3834.928894	-120.990097
3835.601807	-121.876961
3836.274719	-120.807693
3836.947632	-121.116760
3837.620544	-121.421898
3838.293457	-120.998329
3838.966370	-119.644928
3839.639282	-119.158188
3840.312195	-119.765472
3840.985107	-120.415352
3841.658020	-120.595963
3842.330933	-121.198891
3843.003845	-120.712158
3843.676758	-121.422691
3844.349670	-120.355461
3845.022583	-119.087547
3845.695496	-119.909973
3846.368408	-120.987953
3847.041321	-121.041924
3847.714233	-119.641762
3848.387146	-119.913147
3849.060059	-119.992699
3849.732971	-120.605698
3850.405884	-121.461769
3851.078796	-119.466988
3851.751709	-120.080971
3852.424622	-121.185066
3853.097534	-119.887634
3853.770447	-120.131592
3854.443359	-119.886513
3855.116272	-120.314995
3855.789185	-120.192902
3856.462097	-119.666664
3857.135010	-120.215797
3857.807922	-120.899200
3858.480835	-121.307457
3859.153748	-119.874252
3859.826660	-120.251411
3860.499573	-120.525734
3861.172485	-120.163834
3861.845398	-121.341995
3862.518311	-120.333183
3863.191223	-120.204819
3863.864136	-120.801849
3864.537048	-121.203476
3865.209961	-120.802734
3865.882874	-121.082520
3866.555786	-120.438454
3867.228699	-120.103424
3867.901611	-120.673645
3868.574524	-120.721062
3869.247437	-119.412476
3869.920349	-119.420883
3870.593262	-120.671852
3871.266174	-120.695457
3871.939087	-121.378799
3872.612000	-121.625694
3873.284912	-119.399483
3873.957825	-120.660194
3874.630737	-121.115639
3875.303650	-119.867470
3875.976562	-120.377205
3876.649475	-119.819511
3877.322388	-120.355370
3877.995300	-120.447914
3878.668213	-119.703384
3879.341125	-120.181702
3880.014038	-121.942314
3880.686951	-120.939125
3881.359863	-120.720886
3882.032776	-120.046104
3882.705688	-120.687538
3883.378601	-121.261589
3884.051514	-120.526619
3884.724426	-119.484413
3885.397339	-119.654213
3886.070251	-119.655914
3886.743164	-120.005035
3887.416077	-120.724678
3888.088989	-120.773018
3888.761902	-121.012672
3889.434814	-120.965584
3890.107727	-119.614944
3890.780640	-120.142136
3891.453552	-120.710968
3892.126465	-120.132904
3892.799377	-120.136703
3893.472290	-120.591187
3894.145203	-120.115791
3894.818115	-119.692863
3895.491028	-119.344505
3896.163940	-119.079521
3896.836853	-119.430710
3897.509766	-120.730324
3898.182678	-121.556854
3898.855591	-121.706947
3899.528503	-120.423935
3900.201416	-119.786636
3900.874329	-120.389503
3901.547241	-120.748123
3902.220154	-121.196068
3902.893066	-120.788818
3903.565979	-120.181618
3904.238892	-120.709175
3904.911804	-121.109596
3905.584717	-119.684830
3906.257629	-120.544670
3906.930542	-120.045433
3907.603455	-118.768089
3908.276367	-119.506546
3908.949280	-120.385460
3909.622192	-119.909859
3910.295105	-119.870522
3910.968018	-119.638008
3911.640930	-120.373436
3912.313843	-120.059364
3912.986755	-119.628899
3913.659668	-120.227974
3914.332581	-120.757179
3915.005493	-121.124352
3915.678406	-120.614975
3916.351318	-120.785248
3917.024231	-120.142166
3917.697144	-120.173920
3918.370056	-118.803986
3919.042969	-119.119400
3919.715881	-119.905899
3920.388794	-120.757706
3921.061707	-122.332672
3921.734619	-121.383720
3922.407532	-120.787994
3923.080444	-119.049301
3923.753357	-120.510498
3924.426270	-121.160027
3925.099182	-119.930260
3925.772095	-120.066544
3926.445007	-119.688881
3927.117920	-119.468643
3927.790833	-121.340034
3928.463745	-121.315430
3929.136658	-120.366028
3929.809570	-121.053162
3930.482483	-120.736954
3931.155396	-120.141151
3931.828308	-120.212311
3932.501221	-120.068802
3933.174133	-119.348755
3933.847046	-120.839378
3934.519958	-120.249855
3935.192871	-118.600601
3935.865784	-118.245285
3936.538696	-118.899734
3937.211609	-120.066628
3937.884521	-119.837433
3938.557434	-119.072113
3939.230347	-119.535942
3939.903259	-120.146782
3940.576172	-120.296753
3941.249084	-119.521721
3941.921997	-119.985580
3942.594910	-120.141777
3943.267822	-121.468895
3943.940735	-119.916481
3944.613647	-119.571846
3945.286560	-119.867455
3945.959473	-119.060326
3946.632385	-120.023727
3947.305298	-119.741112
3947.978210	-122.184517
3948.651123	-120.325981
3949.324036	-120.079010
3949.996948	-120.034554
3950.669861	-120.727989
3951.342773	-119.291153
3952.015686	-119.814926
3952.688599	-120.264816
3953.361511	-119.027794
3954.034424	-119.496964
3954.707336	-120.696899
3955.380249	-121.375938
3956.053162	-121.080635
3956.726074	-119.913948
3957.398987	-119.740799
3958.071899	-119.844917
3958.744812	-120.273911
3959.417725	-120.412056
3960.090637	-119.865158
3960.763550	-120.434647
3961.436462	-120.875481
3962.109375	-121.101601
3962.782288	-120.749809
3963.455200	-121.492867
3964.128113	-121.129494
3964.801025	-119.942146
3965.473938	-119.954620
3966.146851	-118.916573
3966.819763	-120.047188
3967.492676	-120.478271
3968.165588	-119.990814
3968.838501	-120.402512
3969.511414	-119.770409
3970.184326	-120.047668
3970.857239	-120.445366
3971.530151	-119.598007
3972.203064	-119.937103
3972.875977	-120.201675
3973.548889	-120.616646
3974.221802	-119.876785
3974.894714	-120.762253
3975.567627	-121.294754
3976.240540	-119.931053
3976.913452	-120.336617
3977.586365	-121.029823
3978.259277	-122.164841
3978.932190	-121.316345
3979.605103	-119.040794
3980.278015	-120.150345
3980.950928	-121.574341
3981.623840	-120.516426
3982.296753	-120.526749
3982.969666	-120.487938
3983.642578	-120.119698
3984.315491	-120.125099
3984.988403	-121.026352
3985.661316	-120.851906
3986.334229	-120.717499
3987.007141	-120.231888
3987.680054	-120.322327
3988.352966	-119.570091
3989.025879	-119.139267
3989.698792	-119.794243
3990.371704	-119.302376
3991.044617	-119.785934
3991.717529	-122.021187
3992.390442	-122.954819
3993.063354	-120.221016
3993.736267	-119.249451
3994.409180	-120.525391
3995.082092	-120.898811
3995.755005	-120.705132
3996.427917	-120.835770
3997.100830	-120.396843
3997.773743	-119.664795
3998.446655	-119.569061
3999.119568	-120.611214
3999.792480	-121.516968
4000.465393	-120.934341
4001.138306	-120.050468
4001.811218	-119.636375
4002.484131	-120.206047
4003.157043	-120.073944
4003.829956	-119.279800
4004.502869	-119.643761
4005.175781	-120.073502
4005.848694	-120.039246
4006.521606	-120.258629
4007.194519	-120.181221
4007.867432	-121.720459
4008.540344	-120.232780
4009.213257	-119.129501
4009.886169	-120.305817
4010.559082	-121.382507
4011.231995	-120.619728
4011.904907	-120.162697
4012.577820	-119.889481
4013.250732	-119.821999
4013.923645	-120.060410
4014.596558	-121.273071
4015.269470	-121.944069
4015.942383	-120.565071
4016.615295	-119.192665
4017.288208	-119.701683
4017.961121	-120.550941
4018.634033	-119.744408
4019.306946	-119.975731
4019.979858	-119.943275
4020.652771	-119.677673
4021.325684	-120.535995
4021.998596	-121.099510
4022.671509	-120.484329
4023.344421	-120.256706
4024.017334	-119.957504
4024.690247	-120.219658
4025.363159	-120.261711
4026.036072	-119.860268
4026.708984	-119.753525
4027.381897	-119.804817
4028.054810	-121.662613
4028.727722	-121.368866
4029.400635	-121.082916
4030.073547	-120.258354
4030.746460	-119.693710
4031.419373	-119.058945
4032.092285	-119.342178
4032.765198	-118.367310
4033.438110	-118.767380
4034.111023	-120.229347
4034.783936	-120.178970
4035.456848	-119.633766
4036.129761	-120.121635
4036.802673	-120.668167
4037.475586	-120.292702
4038.148499	-119.732315
4038.821411	-118.907631
4039.494324	-119.246368
4040.167236	-118.020294
4040.840149	-118.925041
4041.513062	-121.602646
4042.185974	-121.944862
4042.858887	-120.563271
4043.531799	-119.405907
4044.204712	-120.631638
4044.877625	-120.603699
4045.550537	-120.407990
4046.223450	-120.453636
4046.896362	-120.217308
4047.569275	-120.792610
4048.242188	-120.897476
4048.915100	-119.262177
4049.588013	-119.843811
4050.260925	-119.807877
4050.933838	-119.328613
4051.606750	-120.616432
4052.279663	-120.465515
4052.952576	-119.246803
4053.625488	-120.119965
4054.298401	-120.724907
4054.971313	-120.787796
4055.644226	-118.840782
4056.317139	-118.893425
4056.990051	-121.105087
4057.662964	-120.841904
4058.335876	-119.279976
4059.008789	-119.961342
4059.681702	-119.628609
4060.354614	-120.220306
4061.027527	-120.921463
4061.700439	-120.034912
4062.373352	-119.711349
4063.046265	-119.708076
4063.719177	-119.980331
4064.392090	-118.960625
4065.065002	-119.850883
4065.737915	-120.762764
4066.410828	-119.833641
4067.083740	-119.479744
4067.756653	-119.853119
4068.429565	-120.264603
4069.102478	-121.462074
4069.775391	-120.880585
4070.448303	-121.173256
4071.121216	-120.816292
4071.794128	-120.142021
4072.467041	-119.527763
4073.139954	-120.067085
4073.812866	-119.544060
4074.485779	-119.254356
4075.158691	-120.095558
4075.831604	-119.905518
4076.504517	-120.035797
4077.177429	-119.969246
4077.850342	-120.361031
4078.523254	-121.192566
4079.196167	-120.129448
4079.869080	-119.570709
4080.541992	-119.747658
4081.214905	-120.408447
4081.887817	-120.035606
4082.560730	-120.626999
4083.233643	-120.016708
4083.906555	-120.994652
4084.579468	-120.487511
4085.252380	-119.642235
4085.925293	-119.552628
4086.598206	-120.154541
4087.271118	-120.594147
4087.944031	-120.679222
4088.616943	-119.777969
4089.289856	-119.587990
4089.962769	-119.945442
4090.635681	-120.371773
4091.308594	-121.018272
4091.981506	-120.250229
4092.654419	-120.212807
4093.327332	-121.115433
4094.000244	-120.542488
4094.673157	-119.970215
4095.346069	-119.972473
4096.018982	-120.751190
4096.691895	-122.366890
4097.364807	-121.586349
4098.037720	-120.399406
4098.710632	-120.567711
4099.383545	-120.236893
4100.056458	-120.608185
4100.729370	-120.848572
4101.402283	-119.823334
4102.075195	-119.592934
4102.748108	-120.190926
4103.421021	-119.960808
4104.093933	-120.000748
4104.766846	-119.741447
4105.439758	-119.051643
4106.112671	-119.931343
4106.785583	-119.133530
4107.458496	-119.166847
4108.131409	-120.174568
4108.804321	-120.128975
4109.477234	-120.187340
4110.150146	-119.449081
4110.823059	-119.963928
4111.495972	-119.527512
4112.168884	-121.981293
4112.841797	-120.916611
4113.514709	-120.333061
4114.187622	-121.102997
4114.860535	-120.351326
4115.533447	-120.272095
4116.206360	-119.968727
4116.879272	-119.401062
4117.552185	-119.552551
4118.225098	-120.535484
4118.898010	-120.449348
4119.570923	-120.606262
4120.243835	-119.340523
4120.916748	-119.320023
4121.589661	-120.866814
4122.262573	-121.098717
4122.935486	-121.390999
4123.608398	-121.243126
4124.281311	-120.486954
4124.954224	-120.118164
4125.627136	-121.140160
4126.300049	-120.651375
4126.972961	-121.917664
4127.645874	-120.870277
4128.318787	-119.939766
4128.991699	-120.095642
4129.664612	-119.721687
4130.337524	-120.582481
4131.010437	-119.707336
4131.683350	-120.419708
4132.356262	-119.866570
4133.029175	-119.694893
4133.702087	-119.341400
4134.375000	-120.791611
4135.047913	-121.068352
4135.720825	-119.567146
4136.393738	-119.927032
4137.066650	-119.349884
4137.739563	-120.072845
4138.412476	-121.362389
4139.085388	-120.431404
4139.758301	-120.992310
4140.431213	-120.716003
4141.104126	-119.560547
4141.777039	-119.397461
4142.449951	-119.438675
4143.122864	-120.882896
4143.795776	-119.941063
4144.468689	-119.615974
4145.141602	-119.586380
4145.814514	-119.156136
4146.487427	-120.012184
4147.160339	-119.395218
4147.833252	-119.270302
4148.506165	-120.447144
4149.179077	-120.066711
4149.851990	-120.385292
4150.524902	-119.513374
4151.197815	-118.999748
4151.870728	-120.004250
4152.543640	-121.274071
4153.216553	-120.181038
4153.889465	-118.311150
4154.562378	-119.590210
4155.235291	-119.288574
4155.908203	-119.644348
4156.581116	-120.654137
4157.254028	-120.705894
4157.926941	-119.696495
4158.599854	-120.778168
4159.272766	-120.810860
4159.945679	-120.600616
4160.618591	-119.399689
4161.291504	-118.325699
4161.964417	-119.688675
4162.637329	-120.636177
4163.310242	-120.363365
4163.983154	-120.273773
4164.656067	-120.258873
4165.328979	-119.771469
4166.001892	-119.832245
4166.674805	-119.471832
4167.347717	-119.918350
4168.020630	-119.915367
4168.693542	-119.457764
4169.366455	-118.886650
4170.039368	-119.288437
4170.712280	-119.332222
4171.385193	-121.146606
4172.058105	-120.530128
4172.731018	-119.520760
4173.403931	-119.316750
4174.076843	-119.914330
4174.749756	-121.236404
4175.422668	-121.135025
4176.095581	-121.189720
4176.768494	-120.515900
4177.441406	-120.586075
4178.114319	-120.886101
4178.787231	-121.557243
4179.460144	-121.263603
4180.133057	-120.666519
4180.805969	-119.899124
4181.478882	-119.799225
4182.151794	-120.641724
4182.824707	-121.080963
4183.497620	-121.367485
4184.170532	-122.170128
4184.843445	-121.735558
4185.516357	-121.329666
4186.189270	-120.728065
4186.862183	-120.478683
4187.535095	-119.733543
4188.208008	-120.153557
4188.880920	-120.033890
4189.553833	-119.432953
4190.226746	-119.682930
4190.899658	-120.864655
4191.572571	-121.295563
4192.245483	-120.387169
4192.918396	-120.415024
4193.591309	-119.840088
4194.264221	-119.839737
4194.937134	-120.613731
4195.610046	-120.039749
4196.282959	-120.167648
4196.955872	-119.807899
4197.628784	-119.889061
4198.301697	-120.198158
4198.974609	-119.378311
4199.647522	-119.951881
4200.320435	-120.199348
4200.993347	-120.953278
4201.666260	-120.615295
4202.339172	-120.292839
4203.012085	-119.482582
4203.684998	-119.827553
4204.357910	-120.414093
4205.030823	-120.768829
4205.703735	-119.942680
4206.376648	-120.383415
4207.049561	-121.171753
4207.722473	-120.185593
4208.395386	-120.122978
4209.068298	-120.977936
4209.741211	-120.152771
4210.414124	-119.978119
4211.087036	-119.686417
4211.759949	-120.734222
4212.432861	-120.358231
4213.105774	-119.514717
4213.778687	-119.899567
4214.451599	-119.377228
4215.124512	-118.781723
4215.797424	-119.892204
4216.470337	-120.020897
4217.143250	-119.514610
4217.816162	-119.655243
4218.489075	-118.948715
4219.161987	-119.697571
4219.834900	-120.038780
4220.507812	-118.927368
4221.180725	-119.056572
4221.853638	-119.341949
4222.526550	-119.774559
4223.199463	-118.703995
4223.872375	-119.021767
4224.545288	-119.106476
4225.218201	-119.650948
4225.891113	-120.677017
4226.564026	-120.474144
4227.236938	-120.260231
4227.909851	-120.587433
4228.582764	-119.923470
4229.255676	-119.516190
4229.928589	-119.713181
4230.601501	-119.589569
4231.274414	-120.552834
4231.947327	-120.029823
4232.620239	-119.743660
4233.293152	-119.543564
4233.966064	-119.220345
4234.638977	-119.543556
4235.311890	-120.362877
4235.984802	-119.269371
4236.657715	-119.199738
4237.330627	-120.014366
4238.003540	-120.945374
4238.676453	-120.394905
4239.349365	-119.590630
4240.022278	-119.107841
4240.695190	-120.109276
4241.368103	-121.083290
4242.041016	-120.711052
4242.713928	-119.454346
4243.386841	-119.372017
4244.059753	-120.454903
4244.732666	-121.132248
4245.405579	-120.681892
4246.078491	-121.055870
4246.751404	-120.280579
4247.424316	-119.075348
4248.097229	-119.806358
4248.770142	-120.688133
4249.443054	-120.702431
4250.115967	-120.949593
4250.788879	-120.260468
4251.461792	-120.007484
4252.134705	-121.114769
4252.807617	-121.402008
4253.480530	-120.756027
4254.153442	-119.969666
4254.826355	-119.779350
4255.499268	-118.446075
4256.172180	-119.559860
4256.845093	-120.889114
4257.518005	-120.183975
4258.190918	-119.973289
4258.863831	-120.209099
4259.536743	-119.517143
4260.209656	-119.974800
4260.882568	-119.811417
4261.555481	-119.433578
4262.228394	-119.607628
4262.901306	-119.815155
4263.574219	-120.075531
4264.247131	-121.697197
4264.920044	-122.158531
4265.592957	-120.707581
4266.265869	-119.597908
4266.938782	-120.448769
4267.611694	-120.880409
4268.284607	-120.917671
4268.957520	-119.831818
4269.630432	-120.703415
4270.303345	-121.373016
4270.976257	-119.410858
4271.649170	-119.249947
4272.322083	-120.478577
4272.994995	-120.613174
4273.667908	-120.112320
4274.340820	-120.547600
4275.013733	-121.063454
4275.686646	-119.983467
4276.359558	-119.889420
4277.032471	-120.036957
4277.705383	-120.036705
4278.378296	-119.605125
4279.051208	-118.802231
4279.724121	-118.694038
4280.397034	-118.901321
4281.069946	-119.281036
4281.742859	-120.724335
4282.415771	-120.185120
4283.088684	-118.672195
4283.761597	-119.215843
4284.434509	-119.271851
4285.107422	-119.918678
4285.780334	-119.570068
4286.453247	-120.060204
4287.126160	-121.045540
4287.799072	-121.259163
4288.471985	-120.564835
4289.144897	-119.943604
4289.817810	-121.053688
4290.490723	-120.810371
4291.163635	-120.366531
4291.836548	-120.107506
4292.509460	-121.561325
4293.182373	-121.331322
4293.855286	-120.939705
4294.528198	-120.828674
4295.201111	-120.228722
4295.874023	-120.906143
4296.546936	-121.000420
4297.219849	-120.434937
4297.892761	-120.447975
4298.565674	-120.705887
4299.238586	-120.862061
4299.911499	-120.878807
4300.584412	-119.082787
4301.257324	-120.188591
4301.930237	-120.651978
4302.603149	-119.712814
4303.276062	-119.690636
4303.948975	-119.716507
4304.621887	-120.189171
4305.294800	-120.882523
4305.967712	-119.915237
4306.640625	-119.469635
4307.313538	-120.135750
4307.986450	-120.950745
4308.659363	-120.881561
4309.332275	-120.203476
4310.005188	-119.967270
4310.678101	-120.881607
4311.351013	-120.483025
4312.023926	-119.881210
4312.696838	-119.492119
4313.369751	-119.482986
4314.042664	-119.519531
4314.715576	-120.170456
4315.388489	-120.419281
4316.061401	-120.020042
4316.734314	-120.370865
4317.407227	-119.830048
4318.080139	-119.328712
4318.753052	-118.868561
4319.425964	-120.401794
4320.098877	-120.583160
4320.771790	-120.923912
4321.444702	-120.336426
4322.117615	-121.094467
4322.790527	-121.320724
4323.463440	-120.349510
4324.136353	-120.094429
4324.809265	-120.114449
4325.482178	-119.982605
4326.155090	-119.770912
4326.828003	-120.923882
4327.500916	-122.184242
4328.173828	-121.440536
4328.846741	-121.078033
4329.519653	-120.922623
4330.192566	-119.291962
4330.865479	-119.369835
4331.538391	-120.724487
4332.211304	-120.367493
4332.884216	-119.905052
4333.557129	-119.955338
4334.230042	-119.336563
4334.902954	-119.357262
4335.575867	-119.535255
4336.248779	-119.808144
4336.921692	-119.427185
4337.594604	-119.438957
4338.267517	-120.295982
4338.940430	-121.322815
4339.613342	-120.646194
4340.286255	-119.372620
4340.959167	-119.306648
4341.632080	-119.925713
4342.304993	-120.556168
4342.977905	-120.411064
4343.650818	-121.312576
4344.323730	-122.204727
4344.996643	-120.779839
4345.669556	-120.963295
4346.342468	-119.287827
4347.015381	-118.792107
4347.688293	-119.489220
4348.361206	-119.086784
4349.034119	-119.707977
4349.707031	-120.168846
4350.379944	-120.901917
4351.052856	-121.333603
4351.725769	-120.184402
4352.398682	-119.968544
4353.071594	-119.277893
4353.744507	-120.888718
4354.417419	-119.740959
4355.090332	-119.823090
4355.763245	-121.342888
4356.436157	-120.549683
4357.109070	-119.149071
4357.781982	-119.478233
4358.454895	-120.355240
4359.127808	-120.708626
4359.800720	-120.665855
4360.473633	-120.187019
4361.146545	-119.786781
4361.819458	-119.505501
4362.492371	-119.418793
4363.165283	-119.225563
4363.838196	-119.634140
4364.511108	-120.379227
4365.184021	-119.439728
4365.856934	-118.772232
4366.529846	-119.412613
4367.202759	-118.615379
4367.875671	-119.475159
4368.548584	-120.888504
4369.221497	-120.701836
4369.894409	-119.936852
4370.567322	-121.202560
4371.240234	-120.460426
4371.913147	-119.672714
4372.586060	-120.357765
4373.258972	-120.080215
4373.931885	-119.327370
4374.604797	-120.278702
4375.277710	-119.856110
4375.950623	-119.617928
4376.623535	-121.223801
4377.296448	-120.235390
4377.969360	-120.122658
4378.642273	-121.498207
4379.315186	-120.457375
4379.988098	-119.962311
4380.661011	-120.983124
4381.333923	-121.541550
4382.006836	-119.937195
4382.679749	-120.183968
4383.352661	-120.083145
4384.025574	-119.648438
4384.698486	-119.721817
4385.371399	-120.738426
4386.044312	-121.703964
4386.717224	-121.649300
4387.390137	-120.491287
4388.063049	-120.079796
4388.735962	-119.792053
4389.408875	-119.642960
4390.081787	-119.229630
4390.754700	-120.031067
4391.427612	-119.264328
4392.100525	-119.426888
4392.773438	-119.600647
4393.446350	-119.832382
4394.119263	-120.440620
4394.792175	-120.865028
4395.465088	-120.799706
4396.138000	-119.438431
4396.810913	-120.284546
4397.483826	-119.554817
4398.156738	-120.769203
4398.829651	-120.585136
4399.502563	-120.425323
4400.175476	-121.062126
4400.848389	-119.776985
4401.521301	-120.553108
4402.194214	-120.702782
4402.867126	-120.434227
4403.540039	-120.260757
4404.212952	-120.605042
4404.885864	-121.569626
4405.558777	-121.673981
4406.231689	-119.905472
4406.904602	-119.841927
4407.577515	-120.066505
4408.250427	-119.946228
4408.923340	-120.392387
4409.596252	-120.591339
4410.269165	-120.306686
4410.942078	-120.847351
4411.614990	-120.803116
4412.287903	-120.195229
4412.960815	-121.226082
4413.633728	-121.100060
4414.306641	-120.110085
4414.979553	-120.016289
4415.652466	-119.990364
4416.325378	-120.911491
4416.998291	-120.784874
4417.671204	-120.508698
4418.344116	-120.979301
4419.017029	-120.281487
4419.689941	-119.459229
4420.362854	-120.167023
4421.035767	-120.902740
4421.708679	-120.752243
4422.381592	-120.918533
4423.054504	-120.873917
4423.727417	-120.106377
4424.400330	-119.872574
4425.073242	-119.263863
4425.746155	-119.495697
4426.419067	-119.126976
4427.091980	-120.443199
4427.764893	-121.832359
4428.437805	-121.033371
4429.110718	-120.628555
4429.783630	-120.192017
4430.456543	-119.092758
4431.129456	-119.093559
4431.802368	-119.911072
4432.475281	-121.119156
4433.148193	-120.949722
4433.821106	-119.907326
4434.494019	-119.329025
4435.166931	-119.020035
4435.839844	-120.160431
4436.512756	-119.721626
4437.185669	-119.745094
4437.858582	-120.004646
4438.531494	-120.258133
4439.204407	-119.602081
4439.877319	-120.627594
4440.550232	-120.504990
4441.223145	-119.299675
4441.896057	-119.969246
4442.568970	-120.309547
4443.241882	-120.342606
4443.914795	-121.410507
4444.587708	-121.177368
4445.260620	-121.404892
4445.933533	-120.512375
4446.606445	-120.055794
4447.279358	-120.824760
4447.952271	-120.892563
4448.625183	-121.123978
4449.298096	-120.134102
4449.971008	-119.397064
4450.643921	-119.307426
4451.316833	-119.077850
4451.989746	-119.861839
4452.662659	-119.812973
4453.335571	-119.902664
4454.008484	-120.833778
4454.681396	-120.845993
4455.354309	-120.301880
4456.027222	-120.103058
4456.700134	-119.606857
4457.373047	-119.961121
4458.045959	-120.183945
4458.718872	-121.457489
4459.391785	-121.554451
4460.064697	-121.416306
4460.737610	-121.165215
4461.410522	-121.242973
4462.083435	-121.159584
4462.756348	-121.194557
4463.429260	-120.908165
4464.102173	-120.580772
4464.775085	-120.714973
4465.447998	-120.837425
4466.120911	-120.023735
4466.793823	-119.951057
4467.466736	-119.978348
4468.139648	-121.525841
4468.812561	-120.749146
4469.485474	-119.165924
4470.158386	-119.051834
4470.831299	-120.382988
4471.504211	-120.007156
4472.177124	-120.673874
4472.850037	-120.692657
4473.522949	-120.575211
4474.195862	-120.510155
4474.868774	-121.429291
4475.541687	-120.430107
4476.214600	-120.519508
4476.887512	-120.008820
4477.560425	-119.314980
4478.233337	-119.712090
4478.906250	-119.964684
4479.579163	-119.237396
4480.252075	-119.992508
4480.924988	-120.921959
4481.597900	-120.591957
4482.270813	-120.011505
4482.943726	-120.783531
4483.616638	-120.832123
4484.289551	-121.389488
4484.962463	-120.750267
4485.635376	-120.580360
4486.308289	-119.851234
4486.981201	-119.406509
4487.654114	-119.973930
4488.327026	-120.291901
4488.999939	-120.058052
4489.672852	-119.804176
4490.345764	-120.652901
4491.018677	-120.404564
4491.691589	-119.747314
4492.364502	-120.672668
4493.037415	-121.414528
4493.710327	-121.174355
4494.383240	-120.490074
4495.056152	-122.069992
4495.729065	-121.529350
4496.401978	-120.912560
4497.074890	-121.079163
4497.747803	-119.895859
4498.420715	-120.467781
4499.093628	-119.733849
4499.766541	-119.945061
4500.439453	-120.568237
4501.112366	-122.029182
4501.785278	-121.398308
4502.458191	-120.680748
4503.131104	-120.974396
4503.804016	-120.286560
4504.476929	-120.113655
4505.149841	-120.929497
4505.822754	-119.319954
4506.495667	-119.961349
4507.168579	-120.619644
4507.841492	-119.921959
4508.514404	-119.619057
4509.187317	-120.152992
4509.860229	-119.563354
4510.533142	-120.251320
4511.206055	-119.937714
4511.878967	-119.652992
4512.551880	-119.479813
4513.224792	-119.850464
4513.897705	-120.704315
4514.570618	-120.924614
4515.243530	-120.259575
4515.916443	-120.161781
4516.589355	-119.889130
4517.262268	-120.544914
4517.935181	-120.335526
4518.608093	-119.118263
4519.281006	-119.376015
4519.953918	-120.558411
4520.626831	-119.177872
4521.299744	-119.835800
4521.972656	-120.745499
4522.645569	-119.952133
4523.318481	-120.182632
4523.991394	-120.307854
4524.664307	-120.219551
4525.337219	-120.975121
4526.010132	-121.074402
4526.683044	-120.369934
4527.355957	-119.763344
4528.028870	-119.722275
4528.701782	-120.480316
4529.374695	-120.979065
4530.047607	-120.495293
4530.720520	-120.146507
4531.393433	-120.456406
4532.066345	-120.935982
4532.739258	-120.230476
4533.412170	-120.120834
4534.085083	-121.205055
4534.757996	-120.290535
4535.430908	-119.885513
4536.103821	-119.366562
4536.776733	-119.923965
4537.449646	-120.359253
4538.122559	-121.255463
4538.795471	-121.452629
4539.468384	-121.207375
4540.141296	-120.246094
4540.814209	-120.721069
4541.487122	-121.352783
4542.160034	-120.565231
4542.832947	-119.454208
4543.505859	-119.381256
4544.178772	-120.617783
4544.851685	-120.066864
4545.524597	-119.441597
4546.197510	-119.765625
4546.870422	-119.944580
4547.543335	-120.504959
4548.216248	-120.326042
4548.889160	-120.373390
4549.562073	-120.868851
4550.234985	-120.295555
4550.907898	-119.873146
4551.580811	-120.274086
4552.253723	-121.146675
4552.926636	-121.119873
4553.599548	-121.051468
4554.272461	-121.922096
4554.945374	-120.906242
4555.618286	-119.449142
4556.291199	-118.758820
4556.964111	-118.998100
4557.637024	-119.326065
4558.309937	-120.034874
4558.982849	-119.449425
4559.655762	-120.000725
4560.328674	-120.461914
4561.001587	-120.992172
4561.674500	-121.700356
4562.347412	-121.424019
4563.020325	-120.742729
4563.693237	-120.471405
4564.366150	-120.743927
4565.039062	-121.070183
4565.711975	-120.373184
4566.384888	-120.525978
4567.057800	-120.317902
4567.730713	-120.794571
4568.403625	-120.387573
4569.076538	-119.920341
4569.749451	-120.628906
4570.422363	-120.421646
4571.095276	-119.374840
4571.768188	-119.711533
4572.441101	-119.662529
4573.114014	-120.216408
4573.786926	-120.285461
4574.459839	-120.037697
4575.132751	-120.827217
4575.805664	-120.271156
4576.478577	-120.351730
4577.151489	-120.372276
4577.824402	-119.945435
4578.497314	-120.976654
4579.170227	-120.269768
4579.843140	-119.463081
4580.516052	-120.028297
4581.188965	-121.098244
4581.861877	-120.460098
4582.534790	-119.573883
4583.207703	-119.713158
4583.880615	-121.226608
4584.553528	-120.535187
4585.226440	-120.932800
4585.899353	-120.733261
4586.572266	-120.860176
4587.245178	-120.184837
4587.918091	-121.622169
4588.591003	-121.720688
4589.263916	-121.313988
4589.936829	-120.938255
4590.609741	-120.751083
4591.282654	-120.712639
4591.955566	-120.609863
4592.628479	-119.184486
4593.301392	-120.085045
4593.974304	-120.894775
4594.647217	-120.525017
4595.320129	-121.219070
4595.993042	-119.963310
4596.665955	-119.944496
4597.338867	-119.747932
4598.011780	-120.731499
4598.684692	-121.303223
4599.357605	-120.405075
4600.030518	-119.594696
4600.703430	-118.568466
4601.376343	-118.763618
4602.049255	-120.670067
4602.722168	-120.732780
4603.395081	-119.252991
4604.067993	-119.008141
4604.740906	-120.166695
4605.413818	-120.313042
4606.086731	-120.214752
4606.759644	-119.674911
4607.432556	-120.682961
4608.105469	-120.971390
4608.778381	-121.113884
4609.451294	-118.880630
4610.124207	-119.480911
4610.797119	-120.694702
4611.470032	-120.501961
4612.142944	-119.353264
4612.815857	-119.924408
4613.488770	-120.550613
4614.161682	-121.061287
4614.834595	-120.486588
4615.507507	-120.416267
4616.180420	-122.395027
4616.853333	-120.816673
4617.526245	-120.746780
4618.199158	-121.881645
4618.872070	-121.490089
4619.544983	-121.107903
4620.217896	-120.590240
4620.890808	-120.504364
4621.563721	-119.157906
4622.236633	-119.613365
4622.909546	-119.884308
4623.582458	-119.962471
4624.255371	-119.710022
4624.928284	-119.894897
4625.601196	-119.933578
4626.274109	-120.842896
4626.947021	-120.578766
4627.619934	-119.120308
4628.292847	-119.966080
4628.965759	-120.738831
4629.638672	-119.808662
4630.311584	-119.210991
4630.984497	-119.656082
4631.657410	-121.069473
4632.330322	-120.583649
4633.003235	-121.064178
4633.676147	-121.149040
4634.349060	-120.763161
4635.021973	-120.834145
4635.694885	-120.451973
4636.367798	-120.571518
4637.040710	-119.280884
4637.713623	-120.624649
4638.386536	-121.246422
4639.059448	-120.870621
4639.732361	-121.199928
4640.405273	-119.744293
4641.078186	-119.367271
4641.751099	-119.345444
4642.424011	-119.180878
4643.096924	-119.967003
4643.769836	-120.939812
4644.442749	-120.068459
4645.115662	-120.067146
4645.788574	-120.900787
4646.461487	-119.816055
4647.134399	-120.500900
4647.807312	-119.747513
4648.480225	-119.401764
4649.153137	-120.693069
4649.826050	-120.527168
4650.498962	-120.387939
4651.171875	-120.010605
4651.844788	-121.144997
4652.517700	-121.606224
4653.190613	-119.674263
4653.863525	-118.941986
4654.536438	-118.970985
4655.209351	-119.960091
4655.882263	-120.514732
4656.555176	-120.333603
4657.228088	-119.666832
4657.901001	-119.792053
4658.573914	-119.601494
4659.246826	-119.403351
4659.919739	-120.403152
4660.592651	-120.430016
4661.265564	-120.547539
4661.938477	-119.370491
4662.611389	-118.659019
4663.284302	-119.696632
4663.957214	-120.824989
4664.630127	-119.799255
4665.303040	-119.539368
4665.975952	-120.660820
4666.648865	-121.033134
4667.321777	-120.630852
4667.994690	-121.029770
4668.667603	-119.944229
4669.340515	-119.913246
4670.013428	-121.630730
4670.686340	-121.222427
4671.359253	-120.215553
4672.032166	-119.845383
4672.705078	-119.858170
4673.377991	-119.773010
4674.050903	-120.200348
4674.723816	-121.075851
4675.396729	-121.226677
4676.069641	-122.491661
4676.742554	-120.753914
4677.415466	-118.771637
4678.088379	-119.145866
4678.761292	-120.440468
4679.434204	-120.492157
4680.107117	-119.966255
4680.780029	-118.815201
4681.452942	-119.151382
4682.125854	-119.644424
4682.798767	-119.410233
4683.471680	-119.910149
4684.144592	-120.011101
4684.817505	-120.042961
4685.490417	-120.633286
4686.163330	-120.162170
4686.836243	-119.651474
4687.509155	-119.084816
4688.182068	-119.580574
4688.854980	-120.977402
4689.527893	-121.168083
4690.200806	-120.088867
4690.873718	-120.799133
4691.546631	-121.144783
4692.219543	-121.406738
4692.892456	-121.803215
4693.565369	-120.852097
4694.238281	-120.442474
4694.911194	-119.387352
4695.584106	-119.815735
4696.257019	-121.802162
4696.929932	-122.121674
4697.602844	-120.451195
4698.275757	-120.258301
4698.948669	-119.651436
4699.621582	-119.606255
4700.294495	-120.070862
4700.967407	-120.285172
4701.640320	-121.019180
4702.313232	-120.059944
4702.986145	-119.536415
4703.659058	-119.645844
4704.331970	-120.286476
4705.004883	-121.519676
4705.677795	-121.743591
4706.350708	-120.435356
4707.023621	-119.630478
4707.696533	-119.521774
4708.369446	-120.114616
4709.042358	-120.019073
4709.715271	-120.008797
4710.388184	-119.264275
4711.061096	-119.670242
4711.734009	-120.342323
4712.406921	-120.593620
4713.079834	-120.621956
4713.752747	-120.335815
4714.425659	-120.362396
4715.098572	-121.506432
4715.771484	-120.643051
4716.444397	-120.287796
4717.117310	-120.504929
4717.790222	-119.256027
4718.463135	-119.626625
4719.136047	-120.606720
4719.808960	-122.854340
4720.481873	-121.698456
4721.154785	-121.673485
4721.827698	-120.774536
4722.500610	-119.403999
4723.173523	-120.460571
4723.846436	-120.237602
4724.519348	-119.697990
4725.192261	-119.694511
4725.865173	-120.201035
4726.538086	-120.287277
4727.210999	-119.330406
4727.883911	-118.846916
4728.556824	-119.777924
4729.229736	-120.722488
4729.902649	-119.744843
4730.575562	-120.875359
4731.248474	-122.451736
4731.921387	-121.156532
4732.594299	-121.370369
4733.267212	-120.012283
4733.940125	-119.788963
4734.613037	-121.657616
4735.285950	-120.872566
4735.958862	-120.368286
4736.631775	-121.075027
4737.304688	-121.196602
4737.977600	-120.493149
4738.650513	-120.689827
4739.323425	-120.727928
4739.996338	-121.242668
4740.669250	-121.353134
4741.342163	-120.203331
4742.015076	-119.533287
4742.687988	-120.626564
4743.360901	-120.356323
4744.033813	-120.620872
4744.706726	-120.388321
4745.379639	-119.828217
4746.052551	-120.275375
4746.725464	-120.161026
4747.398376	-119.993919
4748.071289	-119.983749
4748.744202	-120.742172
4749.417114	-119.572563
4750.090027	-120.163826
4750.762939	-120.735535
4751.435852	-120.826263
4752.108765	-120.321785
4752.781677	-120.096588
4753.454590	-120.773155
4754.127502	-121.102234
4754.800415	-121.059982
4755.473328	-120.865067
4756.146240	-120.546432
4756.819153	-120.183311
4757.492065	-122.363335
4758.164978	-122.527199
4758.837891	-120.576965
4759.510803	-120.047096
4760.183716	-119.473640
4760.856628	-120.594597
4761.529541	-119.969521
4762.202454	-118.198883
4762.875366	-118.364296
4763.548279	-119.808075
4764.221191	-120.479477
4764.894104	-120.677162
4765.567017	-119.851730
4766.239929	-119.605347
4766.912842	-120.864174
4767.585754	-120.694855
4768.258667	-120.241951
4768.931580	-119.472885
4769.604492	-119.753410
4770.277405	-120.887077
4770.950317	-120.504196
4771.623230	-120.299431
4772.296143	-120.752922
4772.969055	-121.040131
4773.641968	-121.871048
4774.314880	-121.537971
4774.987793	-120.630844
4775.660706	-120.365372
4776.333618	-120.551285
4777.006531	-120.914932
4777.679443	-121.148697
4778.352356	-120.413872
4779.025269	-118.849403
4779.698181	-119.057098
4780.371094	-120.023857
4781.044006	-120.518105
4781.716919	-119.891853
4782.389832	-119.475754
4783.062744	-120.175362
4783.735657	-120.760529
4784.408569	-121.837791
4785.081482	-122.147331
4785.754395	-122.300385
4786.427307	-121.421043
4787.100220	-121.077995
4787.773132	-120.046791
4788.446045	-119.784401
4789.118958	-118.991302
4789.791870	-119.444077
4790.464783	-120.358177
4791.137695	-120.598434
4791.810608	-120.150238
4792.483521	-120.450226
4793.156433	-121.261505
4793.829346	-120.558235
4794.502258	-119.800743
4795.175171	-120.614548
4795.848083	-121.229301
4796.520996	-121.699257
4797.193909	-120.276306
4797.866821	-119.663910
4798.539734	-119.904999
4799.212646	-119.234329
4799.885559	-119.258286
4800.558472	-120.559471
4801.231384	-120.748558
4801.904297	-120.684402
4802.577209	-120.768326
4803.250122	-120.102615
4803.923035	-120.395866
4804.595947	-120.355186
4805.268860	-119.522430
4805.941772	-119.581688
4806.614685	-120.883568
4807.287598	-121.284279
4807.960510	-120.114716
4808.633423	-120.862167
4809.306335	-120.375038
4809.979248	-119.796684
4810.652161	-120.473320
4811.325073	-120.883102
4811.997986	-120.015907
4812.670898	-119.548813
4813.343811	-120.317459
4814.016724	-121.365463
4814.689636	-122.173920
4815.362549	-120.339317
4816.035461	-120.099533
4816.708374	-119.957451
4817.381287	-119.681580
4818.054199	-120.147263
4818.727112	-119.761734
4819.400024	-120.736549
4820.072937	-120.299377
4820.745850	-120.334679
4821.418762	-120.234680
4822.091675	-119.957581
4822.764587	-119.587250
4823.437500	-119.288399
4824.110413	-121.250656
4824.783325	-120.865623
4825.456238	-121.341530
4826.129150	-120.643593
4826.802063	-119.318657
4827.474976	-120.221672
4828.147888	-120.775475
4828.820801	-120.502190
4829.493713	-120.585655
4830.166626	-119.535027
4830.839539	-119.371269
4831.512451	-120.723167
4832.185364	-119.368286
4832.858276	-120.806793
4833.531189	-120.193985
4834.204102	-120.545601
4834.877014	-121.368256
4835.549927	-120.199539
4836.222839	-120.144188
4836.895752	-119.887894
4837.568665	-119.763885
4838.241577	-119.567955
4838.914490	-118.741501
4839.587402	-119.832489
4840.260315	-120.056610
4840.933228	-121.150917
4841.606140	-121.820549
4842.279053	-121.270714
4842.951965	-120.815140
4843.624878	-120.602646
4844.297791	-120.397697
4844.970703	-120.599945
4845.643616	-120.748230
4846.316528	-120.542404
4846.989441	-119.462486
4847.662354	-119.925377
4848.335266	-121.118019
4849.008179	-121.724464
4849.681091	-121.219849
4850.354004	-121.101318
4851.026917	-119.592033
4851.699829	-119.513779
4852.372742	-118.966583
4853.045654	-119.042984
4853.718567	-120.110115
4854.391479	-120.113708
4855.064392	-121.187683
4855.737305	-121.226837
4856.410217	-121.350136
4857.083130	-121.976089
4857.756042	-121.513573
4858.428955	-120.384804
4859.101868	-120.374374
4859.774780	-120.777725
4860.447693	-119.445999
4861.120605	-118.865631
4861.793518	-119.201180
4862.466431	-119.278976
4863.139343	-120.517441
4863.812256	-122.178879
4864.485168	-120.875046
4865.158081	-119.391823
4865.830994	-119.740608
4866.503906	-119.631195
4867.176819	-119.141991
4867.849731	-119.676422
4868.522644	-120.077850
4869.195557	-120.298363
4869.868469	-120.599136
4870.541382	-121.055817
4871.214294	-120.532768
4871.887207	-121.440437
4872.560120	-122.055428
4873.233032	-122.406349
4873.905945	-120.529160
4874.578857	-120.682304
4875.251770	-121.018982
4875.924683	-120.880600
4876.597595	-121.091904
4877.270508	-120.757019
4877.943420	-121.143257
4878.616333	-119.606720
4879.289246	-119.926567
4879.962158	-119.674126
4880.635071	-119.413979
4881.307983	-119.681458
4881.980896	-121.028107
4882.653809	-120.488365
4883.326721	-119.670959
4883.999634	-119.627174
4884.672546	-119.203171
4885.345459	-120.765114
4886.018372	-121.290688
4886.691284	-120.767990
4887.364197	-120.449738
4888.037109	-120.859726
4888.710022	-120.532356
4889.382935	-119.876175
4890.055847	-119.233047
4890.728760	-119.099365
4891.401672	-120.044441
4892.074585	-119.342346
4892.747498	-119.555748
4893.420410	-119.705681
4894.093323	-120.101692
4894.766235	-119.969879
4895.439148	-121.226387
4896.112061	-121.673073
4896.784973	-120.860703
4897.457886	-121.499496
4898.130798	-121.112167
4898.803711	-120.625679
4899.476624	-121.409775
4900.149536	-120.779404
4900.822449	-119.655769
4901.495361	-120.157150
4902.168274	-119.607971
4902.841187	-119.914345
4903.514099	-120.090286
4904.187012	-120.113281
4904.859924	-121.443642
4905.532837	-120.566772
4906.205750	-120.215736
4906.878662	-119.399292
4907.551575	-119.457382
4908.224487	-120.688286
4908.897400	-120.177498
4909.570312	-120.016098
4910.243225	-119.905891
4910.916138	-120.291382
4911.589050	-119.994148
4912.261963	-120.216377
4912.934875	-121.997375
4913.607788	-122.357338
4914.280701	-122.324089
4914.953613	-120.965767
4915.626526	-120.861748
4916.299438	-119.535286
4916.972351	-119.123665
4917.645264	-119.675827
4918.318176	-119.707100
4918.991089	-120.449196
4919.664001	-121.043953
4920.336914	-121.644272
4921.009827	-120.427483
4921.682739	-120.536377
4922.355652	-120.292130
4923.028564	-120.106689
4923.701477	-120.195755
4924.374390	-119.168533
4925.047302	-120.205055
4925.720215	-121.670761
4926.393127	-121.692680
4927.066040	-119.884697
4927.738953	-119.844872
4928.411865	-120.627731
4929.084778	-121.209686
4929.757690	-121.419891
4930.430603	-120.799919
4931.103516	-119.826126
4931.776428	-119.887947
4932.449341	-119.687790
4933.122253	-120.639153
4933.795166	-120.390259
4934.468079	-120.762405
4935.140991	-120.861755
4935.813904	-120.396042
4936.486816	-119.697365
4937.159729	-119.991859
4937.832642	-119.624908
4938.505554	-118.781212
4939.178467	-119.463287
4939.851379	-120.936455
4940.524292	-120.058769
4941.197205	-121.133324
4941.870117	-120.705688
4942.543030	-119.534027
4943.215942	-119.651413
4943.888855	-119.595528
4944.561768	-120.111137
4945.234680	-119.901337
4945.907593	-120.225494
4946.580505	-120.401062
4947.253418	-120.295715
4947.926331	-120.313499
4948.599243	-120.251999
4949.272156	-120.490311
4949.945068	-121.052139
4950.617981	-120.749565
4951.290894	-119.721016
4951.963806	-120.361992
4952.636719	-120.056442
4953.309631	-119.707176
4953.982544	-121.475677
4954.655457	-120.924545
4955.328369	-120.607635
4956.001282	-120.427208
4956.674194	-120.770203
4957.347107	-121.098434
4958.020020	-119.905441
4958.692932	-119.506935
4959.365845	-118.969772
4960.038757	-118.895599
4960.711670	-120.334305
4961.384583	-120.966988
4962.057495	-120.374420
4962.730408	-122.018791
4963.403320	-120.805481
4964.076233	-120.143349
4964.749146	-120.530266
4965.422058	-119.872444
4966.094971	-120.045486
4966.767883	-120.363419
4967.440796	-120.583939
4968.113708	-120.961624
4968.786621	-120.554588
4969.459534	-120.333168
4970.132446	-119.891029
4970.805359	-120.866135
4971.478271	-122.463432
4972.151184	-121.635887
4972.824097	-119.519035
4973.497009	-120.584366
4974.169922	-120.505806
4974.842834	-120.345764
4975.515747	-120.479095
4976.188660	-119.855080
4976.861572	-119.231895
4977.534485	-120.628029
4978.207397	-120.001526
4978.880310	-121.845444
4979.553223	-121.530861
4980.226135	-120.011818
4980.899048	-119.915215
4981.571960	-121.203186
4982.244873	-120.355942
4982.917786	-120.957680
4983.590698	-121.669739
4984.263611	-120.313309
4984.936523	-120.200890
4985.609436	-120.000710
4986.282349	-120.512451
4986.955261	-120.935753
4987.628174	-119.632957
4988.301086	-119.836342
4988.973999	-118.984596
4989.646912	-119.718506
4990.319824	-120.991585
4990.992737	-119.654572
4991.665649	-119.920708
4992.338562	-120.287735
4993.011475	-121.534904
4993.684387	-120.705505
4994.357300	-121.101295
4995.030212	-121.315536
4995.703125	-119.941795
4996.376038	-120.212822
4997.048950	-120.954872
4997.721863	-120.363884
4998.394775	-119.854301
4999.067688	-120.028358
4999.740601	-119.032013
5000.413513	-119.994949
5001.086426	-120.691887
5001.759338	-120.295921
5002.432251	-119.477798
5003.105164	-119.705299
5003.778076	-119.771713
5004.450989	-119.691475
5005.123901	-119.987099
5005.796814	-120.561058
5006.469727	-121.222755
5007.142639	-120.818062
5007.815552	-119.849770
5008.488464	-120.402237
5009.161377	-120.495461
5009.834290	-119.894203
5010.507202	-119.928421
5011.180115	-119.631226
5011.853027	-119.717430
5012.525940	-121.143341
5013.198853	-120.944618
5013.871765	-120.535271
5014.544678	-120.458076
5015.217590	-120.179062
5015.890503	-120.387291
5016.563416	-119.462875
5017.236328	-119.140129
5017.909241	-120.770004
5018.582153	-121.365829
5019.255066	-121.877945
5019.927979	-121.133049
5020.600891	-120.075325
5021.273804	-119.665581
5021.946716	-119.195389
5022.619629	-119.122993
5023.292542	-120.613609
5023.965454	-120.847008
5024.638367	-119.731194
5025.311279	-120.838226
5025.984192	-120.735138
5026.657104	-119.967468
5027.330017	-119.892822
5028.002930	-120.257996
5028.675842	-119.490517
5029.348755	-119.755821
5030.021667	-120.489212
5030.694580	-119.987274
5031.367493	-120.017532
5032.040405	-120.090042
5032.713318	-121.117439
5033.386230	-120.906174
5034.059143	-121.723457
5034.732056	-121.883751
5035.404968	-120.577988
5036.077881	-119.603989
5036.750793	-120.020386
5037.423706	-120.181488
5038.096619	-120.762306
5038.769531	-120.220833
5039.442444	-121.466606
5040.115356	-121.614014
5040.788269	-120.591743
5041.461182	-120.280045
5042.134094	-119.520737
5042.807007	-120.436394
5043.479919	-121.006546
5044.152832	-120.958290
5044.825745	-118.933281
5045.498657	-118.553055
5046.171570	-119.165596
5046.844482	-119.829994
5047.517395	-120.400871
5048.190308	-120.932564
5048.863220	-120.560318
5049.536133	-119.839844
5050.209045	-119.901924
5050.881958	-119.516510
5051.554871	-119.928757
5052.227783	-120.196335
5052.900696	-119.533333
5053.573608	-120.914391
5054.246521	-123.082054
5054.919434	-122.280434
5055.592346	-119.541382
5056.265259	-118.440895
5056.938171	-119.917656
5057.611084	-120.163025
5058.283997	-120.556778
5058.956909	-120.207954
5059.629822	-119.849060
5060.302734	-120.116211
5060.975647	-120.222328
5061.648560	-120.882927
5062.321472	-119.471809
5062.994385	-119.155426
5063.667297	-120.582520
5064.340210	-120.663666
5065.013123	-120.347305
5065.686035	-119.716827
5066.358948	-120.231247
5067.031860	-121.436943
5067.704773	-121.245514
5068.377686	-119.900253
5069.050598	-118.825912
5069.723511	-119.038780
5070.396423	-120.351295
5071.069336	-119.735222
5071.742249	-119.414742
5072.415161	-120.503365
5073.088074	-120.136757
5073.760986	-121.068825
5074.433899	-120.189621
5075.106812	-119.708580
5075.779724	-120.429153
5076.452637	-121.879456
5077.125549	-120.266731
5077.798462	-119.838036
5078.471375	-119.274399
5079.144287	-119.977020
5079.817200	-119.644432
5080.490112	-119.443916
5081.163025	-121.049675
5081.835938	-121.525444
5082.508850	-120.786247
5083.181763	-120.207283
5083.854675	-118.975792
5084.527588	-119.320946
5085.200500	-120.753181
5085.873413	-121.638687
5086.546326	-120.907471
5087.219238	-119.954842
5087.892151	-121.556107
5088.565063	-121.357925
5089.237976	-120.877525
5089.910889	-120.549034
5090.583801	-120.605316
5091.256714	-120.834099
5091.929626	-121.460609
5092.602539	-120.901627
5093.275452	-120.222404
5093.948364	-120.210793
5094.621277	-121.971352
5095.294189	-122.190903
5095.967102	-120.783928
5096.640015	-119.976685
5097.312927	-120.494728
5097.985840	-120.638039
5098.658752	-119.549667
5099.331665	-119.845848
5100.004578	-120.701675
5100.677490	-120.291794
5101.350403	-121.041382
5102.023315	-120.529922
5102.696228	-120.750237
5103.369141	-120.254135
5104.042053	-119.827385
5104.714966	-119.572266
5105.387878	-120.712563
5106.060791	-121.092712
5106.733704	-120.074295
5107.406616	-121.206299
5108.079529	-120.955132
5108.752441	-119.873650
5109.425354	-120.073135
5110.098267	-121.524582
5110.771179	-121.570282
5111.444092	-119.779900
5112.117004	-121.522522
5112.789917	-120.947525
5113.462830	-120.924232
5114.135742	-121.664360
5114.808655	-121.948242
5115.481567	-119.693947
5116.154480	-120.046730
5116.827393	-120.767075
5117.500305	-121.596298
5118.173218	-120.981400
5118.846130	-119.916824
5119.519043	-120.495453
5120.191956	-121.747704
5120.864868	-121.054085
5121.537781	-120.453651
5122.210693	-121.034279
5122.883606	-120.288712
5123.556519	-119.941628
5124.229431	-119.529549
5124.902344	-119.805305
5125.575256	-120.777916
5126.248169	-121.879066
5126.921082	-121.766273
5127.593994	-122.266670
5128.266907	-120.350479
5128.939819	-118.856789
5129.612732	-120.195152
5130.285645	-121.206078
5130.958557	-121.193077
5131.631470	-121.398170
5132.304382	-122.341179
5132.977295	-120.677368
5133.650208	-119.362381
5134.323120	-119.552757
5134.996033	-120.111496
5135.668945	-121.043633
5136.341858	-120.875671
5137.014771	-121.384911
5137.687683	-122.473930
5138.360596	-120.778603
5139.033508	-119.723915
5139.706421	-119.390495
5140.379333	-119.693954
5141.052246	-119.694328
5141.725159	-118.821190
5142.398071	-119.948578
5143.070984	-120.430565
5143.743896	-120.414932
5144.416809	-121.015923
5145.089722	-120.753647
5145.762634	-120.577980
5146.435547	-121.297050
5147.108459	-121.295273
5147.781372	-120.546593
5148.454285	-120.714417
5149.127197	-121.405281
5149.800110	-121.300491
5150.473022	-121.409271
5151.145935	-120.699562
5151.818848	-119.544556
5152.491760	-121.185150
5153.164673	-120.865036
5153.837585	-120.368912
5154.510498	-120.343254
5155.183411	-120.534851
5155.856323	-119.768356
5156.529236	-119.422218
5157.202148	-120.017639
5157.875061	-119.536102
5158.547974	-119.080856
5159.220886	-120.304962
5159.893799	-120.632355
5160.566711	-119.837708
5161.239624	-121.780350
5161.912537	-121.749512
5162.585449	-120.125137
5163.258362	-120.834587
5163.931274	-121.625099
5164.604187	-121.020554
5165.277100	-119.373230
5165.950012	-119.942436
5166.622925	-121.932373
5167.295837	-120.814636
5167.968750	-120.336517
5168.641663	-120.722626
5169.314575	-120.748817
5169.987488	-120.722351
5170.660400	-120.349876
5171.333313	-120.995956
5172.006226	-119.841385
5172.679138	-120.335548
5173.352051	-120.852608
5174.024963	-119.624474
5174.697876	-119.337372
5175.370789	-119.638687
5176.043701	-120.566353
5176.716614	-119.813843
5177.389526	-120.463776
5178.062439	-121.649025
5178.735352	-120.981064
5179.408264	-120.318459
5180.081177	-120.653229
5180.754089	-120.923882
5181.427002	-120.819489
5182.099915	-120.116516
5182.772827	-118.772835
5183.445740	-119.299599
5184.118652	-120.437843
5184.791565	-120.109909
5185.464478	-119.749329
5186.137390	-120.329559
5186.810303	-120.990417
5187.483215	-119.615974
5188.156128	-119.820244
5188.829041	-121.365440
5189.501953	-122.007416
5190.174866	-120.498718
5190.847778	-120.022415
5191.520691	-120.052170
5192.193604	-119.665535
5192.866516	-119.695969
5193.539429	-120.568558
5194.212341	-121.036003
5194.885254	-121.418083
5195.558167	-120.904373
5196.231079	-118.805443
5196.903992	-119.549896
5197.576904	-121.676979
5198.249817	-120.610794
5198.922729	-121.001534
5199.595642	-120.532562
5200.268555	-120.572411
5200.941467	-121.426659
5201.614380	-122.101616
5202.287292	-120.633224
5202.960205	-119.154182
5203.633118	-119.320511
5204.306030	-120.509987
5204.978943	-120.747261
5205.651855	-119.782288
5206.324768	-120.243393
5206.997681	-121.110519
5207.670593	-121.033302
5208.343506	-120.576431
5209.016418	-120.436249
5209.689331	-119.973389
5210.362244	-120.474968
5211.035156	-118.948311
5211.708069	-118.883240
5212.380981	-119.798927
5213.053894	-120.161934
5213.726807	-119.948967
5214.399719	-120.006256
5215.072632	-121.010475
5215.745544	-120.484322
5216.418457	-120.450142
5217.091370	-119.289818
5217.764282	-120.066818
5218.437195	-120.952553
5219.110107	-121.020561
5219.783020	-121.010399
5220.455933	-120.877876
5221.128845	-120.726852
5221.801758	-121.066681
5222.474670	-120.477852
5223.147583	-119.640755
5223.820496	-119.076073
5224.493408	-120.065773
5225.166321	-120.435226
5225.839233	-120.150558
5226.512146	-119.607216
5227.185059	-120.333702
5227.857971	-120.459656
5228.530884	-120.129921
5229.203796	-119.749825
5229.876709	-120.788689
5230.549622	-120.920425
5231.222534	-120.590294
5231.895447	-120.983124
5232.568359	-120.343140
5233.241272	-119.851372
5233.914185	-119.227013
5234.587097	-119.956284
5235.260010	-121.116325
5235.932922	-120.166443
5236.605835	-119.346573
5237.278748	-119.043694
5237.951660	-120.275490
5238.624573	-120.631248
5239.297485	-119.929337
5239.970398	-118.701111
5240.643311	-119.448318
5241.316223	-120.285919
5241.989136	-119.965782
5242.662048	-120.524475
5243.334961	-120.483650
5244.007874	-119.709526
5244.680786	-120.072624
5245.353699	-120.556984
5246.026611	-120.780518
5246.699524	-120.773438
5247.372437	-120.365829
5248.045349	-120.391418
5248.718262	-120.327950
5249.391174	-119.701004
5250.064087	-119.659302
5250.737000	-119.595192
5251.409912	-118.930649
5252.082825	-119.663300
5252.755737	-119.296043
5253.428650	-119.674118
5254.101562	-121.184036
5254.774475	-120.385963
5255.447388	-120.651497
5256.120300	-121.970375
5256.793213	-121.457039
5257.466125	-120.461800
5258.139038	-120.687805
5258.811951	-121.481491
5259.484863	-122.042221
5260.157776	-121.869507
5260.830688	-120.847168
5261.503601	-120.472816
5262.176514	-120.562019
5262.849426	-121.186142
5263.522339	-120.994156
5264.195251	-120.968513
5264.868164	-121.100975
5265.541077	-120.258530
5266.213989	-119.461067
5266.886902	-120.229073
5267.559814	-120.707016
5268.232727	-120.302650
5268.905640	-120.502861
5269.578552	-121.243271
5270.251465	-122.142349
5270.924377	-121.247345
5271.597290	-119.333946
5272.270203	-119.969208
5272.943115	-120.084328
5273.616028	-120.047829
5274.288940	-120.316635
5274.961853	-120.292816
5275.634766	-120.938400
5276.307678	-120.849281
5276.980591	-120.596504
5277.653503	-120.902138
5278.326416	-119.915245
5278.999329	-121.268669
5279.672241	-122.160461
5280.345154	-121.204727
5281.018066	-121.751869
5281.690979	-120.568420
5282.363892	-120.006500
5283.036804	-119.748886
5283.709717	-118.834846
5284.382629	-119.668777
5285.055542	-119.605743
5285.728455	-119.867805
5286.401367	-120.751762
5287.074280	-119.678810
5287.747192	-120.410095
5288.420105	-119.410614
5289.093018	-119.605110
5289.765930	-120.176727
5290.438843	-119.858208
5291.111755	-119.963867
5291.784668	-120.002129
5292.457581	-119.893349
5293.130493	-119.612282
5293.803406	-121.683662
5294.476318	-121.592606
5295.149231	-121.501923
5295.822144	-122.658623
5296.495056	-121.864159
5297.167969	-121.139748
5297.840881	-119.459732
5298.513794	-119.683548
5299.186707	-120.346619
5299.859619	-119.769615
5300.532532	-120.474648
5301.205444	-119.835854
5301.878357	-120.132820
5302.551270	-120.318886
5303.224182	-120.063408
5303.897095	-119.957458
5304.570007	-119.496223
5305.242920	-120.640564
5305.915833	-120.663063
5306.588745	-120.148819
5307.261658	-120.877518
5307.934570	-120.046104
5308.607483	-118.792442
5309.280396	-120.258759
5309.953308	-120.225746
5310.626221	-119.493088
5311.299133	-120.345154
5311.972046	-121.134567
5312.644958	-120.422958
5313.317871	-119.741608
5313.990784	-120.068100
5314.663696	-120.966484
5315.336609	-120.913124
5316.009521	-119.607201
5316.682434	-120.801064
5317.355347	-121.118446
5318.028259	-120.113602
5318.701172	-120.436523
5319.374084	-119.402939
5320.046997	-120.343544
5320.719910	-120.825401
5321.392822	-120.909561
5322.065735	-120.648956
5322.738647	-120.961411
5323.411560	-120.018898
5324.084473	-119.446709
5324.757385	-119.854271
5325.430298	-119.042839
5326.103210	-119.898094
5326.776123	-120.453667
5327.449036	-120.712715
5328.121948	-120.093513
5328.794861	-120.050156
5329.467773	-120.420555
5330.140686	-121.092133
5330.813599	-121.127388
5331.486511	-120.530487
5332.159424	-119.958763
5332.832336	-119.632065
5333.505249	-119.182114
5334.178162	-119.776741
5334.851074	-119.993736
5335.523987	-119.773628
5336.196899	-121.511528
5336.869812	-120.178940
5337.542725	-120.387932
5338.215637	-121.041168
5338.888550	-120.259514
5339.561462	-119.987137
5340.234375	-120.686188
5340.907288	-120.354027
5341.580200	-120.387840
5342.253113	-120.342552
5342.926025	-120.631821
5343.598938	-121.060692
5344.271851	-121.333740
5344.944763	-121.175529
5345.617676	-120.618439
5346.290588	-120.206108
5346.963501	-120.544426
5347.636414	-121.774063
5348.309326	-120.930099
5348.982239	-120.794456
5349.655151	-119.832474
5350.328064	-120.184029
5351.000977	-121.113403
5351.673889	-121.224754
5352.346802	-120.058205
5353.019714	-119.447914
5353.692627	-119.195938
5354.365540	-119.465347
5355.038452	-119.512390
5355.711365	-119.542953
5356.384277	-121.228683
5357.057190	-121.283188
5357.730103	-120.587479
5358.403015	-121.522049
5359.075928	-120.861969
5359.748840	-119.952545
5360.421753	-121.199898
5361.094666	-121.996552
5361.767578	-120.996979
5362.440491	-119.654854
5363.113403	-118.727890
5363.786316	-119.360748
5364.459229	-119.801483
5365.132141	-120.018028
5365.805054	-120.054771
5366.477966	-119.455551
5367.150879	-120.367729
5367.823792	-121.665787
5368.496704	-120.405838
5369.169617	-119.905540
5369.842529	-119.252815
5370.515442	-119.011658
5371.188354	-119.663406
5371.861267	-121.319824
5372.534180	-121.261650
5373.207092	-121.238472
5373.880005	-120.317688
5374.552917	-119.733368
5375.225830	-120.190964
5375.898743	-119.800514
5376.571655	-119.121399
5377.244568	-119.387756
5377.917480	-119.827965
5378.590393	-118.724770
5379.263306	-119.442734
5379.936218	-120.512016
5380.609131	-120.937927
5381.282043	-120.160942
5381.954956	-120.170311
5382.627869	-120.399544
5383.300781	-121.026169
5383.973694	-120.967751
5384.646606	-121.150421
5385.319519	-120.547882
5385.992432	-120.941391
5386.665344	-119.997955
5387.338257	-120.214493
5388.011169	-120.627075
5388.684082	-119.516846
5389.356995	-118.339531
5390.029907	-117.654480
5390.702820	-117.998260
5391.375732	-119.478897
5392.048645	-120.703789
5392.721558	-121.737045
5393.394470	-121.894890
5394.067383	-121.224976
5394.740295	-121.145866
5395.413208	-121.887215
5396.086121	-120.992554
5396.759033	-119.713669
5397.431946	-120.423660
5398.104858	-121.801483
5398.777771	-121.101967
5399.450684	-119.556320
5400.123596	-119.415726
5400.796509	-120.312630
5401.469421	-121.261032
5402.142334	-121.832039
5402.815247	-121.303787
5403.488159	-120.219604
5404.161072	-121.107620
5404.833984	-120.998245
5405.506897	-119.968941
5406.179810	-119.960159
5406.852722	-120.748619
5407.525635	-121.999634
5408.198547	-121.640778
5408.871460	-120.673088
5409.544373	-120.293999
5410.217285	-120.892319
5410.890198	-120.530830
5411.563110	-119.949341
5412.236023	-120.389221
5412.908936	-120.597092
5413.581848	-121.323456
5414.254761	-121.638718
5414.927673	-122.053284
5415.600586	-120.202431
5416.273499	-119.682724
5416.946411	-120.932266
5417.619324	-121.131660
5418.292236	-120.627357
5418.965149	-120.705727
5419.638062	-120.143463
5420.310974	-118.947060
5420.983887	-118.794823
5421.656799	-119.239044
5422.329712	-120.030975
5423.002625	-119.676682
5423.675537	-120.575127
5424.348450	-119.680138
5425.021362	-119.915344
5425.694275	-120.835060
5426.367188	-120.960007
5427.040100	-119.245995
5427.713013	-119.623070
5428.385925	-119.996086
5429.058838	-119.906860
5429.731750	-120.029358
5430.404663	-119.667717
5431.077576	-120.347885
5431.750488	-121.094322
5432.423401	-121.681900
5433.096313	-120.877213
5433.769226	-120.192307
5434.442139	-120.138977
5435.115051	-119.873032
5435.787964	-120.228798
5436.460876	-120.287727
5437.133789	-120.045235
5437.806702	-119.612808
5438.479614	-121.042984
5439.152527	-121.094131
5439.825439	-120.464729
5440.498352	-120.246529
5441.171265	-120.076256
5441.844177	-121.584648
5442.517090	-119.429382
5443.190002	-120.296989
5443.862915	-121.537498
5444.535828	-121.508064
5445.208740	-121.702415
5445.881653	-120.622314
5446.554565	-120.847061
5447.227478	-120.961746
5447.900391	-120.907013
5448.573303	-121.853195
5449.246216	-120.528633
5449.919128	-120.565895
5450.592041	-120.473663
5451.264954	-119.404953
5451.937866	-119.932129
5452.610779	-121.796051
5453.283691	-121.030586
5453.956604	-119.523148
5454.629517	-119.661873
5455.302429	-119.908836
5455.975342	-119.102646
5456.648254	-119.610931
5457.321167	-120.944031
5457.994080	-121.886749
5458.666992	-121.039818
5459.339905	-120.447784
5460.012817	-120.873077
5460.685730	-120.598434
5461.358643	-120.726776
5462.031555	-120.208572
5462.704468	-120.018974
5463.377380	-119.979591
5464.050293	-119.668869
5464.723206	-119.620850
5465.396118	-120.030998
5466.069031	-120.680725
5466.741943	-120.635857
5467.414856	-120.372597
5468.087769	-120.822289
5468.760681	-121.907463
5469.433594	-120.285645
5470.106506	-120.802689
5470.779419	-120.867477
5471.452332	-121.611046
5472.125244	-121.178131
5472.798157	-120.891037
5473.471069	-121.881813
5474.143982	-121.751770
5474.816895	-120.872780
5475.489807	-120.467293
5476.162720	-120.100761
5476.835632	-121.160393
5477.508545	-119.797638
5478.181458	-121.076401
5478.854370	-120.590454
5479.527283	-121.840744
5480.200195	-121.610130
5480.873108	-122.031738
5481.546021	-119.642654
5482.218933	-118.683693
5482.891846	-119.679222
5483.564758	-120.826576
5484.237671	-120.833221
5484.910583	-120.619797
5485.583496	-119.785355
5486.256409	-119.334106
5486.929321	-120.047813
5487.602234	-121.408440
5488.275146	-120.997032
5488.948059	-119.146538
5489.620972	-120.086082
5490.293884	-121.500610
5490.966797	-120.862579
5491.639709	-120.862892
5492.312622	-120.426003
5492.985535	-119.427200
5493.658447	-119.559738
5494.331360	-119.645409
5495.004272	-120.653618
5495.677185	-121.100845
5496.350098	-119.435669
5497.023010	-120.333130
5497.695923	-120.460342
5498.368835	-119.810265
5499.041748	-119.144806
5499.714661	-120.467964
5500.387573	-120.843018
5501.060486	-121.194038
5501.733398	-120.811089
5502.406311	-120.695480
5503.079224	-119.221893
5503.752136	-118.969749
5504.425049	-119.716568
5505.097961	-121.120392
5505.770874	-121.549339
5506.443787	-120.362160
5507.116699	-120.660576
5507.789612	-121.623123
5508.462524	-119.888046
5509.135437	-120.714035
5509.808350	-121.207634
5510.481262	-120.609375
5511.154175	-120.463684
5511.827087	-120.097839
5512.500000	-120.249779
5513.172913	-120.075920
5513.845825	-120.331703
5514.518738	-120.727234
5515.191650	-120.330559
5515.864563	-120.464111
5516.537476	-120.001579
5517.210388	-120.269966
5517.883301	-121.488892
5518.556213	-121.087120
5519.229126	-121.477432
5519.902039	-122.824188
5520.574951	-122.159233
5521.247864	-120.294411
5521.920776	-120.706940
5522.593689	-120.867668
5523.266602	-120.735046
5523.939514	-121.808411
5524.612427	-120.890915
5525.285339	-119.513855
5525.958252	-120.884712
5526.631165	-120.834900
5527.304077	-119.306389
5527.976990	-119.261459
5528.649902	-120.065689
5529.322815	-120.606529
5529.995728	-120.330688
5530.668640	-120.589989
5531.341553	-120.461258
5532.014465	-121.572357
5532.687378	-120.545105
5533.360291	-120.852921
5534.033203	-120.074303
5534.706116	-119.649414
5535.379028	-121.118172
5536.051941	-122.352615
5536.724854	-122.076424
5537.397766	-120.462395
5538.070679	-120.077873
5538.743591	-120.240509
5539.416504	-119.867424
5540.089417	-119.783714
5540.762329	-119.480659
5541.435242	-120.555145
5542.108154	-121.246918
5542.781067	-120.493774
5543.453979	-120.729927
5544.126892	-120.167374
5544.799805	-120.280319
5545.472717	-119.729736
5546.145630	-120.921013
5546.818542	-121.069908
5547.491455	-121.437973
5548.164368	-121.251610
5548.837280	-121.095581
5549.510193	-120.684608
5550.183105	-119.576103
5550.856018	-120.600609
5551.528931	-120.259743
5552.201843	-120.284805
5552.874756	-120.396500
5553.547668	-120.059074
5554.220581	-120.541542
5554.893494	-121.041794
5555.566406	-120.980148
5556.239319	-119.941101
5556.912231	-119.644539
5557.585144	-120.467331
5558.258057	-119.728661
5558.930969	-119.872437
5559.603882	-120.574593
5560.276794	-120.160080
5560.949707	-120.258278
5561.622620	-121.178741
5562.295532	-121.676086
5562.968445	-121.772789
5563.641357	-121.843613
5564.314270	-121.428963
5564.987183	-121.066620
5565.660095	-120.575287
5566.333008	-120.462502
5567.005920	-120.901131
5567.678833	-121.906448
5568.351746	-120.318970
5569.024658	-119.939438
5569.697571	-120.490479
5570.370483	-119.811287
5571.043396	-120.696465
5571.716309	-120.179352
5572.389221	-120.620895
5573.062134	-120.372589
5573.735046	-120.179329
5574.407959	-121.000328
5575.080872	-120.428795
5575.753784	-120.730484
5576.426697	-120.938828
5577.099609	-119.757042
5577.772522	-120.383774
5578.445435	-120.788086
5579.118347	-119.800385
5579.791260	-119.222824
5580.464172	-120.011475
5581.137085	-119.524559
5581.809998	-120.074913
5582.482910	-120.645752
5583.155823	-120.028671
5583.828735	-120.790565
5584.501648	-121.105354
5585.174561	-120.558273
5585.847473	-120.642906
5586.520386	-120.928513
5587.193298	-121.375092
5587.866211	-119.936394
5588.539124	-120.400208
5589.212036	-120.614159
5589.884949	-119.154869
5590.557861	-119.219131
5591.230774	-119.981789
5591.903687	-119.765121
5592.576599	-119.930939
5593.249512	-121.188751
5593.922424	-119.759323
5594.595337	-120.586227
5595.268250	-120.206200
5595.941162	-120.594734
5596.614075	-121.224876
5597.286987	-119.991493
5597.959900	-119.863373
5598.632812	-118.898819
5599.305725	-119.009903
5599.978638	-120.387016
5600.651550	-120.279449
5601.324463	-120.357498
5601.997375	-120.333618
5602.670288	-120.240631
5603.343201	-119.172569
5604.016113	-119.788788
5604.689026	-119.350433
5605.361938	-118.634109
5606.034851	-118.474419
5606.707764	-120.032295
5607.380676	-119.332565
5608.053589	-119.888092
5608.726501	-120.180580
5609.399414	-119.650566
5610.072327	-119.924988
5610.745239	-119.707993
5611.418152	-120.912239
5612.091064	-121.774590
5612.763977	-121.082306
5613.436890	-121.692436
5614.109802	-121.216118
5614.782715	-120.861794
5615.455627	-119.951462
5616.128540	-119.357216
5616.801453	-120.139885
5617.474365	-120.510643
5618.147278	-120.446609
5618.820190	-120.715332
5619.493103	-120.251587
5620.166016	-120.794006
5620.838928	-121.514038
5621.511841	-119.901306
5622.184753	-120.480042
5622.857666	-121.644409
5623.530579	-121.582573
5624.203491	-121.853363
5624.876404	-120.712723
5625.549316	-120.047981
5626.222229	-120.650459
5626.895142	-120.116119
5627.568054	-120.277824
5628.240967	-119.858032
5628.913879	-121.092789
5629.586792	-120.169540
5630.259705	-120.239502
5630.932617	-120.781410
5631.605530	-121.092285
5632.278442	-120.789146
5632.951355	-120.545883
5633.624268	-120.620880
5634.297180	-119.844978
5634.970093	-120.104080
5635.643005	-120.849022
5636.315918	-120.898346
5636.988831	-120.116913
5637.661743	-119.606873
5638.334656	-120.869400
5639.007568	-121.116722
5639.680481	-121.461823
5640.353394	-119.541359
5641.026306	-118.828865
5641.699219	-120.555046
5642.372131	-120.479309
5643.045044	-119.181259
5643.717957	-120.616486
5644.390869	-120.379501
5645.063782	-119.662865
5645.736694	-119.713829
5646.409607	-119.749008
5647.082520	-119.338120
5647.755432	-120.288383
5648.428345	-121.179588
5649.101257	-121.230949
5649.774170	-121.319519
5650.447083	-120.592628
5651.119995	-120.766815
5651.792908	-121.288979
5652.465820	-120.712059
5653.138733	-120.430534
5653.811646	-120.156036
5654.484558	-120.390961
5655.157471	-120.544189
5655.830383	-120.776688
5656.503296	-119.764069
5657.176208	-121.103577
5657.849121	-120.245064
5658.522034	-119.655174
5659.194946	-120.324562
5659.867859	-120.516235
5660.540771	-120.533012
5661.213684	-119.420990
5661.886597	-120.112892
5662.559509	-120.897079
5663.232422	-120.291000
5663.905334	-119.943932
5664.578247	-119.561455
5665.251160	-119.964523
5665.924072	-120.377029
5666.596985	-119.769814
5667.269897	-120.485245
5667.942810	-120.076866
5668.615723	-119.480461
5669.288635	-120.347313
5669.961548	-121.019821
5670.634460	-121.336456
5671.307373	-120.179710
5671.980286	-120.208519
5672.653198	-121.643639
5673.326111	-121.199249
5673.999023	-119.716805
5674.671936	-120.010895
5675.344849	-120.537216
5676.017761	-120.387489
5676.690674	-119.390747
5677.363586	-119.472946
5678.036499	-120.970741
5678.709412	-120.498222
5679.382324	-119.463989
5680.055237	-119.089401
5680.728149	-120.479355
5681.401062	-120.460258
5682.073975	-119.717255
5682.746887	-119.658180
5683.419800	-119.639717
5684.092712	-120.077614
5684.765625	-119.783607
5685.438538	-119.456398
5686.111450	-119.586601
5686.784363	-120.010620
5687.457275	-120.169014
5688.130188	-121.198807
5688.803101	-120.099762
5689.476013	-121.626053
5690.148926	-122.442467
5690.821838	-121.308983
5691.494751	-120.180046
5692.167664	-119.015633
5692.840576	-118.378807
5693.513489	-118.597244
5694.186401	-119.211578
5694.859314	-121.088318
5695.532227	-121.089561
5696.205139	-121.137794
5696.878052	-120.464287
5697.550964	-119.843414
5698.223877	-119.340141
5698.896790	-119.568771
5699.569702	-121.232300
5700.242615	-121.120720
5700.915527	-120.023285
5701.588440	-119.002739
5702.261353	-119.966553
5702.934265	-120.340118
5703.607178	-119.829460
5704.280090	-119.696609
5704.953003	-120.172150
5705.625916	-121.379807
5706.298828	-120.343277
5706.971741	-119.675606
5707.644653	-119.487152
5708.317566	-119.800949
5708.990479	-121.964653
5709.663391	-121.425507
5710.336304	-120.829781
5711.009216	-120.835266
5711.682129	-119.978210
5712.355042	-120.511116
5713.027954	-120.379066
5713.700867	-120.707184
5714.373779	-120.540634
5715.046692	-120.173141
5715.719604	-119.434578
5716.392517	-121.220795
5717.065430	-119.905205
5717.738342	-119.062447
5718.411255	-120.584183
5719.084167	-121.964119
5719.757080	-121.947258
5720.429993	-121.078102
5721.102905	-121.273705
5721.775818	-120.260643
5722.448730	-120.146118
5723.121643	-120.655525
5723.794556	-120.091019
5724.467468	-119.676903
5725.140381	-119.974075
5725.813293	-121.989876
5726.486206	-121.052956
5727.159119	-119.926079
5727.832031	-119.498665
5728.504944	-119.824669
5729.177856	-119.228912
5729.850769	-120.084526
5730.523682	-121.118721
5731.196594	-121.243774
5731.869507	-121.470535
5732.542419	-120.341461
5733.215332	-119.745140
5733.888245	-120.389748
5734.561157	-120.923538
5735.234070	-120.794830
5735.906982	-119.018768
5736.579895	-118.535431
5737.252808	-121.457344
5737.925720	-120.376595
5738.598633	-119.268608
5739.271545	-120.087959
5739.944458	-120.315544
5740.617371	-120.423386
5741.290283	-120.063759
5741.963196	-119.712257
5742.636108	-119.943329
5743.309021	-119.877495
5743.981934	-120.283600
5744.654846	-120.452316
5745.327759	-120.692642
5746.000671	-119.256111
5746.673584	-118.970116
5747.346497	-120.076920
5748.019409	-119.452492
5748.692322	-119.887733
5749.365234	-120.591774
5750.038147	-120.538696
5750.711060	-120.883423
5751.383972	-120.738319
5752.056885	-119.762329
5752.729797	-120.316048
5753.402710	-121.794136
5754.075623	-121.192528
5754.748535	-120.793121
5755.421448	-120.164139
5756.094360	-119.267624
5756.767273	-119.654686
5757.440186	-120.719917
5758.113098	-120.645615
5758.786011	-120.105492
5759.458923	-121.047508
5760.131836	-121.301292
5760.804749	-120.968208
5761.477661	-119.817574
5762.150574	-120.352737
5762.823486	-120.591133
5763.496399	-120.293495
5764.169312	-120.548904
5764.842224	-120.180992
5765.515137	-121.487762
5766.188049	-121.399612
5766.860962	-120.383575
5767.533875	-120.165451
5768.206787	-120.218941
5768.879700	-119.094261
5769.552612	-120.026718
5770.225525	-120.313461
5770.898438	-120.484207
5771.571350	-121.266617
5772.244263	-120.837799
5772.917175	-120.010796
5773.590088	-119.001648
5774.263000	-119.893288
5774.935913	-120.153984
5775.608826	-119.714409
5776.281738	-120.306168
5776.954651	-120.626968
5777.627563	-120.399956
5778.300476	-120.068283
5778.973389	-119.986740
5779.646301	-120.364510
5780.319214	-120.174736
5780.992126	-121.182007
5781.665039	-120.929268
5782.337952	-120.847527
5783.010864	-120.855446
5783.683777	-120.187263
5784.356689	-119.894333
5785.029602	-119.421600
5785.702515	-120.139503
5786.375427	-120.674316
5787.048340	-121.247749
5787.721252	-121.115074
5788.394165	-120.606705
5789.067078	-119.290176
5789.739990	-119.467880
5790.412903	-120.605423
5791.085815	-121.397072
5791.758728	-119.750526
5792.431641	-119.500603
5793.104553	-120.861572
5793.777466	-119.939079
5794.450378	-119.599281
5795.123291	-120.470985
5795.796204	-122.119522
5796.469116	-122.349449
5797.142029	-121.695732
5797.814941	-120.778091
5798.487854	-119.999176
5799.160767	-119.612183
5799.833679	-119.652931
5800.506592	-120.006386
5801.179504	-121.271446
5801.852417	-120.956657
5802.525330	-120.491768
5803.198242	-121.119255
5803.871155	-121.146240
5804.544067	-120.818268
5805.216980	-120.870308
5805.889893	-120.799774
5806.562805	-122.027184
5807.235718	-120.650124
5807.908630	-120.277763
5808.581543	-121.259392
5809.254456	-120.286255
5809.927368	-119.968216
5810.600281	-119.201347
5811.273193	-120.122894
5811.946106	-120.999504
5812.619019	-119.609261
5813.291931	-119.015808
5813.964844	-120.262848
5814.637756	-120.777527
5815.310669	-120.075493
5815.983582	-120.493668
5816.656494	-120.546455
5817.329407	-119.736336
5818.002319	-120.217819
5818.675232	-119.944046
5819.348145	-119.576820
5820.021057	-120.782532
5820.693970	-120.288895
5821.366882	-119.365074
5822.039795	-120.064781
5822.712708	-120.241264
5823.385620	-120.759964
5824.058533	-121.027451
5824.731445	-120.474754
5825.404358	-120.855896
5826.077271	-120.826569
5826.750183	-119.515121
5827.423096	-120.072891
5828.096008	-121.402878
5828.768921	-120.487267
5829.441833	-121.157806
5830.114746	-120.916321
5830.787659	-119.950226
5831.460571	-120.503029
5832.133484	-120.615318
5832.806396	-120.230049
5833.479309	-120.345848
5834.152222	-120.958694
5834.825134	-121.736626
5835.498047	-121.468269
5836.170959	-120.830841
5836.843872	-119.700043
5837.516785	-118.707748
5838.189697	-119.002106
5838.862610	-118.934776
5839.535522	-120.694199
5840.208435	-121.300011
5840.881348	-120.873367
5841.554260	-121.231094
5842.227173	-120.322823
5842.900085	-120.394310
5843.572998	-119.685532
5844.245911	-119.596619
5844.918823	-119.229454
5845.591736	-119.161049
5846.264648	-119.921242
5846.937561	-120.255714
5847.610474	-119.591248
5848.283386	-119.788307
5848.956299	-121.429535
5849.629211	-119.633392
5850.302124	-119.781700
5850.975037	-120.897720
5851.647949	-120.951790
5852.320862	-120.641830
5852.993774	-120.085060
5853.666687	-120.594002
5854.339600	-121.234734
5855.012512	-121.018639
5855.685425	-120.478386
5856.358337	-120.811928
5857.031250	-120.718842
5857.704163	-119.978119
5858.377075	-120.580956
5859.049988	-120.347176
5859.722900	-120.821678
5860.395813	-121.215027
5861.068726	-120.410629
5861.741638	-119.838783
5862.414551	-119.116318
5863.087463	-119.561974
5863.760376	-120.341377
5864.433289	-119.337456
5865.106201	-119.540749
5865.779114	-119.465637
5866.452026	-120.579773
5867.124939	-120.836716
5867.797852	-120.092728
5868.470764	-119.767174
5869.143677	-119.735138
5869.816589	-120.749641
5870.489502	-120.860451
5871.162415	-119.923698
5871.835327	-120.006439
5872.508240	-121.469673
5873.181152	-121.861656
5873.854065	-121.105110
5874.526978	-120.570404
5875.199890	-120.326149
5875.872803	-119.979156
5876.545715	-121.521622
5877.218628	-121.600410
5877.891541	-120.524277
5878.564453	-120.357040
5879.237366	-121.181526
5879.910278	-120.430702
5880.583191	-120.491310
5881.256104	-120.767441
5881.929016	-119.414703
5882.601929	-120.216888
5883.274841	-119.831551
5883.947754	-119.660233
5884.620667	-120.438995
5885.293579	-120.920616
5885.966492	-121.335236
5886.639404	-121.092644
5887.312317	-121.214249
5887.985229	-120.328331
5888.658142	-119.978683
5889.331055	-120.573555
5890.003967	-120.656120
5890.676880	-120.031578
5891.349792	-121.189346
5892.022705	-121.365891
5892.695618	-120.094940
5893.368530	-119.435699
5894.041443	-119.626266
5894.714355	-119.825882
5895.387268	-120.239662
5896.060181	-119.428360
5896.733093	-120.081337
5897.406006	-120.910278
5898.078918	-120.216515
5898.751831	-120.300865
5899.424744	-121.593285
5900.097656	-120.651367
5900.770569	-120.439606
5901.443481	-119.882431
5902.116394	-120.407997
5902.789307	-119.622536
5903.462219	-121.299065
5904.135132	-120.785164
5904.808044	-120.280930
5905.480957	-120.026917
5906.153870	-120.180031
5906.826782	-120.169823
5907.499695	-120.292389
5908.172607	-120.702118
5908.845520	-120.692085
5909.518433	-121.117134
5910.191345	-121.439468
5910.864258	-119.522820
5911.537170	-120.920837
5912.210083	-120.510780
5912.882996	-120.606865
5913.555908	-120.495041
5914.228821	-119.740372
5914.901733	-120.499535
5915.574646	-121.067253
5916.247559	-120.798691
5916.920471	-119.910233
5917.593384	-120.475624
5918.266296	-121.498726
5918.939209	-119.187370
5919.612122	-119.626884
5920.285034	-120.707565
5920.957947	-121.133820
5921.630859	-121.056252
5922.303772	-119.339493
5922.976685	-118.634995
5923.649597	-119.836189
5924.322510	-120.703674
5924.995422	-120.754166
5925.668335	-119.529022
5926.341248	-119.533890
5927.014160	-120.440529
5927.687073	-120.269714
5928.359985	-120.563713
5929.032898	-119.399574
5929.705811	-119.100838
5930.378723	-119.798599
5931.051636	-121.303459
5931.724548	-120.134323
5932.397461	-120.102242
5933.070374	-120.638870
5933.743286	-121.005798
5934.416199	-120.605339
5935.089111	-119.946068
5935.762024	-120.628647
5936.434937	-120.243896
5937.107849	-119.500854
5937.780762	-119.910370
5938.453674	-119.175491
5939.126587	-119.418327
5939.799500	-120.676552
5940.472412	-120.582581
5941.145325	-120.727707
5941.818237	-119.982086
5942.491150	-121.185341
5943.164062	-120.859543
5943.836975	-119.339722
5944.509888	-120.022629
5945.182800	-120.462204
5945.855713	-120.510803
5946.528625	-120.920120
5947.201538	-121.573288
5947.874451	-121.087738
5948.547363	-120.347008
5949.220276	-120.181198
5949.893188	-119.200996
5950.566101	-119.122757
5951.239014	-120.228149
5951.911926	-120.042084
5952.584839	-120.012238
5953.257751	-120.270065
5953.930664	-119.834457
5954.603577	-120.714462
5955.276489	-121.112579
5955.949402	-119.712013
5956.622314	-119.208260
5957.295227	-120.545906
5957.968140	-120.830299
5958.641052	-121.641510
5959.313965	-122.262970
5959.986877	-120.056618
5960.659790	-119.829979
5961.332703	-120.411537
5962.005615	-120.286469
5962.678528	-122.293282
5963.351440	-121.680382
5964.024353	-119.928673
5964.697266	-119.930794
5965.370178	-121.401306
5966.043091	-121.119820
5966.716003	-120.658897
5967.388916	-121.570160
5968.061829	-121.893082
5968.734741	-121.404182
5969.407654	-120.215996
5970.080566	-119.251884
5970.753479	-119.086029
5971.426392	-120.202591
5972.099304	-120.802902
5972.772217	-121.363838
5973.445129	-121.607025
5974.118042	-121.474716
5974.790955	-119.769768
5975.463867	-119.875610
5976.136780	-121.349213
5976.809692	-122.128685
5977.482605	-120.388809
5978.155518	-121.300026
5978.828430	-121.784134
5979.501343	-121.708580
5980.174255	-120.918114
5980.847168	-119.885452
5981.520081	-119.965195
5982.192993	-121.262657
5982.865906	-122.057930
5983.538818	-122.235779
5984.211731	-120.702316
5984.884644	-121.060806
5985.557556	-120.780884
5986.230469	-120.966881
5986.903381	-121.003853
5987.576294	-120.697487
5988.249207	-120.330002
5988.922119	-119.793564
5989.595032	-119.895996
5990.267944	-120.366821
5990.940857	-121.148483
5991.613770	-119.679077
5992.286682	-119.439392
5992.959595	-120.750160
5993.632507	-121.451927
5994.305420	-120.333618
5994.978333	-119.673615
5995.651245	-119.662735
5996.324158	-118.729988
5996.997070	-119.005295
5997.669983	-119.517021
5998.342896	-120.116814
5999.015808	-120.616638
5999.688721	-119.986244
6000.361633	-119.750954
6001.034546	-119.506065
6001.707458	-119.462585
6002.380371	-120.054527
6003.053284	-119.555168
6003.726196	-119.646141
6004.399109	-120.099182
6005.072021	-120.284927
6005.744934	-119.719200
6006.417847	-121.226768
6007.090759	-120.679848
6007.763672	-119.022408
6008.436584	-119.641029
6009.109497	-119.512016
6009.782410	-119.735092
6010.455322	-119.924698
6011.128235	-120.557617
6011.801147	-120.100830
6012.474060	-120.394882
6013.146973	-120.853462
6013.819885	-120.698914
6014.492798	-120.172539
6015.165710	-120.175308
6015.838623	-121.308563
6016.511536	-120.165413
6017.184448	-120.226440
6017.857361	-121.605789
6018.530273	-121.224342
6019.203186	-119.847916
6019.876099	-119.655602
6020.549011	-120.416016
6021.221924	-120.319359
6021.894836	-120.974442
6022.567749	-120.897858
6023.240662	-121.525482
6023.913574	-120.888580
6024.586487	-119.682884
6025.259399	-120.645943
6025.932312	-122.217194
6026.605225	-121.361595
6027.278137	-120.889999
6027.951050	-120.564987
6028.623962	-120.985291
6029.296875	-120.334190
6029.969788	-118.886154
6030.642700	-120.646828
6031.315613	-121.861137
6031.988525	-121.162834
6032.661438	-120.842041
6033.334351	-120.933685
6034.007263	-120.657249
6034.680176	-120.204750
6035.353088	-119.395172
6036.026001	-118.993294
6036.698914	-119.003662
6037.371826	-118.735497
6038.044739	-120.472519
6038.717651	-120.918915
6039.390564	-120.086220
6040.063477	-120.936066
6040.736389	-120.924812
6041.409302	-120.853500
6042.082214	-121.057442
6042.755127	-121.969368
6043.428040	-121.272232
6044.100952	-121.883095
6044.773865	-120.930641
6045.446777	-120.658051
6046.119690	-120.927162
6046.792603	-120.187897
6047.465515	-120.164154
6048.138428	-121.597305
6048.811340	-121.496933
6049.484253	-121.491699
6050.157166	-122.403221
6050.830078	-120.997505
6051.502991	-119.971268
6052.175903	-119.737839
6052.848816	-119.134857
6053.521729	-119.692154
6054.194641	-119.339874
6054.867554	-119.966080
6055.540466	-119.348328
6056.213379	-118.765091
6056.886292	-119.765121
6057.559204	-120.345451
6058.232117	-120.926506
6058.905029	-119.338722
6059.577942	-119.553024
6060.250854	-120.346107
6060.923767	-119.830963
6061.596680	-120.125420
6062.269592	-120.788055
6062.942505	-120.780952
6063.615417	-121.457108
6064.288330	-120.142372
6064.961243	-119.650169
6065.634155	-119.872910
6066.307068	-119.993454
6066.979980	-119.328407
6067.652893	-119.802216
6068.325806	-119.783287
6068.998718	-119.845947
6069.671631	-120.822090
6070.344543	-120.333626
6071.017456	-121.758224
6071.690369	-121.756432
6072.363281	-120.119911
6073.036194	-120.645172
6073.709106	-119.929184
6074.382019	-120.277657
6075.054932	-121.778252
6075.727844	-120.570190
6076.400757	-120.760307
6077.073669	-120.216942
6077.746582	-120.074738
6078.419495	-119.803963
6079.092407	-119.279121
6079.765320	-120.797951
6080.438232	-121.463371
6081.111145	-120.568619
6081.784058	-119.640045
6082.456970	-120.253647
6083.129883	-120.555687
6083.802795	-120.841713
6084.475708	-120.354836
6085.148621	-121.913147
6085.821533	-121.475388
6086.494446	-119.675949
6087.167358	-120.089226
6087.840271	-120.470085
6088.513184	-120.125717
6089.186096	-120.763779
6089.859009	-121.229317
6090.531921	-119.875854
6091.204834	-119.395020
6091.877747	-120.915718
6092.550659	-120.743568
6093.223572	-120.120659
6093.896484	-120.754662
6094.569397	-121.854713
6095.242310	-119.563507
6095.915222	-120.342224
6096.588135	-119.634605
6097.261047	-119.405457
6097.933960	-120.441757
6098.606873	-120.404564
6099.279785	-120.729301
6099.952698	-121.220352
6100.625610	-120.610390
6101.298523	-119.935371
6101.971436	-119.366203
6102.644348	-119.591240
6103.317261	-120.023666
6103.990173	-120.626083
6104.663086	-120.556198
6105.335999	-120.740196
6106.008911	-121.765862
6106.681824	-122.485748
6107.354736	-121.286613
6108.027649	-120.014725
6108.700562	-118.619301
6109.373474	-120.271561
6110.046387	-120.761429
6110.719299	-120.528328
6111.392212	-120.630516
6112.065125	-121.084297
6112.738037	-120.265022
6113.410950	-119.406769
6114.083862	-120.683289
6114.756775	-119.998337
6115.429688	-119.242302
6116.102600	-120.123962
6116.775513	-120.021149
6117.448425	-119.151207
6118.121338	-119.534111
6118.794250	-120.242111
6119.467163	-120.424599
6120.140076	-120.321632
6120.812988	-120.652916
6121.485901	-121.555153
6122.158813	-121.198219
6122.831726	-121.904648
6123.504639	-121.882538
6124.177551	-120.682106
6124.850464	-121.210281
6125.523376	-121.098343
6126.196289	-120.441536
6126.869202	-120.020218
6127.542114	-119.885345
6128.215027	-119.650871
6128.887939	-119.835625
6129.560852	-121.230446
6130.233765	-121.532051
6130.906677	-120.473396
6131.579590	-119.908226
6132.252502	-120.991760
6132.925415	-120.077957
6133.598328	-119.731819
6134.271240	-119.368942
6134.944153	-120.405762
6135.617065	-120.931473
6136.289978	-119.697678
6136.962891	-120.321716
6137.635803	-119.934036
6138.308716	-119.915962
6138.981628	-119.378708
6139.654541	-118.984924
6140.327454	-119.394066
6141.000366	-119.955490
6141.673279	-119.938812
6142.346191	-120.295830
6143.019104	-120.293564
6143.692017	-120.558441
6144.364929	-120.563110
6145.037842	-121.026863
6145.710754	-121.067230
6146.383667	-120.748642
6147.056580	-120.314491
6147.729492	-120.448502
6148.402405	-120.432594
6149.075317	-120.011627
6149.748230	-119.633675
6150.421143	-119.293388
6151.094055	-120.000153
6151.766968	-119.790558
6152.439880	-119.498955
6153.112793	-120.330521
6153.785706	-121.051788
6154.458618	-120.270256
6155.131531	-120.852203
6155.804443	-121.911804
6156.477356	-120.596970
6157.150269	-119.751968
6157.823181	-120.465523
6158.496094	-119.953560
6159.169006	-120.986565
6159.841919	-121.797577
6160.514832	-121.541389
6161.187744	-120.505295
6161.860657	-119.476273
6162.533569	-119.854103
6163.206482	-120.318710
6163.879395	-120.025681
6164.552307	-120.205139
6165.225220	-120.250122
6165.898132	-119.198898
6166.571045	-119.144592
6167.243958	-119.532181
6167.916870	-118.898552
6168.589783	-118.814590
6169.262695	-119.923737
6169.935608	-120.084038
6170.608521	-119.957726
6171.281433	-120.511040
6171.954346	-120.162369
6172.627258	-119.627892
6173.300171	-120.325409
6173.973083	-120.577164
6174.645996	-119.402473
6175.318909	-120.094154
6175.991821	-119.285324
6176.664734	-119.198830
6177.337646	-119.515854
6178.010559	-121.132271
6178.683472	-121.440903
6179.356384	-120.598442
6180.029297	-121.249054
6180.702209	-120.447746
6181.375122	-120.621948
6182.048035	-120.511650
6182.720947	-120.251877
6183.393860	-119.549507
6184.066772	-120.305305
6184.739685	-119.928558
6185.412598	-120.421211
6186.085510	-120.745651
6186.758423	-120.160980
6187.431335	-120.915611
6188.104248	-121.250008
6188.777161	-120.609406
6189.450073	-120.235748
6190.122986	-120.196480
6190.795898	-121.130157
6191.468811	-119.691460
6192.141724	-118.705467
6192.814636	-119.359406
6193.487549	-119.411819
6194.160461	-121.115601
6194.833374	-121.451492
6195.506287	-120.493889
6196.179199	-120.066811
6196.852112	-119.414078
6197.525024	-119.780434
6198.197937	-119.150452
6198.870850	-119.763763
6199.543762	-119.604080
6200.216675	-119.618530
6200.889587	-120.702377
6201.562500	-120.711784
6202.235413	-119.776154
6202.908325	-119.701859
6203.581238	-120.574287
6204.254150	-119.858742
6204.927063	-119.451241
6205.599976	-119.701782
6206.272888	-120.042801
6206.945801	-120.222130
6207.618713	-120.879814
6208.291626	-120.392258
6208.964539	-119.217842
6209.637451	-119.880875
6210.310364	-118.495224
6210.983276	-118.942558
6211.656189	-121.236847
6212.329102	-120.238312
6213.002014	-121.823402
6213.674927	-120.804375
6214.347839	-119.544777
6215.020752	-120.426537
6215.693665	-119.565056
6216.366577	-119.925743
6217.039490	-120.591629
6217.712402	-120.180710
6218.385315	-120.273010
6219.058228	-119.494057
6219.731140	-119.559616
6220.404053	-119.014412
6221.076965	-120.172813
6221.749878	-120.030067
6222.422791	-120.717911
6223.095703	-121.430641
6223.768616	-120.806541
6224.441528	-120.255348
6225.114441	-120.145088
6225.787354	-120.511398
6226.460266	-119.430199
6227.133179	-121.346718
6227.806091	-121.637413
6228.479004	-120.144272
6229.151917	-121.156776
6229.824829	-122.627388
6230.497742	-120.981361
6231.170654	-120.283936
6231.843567	-120.766510
6232.516479	-121.257561
6233.189392	-120.185349
6233.862305	-119.871994
6234.535217	-119.619118
6235.208130	-119.813469
6235.881042	-120.667244
6236.553955	-120.611336
6237.226868	-121.035736
6237.899780	-120.281265
6238.572693	-119.266113
6239.245605	-120.299088
6239.918518	-121.031403
6240.591431	-122.002068
6241.264343	-121.022560
6241.937256	-120.278847
6242.610168	-121.168808
6243.283081	-119.440521
6243.955994	-119.638214
6244.628906	-120.622498
6245.301819	-121.050117
6245.974731	-121.522270
6246.647644	-121.157608
6247.320557	-120.884155
6247.993469	-120.714813
6248.666382	-120.911133
6249.339294	-120.104897
6250.012207	-119.698257
6250.685120	-118.719528
6251.358032	-119.726059
6252.030945	-120.153183
6252.703857	-119.341682
6253.376770	-120.299934
6254.049683	-120.863251
6254.722595	-120.252594
6255.395508	-120.001472
6256.068420	-122.098206
6256.741333	-121.862289
6257.414246	-120.971596
6258.087158	-121.118164
6258.760071	-120.844849
6259.432983	-121.344818
6260.105896	-120.397736
6260.778809	-118.960915
6261.451721	-119.575768
6262.124634	-120.311081
6262.797546	-120.514748
6263.470459	-121.002403
6264.143372	-121.890671
6264.816284	-119.782623
6265.489197	-120.131218
6266.162109	-120.696732
6266.835022	-119.502304
6267.507935	-119.619781
6268.180847	-120.281799
6268.853760	-119.649849
6269.526672	-119.698494
6270.199585	-120.589027
6270.872498	-121.389565
6271.545410	-120.278877
6272.218323	-119.487137
6272.891235	-118.958702
6273.564148	-121.032837
6274.237061	-121.726685
6274.909973	-120.506950
6275.582886	-120.327133
6276.255798	-119.486931
6276.928711	-120.163063
6277.601624	-119.995636
6278.274536	-119.976021
6278.947449	-121.489258
6279.620361	-119.628830
6280.293274	-119.509071
6280.966187	-119.867111
6281.639099	-120.768990
6282.312012	-120.765343
6282.984924	-119.470329
6283.657837	-119.956650
6284.330750	-119.978310
6285.003662	-120.622864
6285.676575	-121.397873
6286.349487	-120.895554
6287.022400	-120.783958
6287.695312	-120.516075
6288.368225	-119.728432
6289.041138	-120.600906
6289.714050	-120.025284
6290.386963	-120.001282
6291.059875	-120.152687
6291.732788	-118.973724
6292.405701	-120.064049
6293.078613	-119.946693
6293.751526	-120.730026
6294.424438	-121.014183
6295.097351	-120.010300
6295.770264	-120.938728
6296.443176	-120.948540
6297.116089	-119.759430
6297.789001	-119.458748
6298.461914	-120.681648
6299.134827	-120.647209
6299.807739	-120.054291
6300.480652	-119.782707
6301.153564	-120.189369
6301.826477	-120.347466
6302.499390	-120.450584
6303.172302	-120.384773
6303.845215	-120.891388
6304.518127	-120.862251
6305.191040	-121.342896
6305.863953	-120.582405
6306.536865	-121.335228
6307.209778	-121.094719
6307.882690	-120.749374
6308.555603	-120.568016
6309.228516	-119.801231
6309.901428	-118.588768
6310.574341	-119.489578
6311.247253	-119.894043
6311.920166	-120.013756
6312.593079	-120.530716
6313.265991	-119.512878
6313.938904	-117.953262
6314.611816	-118.790077
6315.284729	-119.335060
6315.957642	-119.406815
6316.630554	-119.451134
6317.303467	-119.883636
6317.976379	-120.711365
6318.649292	-120.228401
6319.322205	-121.238029
6319.995117	-120.684097
6320.668030	-121.212891
6321.340942	-122.059273
6322.013855	-121.709854
6322.686768	-119.977707
6323.359680	-119.682266
6324.032593	-119.166443
6324.705505	-119.903099
6325.378418	-121.876205
6326.051331	-120.395744
6326.724243	-120.607506
6327.397156	-120.003571
6328.070068	-120.067116
6328.742981	-120.926773
6329.415894	-120.685059
6330.088806	-120.577782
6330.761719	-120.582382
6331.434631	-120.451118
6332.107544	-121.107719
6332.780457	-120.378761
6333.453369	-120.226685
6334.126282	-120.136597
6334.799194	-119.657295
6335.472107	-120.272751
6336.145020	-119.488693
6336.817932	-118.934669
6337.490845	-118.259735
6338.163757	-119.649162
6338.836670	-121.461739
6339.509583	-120.789215
6340.182495	-120.899719
6340.855408	-120.212044
6341.528320	-119.975273
6342.201233	-119.933037
6342.874146	-120.595238
6343.547058	-119.169144
6344.219971	-119.098755
6344.892883	-120.233498
6345.565796	-120.410538
6346.238708	-120.510262
6346.911621	-118.508385
6347.584534	-119.098274
6348.257446	-119.101204
6348.930359	-119.230240
6349.603271	-119.948799
6350.276184	-120.401726
6350.949097	-120.503616
6351.622009	-119.369972
6352.294922	-119.581535
6352.967834	-119.383820
6353.640747	-119.570099
6354.313660	-119.777855
6354.986572	-119.707695
6355.659485	-120.630615
6356.332397	-120.338516
6357.005310	-120.598106
6357.678223	-121.420662
6358.351135	-120.554214
6359.024048	-121.084579
6359.696960	-119.868538
6360.369873	-119.525780
6361.042786	-119.088402
6361.715698	-120.301765
6362.388611	-119.978287
6363.061523	-120.419975
6363.734436	-120.181969
6364.407349	-119.660866
6365.080261	-120.275955
6365.753174	-120.920090
6366.426086	-120.577339
6367.098999	-120.596588
6367.771912	-120.310997
6368.444824	-120.022392
6369.117737	-119.956535
6369.790649	-120.240791
6370.463562	-120.194206
6371.136475	-119.867424
6371.809387	-118.752441
6372.482300	-119.666351
6373.155212	-119.954918
6373.828125	-119.962006
6374.501038	-119.622261
6375.173950	-119.405106
6375.846863	-120.091408
6376.519775	-120.657936
6377.192688	-120.426437
6377.865601	-120.293526
6378.538513	-119.991516
6379.211426	-119.849998
6379.884338	-120.466499
6380.557251	-120.507133
6381.230164	-120.470657
6381.903076	-119.869713
6382.575989	-120.201698
6383.248901	-120.248024
6383.921814	-119.204170
6384.594727	-120.511421
6385.267639	-119.687263
6385.940552	-118.862663
6386.613464	-118.611404
6387.286377	-118.716125
6387.959290	-119.487000
6388.632202	-121.500313
6389.305115	-121.603745
6389.978027	-120.360985
6390.650940	-119.822685
6391.323853	-119.788086
6391.996765	-121.506058
6392.669678	-121.212852
6393.342590	-120.574997
6394.015503	-119.620224
6394.688416	-120.295013
6395.361328	-119.663589
6396.034241	-119.764595
6396.707153	-120.092255
6397.380066	-121.402275
6398.052979	-121.469925
6398.725891	-119.953445
6399.398804	-119.258202
6400.071716	-119.949966
6400.744629	-119.746391
6401.417542	-119.551796
6402.090454	-119.618126
6402.763367	-120.602982
6403.436279	-120.330063
6404.109192	-119.656540
6404.782104	-119.876976
6405.455017	-120.279022
6406.127930	-119.945984
6406.800842	-120.305496
6407.473755	-120.640053
6408.146667	-118.915504
6408.819580	-120.392181
6409.492493	-120.316483
6410.165405	-121.562820
6410.838318	-121.135307
6411.511230	-120.118584
6412.184143	-120.369942
6412.857056	-119.660156
6413.529968	-119.259315
6414.202881	-120.653175
6414.875793	-121.470123
6415.548706	-120.833496
6416.221619	-120.539772
6416.894531	-121.694267
6417.567444	-120.186615
6418.240356	-119.463440
6418.913269	-120.919357
6419.586182	-120.460144
6420.259094	-119.791962
6420.932007	-120.363625
6421.604919	-120.843307
6422.277832	-120.366188
6422.950745	-120.648888
6423.623657	-120.507195
6424.296570	-119.689636
6424.969482	-119.512779
6425.642395	-119.901215
6426.315308	-121.433907
6426.988220	-120.855606
6427.661133	-119.824837
6428.334045	-119.103561
6429.006958	-119.269897
6429.679871	-120.079773
6430.352783	-122.034180
6431.025696	-121.744766
6431.698608	-120.736015
6432.371521	-120.366058
6433.044434	-119.879196
6433.717346	-120.970703
6434.390259	-120.463264
6435.063171	-118.827805
6435.736084	-118.981926
6436.408997	-121.072563
6437.081909	-120.157318
6437.754822	-120.664787
6438.427734	-119.905655
6439.100647	-119.190590
6439.773560	-119.750565
6440.446472	-120.525314
6441.119385	-121.224312
6441.792297	-120.221352
6442.465210	-119.715874
6443.138123	-120.367584
6443.811035	-120.123856
6444.483948	-120.930557
6445.156860	-121.367157
6445.829773	-120.145103
6446.502686	-120.949104
6447.175598	-119.462311
6447.848511	-119.675072
6448.521423	-120.724060
6449.194336	-119.852440
6449.867249	-120.230865
6450.540161	-119.937630
6451.213074	-119.423256
6451.885986	-120.003326
6452.558899	-120.189224
6453.231812	-120.652306
6453.904724	-120.589867
6454.577637	-120.607452
6455.250549	-119.982697
6455.923462	-120.293587
6456.596375	-120.252411
6457.269287	-120.948845
6457.942200	-121.083504
6458.615112	-121.026512
6459.288025	-122.234734
6459.960938	-120.745117
6460.633850	-120.066338
6461.306763	-120.845108
6461.979675	-120.644371
6462.652588	-119.813713
6463.325500	-120.626686
6463.998413	-121.872391
6464.671326	-121.810486
6465.344238	-120.840759
6466.017151	-120.168533
6466.690063	-119.829582
6467.362976	-119.830719
6468.035889	-120.454597
6468.708801	-120.548752
6469.381714	-119.649773
6470.054626	-119.030334
6470.727539	-119.669426
6471.400452	-120.120186
6472.073364	-121.190865
6472.746277	-121.795204
6473.419189	-120.901749
6474.092102	-121.167740
6474.765015	-120.409576
6475.437927	-119.326042
6476.110840	-120.936211
6476.783752	-120.159737
6477.456665	-119.364639
6478.129578	-119.758095
6478.802490	-119.965042
6479.475403	-118.424164
6480.148315	-118.546478
6480.821228	-119.943695
6481.494141	-120.386368
6482.167053	-119.410789
6482.839966	-119.549065
6483.512878	-121.005562
6484.185791	-120.673759
6484.858704	-120.301773
6485.531616	-120.240707
6486.204529	-119.901978
6486.877441	-119.449448
6487.550354	-120.287506
6488.223267	-120.712570
6488.896179	-120.078079
6489.569092	-120.010345
6490.242004	-120.440277
6490.914917	-121.968613
6491.587830	-120.563881
6492.260742	-119.299126
6492.933655	-120.052933
6493.606567	-119.920631
6494.279480	-120.533646
6494.952393	-120.831841
6495.625305	-120.846886
6496.298218	-120.745811
6496.971130	-120.276062
6497.644043	-120.110138
6498.316956	-120.041718
6498.989868	-119.758034
6499.662781	-120.246559
6500.335693	-120.504379
6501.008606	-120.489983
6501.681519	-119.150032
6502.354431	-119.227768
6503.027344	-119.065437
6503.700256	-119.081726
6504.373169	-119.549362
6505.046082	-119.510071
6505.718994	-120.301758
6506.391907	-121.271378
6507.064819	-119.718758
6507.737732	-119.045532
6508.410645	-119.708992
6509.083557	-120.361023
6509.756470	-119.405060
6510.429382	-119.140793
6511.102295	-120.516747
6511.775208	-119.936043
6512.448120	-119.505852
6513.121033	-120.314476
6513.793945	-120.091141
6514.466858	-120.310440
6515.139771	-120.309799
6515.812683	-119.651733
6516.485596	-120.181297
6517.158508	-119.471039
6517.831421	-119.299927
6518.504333	-119.748245
6519.177246	-121.442429
6519.850159	-121.975166
6520.523071	-121.475929
6521.195984	-121.631630
6521.868896	-121.733337
6522.541809	-119.608597
6523.214722	-120.820038
6523.887634	-120.409744
6524.560547	-119.434540
6525.233459	-119.637871
6525.906372	-120.447647
6526.579285	-122.061493
6527.252197	-121.283478
6527.925110	-119.443840
6528.598022	-119.060448
6529.270935	-120.457489
6529.943848	-120.675652
6530.616760	-122.131561
6531.289673	-120.932922
6531.962585	-119.550949
6532.635498	-120.120567
6533.308411	-121.165436
6533.981323	-120.282867
6534.654236	-119.459358
6535.327148	-119.114655
6536.000061	-119.697449
6536.672974	-121.331482
6537.345886	-119.771057
6538.018799	-120.815971
6538.691711	-120.038116
6539.364624	-120.144318
6540.037537	-119.801605
6540.710449	-119.943497
6541.383362	-119.957794
6542.056274	-120.251045
6542.729187	-121.063965
6543.402100	-120.543404
6544.075012	-120.240074
6544.747925	-119.862274
6545.420837	-119.610603
6546.093750	-119.786537
6546.766663	-119.347656
6547.439575	-120.479942
6548.112488	-120.278107
6548.785400	-120.178322
6549.458313	-120.771805
6550.131226	-120.473198
6550.804138	-119.798454
6551.477051	-119.824348
6552.149963	-119.257797
6552.822876	-119.932442
6553.495789	-120.061462
6554.168701	-119.465912
6554.841614	-120.257828
6555.514526	-120.134689
6556.187439	-120.917305
6556.860352	-120.655327
6557.533264	-120.770119
6558.206177	-121.544334
6558.879089	-120.231659
6559.552002	-119.561859
6560.224915	-119.932640
6560.897827	-121.337845
6561.570740	-120.902451
6562.243652	-121.259300
6562.916565	-120.727432
6563.589478	-119.570206
6564.262390	-120.697479
6564.935303	-120.269585
6565.608215	-119.307274
6566.281128	-118.782372
6566.954041	-119.159203
6567.626953	-119.564354
6568.299866	-119.099648
6568.972778	-120.325096
6569.645691	-119.940193
6570.318604	-120.117455
6570.991516	-120.050774
6571.664429	-119.352715
6572.337341	-120.069946
6573.010254	-120.404594
6573.683167	-120.490883
6574.356079	-120.913635
6575.028992	-119.919106
6575.701904	-120.349945
6576.374817	-120.241364
6577.047729	-120.693153
6577.720642	-120.445480
6578.393555	-120.401421
6579.066467	-120.867867
6579.739380	-120.840866
6580.412292	-120.596245
6581.085205	-120.377823
6581.758118	-120.420197
6582.431030	-120.935371
6583.103943	-121.270164
6583.776855	-121.342186
6584.449768	-121.160927
6585.122681	-119.409431
6585.795593	-119.182877
6586.468506	-119.294693
6587.141418	-120.175194
6587.814331	-119.719086
6588.487244	-120.012611
6589.160156	-120.491081
6589.833069	-120.354088
6590.505981	-121.462456
6591.178894	-120.379822
6591.851807	-120.348808
6592.524719	-119.549118
6593.197632	-119.293549
6593.870544	-119.407433
6594.543457	-119.701370
6595.216370	-119.506004
6595.889282	-118.583031
6596.562195	-118.717628
6597.235107	-119.508675
6597.908020	-119.778961
6598.580933	-119.918236
6599.253845	-119.202286
6599.926758	-118.783989
6600.599670	-118.650803
6601.272583	-119.557671
6601.945496	-120.168350
6602.618408	-121.865997
6603.291321	-121.097878
6603.964233	-120.181808
6604.637146	-119.650635
6605.310059	-120.994804
6605.982971	-121.558449
6606.655884	-120.035110
6607.328796	-120.741989
6608.001709	-119.937164
6608.674622	-119.777260
6609.347534	-120.580650
6610.020447	-121.035591
6610.693359	-120.829216
6611.366272	-120.611221
6612.039185	-119.673706
6612.712097	-119.876984
6613.385010	-120.901581
6614.057922	-120.816994
6614.730835	-120.121277
6615.403748	-119.521904
6616.076660	-118.462646
6616.749573	-120.171593
6617.422485	-121.702713
6618.095398	-120.602615
6618.768311	-119.986145
6619.441223	-120.068932
6620.114136	-120.727516
6620.787048	-120.787003
6621.459961	-121.035606
6622.132874	-120.784081
6622.805786	-121.015404
6623.478699	-119.514328
6624.151611	-119.983208
6624.824524	-119.777885
6625.497437	-119.795113
6626.170349	-120.480186
6626.843262	-119.935074
6627.516174	-120.106674
6628.189087	-119.353867
6628.862000	-119.861992
6629.534912	-119.068687
6630.207825	-119.861191
6630.880737	-120.236916
6631.553650	-120.676926
6632.226562	-121.934906
6632.899475	-120.144905
6633.572388	-119.276161
6634.245300	-118.946693
6634.918213	-118.504288
6635.591125	-119.650772
6636.264038	-120.514809
6636.936951	-120.199257
6637.609863	-119.586189
6638.282776	-119.958229
6638.955688	-119.986237
6639.628601	-120.572647
6640.301514	-120.777298
6640.974426	-120.911369
6641.647339	-120.644524
6642.320251	-121.341408
6642.993164	-121.947044
6643.666077	-121.551620
6644.338989	-122.109238
6645.011902	-121.508804
6645.684814	-121.906578
6646.357727	-120.984222
6647.030640	-120.555489
6647.703552	-121.222374
6648.376465	-120.128098
6649.049377	-120.677475
6649.722290	-119.941345
6650.395203	-119.773247
6651.068115	-120.044266
6651.741028	-121.371811
6652.413940	-121.083710
6653.086853	-120.302406
6653.759766	-120.500069
6654.432678	-119.948227
6655.105591	-118.697243
6655.778503	-119.179497
6656.451416	-120.082550
6657.124329	-120.268677
6657.797241	-120.806686
6658.470154	-120.927025
6659.143066	-120.545532
6659.815979	-119.042435
6660.488892	-119.414360
6661.161804	-120.098923
6661.834717	-121.249054
6662.507629	-121.920563
6663.180542	-120.796616
6663.853455	-119.982216
6664.526367	-120.063141
6665.199280	-119.708572
6665.872192	-120.918991
6666.545105	-121.626053
6667.218018	-119.998016
6667.890930	-120.137390
6668.563843	-120.618027
6669.236755	-120.806801
6669.909668	-119.484299
6670.582581	-119.759384
6671.255493	-120.727097
6671.928406	-119.842934
6672.601318	-120.522675
6673.274231	-120.388107
6673.947144	-120.102928
6674.620056	-119.264198
6675.292969	-118.674896
6675.965881	-119.170525
6676.638794	-120.646889
6677.311707	-121.617386
6677.984619	-121.503754
6678.657532	-121.308434
6679.330444	-122.187698
6680.003357	-120.929092
6680.676270	-120.189301
6681.349182	-120.344078
6682.022095	-121.335846
6682.695007	-121.120544
6683.367920	-120.085907
6684.040833	-119.780380
6684.713745	-120.878029
6685.386658	-121.151207
6686.059570	-120.011658
6686.732483	-119.478439
6687.405396	-118.545815
6688.078308	-119.411499
6688.751221	-119.285255
6689.424133	-120.057472
6690.097046	-120.004868
6690.769958	-119.672974
6691.442871	-119.417313
6692.115784	-120.866295
6692.788696	-120.633682
6693.461609	-120.566666
6694.134521	-120.283035
6694.807434	-120.504852
6695.480347	-120.883942
6696.153259	-120.745552
6696.826172	-119.786278
6697.499084	-120.363907
6698.171997	-121.230675
6698.844910	-119.721169
6699.517822	-119.260704
6700.190735	-119.523079
6700.863647	-119.272667
6701.536560	-119.539513
6702.209473	-118.877029
6702.882385	-118.491966
6703.555298	-118.499748
6704.228210	-119.985115
6704.901123	-121.838318
6705.574036	-121.630623
6706.246948	-120.005524
6706.919861	-119.630013
6707.592773	-120.408821
6708.265686	-120.040375
6708.938599	-119.564209
6709.611511	-120.351616
6710.284424	-121.586922
6710.957336	-121.481522
6711.630249	-120.748344
6712.303162	-120.554840
6712.976074	-119.736488
6713.648987	-119.414413
6714.321899	-119.131859
6714.994812	-120.480118
6715.667725	-120.916458
6716.340637	-120.634926
6717.013550	-119.446182
6717.686462	-119.647110
6718.359375	-120.097748
6719.032288	-120.524551
6719.705200	-120.035477
6720.378113	-119.201813
6721.051025	-118.768654
6721.723938	-120.305801
6722.396851	-120.312782
6723.069763	-119.850616
6723.742676	-120.036568
6724.415588	-119.217262
6725.088501	-119.205635
6725.761414	-120.052780
6726.434326	-119.396515
6727.107239	-118.593666
6727.780151	-119.560364
6728.453064	-120.221130
6729.125977	-119.420952
6729.798889	-119.705521
6730.471802	-120.009216
6731.144714	-120.029884
6731.817627	-120.709007
6732.490540	-119.664169
6733.163452	-120.406357
6733.836365	-120.294708
6734.509277	-120.388634
6735.182190	-120.622520
6735.855103	-120.607857
6736.528015	-120.558441
6737.200928	-119.239349
6737.873840	-120.142052
6738.546753	-120.630508
6739.219666	-120.220940
6739.892578	-120.319221
6740.565491	-119.988037
6741.238403	-119.023911
6741.911316	-118.417351
6742.584229	-119.417610
6743.257141	-121.006424
6743.930054	-120.848541
6744.602966	-120.187096
6745.275879	-120.495438
6745.948792	-119.739525
6746.621704	-118.358040
6747.294617	-118.757980
6747.967529	-120.421692
6748.640442	-120.632240
6749.313354	-120.324890
6749.986267	-118.850006
6750.659180	-120.357346
6751.332092	-119.836090
6752.005005	-119.679741
6752.677917	-119.002640
6753.350830	-120.003151
6754.023743	-121.098679
6754.696655	-121.073807
6755.369568	-119.368713
6756.042480	-119.449074
6756.715393	-120.664215
6757.388306	-121.807228
6758.061218	-121.663727
6758.734131	-121.166061
6759.407043	-120.619095
6760.079956	-120.189209
6760.752869	-120.525261
6761.425781	-120.658867
6762.098694	-120.216370
6762.771606	-121.828491
6763.444519	-121.493034
6764.117432	-120.891914
6764.790344	-121.913261
6765.463257	-121.420654
6766.136169	-120.336220
6766.809082	-120.206871
6767.481995	-120.201370
6768.154907	-120.821869
6768.827820	-120.811134
6769.500732	-120.147552
6770.173645	-119.020195
6770.846558	-119.016602
6771.519470	-120.124428
6772.192383	-120.591774
6772.865295	-119.551079
6773.538208	-120.118317
6774.211121	-121.533470
6774.884033	-120.154396
6775.556946	-120.178055
6776.229858	-119.508911
6776.902771	-119.599258
6777.575684	-119.628265
6778.248596	-120.255363
6778.921509	-120.589630
6779.594421	-120.351082
6780.267334	-119.778954
6780.940247	-120.800186
6781.613159	-119.960030
6782.286072	-118.937950
6782.958984	-120.192787
6783.631897	-119.410316
6784.304810	-119.904320
6784.977722	-119.820572
6785.650635	-120.366982
6786.323547	-119.768959
6786.996460	-120.538559
6787.669373	-119.563911
6788.342285	-119.636047
6789.015198	-119.952515
6789.688110	-121.401123
6790.361023	-120.988434
6791.033936	-119.154282
6791.706848	-119.244980
6792.379761	-120.127701
6793.052673	-120.119240
6793.725586	-119.992508
6794.398499	-119.948624
6795.071411	-119.514076
6795.744324	-120.106796
6796.417236	-119.260208
6797.090149	-118.916763
6797.763062	-119.860970
6798.435974	-120.517860
6799.108887	-120.601601
6799.781799	-118.942490
6800.454712	-119.235985
6801.127625	-119.838318
6801.800537	-120.709229
6802.473450	-120.334412
6803.146362	-119.827621
6803.819275	-119.922981
6804.492188	-120.165314
6805.165100	-121.334488
6805.838013	-119.501907
6806.510925	-119.052650
6807.183838	-120.058739
6807.856750	-121.000328
6808.529663	-120.919167
6809.202576	-120.866951
6809.875488	-120.796486
6810.548401	-119.476250
6811.221313	-120.664726
6811.894226	-119.931419
6812.567139	-120.013512
6813.240051	-120.044708
6813.912964	-120.028526
6814.585876	-119.956329
6815.258789	-120.530319
6815.931702	-120.620430
6816.604614	-118.782356
6817.277527	-119.600334
6817.950439	-121.141281
6818.623352	-120.170311
6819.296265	-120.177223
6819.969177	-120.913986
6820.642090	-121.943939
6821.315002	-121.511978
6821.987915	-121.133369
6822.660828	-119.612770
6823.333740	-120.197517
6824.006653	-119.597656
6824.679565	-120.302032
6825.352478	-120.433922
6826.025391	-119.668175
6826.698303	-119.155151
6827.371216	-119.527740
6828.044128	-121.052147
6828.717041	-120.339218
6829.389954	-119.618286
6830.062866	-118.414963
6830.735779	-119.406738
6831.408691	-119.227112
6832.081604	-119.753815
6832.754517	-119.656525
6833.427429	-120.178070
6834.100342	-120.617577
6834.773254	-120.911880
6835.446167	-119.705025
6836.119080	-118.557381
6836.791992	-119.323135
6837.464905	-119.622139
6838.137817	-119.249115
6838.810730	-119.588821
6839.483643	-120.298279
6840.156555	-121.382141
6840.829468	-120.348740
6841.502380	-119.242043
6842.175293	-119.927864
6842.848206	-121.775307
6843.521118	-121.248215
6844.194031	-120.669395
6844.866943	-120.759109
6845.539856	-119.773560
6846.212769	-119.980865
6846.885681	-118.983566
6847.558594	-121.522820
6848.231506	-122.451218
6848.904419	-120.690491
6849.577332	-119.856735
6850.250244	-119.655106
6850.923157	-119.852333
6851.596069	-120.443108
6852.268982	-120.620361
6852.941895	-120.361130
6853.614807	-119.959778
6854.287720	-119.900986
6854.960632	-119.250275
6855.633545	-120.058769
6856.306458	-120.610748
6856.979370	-120.613312
6857.652283	-120.341530
6858.325195	-120.482162
6858.998108	-120.285774
6859.671021	-119.450134
6860.343933	-118.740685
6861.016846	-119.666191
6861.689758	-121.620201
6862.362671	-120.719215
6863.035583	-119.659637
6863.708496	-118.909714
6864.381409	-118.482346
6865.054321	-119.210190
6865.727234	-119.440788
6866.400146	-120.373634
6867.073059	-121.337967
6867.745972	-122.031548
6868.418884	-120.339653
6869.091797	-119.696632
6869.764709	-119.366844
6870.437622	-120.067627
6871.110535	-119.928894
6871.783447	-119.963280
6872.456360	-119.817574
6873.129272	-118.917580
6873.802185	-119.331184
6874.475098	-120.907700
6875.148010	-120.829285
6875.820923	-120.515182
6876.493835	-120.486633
6877.166748	-120.903854
6877.839661	-119.290878
6878.512573	-120.258667
6879.185486	-121.975304
6879.858398	-120.030357
6880.531311	-119.433907
6881.204224	-119.354408
6881.877136	-120.095123
6882.550049	-120.214088
6883.222961	-120.008202
6883.895874	-120.491859
6884.568787	-120.889862
6885.241699	-120.036224
6885.914612	-119.909302
6886.587524	-119.466103
6887.260437	-119.056915
6887.933350	-119.948868
6888.606262	-119.500153
6889.279175	-120.502876
6889.952087	-121.104980
6890.625000	-121.207977
6891.297913	-120.486137
6891.970825	-120.791725
6892.643738	-120.439789
6893.316650	-120.205719
6893.989563	-119.798683
6894.662476	-119.938461
6895.335388	-121.364342
6896.008301	-121.888847
6896.681213	-121.332153
6897.354126	-121.417542
6898.027039	-120.410461
6898.699951	-120.182243
6899.372864	-118.801537
6900.045776	-119.193291
6900.718689	-120.110260
6901.391602	-120.050873
6902.064514	-120.095802
6902.737427	-119.464600
6903.410339	-119.973030
6904.083252	-120.113625
6904.756165	-119.523262
6905.429077	-119.568863
6906.101990	-119.458664
6906.774902	-119.312225
6907.447815	-119.180779
6908.120728	-119.041451
6908.793640	-120.185974
6909.466553	-120.108864
6910.139465	-119.561630
6910.812378	-119.364883
6911.485291	-119.451561
6912.158203	-121.077797
6912.831116	-120.408539
6913.504028	-119.328896
6914.176941	-119.186928
6914.849854	-118.936188
6915.522766	-119.525276
6916.195679	-119.205551
6916.868591	-119.321159
6917.541504	-119.088028
6918.214417	-119.360748
6918.887329	-120.513206
6919.560242	-122.043091
6920.233154	-120.133461
6920.906067	-119.459473
6921.578979	-120.086388
6922.251892	-119.370689
6922.924805	-119.092041
6923.597717	-121.640808
6924.270630	-121.185692
6924.943542	-119.993347
6925.616455	-118.967354
6926.289368	-120.037102
6926.962280	-122.170761
6927.635193	-120.335449
6928.308105	-119.936859
6928.981018	-120.199791
6929.653931	-120.627518
6930.326843	-120.467064
6930.999756	-120.464851
6931.672668	-120.499611
6932.345581	-122.506500
6933.018494	-121.375015
6933.691406	-119.894142
6934.364319	-119.956322
6935.037231	-118.711365
6935.710144	-119.584671
6936.383057	-120.192291
6937.055969	-119.046112
6937.728882	-120.040062
6938.401794	-120.247498
6939.074707	-120.571159
6939.747620	-119.824852
6940.420532	-119.999855
6941.093445	-119.521294
6941.766357	-119.011024
6942.439270	-119.623367
6943.112183	-119.318741
6943.785095	-120.702278
6944.458008	-120.907692
6945.130920	-119.949699
6945.803833	-118.690430
6946.476746	-119.164398
6947.149658	-119.174965
6947.822571	-120.223640
6948.495483	-122.354012
6949.168396	-121.644264
6949.841309	-120.773438
6950.514221	-121.661812
6951.187134	-121.557259
6951.860046	-120.590172
6952.532959	-120.748207
6953.205872	-120.763084
6953.878784	-120.262482
6954.551697	-121.447853
6955.224609	-120.375290
6955.897522	-119.821960
6956.570435	-118.579292
6957.243347	-118.857361
6957.916260	-119.935829
6958.589172	-120.231071
6959.262085	-120.093781
6959.934998	-120.673767
6960.607910	-120.223793
6961.280823	-119.942665
6961.953735	-120.970230
6962.626648	-120.583389
6963.299561	-120.530968
6963.972473	-120.046043
6964.645386	-120.453568
6965.318298	-119.365036
6965.991211	-119.949959
6966.664124	-120.503998
6967.337036	-120.442039
6968.009949	-119.856354
6968.682861	-118.769554
6969.355774	-120.559288
6970.028687	-120.933846
6970.701599	-119.034981
6971.374512	-119.267006
6972.047424	-120.976433
6972.720337	-120.311981
6973.393250	-121.137894
6974.066162	-120.717552
6974.739075	-120.748093
6975.411987	-120.165428
6976.084900	-119.802109
6976.757812	-120.286209
6977.430725	-119.519829
6978.103638	-119.730484
6978.776550	-119.876434
6979.449463	-120.898750
6980.122375	-121.343079
6980.795288	-119.884293
6981.468201	-120.076569
6982.141113	-119.507751
6982.814026	-120.508682
6983.486938	-120.288269
6984.159851	-119.814293
6984.832764	-120.268219
6985.505676	-121.126251
6986.178589	-120.223961
6986.851501	-120.983833
6987.524414	-121.889206
6988.197327	-121.288002
6988.870239	-119.864204
6989.543152	-119.650627
6990.216064	-120.440468
6990.888977	-120.831207
6991.561890	-120.542114
6992.234802	-120.324928
6992.907715	-119.883293
6993.580627	-118.697617
6994.253540	-119.257935
6994.926453	-120.470360
6995.599365	-120.164253
6996.272278	-119.722404
6996.945190	-120.047707
6997.618103	-119.325127
6998.291016	-119.843552
6998.963928	-121.226883
6999.636841	-119.608490
7000.309753	-118.956100
7000.982666	-119.250275
7001.655579	-119.848038
7002.328491	-121.125206
7003.001404	-119.952499
7003.674316	-120.679810
7004.347229	-120.786125
7005.020142	-121.632263
7005.693054	-121.642792
7006.365967	-121.544441
7007.038879	-120.181740
7007.711792	-120.469109
7008.384705	-120.824692
7009.057617	-120.274254
7009.730530	-119.310768
7010.403442	-118.940987
7011.076355	-119.296059
7011.749268	-119.350060
7012.422180	-120.666908
7013.095093	-121.330780
7013.768005	-121.501587
7014.440918	-121.510056
7015.113831	-120.953110
7015.786743	-120.274544
7016.459656	-120.943016
7017.132568	-120.829254
7017.805481	-120.466507
7018.478394	-119.957031
7019.151306	-119.420258
7019.824219	-119.566856
7020.497131	-119.662971
7021.170044	-120.426193
7021.842957	-119.913147
7022.515869	-120.307404
7023.188782	-119.290840
7023.861694	-119.318672
7024.534607	-121.655342
7025.207520	-121.072685
7025.880432	-122.476006
7026.553345	-122.083748
7027.226257	-121.057594
7027.899170	-120.282112
7028.572083	-121.503403
7029.244995	-120.052338
7029.917908	-119.753593
7030.590820	-119.965843
7031.263733	-120.630363
7031.936646	-120.491539
7032.609558	-120.500992
7033.282471	-119.223091
7033.955383	-119.403847
7034.628296	-119.641769
7035.301208	-120.817886
7035.974121	-120.403107
7036.647034	-121.369156
7037.319946	-120.632088
7037.992859	-119.028671
7038.665771	-120.018333
7039.338684	-120.281013
7040.011597	-119.523834
7040.684509	-119.788124
7041.357422	-120.735458
7042.030334	-119.928314
7042.703247	-120.185005
7043.376160	-119.717133
7044.049072	-118.306786
7044.721985	-118.134727
7045.394897	-118.866997
7046.067810	-118.338531
7046.740723	-119.911751
7047.413635	-120.178864
7048.086548	-119.715454
7048.759460	-120.022255
7049.432373	-119.824028
7050.105286	-119.855881
7050.778198	-118.977882
7051.451111	-119.411484
7052.124023	-119.805862
7052.796936	-120.507301
7053.469849	-119.633850
7054.142761	-119.739716
7054.815674	-119.000908
7055.488586	-119.346466
7056.161499	-120.078079
7056.834412	-120.378273
7057.507324	-119.963135
7058.180237	-119.122948
7058.853149	-119.809937
7059.526062	-119.482834
7060.198975	-119.590103
7060.871887	-119.873955
7061.544800	-119.696274
7062.217712	-119.976273
7062.890625	-121.252151
7063.563538	-120.520248
7064.236450	-119.357483
7064.909363	-119.615852
7065.582275	-119.458603
7066.255188	-119.596001
7066.928101	-119.633789
7067.601013	-118.805344
7068.273926	-119.112694
7068.946838	-121.261177
7069.619751	-121.050751
7070.292664	-119.749336
7070.965576	-119.468834
7071.638489	-119.804794
7072.311401	-120.047012
7072.984314	-119.295082
7073.657227	-120.301270
7074.330139	-120.738441
7075.003052	-120.505150
7075.675964	-119.537827
7076.348877	-119.992783
7077.021790	-120.120132
7077.694702	-120.297592
7078.367615	-119.883308
7079.040527	-120.809326
7079.713440	-121.032486
7080.386353	-120.575172
7081.059265	-120.025322
7081.732178	-120.929451
7082.405090	-120.729385
7083.078003	-120.921715
7083.750916	-120.769653
7084.423828	-119.527161
7085.096741	-118.979866
7085.769653	-118.934288
7086.442566	-119.215820
7087.115479	-119.884583
7087.788391	-119.417046
7088.461304	-119.576546
7089.134216	-120.137573
7089.807129	-121.332748
7090.480042	-121.360184
7091.152954	-120.653473
7091.825867	-120.013535
7092.498779	-120.691360
7093.171692	-120.128601
7093.844604	-119.772926
7094.517517	-119.848740
7095.190430	-119.106804
7095.863342	-119.715622
7096.536255	-120.243637
7097.209167	-120.988831
7097.882080	-120.399490
7098.554993	-120.436081
7099.227905	-121.163734
7099.900818	-120.896881
7100.573730	-120.260498
7101.246643	-120.266747
7101.919556	-120.250420
7102.592468	-120.625031
7103.265381	-120.026489
7103.938293	-119.820702
7104.611206	-119.556549
7105.284119	-119.660713
7105.957031	-119.866577
7106.629944	-119.400681
7107.302856	-118.502182
7107.975769	-119.445892
7108.648682	-120.741058
7109.321594	-120.382042
7109.994507	-118.334297
7110.667419	-116.824837
7111.340332	-116.064728
7112.013245	-117.028343
7112.686157	-116.528107
7113.359070	-117.742180
7114.031982	-118.868500
7114.704895	-120.002434
7115.377808	-120.356750
7116.050720	-120.380318
7116.723633	-120.996826
7117.396545	-121.075272
7118.069458	-121.513870
7118.742371	-121.022980
7119.415283	-119.926270
7120.088196	-120.893265
7120.761108	-120.454308
7121.434021	-120.524292
7122.106934	-119.563927
7122.779846	-118.356934
7123.452759	-118.881187
7124.125671	-117.933739
7124.798584	-116.030350
7125.471497	-116.785576
7126.144409	-118.156990
7126.817322	-119.052193
7127.490234	-119.580231
7128.163147	-119.023399
7128.836060	-118.060341
7129.508972	-117.950111
7130.181885	-117.403130
7130.854797	-115.710831
7131.527710	-114.536186
7132.200623	-113.986115
7132.873535	-113.565338
7133.546448	-114.002327
7134.219360	-114.838333
7134.892273	-116.000168
7135.565186	-117.557861
7136.238098	-119.145088
7136.911011	-119.444740
7137.583923	-118.885284
7138.256836	-118.962875
7138.929749	-120.705238
7139.602661	-120.233017
7140.275574	-119.296677
7140.948486	-118.719788
7141.621399	-119.054962
7142.294312	-119.763107
7142.967224	-119.560913
7143.640137	-119.195862
7144.313049	-119.851364
7144.985962	-121.219681
7145.658875	-120.833389
7146.331787	-119.672630
7147.004700	-120.441055
7147.677612	-120.593086
7148.350525	-120.115623
7149.023438	-120.332100
7149.696350	-120.644188
7150.369263	-120.125404
7151.042175	-119.847633
7151.715088	-120.089836
7152.388000	-120.447189
7153.060913	-120.158524
7153.733826	-119.404930
7154.406738	-118.509842
7155.079651	-118.707451
7155.752563	-120.353790
7156.425476	-121.222046
7157.098389	-120.452782
7157.771301	-120.560715
7158.444214	-120.961830
7159.117126	-120.443130
7159.790039	-120.209480
7160.462952	-120.602005
7161.135864	-119.973770
7161.808777	-119.845016
7162.481689	-119.172852
7163.154602	-119.463806
7163.827515	-118.851425
7164.500427	-118.491776
7165.173340	-119.127167
7165.846252	-120.281738
7166.519165	-119.892288
7167.192078	-118.839516
7167.864990	-118.934608
7168.537903	-118.781555
7169.210815	-119.208023
7169.883728	-119.200043
7170.556641	-119.354233
7171.229553	-119.734978
7171.902466	-119.486847
7172.575378	-119.637383
7173.248291	-119.916801
7173.921204	-118.568146
7174.594116	-120.187027
7175.267029	-118.703041
7175.939941	-118.779678
7176.612854	-120.020546
7177.285767	-119.428459
7177.958679	-120.139366
7178.631592	-119.589539
7179.304504	-120.190903
7179.977417	-120.029419
7180.650330	-119.190224
7181.323242	-120.165016
7181.996155	-120.036751
7182.669067	-121.016617
7183.341980	-119.526596
7184.014893	-119.752190
7184.687805	-120.094254
7185.360718	-119.939339
7186.033630	-119.148621
7186.706543	-119.201385
7187.379456	-120.156303
7188.052368	-119.785553
7188.725281	-120.677299
7189.398193	-119.755585
7190.071106	-119.710999
7190.744019	-120.469505
7191.416931	-119.596733
7192.089844	-119.183281
7192.762756	-119.549934
7193.435669	-120.562195
7194.108582	-121.016457
7194.781494	-119.591362
7195.454407	-119.949539
7196.127319	-119.446823
7196.800232	-119.463615
7197.473145	-118.988052
7198.146057	-118.352036
7198.818970	-118.692459
7199.491882	-119.635658
7200.164795	-120.394829
7200.837708	-120.099464
7201.510620	-119.750450
7202.183533	-119.714066
7202.856445	-119.798866
7203.529358	-120.925545
7204.202271	-119.803520
7204.875183	-118.998672
7205.548096	-119.996902
7206.221008	-120.159340
7206.893921	-120.576469
7207.566833	-120.744781
7208.239746	-120.040024
7208.912659	-120.211296
7209.585571	-120.159851
7210.258484	-120.468842
7210.931396	-119.667274
7211.604309	-118.897324
7212.277222	-119.727615
7212.950134	-119.704163
7213.623047	-119.483376
7214.295959	-119.758949
7214.968872	-118.581635
7215.641785	-119.736176
7216.314697	-120.492683
7216.987610	-121.215973
7217.660522	-120.725113
7218.333435	-120.575722
7219.006348	-119.912277
7219.679260	-121.118881
7220.352173	-120.040741
7221.025085	-118.675148
7221.697998	-118.063507
7222.370911	-119.661148
7223.043823	-120.871429
7223.716736	-120.618752
7224.389648	-119.832100
7225.062561	-119.651703
7225.735474	-120.678886
7226.408386	-119.550858
7227.081299	-119.658096
7227.754211	-118.698639
7228.427124	-119.292351
7229.100037	-120.833893
7229.772949	-119.732765
7230.445862	-119.802559
7231.118774	-119.698555
7231.791687	-119.253662
7232.464600	-119.825737
7233.137512	-119.776970
7233.810425	-119.237389
7234.483337	-118.942856
7235.156250	-120.520752
7235.829163	-120.336136
7236.502075	-119.953217
7237.174988	-119.013290
7237.847900	-120.124596
7238.520813	-119.804390
7239.193726	-119.209534
7239.866638	-119.284531
7240.539551	-119.970299
7241.212463	-120.224411
7241.885376	-121.589256
7242.558289	-121.021133
7243.231201	-121.010811
7243.904114	-120.682831
7244.577026	-119.403961
7245.249939	-119.369171
7245.922852	-120.636093
7246.595764	-119.941032
7247.268677	-119.373817
7247.941589	-117.258148
7248.614502	-117.121429
7249.287415	-117.076759
7249.960327	-114.300873
7250.633240	-114.481781
7251.306152	-117.908890
7251.979065	-119.453270
7252.651978	-118.088905
7253.324890	-120.157005
7253.997803	-120.384758
7254.670715	-119.824860
7255.343628	-120.147934
7256.016541	-120.429489
7256.689453	-119.996170
7257.362366	-120.074806
7258.035278	-119.258171
7258.708191	-119.288498
7259.381104	-118.676208
7260.054016	-119.000465
7260.726929	-119.552963
7261.399841	-120.100243
7262.072754	-119.852699
7262.745667	-119.368996
7263.418579	-120.350380
7264.091492	-119.986427
7264.764404	-120.617805
7265.437317	-120.706131
7266.110229	-119.028389
7266.783142	-119.810371
7267.456055	-120.935997
7268.128967	-119.585442
7268.801880	-119.435692
7269.474792	-119.729713
7270.147705	-119.505226
7270.820618	-119.618912
7271.493530	-120.211693
7272.166443	-119.948090
7272.839355	-119.926689
7273.512268	-119.523468
7274.185181	-120.453087
7274.858093	-119.880775
7275.531006	-118.795822
7276.203918	-118.577553
7276.876831	-119.183762
7277.549744	-119.397491
7278.222656	-119.455986
7278.895569	-119.139038
7279.568481	-119.998032
7280.241394	-119.573586
7280.914307	-119.880318
7281.587219	-121.404572
7282.260132	-120.529823
7282.933044	-120.379494
7283.605957	-121.032585
7284.278870	-119.845879
7284.951782	-118.803413
7285.624695	-119.153374
7286.297607	-121.228394
7286.970520	-120.278267
7287.643433	-119.677437
7288.316345	-120.169975
7288.989258	-120.187653
7289.662170	-120.309258
7290.335083	-119.147461
7291.007996	-119.115295
7291.680908	-119.971535
7292.353821	-120.913940
7293.026733	-120.253677
7293.699646	-120.453438
7294.372559	-119.700951
7295.045471	-120.527687
7295.718384	-119.692047
7296.391296	-119.757233
7297.064209	-120.628380
7297.737122	-120.031960
7298.410034	-119.807617
7299.082947	-120.781395
7299.755859	-120.152328
7300.428772	-120.967216
7301.101685	-120.266968
7301.774597	-120.324860
7302.447510	-119.667816
7303.120422	-119.135559
7303.793335	-119.826019
7304.466248	-120.411194
7305.139160	-119.103699
7305.812073	-118.511765
7306.484985	-118.641129
7307.157898	-119.982574
7307.830811	-119.431587
7308.503723	-119.037819
7309.176636	-119.222649
7309.849548	-120.289169
7310.522461	-120.554146
7311.195374	-119.955902
7311.868286	-119.635452
7312.541199	-120.186905
7313.214111	-119.545929
7313.887024	-119.705864
7314.559937	-120.088211
7315.232849	-120.504807
7315.905762	-120.551811
7316.578674	-119.642250
7317.251587	-119.611153
7317.924500	-120.317810
7318.597412	-120.385902
7319.270325	-119.949303
7319.943237	-119.700684
7320.616150	-120.899284
7321.289062	-119.928284
7321.961975	-118.891129
7322.634888	-119.528793
7323.307800	-120.206711
7323.980713	-120.514923
7324.653625	-119.493347
7325.326538	-118.732170
7325.999451	-119.818512
7326.672363	-119.735298
7327.345276	-119.734169
7328.018188	-120.169693
7328.691101	-120.356041
7329.364014	-119.492073
7330.036926	-118.863022
7330.709839	-120.035622
7331.382751	-119.328171
7332.055664	-119.196274
7332.728577	-118.734657
7333.401489	-119.265236
7334.074402	-119.228859
7334.747314	-118.252289
7335.420227	-118.992546
7336.093140	-120.040581
7336.766052	-120.841026
7337.438965	-120.398682
7338.111877	-119.434921
7338.784790	-120.252510
7339.457703	-120.786377
7340.130615	-120.283379
7340.803528	-120.609131
7341.476440	-120.328117
7342.149353	-119.624054
7342.822266	-120.063293
7343.495178	-119.601997
7344.168091	-119.994858
7344.841003	-121.625542
7345.513916	-120.616692
7346.186829	-120.511047
7346.859741	-119.437508
7347.532654	-119.180862
7348.205566	-119.514763
7348.878479	-120.031898
7349.551392	-119.937477
7350.224304	-119.366013
7350.897217	-119.403969
7351.570129	-120.115234
7352.243042	-120.333145
7352.915955	-120.244446
7353.588867	-120.750748
7354.261780	-120.814194
7354.934692	-119.273651
7355.607605	-119.633972
7356.280518	-119.516479
7356.953430	-119.593552
7357.626343	-119.215836
7358.299255	-118.532997
7358.972168	-118.314285
7359.645081	-118.366806
7360.317993	-119.407455
7360.990906	-119.754028
7361.663818	-120.419731
7362.336731	-120.516876
7363.009644	-120.245544
7363.682556	-118.924957
7364.355469	-119.365051
7365.028381	-120.039017
7365.701294	-119.659821
7366.374207	-120.082504
7367.047119	-119.917770
7367.720032	-118.797234
7368.392944	-118.664490
7369.065857	-118.979431
7369.738770	-119.940361
7370.411682	-120.222679
7371.084595	-120.931801
7371.757507	-120.733055
7372.430420	-119.983177
7373.103333	-119.535995
7373.776245	-119.182655
7374.449158	-119.562416
7375.122070	-119.628021
7375.794983	-119.409927
7376.467896	-119.457382
7377.140808	-118.429153
7377.813721	-119.154312
7378.486633	-120.788208
7379.159546	-119.384209
7379.832458	-118.853073
7380.505371	-118.990738
7381.178284	-119.149460
7381.851196	-119.720871
7382.524109	-119.797966
7383.197021	-119.105400
7383.869934	-119.247864
7384.542847	-118.673096
7385.215759	-118.773575
7385.888672	-119.989769
7386.561584	-121.004189
7387.234497	-120.252434
7387.907410	-120.106110
7388.580322	-119.777977
7389.253235	-119.205963
7389.926147	-118.768661
7390.599060	-117.949982
7391.271973	-117.753731
7391.944885	-119.533546
7392.617798	-119.677315
7393.290710	-120.208023
7393.963623	-119.950783
7394.636536	-120.653206
7395.309448	-120.377113
7395.982361	-119.267799
7396.655273	-120.247253
7397.328186	-119.024529
7398.001099	-119.642860
7398.674011	-119.947166
7399.346924	-119.799164
7400.019836	-119.283325
7400.692749	-118.741859
7401.365662	-119.299652
7402.038574	-119.287682
7402.711487	-119.468300
7403.384399	-119.199745
7404.057312	-120.008720
7404.730225	-119.029282
7405.403137	-119.696571
7406.076050	-118.634819
7406.748962	-118.368950
7407.421875	-119.232857
7408.094788	-119.268242
7408.767700	-119.938599
7409.440613	-120.147812
7410.113525	-120.275650
7410.786438	-120.135605
7411.459351	-119.942780
7412.132263	-119.606636
7412.805176	-120.205002
7413.478088	-120.265221
7414.151001	-121.035576
7414.823914	-120.827049
7415.496826	-119.880913
7416.169739	-119.236000
7416.842651	-119.901405
7417.515564	-120.063568
7418.188477	-120.331131
7418.861389	-119.775978
7419.534302	-120.530762
7420.207214	-120.164497
7420.880127	-119.800583
7421.553040	-121.369591
7422.225952	-120.113808
7422.898865	-120.222191
7423.571777	-119.073227
7424.244690	-119.289619
7424.917603	-120.019913
7425.590515	-120.225731
7426.263428	-119.852417
7426.936340	-118.999214
7427.609253	-119.855743
7428.282166	-120.481941
7428.955078	-120.554886
7429.627991	-120.667503
7430.300903	-120.313721
7430.973816	-120.268684
7431.646729	-120.552895
7432.319641	-120.181000
7432.992554	-119.734230
7433.665466	-119.497353
7434.338379	-118.623146
7435.011292	-119.227234
7435.684204	-119.722672
7436.357117	-119.578705
7437.030029	-119.508438
7437.702942	-119.124672
7438.375854	-119.169388
7439.048767	-118.516251
7439.721680	-119.476578
7440.394592	-120.708138
7441.067505	-119.276108
7441.740417	-118.621300
7442.413330	-119.128708
7443.086243	-118.796509
7443.759155	-119.872276
7444.432068	-119.386490
7445.104980	-119.333801
7445.777893	-119.255127
7446.450806	-119.325844
7447.123718	-119.672127
7447.796631	-119.833527
7448.469543	-119.617790
7449.142456	-119.104889
7449.815369	-119.369827
7450.488281	-119.700775
7451.161194	-120.331497
7451.834106	-119.786461
7452.507019	-119.987877
7453.179932	-119.725601
7453.852844	-120.547234
7454.525757	-120.904510
7455.198669	-121.191673
7455.871582	-120.553055
7456.544495	-118.852600
7457.217407	-118.660271
7457.890320	-120.031746
7458.563232	-119.436867
7459.236145	-119.843452
7459.909058	-120.552940
7460.581970	-119.501083
7461.254883	-120.042374
7461.927795	-119.515594
7462.600708	-119.836967
7463.273621	-119.053658
7463.946533	-118.328941
7464.619446	-120.035179
7465.292358	-119.512344
7465.965271	-118.401634
7466.638184	-118.364204
7467.311096	-118.858711
7467.984009	-118.508461
7468.656921	-119.533257
7469.329834	-119.969040
7470.002747	-119.424294
7470.675659	-119.269043
7471.348572	-119.234062
7472.021484	-118.518517
7472.694397	-119.195602
7473.367310	-119.118774
7474.040222	-119.570160
7474.713135	-119.372604
7475.386047	-120.555786
7476.058960	-120.606346
7476.731873	-120.821571
7477.404785	-119.990532
7478.077698	-119.400284
7478.750610	-119.231873
7479.423523	-119.107452
7480.096436	-120.139992
7480.769348	-120.319984
7481.442261	-118.541725
7482.115173	-119.328278
7482.788086	-119.408852
7483.460999	-119.580170
7484.133911	-119.993988
7484.806824	-120.081963
7485.479736	-120.784004
7486.152649	-119.595001
7486.825562	-120.066734
7487.498474	-120.344604
7488.171387	-119.605553
7488.844299	-119.337440
7489.517212	-120.361588
7490.190125	-119.134636
7490.863037	-118.968071
7491.535950	-118.916229
7492.208862	-119.998291
7492.881775	-120.748863
7493.554688	-121.491394
7494.227600	-120.698792
7494.900513	-118.955177
7495.573425	-118.583580
7496.246338	-118.477798
7496.919250	-119.032364
7497.592163	-118.847366
7498.265076	-119.616806
7498.937988	-119.934494
7499.610901	-119.707542
7500.283813	-118.882294
7500.956726	-119.978256
7501.629639	-119.667404
7502.302551	-119.227501
7502.975464	-119.596878
7503.648376	-119.848671
7504.321289	-120.434990
7504.994202	-119.702087
7505.667114	-118.564545
7506.340027	-118.959991
7507.012939	-120.055191
7507.685852	-119.869591
7508.358765	-119.278809
7509.031677	-119.854424
7509.704590	-119.626389
7510.377502	-118.788963
7511.050415	-119.091301
7511.723328	-120.913918
7512.396240	-119.831619
7513.069153	-119.846062
7513.742065	-119.833702
7514.414978	-118.698433
7515.087891	-118.933304
7515.760803	-120.079506
7516.433716	-119.546730
7517.106628	-120.249405
7517.779541	-120.121849
7518.452454	-119.276924
7519.125366	-119.872505
7519.798279	-120.103516
7520.471191	-119.023293
7521.144104	-119.195923
7521.817017	-119.347267
7522.489929	-119.414680
7523.162842	-120.059799
7523.835754	-121.682350
7524.508667	-119.724808
7525.181580	-118.064949
7525.854492	-117.692993
7526.527405	-118.750656
7527.200317	-118.739815
7527.873230	-120.116425
7528.546143	-119.964523
7529.219055	-119.929794
7529.891968	-120.235474
7530.564880	-119.610214
7531.237793	-119.100540
7531.910706	-119.619377
7532.583618	-119.793259
7533.256531	-118.915176
7533.929443	-119.050110
7534.602356	-119.547295
7535.275269	-120.053490
7535.948181	-119.437965
7536.621094	-119.323105
7537.294006	-122.198479
7537.966919	-121.653114
7538.639832	-119.803650
7539.312744	-118.678902
7539.985657	-119.078384
7540.658569	-119.110924
7541.331482	-120.386253
7542.004395	-118.975937
7542.677307	-119.274368
7543.350220	-120.324577
7544.023132	-121.692238
7544.696045	-119.475266
7545.368958	-118.474243
7546.041870	-118.911766
7546.714783	-119.872620
7547.387695	-120.112701
7548.060608	-119.670105
7548.733521	-118.969360
7549.406433	-118.533264
7550.079346	-118.665077
7550.752258	-120.154312
7551.425171	-120.095062
7552.098083	-118.968559
7552.770996	-119.461868
7553.443909	-119.067757
7554.116821	-119.556236
7554.789734	-119.414955
7555.462646	-119.547707
7556.135559	-120.413559
7556.808472	-120.080086
7557.481384	-119.124588
7558.154297	-119.184143
7558.827209	-119.479507
7559.500122	-119.717300
7560.173035	-120.584259
7560.845947	-119.870499
7561.518860	-119.378433
7562.191772	-119.152863
7562.864685	-118.283539
7563.537598	-118.770775
7564.210510	-120.688988
7564.883423	-120.137695
7565.556335	-119.270195
7566.229248	-118.317642
7566.902161	-119.165909
7567.575073	-119.715393
7568.247986	-119.237473
7568.920898	-118.638359
7569.593811	-119.975456
7570.266724	-120.049011
7570.939636	-119.342453
7571.612549	-119.591232
7572.285461	-120.179611
7572.958374	-120.490417
7573.631287	-120.521904
7574.304199	-118.874565
7574.977112	-118.064705
7575.650024	-119.092316
7576.322937	-119.932915
7576.995850	-120.901039
7577.668762	-120.723778
7578.341675	-119.935143
7579.014587	-120.088951
7579.687500	-118.939964
7580.360413	-118.028481
7581.033325	-119.272179
7581.706238	-117.909370
7582.379150	-117.246666
7583.052063	-119.713875
7583.724976	-119.603088
7584.397888	-120.417786
7585.070801	-120.685097
7585.743713	-120.215218
7586.416626	-120.036148
7587.089539	-120.688736
7587.762451	-120.781364
7588.435364	-119.588234
7589.108276	-119.149872
7589.781189	-119.622566
7590.454102	-119.086754
7591.127014	-118.606735
7591.799927	-118.946457
7592.472839	-120.732857
7593.145752	-120.431381
7593.818665	-120.417145
7594.491577	-121.439484
7595.164490	-120.692848
7595.837402	-119.840408
7596.510315	-118.854279
7597.183228	-119.865326
7597.856140	-120.833839
7598.529053	-119.720505
7599.201965	-119.530411
7599.874878	-119.945648
7600.547791	-119.310890
7601.220703	-119.651794
7601.893616	-119.935310
7602.566528	-120.870590
7603.239441	-120.883774
7603.912354	-119.827110
7604.585266	-119.199509
7605.258179	-119.816635
7605.931091	-119.889854
7606.604004	-119.182861
7607.276917	-119.855118
7607.949829	-121.182472
7608.622742	-120.370125
7609.295654	-120.906197
7609.968567	-120.591499
7610.641479	-120.277809
7611.314392	-119.163643
7611.987305	-119.139366
7612.660217	-120.196472
7613.333130	-119.743233
7614.006042	-121.056923
7614.678955	-120.964409
7615.351868	-120.981773
7616.024780	-119.278290
7616.697693	-118.649490
7617.370605	-119.416122
7618.043518	-119.592072
7618.716431	-119.509567
7619.389343	-120.384315
7620.062256	-120.556488
7620.735168	-120.320000
7621.408081	-120.575180
7622.080994	-120.517021
7622.753906	-119.792259
7623.426819	-120.192039
7624.099731	-120.893692
7624.772644	-119.991882
7625.445557	-120.002747
7626.118469	-121.132919
7626.791382	-120.528664
7627.464294	-119.549149
7628.137207	-118.382858
7628.810120	-117.900566
7629.483032	-118.329315
7630.155945	-118.031517
7630.828857	-119.472160
7631.501770	-119.135216
7632.174683	-118.704514
7632.847595	-119.110634
7633.520508	-120.080894
7634.193420	-119.214752
7634.866333	-119.602715
7635.539246	-120.392624
7636.212158	-119.997513
7636.885071	-120.954796
7637.557983	-120.231308
7638.230896	-118.852188
7638.903809	-118.688095
7639.576721	-120.490768
7640.249634	-119.824074
7640.922546	-119.897011
7641.595459	-120.054497
7642.268372	-119.174255
7642.941284	-119.235962
7643.614197	-119.343964
7644.287109	-119.521332
7644.960022	-119.401131
7645.632935	-118.721260
7646.305847	-119.638428
7646.978760	-120.517357
7647.651672	-120.541176
7648.324585	-120.725983
7648.997498	-120.398338
7649.670410	-119.781578
7650.343323	-119.419029
7651.016235	-119.362587
7651.689148	-119.364250
7652.362061	-119.752983
7653.034973	-119.185860
7653.707886	-120.518898
7654.380798	-119.702415
7655.053711	-120.807968
7655.726624	-119.877388
7656.399536	-119.482208
7657.072449	-119.485985
7657.745361	-119.599342
7658.418274	-119.429802
7659.091187	-119.983406
7659.764099	-120.612091
7660.437012	-118.884628
7661.109924	-118.995827
7661.782837	-119.428139
7662.455750	-119.351532
7663.128662	-119.773827
7663.801575	-120.100227
7664.474487	-119.540199
7665.147400	-119.200020
7665.820312	-119.074471
7666.493225	-119.105751
7667.166138	-119.468018
7667.839050	-119.481071
7668.511963	-119.504257
7669.184875	-120.926231
7669.857788	-120.965630
7670.530701	-119.414711
7671.203613	-119.044670
7671.876526	-118.568367
7672.549438	-118.517921
7673.222351	-119.501968
7673.895264	-120.114418
7674.568176	-118.487480
7675.241089	-118.723351
7675.914001	-119.950417
7676.586914	-120.874741
7677.259827	-120.453743
7677.932739	-119.039871
7678.605652	-119.219788
7679.278564	-119.278793
7679.951477	-120.158554
7680.624390	-120.104820
7681.297302	-119.773216
7681.970215	-118.895645
7682.643127	-119.635895
7683.316040	-119.803429
7683.988953	-119.967598
7684.661865	-119.941650
7685.334778	-119.339485
7686.007690	-119.749191
7686.680603	-119.545418
7687.353516	-119.747223
7688.026428	-120.100922
7688.699341	-120.173576
7689.372253	-119.060089
7690.045166	-118.950180
7690.718079	-119.300179
7691.390991	-119.091362
7692.063904	-118.754257
7692.736816	-119.018806
7693.409729	-118.972221
7694.082642	-118.698547
7694.755554	-119.446655
7695.428467	-119.248428
7696.101379	-118.587860
7696.774292	-119.382965
7697.447205	-119.378578
7698.120117	-120.824905
7698.793030	-121.109154
7699.465942	-119.288918
7700.138855	-119.114281
7700.811768	-120.157631
7701.484680	-120.238411
7702.157593	-120.133072
7702.830505	-119.870422
7703.503418	-119.361115
7704.176331	-118.777908
7704.849243	-118.799911
7705.522156	-118.373100
7706.195068	-119.342094
7706.867981	-120.528305
7707.540894	-120.806412
7708.213806	-120.999931
7708.886719	-119.353783
7709.559631	-119.653252
7710.232544	-119.616425
7710.905457	-120.013710
7711.578369	-119.885292
7712.251282	-120.417793
7712.924194	-120.594948
7713.597107	-119.833923
7714.270020	-119.479668
7714.942932	-118.580391
7715.615845	-119.837929
7716.288757	-120.139679
7716.961670	-119.692955
7717.634583	-119.460892
7718.307495	-119.194290
7718.980408	-119.103546
7719.653320	-119.892128
7720.326233	-119.488388
7720.999146	-118.053795
7721.672058	-118.566917
7722.344971	-119.983185
7723.017883	-119.654175
7723.690796	-119.410263
7724.363708	-119.850502
7725.036621	-118.806419
7725.709534	-118.723495
7726.382446	-118.894905
7727.055359	-118.232239
7727.728271	-118.681374
7728.401184	-119.162804
7729.074097	-119.830070
7729.747009	-121.100174
7730.419922	-119.831215
7731.092834	-119.380356
7731.765747	-119.614380
7732.438660	-119.925209
7733.111572	-118.984917
7733.784485	-119.597366
7734.457397	-119.275070
7735.130310	-119.075333
7735.803223	-118.661713
7736.476135	-118.868690
7737.149048	-118.179245
7737.821960	-120.199326
7738.494873	-120.728065
7739.167786	-119.209030
7739.840698	-119.548027
7740.513611	-119.539612
7741.186523	-118.997063
7741.859436	-120.370193
7742.532349	-120.198738
7743.205261	-120.229691
7743.878174	-120.394875
7744.551086	-119.628624
7745.223999	-119.092033
7745.896912	-117.940086
7746.569824	-118.285873
7747.242737	-118.700172
7747.915649	-119.271446
7748.588562	-119.824181
7749.261475	-120.048378
7749.934387	-119.444374
7750.607300	-119.447105
7751.280212	-120.917923
7751.953125	-120.588364
7752.626038	-120.118408
7753.298950	-119.825844
7753.971863	-118.759789
7754.644775	-120.092331
7755.317688	-119.882889
7755.990601	-119.927650
7756.663513	-120.067993
7757.336426	-119.878616
7758.009338	-118.778564
7758.682251	-119.324188
7759.355164	-120.149353
7760.028076	-118.543762
7760.700989	-118.806396
7761.373901	-118.370811
7762.046814	-119.015182
7762.719727	-119.686417
7763.392639	-121.043312
7764.065552	-120.317955
7764.738464	-119.243706
7765.411377	-118.664055
7766.084290	-119.685486
7766.757202	-119.178650
7767.430115	-119.264061
7768.103027	-118.513519
7768.775940	-118.943443
7769.448853	-118.838982
7770.121765	-119.621597
7770.794678	-119.615479
7771.467590	-118.733719
7772.140503	-119.222366
7772.813416	-119.324600
7773.486328	-117.775436
7774.159241	-118.292519
7774.832153	-119.334305
7775.505066	-119.292213
7776.177979	-119.755966
7776.850891	-119.173035
7777.523804	-120.668365
7778.196716	-119.156372
7778.869629	-119.388618
7779.542542	-119.684937
7780.215454	-119.893654
7780.888367	-120.968216
7781.561279	-119.505501
7782.234192	-118.104530
7782.907104	-118.656967
7783.580017	-119.350647
7784.252930	-119.259056
7784.925842	-118.777489
7785.598755	-118.792084
7786.271667	-119.323883
7786.944580	-118.252144
7787.617493	-118.395271
7788.290405	-119.079041
7788.963318	-119.260506
7789.636230	-119.405540
7790.309143	-119.852150
7790.982056	-120.689247
7791.654968	-121.129539
7792.327881	-120.189400
7793.000793	-120.379745
7793.673706	-121.004814
7794.346619	-120.359566
7795.019531	-120.334282
7795.692444	-120.888191
7796.365356	-119.818573
7797.038269	-118.178970
7797.711182	-118.716347
7798.384094	-119.452927
7799.057007	-119.907364
7799.729919	-120.535233
7800.402832	-120.926964
7801.075745	-119.678055
7801.748657	-120.116417
7802.421570	-120.243553
7803.094482	-118.343430
7803.767395	-118.121201
7804.440308	-118.342339
7805.113220	-119.322426
7805.786133	-119.551231
7806.459045	-120.050392
7807.131958	-120.763031
7807.804871	-120.484169
7808.477783	-119.578903
7809.150696	-119.693573
7809.823608	-120.330200
7810.496521	-119.601234
7811.169434	-119.582306
7811.842346	-120.399261
7812.515259	-120.345772
7813.188171	-119.702835
7813.861084	-119.262062
7814.533997	-119.128105
7815.206909	-119.501122
7815.879822	-120.163727
7816.552734	-119.425522
7817.225647	-119.637733
7817.898560	-119.492218
7818.571472	-119.529320
7819.244385	-118.635803
7819.917297	-119.107414
7820.590210	-118.712074
7821.263123	-118.587273
7821.936035	-119.314331
7822.608948	-119.774368
7823.281860	-119.648361
7823.954773	-120.148659
7824.627686	-118.264359
7825.300598	-119.351471
7825.973511	-119.459114
7826.646423	-119.466614
7827.319336	-118.765289
7827.992249	-118.896790
7828.665161	-119.673759
7829.338074	-119.468765
7830.010986	-120.088547
7830.683899	-119.096581
7831.356812	-118.235466
7832.029724	-119.199272
7832.702637	-119.949417
7833.375549	-120.535530
7834.048462	-119.970016
7834.721375	-119.736900
7835.394287	-120.121201
7836.067200	-120.225334
7836.740112	-119.494202
7837.413025	-119.188248
7838.085938	-120.350632
7838.758850	-120.780663
7839.431763	-119.243423
7840.104675	-119.137527
7840.777588	-119.280556
7841.450500	-118.939247
7842.123413	-118.843178
7842.796326	-119.506676
7843.469238	-118.369072
7844.142151	-119.426529
7844.815063	-120.884689
7845.487976	-119.635048
7846.160889	-118.702934
7846.833801	-119.388741
7847.506714	-119.936081
7848.179626	-120.824219
7848.852539	-121.147583
7849.525452	-119.797745
7850.198364	-118.866829
7850.871277	-119.561409
7851.544189	-120.207848
7852.217102	-120.015869
7852.890015	-118.848328
7853.562927	-118.197083
7854.235840	-119.274368
7854.908752	-118.706978
7855.581665	-120.401955
7856.254578	-120.852242
7856.927490	-119.526749
7857.600403	-120.159622
7858.273315	-121.771553
7858.946228	-121.638916
7859.619141	-121.125954
7860.292053	-121.677963
7860.964966	-119.781723
7861.637878	-119.968102
7862.310791	-119.873863
7862.983704	-120.811630
7863.656616	-120.160553
7864.329529	-118.927216
7865.002441	-119.248421
7865.675354	-118.641319
7866.348267	-118.490860
7867.021179	-119.650063
7867.694092	-120.508606
7868.367004	-120.302505
7869.039917	-120.125870
7869.712830	-119.745590
7870.385742	-117.663551
7871.058655	-119.377151
7871.731567	-120.507797
7872.404480	-119.555916
7873.077393	-118.661346
7873.750305	-118.620522
7874.423218	-118.575211
7875.096130	-120.084793
7875.769043	-120.731766
7876.441956	-119.767113
7877.114868	-118.474770
7877.787781	-118.231926
7878.460693	-118.601776
7879.133606	-118.921135
7879.806519	-119.057510
7880.479431	-119.744614
7881.152344	-118.917938
7881.825256	-119.470757
7882.498169	-120.143517
7883.171082	-119.852921
7883.843994	-120.914482
7884.516907	-121.045113
7885.189819	-120.766220
7885.862732	-121.308479
7886.535645	-119.884735
7887.208557	-118.637009
7887.881470	-119.849258
7888.554382	-118.399567
7889.227295	-118.761406
7889.900208	-118.093033
7890.573120	-118.275620
7891.246033	-118.690315
7891.918945	-118.698837
7892.591858	-118.825333
7893.264771	-119.061264
7893.937683	-119.624413
7894.610596	-121.554604
7895.283508	-120.230339
7895.956421	-119.771927
7896.629333	-119.541100
7897.302246	-119.114288
7897.975159	-118.605698
7898.648071	-119.346634
7899.320984	-119.557343
7899.993896	-119.461349
7900.666809	-118.100052
7901.339722	-119.101967
7902.012634	-120.089554
7902.685547	-119.363495
7903.358459	-119.585373
7904.031372	-119.223358
7904.704285	-119.169472
7905.377197	-119.892670
7906.050110	-120.936256
7906.723022	-120.685989
7907.395935	-120.117027
7908.068848	-119.811790
7908.741760	-118.946381
7909.414673	-119.086708
7910.087585	-118.534378
7910.760498	-119.071831
7911.433411	-118.557816
7912.106323	-119.097527
7912.779236	-120.692131
7913.452148	-120.968124
7914.125061	-121.594780
7914.797974	-120.647224
7915.470886	-119.213806
7916.143799	-118.514336
7916.816711	-118.250481
7917.489624	-118.146141
7918.162537	-118.877846
7918.835449	-120.092163
7919.508362	-119.715630
7920.181274	-118.610794
7920.854187	-118.508011
7921.527100	-118.756058
7922.200012	-119.718231
7922.872925	-119.745384
7923.545837	-119.713562
7924.218750	-119.091988
7924.891663	-118.563843
7925.564575	-119.506180
7926.237488	-120.234879
7926.910400	-120.213959
7927.583313	-120.518661
7928.256226	-120.243874
7928.929138	-120.398506
7929.602051	-119.702850
7930.274963	-119.896736
7930.947876	-119.636856
7931.620789	-119.241844
7932.293701	-121.130173
7932.966614	-120.887291
7933.639526	-119.882042
7934.312439	-119.235756
7934.985352	-119.444313
7935.658264	-119.797256
7936.331177	-118.153084
7937.004089	-118.428154
7937.677002	-117.745239
7938.349915	-119.274895
7939.022827	-121.109657
7939.695740	-119.301582
7940.368652	-119.133873
7941.041565	-119.983788
7941.714478	-119.496391
7942.387390	-118.930481
7943.060303	-118.585480
7943.733215	-119.575287
7944.406128	-119.491356
7945.079041	-118.965805
7945.751953	-119.513016
7946.424866	-120.293060
7947.097778	-120.437935
7947.770691	-120.060181
7948.443604	-119.068558
7949.116516	-120.151100
7949.789429	-119.132690
7950.462341	-119.815674
7951.135254	-120.951706
7951.808167	-119.891678
7952.481079	-119.862671
7953.153992	-120.434265
7953.826904	-119.344299
7954.499817	-118.903717
7955.172729	-119.030922
7955.845642	-120.511810
7956.518555	-120.230751
7957.191467	-119.671135
7957.864380	-119.636490
7958.537292	-118.913887
7959.210205	-119.302376
7959.883118	-118.604919
7960.556030	-118.417244
7961.228943	-119.020454
7961.901855	-118.206161
7962.574768	-118.826126
7963.247681	-120.996742
7963.920593	-120.233116
7964.593506	-119.271393
7965.266418	-119.418358
7965.939331	-118.927559
7966.612244	-118.407402
7967.285156	-118.435905
7967.958069	-120.505051
7968.630981	-120.870728
7969.303894	-120.966362
7969.976807	-120.619331
7970.649719	-121.171448
7971.322632	-120.591850
7971.995544	-120.079483
7972.668457	-119.389030
7973.341370	-120.320900
7974.014282	-120.467796
7974.687195	-120.283241
7975.360107	-120.284775
7976.033020	-119.394432
7976.705933	-118.564629
7977.378845	-119.068649
7978.051758	-119.414513
7978.724670	-119.402855
7979.397583	-119.688690
7980.070496	-118.303520
7980.743408	-118.589264
7981.416321	-118.839661
7982.089233	-119.477669
7982.762146	-119.034576
7983.435059	-119.794243
7984.107971	-119.847923
7984.780884	-118.953453
7985.453796	-118.882141
7986.126709	-120.060150
7986.799622	-120.573967
7987.472534	-121.118652
7988.145447	-119.014801
7988.818359	-118.579498
7989.491272	-120.317474
7990.164185	-118.595261
7990.837097	-118.878082
7991.510010	-118.151421
7992.182922	-118.827698
7992.855835	-119.800079
7993.528748	-118.692001
7994.201660	-119.344986
7994.874573	-119.785271
7995.547485	-118.958778
7996.220398	-119.568710
7996.893311	-118.610680
7997.566223	-119.062111
7998.239136	-119.859375
7998.912048	-119.043831
7999.584961	-118.399956
8000.257874	-118.765579
8000.930786	-120.135056
8001.603699	-118.168251
8002.276611	-118.102806
8002.949524	-120.784775
8003.622437	-119.205246
8004.295349	-118.821266
8004.968262	-119.641533
8005.641174	-119.452263
8006.314087	-119.786377
8006.987000	-119.152527
8007.659912	-118.753548
8008.332825	-118.919037
8009.005737	-118.315552
8009.678650	-119.582794
8010.351562	-120.219391
8011.024475	-121.122414
8011.697388	-120.490837
8012.370300	-120.627258
8013.043213	-120.258163
8013.716125	-120.247162
8014.389038	-119.428238
8015.061951	-118.937355
8015.734863	-119.832626
8016.407776	-119.959595
8017.080688	-119.054771
8017.753601	-118.420433
8018.426514	-119.151436
8019.099426	-119.568253
8019.772339	-119.156303
8020.445251	-118.865120
8021.118164	-119.490562
8021.791077	-119.024055
8022.463989	-119.194199
8023.136902	-119.393883
8023.809814	-119.042496
8024.482727	-118.783554
8025.155640	-119.720268
8025.828552	-120.124084
8026.501465	-120.230171
8027.174377	-119.892662
8027.847290	-118.802971
8028.520203	-120.161880
8029.193115	-119.820061
8029.866028	-119.671181
8030.538940	-120.327477
8031.211853	-119.169823
8031.884766	-119.304039
8032.557678	-119.371307
8033.230591	-118.725182
8033.903503	-118.984749
8034.576416	-119.845085
8035.249329	-119.667511
8035.922241	-120.710144
8036.595154	-120.424568
8037.268066	-119.549217
8037.940979	-118.856468
8038.613892	-120.109543
8039.286804	-119.790855
8039.959717	-119.415634
8040.632629	-119.231087
8041.305542	-119.139557
8041.978455	-119.522720
8042.651367	-120.120628
8043.324280	-120.344749
8043.997192	-119.898125
8044.670105	-119.238510
8045.343018	-118.661255
8046.015930	-118.456047
8046.688843	-119.921036
8047.361755	-119.127007
8048.034668	-119.246696
8048.707581	-119.979172
8049.380493	-118.936234
8050.053406	-120.051926
8050.726318	-120.294266
8051.399231	-119.407730
8052.072144	-118.725876
8052.745056	-118.501419
8053.417969	-118.048660
8054.090881	-118.033730
8054.763794	-119.722404
8055.436707	-120.718941
8056.109619	-121.171585
8056.782532	-120.872276
8057.455444	-119.393883
8058.128357	-119.296494
8058.801270	-120.168587
8059.474182	-120.696365
8060.147095	-120.222206
8060.820007	-119.835678
8061.492920	-120.057640
8062.165833	-119.048103
8062.838745	-118.506363
8063.511658	-118.436745
8064.184570	-118.768326
8064.857483	-120.190918
8065.530396	-119.629257
8066.203308	-119.790756
8066.876221	-120.711838
8067.549133	-121.046577
8068.222046	-119.081467
8068.894958	-117.539505
8069.567871	-117.838882
8070.240784	-117.679619
8070.913696	-117.206947
8071.586609	-117.714622
8072.259521	-119.095985
8072.932434	-119.407249
8073.605347	-118.627754
8074.278259	-119.394958
8074.951172	-120.643845
8075.624084	-119.301384
8076.296997	-119.963188
8076.969910	-120.200043
8077.642822	-119.724113
8078.315735	-119.201401
8078.988647	-118.940910
8079.661560	-118.757309
8080.334473	-120.228371
8081.007385	-120.119728
8081.680298	-118.382973
8082.353210	-118.979019
8083.026123	-119.369102
8083.699036	-119.964127
8084.371948	-118.736404
8085.044861	-119.133080
8085.717773	-118.758789
8086.390686	-118.390259
8087.063599	-118.348862
8087.736511	-119.938957
8088.409424	-120.128204
8089.082336	-119.178482
8089.755249	-119.360382
8090.428162	-120.056953
8091.101074	-120.355347
8091.773987	-120.408829
8092.446899	-121.355942
8093.119812	-121.408432
8093.792725	-119.333839
8094.465637	-118.743225
8095.138550	-118.478249
8095.811462	-119.768112
8096.484375	-120.159142
8097.157288	-119.895119
8097.830200	-119.188301
8098.503113	-118.699928
8099.176025	-118.734062
8099.848938	-118.640556
8100.521851	-118.607986
8101.194763	-118.330917
8101.867676	-119.282570
8102.540588	-119.830307
8103.213501	-119.501724
8103.886414	-119.863335
8104.559326	-118.345261
8105.232239	-118.732903
8105.905151	-119.438004
8106.578064	-120.407654
8107.250977	-120.592178
8107.923889	-121.457413
8108.596802	-118.936584
8109.269714	-118.588287
8109.942627	-119.075447
8110.615540	-118.705788
8111.288452	-117.805580
8111.961365	-118.874641
8112.634277	-119.547234
8113.307190	-118.971924
8113.980103	-119.828735
8114.653015	-119.172714
8115.325928	-119.238647
8115.998840	-118.920563
8116.671753	-118.560188
8117.344666	-118.509430
8118.017578	-120.217415
8118.690491	-119.185814
8119.363403	-118.647926
8120.036316	-120.234474
8120.709229	-120.862656
8121.382141	-118.853477
8122.055054	-118.848846
8122.727966	-119.046638
8123.400879	-120.249435
8124.073792	-119.741173
8124.746704	-119.151001
8125.419617	-118.770737
8126.092529	-119.034599
8126.765442	-118.777870
8127.438354	-119.418121
8128.111267	-120.799683
8128.784180	-120.015968
8129.457092	-120.066360
8130.130005	-119.076973
8130.802917	-118.641937
8131.475830	-118.682846
8132.148743	-119.687920
8132.821655	-119.765686
8133.494568	-118.948631
8134.167480	-119.311050
8134.840393	-119.944717
8135.513306	-119.950294
8136.186218	-120.049286
8136.859131	-119.678497
8137.532043	-119.650787
8138.204956	-117.747810
8138.877869	-119.008064
8139.550781	-120.399376
8140.223694	-120.277237
8140.896606	-118.672951
8141.569519	-119.577438
8142.242432	-118.877106
8142.915344	-119.292587
8143.588257	-119.886093
8144.261169	-119.464500
8144.934082	-118.866394
8145.606995	-120.235435
8146.279907	-119.076790
8146.952820	-118.851692
8147.625732	-118.884155
8148.298645	-120.350754
8148.971558	-120.173676
8149.644470	-119.700920
8150.317383	-120.306877
8150.990295	-120.669495
8151.663208	-118.577888
8152.336121	-118.352745
8153.009033	-119.607590
8153.681946	-119.439453
8154.354858	-119.933479
8155.027771	-119.645325
8155.700684	-119.712410
8156.373596	-120.106430
8157.046509	-119.402313
8157.719421	-118.762535
8158.392334	-119.392120
8159.065247	-119.881966
8159.738159	-119.422371
8160.411072	-120.038460
8161.083984	-120.165268
8161.756897	-119.626785
8162.429810	-119.833839
8163.102722	-119.427658
8163.775635	-118.937630
8164.448547	-121.033829
8165.121460	-119.270706
8165.794373	-118.227142
8166.467285	-118.800964
8167.140198	-119.003075
8167.813110	-119.355064
8168.486023	-120.467537
8169.158936	-119.653908
8169.831848	-118.380562
8170.504761	-118.362823
8171.177673	-118.925621
8171.850586	-119.575722
8172.523499	-118.685722
8173.196411	-119.695351
8173.869324	-119.115974
8174.542236	-119.966606
8175.215149	-120.103401
8175.888062	-120.421349
8176.560974	-120.940666
8177.233887	-118.824669
8177.906799	-119.614929
8178.579712	-118.768463
8179.252625	-118.393394
8179.925537	-118.506699
8180.598450	-118.893600
8181.271362	-119.916214
8181.944275	-120.371254
8182.617188	-119.978203
8183.290100	-118.584602
8183.963013	-118.812485
8184.635925	-119.133621
8185.308838	-118.152573
8185.981750	-119.328438
8186.654663	-119.104729
8187.327576	-119.500107
8188.000488	-119.451904
8188.673401	-119.359970
8189.346313	-120.252983
8190.019226	-119.049408
8190.692139	-119.378716
8191.365051	-119.272896
8192.037964	-118.533363
8192.710876	-118.515831
8193.383789	-119.752922
8194.056702	-120.346191
8194.729614	-120.582649
8195.402527	-119.101158
8196.075439	-119.013390
8196.748352	-118.889389
8197.421265	-119.165932
8198.094177	-118.094879
8198.767090	-118.245598
8199.440002	-118.994926
8200.112915	-118.373215
8200.785828	-118.849739
8201.458740	-119.846008
8202.131653	-119.711510
8202.804565	-119.070961
8203.477478	-120.657005
8204.150391	-119.741661
8204.823303	-118.075951
8205.496216	-119.160286
8206.169128	-118.982262
8206.842041	-118.746689
8207.514954	-119.263565
8208.187866	-118.138710
8208.860779	-119.164665
8209.533691	-118.603226
8210.206604	-119.071144
8210.879517	-120.002052
8211.552429	-119.838326
8212.225342	-120.712097
8212.898254	-121.201080
8213.571167	-121.433449
8214.244080	-120.877556
8214.916992	-120.139587
8215.589905	-120.291252
8216.262817	-120.607765
8216.935730	-119.866531
8217.608643	-119.785591
8218.281555	-119.135330
8218.954468	-118.930588
8219.627380	-119.367699
8220.300293	-120.190231
8220.973206	-119.798409
8221.646118	-120.944626
8222.319031	-120.488190
8222.991943	-120.506271
8223.664856	-118.946007
8224.337769	-118.413353
8225.010681	-118.899773
8225.683594	-118.881783
8226.356506	-119.500351
8227.029419	-120.307610
8227.702332	-120.636536
8228.375244	-120.425385
8229.048157	-120.168549
8229.721069	-118.874573
8230.393982	-119.280136
8231.066895	-119.189835
8231.739807	-119.701233
8232.412720	-119.765144
8233.085632	-120.148239
8233.758545	-120.757454
8234.431458	-119.710045
8235.104370	-119.137444
8235.777283	-119.026115
8236.450195	-118.296104
8237.123108	-117.774689
8237.796021	-118.936424
8238.468933	-118.991821
8239.141846	-118.571182
8239.814758	-120.092285
8240.487671	-119.621544
8241.160583	-119.617805
8241.833496	-119.783104
8242.506409	-119.453827
8243.179321	-119.629974
8243.852234	-120.621162
8244.525146	-121.349625
8245.198059	-120.595940
8245.870972	-119.309700
8246.543884	-119.611290
8247.216797	-119.684692
8247.889709	-119.638634
8248.562622	-118.516197
8249.235535	-118.220093
8249.908447	-119.028839
8250.581360	-119.603584
8251.254272	-119.527451
8251.927185	-119.366943
8252.600098	-119.349388
8253.273010	-119.939499
8253.945923	-120.986870
8254.618835	-119.304443
8255.291748	-119.719521
8255.964661	-120.198624
8256.637573	-120.361313
8257.310486	-119.233223
8257.983398	-119.523254
8258.656311	-119.982483
8259.329224	-119.029320
8260.002136	-120.436966
8260.675049	-120.641747
8261.347961	-119.713577
8262.020874	-120.483215
8262.693787	-120.205887
8263.366699	-120.042397
8264.039612	-119.699287
8264.712524	-119.713600
8265.385437	-119.949417
8266.058350	-119.488609
8266.731262	-119.241333
8267.404175	-119.317451
8268.077087	-119.529686
8268.750000	-119.140450
8269.422913	-118.149185
8270.095825	-119.450645
8270.768738	-118.690987
8271.441650	-118.475143
8272.114563	-118.870834
8272.787476	-119.006355
8273.460388	-118.728432
8274.133301	-118.569344
8274.806213	-118.674103
8275.479126	-119.518471
8276.152039	-119.067551
8276.824951	-118.955872
8277.497864	-119.411858
8278.170776	-119.594170
8278.843689	-120.110176
8279.516602	-120.791656
8280.189514	-119.437782
8280.862427	-118.170410
8281.535339	-118.253746
8282.208252	-118.661354
8282.881165	-119.967415
8283.554077	-118.675392
8284.226990	-119.037331
8284.899902	-119.989296
8285.572815	-119.673431
8286.245728	-118.396912
8286.918640	-118.943153
8287.591553	-118.990471
8288.264465	-118.220009
8288.937378	-119.320900
8289.610291	-120.187447
8290.283203	-119.938889
8290.956116	-119.440910
8291.629028	-118.786995
8292.301941	-119.940765
8292.974854	-119.998688
8293.647766	-119.443283
8294.320679	-119.908836
8294.993591	-119.556145
8295.666504	-118.253380
8296.339417	-118.782173
8297.012329	-119.642723
8297.685242	-120.090416
8298.358154	-118.706528
8299.031067	-119.525459
8299.703979	-122.002548
8300.376892	-119.791466
8301.049805	-119.147392
8301.722717	-119.546715
8302.395630	-120.214600
8303.068542	-119.847511
8303.741455	-118.664192
8304.414368	-118.224052
8305.087280	-118.162811
8305.760193	-118.955902
8306.433105	-118.882706
8307.106018	-119.041260
8307.778931	-118.504135
8308.451843	-118.962891
8309.124756	-120.141991
8309.797668	-119.474564
8310.470581	-119.762146
8311.143494	-119.746025
8311.816406	-118.692680
8312.489319	-119.170296
8313.162231	-120.933693
8313.835144	-120.934341
8314.508057	-118.461700
8315.180969	-118.003563
8315.853882	-118.925438
8316.526794	-118.994934
8317.199707	-118.723366
8317.872620	-117.815643
8318.545532	-119.268547
8319.218445	-119.213531
8319.891357	-119.107788
8320.564270	-118.853745
8321.237183	-119.277252
8321.910095	-119.782700
8322.583008	-119.446457
8323.255920	-118.192696
8323.928833	-118.056358
8324.601746	-119.610146
8325.274658	-120.220596
8325.947571	-120.249855
8326.620483	-118.855339
8327.293396	-119.187614
8327.966309	-119.000732
8328.639221	-119.534538
8329.312134	-119.297348
8329.985046	-119.474144
8330.657959	-119.653862
8331.330872	-120.100601
8332.003784	-119.511719
8332.676697	-118.656982
8333.349609	-119.551781
8334.022522	-118.321068
8334.695435	-118.994278
8335.368347	-120.607056
8336.041260	-119.005676
8336.714172	-119.090050
8337.387085	-119.057961
8338.059998	-119.111725
8338.732910	-119.374313
8339.405823	-118.952286
8340.078735	-119.834282
8340.751648	-119.003036
8341.424561	-119.382561
8342.097473	-119.251549
8342.770386	-118.655075
8343.443298	-120.479164
8344.116211	-120.094475
8344.789124	-119.479790
8345.462036	-118.446548
8346.134949	-118.786758
8346.807861	-119.146156
8347.480774	-119.451210
8348.153687	-119.369904
8348.826599	-119.369072
8349.499512	-119.337013
8350.172424	-118.852150
8350.845337	-119.405106
8351.518250	-120.624306
8352.191162	-120.098831
8352.864075	-120.631897
8353.536987	-119.447357
8354.209900	-119.206596
8354.882812	-119.792412
8355.555725	-119.524269
8356.228638	-120.206581
8356.901550	-119.743195
8357.574463	-118.369339
8358.247375	-119.689529
8358.920288	-119.612404
8359.593201	-119.439819
8360.266113	-119.770515
8360.939026	-119.938759
8361.611938	-119.672096
8362.284851	-118.422668
8362.957764	-118.770248
8363.630676	-118.321358
8364.303589	-118.467125
8364.976501	-119.049217
8365.649414	-118.733780
8366.322327	-118.571129
8366.995239	-121.055801
8367.668152	-120.883423
8368.341064	-120.574707
8369.013977	-121.161171
8369.686890	-119.685753
8370.359802	-119.146240
8371.032715	-119.979179
8371.705627	-119.836647
8372.378540	-118.971504
8373.051453	-119.882622
8373.724365	-120.008148
8374.397278	-119.578964
8375.070190	-117.823540
8375.743103	-117.209839
8376.416016	-118.486000
8377.088928	-119.759010
8377.761841	-120.812653
8378.434753	-119.144630
8379.107666	-119.271759
8379.780579	-119.646339
8380.453491	-120.159386
8381.126404	-119.167274
8381.799316	-118.311050
8382.472229	-119.287560
8383.145142	-118.847351
8383.818054	-118.694366
8384.490967	-120.072182
8385.163879	-120.551788
8385.836792	-119.094307
8386.509705	-119.688408
8387.182617	-119.601418
8387.855530	-118.794212
8388.528442	-118.207832
8389.201355	-118.314941
8389.874268	-118.915169
8390.547180	-119.980888
8391.220093	-118.555214
8391.893005	-119.387817
8392.565918	-120.250732
8393.238831	-119.121483
8393.911743	-119.695175
8394.584656	-119.435600
8395.257568	-118.923729
8395.930481	-118.293335
8396.603394	-119.101921
8397.276306	-118.846062
8397.949219	-120.078323
8398.622131	-119.905540
8399.295044	-119.184181
8399.967957	-118.701164
8400.640869	-119.092415
8401.313782	-119.086655
8401.986694	-117.916542
8402.659607	-117.848953
8403.332520	-118.174141
8404.005432	-118.479500
8404.678345	-118.654106
8405.351257	-118.944130
8406.024170	-118.809990
8406.697083	-118.678879
8407.369995	-119.226501
8408.042908	-119.354233
8408.715820	-118.433205
8409.388733	-118.987694
8410.061646	-118.639992
8410.734558	-119.674614
8411.407471	-120.792244
8412.080383	-120.033798
8412.753296	-120.207970
8413.426208	-119.227623
8414.099121	-119.397003
8414.772034	-119.280586
8415.444946	-119.869751
8416.117859	-119.371468
8416.790771	-118.992371
8417.463684	-119.735588
8418.136597	-120.229988
8418.809509	-118.801193
8419.482422	-118.033211
8420.155334	-118.979065
8420.828247	-119.748474
8421.501160	-119.256493
8422.174072	-119.188904
8422.846985	-119.786713
8423.519897	-119.626068
8424.192810	-118.686874
8424.865723	-120.365173
8425.538635	-120.093109
8426.211548	-119.468117
8426.884460	-118.662140
8427.557373	-120.195801
8428.230286	-120.123238
8428.903198	-119.409431
8429.576111	-120.493942
8430.249023	-119.910355
8430.921936	-118.827950
8431.594849	-119.677673
8432.267761	-120.366974
8432.940674	-119.206047
8433.613586	-118.745537
8434.286499	-119.416824
8434.959412	-119.239594
8435.632324	-119.411446
8436.305237	-119.822014
8436.978149	-119.341583
8437.651062	-117.697105
8438.323975	-118.367714
8438.996887	-119.627472
8439.669800	-120.350349
8440.342712	-119.280960
8441.015625	-118.563232
8441.688538	-118.395317
8442.361450	-118.993767
8443.034363	-119.325157
8443.707275	-119.582382
8444.380188	-119.277435
8445.053101	-118.760109
8445.726013	-119.649628
8446.398926	-119.554008
8447.071838	-118.720848
8447.744751	-119.082336
8448.417664	-119.514061
8449.090576	-120.619537
8449.763489	-119.594582
8450.436401	-118.602844
8451.109314	-119.737007
8451.782227	-118.987236
8452.455139	-119.180527
8453.128052	-118.884712
8453.800964	-118.826790
8454.473877	-119.156288
8455.146790	-119.148987
8455.819702	-118.577362
8456.492615	-117.633499
8457.165527	-119.750458
8457.838440	-120.225845
8458.511353	-118.656815
8459.184265	-118.366127
8459.857178	-118.280586
8460.530090	-119.977348
8461.203003	-120.095718
8461.875916	-118.417290
8462.548828	-118.699364
8463.221741	-119.065208
8463.894653	-119.241837
8464.567566	-120.218018
8465.240479	-120.062393
8465.913391	-119.882553
8466.586304	-119.357269
8467.259216	-120.037292
8467.932129	-120.622025
8468.605042	-119.441673
8469.277954	-118.801018
8469.950867	-118.875214
8470.623779	-118.873383
8471.296692	-119.184097
8471.969604	-118.985748
8472.642517	-119.899940
8473.315430	-118.896225
8473.988342	-117.883636
8474.661255	-118.227898
8475.334167	-118.530487
8476.007080	-117.750687
8476.679993	-118.612656
8477.352905	-119.236549
8478.025818	-119.639946
8478.698730	-120.516014
8479.371643	-119.861549
8480.044556	-119.918213
8480.717468	-118.739296
8481.390381	-118.377296
8482.063293	-119.222275
8482.736206	-119.243156
8483.409119	-119.162544
8484.082031	-119.647827
8484.754944	-119.260620
8485.427856	-118.790237
8486.100769	-118.657196
8486.773682	-118.252022
8487.446594	-119.653404
8488.119507	-120.098312
8488.792419	-119.567719
8489.465332	-118.778778
8490.138245	-119.538757
8490.811157	-118.204071
8491.484070	-118.800713
8492.156982	-120.958771
8492.829895	-119.280220
8493.502808	-118.334564
8494.175720	-119.363136
8494.848633	-118.257088
8495.521545	-118.522659
8496.194458	-118.549141
8496.867371	-118.060730
8497.540283	-118.940628
8498.213196	-119.367569
8498.886108	-119.295868
8499.559021	-120.108131
8500.231934	-119.201225
8500.904846	-118.228912
8501.577759	-118.239105
8502.250671	-118.924133
8502.923584	-119.115585
8503.596497	-118.301598
8504.269409	-118.858376
8504.942322	-119.917725
8505.615234	-118.826447
8506.288147	-118.886192
8506.961060	-118.899925
8507.633972	-119.032768
8508.306885	-119.460388
8508.979797	-119.890953
8509.652710	-119.468956
8510.325623	-119.422020
8510.998535	-119.648460
8511.671448	-120.349411
8512.344360	-119.300072
8513.017273	-118.356110
8513.690186	-118.096840
8514.363098	-119.109428
8515.036011	-120.091034
8515.708923	-119.392967
8516.381836	-119.778297
8517.054749	-119.632523
8517.727661	-119.311127
8518.400574	-118.168755
8519.073486	-117.469032
8519.746399	-119.355598
8520.419312	-118.738220
8521.092224	-118.768158
8521.765137	-119.076279
8522.438049	-119.414009
8523.110962	-119.580437
8523.783875	-119.209717
8524.456787	-118.613220
8525.129700	-118.107971
8525.802612	-119.040794
8526.475525	-119.196617
8527.148438	-118.498993
8527.821350	-118.647598
8528.494263	-118.998482
8529.167175	-119.774574
8529.840088	-119.446693
8530.513000	-117.925735
8531.185913	-118.674995
8531.858826	-119.336838
8532.531738	-118.745995
8533.204651	-117.833649
8533.877563	-119.226517
8534.550476	-121.018814
8535.223389	-120.587402
8535.896301	-118.098633
8536.569214	-119.255844
8537.242126	-119.767380
8537.915039	-119.108627
8538.587952	-118.673294
8539.260864	-118.650009
8539.933777	-118.596420
8540.606689	-118.601089
8541.279602	-118.813179
8541.952515	-118.732773
8542.625427	-119.435883
8543.298340	-119.368607
8543.971252	-119.868309
8544.644165	-120.268257
8545.317078	-119.054146
8545.989990	-118.657074
8546.662903	-118.830605
8547.335815	-117.844826
8548.008728	-118.990044
8548.681641	-118.972862
8549.354553	-118.571007
8550.027466	-118.516273
8550.700378	-119.324020
8551.373291	-118.535042
8552.046204	-118.338768
8552.719116	-118.333862
8553.392029	-119.686646
8554.064941	-120.391960
8554.737854	-118.823372
8555.410767	-118.763618
8556.083679	-119.125282
8556.756592	-119.636497
8557.429504	-118.972221
8558.102417	-119.841156
8558.775330	-120.201332
8559.448242	-119.240616
8560.121155	-119.775673
8560.794067	-120.031326
8561.466980	-119.808479
8562.139893	-119.515259
8562.812805	-117.831360
8563.485718	-119.380966
8564.158630	-120.230797
8564.831543	-117.338280
8565.504456	-117.873337
8566.177368	-119.180496
8566.850281	-119.220749
8567.523193	-119.103058
8568.196106	-119.662941
8568.869019	-119.392151
8569.541931	-119.416367
8570.214844	-118.707985
8570.887756	-118.598396
8571.560669	-119.137634
8572.233582	-118.822014
8572.906494	-118.959496
8573.579407	-119.087120
8574.252319	-118.496506
8574.925232	-119.431007
8575.598145	-119.240051
8576.271057	-117.736862
8576.943970	-117.983795
8577.616882	-119.262703
8578.289795	-119.777061
8578.962708	-119.345276
8579.635620	-119.868286
8580.308533	-119.499290
8580.981445	-119.411308
8581.654358	-118.526833
8582.327271	-118.211761
8583.000183	-118.709381
8583.673096	-119.249313
8584.346008	-119.221619
8585.018921	-118.669609
8585.691833	-118.979935
8586.364746	-119.942101
8587.037659	-119.672684
8587.710571	-119.085701
8588.383484	-118.819778
8589.056396	-118.445496
8589.729309	-119.752785
8590.402222	-120.326157
8591.075134	-121.000328
8591.748047	-119.545265
8592.420959	-117.740662
8593.093872	-117.938927
8593.766785	-118.521194
8594.439697	-119.021309
8595.112610	-119.947342
8595.785522	-119.786057
8596.458435	-119.115921
8597.131348	-119.612442
8597.804260	-118.784134
8598.477173	-118.865646
8599.150085	-120.847023
8599.822998	-120.022118
8600.495911	-119.330482
8601.168823	-119.169029
8601.841736	-118.711563
8602.514648	-118.124001
8603.187561	-118.184303
8603.860474	-119.989830
8604.533386	-119.911789
8605.206299	-119.979599
8605.879211	-118.753319
8606.552124	-118.266441
8607.225037	-119.596817
8607.897949	-119.930382
8608.570862	-118.859978
8609.243774	-119.285271
8609.916687	-119.589706
8610.589600	-118.633553
8611.262512	-119.931702
8611.935425	-119.692116
8612.608337	-119.797737
8613.281250	-119.538940
8613.954163	-119.183357
8614.627075	-118.873001
8615.299988	-118.962051
8615.972900	-119.100662
8616.645813	-118.578102
8617.318726	-118.693077
8617.991638	-118.905106
8618.664551	-119.500679
8619.337463	-119.080246
8620.010376	-118.475403
8620.683289	-120.769676
8621.356201	-121.051300
8622.029114	-120.805412
8622.702026	-119.360527
8623.374939	-119.958817
8624.047852	-118.716080
8624.720764	-119.118843
8625.393677	-119.538048
8626.066589	-119.833466
8626.739502	-119.582611
8627.412415	-119.335808
8628.085327	-120.022316
8628.758240	-118.734581
8629.431152	-118.850853
8630.104065	-119.915260
8630.776978	-118.668648
8631.449890	-119.129250
8632.122803	-118.500076
8632.795715	-119.038017
8633.468628	-119.564072
8634.141541	-118.679115
8634.814453	-119.333984
8635.487366	-118.741119
8636.160278	-117.637474
8636.833191	-117.804222
8637.506104	-116.979477
8638.179016	-117.645706
8638.851929	-119.086937
8639.524841	-119.240944
8640.197754	-118.842186
8640.870667	-118.222900
8641.543579	-120.416733
8642.216492	-120.141975
8642.889404	-119.474335
8643.562317	-119.545532
8644.235229	-118.641922
8644.908142	-118.614616
8645.581055	-118.921890
8646.253967	-118.960869
8646.926880	-119.759109
8647.599792	-119.821877
8648.272705	-119.381310
8648.945618	-119.404190
8649.618530	-118.909248
8650.291443	-118.922134
8650.964355	-119.237312
8651.637268	-119.265297
8652.310181	-120.520882
8652.983093	-122.291214
8653.656006	-121.779762
8654.328918	-120.315720
8655.001831	-119.276855
8655.674744	-117.658386
8656.347656	-117.504288
8657.020569	-118.764984
8657.693481	-118.015350
8658.366394	-118.610649
8659.039307	-119.089790
8659.712219	-119.394325
8660.385132	-119.178886
8661.058044	-118.632477
8661.730957	-119.442619
8662.403870	-119.162727
8663.076782	-117.575790
8663.749695	-117.737793
8664.422607	-117.944901
8665.095520	-118.275604
8665.768433	-119.859467
8666.441345	-120.195610
8667.114258	-121.142235
8667.787170	-120.835014
8668.460083	-119.221558
8669.132996	-119.362160
8669.805908	-118.347557
8670.478821	-118.127541
8671.151733	-117.792450
8671.824646	-119.476273
8672.497559	-119.755333
8673.170471	-118.043526
8673.843384	-118.225212
8674.516296	-118.873512
8675.189209	-119.438454
8675.862122	-119.031807
8676.535034	-121.203926
8677.207947	-120.014496
8677.880859	-119.995110
8678.553772	-119.662949
8679.226685	-118.795616
8679.899597	-118.111183
8680.572510	-119.275215
8681.245422	-119.422554
8681.918335	-120.098610
8682.591248	-118.423286
8683.264160	-118.635887
8683.937073	-119.916039
8684.609985	-119.656891
8685.282898	-118.841057
8685.955811	-117.789398
8686.628723	-117.707787
8687.301636	-118.431137
8687.974548	-117.660736
8688.647461	-118.627357
8689.320374	-118.710136
8689.993286	-117.881157
8690.666199	-118.086639
8691.339111	-118.927071
8692.012024	-120.494736
8692.684937	-120.039627
8693.357849	-118.938751
8694.030762	-118.821640
8694.703674	-119.983116
8695.376587	-118.291794
8696.049500	-117.483734
8696.722412	-117.825195
8697.395325	-117.759232
8698.068237	-118.380638
8698.741150	-118.908058
8699.414062	-119.011551
8700.086975	-118.414513
8700.759888	-118.056099
8701.432800	-119.063339
8702.105713	-118.336395
8702.778625	-118.821999
8703.451538	-119.116615
8704.124451	-119.016190
8704.797363	-118.700050
8705.470276	-117.972145
8706.143188	-119.748894
8706.816101	-118.155830
8707.489014	-118.310425
8708.161926	-118.783539
8708.834839	-118.243408
8709.507751	-118.612083
8710.180664	-119.956261
8710.853577	-119.010948
8711.526489	-119.580910
8712.199402	-118.027168
8712.872314	-118.366135
8713.545227	-119.251945
8714.218140	-119.979500
8714.891052	-120.037392
8715.563965	-118.716324
8716.236877	-118.416817
8716.909790	-118.450447
8717.582703	-117.346809
8718.255615	-117.612671
8718.928528	-116.992516
8719.601440	-118.184570
8720.274353	-118.170792
8720.947266	-118.330421
8721.620178	-118.959618
8722.293091	-119.337799
8722.966003	-119.632973
8723.638916	-119.436882
8724.311829	-118.739388
8724.984741	-120.245872
8725.657654	-120.028526
8726.330566	-119.360138
8727.003479	-119.068886
8727.676392	-119.675789
8728.349304	-119.119041
8729.022217	-119.404556
8729.695129	-119.225372
8730.368042	-119.845840
8731.040955	-119.995552
8731.713867	-119.747520
8732.386780	-118.993965
8733.059692	-118.439812
8733.732605	-118.688950
8734.405518	-119.361427
8735.078430	-118.980728
8735.751343	-118.652245
8736.424255	-119.591492
8737.097168	-120.199249
8737.770081	-120.090538
8738.442993	-119.973328
8739.115906	-119.278404
8739.788818	-119.755348
8740.461731	-119.314621
8741.134644	-118.939941
8741.807556	-119.601791
8742.480469	-117.716866
8743.153381	-118.082657
8743.826294	-118.648125
8744.499207	-119.655830
8745.172119	-120.499191
8745.845032	-120.068283
8746.517944	-117.925583
8747.190857	-117.019592
8747.863770	-118.168228
8748.536682	-117.755722
8749.209595	-118.207542
8749.882507	-119.121376
8750.555420	-118.422142
8751.228333	-118.005196
8751.901245	-118.889000
8752.574158	-119.515846
8753.247070	-119.205696
8753.919983	-119.921005
8754.592896	-119.084526
8755.265808	-117.892082
8755.938721	-118.320122
8756.611633	-118.710037
8757.284546	-118.736374
8757.957458	-119.172066
8758.630371	-119.637054
8759.303284	-119.877785
8759.976196	-120.233704
8760.649109	-119.783257
8761.322021	-118.214592
8761.994934	-119.148560
8762.667847	-119.141586
8763.340759	-119.047050
8764.013672	-118.470436
8764.686584	-118.929344
8765.359497	-119.846519
8766.032410	-119.312714
8766.705322	-119.311073
8767.378235	-119.331123
8768.051147	-118.529320
8768.724060	-118.119240
8769.396973	-118.470726
8770.069885	-119.190071
8770.742798	-118.807404
8771.415710	-119.698792
8772.088623	-118.499817
8772.761536	-118.401443
8773.434448	-118.824371
8774.107361	-117.938370
8774.780273	-118.060074
8775.453186	-119.227737
8776.126099	-118.430954
8776.799011	-118.628319
8777.471924	-118.964607
8778.144836	-119.364609
8778.817749	-119.561195
8779.490662	-119.041771
8780.163574	-119.959373
8780.836487	-119.745956
8781.509399	-118.782272
8782.182312	-119.173309
8782.855225	-119.338295
8783.528137	-118.276787
8784.201050	-117.359100
8784.873962	-117.862602
8785.546875	-119.034508
8786.219788	-118.803230
8786.892700	-118.032333
8787.565613	-117.165260
8788.238525	-117.492638
8788.911438	-118.242203
8789.584351	-118.386330
8790.257263	-118.357857
8790.930176	-119.055054
8791.603088	-119.523697
8792.276001	-118.183884
8792.948914	-119.431709
8793.621826	-119.907845
8794.294739	-118.969612
8794.967651	-118.538010
8795.640564	-119.243202
8796.313477	-118.421524
8796.986389	-119.751297
8797.659302	-119.404274
8798.332214	-118.627472
8799.005127	-118.523811
8799.678040	-119.222519
8800.350952	-120.021637
8801.023865	-119.192894
8801.696777	-118.967094
8802.369690	-119.032990
8803.042603	-119.753609
8803.715515	-119.525063
8804.388428	-118.675758
8805.061340	-119.409058
8805.734253	-119.089211
8806.407166	-119.726936
8807.080078	-118.753700
8807.752991	-118.386833
8808.425903	-117.681641
8809.098816	-118.061508
8809.771729	-118.587593
8810.444641	-119.739883
8811.117554	-119.964104
8811.790466	-120.632759
8812.463379	-119.890160
8813.136292	-118.237030
8813.809204	-117.864365
8814.482117	-118.775345
8815.155029	-117.957962
8815.827942	-117.588623
8816.500854	-119.072632
8817.173767	-119.142181
8817.846680	-119.494240
8818.519592	-119.954559
8819.192505	-119.109810
8819.865417	-117.824577
8820.538330	-118.663841
8821.211243	-118.764160
8821.884155	-118.934830
8822.557068	-118.990372
8823.229980	-118.747612
8823.902893	-118.446815
8824.575806	-118.225502
8825.248718	-118.423409
8825.921631	-119.017014
8826.594543	-117.879318
8827.267456	-118.682091
8827.940369	-118.783455
8828.613281	-119.976158
8829.286194	-119.871719
8829.959106	-118.245728
8830.632019	-118.705276
8831.304932	-119.451530
8831.977844	-119.942772
8832.650757	-118.568192
8833.323669	-118.891396
8833.996582	-119.070793
8834.669495	-118.469177
8835.342407	-118.327911
8836.015320	-118.447868
8836.688232	-118.887138
8837.361145	-119.767067
8838.034058	-119.954643
8838.706970	-118.664284
8839.379883	-118.277405
8840.052795	-119.128624
8840.725708	-117.318565
8841.398621	-117.429459
8842.071533	-119.510529
8842.744446	-118.950012
8843.417358	-118.623886
8844.090271	-119.323395
8844.763184	-118.837959
8845.436096	-118.995461
8846.109009	-118.679047
8846.781921	-117.987495
8847.454834	-118.512192
8848.127747	-118.308502
8848.800659	-119.531639
8849.473572	-120.132545
8850.146484	-118.842049
8850.819397	-119.398476
8851.492310	-120.277794
8852.165222	-119.811188
8852.838135	-118.375359
8853.511047	-118.376030
8854.183960	-119.887459
8854.856873	-120.148361
8855.529785	-120.467865
8856.202698	-119.070030
8856.875610	-118.830643
8857.548523	-119.561348
8858.221436	-119.184647
8858.894348	-118.572067
8859.567261	-118.219368
8860.240173	-118.611107
8860.913086	-118.635582
8861.585999	-118.120796
8862.258911	-118.376373
8862.931824	-118.967049
8863.604736	-118.642593
8864.277649	-119.876450
8864.950562	-119.463295
8865.623474	-119.114433
8866.296387	-119.015404
8866.969299	-118.896271
8867.642212	-118.933708
8868.315125	-118.366158
8868.988037	-118.393387
8869.660950	-118.828316
8870.333862	-119.711105
8871.006775	-119.906418
8871.679688	-117.841034
8872.352600	-118.094070
8873.025513	-119.085594
8873.698425	-119.221672
8874.371338	-118.028999
8875.044250	-117.657616
8875.717163	-118.555290
8876.390076	-119.804268
8877.062988	-120.163696
8877.735901	-120.444595
8878.408813	-118.249435
8879.081726	-118.699211
8879.754639	-120.486443
8880.427551	-119.403252
8881.100464	-118.808899
8881.773376	-118.494278
8882.446289	-118.392097
8883.119202	-120.187653
8883.792114	-119.993713
8884.465027	-119.812439
8885.137939	-118.759621
8885.810852	-120.264587
8886.483765	-119.210464
8887.156677	-119.020348
8887.829590	-119.251823
8888.502502	-118.698326
8889.175415	-118.852539
8889.848328	-119.604889
8890.521240	-120.596199
8891.194153	-119.566338
8891.867065	-119.041679
8892.539978	-118.087738
8893.212891	-117.774773
8893.885803	-118.528725
8894.558716	-118.897652
8895.231628	-118.474113
8895.904541	-117.591545
8896.577454	-117.733246
8897.250366	-117.550491
8897.923279	-118.573296
8898.596191	-118.598457
8899.269104	-118.070206
8899.942017	-119.384140
8900.614929	-119.183189
8901.287842	-119.375435
8901.960754	-119.249840
8902.633667	-117.714737
8903.306580	-119.102516
8903.979492	-119.434273
8904.652405	-119.503357
8905.325317	-119.105255
8905.998230	-117.964699
8906.671143	-118.833794
8907.344055	-119.672050
8908.016968	-119.615669
8908.689880	-120.125504
8909.362793	-119.809975
8910.035706	-118.530914
8910.708618	-117.466988
8911.381531	-116.432350
8912.054443	-118.238945
8912.727356	-118.871307
8913.400269	-118.048080
8914.073181	-118.762108
8914.746094	-119.056702
8915.419006	-120.193039
8916.091919	-120.089394
8916.764832	-118.586250
8917.437744	-119.178787
8918.110657	-119.221107
8918.783569	-117.715569
8919.456482	-117.909714
8920.129395	-118.450294
8920.802307	-117.963051
8921.475220	-116.713371
8922.148132	-115.932373
8922.821045	-117.592850
8923.493958	-118.884941
8924.166870	-119.508858
8924.839783	-118.953514
8925.512695	-117.423378
8926.185608	-117.875893
8926.858521	-118.431686
8927.531433	-117.598846
8928.204346	-118.480804
8928.877258	-119.817581
8929.550171	-118.482658
8930.223083	-118.432304
8930.895996	-119.452492
8931.568909	-118.428017
8932.241821	-118.402443
8932.914734	-119.914474
8933.587646	-120.691353
8934.260559	-119.610161
8934.933472	-118.561432
8935.606384	-117.538055
8936.279297	-118.513580
8936.952209	-117.971886
8937.625122	-117.184349
8938.298035	-117.928154
8938.970947	-117.254044
8939.643860	-117.977432
8940.316772	-117.811989
8940.989685	-116.739677
8941.662598	-117.089439
8942.335510	-117.253075
8943.008423	-116.680161
8943.681335	-116.062248
8944.354248	-116.193008
8945.027161	-118.907318
8945.700073	-117.629562
8946.372986	-117.314880
8947.045898	-117.857025
8947.718811	-118.719704
8948.391724	-118.829979
8949.064636	-119.141548
8949.737549	-120.506386
8950.410461	-119.289246
8951.083374	-117.484970
8951.756287	-117.975540
8952.429199	-118.477051
8953.102112	-119.093208
8953.775024	-119.328232
8954.447937	-118.969040
8955.120850	-118.499268
8955.793762	-119.224327
8956.466675	-119.235451
8957.139587	-118.007179
8957.812500	-117.750809
8958.485413	-118.765007
8959.158325	-119.034409
8959.831238	-118.114670
8960.504150	-117.556465
8961.177063	-118.047318
8961.849976	-118.630692
8962.522888	-118.849434
8963.195801	-118.424042
8963.868713	-118.798172
8964.541626	-118.592690
8965.214539	-119.057991
8965.887451	-119.736374
8966.560364	-119.077042
8967.233276	-118.704613
8967.906189	-118.871956
8968.579102	-118.715317
8969.252014	-119.188271
8969.924927	-120.981560
8970.597839	-119.431778
8971.270752	-117.549995
8971.943665	-117.425858
8972.616577	-118.659454
8973.289490	-118.278137
8973.962402	-117.763016
8974.635315	-117.888245
8975.308228	-119.015289
8975.981140	-118.637672
8976.654053	-118.603622
8977.326965	-119.765793
8977.999878	-119.438225
8978.672791	-120.001137
8979.345703	-118.916161
8980.018616	-119.363098
8980.691528	-119.539749
8981.364441	-119.137451
8982.037354	-117.825562
8982.710266	-118.658699
8983.383179	-118.537498
8984.056091	-118.416382
8984.729004	-117.853424
8985.401917	-118.209496
8986.074829	-118.550598
8986.747742	-117.722908
8987.420654	-118.745155
8988.093567	-118.601486
8988.766479	-118.623360
8989.439392	-119.755226
8990.112305	-119.840988
8990.785217	-118.766037
8991.458130	-118.285843
8992.131042	-118.560715
8992.803955	-119.361412
8993.476868	-119.573639
8994.149780	-118.467529
8994.822693	-118.631950
8995.495605	-117.913742
8996.168518	-117.036812
8996.841431	-119.270943
8997.514343	-118.673355
8998.187256	-118.016937
8998.860168	-118.752869
8999.533081	-118.371109
9000.205994	-117.828896
9000.878906	-117.922203
9001.551819	-117.930954
9002.224731	-117.875755
9002.897644	-118.002243
9003.570557	-120.029335
9004.243469	-119.835197
9004.916382	-119.190422
9005.589294	-119.724075
9006.262207	-119.107391
9006.935120	-118.117455
9007.608032	-117.199417
9008.280945	-116.986931
9008.953857	-117.758034
9009.626770	-118.565094
9010.299683	-118.942741
9010.972595	-120.165161
9011.645508	-120.199883
9012.318420	-119.891464
9012.991333	-119.283623
9013.664246	-118.621269
9014.337158	-119.380363
9015.010071	-119.471634
9015.682983	-119.811844
9016.355896	-119.037819
9017.028809	-118.969475
9017.701721	-118.660995
9018.374634	-117.689774
9019.047546	-118.109238
9019.720459	-117.992744
9020.393372	-119.122162
9021.066284	-120.349365
9021.739197	-119.024940
9022.412109	-119.582344
9023.085022	-118.509537
9023.757935	-118.172852
9024.430847	-117.623314
9025.103760	-119.163513
9025.776672	-119.480606
9026.449585	-118.869324
9027.122498	-118.734077
9027.795410	-118.323311
9028.468323	-117.750954
9029.141235	-116.912117
9029.814148	-116.337982
9030.487061	-117.253654
9031.159973	-117.527916
9031.832886	-116.937317
9032.505798	-118.254753
9033.178711	-118.944946
9033.851624	-117.280693
9034.524536	-118.199120
9035.197449	-118.943459
9035.870361	-119.650330
9036.543274	-118.942902
9037.216187	-118.262772
9037.889099	-118.628723
9038.562012	-118.441536
9039.234924	-118.137863
9039.907837	-118.424820
9040.580750	-118.670670
9041.253662	-119.470154
9041.926575	-118.400169
9042.599487	-117.910851
9043.272400	-118.820923
9043.945312	-118.557068
9044.618225	-117.918274
9045.291138	-118.869919
9045.964050	-119.251411
9046.636963	-119.461929
9047.309875	-120.427505
9047.982788	-119.491257
9048.655701	-119.650421
9049.328613	-120.078667
9050.001526	-118.189209
9050.674438	-117.656281
9051.347351	-119.064972
9052.020264	-119.279282
9052.693176	-119.143959
9053.366089	-119.551193
9054.039001	-118.442314
9054.711914	-118.015305
9055.384827	-118.282417
9056.057739	-118.957893
9056.730652	-118.357697
9057.403564	-119.122169
9058.076477	-118.527626
9058.749390	-117.565765
9059.422302	-119.282738
9060.095215	-119.252975
9060.768127	-118.364166
9061.441040	-120.475731
9062.113953	-120.695511
9062.786865	-118.774719
9063.459778	-117.902565
9064.132690	-118.886055
9064.805603	-118.916145
9065.478516	-119.378510
9066.151428	-119.926834
9066.824341	-118.896675
9067.497253	-117.455063
9068.170166	-118.716179
9068.843079	-120.115791
9069.515991	-119.146591
9070.188904	-118.126938
9070.861816	-118.425522
9071.534729	-118.804024
9072.207642	-119.352440
9072.880554	-118.862282
9073.553467	-117.671768
9074.226379	-117.931511
9074.899292	-118.519859
9075.572205	-119.920586
9076.245117	-118.492699
9076.918030	-118.064644
9077.590942	-118.282219
9078.263855	-118.941010
9078.936768	-119.714813
9079.609680	-119.134026
9080.282593	-118.095619
9080.955505	-118.517212
9081.628418	-118.338165
9082.301331	-118.800117
9082.974243	-118.493362
9083.647156	-118.276344
9084.320068	-118.443512
9084.992981	-118.498909
9085.665894	-118.690773
9086.338806	-118.555992
9087.011719	-118.499359
9087.684631	-117.425140
9088.357544	-117.593857
9089.030457	-117.899658
9089.703369	-119.156319
9090.376282	-119.068329
9091.049194	-117.962616
9091.722107	-118.646889
9092.395020	-118.329674
9093.067932	-118.627182
9093.740845	-118.646408
9094.413757	-119.152145
9095.086670	-119.927307
9095.759583	-118.470047
9096.432495	-118.476845
9097.105408	-118.319084
9097.778320	-118.051003
9098.451233	-118.706627
9099.124146	-118.237778
9099.797058	-118.865845
9100.469971	-119.517342
9101.142883	-119.812256
9101.815796	-119.400917
9102.488708	-119.752655
9103.161621	-119.610306
9103.834534	-119.359543
9104.507446	-119.180176
9105.180359	-119.578781
9105.853271	-118.886635
9106.526184	-117.675797
9107.199097	-118.658096
9107.872009	-118.702087
9108.544922	-119.226654
9109.217834	-118.085693
9109.890747	-119.293892
9110.563660	-118.218254
9111.236572	-118.615593
9111.909485	-118.974365
9112.582397	-118.283882
9113.255310	-118.743385
9113.928223	-120.019508
9114.601135	-118.346809
9115.274048	-117.777954
9115.946960	-118.229980
9116.619873	-118.817253
9117.292786	-119.155777
9117.965698	-118.972168
9118.638611	-119.387581
9119.311523	-117.802063
9119.984436	-118.196014
9120.657349	-117.870010
9121.330261	-117.511642
9122.003174	-117.545753
9122.676086	-117.618904
9123.348999	-118.089035
9124.021912	-118.367912
9124.694824	-119.157272
9125.367737	-117.922112
9126.040649	-118.312767
9126.713562	-118.131561
9127.386475	-119.252914
9128.059387	-117.706413
9128.732300	-117.792557
9129.405212	-119.015465
9130.078125	-118.047066
9130.751038	-118.356956
9131.423950	-119.775208
9132.096863	-118.519691
9132.769775	-118.100754
9133.442688	-119.216057
9134.115601	-120.048126
9134.788513	-117.097588
9135.461426	-116.604309
9136.134338	-118.114212
9136.807251	-118.934631
9137.480164	-117.796448
9138.153076	-118.722008
9138.825989	-118.897842
9139.498901	-118.628815
9140.171814	-119.844833
9140.844727	-119.286308
9141.517639	-117.581230
9142.190552	-117.914223
9142.863464	-118.346512
9143.536377	-118.569290
9144.209290	-120.109383
9144.882202	-118.591545
9145.555115	-118.127495
9146.228027	-118.474602
9146.900940	-118.891876
9147.573853	-119.040649
9148.246765	-120.093658
9148.919678	-119.711555
9149.592590	-119.839554
9150.265503	-118.496338
9150.938416	-116.276932
9151.611328	-117.189857
9152.284241	-117.874191
9152.957153	-118.360046
9153.630066	-119.463943
9154.302979	-120.109657
9154.975891	-117.835846
9155.648804	-118.930832
9156.321716	-117.801895
9156.994629	-117.424538
9157.667542	-118.811333
9158.340454	-119.622620
9159.013367	-120.826797
9159.686279	-119.746025
9160.359192	-118.945068
9161.032104	-119.771057
9161.705017	-118.714996
9162.377930	-119.165604
9163.050842	-120.153198
9163.723755	-119.174057
9164.396667	-118.923912
9165.069580	-118.656219
9165.742493	-118.708855
9166.415405	-118.380905
9167.088318	-118.377335
9167.761230	-118.407227
9168.434143	-118.955185
9169.107056	-119.659775
9169.779968	-119.923927
9170.452881	-119.494499
9171.125793	-118.234657
9171.798706	-118.035072
9172.471619	-118.347565
9173.144531	-119.013451
9173.817444	-118.537994
9174.490356	-119.269135
9175.163269	-118.943947
9175.836182	-118.797020
9176.509094	-118.995384
9177.182007	-118.257965
9177.854919	-119.172310
9178.527832	-120.314011
9179.200745	-119.629425
9179.873657	-118.639679
9180.546570	-118.787132
9181.219482	-119.857506
9181.892395	-119.395981
9182.565308	-119.826103
9183.238220	-119.336052
9183.911133	-118.809792
9184.584045	-119.771912
9185.256958	-119.276176
9185.929871	-119.987358
9186.602783	-118.954384
9187.275696	-117.955673
9187.948608	-120.165337
9188.621521	-118.374847
9189.294434	-117.809822
9189.967346	-118.894157
9190.640259	-119.152573
9191.313171	-119.097321
9191.986084	-119.914665
9192.658997	-119.720428
9193.331909	-119.237007
9194.004822	-118.684258
9194.677734	-118.025414
9195.350647	-119.354507
9196.023560	-119.331833
9196.696472	-118.792488
9197.369385	-118.364166
9198.042297	-118.937614
9198.715210	-118.987839
9199.388123	-118.487640
9200.061035	-118.503380
9200.733948	-118.641037
9201.406860	-118.810593
9202.079773	-119.239731
9202.752686	-118.160446
9203.425598	-117.640251
9204.098511	-118.584290
9204.771423	-120.008461
9205.444336	-119.041328
9206.117249	-119.606491
9206.790161	-118.306625
9207.463074	-119.521957
9208.135986	-118.529617
9208.808899	-118.763634
9209.481812	-118.808334
9210.154724	-118.425255
9210.827637	-118.770760
9211.500549	-118.553474
9212.173462	-118.991386
9212.846375	-118.445358
9213.519287	-117.476738
9214.192200	-118.062149
9214.865112	-118.981285
9215.538025	-118.730385
9216.210938	-117.960411
9216.883850	-117.741051
9217.556763	-117.766327
9218.229675	-117.825760
9218.902588	-117.876175
9219.575500	-119.714569
9220.248413	-119.710526
9220.921326	-118.707161
9221.594238	-119.044952
9222.267151	-118.884392
9222.940063	-118.453781
9223.612976	-119.494949
9224.285889	-120.062241
9224.958801	-118.673790
9225.631714	-118.166740
9226.304626	-118.404213
9226.977539	-118.761757
9227.650452	-119.378784
9228.323364	-119.415131
9228.996277	-118.533524
9229.669189	-120.077484
9230.342102	-119.777199
9231.015015	-117.893951
9231.687927	-117.954720
9232.360840	-118.942719
9233.033752	-118.281792
9233.706665	-119.003365
9234.379578	-118.977371
9235.052490	-117.344536
9235.725403	-117.734535
9236.398315	-118.928635
9237.071228	-119.500374
9237.744141	-119.640968
9238.417053	-120.597015
9239.089966	-118.822807
9239.762878	-118.234879
9240.435791	-117.710442
9241.108704	-117.943489
9241.781616	-117.991150
9242.454529	-118.344742
9243.127441	-117.604637
9243.800354	-117.985809
9244.473267	-119.740387
9245.146179	-117.821999
9245.819092	-118.617157
9246.492004	-120.191650
9247.164917	-119.754021
9247.837830	-118.739960
9248.510742	-118.437714
9249.183655	-119.407951
9249.856567	-119.315681
9250.529480	-117.869537
9251.202393	-118.385345
9251.875305	-117.913292
9252.548218	-116.864639
9253.221130	-117.992943
9253.894043	-118.587669
9254.566956	-120.012932
9255.239868	-118.032761
9255.912781	-117.406006
9256.585693	-119.187294
9257.258606	-118.628059
9257.931519	-117.205177
9258.604431	-118.433601
9259.277344	-119.257652
9259.950256	-118.768196
9260.623169	-119.657257
9261.296082	-118.247757
9261.968994	-118.454765
9262.641907	-119.479881
9263.314819	-119.761398
9263.987732	-118.124321
9264.660645	-118.065475
9265.333557	-117.934616
9266.006470	-118.483681
9266.679382	-119.290329
9267.352295	-119.398621
9268.025208	-119.501060
9268.698120	-119.889664
9269.371033	-119.673058
9270.043945	-119.073952
9270.716858	-119.663010
9271.389771	-118.428650
9272.062683	-118.462646
9272.735596	-118.622444
9273.408508	-117.875732
9274.081421	-118.798813
9274.754333	-120.176346
9275.427246	-119.489914
9276.100159	-118.947037
9276.773071	-118.147820
9277.445984	-117.837555
9278.118896	-118.969498
9278.791809	-117.929100
9279.464722	-118.500900
9280.137634	-120.165665
9280.810547	-119.911194
9281.483459	-118.757317
9282.156372	-118.254463
9282.829285	-117.761200
9283.502197	-118.576752
9284.175110	-118.242424
9284.848022	-117.755104
9285.520935	-117.969452
9286.193848	-118.947929
9286.866760	-119.089859
9287.539673	-118.727936
9288.212585	-118.091476
9288.885498	-117.768517
9289.558411	-117.524315
9290.231323	-118.328537
9290.904236	-118.541687
9291.577148	-119.054031
9292.250061	-119.747055
9292.922974	-118.615089
9293.595886	-119.029526
9294.268799	-118.511612
9294.941711	-117.912605
9295.614624	-118.583443
9296.287537	-118.590065
9296.960449	-119.541130
9297.633362	-118.429153
9298.306274	-118.075928
9298.979187	-118.215492
9299.652100	-119.696960
9300.325012	-119.133965
9300.997925	-118.317993
9301.670837	-118.782669
9302.343750	-118.832199
9303.016663	-118.677200
9303.689575	-118.499466
9304.362488	-119.471016
9305.035400	-119.461571
9305.708313	-118.180069
9306.381226	-119.071014
9307.054138	-118.799171
9307.727051	-118.913574
9308.399963	-119.369392
9309.072876	-119.634201
9309.745789	-119.034500
9310.418701	-119.235069
9311.091614	-117.756432
9311.764526	-118.147675
9312.437439	-118.111633
9313.110352	-118.589127
9313.783264	-118.627106
9314.456177	-118.796425
9315.129089	-120.292839
9315.802002	-119.717873
9316.474915	-119.569588
9317.147827	-119.741318
9317.820740	-118.872757
9318.493652	-118.887390
9319.166565	-119.352486
9319.839478	-119.870613
9320.512390	-117.698479
9321.185303	-118.385124
9321.858215	-119.133530
9322.531128	-118.321335
9323.204041	-117.075409
9323.876953	-118.071854
9324.549866	-119.387978
9325.222778	-120.352974
9325.895691	-119.050247
9326.568604	-119.263344
9327.241516	-118.716469
9327.914429	-118.622963
9328.587341	-118.651787
9329.260254	-119.337029
9329.933167	-119.369957
9330.606079	-118.573914
9331.278992	-117.750084
9331.951904	-117.455803
9332.624817	-117.898201
9333.297729	-117.925911
9333.970642	-117.948799
9334.643555	-118.048378
9335.316467	-118.917168
9335.989380	-118.433540
9336.662292	-118.173759
9337.335205	-117.902359
9338.008118	-118.447594
9338.681030	-118.351494
9339.353943	-118.683456
9340.026855	-118.132332
9340.699768	-116.841606
9341.372681	-117.927971
9342.045593	-120.251183
9342.718506	-119.193573
9343.391418	-120.071854
9344.064331	-119.764786
9344.737244	-118.179916
9345.410156	-117.699547
9346.083069	-118.258392
9346.755981	-118.416702
9347.428894	-118.614380
9348.101807	-118.972176
9348.774719	-118.548492
9349.447632	-118.525429
9350.120544	-119.444885
9350.793457	-118.271515
9351.466370	-118.644104
9352.139282	-117.762398
9352.812195	-118.267776
9353.485107	-117.731750
9354.158020	-117.290352
9354.830933	-118.115166
9355.503845	-116.647240
9356.176758	-117.168694
9356.849670	-117.786194
9357.522583	-117.627876
9358.195496	-118.603180
9358.868408	-118.364426
9359.541321	-118.738724
9360.214233	-118.799301
9360.887146	-119.153130
9361.560059	-118.822899
9362.232971	-118.738937
9362.905884	-118.270691
9363.578796	-118.428841
9364.251709	-119.111946
9364.924622	-118.569710
9365.597534	-118.289093
9366.270447	-117.625732
9366.943359	-118.855614
9367.616272	-119.907738
9368.289185	-118.969353
9368.962097	-118.681694
9369.635010	-118.375175
9370.307922	-118.038673
9370.980835	-118.584106
9371.653748	-119.330574
9372.326660	-119.330513
9372.999573	-118.828362
9373.672485	-117.859802
9374.345398	-118.056267
9375.018311	-118.165016
9375.691223	-119.422493
9376.364136	-118.894661
9377.037048	-118.592339
9377.709961	-118.616356
9378.382874	-118.297791
9379.055786	-117.865234
9379.728699	-118.297997
9380.401611	-117.998657
9381.074524	-118.716286
9381.747437	-119.152122
9382.420349	-118.591141
9383.093262	-119.521500
9383.766174	-118.493484
9384.439087	-118.456169
9385.112000	-118.662460
9385.784912	-120.247429
9386.457825	-119.686890
9387.130737	-119.125351
9387.803650	-118.162086
9388.476562	-119.229774
9389.149475	-118.594933
9389.822388	-117.781136
9390.495300	-119.086372
9391.168213	-118.907043
9391.841125	-118.558174
9392.514038	-119.472672
9393.186951	-119.467316
9393.859863	-117.572121
9394.532776	-118.685532
9395.205688	-118.685707
9395.878601	-118.973022
9396.551514	-119.691002
9397.224426	-118.471794
9397.897339	-118.518005
9398.570251	-118.392426
9399.243164	-117.683205
9399.916077	-117.722351
9400.588989	-118.054153
9401.261902	-117.870842
9401.934814	-116.852814
9402.607727	-117.919510
9403.280640	-118.438141
9403.953552	-119.217979
9404.626465	-119.496315
9405.299377	-118.773476
9405.972290	-118.758194
9406.645203	-118.498627
9407.318115	-119.146553
9407.991028	-119.410393
9408.663940	-119.095222
9409.336853	-120.273872
9410.009766	-119.869690
9410.682678	-119.006104
9411.355591	-118.453194
9412.028503	-119.397873
9412.701416	-118.616364
9413.374329	-118.040428
9414.047241	-118.809525
9414.720154	-118.005997
9415.393066	-118.308624
9416.065979	-118.854416
9416.738892	-119.359398
9417.411804	-119.028450
9418.084717	-118.136810
9418.757629	-118.134766
9419.430542	-119.066406
9420.103455	-119.498032
9420.776367	-119.208824
9421.449280	-118.634705
9422.122192	-118.708107
9422.795105	-118.626266
9423.468018	-118.356773
9424.140930	-118.687210
9424.813843	-118.749962
9425.486755	-118.040550
9426.159668	-116.808502
9426.832581	-117.213829
9427.505493	-118.595581
9428.178406	-118.539772
9428.851318	-118.140800
9429.524231	-119.261597
9430.197144	-118.754730
9430.870056	-119.471176
9431.542969	-118.509041
9432.215881	-118.013611
9432.888794	-119.980209
9433.561707	-120.608101
9434.234619	-118.549484
9434.907532	-119.371887
9435.580444	-119.716515
9436.253357	-118.267494
9436.926270	-117.448830
9437.599182	-117.575027
9438.272095	-117.721275
9438.945007	-118.361450
9439.617920	-119.406479
9440.290833	-118.849686
9440.963745	-118.121910
9441.636658	-119.111443
9442.309570	-119.110893
9442.982483	-117.732933
9443.655396	-117.572456
9444.328308	-118.526062
9445.001221	-117.627426
9445.674133	-118.153831
9446.347046	-119.142502
9447.019958	-119.219109
9447.692871	-119.304199
9448.365784	-117.672035
9449.038696	-117.297997
9449.711609	-118.410561
9450.384521	-119.300278
9451.057434	-118.808815
9451.730347	-118.122063
9452.403259	-117.667259
9453.076172	-117.815392
9453.749084	-117.764206
9454.421997	-117.666985
9455.094910	-118.871475
9455.767822	-118.834763
9456.440735	-118.574608
9457.113647	-118.277756
9457.786560	-118.424522
9458.459473	-118.423370
9459.132385	-118.629333
9459.805298	-118.771111
9460.478210	-118.660225
9461.151123	-119.846436
9461.824036	-120.218765
9462.496948	-120.248497
9463.169861	-120.037285
9463.842773	-118.967934
9464.515686	-118.668839
9465.188599	-118.653275
9465.861511	-119.240059
9466.534424	-118.753662
9467.207336	-119.054550
9467.880249	-118.383575
9468.553162	-119.115585
9469.226074	-119.909767
9469.898987	-118.537094
9470.571899	-118.399590
9471.244812	-118.540245
9471.917725	-118.742180
9472.590637	-118.836632
9473.263550	-118.895554
9473.936462	-118.352371
9474.609375	-118.081604
9475.282288	-119.003731
9475.955200	-118.290833
9476.628113	-118.137352
9477.301025	-117.958794
9477.973938	-118.489578
9478.646851	-118.475548
9479.319763	-118.810555
9479.992676	-119.510559
9480.665588	-119.406593
9481.338501	-119.132233
9482.011414	-117.984604
9482.684326	-118.897903
9483.357239	-118.680176
9484.030151	-117.864380
9484.703064	-117.778152
9485.375977	-117.900940
9486.048889	-119.122620
9486.721802	-118.208305
9487.394714	-118.184441
9488.067627	-120.117493
9488.740540	-119.220726
9489.413452	-118.268967
9490.086365	-119.138626
9490.759277	-119.389595
9491.432190	-120.009079
9492.105103	-119.168694
9492.778015	-118.320229
9493.450928	-119.052292
9494.123840	-118.446503
9494.796753	-117.574333
9495.469666	-117.323006
9496.142578	-118.122215
9496.815491	-119.428329
9497.488403	-118.455193
9498.161316	-118.450424
9498.834229	-117.881416
9499.507141	-118.154099
9500.180054	-119.332817
9500.852966	-120.569763
9501.525879	-118.708290
9502.198792	-118.046112
9502.871704	-118.135704
9503.544617	-118.122246
9504.217529	-118.277527
9504.890442	-118.077515
9505.563354	-117.531387
9506.236267	-117.557861
9506.909180	-118.123146
9507.582092	-118.831299
9508.255005	-120.020699
9508.927917	-120.003914
9509.600830	-118.386620
9510.273743	-117.802795
9510.946655	-117.639069
9511.619568	-118.199440
9512.292480	-118.626114
9512.965393	-118.771858
9513.638306	-119.258751
9514.311218	-120.223343
9514.984131	-120.241760
9515.657043	-119.539520
9516.329956	-119.281670
9517.002869	-120.029526
9517.675781	-118.300034
9518.348694	-118.829071
9519.021606	-118.544365
9519.694519	-118.980034
9520.367432	-119.861908
9521.040344	-118.794273
9521.713257	-118.106819
9522.386169	-118.293510
9523.059082	-118.829117
9523.731995	-119.651291
9524.404907	-119.408340
9525.077820	-119.416473
9525.750732	-119.583183
9526.423645	-120.557732
9527.096558	-117.907501
9527.769470	-118.715424
9528.442383	-120.009171
9529.115295	-119.409592
9529.788208	-117.857155
9530.461121	-117.390350
9531.134033	-117.623970
9531.806946	-118.929619
9532.479858	-119.366997
9533.152771	-118.720627
9533.825684	-118.809296
9534.498596	-119.730240
9535.171509	-118.482918
9535.844421	-118.226311
9536.517334	-118.470413
9537.190247	-118.768684
9537.863159	-117.671089
9538.536072	-118.264137
9539.208984	-117.641991
9539.881897	-117.728836
9540.554810	-118.893433
9541.227722	-117.709259
9541.900635	-117.617859
9542.573547	-118.379448
9543.246460	-118.486778
9543.919373	-119.739418
9544.592285	-119.372299
9545.265198	-119.497726
9545.938110	-118.935608
9546.611023	-118.733330
9547.283936	-118.040215
9547.956848	-118.771553
9548.629761	-117.915947
9549.302673	-118.234528
9549.975586	-119.008507
9550.648499	-119.834816
9551.321411	-118.611145
9551.994324	-117.637039
9552.667236	-118.163330
9553.340149	-119.149689
9554.013062	-118.756287
9554.685974	-118.962418
9555.358887	-118.662971
9556.031799	-118.229607
9556.704712	-118.907822
9557.377625	-118.660866
9558.050537	-118.075218
9558.723450	-118.366226
9559.396362	-118.061699
9560.069275	-117.232498
9560.742188	-117.914291
9561.415100	-118.270714
9562.088013	-117.733253
9562.760925	-119.233887
9563.433838	-118.631325
9564.106750	-120.132027
9564.779663	-118.529121
9565.452576	-118.105583
9566.125488	-118.273026
9566.798401	-117.810715
9567.471313	-119.376068
9568.144226	-120.163963
9568.817139	-119.196030
9569.490051	-118.715874
9570.162964	-119.092873
9570.835876	-118.847610
9571.508789	-118.329773
9572.181702	-118.159164
9572.854614	-117.706741
9573.527527	-117.212730
9574.200439	-117.997955
9574.873352	-118.048424
9575.546265	-119.311592
9576.219177	-118.997398
9576.892090	-118.674675
9577.565002	-119.211075
9578.237915	-119.583542
9578.910828	-118.168106
9579.583740	-117.407013
9580.256653	-117.346329
9580.929565	-118.670937
9581.602478	-118.407265
9582.275391	-118.648453
9582.948303	-117.206673
9583.621216	-117.191528
9584.294128	-119.153725
9584.967041	-119.589218
9585.639954	-118.268875
9586.312866	-118.146751
9586.985779	-118.829720
9587.658691	-118.298622
9588.331604	-119.219208
9589.004517	-119.300850
9589.677429	-118.872726
9590.350342	-118.826775
9591.023254	-118.910004
9591.696167	-117.466965
9592.369080	-117.679192
9593.041992	-118.572456
9593.714905	-119.579834
9594.387817	-119.239120
9595.060730	-117.927605
9595.733643	-117.777237
9596.406555	-119.297333
9597.079468	-119.386871
9597.752380	-119.182838
9598.425293	-118.736382
9599.098206	-117.814415
9599.771118	-118.626152
9600.444031	-119.006218
9601.116943	-118.974808
9601.789856	-118.316742
9602.462769	-118.989983
9603.135681	-119.629906
9603.808594	-119.379250
9604.481506	-118.237793
9605.154419	-118.665474
9605.827332	-117.842751
9606.500244	-118.520966
9607.173157	-118.566162
9607.846069	-118.028687
9608.518982	-118.492287
9609.191895	-117.581093
9609.864807	-117.971092
9610.537720	-118.528763
9611.210632	-119.140663
9611.883545	-119.024170
9612.556458	-118.873833
9613.229370	-117.734650
9613.902283	-116.782120
9614.575195	-117.399101
9615.248108	-118.588562
9615.921021	-118.408859
9616.593933	-119.270317
9617.266846	-118.959503
9617.939758	-118.726532
9618.612671	-118.447052
9619.285583	-118.124352
9619.958496	-119.033699
9620.631409	-119.727348
9621.304321	-118.676796
9621.977234	-118.721924
9622.650146	-118.786987
9623.323059	-118.039169
9623.995972	-118.354668
9624.668884	-118.515160
9625.341797	-118.492805
9626.014709	-119.367821
9626.687622	-119.498375
9627.360535	-119.646355
9628.033447	-119.048195
9628.706360	-119.020927
9629.379272	-118.417130
9630.052185	-118.941879
9630.725098	-119.525604
9631.398010	-119.697014
9632.070923	-119.705551
9632.743835	-118.524605
9633.416748	-118.620140
9634.089661	-118.389206
9634.762573	-118.562691
9635.435486	-119.191887
9636.108398	-118.693291
9636.781311	-118.222672
9637.454224	-118.148285
9638.127136	-117.840828
9638.800049	-118.732681
9639.472961	-119.060959
9640.145874	-118.940697
9640.818787	-119.248344
9641.491699	-118.784714
9642.164612	-118.652390
9642.837524	-119.488739
9643.510437	-118.573059
9644.183350	-117.871185
9644.856262	-118.002129
9645.529175	-118.624107
9646.202087	-118.069298
9646.875000	-118.464050
9647.547913	-118.631477
9648.220825	-118.911743
9648.893738	-118.288132
9649.566650	-117.952271
9650.239563	-118.619102
9650.912476	-118.439850
9651.585388	-118.627411
9652.258301	-118.232437
9652.931213	-119.039055
9653.604126	-119.980988
9654.277039	-118.880722
9654.949951	-118.388397
9655.622864	-117.930000
9656.295776	-119.628090
9656.968689	-120.013390
9657.641602	-119.392868
9658.314514	-118.260284
9658.987427	-119.077156
9659.660339	-118.228210
9660.333252	-118.617195
9661.006165	-118.516495
9661.679077	-118.832596
9662.351990	-119.410248
9663.024902	-118.905441
9663.697815	-118.500778
9664.370728	-119.019333
9665.043640	-119.446190
9665.716553	-119.651756
9666.389465	-120.047539
9667.062378	-117.802650
9667.735291	-118.560417
9668.408203	-119.809830
9669.081116	-118.767815
9669.754028	-119.741699
9670.426941	-120.525002
9671.099854	-119.070938
9671.772766	-117.823639
9672.445679	-117.111778
9673.118591	-118.894669
9673.791504	-119.919769
9674.464417	-118.172264
9675.137329	-117.725090
9675.810242	-119.533150
9676.483154	-120.409988
9677.156067	-118.771973
9677.828979	-118.618462
9678.501892	-118.897888
9679.174805	-118.234055
9679.847717	-117.337685
9680.520630	-117.811134
9681.193542	-118.755882
9681.866455	-118.812164
9682.539368	-118.231804
9683.212280	-118.690598
9683.885193	-119.127495
9684.558105	-119.009125
9685.231018	-119.610512
9685.903931	-119.076385
9686.576843	-119.338280
9687.249756	-119.906792
9687.922668	-117.859451
9688.595581	-117.235443
9689.268494	-117.612541
9689.941406	-117.761261
9690.614319	-117.603149
9691.287231	-117.758934
9691.960144	-118.727577
9692.633057	-119.174980
9693.305969	-118.729675
9693.978882	-119.329208
9694.651794	-118.943832
9695.324707	-118.419922
9695.997620	-118.460129
9696.670532	-119.507721
9697.343445	-120.544312
9698.016357	-119.823997
9698.689270	-120.325188
9699.362183	-119.791176
9700.035095	-119.223732
9700.708008	-119.554794
9701.380920	-118.116440
9702.053833	-119.559395
9702.726746	-118.918999
9703.399658	-118.885483
9704.072571	-118.640167
9704.745483	-119.471733
9705.418396	-118.218376
9706.091309	-118.023026
9706.764221	-119.291649
9707.437134	-119.625557
9708.110046	-119.012032
9708.782959	-119.006798
9709.455872	-118.483078
9710.128784	-117.996719
9710.801697	-119.488884
9711.474609	-120.352638
9712.147522	-120.900955
9712.820435	-118.153008
9713.493347	-117.458984
9714.166260	-117.872498
9714.839172	-119.347778
9715.512085	-118.639694
9716.184998	-117.960976
9716.857910	-119.322311
9717.530823	-118.671432
9718.203735	-117.095039
9718.876648	-118.064926
9719.549561	-117.681961
9720.222473	-117.915573
9720.895386	-118.250999
9721.568298	-118.351471
9722.241211	-119.198235
9722.914124	-119.084007
9723.587036	-120.087273
9724.259949	-118.192070
9724.932861	-117.795029
9725.605774	-118.605621
9726.278687	-118.732491
9726.951599	-119.075401
9727.624512	-117.714325
9728.297424	-118.431969
9728.970337	-118.744820
9729.643250	-119.000404
9730.316162	-118.921577
9730.989075	-117.937790
9731.661987	-118.807594
9732.334900	-118.942780
9733.007812	-118.190376
9733.680725	-118.746208
9734.353638	-117.198776
9735.026550	-118.677727
9735.699463	-119.473763
9736.372375	-120.229958
9737.045288	-120.124702
9737.718201	-119.045486
9738.391113	-118.695206
9739.064026	-119.391632
9739.736938	-119.111748
9740.409851	-120.160156
9741.082764	-120.239922
9741.755676	-119.639473
9742.428589	-119.359734
9743.101501	-119.872620
9743.774414	-119.349281
9744.447327	-119.879639
9745.120239	-119.286774
9745.793152	-118.618172
9746.466064	-120.450104
9747.138977	-120.390678
9747.811890	-118.553688
9748.484802	-117.703018
9749.157715	-119.461876
9749.830627	-119.323441
9750.503540	-117.942398
9751.176453	-118.729599
9751.849365	-118.762703
9752.522278	-119.181091
9753.195190	-118.921432
9753.868103	-119.190323
9754.541016	-119.920647
9755.213928	-119.773537
9755.886841	-120.211403
9756.559753	-120.095650
9757.232666	-118.581383
9757.905579	-118.177856
9758.578491	-118.580650
9759.251404	-118.327888
9759.924316	-118.836288
9760.597229	-118.902306
9761.270142	-119.433838
9761.943054	-118.658981
9762.615967	-118.425095
9763.288879	-118.939148
9763.961792	-118.519218
9764.634705	-117.976433
9765.307617	-118.203194
9765.980530	-120.241043
9766.653442	-120.422279
9767.326355	-119.127029
9767.999268	-118.262604
9768.672180	-119.068901
9769.345093	-118.786087
9770.018005	-118.816559
9770.690918	-119.493301
9771.363831	-119.117958
9772.036743	-119.252930
9772.709656	-119.285332
9773.382568	-118.947212
9774.055481	-118.674095
9774.728394	-118.176994
9775.401306	-117.686241
9776.074219	-118.258240
9776.747131	-119.151459
9777.420044	-119.843361
9778.092957	-119.433723
9778.765869	-118.608398
9779.438782	-118.022865
9780.111694	-118.329018
9780.784607	-119.179482
9781.457520	-119.535843
9782.130432	-119.190041
9782.803345	-118.359756
9783.476257	-118.885063
9784.149170	-118.725922
9784.822083	-117.899002
9785.494995	-118.455544
9786.167908	-118.594810
9786.840820	-119.326683
9787.513733	-119.021362
9788.186646	-117.737679
9788.859558	-118.411789
9789.532471	-119.473663
9790.205383	-118.970459
9790.878296	-119.318840
9791.551208	-119.269791
9792.224121	-118.762184
9792.897034	-119.263947
9793.569946	-119.321510
9794.242859	-119.110962
9794.915771	-118.973358
9795.588684	-118.649696
9796.261597	-120.251663
9796.934509	-118.484009
9797.607422	-117.793076
9798.280334	-119.858704
9798.953247	-120.296638
9799.626160	-119.931213
9800.299072	-118.417847
9800.971985	-119.538681
9801.644897	-120.194366
9802.317810	-119.761757
9802.990723	-119.145340
9803.663635	-119.223740
9804.336548	-117.751457
9805.009460	-119.405014
9805.682373	-119.203964
9806.355286	-118.284744
9807.028198	-117.716171
9807.701111	-117.915092
9808.374023	-118.185936
9809.046936	-117.600700
9809.719849	-118.788452
9810.392761	-118.519539
9811.065674	-118.203560
9811.738586	-118.825729
9812.411499	-119.305679
9813.084412	-119.779915
9813.757324	-117.873108
9814.430237	-117.923973
9815.103149	-119.304550
9815.776062	-120.003952
9816.448975	-119.820160
9817.121887	-120.278419
9817.794800	-118.679314
9818.467712	-118.304939
9819.140625	-117.703941
9819.813538	-117.833488
9820.486450	-118.262047
9821.159363	-119.027428
9821.832275	-120.005676
9822.505188	-119.638634
9823.178101	-119.208542
9823.851013	-119.248116
9824.523926	-119.466270
9825.196838	-117.505409
9825.869751	-118.072166
9826.542664	-117.897346
9827.215576	-119.059349
9827.888489	-118.610641
9828.561401	-119.032288
9829.234314	-119.386772
9829.907227	-118.888947
9830.580139	-119.147301
9831.253052	-118.809280
9831.925964	-120.056610
9832.598877	-119.123032
9833.271790	-118.477531
9833.944702	-118.859520
9834.617615	-119.128212
9835.290527	-119.489525
9835.963440	-120.327621
9836.636353	-118.693520
9837.309265	-119.049553
9837.982178	-120.410004
9838.655090	-119.096619
9839.328003	-119.273972
9840.000916	-119.239182
9840.673828	-118.562004
9841.346741	-119.713089
9842.019653	-120.564598
9842.692566	-118.853088
9843.365479	-117.646194
9844.038391	-117.836433
9844.711304	-118.641685
9845.384216	-120.166313
9846.057129	-119.828003
9846.730042	-117.726067
9847.402954	-118.733772
9848.075867	-119.498672
9848.748779	-119.620895
9849.421692	-118.901802
9850.094604	-119.057625
9850.767517	-119.634415
9851.440430	-119.085449
9852.113342	-119.159477
9852.786255	-119.488205
9853.459167	-119.752243
9854.132080	-119.019142
9854.804993	-119.199959
9855.477905	-120.390625
9856.150818	-119.782616
9856.823730	-118.967834
9857.496643	-118.311501
9858.169556	-119.705849
9858.842468	-120.119194
9859.515381	-118.726921
9860.188293	-118.340981
9860.861206	-119.365265
9861.534119	-119.885689
9862.207031	-119.977554
9862.879944	-118.715576
9863.552856	-118.732391
9864.225769	-119.187950
9864.898682	-118.987434
9865.571594	-119.221275
9866.244507	-120.188866
9866.917419	-119.033531
9867.590332	-118.912437
9868.263245	-118.157394
9868.936157	-118.170570
9869.609070	-119.549889
9870.281982	-120.325073
9870.954895	-120.053040
9871.627808	-118.843193
9872.300720	-119.727516
9872.973633	-119.803665
9873.646545	-118.533951
9874.319458	-118.981812
9874.992371	-119.206940
9875.665283	-118.620155
9876.338196	-119.115143
9877.011108	-120.324219
9877.684021	-119.142548
9878.356934	-119.399094
9879.029846	-118.546570
9879.702759	-118.431953
9880.375671	-120.007362
9881.048584	-119.008064
9881.721497	-119.599442
9882.394409	-119.046440
9883.067322	-118.581406
9883.740234	-118.289078
9884.413147	-118.996948
9885.086060	-119.560707
9885.758972	-120.042320
9886.431885	-118.909874
9887.104797	-120.177895
9887.777710	-118.997505
9888.450623	-119.092171
9889.123535	-119.293167
9889.796448	-118.108566
9890.469360	-118.279778
9891.142273	-119.328430
9891.815186	-119.432693
9892.488098	-118.522858
9893.161011	-118.143127
9893.833923	-118.485313
9894.506836	-119.090210
9895.179749	-119.150894
9895.852661	-118.934235
9896.525574	-120.657471
9897.198486	-120.048943
9897.871399	-119.405151
9898.544312	-118.864571
9899.217224	-119.655579
9899.890137	-118.781235
9900.563049	-117.956505
9901.235962	-119.445236
9901.908875	-119.225647
9902.581787	-119.363625
9903.254700	-119.085861
9903.927612	-118.991875
9904.600525	-119.367386
9905.273438	-121.013031
9905.946350	-120.853271
9906.619263	-118.655579
9907.292175	-117.578743
9907.965088	-117.547295
9908.638000	-118.683502
9909.310913	-118.427628
9909.983826	-117.679710
9910.656738	-117.981117
9911.329651	-119.079414
9912.002563	-119.796478
9912.675476	-119.319366
9913.348389	-119.097038
9914.021301	-118.313171
9914.694214	-117.739853
9915.367126	-117.520889
9916.040039	-118.471893
9916.712952	-119.955566
9917.385864	-118.570755
9918.058777	-117.879501
9918.731689	-118.756210
9919.404602	-119.707870
9920.077515	-119.427109
9920.750427	-119.571350
9921.423340	-119.076736
9922.096252	-119.940300
9922.769165	-119.978233
9923.442078	-119.538574
9924.114990	-119.378761
9924.787903	-119.241875
9925.460815	-119.469162
9926.133728	-119.585426
9926.806641	-119.924767
9927.479553	-120.408852
9928.152466	-120.712967
9928.825378	-119.169556
9929.498291	-119.142487
9930.171204	-120.332870
9930.844116	-120.455490
9931.517029	-119.248055
9932.189941	-117.639336
9932.862854	-119.013718
9933.535767	-121.318802
9934.208679	-120.290268
9934.881592	-119.797615
9935.554504	-121.038574
9936.227417	-122.336494
9936.900330	-119.660583
9937.573242	-119.875488
9938.246155	-120.745346
9938.919067	-120.236191
9939.591980	-119.751274
9940.264893	-119.707062
9940.937805	-118.995590
9941.610718	-119.646271
9942.283630	-119.983055
9942.956543	-119.394020
9943.629456	-119.596413
9944.302368	-120.988411
9944.975281	-120.377548
9945.648193	-119.532532
9946.321106	-120.160934
9946.994019	-120.626373
9947.666931	-119.734001
9948.339844	-118.947121
9949.012756	-118.074493
9949.685669	-118.894333
9950.358582	-119.797813
9951.031494	-118.764999
9951.704407	-119.259567
9952.377319	-120.026276
9953.050232	-119.499313
9953.723145	-118.450989
9954.396057	-119.578300
9955.068970	-120.041138
9955.741882	-120.147049
9956.414795	-118.007393
9957.087708	-117.801041
9957.760620	-118.594505
9958.433533	-118.476646
9959.106445	-118.951927
9959.779358	-119.613190
9960.452271	-120.631676
9961.125183	-119.440971
9961.798096	-118.482315
9962.471008	-118.108246
9963.143921	-119.440331
9963.816833	-120.193062
9964.489746	-119.472458
9965.162659	-120.638802
9965.835571	-119.907135
9966.508484	-119.790817
9967.181396	-121.044624
9967.854309	-121.926094
9968.527222	-120.938889
9969.200134	-120.117462
9969.873047	-119.772316
9970.545959	-120.501503
9971.218872	-119.644814
9971.891785	-119.974297
9972.564697	-118.371483
9973.237610	-118.743019
9973.910522	-120.648209
9974.583435	-119.559441
9975.256348	-120.162575
9975.929260	-119.380035
9976.602173	-118.660172
9977.275085	-119.869240
9977.947998	-120.676369
9978.620911	-119.497429
9979.293823	-117.995132
9979.966736	-119.691566
9980.639648	-119.664185
9981.312561	-118.898697
9981.985474	-118.623550
9982.658386	-118.107010
9983.331299	-118.417877
9984.004211	-118.961372
9984.677124	-119.971329
9985.350037	-120.069702
9986.022949	-120.103500
9986.695862	-120.379395
9987.368774	-119.294388
9988.041687	-119.046204
9988.714600	-120.039055
9989.387512	-119.002754
9990.060425	-118.942482
9990.733337	-120.305710
9991.406250	-120.260979
9992.079163	-118.992493
9992.752075	-119.811066
9993.424988	-119.783554
9994.097900	-120.065048
9994.770813	-118.958603
9995.443726	-119.765816
9996.116638	-120.284988
9996.789551	-119.032501
9997.462463	-119.737556
9998.135376	-119.732651
9998.808289	-119.530281
9999.481201	-118.854309
10000.154114	-120.388916
10000.827026	-120.285194
10001.499939	-119.100891
10002.172852	-118.768456
10002.845764	-119.264465
10003.518677	-118.900711
10004.191589	-119.554207
10004.864502	-118.923729
10005.537415	-118.997192
10006.210327	-120.295662
10006.883240	-120.745956
10007.556152	-120.257126
10008.229065	-120.187073
10008.901978	-118.805611
10009.574890	-120.151009
10010.247803	-120.245956
10010.920715	-118.463684
10011.593628	-119.195686
10012.266541	-120.534401
10012.939453	-120.802139
10013.612366	-119.576866
10014.285278	-119.506729
10014.958191	-119.990852
10015.631104	-119.570190
10016.304016	-119.418144
10016.976929	-118.892746
10017.649841	-118.831940
10018.322754	-119.377884
10018.995667	-119.083733
10019.668579	-119.643242
10020.341492	-119.798813
10021.014404	-119.922432
10021.687317	-119.604393
10022.360229	-119.288719
10023.033142	-119.762131
10023.706055	-119.656219
10024.378967	-118.839043
10025.051880	-119.640198
10025.724792	-120.131943
10026.397705	-119.397148
10027.070618	-119.527946
10027.743530	-120.475143
10028.416443	-121.053955
10029.089355	-121.183296
10029.762268	-120.083076
10030.435181	-118.936615
10031.108093	-119.210503
10031.781006	-119.774406
10032.453918	-119.964241
10033.126831	-121.182373
10033.799744	-120.788574
10034.472656	-120.995361
10035.145569	-120.779160
10035.818481	-119.411438
10036.491394	-120.422585
10037.164307	-121.301094
10037.837219	-121.598320
10038.510132	-122.285622
10039.183044	-120.167641
10039.855957	-119.624184
10040.528870	-120.078491
10041.201782	-121.130592
10041.874695	-119.400826
10042.547607	-119.956795
10043.220520	-120.900375
10043.893433	-120.252228
10044.566345	-121.377411
10045.239258	-119.174263
10045.912170	-118.749413
10046.585083	-118.983269
10047.257996	-119.386772
10047.930908	-120.083458
10048.603821	-119.562798
10049.276733	-118.808487
10049.949646	-119.678764
10050.622559	-119.986984
10051.295471	-120.009613
10051.968384	-120.207680
10052.641296	-120.393387
10053.314209	-120.977974
10053.987122	-120.873245
10054.660034	-120.382515
10055.332947	-120.129715
10056.005859	-119.378647
10056.678772	-119.825546
10057.351685	-120.555359
10058.024597	-120.436905
10058.697510	-119.525749
10059.370422	-119.198502
10060.043335	-118.999001
10060.716248	-119.205315
10061.389160	-119.792313
10062.062073	-118.979385
10062.734985	-119.121727
10063.407898	-119.353256
10064.080811	-118.908073
10064.753723	-118.212685
10065.426636	-118.477211
10066.099548	-118.617088
10066.772461	-120.057533
10067.445374	-120.442825
10068.118286	-119.130859
10068.791199	-119.949303
10069.464111	-120.610611
10070.137024	-121.248428
10070.809937	-120.909576
10071.482849	-119.657356
10072.155762	-119.723427
10072.828674	-119.779633
10073.501587	-120.045784
10074.174500	-120.080566
10074.847412	-119.280678
10075.520325	-119.932938
10076.193237	-119.484200
10076.866150	-119.126534
10077.539062	-118.130585
10078.211975	-118.930656
10078.884888	-119.261673
10079.557800	-120.496452
10080.230713	-120.903229
10080.903625	-120.215698
10081.576538	-119.811920
10082.249451	-119.791862
10082.922363	-119.585411
10083.595276	-119.727852
10084.268188	-120.895973
10084.941101	-121.223763
10085.614014	-119.848022
10086.286926	-118.248001
10086.959839	-118.710060
10087.632751	-119.344261
10088.305664	-120.118256
10088.978577	-119.184059
10089.651489	-120.421570
10090.324402	-121.340569
10090.997314	-120.754265
10091.670227	-120.776039
10092.343140	-119.271011
10093.016052	-119.222755
10093.688965	-119.986366
10094.361877	-120.305260
10095.034790	-120.307678
10095.707703	-119.636818
10096.380615	-119.013649
10097.053528	-118.302681
10097.726440	-118.694626
10098.399353	-119.379745
10099.072266	-118.254227
10099.745178	-119.989105
10100.418091	-119.966637
10101.091003	-119.476570
10101.763916	-120.314125
10102.436829	-121.361450
10103.109741	-120.331200
10103.782654	-120.167152
10104.455566	-122.265404
10105.128479	-121.359581
10105.801392	-119.975975
10106.474304	-120.176125
10107.147217	-119.955315
10107.820129	-119.019501
10108.493042	-118.784836
10109.165955	-119.447815
10109.838867	-119.727470
10110.511780	-119.828529
10111.184692	-118.878418
10111.857605	-118.462921
10112.530518	-118.731201
10113.203430	-119.191872
10113.876343	-119.908134
10114.549255	-118.734421
10115.222168	-118.964005
10115.895081	-119.575485
10116.567993	-119.504280
10117.240906	-119.397942
10117.913818	-120.085922
10118.586731	-121.171875
10119.259644	-119.709961
10119.932556	-119.605637
10120.605469	-120.099251
10121.278381	-121.337601
10121.951294	-120.647545
10122.624207	-120.012131
10123.297119	-120.411476
10123.970032	-121.561729
10124.642944	-120.491608
10125.315857	-120.504585
10125.988770	-120.422585
10126.661682	-120.166718
10127.334595	-120.811607
10128.007507	-120.681900
10128.680420	-120.502205
10129.353333	-119.395935
10130.026245	-120.232185
10130.699158	-120.091133
10131.372070	-119.478142
10132.044983	-118.946709
10132.717896	-119.437210
10133.390808	-121.462662
10134.063721	-119.992043
10134.736633	-118.870216
10135.409546	-119.924965
10136.082458	-120.123558
10136.755371	-120.331726
10137.428284	-120.943947
10138.101196	-121.067932
10138.774109	-120.564079
10139.447021	-119.180321
10140.119934	-120.481483
10140.792847	-120.490891
10141.465759	-120.696640
10142.138672	-121.551430
10142.811584	-120.705772
10143.484497	-120.352211
10144.157410	-119.387459
10144.830322	-120.554443
10145.503235	-119.849571
10146.176147	-120.655113
10146.849060	-120.831795
10147.521973	-120.374817
10148.194885	-120.005600
10148.867798	-119.642281
10149.540710	-120.456200
10150.213623	-119.767776
10150.886536	-120.334274
10151.559448	-120.029404
10152.232361	-119.225853
10152.905273	-119.880951
10153.578186	-119.168434
10154.251099	-120.647865
10154.924011	-119.614891
10155.596924	-120.008484
10156.269836	-119.956017
10156.942749	-119.938210
10157.615662	-119.986938
10158.288574	-119.476624
10158.961487	-120.788307
10159.634399	-121.166336
10160.307312	-120.176117
10160.980225	-119.975227
10161.653137	-119.323997
10162.326050	-118.788132
10162.998962	-118.712280
10163.671875	-119.993881
10164.344788	-120.449692
10165.017700	-119.276016
10165.690613	-119.801132
10166.363525	-120.260628
10167.036438	-119.441170
10167.709351	-119.236923
10168.382263	-120.561371
10169.055176	-119.966942
10169.728088	-118.187981
10170.401001	-119.446945
10171.073914	-120.649979
10171.746826	-119.887749
10172.419739	-119.317101
10173.092651	-120.397011
10173.765564	-120.025528
10174.438477	-119.804176
10175.111389	-120.298569
10175.784302	-121.261177
10176.457214	-121.159904
10177.130127	-121.080856
10177.803040	-119.976738
10178.475952	-119.154892
10179.148865	-118.908302
10179.821777	-119.929459
10180.494690	-120.513428
10181.167603	-120.787682
10181.840515	-121.220238
10182.513428	-120.747902
10183.186340	-120.879448
10183.859253	-118.841202
10184.532166	-119.295677
10185.205078	-119.733345
10185.877991	-118.579010
10186.550903	-119.537392
10187.223816	-118.650124
10187.896729	-118.616028
10188.569641	-119.629684
10189.242554	-120.521187
10189.915466	-120.593712
10190.588379	-121.079559
10191.261292	-120.399940
10191.934204	-119.098419
10192.607117	-119.020241
10193.280029	-120.544518
10193.952942	-121.040588
10194.625854	-121.816132
10195.298767	-120.634109
10195.971680	-119.949722
10196.644592	-120.033417
10197.317505	-120.856728
10197.990417	-121.996101
10198.663330	-121.311554
10199.336243	-119.117485
10200.009155	-119.160072
10200.682068	-119.833366
10201.354980	-119.362282
10202.027893	-119.467834
10202.700806	-119.963348
10203.373718	-120.623055
10204.046631	-122.101212
10204.719543	-121.696342
10205.392456	-120.702148
10206.065369	-120.503784
10206.738281	-120.441757
10207.411194	-120.236557
10208.084106	-121.664642
10208.757019	-120.586967
10209.429932	-119.784607
10210.102844	-119.399002
10210.775757	-118.388664
10211.448669	-120.820808
10212.121582	-120.679459
10212.794495	-120.217598
10213.467407	-120.831528
10214.140320	-121.690727
10214.813232	-119.753151
10215.486145	-118.898857
10216.159058	-120.088959
10216.831970	-120.076439
10217.504883	-120.304527
10218.177795	-120.127777
10218.850708	-120.222534
10219.523621	-120.339417
10220.196533	-119.801407
10220.869446	-120.122337
10221.542358	-119.522316
10222.215271	-119.994102
10222.888184	-120.817558
10223.561096	-120.116425
10224.234009	-119.624611
10224.906921	-120.429451
10225.579834	-120.780174
10226.252747	-120.514565
10226.925659	-120.013016
10227.598572	-119.995735
10228.271484	-120.879578
10228.944397	-120.460594
10229.617310	-119.209015
10230.290222	-119.430923
10230.963135	-119.094307
10231.636047	-118.500160
10232.308960	-118.868813
10232.981873	-119.435966
10233.654785	-120.230156
10234.327698	-120.599724
10235.000610	-120.811546
10235.673523	-120.807060
10236.346436	-120.053192
10237.019348	-119.733429
10237.692261	-121.710434
10238.365173	-121.228836
10239.038086	-120.083748
10239.710999	-119.346596
10240.383911	-120.316483
10241.056824	-119.961014
10241.729736	-120.293030
10242.402649	-120.660187
10243.075562	-120.679146
10243.748474	-121.828285
10244.421387	-121.132057
10245.094299	-120.747086
10245.767212	-122.035652
10246.440125	-120.242096
10247.113037	-118.873817
10247.785950	-119.748917
10248.458862	-119.143486
10249.131775	-119.272568
10249.804688	-120.625992
10250.477600	-120.790901
10251.150513	-120.382286
10251.823425	-120.139473
10252.496338	-120.325882
10253.169250	-118.920601
10253.842163	-119.291573
10254.515076	-120.670204
10255.187988	-120.982552
10255.860901	-121.951988
10256.533813	-122.075340
10257.206726	-120.974899
10257.879639	-120.134644
10258.552551	-119.696503
10259.225464	-120.555695
10259.898376	-120.422882
10260.571289	-119.832207
10261.244202	-120.054146
10261.917114	-121.760475
10262.590027	-122.151764
10263.262939	-121.765480
10263.935852	-121.773239
10264.608765	-121.019821
10265.281677	-120.899094
10265.954590	-120.747513
10266.627502	-119.461273
10267.300415	-120.059235
10267.973328	-120.828568
10268.646240	-121.830856
10269.319153	-121.270195
10269.992065	-120.688568
10270.664978	-121.264832
10271.337891	-121.210579
10272.010803	-120.358833
10272.683716	-120.938911
10273.356628	-120.031219
10274.029541	-118.747650
10274.702454	-119.491028
10275.375366	-120.042015
10276.048279	-119.489815
10276.721191	-119.255569
10277.394104	-119.975113
10278.067017	-121.859818
10278.739929	-121.323380
10279.412842	-119.668457
10280.085754	-119.561493
10280.758667	-120.155037
10281.431580	-120.467720
10282.104492	-119.890060
10282.777405	-119.564697
10283.450317	-119.958084
10284.123230	-120.590569
10284.796143	-120.034363
10285.469055	-120.135361
10286.141968	-119.977959
10286.814880	-120.129646
10287.487793	-119.993484
10288.160706	-119.790024
10288.833618	-120.973701
10289.506531	-121.592659
10290.179443	-120.636581
10290.852356	-121.284760
10291.525269	-121.546013
10292.198181	-121.550903
10292.871094	-121.762726
10293.544006	-120.695786
10294.216919	-119.865562
10294.889832	-120.784683
10295.562744	-121.404839
10296.235657	-120.948891
10296.908569	-121.346405
10297.581482	-120.982422
10298.254395	-120.040779
10298.927307	-120.725677
10299.600220	-120.551315
10300.273132	-120.024788
10300.946045	-121.960419
10301.618958	-123.265495
10302.291870	-120.531136
10302.964783	-120.094856
10303.637695	-120.447891
10304.310608	-120.821861
10304.983521	-120.403816
10305.656433	-119.832382
10306.329346	-119.514015
10307.002258	-120.336548
10307.675171	-120.250587
10308.348083	-119.435158
10309.020996	-119.947327
10309.693909	-120.798805
10310.366821	-120.110634
10311.039734	-120.241417
10311.712646	-121.341019
10312.385559	-120.762955
10313.058472	-120.376961
10313.731384	-120.702118
10314.404297	-120.680641
10315.077209	-119.659462
10315.750122	-120.479950
10316.423035	-121.153503
10317.095947	-121.338974
10317.768860	-121.088715
10318.441772	-120.661285
10319.114685	-120.985619
10319.787598	-120.180168
10320.460510	-120.721100
10321.133423	-121.316116
10321.806335	-122.415436
10322.479248	-120.989502
10323.152161	-120.683296
10323.825073	-120.327042
10324.497986	-120.117271
10325.170898	-120.141800
10325.843811	-121.239204
10326.516724	-121.856842
10327.189636	-121.094200
10327.862549	-120.224197
10328.535461	-120.076370
10329.208374	-119.616089
10329.881287	-120.622200
10330.554199	-120.828842
10331.227112	-120.704475
10331.900024	-121.008240
10332.572937	-121.448090
10333.245850	-120.926491
10333.918762	-120.575554
10334.591675	-121.035858
10335.264587	-120.776833
10335.937500	-121.149200
10336.610413	-119.187187
10337.283325	-119.413078
10337.956238	-119.522224
10338.629150	-119.406090
10339.302063	-120.327995
10339.974976	-120.393753
10340.647888	-120.229301
10341.320801	-122.672134
10341.993713	-122.080338
10342.666626	-120.638947
10343.339539	-119.858261
10344.012451	-120.459259
10344.685364	-121.843834
10345.358276	-122.303795
10346.031189	-121.889847
10346.704102	-119.596558
10347.377014	-120.121727
10348.049927	-121.975632
10348.722839	-121.492935
10349.395752	-120.502625
10350.068665	-120.430130
10350.741577	-120.627357
10351.414490	-120.833092
10352.087402	-121.857849
10352.760315	-120.877632
10353.433228	-120.810196
10354.106140	-120.953323
10354.779053	-121.116310
10355.451965	-120.237015
10356.124878	-121.901482
10356.797791	-122.151321
10357.470703	-121.676003
10358.143616	-121.739395
10358.816528	-121.595428
10359.489441	-121.240028
10360.162354	-120.640907
10360.835266	-120.627663
10361.508179	-120.326416
10362.181091	-120.406845
10362.854004	-120.219734
10363.526917	-121.601456
10364.199829	-122.774185
10364.872742	-121.165688
10365.545654	-121.673729
10366.218567	-121.273109
10366.891479	-120.831924
10367.564392	-120.898056
10368.237305	-120.552483
10368.910217	-121.384842
10369.583130	-121.012199
10370.256042	-121.037651
10370.928955	-120.738708
10371.601868	-120.751320
10372.274780	-120.865822
10372.947693	-121.584244
10373.620605	-121.599762
10374.293518	-121.245132
10374.966431	-121.201546
10375.639343	-120.950089
10376.312256	-120.426285
10376.985168	-120.712830
10377.658081	-120.948334
10378.330994	-120.767197
10379.003906	-122.188309
10379.676819	-122.784958
10380.349731	-121.631424
10381.022644	-120.418137
10381.695557	-121.232887
10382.368469	-121.427780
10383.041382	-120.320732
10383.714294	-120.362000
10384.387207	-120.184227
10385.060120	-120.371910
10385.733032	-120.778076
10386.405945	-121.194977
10387.078857	-122.298393
10387.751770	-122.462311
10388.424683	-122.439308
10389.097595	-122.775764
10389.770508	-122.038948
10390.443420	-120.779778
10391.116333	-122.328278
10391.789246	-122.160416
10392.462158	-120.891006
10393.135071	-120.798706
10393.807983	-121.015778
10394.480896	-121.527878
10395.153809	-121.089592
10395.826721	-120.824707
10396.499634	-121.490219
10397.172546	-121.903267
10397.845459	-121.758118
10398.518372	-122.013657
10399.191284	-122.401482
10399.864197	-121.667946
10400.537109	-120.878029
10401.210022	-122.199646
10401.882935	-121.670563
10402.555847	-120.883095
10403.228760	-120.448372
10403.901672	-120.835030
10404.574585	-122.160339
10405.247498	-122.246246
10405.920410	-121.115631
10406.593323	-121.829086
10407.266235	-122.639343
10407.939148	-121.906982
10408.612061	-121.475273
10409.284973	-120.864632
10409.957886	-120.820404
10410.630798	-120.858704
10411.303711	-121.359459
10411.976624	-121.509895
10412.649536	-121.835243
10413.322449	-121.412384
10413.995361	-121.625580
10414.668274	-121.546471
10415.341187	-121.889221
10416.014099	-121.754997
10416.687012	-121.674072
10417.359924	-121.200607
10418.032837	-121.470573
10418.705750	-121.564896
10419.378662	-120.770508
10420.051575	-121.077171
10420.724487	-122.554588
10421.397400	-120.992714
10422.070312	-120.836685
10422.743225	-122.245186
10423.416138	-121.620918
10424.089050	-121.429230
10424.761963	-120.841225
10425.434875	-122.214317
10426.107788	-122.534645
10426.780701	-121.059830
10427.453613	-121.020264
10428.126526	-121.540581
10428.799438	-122.112770
10429.472351	-123.460403
10430.145264	-121.411751
10430.818176	-121.995850
10431.491089	-121.438461
10432.164001	-122.206741
10432.836914	-121.700333
10433.509827	-120.800621
10434.182739	-121.706215
10434.855652	-121.635635
10435.528564	-121.781303
10436.201477	-122.642738
10436.874390	-120.997604
10437.547302	-120.439934
10438.220215	-121.192093
10438.893127	-120.575943
10439.566040	-119.877708
10440.238953	-120.067924
10440.911865	-120.941971
10441.584778	-121.546585
10442.257690	-123.338684
10442.930603	-122.143684
10443.603516	-121.287155
10444.276428	-120.771561
10444.949341	-120.584190
10445.622253	-121.424057
10446.295166	-121.859627
10446.968079	-120.457268
10447.640991	-120.596436
10448.313904	-121.110222
10448.986816	-120.622505
10449.659729	-121.042854
10450.332642	-121.544792
10451.005554	-121.099869
10451.678467	-121.934914
10452.351379	-122.312866
10453.024292	-122.506454
10453.697205	-122.244286
10454.370117	-121.788162
10455.043030	-122.331352
10455.715942	-123.262253
10456.388855	-122.328682
10457.061768	-121.841866
10457.734680	-121.840347
10458.407593	-121.607010
10459.080505	-121.485405
10459.753418	-121.612305
10460.426331	-122.117371
10461.099243	-122.233665
10461.772156	-122.133820
10462.445068	-122.031754
10463.117981	-122.600952
10463.790894	-122.060806
10464.463806	-121.636757
10465.136719	-121.477356
10465.809631	-121.559464
10466.482544	-122.116257
10467.155457	-121.527512
10467.828369	-121.208344
10468.501282	-122.384705
10469.174194	-121.697922
10469.847107	-121.198631
10470.520020	-122.172279
10471.192932	-121.763931
10471.865845	-121.400101
10472.538757	-121.837128
10473.211670	-122.805061
10473.884583	-121.836143
10474.557495	-121.110069
10475.230408	-121.684502
10475.903320	-121.964989
10476.576233	-121.744637
10477.249146	-120.955933
10477.922058	-120.863777
10478.594971	-121.337547
10479.267883	-121.906120
10479.940796	-121.485687
10480.613708	-122.941620
10481.286621	-122.088356
10481.959534	-121.932404
10482.632446	-123.134727
10483.305359	-122.469055
10483.978271	-121.531906
10484.651184	-122.413589
10485.324097	-122.905220
10485.997009	-123.326241
10486.669922	-122.471291
10487.342834	-122.171638
10488.015747	-122.391220
10488.688660	-121.995148
10489.361572	-122.071854
10490.034485	-122.549171
10490.707397	-121.154984
10491.380310	-120.855110
10492.053223	-122.046516
10492.726135	-122.379974
10493.399048	-120.848465
10494.071960	-121.413513
10494.744873	-122.699585
10495.417786	-121.129402
10496.090698	-120.488762
10496.763611	-121.785950
10497.436523	-122.470680
10498.109436	-123.011215
10498.782349	-122.846138
10499.455261	-122.818954
10500.128174	-122.014702
10500.801086	-122.876778
10501.473999	-122.208046
10502.146912	-122.554909
10502.819824	-121.713844
10503.492737	-122.005241
10504.165649	-122.414520
10504.838562	-121.673523
10505.511475	-122.095108
10506.184387	-121.567383
10506.857300	-122.203911
10507.530212	-122.591858
10508.203125	-121.680260
10508.876038	-122.067383
10509.548950	-121.586479
10510.221863	-121.253265
10510.894775	-122.707054
10511.567688	-122.277603
10512.240601	-121.708969
10512.913513	-121.659882
10513.586426	-121.799095
10514.259338	-121.634010
10514.932251	-121.844681
10515.605164	-122.272110
10516.278076	-121.931076
10516.950989	-121.725067
10517.623901	-121.718002
10518.296814	-121.779793
10518.969727	-123.836731
10519.642639	-123.511406
10520.315552	-122.119820
10520.988464	-122.403862
10521.661377	-122.205360
10522.334290	-121.736130
10523.007202	-122.177200
10523.680115	-123.180328
10524.353027	-122.571037
10525.025940	-121.946716
10525.698853	-122.026100
10526.371765	-120.961349
10527.044678	-121.889496
10527.717590	-122.403931
10528.390503	-122.734589
10529.063416	-122.399796
10529.736328	-121.904991
10530.409241	-121.703651
10531.082153	-122.484108
10531.755066	-123.173241
10532.427979	-123.243423
10533.100891	-122.616463
10533.773804	-122.547791
10534.446716	-121.980125
10535.119629	-122.576218
10535.792542	-123.917580
10536.465454	-124.219612
10537.138367	-123.206230
10537.811279	-122.297958
10538.484192	-121.926285
10539.157104	-122.814247
10539.830017	-121.659439
10540.502930	-122.029427
10541.175842	-123.174469
10541.848755	-123.082939
10542.521667	-122.053207
10543.194580	-122.239952
10543.867493	-123.180138
10544.540405	-124.093491
10545.213318	-123.535904
10545.886230	-122.362610
10546.559143	-121.974777
10547.232056	-121.927650
10547.904968	-122.329025
10548.577881	-122.274200
10549.250793	-123.519859
10549.923706	-122.748947
10550.596619	-122.461334
10551.269531	-122.945045
10551.942444	-123.271278
10552.615356	-122.430367
10553.288269	-121.635910
10553.961182	-121.971115
10554.634094	-121.542358
10555.307007	-122.979843
10555.979919	-122.702942
10556.652832	-122.734962
10557.325745	-123.589699
10557.998657	-122.877129
10558.671570	-123.392761
10559.344482	-122.299728
10560.017395	-122.016335
10560.690308	-123.738174
10561.363220	-123.081093
10562.036133	-121.671158
10562.709045	-122.231720
10563.381958	-122.477325
10564.054871	-121.746513
10564.727783	-121.896004
10565.400696	-122.254784
10566.073608	-122.550774
10566.746521	-122.798622
10567.419434	-122.419365
10568.092346	-121.884178
10568.765259	-123.058815
10569.438171	-122.532043
10570.111084	-122.941246
10570.783997	-122.964287
10571.456909	-121.757980
10572.129822	-121.598198
10572.802734	-121.952438
10573.475647	-122.243057
10574.148560	-122.882317
10574.821472	-123.561264
10575.494385	-123.383507
10576.167297	-123.310776
10576.840210	-123.383423
10577.513123	-122.152306
10578.186035	-121.553238
10578.858948	-123.110886
10579.531860	-122.429680
10580.204773	-122.054367
10580.877686	-121.930458
10581.550598	-122.624702
10582.223511	-122.397949
10582.896423	-122.856827
10583.569336	-123.366768
10584.242249	-123.488121
10584.915161	-122.870438
10585.588074	-123.919312
10586.260986	-123.673630
10586.933899	-123.567627
10587.606812	-123.046822
10588.279724	-122.865784
10588.952637	-123.316666
10589.625549	-122.283569
10590.298462	-121.342407
10590.971375	-121.378456
10591.644287	-122.196991
10592.317200	-123.461021
10592.990112	-122.876953
10593.663025	-122.530472
10594.335938	-122.299080
10595.008850	-122.480583
10595.681763	-123.720963
10596.354675	-123.387291
10597.027588	-122.886292
10597.700500	-121.522842
10598.373413	-122.320969
10599.046326	-122.609627
10599.719238	-121.856438
10600.392151	-122.088631
10601.065063	-122.629677
10601.737976	-122.316124
10602.410889	-122.358330
10603.083801	-123.254784
10603.756714	-122.418808
10604.429626	-121.558113
10605.102539	-122.398224
10605.775452	-122.870026
10606.448364	-122.530174
10607.121277	-122.719833
10607.794189	-122.724258
10608.467102	-123.874069
10609.140015	-122.795021
10609.812927	-122.505569
10610.485840	-123.164803
10611.158752	-123.083717
10611.831665	-123.045273
10612.504578	-122.012543
10613.177490	-122.206284
10613.850403	-122.218048
10614.523315	-121.921326
10615.196228	-123.213272
10615.869141	-122.354713
10616.542053	-122.035851
10617.214966	-123.560440
10617.887878	-123.861977
10618.560791	-123.863609
10619.233704	-123.182648
10619.906616	-122.665207
10620.579529	-122.420898
10621.252441	-123.418076
10621.925354	-124.400940
10622.598267	-123.484406
10623.271179	-122.778061
10623.944092	-123.676102
10624.617004	-123.720772
10625.289917	-123.539833
10625.962830	-123.323120
10626.635742	-122.630653
10627.308655	-123.185066
10627.981567	-123.905243
10628.654480	-124.183922
10629.327393	-122.494438
10630.000305	-121.242348
10630.673218	-121.391998
10631.346130	-122.631493
10632.019043	-122.328209
10632.691956	-123.457405
10633.364868	-122.938820
10634.037781	-121.958755
10634.710693	-122.787376
10635.383606	-122.791451
10636.056519	-123.888298
10636.729431	-123.326744
10637.402344	-122.211815
10638.075256	-122.158630
10638.748169	-122.438148
10639.421082	-123.746124
10640.093994	-123.790344
10640.766907	-124.069717
10641.439819	-123.134491
10642.112732	-122.613121
10642.785645	-122.689362
10643.458557	-122.165787
10644.131470	-123.152512
10644.804382	-123.054619
10645.477295	-123.665474
10646.150208	-123.850060
10646.823120	-123.174667
10647.496033	-123.126823
10648.168945	-123.843605
10648.841858	-123.384674
10649.514771	-123.651711
10650.187683	-124.364227
10650.860596	-122.608994
10651.533508	-122.522011
10652.206421	-122.671326
10652.879333	-123.232208
10653.552246	-121.857323
10654.225159	-121.452187
10654.898071	-123.631454
10655.570984	-123.170197
10656.243896	-122.748566
10656.916809	-122.595924
10657.589722	-123.455948
10658.262634	-123.304459
10658.935547	-122.769333
10659.608459	-122.856476
10660.281372	-122.876099
10660.954285	-123.300713
10661.627197	-123.808174
10662.300110	-123.314964
10662.973022	-122.396355
10663.645935	-122.148453
10664.318848	-122.597038
10664.991760	-122.825523
10665.664673	-123.540176
10666.337585	-123.527428
10667.010498	-124.278557
10667.683411	-123.294907
10668.356323	-123.148705
10669.029236	-124.836296
10669.702148	-123.872917
10670.375061	-122.565437
10671.047974	-122.490509
10671.720886	-123.517876
10672.393799	-122.652496
10673.066711	-123.791389
10673.739624	-124.060783
10674.412537	-123.076004
10675.085449	-122.062904
10675.758362	-121.966957
10676.431274	-122.704552
10677.104187	-122.868645
10677.777100	-123.464180
10678.450012	-122.301796
10679.122925	-122.854439
10679.795837	-124.357780
10680.468750	-123.492455
10681.141663	-123.099220
10681.814575	-122.965973
10682.487488	-123.159019
10683.160400	-124.394104
10683.833313	-125.269867
10684.506226	-124.404175
10685.179138	-122.678139
10685.852051	-122.708504
10686.524963	-123.358635
10687.197876	-123.306740
10687.870789	-123.226898
10688.543701	-123.543633
10689.216614	-123.160637
10689.889526	-124.420181
10690.562439	-123.413498
10691.235352	-123.836494
10691.908264	-125.491890
10692.581177	-125.046669
10693.254089	-122.746803
10693.927002	-123.564400
10694.599915	-124.703636
10695.272827	-123.010162
10695.945740	-123.199837
10696.618652	-124.082825
10697.291565	-125.119423
10697.964478	-123.401863
10698.637390	-123.041557
10699.310303	-122.803040
10699.983215	-123.872734
10700.656128	-124.119774
10701.329041	-124.579178
10702.001953	-124.817093
10702.674866	-124.450340
10703.347778	-123.429832
10704.020691	-123.075897
10704.693604	-123.256462
10705.366516	-123.849854
10706.039429	-123.128632
10706.712341	-122.190384
10707.385254	-122.885094
10708.058167	-124.346649
10708.731079	-122.991577
10709.403992	-122.826508
10710.076904	-124.034332
10710.749817	-124.871651
10711.422729	-124.000000
10712.095642	-122.751610
10712.768555	-123.111794
10713.441467	-124.098709
10714.114380	-124.027565
10714.787292	-123.146431
10715.460205	-123.301743
10716.133118	-122.947479
10716.806030	-123.900436
10717.478943	-124.164467
10718.151855	-123.894981
10718.824768	-124.183891
10719.497681	-123.900589
10720.170593	-123.574326
10720.843506	-124.873611
10721.516418	-123.839020
10722.189331	-124.003990
10722.862244	-124.676918
10723.535156	-124.846016
10724.208069	-123.565971
10724.880981	-123.327377
10725.553894	-125.067039
10726.226807	-123.874168
10726.899719	-122.432693
10727.572632	-123.110764
10728.245544	-123.352791
10728.918457	-124.588219
10729.591370	-123.634804
10730.264282	-123.531898
10730.937195	-122.460915
10731.610107	-122.468475
10732.283020	-123.479591
10732.955933	-124.818390
10733.628845	-124.417892
10734.301758	-124.217125
10734.974670	-123.350060
10735.647583	-123.699371
10736.320496	-123.276192
10736.993408	-123.566040
10737.666321	-123.748627
10738.339233	-123.860924
10739.012146	-123.520447
10739.685059	-124.268333
10740.357971	-123.638657
10741.030884	-123.514915
10741.703796	-123.552696
10742.376709	-123.708221
10743.049622	-124.249413
10743.722534	-123.739372
10744.395447	-123.379997
10745.068359	-123.208511
10745.741272	-123.422112
10746.414185	-123.557800
10747.087097	-123.965645
10747.760010	-123.713066
10748.432922	-123.677544
10749.105835	-123.655174
10749.778748	-124.236610
10750.451660	-124.161560
10751.124573	-123.547028
10751.797485	-124.410858
10752.470398	-124.330948
10753.143311	-124.101768
10753.816223	-123.323723
10754.489136	-123.377815
10755.162048	-123.889397
10755.834961	-123.833359
10756.507874	-123.580444
10757.180786	-124.107864
10757.853699	-124.647346
10758.526611	-124.812714
10759.199524	-125.327652
10759.872437	-123.473228
10760.545349	-123.142395
10761.218262	-122.458435
10761.891174	-122.956940
10762.564087	-123.450340
10763.237000	-123.510193
10763.909912	-122.785683
10764.582825	-124.268051
10765.255737	-124.242813
10765.928650	-123.856506
10766.601562	-124.892998
10767.274475	-124.934868
10767.947388	-124.388672
10768.620300	-122.512375
10769.293213	-123.302910
10769.966125	-123.388519
10770.639038	-123.836693
10771.311951	-123.545044
10771.984863	-125.259781
10772.657776	-125.597450
10773.330688	-123.703392
10774.003601	-123.599861
10774.676514	-123.287590
10775.349426	-123.136627
10776.022339	-124.337288
10776.695251	-124.457779
10777.368164	-123.632545
10778.041077	-123.634430
10778.713989	-124.345772
10779.386902	-124.488434
10780.059814	-123.538368
10780.732727	-124.570854
10781.405640	-124.701973
10782.078552	-125.055984
10782.751465	-124.107574
10783.424377	-123.208603
10784.097290	-123.557388
10784.770203	-125.102715
10785.443115	-124.456909
10786.116028	-123.198723
10786.788940	-122.686951
10787.461853	-123.882545
10788.134766	-124.773224
10788.807678	-122.544380
10789.480591	-123.569901
10790.153503	-123.297028
10790.826416	-124.346176
10791.499329	-123.663017
10792.172241	-123.906532
10792.845154	-125.035431
10793.518066	-124.145050
10794.190979	-124.415604
10794.863892	-124.278496
10795.536804	-123.381714
10796.209717	-123.861397
10796.882629	-124.556602
10797.555542	-125.159798
10798.228455	-123.941162
10798.901367	-123.574783
10799.574280	-122.937866
10800.247192	-123.381287
10800.920105	-123.425636
10801.593018	-124.610558
10802.265930	-124.405319
10802.938843	-123.487450
10803.611755	-123.749031
10804.284668	-123.491913
10804.957581	-123.757874
10805.630493	-123.922211
10806.303406	-123.645889
10806.976318	-124.073036
10807.649231	-124.509148
10808.322144	-124.971123
10808.995056	-124.571594
10809.667969	-125.294746
10810.340881	-125.315102
10811.013794	-124.757019
10811.686707	-124.637627
10812.359619	-123.732269
10813.032532	-123.684441
10813.705444	-124.414009
10814.378357	-124.207298
10815.051270	-124.200272
10815.724182	-124.387054
10816.397095	-124.197815
10817.070007	-123.281097
10817.742920	-124.552605
10818.415833	-124.534431
10819.088745	-124.134819
10819.761658	-124.817429
10820.434570	-124.491997
10821.107483	-124.074478
10821.780396	-123.234627
10822.453308	-124.176865
10823.126221	-123.067070
10823.799133	-124.228722
10824.472046	-125.447685
10825.144958	-125.136726
10825.817871	-124.822159
10826.490784	-122.363472
10827.163696	-123.200226
10827.836609	-124.314445
10828.509521	-123.858635
10829.182434	-124.697731
10829.855347	-125.301804
10830.528259	-125.089134
10831.201172	-125.012825
10831.874084	-123.515503
10832.546997	-123.880318
10833.219910	-123.904274
10833.892822	-123.962326
10834.565735	-123.924683
10835.238647	-125.237198
10835.911560	-124.957764
10836.584473	-124.423584
10837.257385	-123.361366
10837.930298	-124.126663
10838.603210	-124.586945
10839.276123	-124.098244
10839.949036	-124.217400
10840.621948	-124.606865
10841.294861	-124.613594
10841.967773	-123.928886
10842.640686	-125.321846
10843.313599	-125.947914
10843.986511	-126.405052
10844.659424	-125.830299
10845.332336	-125.829247
10846.005249	-126.010307
10846.678162	-125.581017
10847.351074	-125.244736
10848.023987	-124.415535
10848.696899	-123.178406
10849.369812	-122.443672
10850.042725	-122.571129
10850.715637	-124.855415
10851.388550	-123.806061
10852.061462	-124.180206
10852.734375	-124.959015
10853.407288	-124.259888
10854.080200	-124.536430
10854.753113	-124.994789
10855.426025	-123.857773
10856.098938	-124.170380
10856.771851	-124.242455
10857.444763	-123.608009
10858.117676	-125.582077
10858.790588	-126.115456
10859.463501	-125.194443
10860.136414	-124.603622
10860.809326	-124.349663
10861.482239	-125.941315
10862.155151	-125.667824
10862.828064	-124.914406
10863.500977	-124.219437
10864.173889	-124.746674
10864.846802	-124.671013
10865.519714	-123.076385
10866.192627	-123.687973
10866.865540	-125.050575
10867.538452	-124.484276
10868.211365	-123.961853
10868.884277	-124.396622
10869.557190	-125.599884
10870.230103	-125.818108
10870.903015	-124.464081
10871.575928	-123.505951
10872.248840	-124.518204
10872.921753	-124.896942
10873.594666	-124.855675
10874.267578	-124.193100
10874.940491	-124.308296
10875.613403	-124.520500
10876.286316	-125.758675
10876.959229	-124.872765
10877.632141	-123.312210
10878.305054	-122.683426
10878.977966	-124.176353
10879.650879	-125.267097
10880.323792	-125.926262
10880.996704	-125.290634
10881.669617	-124.693169
10882.342529	-124.162193
10883.015442	-125.299599
10883.688354	-124.644676
10884.361267	-124.478149
10885.034180	-125.211349
10885.707092	-125.350510
10886.380005	-124.946449
10887.052917	-125.217178
10887.725830	-124.630775
10888.398743	-125.387688
10889.071655	-124.820465
10889.744568	-124.458755
10890.417480	-125.227112
10891.090393	-124.207451
10891.763306	-125.833328
10892.436218	-125.956932
10893.109131	-123.875557
10893.782043	-123.545006
10894.454956	-125.050980
10895.127869	-125.621017
10895.800781	-124.476898
10896.473694	-123.834671
10897.146606	-123.201157
10897.819519	-124.484314
10898.492432	-124.391472
10899.165344	-125.888367
10899.838257	-125.949097
10900.511169	-125.733116
10901.184082	-124.115570
10901.856995	-123.836945
10902.529907	-123.933449
10903.202820	-123.941216
10903.875732	-125.950386
10904.548645	-124.962433
10905.221558	-124.286293
10905.894470	-125.200905
10906.567383	-123.951721
10907.240295	-123.921478
10907.913208	-125.243324
10908.586121	-124.732559
10909.259033	-122.878342
10909.931946	-124.430496
10910.604858	-125.708290
10911.277771	-124.519592
10911.950684	-125.140808
10912.623596	-124.917076
10913.296509	-124.281181
10913.969421	-124.946770
10914.642334	-124.558861
10915.315247	-125.436066
10915.988159	-126.404327
10916.661072	-124.935692
10917.333984	-125.264648
10918.006897	-125.836617
10918.679810	-125.102417
10919.352722	-124.331985
10920.025635	-123.794998
10920.698547	-124.097443
10921.371460	-124.485367
10922.044373	-124.306931
10922.717285	-124.481529
10923.390198	-125.323128
10924.063110	-125.596245
10924.736023	-124.047279
10925.408936	-123.618950
10926.081848	-123.714035
10926.754761	-122.950722
10927.427673	-123.076141
10928.100586	-124.251755
10928.773499	-125.091354
10929.446411	-124.731224
10930.119324	-125.821770
10930.792236	-126.149872
10931.465149	-125.297089
10932.138062	-125.509064
10932.810974	-126.154808
10933.483887	-124.772911
10934.156799	-125.057716
10934.829712	-124.755836
10935.502625	-123.642326
10936.175537	-124.264648
10936.848450	-124.883949
10937.521362	-123.803520
10938.194275	-125.627411
10938.867188	-125.003563
10939.540100	-124.320229
10940.213013	-126.049889
10940.885925	-127.271408
10941.558838	-125.211563
10942.231750	-124.212509
10942.904663	-125.092148
10943.577576	-125.320076
10944.250488	-125.881699
10944.923401	-125.538727
10945.596313	-124.438316
10946.269226	-123.296600
10946.942139	-123.485794
10947.615051	-125.001785
10948.287964	-125.567230
10948.960876	-124.892441
10949.633789	-124.861984
10950.306702	-123.904991
10950.979614	-124.548553
10951.652527	-125.163383
10952.325439	-124.697426
10952.998352	-124.921120
10953.671265	-126.294220
10954.344177	-125.877609
10955.017090	-125.408546
10955.690002	-125.110565
10956.362915	-124.690231
10957.035828	-124.628075
10957.708740	-125.035408
10958.381653	-125.332718
10959.054565	-125.404617
10959.727478	-123.237823
10960.400391	-123.141846
10961.073303	-124.698174
10961.746216	-124.405128
10962.419128	-126.217758
10963.092041	-125.863907
10963.764954	-124.933670
10964.437866	-124.089478
10965.110779	-124.870140
10965.783691	-126.016533
10966.456604	-126.480774
10967.129517	-125.250053
10967.802429	-125.187439
10968.475342	-125.462959
10969.148254	-124.689888
10969.821167	-125.304321
10970.494080	-125.679016
10971.166992	-125.809189
10971.839905	-124.296532
10972.512817	-124.474617
10973.185730	-123.563660
10973.858643	-125.032997
10974.531555	-125.681679
10975.204468	-125.164795
10975.877380	-125.242676
10976.550293	-124.751190
10977.223206	-125.195114
10977.896118	-125.995125
10978.569031	-125.647850
10979.241943	-125.671112
10979.914856	-125.525230
10980.587769	-124.949310
10981.260681	-125.333038
10981.933594	-124.472992
10982.606506	-125.076225
10983.279419	-125.290619
10983.952332	-125.680901
10984.625244	-125.521095
10985.298157	-124.391647
10985.971069	-123.621307
10986.643982	-124.028473
10987.316895	-124.484604
10987.989807	-124.946983
10988.662720	-125.161842
10989.335632	-123.666496
10990.008545	-123.965126
10990.681458	-124.709984
10991.354370	-125.039009
10992.027283	-125.366959
10992.700195	-125.052620
10993.373108	-124.692039
10994.046021	-124.481384
10994.718933	-125.141800
10995.391846	-124.557083
10996.064758	-123.806953
10996.737671	-124.696655
10997.410583	-125.737427
10998.083496	-126.059288
10998.756409	-124.518494
10999.429321	-124.144012
11000.102234	-124.975754
11000.775146	-124.901886
11001.448059	-123.462433
11002.120972	-123.054726
11002.793884	-125.314796
11003.466797	-124.828438
11004.139709	-124.408653
11004.812622	-126.527763
11005.485535	-125.566772
11006.158447	-123.053795
11006.831360	-123.825829
11007.504272	-125.616943
11008.177185	-124.986191
11008.850098	-125.694534
11009.523010	-124.977707
11010.195923	-124.010864
11010.868835	-124.068428
11011.541748	-123.988411
11012.214661	-124.400436
11012.887573	-125.607620
11013.560486	-126.252495
11014.233398	-124.820847
11014.906311	-124.792084
11015.579224	-124.483017
11016.252136	-125.470406
11016.925049	-126.363792
11017.597961	-126.902168
11018.270874	-126.140549
11018.943787	-125.739677
11019.616699	-124.342430
11020.289612	-125.827682
11020.962524	-126.394432
11021.635437	-125.125938
11022.308350	-124.606979
11022.981262	-123.871323
11023.654175	-124.122849
11024.327087	-124.790230
