Frequency (Hz)	Level (dB)
0.672913	-95.122269
1.345825	-116.020927
2.018738	-115.897430
2.691650	-115.687607
3.364563	-114.648422
4.037476	-111.612244
4.710388	-109.038239
5.383301	-107.448029
6.056213	-105.510307
6.729126	-102.822258
7.402039	-100.684898
8.074951	-103.055672
8.747864	-106.528336
9.420776	-104.874466
10.093689	-102.305916
10.766602	-101.112717
11.439514	-99.171242
12.112427	-98.161568
12.785339	-98.802498
13.458252	-96.198914
14.131165	-91.983612
14.804077	-85.125160
15.476990	-81.462761
16.149902	-84.629227
16.822815	-89.443428
17.495728	-89.708130
18.168640	-91.834595
18.841553	-93.512848
19.514465	-94.371460
20.187378	-95.609131
20.860291	-96.430344
21.533203	-97.851204
22.206116	-98.727951
22.879028	-99.149124
23.551941	-98.684708
24.224854	-97.235672
24.897766	-94.572205
25.570679	-92.686569
26.243591	-91.053589
26.916504	-90.868515
27.589417	-92.433319
28.262329	-94.219109
28.935242	-94.973137
29.608154	-96.192230
30.281067	-97.138489
30.953979	-98.064323
31.626892	-98.058655
32.299805	-97.375557
32.972717	-97.184624
33.645630	-97.700867
34.318542	-97.590446
34.991455	-97.170853
35.664368	-96.654457
36.337280	-95.973473
37.010193	-96.221642
37.683105	-95.659401
38.356018	-95.958984
39.028931	-95.031441
39.701843	-93.151276
40.374756	-91.358635
41.047668	-90.326828
41.720581	-88.742966
42.393494	-86.517700
43.066406	-84.957962
43.739319	-83.294395
44.412231	-81.512482
45.085144	-79.221344
45.758057	-75.836319
46.430969	-71.815544
47.103882	-69.292931
47.776794	-66.162430
48.449707	-65.604652
49.122620	-67.068306
49.795532	-69.206306
50.468445	-69.952194
51.141357	-73.695526
51.814270	-75.861694
52.487183	-77.135437
53.160095	-80.771225
53.833008	-82.000557
54.505920	-83.736656
55.178833	-83.437958
55.851746	-81.688904
56.524658	-82.020233
57.197571	-83.404053
57.870483	-84.499100
58.543396	-83.939812
59.216309	-83.005600
59.889221	-82.334236
60.562134	-82.272926
61.235046	-81.526199
61.907959	-80.800964
62.580872	-75.288506
63.253784	-66.813843
63.926697	-62.285820
64.599609	-61.874969
65.272522	-64.718559
65.945435	-69.016991
66.618347	-72.354126
67.291260	-74.338074
67.964172	-76.072121
68.637085	-77.917923
69.309998	-80.946594
69.982910	-85.994431
70.655823	-90.390015
71.328735	-90.894226
72.001648	-90.537971
72.674561	-90.584015
73.347473	-90.283562
74.020386	-88.512810
74.693298	-86.142616
75.366211	-85.182106
76.039124	-85.247162
76.712036	-82.603569
77.384949	-79.034882
78.057861	-76.618370
78.730774	-75.273918
79.403687	-74.936401
80.076599	-75.601013
80.749512	-76.823967
81.422424	-78.401024
82.095337	-79.628761
82.768250	-80.334976
83.441162	-81.262856
84.114075	-82.084503
84.786987	-83.212135
85.459900	-84.999199
86.132812	-86.458099
86.805725	-87.456863
87.478638	-88.026154
88.151550	-88.026649
88.824463	-87.125717
89.497375	-85.382408
90.170288	-83.608780
90.843201	-82.530853
91.516113	-81.978073
92.189026	-81.431656
92.861938	-81.325516
93.534851	-82.069794
94.207764	-83.465446
94.880676	-84.872383
95.553589	-85.948807
96.226501	-87.240601
96.899414	-89.120331
97.572327	-91.413742
98.245239	-92.796524
98.918152	-94.426346
99.591064	-94.945892
100.263977	-95.000114
100.936890	-97.340080
101.609802	-97.203331
102.282715	-97.146301
102.955627	-97.989296
103.628540	-98.591148
104.301453	-98.337616
104.974365	-97.356674
105.647278	-96.526344
106.320190	-96.286591
106.993103	-96.531570
107.666016	-96.314316
108.338928	-95.914284
109.011841	-94.598930
109.684753	-92.753891
110.357666	-90.201286
111.030579	-88.105881
111.703491	-87.194229
112.376404	-86.759071
113.049316	-86.646767
113.722229	-86.694496
114.395142	-86.192909
115.068054	-85.595718
115.740967	-85.638344
116.413879	-86.538658
117.086792	-87.430222
117.759705	-87.212730
118.432617	-86.273003
119.105530	-85.267647
119.778442	-84.589798
120.451355	-84.572205
121.124268	-85.108490
121.797180	-86.278458
122.470093	-87.774796
123.143005	-89.103294
123.815918	-89.467049
124.488831	-89.630089
125.161743	-90.433731
125.834656	-91.977661
126.507568	-93.991356
127.180481	-95.587219
127.853394	-96.500267
128.526306	-97.083176
129.199219	-97.147804
129.872131	-95.718285
130.545044	-93.581177
131.217957	-91.319374
131.890869	-89.199234
132.563782	-87.153145
133.236694	-85.189087
133.909607	-83.497444
134.582520	-81.960236
135.255432	-81.063065
135.928345	-81.654648
136.601257	-83.225647
137.274170	-85.035301
137.947083	-86.811226
138.619995	-88.104576
139.292908	-89.131386
139.965820	-89.693642
140.638733	-90.238617
141.311646	-91.095848
141.984558	-92.469284
142.657471	-94.247795
143.330383	-96.113289
144.003296	-97.585732
144.676208	-98.673431
145.349121	-98.903000
146.022034	-98.999115
146.694946	-98.456444
147.367859	-96.669456
148.040771	-94.212929
148.713684	-91.849976
149.386597	-90.273285
150.059509	-89.670914
150.732422	-90.198936
151.405334	-91.651459
152.078247	-92.843254
152.751160	-93.228546
153.424072	-94.022087
154.096985	-95.324989
154.769897	-95.716545
155.442810	-95.210327
156.115723	-95.587234
156.788635	-95.420738
157.461548	-95.020462
158.134460	-94.287125
158.807373	-92.755028
159.480286	-90.633163
160.153198	-89.301514
160.826111	-88.938774
161.499023	-89.221626
162.171936	-90.408241
162.844849	-92.039505
163.517761	-93.649071
164.190674	-95.296425
164.863586	-95.445274
165.536499	-95.067230
166.209412	-96.141609
166.882324	-97.481735
167.555237	-97.022614
168.228149	-95.810936
168.901062	-93.191315
169.573975	-91.278130
170.246887	-90.583336
170.919800	-89.231728
171.592712	-87.273453
172.265625	-86.304535
172.938538	-86.818665
173.611450	-88.164474
174.284363	-89.154823
174.957275	-90.020882
175.630188	-91.259087
176.303101	-92.519684
176.976013	-93.549492
177.648926	-93.578850
178.321838	-93.049072
178.994751	-93.292038
179.667664	-93.902283
180.340576	-94.300056
181.013489	-95.184601
181.686401	-96.044571
182.359314	-96.419960
183.032227	-96.377769
183.705139	-96.309738
184.378052	-96.324509
185.050964	-96.192863
185.723877	-95.711044
186.396790	-95.062851
187.069702	-94.690147
187.742615	-94.528542
188.415527	-94.038857
189.088440	-93.233345
189.761353	-92.451965
190.434265	-91.679451
191.107178	-90.929840
191.780090	-91.162285
192.453003	-91.607407
193.125916	-92.136101
193.798828	-92.379913
194.471741	-92.285728
195.144653	-91.697632
195.817566	-91.346771
196.490479	-91.720367
197.163391	-92.802475
197.836304	-93.743164
198.509216	-93.764221
199.182129	-92.903358
199.855042	-91.897041
200.527954	-91.272545
201.200867	-90.616066
201.873779	-90.408508
202.546692	-91.112617
203.219604	-92.520126
203.892517	-93.878433
204.565430	-95.129173
205.238342	-95.193581
205.911255	-94.140892
206.584167	-93.073128
207.257080	-92.389633
207.929993	-92.143082
208.602905	-92.262405
209.275818	-92.599182
209.948730	-92.964890
210.621643	-93.324982
211.294556	-93.745094
211.967468	-94.141907
212.640381	-94.121536
213.313293	-94.731506
213.986206	-95.854721
214.659119	-96.352554
215.332031	-95.998863
216.004944	-95.143723
216.677856	-94.883224
217.350769	-94.988373
218.023682	-95.016762
218.696594	-95.379982
219.369507	-96.350456
220.042419	-97.264267
220.715332	-98.364601
221.388245	-98.928772
222.061157	-98.993988
222.734070	-99.443825
223.406982	-100.135460
224.079895	-100.839340
224.752808	-100.488976
225.425720	-99.438202
226.098633	-97.915184
226.771545	-97.119980
227.444458	-97.408676
228.117371	-98.134521
228.790283	-99.246811
229.463196	-100.637001
230.136108	-102.282555
230.809021	-102.707603
231.481934	-102.534729
232.154846	-102.180672
232.827759	-102.234238
233.500671	-102.913895
234.173584	-102.984459
234.846497	-103.024979
235.519409	-103.151886
236.192322	-103.226570
236.865234	-103.279762
237.538147	-102.874382
238.211060	-101.859886
238.883972	-100.739067
239.556885	-99.881546
240.229797	-98.982124
240.902710	-98.384750
241.575623	-98.410988
242.248535	-98.989044
242.921448	-99.513603
243.594360	-99.582870
244.267273	-99.145844
244.940186	-98.694389
245.613098	-97.982719
246.286011	-97.400909
246.958923	-96.970871
247.631836	-96.662125
248.304749	-97.019890
248.977661	-98.281639
249.650574	-99.262703
250.323486	-99.557846
250.996399	-99.472816
251.669312	-99.269547
252.342224	-98.180237
253.015137	-97.187271
253.688049	-97.318604
254.360962	-97.945038
255.033875	-99.023575
255.706787	-99.717796
256.379700	-99.364220
257.052612	-98.685394
257.725525	-98.174423
258.398438	-97.151901
259.071350	-95.884178
259.744263	-94.717384
260.417175	-93.587349
261.090088	-93.100266
261.763000	-93.012711
262.435913	-92.308517
263.108826	-91.998833
263.781738	-92.172096
264.454651	-92.721382
265.127563	-93.792397
265.800476	-94.964302
266.473389	-96.522758
267.146301	-97.298492
267.819214	-97.484947
268.492126	-97.797577
269.165039	-97.781342
269.837952	-97.770737
270.510864	-97.780502
271.183777	-97.657990
271.856689	-97.638618
272.529602	-97.277954
273.202515	-97.179176
273.875427	-97.914276
274.548340	-98.195580
275.221252	-97.669189
275.894165	-96.804855
276.567078	-95.929909
277.239990	-94.756935
277.912903	-93.924538
278.585815	-93.403877
279.258728	-93.579391
279.931641	-94.365646
280.604553	-95.749619
281.277466	-97.662827
281.950378	-99.336319
282.623291	-100.693314
283.296204	-101.257141
283.969116	-100.184853
284.642029	-98.908699
285.314941	-98.551239
285.987854	-98.182098
286.660767	-98.341919
287.333679	-99.145584
288.006592	-100.066925
288.679504	-101.022690
289.352417	-101.472145
290.025330	-101.442085
290.698242	-100.816505
291.371155	-100.286903
292.044067	-100.463692
292.716980	-100.099716
293.389893	-99.257004
294.062805	-99.031128
294.735718	-98.529343
295.408630	-98.217621
296.081543	-98.463188
296.754456	-98.510315
297.427368	-98.552094
298.100281	-98.735664
298.773193	-99.159225
299.446106	-99.853355
300.119019	-100.257454
300.791931	-100.693718
301.464844	-101.262177
302.137756	-102.190712
302.810669	-102.941429
303.483582	-103.096420
304.156494	-102.171150
304.829407	-101.298164
305.502319	-100.942238
306.175232	-101.059525
306.848145	-101.591034
307.521057	-101.938133
308.193970	-102.355820
308.866882	-102.814468
309.539795	-102.945351
310.212708	-103.322540
310.885620	-103.937706
311.558533	-104.334999
312.231445	-103.433762
312.904358	-102.143089
313.577271	-101.041344
314.250183	-99.795525
314.923096	-98.414597
315.596008	-97.131409
316.268921	-96.509506
316.941833	-96.546921
317.614746	-96.679405
318.287659	-97.130821
318.960571	-97.547516
319.633484	-97.644409
320.306396	-96.948471
320.979309	-96.104729
321.652222	-96.103554
322.325134	-97.105919
322.998047	-98.183189
323.670959	-98.473198
324.343872	-98.779907
325.016785	-98.492035
325.689697	-98.018913
326.362610	-98.271889
327.035522	-98.769958
327.708435	-99.641258
328.381348	-100.261559
329.054260	-100.616013
329.727173	-100.659958
330.400085	-100.636154
331.072998	-100.724709
331.745911	-100.849098
332.418823	-101.342369
333.091736	-101.693230
333.764648	-102.279587
334.437561	-102.503609
335.110474	-99.534431
335.783386	-98.916496
336.456299	-99.223572
337.129211	-99.681213
337.802124	-100.248741
338.475037	-100.782173
339.147949	-101.688187
339.820862	-103.389191
340.493774	-104.396584
341.166687	-102.677338
341.839600	-101.696671
342.512512	-101.574837
343.185425	-101.788055
343.858337	-102.362297
344.531250	-102.936653
345.204163	-103.996323
345.877075	-104.629433
346.549988	-105.083076
347.222900	-104.702248
347.895813	-104.179718
348.568726	-103.984871
349.241638	-103.845566
349.914551	-103.838097
350.587463	-103.771164
351.260376	-104.203705
351.933289	-104.234436
352.606201	-104.361244
353.279114	-103.928894
353.952026	-103.014908
354.624939	-101.562782
355.297852	-100.335449
355.970764	-99.041931
356.643677	-98.350204
357.316589	-98.659279
357.989502	-99.327309
358.662415	-100.012894
359.335327	-100.558601
360.008240	-101.137627
360.681152	-101.637718
361.354065	-101.707680
362.026978	-101.358185
362.699890	-101.440514
363.372803	-101.332550
364.045715	-100.314896
364.718628	-98.846336
365.391541	-97.280846
366.064453	-95.666832
366.737366	-94.681740
367.410278	-94.510834
368.083191	-95.175674
368.756104	-96.618095
369.429016	-98.877762
370.101929	-101.174835
370.774841	-102.450829
371.447754	-103.157761
372.120667	-103.638092
372.793579	-103.635963
373.466492	-103.576561
374.139404	-103.382080
374.812317	-102.979736
375.485229	-102.612030
376.158142	-101.804794
376.831055	-101.450142
377.503967	-101.672798
378.176880	-102.602180
378.849792	-103.502563
379.522705	-103.798729
380.195618	-104.334991
380.868530	-104.272697
381.541443	-104.050568
382.214355	-103.783867
382.887268	-103.962440
383.560181	-103.727341
384.233093	-104.006828
384.906006	-104.167442
385.578918	-103.903526
386.251831	-104.042580
386.924744	-104.423935
387.597656	-104.204086
388.270569	-104.398010
388.943481	-105.091484
389.616394	-105.204239
390.289307	-105.304489
390.962219	-104.845970
391.635132	-105.548248
392.308044	-105.739655
392.980957	-105.167130
393.653870	-105.426262
394.326782	-104.917496
394.999695	-103.797447
395.672607	-102.525536
396.345520	-101.583664
397.018433	-100.372742
397.691345	-99.289452
398.364258	-99.071823
399.037170	-99.609352
399.710083	-99.796944
400.382996	-99.496361
401.055908	-98.684235
401.728821	-98.116379
402.401733	-98.355148
403.074646	-98.676674
403.747559	-99.337158
404.420471	-99.653938
405.093384	-100.192909
405.766296	-100.831032
406.439209	-100.678955
407.112122	-99.500549
407.785034	-99.354767
408.457947	-100.408981
409.130859	-100.834320
409.803772	-101.114601
410.476685	-101.236267
411.149597	-101.211617
411.822510	-101.961189
412.495422	-102.928101
413.168335	-102.945427
413.841248	-102.691177
414.514160	-102.598785
415.187073	-102.915543
415.859985	-103.915283
416.532898	-105.225815
417.205811	-104.907906
417.878723	-104.594307
418.551636	-104.320122
419.224548	-104.117783
419.897461	-103.562851
420.570374	-103.327019
421.243286	-102.825912
421.916199	-102.395454
422.589111	-102.189438
423.262024	-102.420219
423.934937	-102.699921
424.607849	-102.806252
425.280762	-102.296745
425.953674	-101.722992
426.626587	-101.766136
427.299500	-102.060371
427.972412	-102.015358
428.645325	-102.417648
429.318237	-103.169685
429.991150	-103.381714
430.664062	-103.877632
431.336975	-104.049599
432.009888	-103.939430
432.682800	-104.036293
433.355713	-104.567039
434.028625	-104.836586
434.701538	-104.778557
435.374451	-104.676788
436.047363	-104.868469
436.720276	-105.510994
437.393188	-105.896034
438.066101	-105.944641
438.739014	-105.088989
439.411926	-103.878853
440.084839	-103.641273
440.757751	-102.946800
441.430664	-101.972328
442.103577	-101.458572
442.776489	-101.400040
443.449402	-101.746231
444.122314	-102.737679
444.795227	-103.913727
445.468140	-104.275528
446.141052	-103.242134
446.813965	-102.124641
447.486877	-101.062157
448.159790	-100.437126
448.832703	-100.300278
449.505615	-100.761124
450.178528	-101.508972
450.851440	-102.411804
451.524353	-103.310539
452.197266	-103.597862
452.870178	-103.509354
453.543091	-103.164528
454.216003	-102.950310
454.888916	-102.969391
455.561829	-103.291710
456.234741	-104.017761
456.907654	-105.035240
457.580566	-105.612587
458.253479	-106.066040
458.926392	-106.050835
459.599304	-105.911751
460.272217	-105.926743
460.945129	-106.356186
461.618042	-107.230042
462.290955	-107.458252
462.963867	-107.195007
463.636780	-106.832993
464.309692	-106.747932
464.982605	-107.725792
465.655518	-108.226059
466.328430	-108.330643
467.001343	-108.620911
467.674255	-108.496880
468.347168	-108.627243
469.020081	-108.137054
469.692993	-107.657959
470.365906	-106.982346
471.038818	-106.759949
471.711731	-106.936295
472.384644	-106.787926
473.057556	-106.882568
473.730469	-106.945892
474.403381	-107.036888
475.076294	-107.181183
475.749207	-106.714645
476.422119	-105.874153
477.095032	-104.236496
477.767944	-102.866501
478.440857	-101.841568
479.113770	-101.147606
479.786682	-100.811897
480.459595	-101.009560
481.132507	-101.231033
481.805420	-101.220261
482.478333	-100.980522
483.151245	-100.590981
483.824158	-100.253418
484.497070	-100.279114
485.169983	-100.305550
485.842896	-100.088890
486.515808	-99.868050
487.188721	-100.292320
487.861633	-101.890305
488.534546	-103.888161
489.207458	-105.069130
489.880371	-105.552849
490.553284	-105.941177
491.226196	-107.020294
491.899109	-108.119797
492.572021	-108.364677
493.244934	-108.519661
493.917847	-108.507462
494.590759	-107.977646
495.263672	-107.352142
495.936584	-106.922569
496.609497	-106.812424
497.282410	-106.766792
497.955322	-107.182114
498.628235	-108.337234
499.301147	-109.293091
499.974060	-109.519020
500.646973	-109.432579
501.319885	-109.210220
501.992798	-108.696671
502.665710	-108.255394
503.338623	-108.361115
504.011536	-108.250847
504.684448	-108.038506
505.357361	-108.381111
506.030273	-108.128532
506.703186	-107.627831
507.376099	-107.111023
508.049011	-106.761139
508.721924	-106.124619
509.394836	-105.350304
510.067749	-105.098251
510.740662	-104.698578
511.413574	-104.319550
512.086487	-104.092918
512.759399	-103.525291
513.432312	-102.934929
514.105225	-102.472557
514.778137	-102.657944
515.451050	-103.216248
516.123962	-103.799812
516.796875	-104.052750
517.469788	-103.583336
518.142700	-102.302620
518.815613	-100.382980
519.488525	-98.654221
520.161438	-97.935295
520.834351	-98.480392
521.507263	-100.131760
522.180176	-102.560158
522.853088	-105.560104
523.526001	-106.668686
524.198914	-106.812958
524.871826	-106.645966
525.544739	-106.926262
526.217651	-107.486092
526.890564	-108.092575
527.563477	-108.380661
528.236389	-108.727570
528.909302	-110.152649
529.582214	-110.411201
530.255127	-109.479324
530.928040	-109.634666
531.600952	-110.123505
532.273865	-109.631683
532.946777	-109.251122
533.619690	-109.357559
534.292603	-109.769348
534.965515	-110.309837
535.638428	-110.202469
536.311340	-109.867378
536.984253	-109.555580
537.657166	-109.194000
538.330078	-108.987396
539.002991	-109.020500
539.675903	-108.703369
540.348816	-108.192223
541.021729	-108.081261
541.694641	-108.524338
542.367554	-109.315399
543.040466	-109.436333
543.713379	-109.789299
544.386292	-110.007690
545.059204	-109.829414
545.732117	-109.727051
546.405029	-109.454872
547.077942	-109.694199
547.750854	-110.388962
548.423767	-110.033073
549.096680	-109.592972
549.769592	-109.351898
550.442505	-108.872726
551.115417	-108.517860
551.788330	-108.459106
552.461243	-108.170052
553.134155	-107.679260
553.807068	-107.372871
554.479980	-107.481621
555.152893	-107.616508
555.825806	-107.638802
556.498718	-107.187386
557.171631	-107.259773
557.844543	-107.353584
558.517456	-107.501411
559.190369	-107.916328
559.863281	-108.543144
560.536194	-108.885155
561.209106	-109.409752
561.882019	-109.697800
562.554932	-110.192589
563.227844	-110.782204
563.900757	-111.191437
564.573669	-111.822327
565.246582	-111.751236
565.919495	-112.063316
566.592407	-112.229118
567.265320	-111.872917
567.938232	-111.289246
568.611145	-110.629250
569.284058	-110.130981
569.956970	-109.808746
570.629883	-109.437523
571.302795	-109.376221
571.975708	-110.353127
572.648621	-110.896133
573.321533	-111.188248
573.994446	-111.153091
574.667358	-110.641739
575.340271	-110.227737
576.013184	-110.538651
576.686096	-111.080788
577.359009	-110.709007
578.031921	-110.459450
578.704834	-110.703766
579.377747	-111.064919
580.050659	-111.696022
580.723572	-112.224739
581.396484	-111.942268
582.069397	-112.270409
582.742310	-112.441727
583.415222	-111.959114
584.088135	-112.043678
584.761047	-111.862961
585.433960	-111.114685
586.106873	-110.325043
586.779785	-109.954430
587.452698	-110.236191
588.125610	-110.445595
588.798523	-110.742233
589.471436	-110.760674
590.144348	-110.685944
590.817261	-111.087662
591.490173	-110.933731
592.163086	-110.919205
592.835999	-110.788338
593.508911	-110.207214
594.181824	-109.747780
594.854736	-109.415779
595.527649	-109.148453
596.200562	-108.952034
596.873474	-109.091133
597.546387	-108.978951
598.219299	-109.097260
598.892212	-109.198708
599.565125	-109.146278
600.238037	-109.475655
600.910950	-109.890457
601.583862	-110.425377
602.256775	-111.300781
602.929688	-111.334244
603.602600	-110.622940
604.275513	-109.676460
604.948425	-109.210114
605.621338	-109.697670
606.294250	-109.819748
606.967163	-109.835106
607.640076	-110.076805
608.312988	-110.202400
608.985901	-110.370621
609.658813	-110.725235
610.331726	-111.769386
611.004639	-112.655548
611.677551	-113.191048
612.350464	-112.948082
613.023376	-112.078712
613.696289	-111.279457
614.369202	-110.976112
615.042114	-110.885963
615.715027	-110.405449
616.387939	-110.260635
617.060852	-110.282433
617.733765	-110.736412
618.406677	-111.829712
619.079590	-112.182632
619.752502	-111.964745
620.425415	-111.817566
621.098328	-111.458817
621.771240	-111.758308
622.444153	-112.532387
623.117065	-113.121635
623.789978	-113.665070
624.462891	-113.413040
625.135803	-113.157509
625.808716	-113.476799
626.481628	-113.752487
627.154541	-114.022362
627.827454	-113.739822
628.500366	-113.406403
629.173279	-113.069992
629.846191	-112.342613
630.519104	-111.220985
631.192017	-110.502693
631.864929	-110.403313
632.537842	-111.099915
633.210754	-111.702217
633.883667	-111.512146
634.556580	-111.451103
635.229492	-112.154938
635.902405	-112.817596
636.575317	-113.206306
637.248230	-113.271042
637.921143	-113.642090
638.594055	-114.064484
639.266968	-114.174034
639.939880	-113.709793
640.612793	-113.721214
641.285706	-113.491920
641.958618	-113.742149
642.631531	-113.392235
643.304443	-112.635918
643.977356	-111.241211
644.650269	-110.372971
645.323181	-110.905487
645.996094	-111.973038
646.669006	-111.162102
647.341919	-110.543404
648.014832	-110.318100
648.687744	-109.633537
649.360657	-109.430412
650.033569	-109.552299
650.706482	-109.682869
651.379395	-110.427147
652.052307	-111.029778
652.725220	-111.195923
653.398132	-111.092026
654.071045	-110.774261
654.743958	-110.895088
655.416870	-110.831367
656.089783	-110.990807
656.762695	-111.746048
657.435608	-112.250465
658.108521	-112.104645
658.781433	-111.510254
659.454346	-110.716110
660.127258	-110.016006
660.800171	-109.809830
661.473083	-110.339554
662.145996	-111.270302
662.818909	-112.047157
663.491821	-110.992943
664.164734	-110.592026
664.837646	-111.008972
665.510559	-111.359932
666.183472	-112.632416
666.856384	-112.293694
667.529297	-111.348961
668.202209	-111.032852
668.875122	-111.090279
669.548035	-111.149384
670.220947	-111.660881
670.893860	-111.647980
671.566772	-111.411346
672.239685	-111.054253
672.912598	-111.150208
673.585510	-111.200302
674.258423	-111.065765
674.931335	-111.320099
675.604248	-110.859589
676.277161	-110.839272
676.950073	-110.236588
677.622986	-109.851173
678.295898	-110.503937
678.968811	-111.028481
679.641724	-111.956245
680.314636	-112.590714
680.987549	-111.418518
681.660461	-110.646500
682.333374	-110.034813
683.006287	-110.119370
683.679199	-110.405258
684.352112	-110.101204
685.025024	-110.408127
685.697937	-110.711617
686.370850	-110.955139
687.043762	-111.329536
687.716675	-111.760574
688.389587	-111.901588
689.062500	-112.425606
689.735413	-112.753296
690.408325	-112.379440
691.081238	-112.254868
691.754150	-112.138321
692.427063	-112.333275
693.099976	-112.921921
693.772888	-113.098625
694.445801	-113.082443
695.118713	-113.867470
695.791626	-113.816277
696.464539	-113.700371
697.137451	-114.249657
697.810364	-113.878006
698.483276	-113.161278
699.156189	-112.398376
699.829102	-111.630966
700.502014	-111.387947
701.174927	-110.618774
701.847839	-110.412971
702.520752	-111.340286
703.193665	-111.352798
703.866577	-111.312790
704.539490	-111.278946
705.212402	-110.824211
705.885315	-110.875244
706.558228	-110.748703
707.231140	-110.983360
707.904053	-111.188942
708.576965	-110.870659
709.249878	-111.888947
709.922791	-111.897125
710.595703	-111.571754
711.268616	-111.486244
711.941528	-111.773903
712.614441	-111.906143
713.287354	-112.023399
713.960266	-112.186378
714.633179	-112.113235
715.306091	-112.041046
715.979004	-111.580330
716.651917	-111.184647
717.324829	-110.937767
717.997742	-111.050179
718.670654	-111.147079
719.343567	-111.023224
720.016479	-111.208054
720.689392	-111.366035
721.362305	-111.459572
722.035217	-112.055389
722.708130	-111.674210
723.381042	-111.212746
724.053955	-110.522705
724.726868	-109.898369
725.399780	-109.080956
726.072693	-108.924217
726.745605	-108.890045
727.418518	-109.173302
728.091431	-109.417397
728.764343	-109.663399
729.437256	-109.911705
730.110168	-109.932281
730.783081	-110.467331
731.455994	-110.886688
732.128906	-111.132065
732.801819	-111.593842
733.474731	-112.356239
734.147644	-112.078049
734.820557	-111.934364
735.493469	-111.609627
736.166382	-110.974136
736.839294	-111.340965
737.512207	-111.596603
738.185120	-111.352173
738.858032	-110.968353
739.530945	-110.141541
740.203857	-110.164940
740.876770	-110.405899
741.549683	-110.262657
742.222595	-110.151726
742.895508	-110.381989
743.568420	-110.874512
744.241333	-110.521065
744.914246	-109.957237
745.587158	-110.126503
746.260071	-110.294823
746.932983	-110.096024
747.605896	-110.219536
748.278809	-109.433685
748.951721	-109.731659
749.624634	-110.252792
750.297546	-110.355072
750.970459	-110.881294
751.643372	-111.483864
752.316284	-111.788231
752.989197	-111.953201
753.662109	-112.469254
754.335022	-113.081635
755.007935	-113.106689
755.680847	-113.131180
756.353760	-113.289619
757.026672	-113.545830
757.699585	-113.170006
758.372498	-113.041725
759.045410	-112.659821
759.718323	-112.555603
760.391235	-112.766182
761.064148	-112.233490
761.737061	-111.952248
762.409973	-112.302872
763.082886	-113.156937
763.755798	-113.590759
764.428711	-113.328850
765.101624	-113.085289
765.774536	-113.114929
766.447449	-113.238243
767.120361	-113.806046
767.793274	-114.342110
768.466187	-114.201942
769.139099	-113.941628
769.812012	-113.637749
770.484924	-114.025757
771.157837	-114.287537
771.830750	-114.009995
772.503662	-113.759476
773.176575	-113.532249
773.849487	-113.521904
774.522400	-113.051331
775.195312	-112.733376
775.868225	-113.133385
776.541138	-113.295906
777.214050	-112.951576
777.886963	-111.896248
778.559875	-111.551231
779.232788	-111.824181
779.905701	-112.338387
780.578613	-112.624588
781.251526	-113.254250
781.924438	-113.365738
782.597351	-112.765656
783.270264	-112.822342
783.943176	-113.252640
784.616089	-113.169205
785.289001	-112.751839
785.961914	-112.263733
786.634827	-112.517693
787.307739	-112.882133
787.980652	-113.098946
788.653564	-113.217239
789.326477	-113.246094
789.999390	-112.590218
790.672302	-112.682564
791.345215	-112.326706
792.018127	-112.138290
792.691040	-112.762161
793.363953	-112.954849
794.036865	-112.322289
794.709778	-111.670059
795.382690	-110.554626
796.055603	-109.872154
796.728516	-110.007187
797.401428	-110.724762
798.074341	-111.688538
798.747253	-112.711227
799.420166	-113.507637
800.093079	-114.692810
800.765991	-115.214333
801.438904	-115.239426
802.111816	-114.789360
802.784729	-114.516785
803.457642	-114.218353
804.130554	-113.756142
804.803467	-113.192627
805.476379	-112.461441
806.149292	-112.102547
806.822205	-111.487350
807.495117	-111.414749
808.168030	-112.235031
808.840942	-113.167717
809.513855	-113.541855
810.186768	-114.054764
810.859680	-113.775314
811.532593	-113.042610
812.205505	-112.985291
812.878418	-113.146912
813.551331	-113.748360
814.224243	-114.367004
814.897156	-114.486053
815.570068	-114.489807
816.242981	-114.889709
816.915894	-114.777214
817.588806	-114.682137
818.261719	-115.106247
818.934631	-115.525581
819.607544	-115.763725
820.280457	-114.925522
820.953369	-115.113754
821.626282	-115.753288
822.299194	-115.279068
822.972107	-114.905830
823.645020	-115.032669
824.317932	-114.690491
824.990845	-113.623795
825.663757	-113.069405
826.336670	-113.283371
827.009583	-113.433754
827.682495	-113.670639
828.355408	-114.120651
829.028320	-114.214478
829.701233	-113.956711
830.374146	-114.075523
831.047058	-114.159142
831.719971	-114.318657
832.392883	-114.734894
833.065796	-114.477562
833.738708	-114.330315
834.411621	-113.985794
835.084534	-113.508430
835.757446	-113.390404
836.430359	-113.525925
837.103271	-113.745483
837.776184	-114.098701
838.449097	-114.442917
839.122009	-114.520439
839.794922	-114.607849
840.467834	-114.522598
841.140747	-114.359711
841.813660	-113.905838
842.486572	-113.477722
843.159485	-113.368660
843.832397	-113.407028
844.505310	-113.820015
845.178223	-113.967819
845.851135	-113.952965
846.524048	-113.308945
847.196960	-112.740730
847.869873	-113.007095
848.542786	-113.154922
849.215698	-113.334084
849.888611	-113.976906
850.561523	-114.337166
851.234436	-113.901093
851.907349	-113.742821
852.580261	-113.246498
853.253174	-112.704735
853.926086	-112.500763
854.598999	-112.504395
855.271912	-113.048775
855.944824	-113.900261
856.617737	-114.376640
857.290649	-114.879181
857.963562	-115.448746
858.636475	-115.115669
859.309387	-114.630669
859.982300	-114.059090
860.655212	-114.306580
861.328125	-114.444504
862.001038	-114.242668
862.673950	-114.662712
863.346863	-114.793304
864.019775	-114.233894
864.692688	-114.182045
865.365601	-115.047501
866.038513	-114.668861
866.711426	-114.132416
867.384338	-114.477448
868.057251	-114.923927
868.730164	-114.622375
869.403076	-114.173096
870.075989	-114.475456
870.748901	-114.581314
871.421814	-114.379753
872.094727	-114.886253
872.767639	-114.815163
873.440552	-114.506081
874.113464	-114.498367
874.786377	-114.833145
875.459290	-114.893852
876.132202	-114.953896
876.805115	-115.281425
877.478027	-115.277092
878.150940	-115.174507
878.823853	-115.294716
879.496765	-115.576187
880.169678	-115.724457
880.842590	-115.636818
881.515503	-115.059906
882.188416	-114.512947
882.861328	-114.548454
883.534241	-114.408234
884.207153	-115.007141
884.880066	-115.049240
885.552979	-114.949104
886.225891	-114.715790
886.898804	-114.334328
887.571716	-114.346413
888.244629	-113.555786
888.917542	-112.895111
889.590454	-113.307800
890.263367	-113.904785
890.936279	-114.040405
891.609192	-114.170738
892.282104	-114.456093
892.955017	-114.836807
893.627930	-114.943199
894.300842	-115.497604
894.973755	-115.595375
895.646667	-115.037155
896.319580	-115.014015
896.992493	-114.841637
897.665405	-114.260368
898.338318	-114.224457
899.011230	-114.135117
899.684143	-114.326767
900.357056	-114.042259
901.029968	-113.038834
901.702881	-113.191307
902.375793	-114.188850
903.048706	-114.410507
903.721619	-114.455833
904.394531	-113.951973
905.067444	-114.068665
905.740356	-114.658646
906.413269	-114.979042
907.086182	-115.099640
907.759094	-114.683678
908.432007	-115.177467
909.104919	-114.966812
909.777832	-114.580627
910.450745	-114.873108
911.123657	-115.464478
911.796570	-115.423439
912.469482	-115.103561
913.142395	-115.169121
913.815308	-115.434708
914.488220	-115.101227
915.161133	-114.606766
915.834045	-114.322884
916.506958	-114.271011
917.179871	-114.294487
917.852783	-114.560730
918.525696	-114.877098
919.198608	-115.366760
919.871521	-115.306694
920.544434	-115.299561
921.217346	-115.178627
921.890259	-115.098976
922.563171	-115.003777
923.236084	-115.235077
923.908997	-115.190781
924.581909	-114.894135
925.254822	-114.759262
925.927734	-115.239555
926.600647	-115.485977
927.273560	-114.816673
927.946472	-114.208122
928.619385	-114.438690
929.292297	-114.331703
929.965210	-114.227875
930.638123	-114.458717
931.311035	-114.536423
931.983948	-114.798180
932.656860	-115.127090
933.329773	-114.728004
934.002686	-114.619408
934.675598	-114.356407
935.348511	-114.519646
936.021423	-114.422249
936.694336	-114.778023
937.367249	-114.931923
938.040161	-115.231369
938.713074	-115.189667
939.385986	-115.497093
940.058899	-115.277611
940.731812	-115.279205
941.404724	-115.264595
942.077637	-115.170395
942.750549	-115.185257
943.423462	-115.231354
944.096375	-115.673798
944.769287	-115.835442
945.442200	-115.616219
946.115112	-115.213074
946.788025	-115.130936
947.460938	-115.276283
948.133850	-115.126396
948.806763	-115.343636
949.479675	-115.416252
950.152588	-115.651924
950.825500	-115.541183
951.498413	-115.840767
952.171326	-116.164383
952.844238	-116.302734
953.517151	-115.855370
954.190063	-115.568359
954.862976	-115.293228
955.535889	-115.237984
956.208801	-115.285210
956.881714	-115.077278
957.554626	-115.370697
958.227539	-115.275040
958.900452	-114.791367
959.573364	-114.586456
960.246277	-114.543228
960.919189	-113.667130
961.592102	-113.263222
962.265015	-113.169876
962.937927	-112.930305
963.610840	-112.915642
964.283752	-113.076698
964.956665	-113.530167
965.629578	-114.141777
966.302490	-114.570442
966.975403	-114.839371
967.648315	-114.802078
968.321228	-114.897186
968.994141	-115.260857
969.667053	-114.934715
970.339966	-114.283348
971.012878	-114.299622
971.685791	-114.859604
972.358704	-114.795357
973.031616	-115.320496
973.704529	-114.839470
974.377441	-114.843613
975.050354	-115.618912
975.723267	-116.001427
976.396179	-116.292290
977.069092	-115.799911
977.742004	-114.864822
978.414917	-114.759148
979.087830	-115.336288
979.760742	-115.229218
980.433655	-115.752205
981.106567	-115.462547
981.779480	-115.227776
982.452393	-115.276543
983.125305	-115.061440
983.798218	-115.438454
984.471130	-115.563110
985.144043	-115.978577
985.816956	-115.521049
986.489868	-115.566338
987.162781	-115.895035
987.835693	-115.518684
988.508606	-115.518791
989.181519	-115.615685
989.854431	-115.663452
990.527344	-115.384377
991.200256	-115.764816
991.873169	-116.089653
992.546082	-116.212296
993.218994	-115.871567
993.891907	-115.543312
994.564819	-115.489052
995.237732	-115.413040
995.910645	-114.831375
996.583557	-114.309067
997.256470	-113.392746
997.929382	-112.360283
998.602295	-111.554459
999.275208	-111.180161
999.948120	-110.709961
1000.621033	-110.890251
1001.293945	-112.007088
1001.966858	-113.263351
1002.639771	-113.595825
1003.312683	-113.626915
1003.985596	-113.569878
1004.658508	-113.164711
1005.331421	-112.407440
1006.004333	-112.244247
1006.677246	-112.447502
1007.350159	-112.894684
1008.023071	-113.493462
1008.695984	-113.749161
1009.368896	-113.970337
1010.041809	-114.304939
1010.714722	-114.972984
1011.387634	-115.065498
1012.060547	-115.331055
1012.733459	-116.110268
1013.406372	-116.261681
1014.079285	-116.098923
1014.752197	-116.264984
1015.425110	-115.960655
1016.098022	-115.809944
1016.770935	-115.647461
1017.443848	-116.358299
1018.116760	-116.665359
1018.789673	-116.850090
1019.462585	-116.868004
1020.135498	-116.876541
1020.808411	-116.417839
1021.481323	-116.188782
1022.154236	-116.295601
1022.827148	-116.487343
1023.500061	-116.662544
1024.172974	-116.875320
1024.845886	-116.126808
1025.518799	-115.023163
1026.191711	-115.361694
1026.864624	-116.134163
1027.537537	-115.864426
1028.210449	-115.557846
1028.883362	-116.211632
1029.556274	-116.703133
1030.229187	-117.140434
1030.902100	-116.512398
1031.575012	-115.768440
1032.247925	-115.697250
1032.920837	-116.464203
1033.593750	-115.416374
1034.266663	-114.362778
1034.939575	-114.823372
1035.612488	-115.600311
1036.285400	-116.020218
1036.958313	-116.571892
1037.631226	-115.977486
1038.304138	-115.798470
1038.977051	-115.666122
1039.649963	-115.187103
1040.322876	-115.429039
1040.995789	-115.424225
1041.668701	-115.632080
1042.341614	-116.054413
1043.014526	-115.957161
1043.687439	-115.631607
1044.360352	-115.571274
1045.033264	-115.725563
1045.706177	-116.044106
1046.379089	-116.192070
1047.052002	-116.036644
1047.724915	-115.197739
1048.397827	-114.708076
1049.070740	-114.370445
1049.743652	-113.937927
1050.416565	-113.369713
1051.089478	-113.254196
1051.762390	-112.611313
1052.435303	-111.901016
1053.108215	-112.221451
1053.781128	-113.118240
1054.454041	-113.476082
1055.126953	-114.337631
1055.799866	-114.275688
1056.472778	-113.978477
1057.145691	-114.559273
1057.818604	-114.575935
1058.491516	-114.767212
1059.164429	-115.513092
1059.837341	-115.807755
1060.510254	-116.152191
1061.183167	-116.307953
1061.856079	-116.084747
1062.528992	-116.303818
1063.201904	-116.233955
1063.874817	-115.926178
1064.547729	-115.813408
1065.220642	-116.054070
1065.893555	-116.403709
1066.566467	-116.676804
1067.239380	-116.781013
1067.912292	-116.625938
1068.585205	-116.727211
1069.258118	-116.718567
1069.931030	-116.959427
1070.603943	-117.464371
1071.276855	-117.410866
1071.949768	-116.843254
1072.622681	-116.513206
1073.295593	-116.711693
1073.968506	-117.029175
1074.641418	-117.008118
1075.314331	-116.487587
1075.987244	-116.289246
1076.660156	-116.464523
1077.333069	-116.509483
1078.005981	-116.628014
1078.678894	-116.650887
1079.351807	-116.185341
1080.024719	-115.935608
1080.697632	-115.913368
1081.370544	-115.945602
1082.043457	-115.972542
1082.716370	-116.266663
1083.389282	-116.235405
1084.062195	-115.876274
1084.735107	-115.459946
1085.408020	-115.222496
1086.080933	-115.315140
1086.753845	-115.076653
1087.426758	-114.208893
1088.099670	-113.742722
1088.772583	-113.945435
1089.445496	-114.420128
1090.118408	-114.186287
1090.791321	-113.790298
1091.464233	-113.721474
1092.137146	-113.915337
1092.810059	-114.189606
1093.482971	-114.176704
1094.155884	-114.437645
1094.828796	-115.045296
1095.501709	-114.967651
1096.174622	-115.077507
1096.847534	-115.003410
1097.520447	-115.080048
1098.193359	-115.125786
1098.866272	-114.445457
1099.539185	-113.960304
1100.212097	-113.386429
1100.885010	-113.114403
1101.557922	-112.984909
1102.230835	-113.110336
1102.903748	-113.650101
1103.576660	-113.697319
1104.249573	-114.215935
1104.922485	-115.129234
1105.595398	-115.581734
1106.268311	-116.394203
1106.941223	-117.170258
1107.614136	-116.795425
1108.287048	-116.887718
1108.959961	-117.252296
1109.632874	-117.211784
1110.305786	-116.509949
1110.978699	-116.844345
1111.651611	-116.266602
1112.324524	-115.477127
1112.997437	-115.134811
1113.670349	-115.358482
1114.343262	-115.113167
1115.016174	-115.365364
1115.689087	-115.793594
1116.362000	-116.030205
1117.034912	-116.187492
1117.707825	-116.198296
1118.380737	-116.526253
1119.053650	-116.593224
1119.726562	-116.306015
1120.399475	-116.087502
1121.072388	-116.268654
1121.745300	-116.023949
1122.418213	-116.201752
1123.091125	-116.676147
1123.764038	-116.429039
1124.436951	-116.389122
1125.109863	-116.402191
1125.782776	-116.701279
1126.455688	-116.674866
1127.128601	-117.029083
1127.801514	-116.930183
1128.474426	-116.978134
1129.147339	-116.934326
1129.820251	-116.813377
1130.493164	-116.555031
1131.166077	-116.525024
1131.838989	-116.588799
1132.511902	-116.252174
1133.184814	-115.905716
1133.857727	-115.721046
1134.530640	-116.003090
1135.203552	-116.213829
1135.876465	-115.754738
1136.549377	-115.605469
1137.222290	-115.347466
1137.895203	-115.400017
1138.568115	-115.447227
1139.241028	-115.418556
1139.913940	-115.424362
1140.586853	-115.164093
1141.259766	-114.881233
1141.932678	-114.832603
1142.605591	-114.758636
1143.278503	-114.042961
1143.951416	-114.255142
1144.624329	-114.475868
1145.297241	-113.718903
1145.970154	-113.190979
1146.643066	-113.205940
1147.315979	-113.336334
1147.988892	-113.084702
1148.661804	-112.962921
1149.334717	-113.420265
1150.007629	-113.833054
1150.680542	-114.511757
1151.353455	-114.143089
1152.026367	-113.516022
1152.699280	-113.365738
1153.372192	-113.988167
1154.045105	-114.729630
1154.718018	-115.338074
1155.390930	-115.198723
1156.063843	-115.400711
1156.736755	-115.709846
1157.409668	-115.517929
1158.082581	-115.581055
1158.755493	-116.044296
1159.428406	-116.139778
1160.101318	-116.300270
1160.774231	-116.709259
1161.447144	-116.458794
1162.120056	-116.630165
1162.792969	-116.836693
1163.465881	-117.180374
1164.138794	-117.052666
1164.811707	-117.471519
1165.484619	-117.031525
1166.157532	-116.468620
1166.830444	-116.591843
1167.503357	-116.771881
1168.176270	-116.918121
1168.849182	-116.877731
1169.522095	-117.214752
1170.195007	-117.195717
1170.867920	-117.221931
1171.540833	-117.496399
1172.213745	-117.382187
1172.886658	-116.990173
1173.559570	-117.271042
1174.232483	-117.335472
1174.905396	-117.585159
1175.578308	-117.473778
1176.251221	-117.071259
1176.924133	-117.057220
1177.597046	-116.917732
1178.269958	-116.816368
1178.942871	-116.912361
1179.615784	-116.885002
1180.288696	-116.400940
1180.961609	-116.633003
1181.634521	-116.520737
1182.307434	-116.010712
1182.980347	-116.166710
1183.653259	-116.240967
1184.326172	-116.370377
1184.999084	-116.274635
1185.671997	-116.029915
1186.344910	-116.232201
1187.017822	-116.044098
1187.690735	-115.705597
1188.363647	-115.595856
1189.036560	-115.669632
1189.709473	-116.094330
1190.382385	-115.799286
1191.055298	-115.983795
1191.728210	-116.627541
1192.401123	-117.199219
1193.074036	-117.408546
1193.746948	-117.303688
1194.419861	-117.471771
1195.092773	-117.075401
1195.765686	-117.055809
1196.438599	-117.269264
1197.111511	-116.826698
1197.784424	-117.300598
1198.457336	-117.150833
1199.130249	-117.174530
1199.803162	-117.395721
1200.476074	-117.255562
1201.148987	-117.398857
1201.821899	-117.817772
1202.494812	-117.582451
1203.167725	-117.767357
1203.840637	-117.335304
1204.513550	-117.297432
1205.186462	-117.183456
1205.859375	-117.052727
1206.532288	-117.124039
1207.205200	-117.337448
1207.878113	-117.589584
1208.551025	-117.482605
1209.223938	-118.079567
1209.896851	-118.357613
1210.569763	-118.153816
1211.242676	-118.023682
1211.915588	-118.261147
1212.588501	-118.075455
1213.261414	-117.739609
1213.934326	-117.524109
1214.607239	-117.177986
1215.280151	-117.437195
1215.953064	-117.688843
1216.625977	-117.078125
1217.298889	-116.979042
1217.971802	-117.467064
1218.644714	-117.686844
1219.317627	-117.200958
1219.990540	-117.088997
1220.663452	-117.705261
1221.336365	-118.086601
1222.009277	-117.099632
1222.682190	-116.848427
1223.355103	-116.833755
1224.028015	-117.182571
1224.700928	-117.535072
1225.373840	-117.221237
1226.046753	-117.346008
1226.719666	-117.366959
1227.392578	-117.527107
1228.065491	-117.496864
1228.738403	-117.095459
1229.411316	-116.645912
1230.084229	-116.625298
1230.757141	-116.390297
1231.430054	-117.008591
1232.102966	-117.485672
1232.775879	-117.491364
1233.448792	-117.381073
1234.121704	-117.352203
1234.794617	-117.561066
1235.467529	-117.730888
1236.140442	-117.442001
1236.813354	-117.092903
1237.486267	-117.235329
1238.159180	-117.403603
1238.832092	-116.969925
1239.505005	-117.209846
1240.177917	-117.467239
1240.850830	-117.385559
1241.523743	-117.484314
1242.196655	-117.826584
1242.869568	-117.901329
1243.542480	-117.599251
1244.215393	-117.521843
1244.888306	-117.881538
1245.561218	-118.193214
1246.234131	-117.566254
1246.907043	-117.586945
1247.579956	-118.506660
1248.252869	-118.445747
1248.925781	-118.541740
1249.598694	-117.965858
1250.271606	-117.804176
1250.944519	-117.837440
1251.617432	-117.406403
1252.290344	-117.215523
1252.963257	-118.003273
1253.636169	-117.935265
1254.309082	-118.171494
1254.981995	-117.216850
1255.654907	-117.085121
1256.327820	-117.585442
1257.000732	-118.485649
1257.673645	-118.175125
1258.346558	-117.828499
1259.019470	-117.890633
1259.692383	-117.665741
1260.365295	-117.285233
1261.038208	-117.487869
1261.711121	-117.276878
1262.384033	-117.462387
1263.056946	-117.814629
1263.729858	-117.997856
1264.402771	-118.231758
1265.075684	-118.110855
1265.748596	-118.206963
1266.421509	-118.184593
1267.094421	-117.989212
1267.767334	-118.055496
1268.440247	-117.882553
1269.113159	-117.988083
1269.786072	-118.452080
1270.458984	-118.076546
1271.131897	-117.623886
1271.804810	-117.664810
1272.477722	-117.669815
1273.150635	-117.587334
1273.823547	-117.656837
1274.496460	-117.764915
1275.169373	-117.695152
1275.842285	-117.448357
1276.515198	-117.460869
1277.188110	-117.715431
1277.861023	-117.580589
1278.533936	-117.838997
1279.206848	-117.859459
1279.879761	-117.549622
1280.552673	-117.316315
1281.225586	-116.722878
1281.898499	-116.208290
1282.571411	-116.386017
1283.244324	-117.008682
1283.917236	-117.120232
1284.590149	-117.577126
1285.263062	-117.384567
1285.935974	-117.220688
1286.608887	-117.495155
1287.281799	-117.599449
1287.954712	-117.826614
1288.627625	-117.999405
1289.300537	-118.105309
1289.973450	-117.884567
1290.646362	-117.964607
1291.319275	-118.089348
1291.992188	-117.839447
1292.665100	-118.090767
1293.338013	-118.157135
1294.010925	-117.610214
1294.683838	-117.661232
1295.356750	-117.783379
1296.029663	-117.732155
1296.702576	-117.491493
1297.375488	-118.022881
1298.048401	-117.489616
1298.721313	-117.781425
1299.394226	-117.959793
1300.067139	-118.229820
1300.740051	-118.419495
1301.412964	-118.239868
1302.085876	-117.947144
1302.758789	-117.722229
1303.431702	-117.770592
1304.104614	-117.974678
1304.777527	-117.891006
1305.450439	-117.723503
1306.123352	-117.893738
1306.796265	-117.846710
1307.469177	-117.671196
1308.142090	-117.901581
1308.815002	-117.950874
1309.487915	-117.643150
1310.160828	-117.458542
1310.833740	-117.788963
1311.506653	-117.810555
1312.179565	-117.718750
1312.852478	-117.667328
1313.525391	-117.205536
1314.198303	-117.164200
1314.871216	-118.060677
1315.544128	-117.673111
1316.217041	-117.717651
1316.889954	-118.096420
1317.562866	-117.870934
1318.235779	-117.634338
1318.908691	-117.379364
1319.581604	-117.292809
1320.254517	-117.593689
1320.927429	-118.054024
1321.600342	-118.045006
1322.273254	-117.546516
1322.946167	-117.545517
1323.619080	-117.726334
1324.291992	-117.290749
1324.964905	-117.070747
1325.637817	-116.929153
1326.310730	-117.238335
1326.983643	-117.040092
1327.656555	-116.999641
1328.329468	-116.898949
1329.002380	-117.132690
1329.675293	-116.874100
1330.348206	-117.062172
1331.021118	-116.900871
1331.694031	-117.113823
1332.366943	-117.323692
1333.039856	-117.068504
1333.712769	-117.004936
1334.385681	-117.572189
1335.058594	-118.026398
1335.731506	-118.121979
1336.404419	-117.910965
1337.077332	-117.578049
1337.750244	-117.638115
1338.423157	-117.342110
1339.096069	-117.537392
1339.768982	-117.965500
1340.441895	-118.170471
1341.114807	-118.375008
1341.787720	-117.848549
1342.460632	-117.456413
1343.133545	-117.882599
1343.806458	-117.871162
1344.479370	-117.936829
1345.152283	-117.576126
1345.825195	-117.576134
1346.498108	-118.025047
1347.171021	-117.851059
1347.843933	-117.845520
1348.516846	-117.393364
1349.189758	-117.068031
1349.862671	-116.981285
1350.535583	-116.804176
1351.208496	-117.396294
1351.881409	-117.324432
1352.554321	-117.395340
1353.227234	-117.360771
1353.900146	-117.387054
1354.573059	-116.840073
1355.245972	-116.947762
1355.918884	-117.191017
1356.591797	-117.303085
1357.264709	-117.154312
1357.937622	-116.832207
1358.610535	-116.847900
1359.283447	-117.169296
1359.956360	-117.243057
1360.629272	-117.121193
1361.302185	-117.681030
1361.975098	-117.561600
1362.648010	-117.482216
1363.320923	-117.768669
1363.993835	-117.707359
1364.666748	-117.945999
1365.339661	-117.417679
1366.012573	-117.169861
1366.685486	-117.128761
1367.358398	-117.187904
1368.031311	-117.258408
1368.704224	-117.563057
1369.377136	-117.475670
1370.050049	-117.618912
1370.722961	-117.442802
1371.395874	-117.942429
1372.068787	-118.187675
1372.741699	-117.766571
1373.414612	-118.065750
1374.087524	-118.158157
1374.760437	-118.012833
1375.433350	-117.641197
1376.106262	-117.882050
1376.779175	-118.055649
1377.452087	-117.796127
1378.125000	-117.690956
1378.797913	-117.835403
1379.470825	-117.896881
1380.143738	-118.415970
1380.816650	-117.842911
1381.489563	-117.747208
1382.162476	-117.901077
1382.835388	-117.637489
1383.508301	-118.231796
1384.181213	-117.967995
1384.854126	-117.888504
1385.527039	-117.984352
1386.199951	-118.188850
1386.872864	-117.868538
1387.545776	-117.706497
1388.218689	-117.693398
1388.891602	-117.742012
1389.564514	-118.546906
1390.237427	-118.332672
1390.910339	-117.792679
1391.583252	-117.676682
1392.256165	-117.979851
1392.929077	-117.918663
1393.601990	-117.825874
1394.274902	-117.804543
1394.947815	-118.019241
1395.620728	-118.075020
1396.293640	-118.212288
1396.966553	-117.849586
1397.639465	-117.982147
1398.312378	-117.760422
1398.985291	-117.584450
1399.658203	-117.604103
1400.331116	-117.861794
1401.004028	-117.574303
1401.676941	-117.447632
1402.349854	-117.354767
1403.022766	-117.128525
1403.695679	-117.098106
1404.368591	-117.529114
1405.041504	-117.798965
1405.714417	-117.636513
1406.387329	-117.812263
1407.060242	-118.250175
1407.733154	-118.013329
1408.406067	-118.461426
1409.078979	-118.055244
1409.751892	-117.501099
1410.424805	-117.611473
1411.097717	-117.309631
1411.770630	-117.510750
1412.443542	-117.439301
1413.116455	-117.511475
1413.789368	-117.347565
1414.462280	-117.228752
1415.135193	-117.411171
1415.808105	-117.626167
1416.481018	-117.550171
1417.153931	-117.742050
1417.826843	-117.635109
1418.499756	-117.271919
1419.172668	-117.606735
1419.845581	-117.595932
1420.518494	-117.566681
1421.191406	-117.716415
1421.864319	-117.497849
1422.537231	-117.350998
1423.210144	-117.821220
1423.883057	-117.954407
1424.555969	-117.693237
1425.228882	-117.294418
1425.901794	-117.237755
1426.574707	-117.480133
1427.247620	-117.123268
1427.920532	-117.072540
1428.593445	-117.327629
1429.266357	-117.826096
1429.939270	-118.255913
1430.612183	-117.990387
1431.285095	-117.775276
1431.958008	-117.757019
1432.630920	-117.675728
1433.303833	-117.554466
1433.976746	-117.792717
1434.649658	-118.053520
1435.322571	-117.986267
1435.995483	-118.027390
1436.668396	-118.329437
1437.341309	-118.263657
1438.014221	-118.438850
1438.687134	-118.154976
1439.360046	-117.441780
1440.032959	-116.977448
1440.705872	-116.551399
1441.378784	-117.004517
1442.051697	-116.837662
1442.724609	-116.844765
1443.397522	-117.168274
1444.070435	-117.475861
1444.743347	-117.698250
1445.416260	-117.904594
1446.089172	-117.611839
1446.762085	-118.187401
1447.434998	-118.017265
1448.107910	-118.142509
1448.780823	-118.042313
1449.453735	-117.899521
1450.126648	-118.246567
1450.799561	-117.818192
1451.472473	-117.622665
1452.145386	-117.665733
1452.818298	-117.521004
1453.491211	-118.285553
1454.164124	-118.291428
1454.837036	-118.457993
1455.509949	-117.957237
1456.182861	-118.130516
1456.855774	-118.179375
1457.528687	-118.041679
1458.201599	-117.970390
1458.874512	-118.349731
1459.547424	-118.621117
1460.220337	-118.262344
1460.893250	-117.867805
1461.566162	-117.715424
1462.239075	-117.603600
1462.911987	-117.551193
1463.584900	-117.188614
1464.257812	-117.174377
1464.930725	-117.515785
1465.603638	-118.032936
1466.276550	-118.069473
1466.949463	-118.209961
1467.622375	-118.193924
1468.295288	-118.055992
1468.968201	-117.873474
1469.641113	-118.109795
1470.314026	-118.111481
1470.986938	-118.257721
1471.659851	-118.107338
1472.332764	-118.818573
1473.005676	-118.783615
1473.678589	-118.521202
1474.351501	-118.286133
1475.024414	-118.665367
1475.697327	-118.719162
1476.370239	-118.443794
1477.043152	-118.281731
1477.716064	-118.034531
1478.388977	-118.282608
1479.061890	-118.668083
1479.734802	-118.595238
1480.407715	-118.248627
1481.080627	-118.374336
1481.753540	-118.443398
1482.426453	-118.464493
1483.099365	-118.557808
1483.772278	-118.803574
1484.445190	-118.572701
1485.118103	-118.369827
1485.791016	-118.231483
1486.463928	-117.868134
1487.136841	-118.308792
1487.809753	-118.414986
1488.482666	-118.339432
1489.155579	-118.306068
1489.828491	-118.360764
1490.501404	-118.188828
1491.174316	-118.034111
1491.847229	-117.369194
1492.520142	-117.240364
1493.193054	-117.517509
1493.865967	-117.864761
1494.538879	-117.684448
1495.211792	-117.783173
1495.884705	-117.987488
1496.557617	-118.169022
1497.230530	-118.074066
1497.903442	-118.471970
1498.576355	-118.260239
1499.249268	-117.668976
1499.922180	-117.833405
1500.595093	-117.890053
1501.268005	-117.935532
1501.940918	-117.742455
1502.613831	-117.547234
1503.286743	-117.989166
1503.959656	-118.066879
1504.632568	-118.137207
1505.305481	-118.439323
1505.978394	-118.100845
1506.651306	-117.825478
1507.324219	-117.695023
1507.997131	-117.576332
1508.670044	-117.682365
1509.342957	-117.524910
1510.015869	-117.180061
1510.688782	-117.424377
1511.361694	-117.269577
1512.034607	-117.267250
1512.707520	-117.767212
1513.380432	-117.837532
1514.053345	-117.221260
1514.726257	-117.614067
1515.399170	-117.519768
1516.072083	-117.284653
1516.744995	-117.276680
1517.417908	-117.721039
1518.090820	-118.251633
1518.763733	-118.520653
1519.436646	-117.948700
1520.109558	-117.990028
1520.782471	-118.229744
1521.455383	-118.410164
1522.128296	-118.487518
1522.801208	-118.548851
1523.474121	-118.144302
1524.147034	-117.879433
1524.819946	-118.372017
1525.492859	-118.527954
1526.165771	-118.932129
1526.838684	-118.571281
1527.511597	-118.414612
1528.184509	-118.349731
1528.857422	-118.413719
1529.530334	-117.967430
1530.203247	-118.024109
1530.876160	-117.851463
1531.549072	-118.162018
1532.221985	-118.729408
1532.894897	-118.464294
1533.567810	-118.319023
1534.240723	-118.437454
1534.913635	-117.994034
1535.586548	-117.674690
1536.259460	-117.680115
1536.932373	-118.220619
1537.605286	-118.464035
1538.278198	-118.606628
1538.951111	-118.322144
1539.624023	-118.135597
1540.296936	-118.657349
1540.969849	-118.167450
1541.642761	-117.711754
1542.315674	-118.168388
1542.988586	-118.235680
1543.661499	-118.332817
1544.334412	-118.255684
1545.007324	-118.309082
1545.680237	-118.579613
1546.353149	-118.267929
1547.026062	-118.350548
1547.698975	-118.448334
1548.371887	-118.489990
1549.044800	-118.292923
1549.717712	-118.580505
1550.390625	-118.502090
1551.063538	-118.153725
1551.736450	-118.479431
1552.409363	-119.211952
1553.082275	-118.823494
1553.755188	-118.403763
1554.428101	-117.998253
1555.101013	-118.027428
1555.773926	-118.218040
1556.446838	-118.096954
1557.119751	-117.704819
1557.792664	-117.798882
1558.465576	-118.476654
1559.138489	-118.501991
1559.811401	-117.970917
1560.484314	-118.119766
1561.157227	-118.386772
1561.830139	-118.480095
1562.503052	-118.740051
1563.175964	-118.617630
1563.848877	-118.729546
1564.521790	-118.394203
1565.194702	-118.379272
1565.867615	-118.626114
1566.540527	-118.654633
1567.213440	-118.346428
1567.886353	-117.954201
1568.559265	-118.092819
1569.232178	-117.970291
1569.905090	-118.154190
1570.578003	-118.135612
1571.250916	-118.020966
1571.923828	-118.280556
1572.596741	-118.099274
1573.269653	-118.113670
1573.942566	-117.733673
1574.615479	-117.629761
1575.288391	-117.676765
1575.961304	-117.274796
1576.634216	-117.144310
1577.307129	-117.785118
1577.980042	-118.031105
1578.652954	-117.581947
1579.325867	-117.605904
1579.998779	-118.258972
1580.671692	-118.034142
1581.344604	-118.079628
1582.017517	-118.253204
1582.690430	-118.200150
1583.363342	-118.269394
1584.036255	-118.257645
1584.709167	-118.321526
1585.382080	-118.237152
1586.054993	-118.076637
1586.727905	-117.891129
1587.400818	-118.224655
1588.073730	-118.289970
1588.746643	-118.731667
1589.419556	-119.095284
1590.092468	-118.241447
1590.765381	-118.396156
1591.438293	-118.592812
1592.111206	-118.576988
1592.784119	-118.698929
1593.457031	-118.292130
1594.129944	-118.727379
1594.802856	-118.745071
1595.475769	-118.211876
1596.148682	-118.314598
1596.821594	-118.643471
1597.494507	-118.737869
1598.167419	-118.557045
1598.840332	-118.617287
1599.513245	-119.052277
1600.186157	-119.117104
1600.859070	-118.781540
1601.531982	-118.685440
1602.204895	-118.310913
1602.877808	-118.174324
1603.550720	-118.276733
1604.223633	-118.167664
1604.896545	-118.192947
1605.569458	-118.238464
1606.242371	-118.316711
1606.915283	-118.573029
1607.588196	-118.717209
1608.261108	-119.022758
1608.934021	-118.790329
1609.606934	-118.597031
1610.279846	-118.821281
1610.952759	-118.732994
1611.625671	-118.547371
1612.298584	-118.383865
1612.971497	-118.470406
1613.644409	-118.544357
1614.317322	-118.579910
1614.990234	-118.625298
1615.663147	-118.373787
1616.336060	-118.307945
1617.008972	-118.223778
1617.681885	-118.178154
1618.354797	-118.475151
1619.027710	-118.492462
1619.700623	-118.327965
1620.373535	-118.255051
1621.046448	-118.569221
1621.719360	-118.657768
1622.392273	-118.896309
1623.065186	-118.676765
1623.738098	-118.515076
1624.411011	-118.311836
1625.083923	-118.100075
1625.756836	-117.832695
1626.429749	-117.455429
1627.102661	-117.855576
1627.775574	-117.754593
1628.448486	-117.520233
1629.121399	-117.846336
1629.794312	-118.004532
1630.467224	-117.809975
1631.140137	-118.442581
1631.813049	-118.549568
1632.485962	-118.075447
1633.158875	-118.212860
1633.831787	-118.591522
1634.504700	-118.349380
1635.177612	-118.088142
1635.850525	-117.914124
1636.523438	-118.229294
1637.196350	-118.525002
1637.869263	-118.447594
1638.542175	-118.451591
1639.215088	-118.661316
1639.888000	-118.871414
1640.560913	-118.706688
1641.233826	-118.609192
1641.906738	-118.492462
1642.579651	-118.400627
1643.252563	-118.364426
1643.925476	-118.647896
1644.598389	-118.612503
1645.271301	-118.627518
1645.944214	-118.557999
1646.617126	-118.387825
1647.290039	-118.012634
1647.962952	-118.125595
1648.635864	-118.364784
1649.308777	-118.201279
1649.981689	-118.187477
1650.654602	-118.032692
1651.327515	-117.767784
1652.000427	-117.852753
1652.673340	-117.613312
1653.346252	-117.789398
1654.019165	-117.986420
1654.692078	-118.077255
1655.364990	-117.726341
1656.037903	-117.616325
1656.710815	-117.777168
1657.383728	-117.720146
1658.056641	-117.761360
1658.729553	-117.929703
1659.402466	-118.164917
1660.075378	-118.050896
1660.748291	-117.491463
1661.421204	-117.019829
1662.094116	-116.598061
1662.767029	-116.426384
1663.439941	-116.854248
1664.112854	-117.191719
1664.785767	-116.862320
1665.458679	-116.474579
1666.131592	-116.779129
1666.804504	-117.313202
1667.477417	-117.227051
1668.150330	-117.429016
1668.823242	-117.929688
1669.496155	-117.878609
1670.169067	-117.768921
1670.841980	-118.037094
1671.514893	-118.907677
1672.187805	-118.721298
1672.860718	-117.664429
1673.533630	-117.573730
1674.206543	-118.016884
1674.879456	-118.481415
1675.552368	-118.712662
1676.225281	-119.171967
1676.898193	-119.304695
1677.571106	-118.898582
1678.244019	-118.610161
1678.916931	-118.787209
1679.589844	-118.883087
1680.262756	-118.666092
1680.935669	-118.400185
1681.608582	-118.779472
1682.281494	-118.660530
1682.954407	-118.217903
1683.627319	-118.307755
1684.300232	-118.706734
1684.973145	-118.640091
1685.646057	-118.857857
1686.318970	-118.826164
1686.991882	-118.751236
1687.664795	-118.807396
1688.337708	-118.903526
1689.010620	-118.672058
1689.683533	-118.555237
1690.356445	-118.893059
1691.029358	-118.900261
1691.702271	-118.922623
1692.375183	-118.564941
1693.048096	-118.271561
1693.721008	-118.271332
1694.393921	-118.103653
1695.066833	-118.267242
1695.739746	-118.270927
1696.412659	-118.534988
1697.085571	-118.211037
1697.758484	-118.336021
1698.431396	-118.410324
1699.104309	-118.010834
1699.777222	-118.090073
1700.450134	-118.271423
1701.123047	-118.437828
1701.795959	-118.061378
1702.468872	-117.988556
1703.141785	-118.368622
1703.814697	-118.392685
1704.487610	-118.448990
1705.160522	-117.943718
1705.833435	-118.622559
1706.506348	-118.688232
1707.179260	-118.909973
1707.852173	-118.610794
1708.525085	-118.496643
1709.197998	-118.564400
1709.870911	-118.696960
1710.543823	-118.669617
1711.216736	-118.609962
1711.889648	-118.530571
1712.562561	-118.867943
1713.235474	-118.850555
1713.908386	-118.932373
1714.581299	-118.756294
1715.254211	-118.495476
1715.927124	-118.433296
1716.600037	-118.661781
1717.272949	-118.838501
1717.945862	-118.742996
1718.618774	-118.785851
1719.291687	-118.834351
1719.964600	-118.639961
1720.637512	-118.693886
1721.310425	-118.895706
1721.983337	-118.224510
1722.656250	-118.386490
1723.329163	-118.679634
1724.002075	-118.777359
1724.674988	-118.706657
1725.347900	-118.540451
1726.020813	-118.589233
1726.693726	-118.728546
1727.366638	-118.442177
1728.039551	-118.379623
1728.712463	-118.850822
1729.385376	-118.744789
1730.058289	-119.147995
1730.731201	-118.728607
1731.404114	-118.760094
1732.077026	-118.662918
1732.749939	-119.086708
1733.422852	-119.083611
1734.095764	-118.530731
1734.768677	-118.591049
1735.441589	-118.372452
1736.114502	-118.694611
1736.787415	-118.688515
1737.460327	-118.562141
1738.133240	-118.581192
1738.806152	-118.856255
1739.479065	-118.764847
1740.151978	-118.826393
1740.824890	-118.964981
1741.497803	-119.044678
1742.170715	-118.693047
1742.843628	-119.082344
1743.516541	-118.977859
1744.189453	-119.004593
1744.862366	-119.011581
1745.535278	-118.683502
1746.208191	-118.524002
1746.881104	-119.214569
1747.554016	-118.951286
1748.226929	-118.443756
1748.899841	-118.551384
1749.572754	-118.778008
1750.245667	-118.284737
1750.918579	-118.211594
1751.591492	-118.632553
1752.264404	-118.795387
1752.937317	-118.911919
1753.610229	-118.923721
1754.283142	-118.597008
1754.956055	-118.721489
1755.628967	-118.289124
1756.301880	-118.433754
1756.974792	-118.412949
1757.647705	-118.646744
1758.320618	-118.915794
1758.993530	-119.162704
1759.666443	-118.759094
1760.339355	-118.593750
1761.012268	-118.608208
1761.685181	-118.608116
1762.358093	-118.519234
1763.031006	-118.819946
1763.703918	-118.693748
1764.376831	-118.443558
1765.049744	-118.665138
1765.722656	-118.882950
1766.395569	-118.622612
1767.068481	-118.325104
1767.741394	-118.463669
1768.414307	-118.360695
1769.087219	-118.302238
1769.760132	-118.558342
1770.433044	-119.120583
1771.105957	-118.715744
1771.778870	-118.299522
1772.451782	-118.297737
1773.124695	-118.445824
1773.797607	-118.275490
1774.470520	-118.443474
1775.143433	-118.195038
1775.816345	-117.898193
1776.489258	-118.173553
1777.162170	-118.316353
1777.835083	-118.530426
1778.507996	-118.235809
1779.180908	-118.239899
1779.853821	-118.095085
1780.526733	-118.061592
1781.199646	-118.695992
1781.872559	-118.835075
1782.545471	-118.738663
1783.218384	-118.436249
1783.891296	-118.283478
1784.564209	-118.302887
1785.237122	-118.507622
1785.910034	-118.794464
1786.582947	-118.505905
1787.255859	-118.524765
1787.928772	-118.593407
1788.601685	-118.847404
1789.274597	-119.029846
1789.947510	-119.301880
1790.620422	-119.410072
1791.293335	-119.075401
1791.966248	-119.013550
1792.639160	-119.126732
1793.312073	-118.925438
1793.984985	-118.704826
1794.657898	-119.118126
1795.330811	-119.243065
1796.003723	-119.006447
1796.676636	-119.073097
1797.349548	-119.199821
1798.022461	-118.695297
1798.695374	-118.545944
1799.368286	-119.147118
1800.041199	-119.193108
1800.714111	-119.419258
1801.387024	-119.220818
1802.059937	-119.020615
1802.732849	-118.968124
1803.405762	-118.921333
1804.078674	-119.065025
1804.751587	-118.942223
1805.424500	-118.847336
1806.097412	-119.273552
1806.770325	-119.180222
1807.443237	-118.752266
1808.116150	-118.512878
1808.789062	-118.703514
1809.461975	-118.419250
1810.134888	-118.232613
1810.807800	-118.736481
1811.480713	-119.167160
1812.153625	-118.746376
1812.826538	-118.667297
1813.499451	-118.479195
1814.172363	-118.488419
1814.845276	-118.473160
1815.518188	-118.289436
1816.191101	-118.430763
1816.864014	-118.726662
1817.536926	-118.897652
1818.209839	-118.783470
1818.882751	-118.879951
1819.555664	-118.834633
1820.228577	-118.722168
1820.901489	-118.756874
1821.574402	-119.137390
1822.247314	-119.211678
1822.920227	-118.420502
1823.593140	-118.575790
1824.266052	-118.774223
1824.938965	-118.618774
1825.611877	-118.556053
1826.284790	-119.015358
1826.957703	-118.771332
1827.630615	-118.703392
1828.303528	-119.097969
1828.976440	-118.772392
1829.649353	-118.638298
1830.322266	-118.834053
1830.995178	-118.541191
1831.668091	-118.715881
1832.341003	-118.854012
1833.013916	-118.951828
1833.686829	-118.925316
1834.359741	-119.104988
1835.032654	-119.184212
1835.705566	-118.994530
1836.378479	-119.187874
1837.051392	-118.898041
1837.724304	-118.973648
1838.397217	-118.862000
1839.070129	-118.604385
1839.743042	-118.708206
1840.415955	-118.403275
1841.088867	-118.393944
1841.761780	-118.897995
1842.434692	-118.844437
1843.107605	-118.755104
1843.780518	-118.851974
1844.453430	-118.850471
1845.126343	-119.345116
1845.799255	-118.863411
1846.472168	-118.757629
1847.145081	-118.732384
1847.817993	-118.247246
1848.490906	-118.612129
1849.163818	-118.586891
1849.836731	-118.593491
1850.509644	-118.831093
1851.182556	-118.891747
1851.855469	-118.664948
1852.528381	-118.523033
1853.201294	-118.696793
1853.874207	-118.664421
1854.547119	-118.733910
1855.220032	-118.914520
1855.892944	-118.495407
1856.565857	-118.787918
1857.238770	-118.935280
1857.911682	-118.325653
1858.584595	-118.220757
1859.257507	-118.486908
1859.930420	-118.318527
1860.603333	-118.254326
1861.276245	-118.088158
1861.949158	-118.471680
1862.622070	-118.514091
1863.294983	-118.440170
1863.967896	-118.727066
1864.640808	-118.888069
1865.313721	-118.998764
1865.986633	-119.087624
1866.659546	-119.025963
1867.332458	-118.705727
1868.005371	-118.484390
1868.678284	-118.391632
1869.351196	-118.391365
1870.024109	-118.501305
1870.697021	-118.704132
1871.369934	-118.527679
1872.042847	-117.957352
1872.715759	-118.411804
1873.388672	-118.805580
1874.061584	-118.618484
1874.734497	-118.683884
1875.407410	-118.563484
1876.080322	-118.629860
1876.753235	-118.461708
1877.426147	-118.537926
1878.099060	-118.373711
1878.771973	-118.705864
1879.444885	-118.242226
1880.117798	-117.987328
1880.790710	-118.200264
1881.463623	-118.462494
1882.136536	-118.074852
1882.809448	-117.989380
1883.482361	-118.276817
1884.155273	-118.076881
1884.828186	-118.124771
1885.501099	-118.083588
1886.174011	-118.333603
1886.846924	-118.578926
1887.519836	-118.596581
1888.192749	-118.759285
1888.865662	-118.569542
1889.538574	-118.583267
1890.211487	-118.662094
1890.884399	-118.752708
1891.557312	-118.786118
1892.230225	-118.642159
1892.903137	-118.487190
1893.576050	-118.465820
1894.248962	-118.441490
1894.921875	-118.798271
1895.594788	-119.024963
1896.267700	-118.952103
1896.940613	-118.870468
1897.613525	-118.799622
1898.286438	-118.910393
1898.959351	-118.981773
1899.632263	-118.545242
1900.305176	-118.290916
1900.978088	-118.768341
1901.651001	-118.910889
1902.323914	-118.345627
1902.996826	-118.244705
1903.669739	-118.931206
1904.342651	-119.219299
1905.015564	-118.914024
1905.688477	-119.174484
1906.361389	-119.027603
1907.034302	-118.949303
1907.707214	-118.773453
1908.380127	-118.886925
1909.053040	-118.919716
1909.725952	-119.002792
1910.398865	-118.479782
1911.071777	-118.467751
1911.744690	-118.560715
1912.417603	-118.383995
1913.090515	-118.178192
1913.763428	-117.720009
1914.436340	-117.149170
1915.109253	-116.835739
1915.782166	-116.942001
1916.455078	-117.117088
1917.127991	-116.964439
1917.800903	-116.991631
1918.473816	-117.959564
1919.146729	-118.615425
1919.819641	-118.807198
1920.492554	-119.322899
1921.165466	-119.595551
1921.838379	-119.184998
1922.511292	-119.373428
1923.184204	-119.291939
1923.857117	-118.705185
1924.530029	-118.999481
1925.202942	-118.563805
1925.875854	-118.402840
1926.548767	-118.866257
1927.221680	-119.082382
1927.894592	-119.065155
1928.567505	-119.073723
1929.240417	-119.213692
1929.913330	-119.062347
1930.586243	-118.857735
1931.259155	-119.028526
1931.932068	-119.461006
1932.604980	-118.846001
1933.277893	-119.005089
1933.950806	-119.332413
1934.623718	-119.624519
1935.296631	-120.096695
1935.969543	-119.259262
1936.642456	-119.209564
1937.315369	-118.878639
1937.988281	-119.271339
1938.661194	-118.958801
1939.334106	-118.405602
1940.007019	-118.404205
1940.679932	-118.466766
1941.352844	-118.351662
1942.025757	-118.615051
1942.698669	-118.882744
1943.371582	-118.627495
1944.044495	-118.750542
1944.717407	-118.947922
1945.390320	-119.119637
1946.063232	-119.154068
1946.736145	-119.013145
1947.409058	-118.981422
1948.081970	-118.842873
1948.754883	-118.950912
1949.427795	-119.184708
1950.100708	-119.358963
1950.773621	-119.024918
1951.446533	-118.756020
1952.119446	-119.042549
1952.792358	-119.256401
1953.465271	-119.559250
1954.138184	-119.193527
1954.811096	-119.218758
1955.484009	-119.227905
1956.156921	-119.577072
1956.829834	-119.285126
1957.502747	-119.429497
1958.175659	-119.097031
1958.848572	-118.814445
1959.521484	-119.200081
1960.194397	-119.122398
1960.867310	-119.441994
1961.540222	-119.523613
1962.213135	-118.907951
1962.886047	-118.971931
1963.558960	-119.160362
1964.231873	-119.114372
1964.904785	-119.220116
1965.577698	-119.081390
1966.250610	-118.901024
1966.923523	-119.114006
1967.596436	-119.056091
1968.269348	-119.194336
1968.942261	-119.148102
1969.615173	-119.093750
1970.288086	-119.125412
1970.960999	-119.528778
1971.633911	-119.590416
1972.306824	-119.273834
1972.979736	-119.434113
1973.652649	-119.151901
1974.325562	-119.222961
1974.998474	-119.387260
1975.671387	-119.299011
1976.344299	-119.195404
1977.017212	-119.044212
1977.690125	-118.873596
1978.363037	-118.547134
1979.035950	-118.559090
1979.708862	-118.688965
1980.381775	-119.060501
1981.054688	-119.281960
1981.727600	-119.009315
1982.400513	-119.033516
1983.073425	-119.271843
1983.746338	-118.723076
1984.419250	-118.750404
1985.092163	-119.342690
1985.765076	-119.337387
1986.437988	-119.236565
1987.110901	-119.304970
1987.783813	-119.300407
1988.456726	-119.586708
1989.129639	-119.326500
1989.802551	-118.612961
1990.475464	-118.243149
1991.148376	-118.063606
1991.821289	-118.266487
1992.494202	-118.196671
1993.167114	-118.663216
1993.840027	-118.788948
1994.512939	-118.546295
1995.185852	-118.748772
1995.858765	-119.125374
1996.531677	-119.052879
1997.204590	-119.269470
1997.877502	-119.282104
1998.550415	-118.941513
1999.223328	-118.801659
1999.896240	-118.779556
2000.569153	-118.637581
2001.242065	-118.518013
2001.914978	-118.514114
2002.587891	-118.617348
2003.260803	-119.024002
2003.933716	-119.003967
2004.606628	-119.027046
2005.279541	-119.391281
2005.952454	-119.421562
2006.625366	-119.211220
2007.298279	-119.063614
2007.971191	-118.789062
2008.644104	-118.996513
2009.317017	-118.692436
2009.989929	-118.904602
2010.662842	-119.337448
2011.335754	-119.001160
2012.008667	-118.800049
2012.681580	-119.800087
2013.354492	-119.463287
2014.027405	-118.905144
2014.700317	-118.661720
2015.373230	-118.564804
2016.046143	-118.619118
2016.719055	-118.505714
2017.391968	-118.362839
2018.064880	-118.349304
2018.737793	-118.496208
2019.410706	-118.704285
2020.083618	-118.795914
2020.756531	-118.547050
2021.429443	-118.679153
2022.102356	-118.549232
2022.775269	-118.861191
2023.448181	-118.897285
2024.121094	-119.078514
2024.794006	-119.023247
2025.466919	-118.206604
2026.139832	-118.389961
2026.812744	-118.641960
2027.485657	-118.110947
2028.158569	-118.847038
2028.831482	-119.121513
2029.504395	-118.758675
2030.177307	-118.750763
2030.850220	-119.269180
2031.523132	-118.701347
2032.196045	-119.233742
2032.868958	-118.811188
2033.541870	-118.408844
2034.214783	-118.421303
2034.887695	-118.522110
2035.560608	-118.407860
2036.233521	-118.408440
2036.906433	-119.154999
2037.579346	-119.308319
2038.252258	-119.337036
2038.925171	-118.780472
2039.598083	-118.684525
2040.270996	-119.028076
2040.943909	-119.127678
2041.616821	-119.310966
2042.289734	-119.117004
2042.962646	-118.898819
2043.635559	-118.920540
2044.308472	-119.185104
2044.981384	-119.293068
2045.654297	-118.614700
2046.327209	-118.942734
2047.000122	-118.220146
2047.673035	-117.941032
2048.345947	-118.795479
2049.018860	-118.533623
2049.691772	-118.424416
2050.364685	-118.882355
2051.037598	-118.357262
2051.710510	-118.306046
2052.383423	-117.403435
2053.056335	-116.658401
2053.729248	-117.838806
2054.402161	-118.856506
2055.075073	-117.304123
2055.747986	-116.818748
2056.420898	-115.027290
2057.093811	-115.282333
2057.766724	-116.652641
2058.439636	-115.741280
2059.112549	-116.473465
2059.785461	-116.266121
2060.458374	-117.714378
2061.131287	-118.251953
2061.804199	-116.306351
2062.477112	-115.811821
2063.150024	-117.100105
2063.822937	-117.646889
2064.495850	-118.534653
2065.168762	-117.054550
2065.841675	-116.552101
2066.514587	-117.952133
2067.187500	-118.690399
2067.860413	-118.957642
2068.533325	-118.787720
2069.206238	-118.739799
2069.879150	-118.039368
2070.552063	-118.024521
2071.224976	-117.527222
2071.897888	-117.385284
2072.570801	-118.253166
2073.243713	-119.089943
2073.916626	-119.371216
2074.589539	-119.243027
2075.262451	-118.720009
2075.935364	-118.717339
2076.608276	-119.423431
2077.281189	-119.556664
2077.954102	-119.066032
2078.627014	-119.279968
2079.299927	-119.714836
2079.972839	-119.204262
2080.645752	-119.139076
2081.318665	-119.279724
2081.991577	-119.124245
2082.664490	-118.223808
2083.337402	-117.965752
2084.010315	-117.876228
2084.683228	-117.692596
2085.356140	-117.738220
2086.029053	-117.778488
2086.701965	-118.354286
2087.374878	-118.635361
2088.047791	-118.762085
2088.720703	-119.163490
2089.393616	-118.992668
2090.066528	-118.870743
2090.739441	-119.055550
2091.412354	-119.133888
2092.085266	-118.987350
2092.758179	-118.953903
2093.431091	-119.441986
2094.104004	-119.010208
2094.776917	-119.253235
2095.449829	-119.443054
2096.122742	-119.285088
2096.795654	-119.136154
2097.468567	-119.365921
2098.141479	-119.013626
2098.814392	-118.776794
2099.487305	-118.817955
2100.160217	-118.351013
2100.833130	-118.326065
2101.506042	-118.422211
2102.178955	-118.091728
2102.851868	-118.261726
2103.524780	-118.736282
2104.197693	-118.773643
2104.870605	-118.646729
2105.543518	-119.161987
2106.216431	-119.136856
2106.889343	-119.178474
2107.562256	-119.298073
2108.235168	-118.869308
2108.908081	-118.473961
2109.580994	-118.509911
2110.253906	-118.700691
2110.926819	-118.798714
2111.599731	-118.655968
2112.272644	-118.641586
2112.945557	-118.937820
2113.618469	-118.893303
2114.291382	-118.839081
2114.964294	-119.093758
2115.637207	-119.563438
2116.310120	-119.607361
2116.983032	-119.829781
2117.655945	-119.778603
2118.328857	-119.481216
2119.001770	-119.160950
2119.674683	-118.996315
2120.347595	-119.132301
2121.020508	-119.768654
2121.693420	-119.351379
2122.366333	-119.151138
2123.039246	-119.144272
2123.712158	-119.116127
2124.385071	-119.244202
2125.057983	-119.207161
2125.730896	-119.558212
2126.403809	-119.759171
2127.076721	-119.668968
2127.749634	-119.606346
2128.422546	-119.573242
2129.095459	-119.278641
2129.768372	-119.008049
2130.441284	-119.010880
2131.114197	-119.068848
2131.787109	-119.221817
2132.460022	-119.131874
2133.132935	-119.242546
2133.805847	-119.365959
2134.478760	-119.671349
2135.151672	-119.335602
2135.824585	-119.691658
2136.497498	-119.377258
2137.170410	-119.499413
2137.843323	-119.848961
2138.516235	-119.589394
2139.189148	-119.472832
2139.862061	-119.662140
2140.534973	-119.328926
2141.207886	-119.371849
2141.880798	-119.072182
2142.553711	-119.075294
2143.226624	-119.173721
2143.899536	-118.928658
2144.572449	-119.187820
2145.245361	-119.100601
2145.918274	-119.236885
2146.591187	-119.586601
2147.264099	-119.518356
2147.937012	-119.103104
2148.609924	-118.987755
2149.282837	-119.312271
2149.955750	-119.240669
2150.628662	-119.753784
2151.301575	-120.044090
2151.974487	-119.714790
2152.647400	-119.646194
2153.320312	-119.725838
2153.993225	-119.186707
2154.666138	-119.412949
2155.339050	-119.722496
2156.011963	-119.278999
2156.684875	-119.077309
2157.357788	-119.462761
2158.030701	-119.464355
2158.703613	-119.577141
2159.376526	-119.665123
2160.049438	-119.478210
2160.722351	-119.599831
2161.395264	-119.255844
2162.068176	-119.069351
2162.741089	-119.052643
2163.414001	-119.252426
2164.086914	-119.268013
2164.759827	-119.225395
2165.432739	-118.732681
2166.105652	-118.662651
2166.778564	-118.975883
2167.451477	-118.914276
2168.124390	-119.355492
2168.797302	-119.225937
2169.470215	-119.276611
2170.143127	-119.441589
2170.816040	-119.409576
2171.488953	-119.227806
2172.161865	-119.458305
2172.834778	-119.263115
2173.507690	-119.238930
2174.180603	-119.346817
2174.853516	-119.288887
2175.526428	-119.584595
2176.199341	-119.189728
2176.872253	-119.381500
2177.545166	-119.728851
2178.218079	-119.163376
2178.890991	-119.070763
2179.563904	-119.378052
2180.236816	-119.450027
2180.909729	-119.344719
2181.582642	-119.427925
2182.255554	-119.458641
2182.928467	-119.265717
2183.601379	-119.179718
2184.274292	-119.243134
2184.947205	-119.181343
2185.620117	-119.098885
2186.293030	-119.216873
2186.965942	-119.412476
2187.638855	-120.054016
2188.311768	-119.975311
2188.984680	-119.486961
2189.657593	-119.472839
2190.330505	-119.029762
2191.003418	-119.112907
2191.676331	-119.432976
2192.349243	-119.109467
2193.022156	-119.510559
2193.695068	-119.475342
2194.367981	-119.260788
2195.040894	-119.357491
2195.713806	-119.283623
2196.386719	-119.553154
2197.059631	-119.112297
2197.732544	-119.156105
2198.405457	-119.804062
2199.078369	-119.684364
2199.751282	-119.706299
2200.424194	-119.507072
2201.097107	-119.336624
2201.770020	-119.337242
2202.442932	-119.439964
2203.115845	-119.459045
2203.788757	-119.849945
2204.461670	-119.544144
2205.134583	-119.891090
2205.807495	-119.955963
2206.480408	-119.771133
2207.153320	-119.510117
2207.826233	-119.344383
2208.499146	-119.234291
2209.172058	-119.469742
2209.844971	-119.501205
2210.517883	-119.269646
2211.190796	-119.203987
2211.863708	-119.409271
2212.536621	-119.566933
2213.209534	-119.355484
2213.882446	-119.391182
2214.555359	-119.293678
2215.228271	-119.311272
2215.901184	-119.831772
2216.574097	-119.775627
2217.247009	-119.299019
2217.919922	-119.011612
2218.592834	-119.205978
2219.265747	-119.506744
2219.938660	-119.520546
2220.611572	-119.302544
2221.284485	-119.424957
2221.957397	-119.776413
2222.630310	-119.210854
2223.303223	-119.392868
2223.976135	-119.449585
2224.649048	-119.085770
2225.321960	-119.185104
2225.994873	-119.210587
2226.667786	-119.114090
2227.340698	-118.898529
2228.013611	-119.166878
2228.686523	-119.528053
2229.359436	-119.368233
2230.032349	-119.506058
2230.705261	-119.937813
2231.378174	-119.666512
2232.051086	-119.344833
2232.723999	-119.411156
2233.396912	-119.323540
2234.069824	-119.018295
2234.742737	-119.371590
2235.415649	-119.599358
2236.088562	-119.570641
2236.761475	-119.461685
2237.434387	-119.311348
2238.107300	-119.270760
2238.780212	-119.491531
2239.453125	-119.588226
2240.126038	-119.584824
2240.798950	-119.485580
2241.471863	-119.783585
2242.144775	-119.601463
2242.817688	-119.692513
2243.490601	-119.722740
2244.163513	-119.771187
2244.836426	-119.319443
2245.509338	-119.163048
2246.182251	-119.408974
2246.855164	-119.196510
2247.528076	-119.367821
2248.200989	-119.258438
2248.873901	-118.837860
2249.546814	-119.096336
2250.219727	-119.557686
2250.892639	-119.725555
2251.565552	-119.269447
2252.238464	-119.519325
2252.911377	-119.641457
2253.584290	-119.410568
2254.257202	-119.429039
2254.930115	-119.206924
2255.603027	-119.456367
2256.275940	-119.650513
2256.948853	-119.473946
2257.621765	-119.717010
2258.294678	-119.627174
2258.967590	-119.449898
2259.640503	-119.865723
2260.313416	-119.901382
2260.986328	-119.905762
2261.659241	-119.352798
2262.332153	-118.934906
2263.005066	-119.382195
2263.677979	-119.534996
2264.350891	-119.271965
2265.023804	-119.133911
2265.696716	-119.361923
2266.369629	-119.690453
2267.042542	-119.420662
2267.715454	-119.163177
2268.388367	-119.154251
2269.061279	-119.000931
2269.734192	-119.689926
2270.407104	-119.536522
2271.080017	-119.222473
2271.752930	-119.333496
2272.425842	-119.312096
2273.098755	-119.363922
2273.771667	-119.332397
2274.444580	-119.431190
2275.117493	-119.248947
2275.790405	-119.099625
2276.463318	-119.311806
2277.136230	-119.243561
2277.809143	-119.170753
2278.482056	-119.531837
2279.154968	-119.705269
2279.827881	-119.469566
2280.500793	-119.539543
2281.173706	-119.350243
2281.846619	-119.096519
2282.519531	-119.419571
2283.192444	-119.390953
2283.865356	-119.611061
2284.538269	-119.830833
2285.211182	-119.579948
2285.884094	-119.191154
2286.557007	-119.337982
2287.229919	-119.398499
2287.902832	-119.094330
2288.575745	-119.337318
2289.248657	-119.552361
2289.921570	-119.460136
2290.594482	-119.326797
2291.267395	-119.343285
2291.940308	-119.798660
2292.613220	-119.530472
2293.286133	-119.176735
2293.959045	-119.250183
2294.631958	-119.689728
2295.304871	-119.591255
2295.977783	-119.371529
2296.650696	-119.454948
2297.323608	-119.633476
2297.996521	-119.316452
2298.669434	-119.555779
2299.342346	-119.391235
2300.015259	-119.387772
2300.688171	-119.473717
2301.361084	-119.463142
2302.033997	-119.541687
2302.706909	-119.258171
2303.379822	-119.041374
2304.052734	-119.262863
2304.725647	-119.439896
2305.398560	-119.217896
2306.071472	-119.536041
2306.744385	-119.663795
2307.417297	-119.468460
2308.090210	-119.347397
2308.763123	-119.790321
2309.436035	-119.886421
2310.108948	-119.564972
2310.781860	-119.381790
2311.454773	-119.572807
2312.127686	-119.948807
2312.800598	-119.684990
2313.473511	-119.601944
2314.146423	-119.612839
2314.819336	-119.458420
2315.492249	-119.592049
2316.165161	-119.673828
2316.838074	-119.686539
2317.510986	-119.801048
2318.183899	-119.698067
2318.856812	-119.212265
2319.529724	-119.173630
2320.202637	-119.346443
2320.875549	-119.478516
2321.548462	-119.532394
2322.221375	-119.837997
2322.894287	-119.616661
2323.567200	-119.822868
2324.240112	-120.077332
2324.913025	-119.977928
2325.585938	-119.971519
2326.258850	-119.334511
2326.931763	-119.628098
2327.604675	-119.737793
2328.277588	-119.255150
2328.950500	-119.246582
2329.623413	-119.529259
2330.296326	-119.551056
2330.969238	-119.524696
2331.642151	-119.641693
2332.315063	-119.829689
2332.987976	-120.132339
2333.660889	-119.791611
2334.333801	-119.646614
2335.006714	-119.171967
2335.679626	-119.023682
2336.352539	-118.989037
2337.025452	-119.445755
2337.698364	-119.485992
2338.371277	-119.570007
2339.044189	-119.638100
2339.717102	-119.779037
2340.390015	-119.707596
2341.062927	-119.774216
2341.735840	-119.343567
2342.408752	-119.273926
2343.081665	-119.832260
2343.754578	-119.886620
2344.427490	-119.332848
2345.100403	-118.991486
2345.773315	-119.144173
2346.446228	-119.464127
2347.119141	-119.476212
2347.792053	-119.432762
2348.464966	-119.653725
2349.137878	-119.355957
2349.810791	-119.222717
2350.483704	-119.356499
2351.156616	-119.401886
2351.829529	-119.299248
2352.502441	-119.112244
2353.175354	-119.282425
2353.848267	-119.231277
2354.521179	-119.376572
2355.194092	-119.328850
2355.867004	-119.745491
2356.539917	-119.295128
2357.212830	-119.464806
2357.885742	-119.884850
2358.558655	-119.709335
2359.231567	-119.835159
2359.904480	-119.732788
2360.577393	-119.780380
2361.250305	-119.275505
2361.923218	-119.098633
2362.596130	-118.954254
2363.269043	-119.165260
2363.941956	-119.579292
2364.614868	-119.667137
2365.287781	-119.548195
2365.960693	-119.674660
2366.633606	-119.383446
2367.306519	-119.183884
2367.979431	-118.908409
2368.652344	-119.165276
2369.325256	-119.646706
2369.998169	-119.007683
2370.671082	-119.015053
2371.343994	-119.338104
2372.016907	-119.562157
2372.689819	-119.604034
2373.362732	-119.398201
2374.035645	-119.288414
2374.708557	-119.028503
2375.381470	-119.076210
2376.054382	-119.231270
2376.727295	-118.944778
2377.400208	-119.389130
2378.073120	-119.545456
2378.746033	-119.559799
2379.418945	-119.535866
2380.091858	-119.420761
2380.764771	-119.096107
2381.437683	-119.029846
2382.110596	-119.422157
2382.783508	-120.057610
2383.456421	-120.099731
2384.129333	-119.722855
2384.802246	-119.705742
2385.475159	-119.463753
2386.148071	-119.173912
2386.820984	-119.394928
2387.493896	-119.272041
2388.166809	-119.314270
2388.839722	-119.612991
2389.512634	-119.642754
2390.185547	-119.481331
2390.858459	-119.587357
2391.531372	-119.458313
2392.204285	-119.459290
2392.877197	-119.426064
2393.550110	-119.469307
2394.223022	-119.568573
2394.895935	-119.385941
2395.568848	-119.214172
2396.241760	-119.291740
2396.914673	-119.019753
2397.587585	-119.529137
2398.260498	-119.490784
2398.933411	-119.588799
2399.606323	-119.833664
2400.279236	-119.286659
2400.952148	-119.026283
2401.625061	-119.194435
2402.297974	-119.349533
2402.970886	-119.463783
2403.643799	-119.383492
2404.316711	-119.239197
2404.989624	-119.270653
2405.662537	-119.267967
2406.335449	-119.546257
2407.008362	-119.522873
2407.681274	-119.699867
2408.354187	-119.500938
2409.027100	-119.611298
2409.700012	-119.424377
2410.372925	-119.723022
2411.045837	-119.726952
2411.718750	-119.830498
2412.391663	-119.490463
2413.064575	-119.363472
2413.737488	-119.257584
2414.410400	-119.362785
2415.083313	-119.193100
2415.756226	-119.095505
2416.429138	-119.357239
2417.102051	-119.005402
2417.774963	-119.171989
2418.447876	-119.191765
2419.120789	-119.251320
2419.793701	-119.279419
2420.466614	-119.217453
2421.139526	-119.390762
2421.812439	-119.646179
2422.485352	-119.801071
2423.158264	-119.748230
2423.831177	-120.022972
2424.504089	-119.563766
2425.177002	-119.102142
2425.849915	-119.327652
2426.522827	-119.795441
2427.195740	-119.968750
2427.868652	-119.608002
2428.541565	-119.510872
2429.214478	-119.284088
2429.887390	-119.031067
2430.560303	-119.166382
2431.233215	-119.207832
2431.906128	-119.574715
2432.579041	-119.613388
2433.251953	-119.537643
2433.924866	-119.442909
2434.597778	-119.636185
2435.270691	-119.801376
2435.943604	-119.546135
2436.616516	-119.550446
2437.289429	-119.843658
2437.962341	-119.799355
2438.635254	-119.233299
2439.308167	-119.361977
2439.981079	-119.082359
2440.653992	-118.971405
2441.326904	-119.486534
2441.999817	-119.651009
2442.672729	-120.011520
2443.345642	-120.007484
2444.018555	-119.432434
2444.691467	-119.337852
2445.364380	-119.589996
2446.037292	-119.393143
2446.710205	-119.448914
2447.383118	-119.571228
2448.056030	-119.568413
2448.728943	-119.621986
2449.401855	-119.630577
2450.074768	-119.426796
2450.747681	-119.105186
2451.420593	-119.539284
2452.093506	-119.612823
2452.766418	-119.832397
2453.439331	-119.995728
2454.112244	-119.903038
2454.785156	-120.123405
2455.458069	-120.064178
2456.130981	-119.742355
2456.803894	-119.419044
2457.476807	-119.152557
2458.149719	-119.626312
2458.822632	-119.705559
2459.495544	-119.713142
2460.168457	-119.831192
2460.841370	-120.166672
2461.514282	-119.708305
2462.187195	-119.511597
2462.860107	-119.859306
2463.533020	-119.704567
2464.205933	-119.474022
2464.878845	-119.544876
2465.551758	-119.997963
2466.224670	-119.823860
2466.897583	-119.611755
2467.570496	-119.616669
2468.243408	-120.183807
2468.916321	-120.135376
2469.589233	-119.493248
2470.262146	-119.753769
2470.935059	-119.569679
2471.607971	-119.627159
2472.280884	-119.490456
2472.953796	-119.388283
2473.626709	-119.840302
2474.299622	-119.531418
2474.972534	-119.719757
2475.645447	-119.595634
2476.318359	-119.109863
2476.991272	-119.416893
2477.664185	-119.757729
2478.337097	-119.813095
2479.010010	-119.834251
2479.682922	-120.319107
2480.355835	-119.915100
2481.028748	-119.948021
2481.701660	-119.631096
2482.374573	-119.284203
2483.047485	-119.445107
2483.720398	-119.582550
2484.393311	-119.596558
2485.066223	-120.000282
2485.739136	-119.245049
2486.412048	-119.355347
2487.084961	-119.464767
2487.757874	-119.410446
2488.430786	-119.283775
2489.103699	-119.133560
2489.776611	-119.067131
2490.449524	-119.370590
2491.122437	-119.770798
2491.795349	-119.319054
2492.468262	-119.426895
2493.141174	-119.674446
2493.814087	-119.420845
2494.487000	-119.092606
2495.159912	-119.475533
2495.832825	-119.657188
2496.505737	-119.115501
2497.178650	-119.195053
2497.851562	-119.455475
2498.524475	-119.623383
2499.197388	-119.000221
2499.870300	-119.097015
2500.543213	-119.279167
2501.216125	-119.731857
2501.889038	-119.884079
2502.561951	-119.725166
2503.234863	-119.946869
2503.907776	-119.578217
2504.580688	-119.227493
2505.253601	-119.868927
2505.926514	-119.818771
2506.599426	-119.972412
2507.272339	-119.418938
2507.945251	-119.362312
2508.618164	-119.819862
2509.291077	-119.707741
2509.963989	-119.168022
2510.636902	-119.164803
2511.309814	-119.310959
2511.982727	-119.773552
2512.655640	-119.953796
2513.328552	-119.977707
2514.001465	-119.717674
2514.674377	-119.996346
2515.347290	-119.525703
2516.020203	-119.424942
2516.693115	-119.682228
2517.366028	-119.961983
2518.038940	-119.264694
2518.711853	-119.008896
2519.384766	-119.170441
2520.057678	-120.268082
2520.730591	-119.456238
2521.403503	-119.214607
2522.076416	-119.696686
2522.749329	-119.582603
2523.422241	-119.349609
2524.095154	-119.855629
2524.768066	-119.905144
2525.440979	-119.851593
2526.113892	-119.795311
2526.786804	-119.397560
2527.459717	-119.403107
2528.132629	-119.379120
2528.805542	-119.387177
2529.478455	-119.488708
2530.151367	-119.316345
2530.824280	-119.239029
2531.497192	-119.281944
2532.170105	-119.812096
2532.843018	-120.059708
2533.515930	-119.741005
2534.188843	-119.531670
2534.861755	-119.958618
2535.534668	-119.900116
2536.207581	-119.980858
2536.880493	-119.754501
2537.553406	-119.568794
2538.226318	-119.731323
2538.899231	-119.928955
2539.572144	-119.577919
2540.245056	-119.816933
2540.917969	-119.496819
2541.590881	-119.766411
2542.263794	-120.104294
2542.936707	-119.906410
2543.609619	-119.623901
2544.282532	-119.548851
2544.955444	-119.580353
2545.628357	-119.443329
2546.301270	-119.194618
2546.974182	-119.578690
2547.647095	-119.442688
2548.320007	-119.417755
2548.992920	-119.773117
2549.665833	-119.726868
2550.338745	-119.575096
2551.011658	-119.571060
2551.684570	-119.532776
2552.357483	-120.018066
2553.030396	-119.937881
2553.703308	-119.528625
2554.376221	-119.343056
2555.049133	-119.733543
2555.722046	-119.867111
2556.394958	-119.954254
2557.067871	-119.540367
2557.740784	-119.331451
2558.413696	-119.655663
2559.086609	-120.115021
2559.759521	-119.572960
2560.432434	-119.343658
2561.105347	-119.445122
2561.778259	-119.669975
2562.451172	-119.726219
2563.124084	-119.317657
2563.796997	-119.471588
2564.469910	-119.518799
2565.142822	-119.657707
2565.815735	-119.749893
2566.488647	-120.091827
2567.161560	-119.736183
2567.834473	-119.444321
2568.507385	-119.532875
2569.180298	-119.503151
2569.853210	-119.161606
2570.526123	-119.772568
2571.199036	-119.603241
2571.871948	-119.416084
2572.544861	-119.741859
2573.217773	-119.902550
2573.890686	-119.851746
2574.563599	-119.690453
2575.236511	-119.696808
2575.909424	-119.471184
2576.582336	-119.439018
2577.255249	-119.412415
2577.928162	-119.391335
2578.601074	-119.433296
2579.273987	-119.680939
2579.946899	-119.668030
2580.619812	-119.233429
2581.292725	-119.399635
2581.965637	-119.536728
2582.638550	-119.706154
2583.311462	-119.864594
2583.984375	-119.693413
2584.657288	-119.942024
2585.330200	-119.800789
2586.003113	-119.206871
2586.676025	-119.661263
2587.348938	-119.747688
2588.021851	-119.923019
2588.694763	-120.179886
2589.367676	-120.353844
2590.040588	-120.018890
2590.713501	-119.413658
2591.386414	-119.638023
2592.059326	-119.778282
2592.732239	-119.531998
2593.405151	-120.215355
2594.078064	-119.955292
2594.750977	-119.401939
2595.423889	-119.463417
2596.096802	-119.485641
2596.769714	-119.726723
2597.442627	-119.553314
2598.115540	-119.594337
2598.788452	-119.385643
2599.461365	-119.342201
2600.134277	-119.384438
2600.807190	-119.539307
2601.480103	-119.481659
2602.153015	-119.591797
2602.825928	-119.571396
2603.498840	-119.353485
2604.171753	-119.370399
2604.844666	-119.457802
2605.517578	-119.425430
2606.190491	-119.690857
2606.863403	-119.434563
2607.536316	-119.295784
2608.209229	-119.869812
2608.882141	-120.021324
2609.555054	-119.804092
2610.227966	-119.641891
2610.900879	-119.890167
2611.573792	-119.637245
2612.246704	-119.359161
2612.919617	-119.476181
2613.592529	-119.562744
2614.265442	-119.626251
2614.938354	-119.670120
2615.611267	-119.712685
2616.284180	-119.937675
2616.957092	-120.241783
2617.630005	-119.860542
2618.302917	-119.575417
2618.975830	-119.690636
2619.648743	-119.411263
2620.321655	-119.573936
2620.994568	-119.772438
2621.667480	-119.392151
2622.340393	-119.259415
2623.013306	-119.532997
2623.686218	-119.863976
2624.359131	-120.084259
2625.032043	-119.861938
2625.704956	-119.820206
2626.377869	-119.067299
2627.050781	-119.094597
2627.723694	-119.181389
2628.396606	-119.442070
2629.069519	-119.661728
2629.742432	-119.726173
2630.415344	-119.953033
2631.088257	-120.108627
2631.761169	-119.986603
2632.434082	-119.512123
2633.106995	-119.557716
2633.779907	-119.667824
2634.452820	-119.868896
2635.125732	-119.711121
2635.798645	-119.664536
2636.471558	-119.957428
2637.144470	-120.039032
2637.817383	-119.882072
2638.490295	-119.864418
2639.163208	-119.714279
2639.836121	-119.311295
2640.509033	-119.693466
2641.181946	-119.816338
2641.854858	-120.088890
2642.527771	-120.194031
2643.200684	-120.049171
2643.873596	-119.882973
2644.546509	-119.767784
2645.219421	-119.855156
2645.892334	-119.776482
2646.565247	-119.574020
2647.238159	-119.499191
2647.911072	-120.059799
2648.583984	-120.274254
2649.256897	-119.502121
2649.929810	-119.565659
2650.602722	-119.623924
2651.275635	-119.787682
2651.948547	-119.695412
2652.621460	-119.686722
2653.294373	-119.979828
2653.967285	-119.322258
2654.640198	-119.412758
2655.313110	-119.756073
2655.986023	-119.742355
2656.658936	-119.579742
2657.331848	-119.155098
2658.004761	-119.633194
2658.677673	-119.446999
2659.350586	-119.469284
2660.023499	-119.764648
2660.696411	-119.762924
2661.369324	-119.743370
2662.042236	-119.798073
2662.715149	-119.812920
2663.388062	-119.683701
2664.060974	-119.540466
2664.733887	-119.559837
2665.406799	-119.580582
2666.079712	-119.845276
2666.752625	-119.825180
2667.425537	-119.645561
2668.098450	-119.444664
2668.771362	-119.835136
2669.444275	-119.699272
2670.117188	-119.360207
2670.790100	-119.313576
2671.463013	-119.644432
2672.135925	-119.937775
2672.808838	-119.915672
2673.481750	-119.399063
2674.154663	-119.331253
2674.827576	-119.998756
2675.500488	-119.211235
2676.173401	-119.389725
2676.846313	-119.734573
2677.519226	-119.865807
2678.192139	-119.832382
2678.865051	-119.714401
2679.537964	-119.668800
2680.210876	-119.669792
2680.883789	-119.842613
2681.556702	-119.762444
2682.229614	-119.717422
2682.902527	-119.758911
2683.575439	-119.775505
2684.248352	-119.581192
2684.921265	-119.502625
2685.594177	-119.667931
2686.267090	-119.858536
2686.940002	-119.995750
2687.612915	-119.906670
2688.285828	-119.681938
2688.958740	-119.332069
2689.631653	-119.753716
2690.304565	-119.803497
2690.977478	-119.442093
2691.650391	-119.479988
2692.323303	-119.575417
2692.996216	-119.874130
2693.669128	-120.081322
2694.342041	-120.151649
2695.014954	-120.022415
2695.687866	-119.841431
2696.360779	-119.807152
2697.033691	-119.223770
2697.706604	-119.319481
2698.379517	-119.939552
2699.052429	-120.090851
2699.725342	-119.964836
2700.398254	-119.917099
2701.071167	-119.785088
2701.744080	-119.450485
2702.416992	-119.716469
2703.089905	-119.873344
2703.762817	-119.951721
2704.435730	-120.001244
2705.108643	-119.588974
2705.781555	-119.734177
2706.454468	-120.061813
2707.127380	-119.588692
2707.800293	-119.792076
2708.473206	-120.217606
2709.146118	-120.082375
2709.819031	-119.765190
2710.491943	-119.597633
2711.164856	-118.972122
2711.837769	-118.939438
2712.510681	-119.547600
2713.183594	-119.401711
2713.856506	-119.481155
2714.529419	-119.493774
2715.202332	-119.587578
2715.875244	-119.426353
2716.548157	-119.825233
2717.221069	-119.824249
2717.893982	-119.461937
2718.566895	-119.505783
2719.239807	-119.684067
2719.912720	-120.144035
2720.585632	-119.760010
2721.258545	-119.453423
2721.931458	-119.651878
2722.604370	-119.991150
2723.277283	-120.055832
2723.950195	-120.066643
2724.623108	-119.914665
2725.296021	-119.921288
2725.968933	-119.878967
2726.641846	-119.803246
2727.314758	-119.498924
2727.987671	-119.599098
2728.660583	-119.669128
2729.333496	-119.718590
2730.006409	-120.101265
2730.679321	-119.927795
2731.352234	-119.234642
2732.025146	-119.729073
2732.698059	-119.775948
2733.370972	-119.445374
2734.043884	-119.573814
2734.716797	-119.836838
2735.389709	-120.038025
2736.062622	-120.207603
2736.735535	-119.894043
2737.408447	-120.287216
2738.081360	-120.098999
2738.754272	-120.172562
2739.427185	-119.730644
2740.100098	-119.724083
2740.773010	-119.792259
2741.445923	-119.603584
2742.118835	-119.575714
2742.791748	-120.005592
2743.464661	-120.050163
2744.137573	-120.191582
2744.810486	-119.506416
2745.483398	-119.471642
2746.156311	-119.667717
2746.829224	-118.992165
2747.502136	-119.778664
2748.175049	-119.810921
2748.847961	-119.400177
2749.520874	-119.648270
2750.193787	-119.339134
2750.866699	-119.532700
2751.539612	-119.436493
2752.212524	-119.467896
2752.885437	-119.747864
2753.558350	-119.472527
2754.231262	-119.521133
2754.904175	-119.465065
2755.577087	-119.422333
2756.250000	-119.832970
2756.922913	-120.055717
2757.595825	-119.901550
2758.268738	-119.571365
2758.941650	-119.491188
2759.614563	-120.047043
2760.287476	-119.880104
2760.960388	-120.190872
2761.633301	-119.984810
2762.306213	-119.851326
2762.979126	-119.810738
2763.652039	-119.782928
2764.324951	-119.746033
2764.997864	-119.316444
2765.670776	-119.594391
2766.343689	-119.535461
2767.016602	-119.388641
2767.689514	-119.253914
2768.362427	-119.663322
2769.035339	-119.430519
2769.708252	-120.010612
2770.381165	-120.424271
2771.054077	-120.031197
2771.726990	-119.773422
2772.399902	-119.669258
2773.072815	-119.825195
2773.745728	-119.954010
2774.418640	-119.875435
2775.091553	-119.771042
2775.764465	-119.826042
2776.437378	-119.706078
2777.110291	-119.758514
2777.783203	-119.892067
2778.456116	-119.261902
2779.129028	-119.285080
2779.801941	-119.416985
2780.474854	-119.822380
2781.147766	-120.081413
2781.820679	-120.014870
2782.493591	-119.999687
2783.166504	-120.232056
2783.839417	-119.891708
2784.512329	-119.718750
2785.185242	-119.635658
2785.858154	-119.870384
2786.531067	-119.733147
2787.203979	-119.529541
2787.876892	-119.750679
2788.549805	-119.930504
2789.222717	-119.820930
2789.895630	-119.863235
2790.568542	-120.138474
2791.241455	-119.898193
2791.914368	-119.537903
2792.587280	-119.843910
2793.260193	-119.818771
2793.933105	-119.547768
2794.606018	-120.020370
2795.278931	-119.818344
2795.951843	-119.828125
2796.624756	-119.943901
2797.297668	-119.788208
2797.970581	-119.747841
2798.643494	-119.921455
2799.316406	-120.042862
2799.989319	-120.037300
2800.662231	-119.623558
2801.335144	-119.433067
2802.008057	-119.124588
2802.680969	-119.278473
2803.353882	-119.222794
2804.026794	-119.459335
2804.699707	-119.933083
2805.372620	-119.664055
2806.045532	-119.210831
2806.718445	-119.349197
2807.391357	-119.548233
2808.064270	-120.108826
2808.737183	-119.781006
2809.410095	-119.398781
2810.083008	-119.706131
2810.755920	-120.127998
2811.428833	-119.850433
2812.101746	-119.810616
2812.774658	-120.022476
2813.447571	-119.840569
2814.120483	-119.458092
2814.793396	-119.363029
2815.466309	-119.411697
2816.139221	-119.463898
2816.812134	-119.307983
2817.485046	-119.217102
2818.157959	-119.245331
2818.830872	-119.212196
2819.503784	-119.677208
2820.176697	-119.628815
2820.849609	-119.243645
2821.522522	-119.744629
2822.195435	-120.111153
2822.868347	-120.077278
2823.541260	-119.731155
2824.214172	-119.735229
2824.887085	-119.888313
2825.559998	-119.775764
2826.232910	-119.666870
2826.905823	-119.376236
2827.578735	-119.830605
2828.251648	-119.653015
2828.924561	-119.977928
2829.597473	-119.875343
2830.270386	-119.242882
2830.943298	-119.226433
2831.616211	-119.456871
2832.289124	-119.911797
2832.962036	-119.786453
2833.634949	-119.940887
2834.307861	-120.466141
2834.980774	-119.949348
2835.653687	-119.592186
2836.326599	-119.642487
2836.999512	-119.652763
2837.672424	-119.605141
2838.345337	-119.981155
2839.018250	-120.016182
2839.691162	-120.186867
2840.364075	-120.031425
2841.036987	-119.621216
2841.709900	-119.717110
2842.382812	-119.943329
2843.055725	-119.704300
2843.728638	-119.264145
2844.401550	-119.320396
2845.074463	-120.089890
2845.747375	-119.820030
2846.420288	-119.726746
2847.093201	-120.065559
2847.766113	-120.141708
2848.439026	-120.209122
2849.111938	-120.101814
2849.784851	-119.917938
2850.457764	-119.748520
2851.130676	-120.101974
2851.803589	-119.443329
2852.476501	-119.022270
2853.149414	-119.333778
2853.822327	-120.028725
2854.495239	-119.882256
2855.168152	-120.134155
2855.841064	-120.038048
2856.513977	-120.220497
2857.186890	-120.173363
2857.859802	-119.809036
2858.532715	-119.979111
2859.205627	-119.959579
2859.878540	-119.316780
2860.551453	-119.454712
2861.224365	-119.677956
2861.897278	-119.769028
2862.570190	-120.037582
2863.243103	-119.709778
2863.916016	-119.822136
2864.588928	-119.716873
2865.261841	-119.668190
2865.934753	-120.127182
2866.607666	-120.047127
2867.280579	-119.647224
2867.953491	-119.885506
2868.626404	-120.329994
2869.299316	-120.066101
2869.972229	-119.824387
2870.645142	-119.639221
2871.318054	-119.647491
2871.990967	-119.878059
2872.663879	-120.293907
2873.336792	-120.370583
2874.009705	-120.086929
2874.682617	-119.650459
2875.355530	-119.454254
2876.028442	-119.769997
2876.701355	-119.985115
2877.374268	-119.541817
2878.047180	-119.329834
2878.720093	-119.459312
2879.393005	-119.560791
2880.065918	-119.909035
2880.738831	-119.933006
2881.411743	-119.805527
2882.084656	-120.103561
2882.757568	-119.926697
2883.430481	-119.798042
2884.103394	-120.308105
2884.776306	-120.041107
2885.449219	-120.127945
2886.122131	-119.553078
2886.795044	-119.852165
2887.467957	-120.177933
2888.140869	-120.097672
2888.813782	-120.102898
2889.486694	-120.195129
2890.159607	-119.876350
2890.832520	-119.877098
2891.505432	-119.950516
2892.178345	-120.006775
2892.851257	-119.880966
2893.524170	-119.568398
2894.197083	-119.408264
2894.869995	-119.406853
2895.542908	-119.676643
2896.215820	-119.548759
2896.888733	-119.843636
2897.561646	-119.523254
2898.234558	-119.267860
2898.907471	-119.285728
2899.580383	-119.607277
2900.253296	-119.746681
2900.926208	-119.778481
2901.599121	-119.601845
2902.272034	-119.592598
2902.944946	-120.022369
2903.617859	-119.803841
2904.290771	-119.605415
2904.963684	-119.647224
2905.636597	-119.995956
2906.309509	-119.743233
2906.982422	-119.818817
2907.655334	-119.484741
2908.328247	-119.747849
2909.001160	-119.844810
2909.674072	-119.829521
2910.346985	-120.269836
2911.019897	-120.211494
2911.692810	-119.853439
2912.365723	-119.762947
2913.038635	-119.564774
2913.711548	-119.545280
2914.384460	-119.654999
2915.057373	-119.784317
2915.730286	-119.920158
2916.403198	-120.147186
2917.076111	-119.919296
2917.749023	-119.736603
2918.421936	-119.692513
2919.094849	-119.736511
2919.767761	-120.122078
2920.440674	-119.943695
2921.113586	-119.505058
2921.786499	-119.865448
2922.459412	-119.902512
2923.132324	-119.943855
2923.805237	-120.072327
2924.478149	-120.030594
2925.151062	-120.095390
2925.823975	-119.985092
2926.496887	-120.080009
2927.169800	-119.687035
2927.842712	-119.377815
2928.515625	-119.495789
2929.188538	-119.776909
2929.861450	-119.398201
2930.534363	-119.359161
2931.207275	-119.486504
2931.880188	-119.626816
2932.553101	-119.981880
2933.226013	-120.080910
2933.898926	-119.810173
2934.571838	-119.866524
2935.244751	-119.525421
2935.917664	-119.503120
2936.590576	-119.358948
2937.263489	-119.210236
2937.936401	-119.461777
2938.609314	-119.473244
2939.282227	-119.857132
2939.955139	-120.261253
2940.628052	-120.213173
2941.300964	-120.115425
2941.973877	-119.948059
2942.646790	-119.740540
2943.319702	-119.735283
2943.992615	-119.977760
2944.665527	-120.485847
2945.338440	-120.692902
2946.011353	-120.410332
2946.684265	-120.657372
2947.357178	-119.999222
2948.030090	-119.515900
2948.703003	-119.753693
2949.375916	-119.750198
2950.048828	-119.692116
2950.721741	-119.930489
2951.394653	-120.307487
2952.067566	-120.419922
2952.740479	-119.805092
2953.413391	-119.310173
2954.086304	-119.315277
2954.759216	-119.737381
2955.432129	-119.907768
2956.105042	-119.355347
2956.777954	-119.318771
2957.450867	-119.620026
2958.123779	-119.741219
2958.796692	-119.724075
2959.469604	-119.736610
2960.142517	-119.921730
2960.815430	-119.738228
2961.488342	-119.731842
2962.161255	-119.521057
2962.834167	-119.783882
2963.507080	-119.598717
2964.179993	-119.448997
2964.852905	-119.607407
2965.525818	-119.891296
2966.198730	-120.029602
2966.871643	-120.157822
2967.544556	-119.222267
2968.217468	-119.733505
2968.890381	-119.734566
2969.563293	-119.833908
2970.236206	-119.930275
2970.909119	-119.875610
2971.582031	-120.228424
2972.254944	-120.134308
2972.927856	-119.542038
2973.600769	-119.920464
2974.273682	-119.861488
2974.946594	-120.141411
2975.619507	-120.365685
2976.292419	-120.133232
2976.965332	-119.816536
2977.638245	-119.968369
2978.311157	-120.047691
2978.984070	-119.788353
2979.656982	-119.768456
2980.329895	-119.600723
2981.002808	-119.946693
2981.675720	-120.185379
2982.348633	-119.779587
2983.021545	-119.679741
2983.694458	-119.878746
2984.367371	-120.155060
2985.040283	-119.903275
2985.713196	-119.860817
2986.386108	-119.904289
2987.059021	-119.918289
2987.731934	-120.121033
2988.404846	-119.723320
2989.077759	-119.750771
2989.750671	-120.094452
2990.423584	-120.051048
2991.096497	-119.953850
2991.769409	-119.530945
2992.442322	-119.346794
2993.115234	-119.775475
2993.788147	-119.809990
2994.461060	-119.925934
2995.133972	-119.624886
2995.806885	-119.964996
2996.479797	-120.075752
2997.152710	-120.047882
2997.825623	-119.777809
2998.498535	-119.763031
2999.171448	-119.584221
2999.844360	-119.887459
3000.517273	-119.728333
3001.190186	-119.744164
3001.863098	-119.832306
3002.536011	-119.925415
3003.208923	-119.949890
3003.881836	-120.103127
3004.554749	-120.312302
3005.227661	-120.538994
3005.900574	-120.123604
3006.573486	-119.547256
3007.246399	-119.349487
3007.919312	-119.692749
3008.592224	-120.491051
3009.265137	-120.609650
3009.938049	-120.091888
3010.610962	-120.276375
3011.283875	-120.373558
3011.956787	-120.298866
3012.629700	-119.947670
3013.302612	-120.035538
3013.975525	-120.486954
3014.648438	-119.944420
3015.321350	-119.774765
3015.994263	-119.862129
3016.667175	-120.264786
3017.340088	-120.066101
3018.013000	-119.827164
3018.685913	-119.747429
3019.358826	-119.589325
3020.031738	-119.743950
3020.704651	-120.391289
3021.377563	-119.976395
3022.050476	-119.573875
3022.723389	-119.899010
3023.396301	-119.944763
3024.069214	-119.664688
3024.742126	-120.115959
3025.415039	-120.146393
3026.087952	-119.765068
3026.760864	-119.684868
3027.433777	-119.363213
3028.106689	-119.543694
3028.779602	-119.788910
3029.452515	-119.650986
3030.125427	-119.805466
3030.798340	-119.641769
3031.471252	-119.951897
3032.144165	-119.724625
3032.817078	-120.160454
3033.489990	-120.134964
3034.162903	-119.706772
3034.835815	-119.600639
3035.508728	-119.799339
3036.181641	-120.048302
3036.854553	-120.044754
3037.527466	-119.902054
3038.200378	-120.255531
3038.873291	-120.202423
3039.546204	-120.204659
3040.219116	-120.012077
3040.892029	-119.936882
3041.564941	-119.714966
3042.237854	-119.879303
3042.910767	-119.995567
3043.583679	-119.985519
3044.256592	-120.120041
3044.929504	-120.068748
3045.602417	-119.686752
3046.275330	-119.908745
3046.948242	-120.220741
3047.621155	-120.310844
3048.294067	-120.270012
3048.966980	-119.776421
3049.639893	-119.923553
3050.312805	-119.866798
3050.985718	-119.610138
3051.658630	-120.046730
3052.331543	-120.126556
3053.004456	-120.054161
3053.677368	-120.378189
3054.350281	-120.017349
3055.023193	-119.939636
3055.696106	-119.877060
3056.369019	-119.847855
3057.041931	-119.416786
3057.714844	-119.385551
3058.387756	-119.797234
3059.060669	-119.413521
3059.733582	-119.444618
3060.406494	-119.868073
3061.079407	-120.129662
3061.752319	-119.998550
3062.425232	-119.765251
3063.098145	-119.712631
3063.771057	-119.622231
3064.443970	-119.905113
3065.116882	-119.810143
3065.789795	-119.866112
3066.462708	-120.007736
3067.135620	-119.906746
3067.808533	-119.620010
3068.481445	-119.883286
3069.154358	-120.142334
3069.827271	-120.203201
3070.500183	-120.097321
3071.173096	-120.462013
3071.846008	-120.375877
3072.518921	-119.901939
3073.191833	-120.003983
3073.864746	-119.638527
3074.537659	-120.093254
3075.210571	-119.879616
3075.883484	-119.630905
3076.556396	-120.029945
3077.229309	-120.255951
3077.902222	-119.882187
3078.575134	-119.444221
3079.248047	-119.594231
3079.920959	-119.883263
3080.593872	-119.610229
3081.266785	-119.454369
3081.939697	-120.134262
3082.612610	-120.215721
3083.285522	-119.769600
3083.958435	-119.728760
3084.631348	-119.773804
3085.304260	-119.607498
3085.977173	-119.562820
3086.650085	-119.780876
3087.322998	-119.624519
3087.995911	-119.688469
3088.668823	-119.787628
3089.341736	-119.942001
3090.014648	-120.271286
3090.687561	-120.227081
3091.360474	-120.018448
3092.033386	-119.694412
3092.706299	-119.641907
3093.379211	-120.408524
3094.052124	-120.463852
3094.725037	-120.083153
3095.397949	-120.072456
3096.070862	-120.288979
3096.743774	-120.446480
3097.416687	-119.963570
3098.089600	-119.604240
3098.762512	-119.866875
3099.435425	-119.513741
3100.108337	-119.552322
3100.781250	-119.789246
3101.454163	-119.891190
3102.127075	-120.091278
3102.799988	-120.186577
3103.472900	-120.322685
3104.145813	-119.716911
3104.818726	-119.728188
3105.491638	-120.020889
3106.164551	-120.017509
3106.837463	-120.117134
3107.510376	-119.614586
3108.183289	-119.721764
3108.856201	-119.880043
3109.529114	-119.693794
3110.202026	-120.065613
3110.874939	-120.165031
3111.547852	-120.252022
3112.220764	-119.986465
3112.893677	-120.269173
3113.566589	-120.184456
3114.239502	-119.893440
3114.912415	-119.718422
3115.585327	-119.824738
3116.258240	-119.966805
3116.931152	-119.772469
3117.604065	-120.025002
3118.276978	-119.979080
3118.949890	-119.900551
3119.622803	-119.897964
3120.295715	-120.416252
3120.968628	-119.841248
3121.641541	-119.733047
3122.314453	-120.256393
3122.987366	-120.225281
3123.660278	-120.135536
3124.333191	-119.727310
3125.006104	-120.149139
3125.679016	-119.862083
3126.351929	-119.985977
3127.024841	-119.676010
3127.697754	-120.034500
3128.370667	-120.133408
3129.043579	-119.718475
3129.716492	-119.890282
3130.389404	-119.717781
3131.062317	-119.488228
3131.735229	-119.465851
3132.408142	-119.602379
3133.081055	-119.756378
3133.753967	-120.248840
3134.426880	-120.492805
3135.099792	-120.005547
3135.772705	-119.666046
3136.445618	-119.439598
3137.118530	-119.639519
3137.791443	-119.672096
3138.464355	-119.762016
3139.137268	-119.774384
3139.810181	-120.333092
3140.483093	-120.171547
3141.156006	-119.983757
3141.828918	-119.720627
3142.501831	-119.806976
3143.174744	-120.414482
3143.847656	-120.084038
3144.520569	-119.640526
3145.193481	-119.832054
3145.866394	-119.789650
3146.539307	-120.030113
3147.212219	-120.180275
3147.885132	-120.419426
3148.558044	-120.117256
3149.230957	-120.140572
3149.903870	-119.865829
3150.576782	-119.828056
3151.249695	-119.686874
3151.922607	-119.983932
3152.595520	-119.457932
3153.268433	-119.464455
3153.941345	-119.806084
3154.614258	-119.446678
3155.287170	-119.987534
3155.960083	-120.236076
3156.632996	-120.384750
3157.305908	-120.291016
3157.978821	-120.105835
3158.651733	-119.932396
3159.324646	-119.645050
3159.997559	-120.022385
3160.670471	-120.323685
3161.343384	-120.044128
3162.016296	-120.399330
3162.689209	-120.617210
3163.362122	-120.200844
3164.035034	-120.027710
3164.707947	-120.035194
3165.380859	-120.228493
3166.053772	-119.958984
3166.726685	-119.741508
3167.399597	-119.639099
3168.072510	-119.427574
3168.745422	-120.051689
3169.418335	-120.073593
3170.091248	-120.137062
3170.764160	-120.193054
3171.437073	-119.975075
3172.109985	-119.765747
3172.782898	-119.906181
3173.455811	-120.305107
3174.128723	-120.224976
3174.801636	-119.837555
3175.474548	-119.741219
3176.147461	-119.862129
3176.820374	-120.048500
3177.493286	-120.087196
3178.166199	-120.521492
3178.839111	-120.434998
3179.512024	-120.025642
3180.184937	-119.631737
3180.857849	-119.591225
3181.530762	-119.757011
3182.203674	-119.999207
3182.876587	-120.105972
3183.549500	-120.411209
3184.222412	-120.019005
3184.895325	-120.083748
3185.568237	-119.557564
3186.241150	-119.665199
3186.914062	-119.859100
3187.586975	-119.803581
3188.259888	-119.773895
3188.932800	-119.859177
3189.605713	-120.173027
3190.278625	-119.899254
3190.951538	-119.558220
3191.624451	-119.515968
3192.297363	-119.729385
3192.970276	-120.255043
3193.643188	-120.343475
3194.316101	-120.174126
3194.989014	-119.895119
3195.661926	-119.892616
3196.334839	-120.027748
3197.007751	-119.910416
3197.680664	-119.841522
3198.353577	-119.995216
3199.026489	-119.899483
3199.699402	-119.881310
3200.372314	-120.289246
3201.045227	-120.158531
3201.718140	-119.688019
3202.391052	-119.934319
3203.063965	-119.948936
3203.736877	-119.983498
3204.409790	-120.209930
3205.082703	-119.973961
3205.755615	-120.027969
3206.428528	-120.224342
3207.101440	-120.022957
3207.774353	-120.231804
3208.447266	-120.251595
3209.120178	-119.734848
3209.793091	-119.716362
3210.466003	-120.137131
3211.138916	-120.343468
3211.811829	-119.828026
3212.484741	-119.785507
3213.157654	-119.995407
3213.830566	-119.969727
3214.503479	-119.933319
3215.176392	-120.072983
3215.849304	-119.873253
3216.522217	-119.682068
3217.195129	-120.041847
3217.868042	-120.317459
3218.540955	-120.026451
3219.213867	-120.607018
3219.886780	-120.352295
3220.559692	-119.926399
3221.232605	-119.764977
3221.905518	-119.741974
3222.578430	-119.861557
3223.251343	-120.131012
3223.924255	-119.842178
3224.597168	-119.917938
3225.270081	-120.105469
3225.942993	-119.849358
3226.615906	-119.954681
3227.288818	-119.987984
3227.961731	-120.180161
3228.634644	-120.025307
3229.307556	-119.850876
3229.980469	-119.947357
3230.653381	-120.110924
3231.326294	-120.165146
3231.999207	-120.272278
3232.672119	-119.862724
3233.345032	-119.665543
3234.017944	-119.966972
3234.690857	-120.149353
3235.363770	-119.976555
3236.036682	-119.789864
3236.709595	-119.961021
3237.382507	-120.173836
3238.055420	-120.082535
3238.728333	-119.971893
3239.401245	-120.160561
3240.074158	-119.974190
3240.747070	-119.844658
3241.419983	-119.938057
3242.092896	-120.016136
3242.765808	-120.104118
3243.438721	-120.169594
3244.111633	-120.157730
3244.784546	-120.331459
3245.457458	-119.600433
3246.130371	-119.692383
3246.803284	-119.881004
3247.476196	-119.764473
3248.149109	-120.063896
3248.822021	-120.218254
3249.494934	-120.530685
3250.167847	-120.343887
3250.840759	-120.341156
3251.513672	-119.932022
3252.186584	-120.172325
3252.859497	-120.243401
3253.532410	-120.308586
3254.205322	-120.414612
3254.878235	-119.816696
3255.551147	-119.735619
3256.224060	-119.322624
3256.896973	-119.139442
3257.569885	-119.779655
3258.242798	-119.976112
3258.915710	-119.675392
3259.588623	-119.592072
3260.261536	-119.716400
3260.934448	-119.900085
3261.607361	-120.032288
3262.280273	-120.157501
3262.953186	-119.963097
3263.626099	-119.897453
3264.299011	-119.904289
3264.971924	-119.835358
3265.644836	-119.845085
3266.317749	-120.047478
3266.990662	-119.807472
3267.663574	-119.584290
3268.336487	-120.145660
3269.009399	-119.699509
3269.682312	-119.780594
3270.355225	-119.860252
3271.028137	-120.191528
3271.701050	-119.938171
3272.373962	-119.931000
3273.046875	-120.087852
3273.719788	-120.079399
3274.392700	-120.282364
3275.065613	-119.799416
3275.738525	-119.643921
3276.411438	-120.069077
3277.084351	-120.434906
3277.757263	-120.526031
3278.430176	-120.175537
3279.103088	-119.923019
3279.776001	-120.117714
3280.448914	-119.688484
3281.121826	-119.964935
3281.794739	-120.318207
3282.467651	-120.090256
3283.140564	-119.788506
3283.813477	-119.852020
3284.486389	-120.202049
3285.159302	-120.052711
3285.832214	-119.842323
3286.505127	-119.566971
3287.178040	-119.856781
3287.850952	-120.198174
3288.523865	-120.148407
3289.196777	-120.177895
3289.869690	-119.995697
3290.542603	-119.763634
3291.215515	-119.825928
3291.888428	-120.054283
3292.561340	-120.170563
3293.234253	-120.248535
3293.907166	-119.756378
3294.580078	-120.002464
3295.252991	-119.957024
3295.925903	-119.829926
3296.598816	-119.733887
3297.271729	-120.356583
3297.944641	-120.186890
3298.617554	-119.939507
3299.290466	-119.860313
3299.963379	-119.756485
3300.636292	-119.726547
3301.309204	-120.592186
3301.982117	-120.490341
3302.655029	-119.818329
3303.327942	-120.106781
3304.000854	-119.783524
3304.673767	-119.800812
3305.346680	-120.008217
3306.019592	-119.475357
3306.692505	-119.828072
3307.365417	-119.708282
3308.038330	-119.932144
3308.711243	-120.161545
3309.384155	-120.204391
3310.057068	-120.066360
3310.729980	-120.432091
3311.402893	-120.739998
3312.075806	-120.123436
3312.748718	-120.067314
3313.421631	-120.253632
3314.094543	-120.370422
3314.767456	-119.795433
3315.440369	-119.811363
3316.113281	-119.844986
3316.786194	-120.360916
3317.459106	-120.086159
3318.132019	-120.462914
3318.804932	-120.379906
3319.477844	-120.108421
3320.150757	-120.037560
3320.823669	-119.811699
3321.496582	-119.476746
3322.169495	-119.650597
3322.842407	-119.834846
3323.515320	-119.793747
3324.188232	-119.821198
3324.861145	-120.528030
3325.534058	-120.372589
3326.206970	-120.473587
3326.879883	-120.304001
3327.552795	-120.144119
3328.225708	-120.134262
3328.898621	-120.182121
3329.571533	-120.052345
3330.244446	-119.541405
3330.917358	-119.816498
3331.590271	-120.120247
3332.263184	-120.359627
3332.936096	-120.863785
3333.609009	-120.003532
3334.281921	-119.829285
3334.954834	-119.861076
3335.627747	-119.937500
3336.300659	-120.019699
3336.973572	-120.464867
3337.646484	-119.674118
3338.319397	-119.763786
3338.992310	-120.244385
3339.665222	-119.594872
3340.338135	-119.597092
3341.011047	-120.258255
3341.683960	-120.243446
3342.356873	-120.258095
3343.029785	-120.359947
3343.702698	-119.992447
3344.375610	-119.901993
3345.048523	-120.004677
3345.721436	-119.730194
3346.394348	-120.133125
3347.067261	-120.252136
3347.740173	-119.826920
3348.413086	-120.002609
3349.085999	-120.262924
3349.758911	-120.023529
3350.431824	-119.790001
3351.104736	-119.637054
3351.777649	-119.637970
3352.450562	-119.786659
3353.123474	-120.037521
3353.796387	-119.706024
3354.469299	-119.856834
3355.142212	-119.837631
3355.815125	-119.800659
3356.488037	-119.958282
3357.160950	-120.059402
3357.833862	-119.903770
3358.506775	-119.998352
3359.179688	-119.939125
3359.852600	-119.882286
3360.525513	-119.944389
3361.198425	-120.073395
3361.871338	-120.018402
3362.544250	-119.574287
3363.217163	-119.198051
3363.890076	-119.551346
3364.562988	-119.772903
3365.235901	-120.176430
3365.908813	-119.807411
3366.581726	-119.789726
3367.254639	-120.037682
3367.927551	-120.202660
3368.600464	-120.191422
3369.273376	-120.091141
3369.946289	-120.289009
3370.619202	-120.293175
3371.292114	-120.093224
3371.965027	-119.802765
3372.637939	-119.512337
3373.310852	-119.668190
3373.983765	-120.055740
3374.656677	-119.859909
3375.329590	-119.471359
3376.002502	-119.587730
3376.675415	-120.249641
3377.348328	-120.144875
3378.021240	-119.544670
3378.694153	-119.898216
3379.367065	-120.227928
3380.039978	-119.729240
3380.712891	-119.976997
3381.385803	-120.347137
3382.058716	-120.542793
3382.731628	-120.205467
3383.404541	-120.424438
3384.077454	-120.522972
3384.750366	-120.121010
3385.423279	-119.794853
3386.096191	-119.701897
3386.769104	-119.915581
3387.442017	-119.997856
3388.114929	-119.744278
3388.787842	-119.861526
3389.460754	-119.890999
3390.133667	-119.748146
3390.806580	-119.794334
3391.479492	-120.089157
3392.152405	-120.064690
3392.825317	-120.121346
3393.498230	-120.295105
3394.171143	-120.125664
3394.844055	-119.844017
3395.516968	-120.024948
3396.189880	-119.969948
3396.862793	-119.540497
3397.535706	-119.791977
3398.208618	-119.674179
3398.881531	-119.999588
3399.554443	-120.412514
3400.227356	-120.086006
3400.900269	-119.582436
3401.573181	-119.842232
3402.246094	-120.254578
3402.919006	-120.171272
3403.591919	-120.228645
3404.264832	-120.241249
3404.937744	-120.519913
3405.610657	-120.098137
3406.283569	-119.820679
3406.956482	-119.938591
3407.629395	-120.196045
3408.302307	-120.242905
3408.975220	-120.347427
3409.648132	-120.328857
3410.321045	-120.406738
3410.993958	-120.311760
3411.666870	-120.453392
3412.339783	-120.424660
3413.012695	-120.711891
3413.685608	-120.935081
3414.358521	-120.003807
3415.031433	-119.859848
3415.704346	-119.988487
3416.377258	-120.056725
3417.050171	-120.309319
3417.723083	-120.105011
3418.395996	-120.082527
3419.068909	-120.008392
3419.741821	-120.041321
3420.414734	-120.227638
3421.087646	-119.751427
3421.760559	-119.701973
3422.433472	-119.991028
3423.106384	-119.774040
3423.779297	-119.860741
3424.452209	-120.090294
3425.125122	-119.787170
3425.798035	-119.565292
3426.470947	-119.796707
3427.143860	-120.338120
3427.816772	-120.139671
3428.489685	-119.909851
3429.162598	-119.751122
3429.835510	-119.764885
3430.508423	-120.232300
3431.181335	-120.346313
3431.854248	-120.100929
3432.527161	-119.884285
3433.200073	-119.885773
3433.872986	-120.109451
3434.545898	-119.951370
3435.218811	-119.790970
3435.891724	-119.968994
3436.564636	-119.981789
3437.237549	-120.105499
3437.910461	-120.197830
3438.583374	-120.137215
3439.256287	-119.657280
3439.929199	-119.752907
3440.602112	-119.629272
3441.275024	-120.022026
3441.947937	-120.121269
3442.620850	-120.149261
3443.293762	-120.100151
3443.966675	-120.305153
3444.639587	-119.790779
3445.312500	-119.960236
3445.985413	-120.215813
3446.658325	-120.113335
3447.331238	-120.082390
3448.004150	-119.767998
3448.677063	-120.300369
3449.349976	-120.331963
3450.022888	-120.095352
3450.695801	-119.950874
3451.368713	-120.021088
3452.041626	-120.202644
3452.714539	-120.398857
3453.387451	-120.288223
3454.060364	-120.177795
3454.733276	-119.992546
3455.406189	-119.579430
3456.079102	-119.877106
3456.752014	-119.990326
3457.424927	-120.258698
3458.097839	-120.146675
3458.770752	-120.165115
3459.443665	-120.161072
3460.116577	-120.448692
3460.789490	-120.207680
3461.462402	-119.944206
3462.135315	-119.942497
3462.808228	-120.284531
3463.481140	-120.253494
3464.154053	-120.160309
3464.826965	-120.017784
3465.499878	-120.005661
3466.172791	-120.124886
3466.845703	-119.983681
3467.518616	-119.836884
3468.191528	-119.567581
3468.864441	-119.293472
3469.537354	-119.580101
3470.210266	-119.822853
3470.883179	-120.065575
3471.556091	-120.117439
3472.229004	-120.234848
3472.901917	-120.152710
3473.574829	-120.219429
3474.247742	-120.276718
3474.920654	-120.106071
3475.593567	-119.444305
3476.266479	-119.414017
3476.939392	-119.446259
3477.612305	-119.617264
3478.285217	-119.776054
3478.958130	-119.974831
3479.631042	-119.761520
3480.303955	-119.383980
3480.976868	-119.933487
3481.649780	-119.978989
3482.322693	-119.614647
3482.995605	-119.915314
3483.668518	-120.148720
3484.341431	-120.522339
3485.014343	-119.670319
3485.687256	-119.832497
3486.360168	-119.907013
3487.033081	-119.880852
3487.705994	-119.982574
3488.378906	-120.062492
3489.051819	-120.183151
3489.724731	-120.123245
3490.397644	-120.052689
3491.070557	-120.368057
3491.743469	-120.301208
3492.416382	-120.195160
3493.089294	-120.362160
3493.762207	-120.063377
3494.435120	-120.132797
3495.108032	-120.064819
3495.780945	-120.001938
3496.453857	-119.785049
3497.126770	-119.999611
3497.799683	-120.229439
3498.472595	-120.289703
3499.145508	-119.993492
3499.818420	-120.065536
3500.491333	-119.941612
3501.164246	-120.340706
3501.837158	-120.030075
3502.510071	-119.707314
3503.182983	-119.749214
3503.855896	-120.317886
3504.528809	-120.382278
3505.201721	-120.046768
3505.874634	-120.116837
3506.547546	-120.169785
3507.220459	-120.407013
3507.893372	-120.485100
3508.566284	-120.512863
3509.239197	-120.316391
3509.912109	-119.662880
3510.585022	-119.783447
3511.257935	-119.502357
3511.930847	-119.843735
3512.603760	-120.280846
3513.276672	-119.930008
3513.949585	-119.642235
3514.622498	-120.204231
3515.295410	-120.099571
3515.968323	-119.995125
3516.641235	-120.497047
3517.314148	-120.430527
3517.987061	-120.207092
3518.659973	-120.596893
3519.332886	-120.005936
3520.005798	-119.705185
3520.678711	-120.005203
3521.351624	-120.073143
3522.024536	-120.358765
3522.697449	-120.327744
3523.370361	-119.929062
3524.043274	-119.633904
3524.716187	-119.796753
3525.389099	-119.801125
3526.062012	-119.839714
3526.734924	-119.609901
3527.407837	-120.283386
3528.080750	-120.057022
3528.753662	-120.119225
3529.426575	-120.058266
3530.099487	-119.971619
3530.772400	-120.537804
3531.445312	-120.603889
3532.118225	-120.137947
3532.791138	-120.261673
3533.464050	-120.554611
3534.136963	-120.456673
3534.809875	-119.797974
3535.482788	-120.005630
3536.155701	-120.080070
3536.828613	-120.078545
3537.501526	-120.515602
3538.174438	-120.337761
3538.847351	-119.604362
3539.520264	-119.360306
3540.193176	-119.892189
3540.866089	-120.479362
3541.539001	-120.469078
3542.211914	-120.144104
3542.884827	-119.974609
3543.557739	-120.187035
3544.230652	-119.855339
3544.903564	-119.812706
3545.576477	-120.173813
3546.249390	-120.088898
3546.922302	-120.340828
3547.595215	-119.848503
3548.268127	-119.885841
3548.941040	-120.437729
3549.613953	-120.085381
3550.286865	-120.262207
3550.959778	-120.451370
3551.632690	-120.181580
3552.305603	-120.211342
3552.978516	-120.289253
3553.651428	-120.452293
3554.324341	-120.252792
3554.997253	-119.866829
3555.670166	-120.392296
3556.343079	-120.069099
3557.015991	-119.582512
3557.688904	-120.481133
3558.361816	-120.325676
3559.034729	-120.076569
3559.707642	-119.988686
3560.380554	-120.213364
3561.053467	-120.019234
3561.726379	-120.006660
3562.399292	-120.088112
3563.072205	-119.883278
3563.745117	-120.183449
3564.418030	-120.389374
3565.090942	-120.175186
3565.763855	-120.242500
3566.436768	-120.596298
3567.109680	-120.096001
3567.782593	-120.050133
3568.455505	-119.781151
3569.128418	-119.833519
3569.801331	-119.732124
3570.474243	-120.232094
3571.147156	-120.461258
3571.820068	-120.361305
3572.492981	-120.337257
3573.165894	-119.862991
3573.838806	-120.009293
3574.511719	-119.868843
3575.184631	-119.869049
3575.857544	-120.081825
3576.530457	-120.155342
3577.203369	-120.184845
3577.876282	-120.136818
3578.549194	-120.308258
3579.222107	-120.298302
3579.895020	-120.290092
3580.567932	-119.745033
3581.240845	-120.236794
3581.913757	-120.273666
3582.586670	-120.164154
3583.259583	-120.113014
3583.932495	-119.968719
3584.605408	-120.115257
3585.278320	-120.369141
3585.951233	-120.439369
3586.624146	-120.294380
3587.297058	-120.223045
3587.969971	-119.911446
3588.642883	-120.438797
3589.315796	-120.240402
3589.988708	-119.857780
3590.661621	-120.043190
3591.334534	-119.819908
3592.007446	-119.761017
3592.680359	-120.136482
3593.353271	-120.317291
3594.026184	-120.220306
3594.699097	-120.418625
3595.372009	-120.553200
3596.044922	-119.954941
3596.717834	-119.970360
3597.390747	-120.084915
3598.063660	-120.100639
3598.736572	-120.194298
3599.409485	-120.280983
3600.082397	-120.337875
3600.755310	-120.434456
3601.428223	-120.698837
3602.101135	-120.019447
3602.774048	-120.055786
3603.446960	-120.162804
3604.119873	-120.247169
3604.792786	-120.259506
3605.465698	-120.082794
3606.138611	-120.223343
3606.811523	-120.413078
3607.484436	-120.448929
3608.157349	-120.052567
3608.830261	-119.821426
3609.503174	-120.179344
3610.176086	-120.055130
3610.848999	-120.044098
3611.521912	-120.376335
3612.194824	-120.473763
3612.867737	-120.641762
3613.540649	-120.578125
3614.213562	-120.105934
3614.886475	-120.053406
3615.559387	-120.238945
3616.232300	-120.094810
3616.905212	-120.108009
3617.578125	-119.988846
3618.251038	-120.687393
3618.923950	-120.079941
3619.596863	-120.006516
3620.269775	-120.313622
3620.942688	-119.988602
3621.615601	-120.077904
3622.288513	-120.108841
3622.961426	-120.140259
3623.634338	-120.214607
3624.307251	-120.323105
3624.980164	-120.361008
3625.653076	-119.877815
3626.325989	-120.058784
3626.998901	-119.820938
3627.671814	-119.944435
3628.344727	-119.721001
3629.017639	-120.090462
3629.690552	-120.185089
3630.363464	-120.218643
3631.036377	-120.136459
3631.709290	-120.141014
3632.382202	-120.135735
3633.055115	-120.411247
3633.728027	-119.812965
3634.400940	-119.684837
3635.073853	-120.122040
3635.746765	-120.277977
3636.419678	-119.978813
3637.092590	-120.335014
3637.765503	-120.117699
3638.438416	-120.290878
3639.111328	-120.486771
3639.784241	-120.238533
3640.457153	-120.253967
3641.130066	-120.241821
3641.802979	-120.317993
3642.475891	-120.271065
3643.148804	-119.834778
3643.821716	-120.162537
3644.494629	-120.239777
3645.167542	-120.195740
3645.840454	-119.683311
3646.513367	-119.810318
3647.186279	-119.761505
3647.859192	-119.770279
3648.532104	-119.735123
3649.205017	-119.966743
3649.877930	-120.256622
3650.550842	-120.242546
3651.223755	-120.199478
3651.896667	-119.992317
3652.569580	-120.167389
3653.242493	-120.254929
3653.915405	-120.434814
3654.588318	-120.689331
3655.261230	-120.732651
3655.934143	-120.592018
3656.607056	-120.477318
3657.279968	-120.202431
3657.952881	-120.133362
3658.625793	-119.965813
3659.298706	-120.134521
3659.971619	-120.055763
3660.644531	-120.261246
3661.317444	-119.984344
3661.990356	-119.696594
3662.663269	-120.027672
3663.336182	-120.423943
3664.009094	-120.446541
3664.682007	-120.255707
3665.354919	-120.255569
3666.027832	-120.637215
3666.700745	-120.586578
3667.373657	-120.231392
3668.046570	-120.156731
3668.719482	-120.018303
3669.392395	-120.610519
3670.065308	-120.207123
3670.738220	-119.822998
3671.411133	-120.286499
3672.084045	-120.162628
3672.756958	-120.105972
3673.429871	-120.049538
3674.102783	-119.997688
3674.775696	-120.102943
3675.448608	-120.592262
3676.121521	-120.563782
3676.794434	-119.977448
3677.467346	-120.089493
3678.140259	-120.087410
3678.813171	-120.018631
3679.486084	-120.019707
3680.158997	-120.283951
3680.831909	-120.119644
3681.504822	-120.068176
3682.177734	-119.905128
3682.850647	-120.152191
3683.523560	-120.359985
3684.196472	-120.558578
3684.869385	-120.119453
3685.542297	-120.501877
3686.215210	-120.583984
3686.888123	-120.181175
3687.561035	-120.044296
3688.233948	-120.321404
3688.906860	-121.060196
3689.579773	-120.009354
3690.252686	-120.136124
3690.925598	-120.311302
3691.598511	-120.226524
3692.271423	-120.105118
3692.944336	-120.299164
3693.617249	-120.478317
3694.290161	-120.514717
3694.963074	-120.156792
3695.635986	-120.300835
3696.308899	-120.026840
3696.981812	-119.813423
3697.654724	-119.850349
3698.327637	-119.675262
3699.000549	-119.740189
3699.673462	-120.306778
3700.346375	-120.193962
3701.019287	-119.806618
3701.692200	-120.177101
3702.365112	-120.557068
3703.038025	-120.842796
3703.710938	-120.507065
3704.383850	-120.305290
3705.056763	-120.198586
3705.729675	-119.894867
3706.402588	-120.198166
3707.075500	-120.364204
3707.748413	-120.306816
3708.421326	-120.283318
3709.094238	-120.355812
3709.767151	-120.058121
3710.440063	-120.275307
3711.112976	-120.239632
3711.785889	-120.061989
3712.458801	-119.690308
3713.131714	-119.795189
3713.804626	-120.323433
3714.477539	-120.302261
3715.150452	-120.172935
3715.823364	-120.282310
3716.496277	-120.046242
3717.169189	-119.841087
3717.842102	-120.143234
3718.515015	-120.417961
3719.187927	-120.547119
3719.860840	-120.085419
3720.533752	-120.260033
3721.206665	-120.272820
3721.879578	-120.367683
3722.552490	-120.425896
3723.225403	-119.985268
3723.898315	-120.072327
3724.571228	-119.988922
3725.244141	-119.596275
3725.917053	-119.842201
3726.589966	-120.453804
3727.262878	-120.450600
3727.935791	-120.126999
3728.608704	-120.065643
3729.281616	-119.839920
3729.954529	-120.176674
3730.627441	-120.109375
3731.300354	-120.331726
3731.973267	-120.250458
3732.646179	-120.240089
3733.319092	-119.923454
3733.992004	-119.607903
3734.664917	-120.247200
3735.337830	-120.025574
3736.010742	-119.928368
3736.683655	-119.822411
3737.356567	-119.821335
3738.029480	-119.836876
3738.702393	-119.941917
3739.375305	-120.211723
3740.048218	-120.340767
3740.721130	-119.913979
3741.394043	-120.261528
3742.066956	-120.261490
3742.739868	-120.049889
3743.412781	-120.063759
3744.085693	-119.604813
3744.758606	-119.978241
3745.431519	-120.454620
3746.104431	-120.327293
3746.777344	-119.806061
3747.450256	-119.851173
3748.123169	-120.290695
3748.796082	-120.150528
3749.468994	-119.997520
3750.141907	-120.171143
3750.814819	-120.579178
3751.487732	-120.245842
3752.160645	-120.016075
3752.833557	-119.504738
3753.506470	-120.031921
3754.179382	-120.150566
3754.852295	-120.241417
3755.525208	-119.722107
3756.198120	-119.709511
3756.871033	-119.860199
3757.543945	-120.083092
3758.216858	-120.398003
3758.889771	-120.165810
3759.562683	-120.339844
3760.235596	-120.129333
3760.908508	-119.878777
3761.581421	-120.119400
3762.254333	-119.605492
3762.927246	-119.876083
3763.600159	-120.296211
3764.273071	-120.388634
3764.945984	-120.261055
3765.618896	-120.148125
3766.291809	-120.522018
3766.964722	-120.271294
3767.637634	-120.176186
3768.310547	-120.157265
3768.983459	-120.321365
3769.656372	-120.192902
3770.329285	-120.001114
3771.002197	-120.128258
3771.675110	-120.219322
3772.348022	-120.341194
3773.020935	-120.280785
3773.693848	-120.292503
3774.366760	-121.013893
3775.039673	-120.380562
3775.712585	-120.365036
3776.385498	-120.600555
3777.058411	-120.110321
3777.731323	-120.234322
3778.404236	-120.492905
3779.077148	-120.461212
3779.750061	-120.026276
3780.422974	-120.163109
3781.095886	-119.962555
3781.768799	-119.957504
3782.441711	-120.524811
3783.114624	-120.391014
3783.787537	-120.032349
3784.460449	-120.107323
3785.133362	-120.089684
3785.806274	-120.579079
3786.479187	-120.314041
3787.152100	-119.574699
3787.825012	-119.984985
3788.497925	-120.201546
3789.170837	-120.434509
3789.843750	-120.582077
3790.516663	-120.236427
3791.189575	-120.568825
3791.862488	-120.419861
3792.535400	-119.929031
3793.208313	-119.877052
3793.881226	-120.082848
3794.554138	-120.255432
3795.227051	-119.990356
3795.899963	-119.950363
3796.572876	-120.141541
3797.245789	-120.121544
3797.918701	-120.462982
3798.591614	-120.477249
3799.264526	-120.132812
3799.937439	-119.966057
3800.610352	-120.206345
3801.283264	-120.059975
3801.956177	-120.132195
3802.629089	-120.372826
3803.302002	-120.175552
3803.974915	-120.325478
3804.647827	-120.350204
3805.320740	-119.908104
3805.993652	-120.082268
3806.666565	-120.263710
3807.339478	-120.595612
3808.012390	-120.221893
3808.685303	-120.415962
3809.358215	-120.592316
3810.031128	-120.055031
3810.704041	-120.125641
3811.376953	-119.829811
3812.049866	-119.443184
3812.722778	-119.172592
3813.395691	-119.645943
3814.068604	-120.395355
3814.741516	-120.338463
3815.414429	-119.855804
3816.087341	-120.106361
3816.760254	-120.398399
3817.433167	-120.301956
3818.106079	-120.020424
3818.778992	-120.032295
3819.451904	-120.081978
3820.124817	-120.018372
3820.797729	-120.156708
3821.470642	-120.004852
3822.143555	-119.875114
3822.816467	-120.723137
3823.489380	-120.423759
3824.162292	-120.253090
3824.835205	-120.408684
3825.508118	-120.547043
3826.181030	-120.000229
3826.853943	-119.940300
3827.526855	-119.940735
3828.199768	-119.752739
3828.872681	-119.908813
3829.545593	-120.530418
3830.218506	-120.636627
3830.891418	-120.572197
3831.564331	-120.399963
3832.237244	-120.077850
3832.910156	-120.221436
3833.583069	-120.172050
3834.255981	-120.352325
3834.928894	-120.366257
3835.601807	-119.946892
3836.274719	-120.223564
3836.947632	-120.401817
3837.620544	-120.635529
3838.293457	-120.530144
3838.966370	-120.440437
3839.639282	-120.413979
3840.312195	-120.209305
3840.985107	-120.041946
3841.658020	-120.055695
3842.330933	-119.959892
3843.003845	-119.766708
3843.676758	-119.957413
3844.349670	-120.115059
3845.022583	-119.910995
3845.695496	-120.019333
3846.368408	-120.244080
3847.041321	-120.297356
3847.714233	-120.304359
3848.387146	-120.208458
3849.060059	-120.096802
3849.732971	-120.064888
3850.405884	-119.988525
3851.078796	-120.406471
3851.751709	-120.217430
3852.424622	-119.945068
3853.097534	-120.108170
3853.770447	-120.190102
3854.443359	-120.557304
3855.116272	-120.379860
3855.789185	-120.014549
3856.462097	-120.212158
3857.135010	-120.433685
3857.807922	-120.399193
3858.480835	-120.250359
3859.153748	-120.309868
3859.826660	-120.419304
3860.499573	-120.122612
3861.172485	-119.726768
3861.845398	-119.852493
3862.518311	-120.515114
3863.191223	-120.108055
3863.864136	-119.892471
3864.537048	-119.940758
3865.209961	-120.038879
3865.882874	-120.403442
3866.555786	-120.359116
3867.228699	-120.504303
3867.901611	-120.488731
3868.574524	-120.355255
3869.247437	-120.383965
3869.920349	-120.186996
3870.593262	-120.317825
3871.266174	-120.474487
3871.939087	-120.565071
3872.612000	-120.225479
3873.284912	-120.184448
3873.957825	-120.587059
3874.630737	-120.864166
3875.303650	-121.010307
3875.976562	-120.571526
3876.649475	-120.430382
3877.322388	-120.550087
3877.995300	-120.693726
3878.668213	-120.361641
3879.341125	-120.426224
3880.014038	-120.108185
3880.686951	-120.058319
3881.359863	-119.807076
3882.032776	-120.357300
3882.705688	-120.205635
3883.378601	-120.341743
3884.051514	-120.108757
3884.724426	-120.221695
3885.397339	-119.815048
3886.070251	-120.003159
3886.743164	-120.308083
3887.416077	-120.316315
3888.088989	-120.526703
3888.761902	-120.356430
3889.434814	-120.173302
3890.107727	-120.497665
3890.780640	-120.132912
3891.453552	-119.957336
3892.126465	-120.059891
3892.799377	-120.398254
3893.472290	-120.293236
3894.145203	-120.043938
3894.818115	-120.183487
3895.491028	-120.010307
3896.163940	-120.036713
3896.836853	-120.161736
3897.509766	-120.154114
3898.182678	-120.414299
3898.855591	-120.665947
3899.528503	-120.419136
3900.201416	-120.435646
3900.874329	-120.285126
3901.547241	-120.217941
3902.220154	-120.271477
3902.893066	-120.301689
3903.565979	-120.041817
3904.238892	-120.345955
3904.911804	-119.997742
3905.584717	-119.986572
3906.257629	-120.200386
3906.930542	-119.938202
3907.603455	-120.364540
3908.276367	-120.320412
3908.949280	-119.793579
3909.622192	-120.237061
3910.295105	-120.121033
3910.968018	-120.231903
3911.640930	-120.589828
3912.313843	-120.507011
3912.986755	-120.280090
3913.659668	-120.464767
3914.332581	-120.428841
3915.005493	-120.218147
3915.678406	-120.344940
3916.351318	-120.201218
3917.024231	-120.344437
3917.697144	-120.092255
3918.370056	-120.189774
3919.042969	-120.474945
3919.715881	-120.485252
3920.388794	-120.227600
3921.061707	-120.054840
3921.734619	-120.471664
3922.407532	-120.503708
3923.080444	-120.187141
3923.753357	-119.896683
3924.426270	-119.957802
3925.099182	-119.897392
3925.772095	-120.282837
3926.445007	-120.285629
3927.117920	-120.056877
3927.790833	-120.520187
3928.463745	-120.311867
3929.136658	-120.386948
3929.809570	-120.248985
3930.482483	-120.149796
3931.155396	-120.034386
3931.828308	-120.010757
3932.501221	-120.441841
3933.174133	-120.566994
3933.847046	-120.927551
3934.519958	-120.502693
3935.192871	-120.526024
3935.865784	-121.081139
3936.538696	-120.603600
3937.211609	-120.082634
3937.884521	-120.216019
3938.557434	-120.082741
3939.230347	-120.193443
3939.903259	-120.368454
3940.576172	-120.058113
3941.249084	-120.272804
3941.921997	-120.215996
3942.594910	-120.559509
3943.267822	-120.565918
3943.940735	-120.112839
3944.613647	-120.039368
3945.286560	-120.084625
3945.959473	-120.499298
3946.632385	-120.827988
3947.305298	-120.156342
3947.978210	-120.398041
3948.651123	-120.402428
3949.324036	-120.344604
3949.996948	-119.930458
3950.669861	-119.949799
3951.342773	-119.997971
3952.015686	-120.441032
3952.688599	-120.521149
3953.361511	-120.615791
3954.034424	-120.664009
3954.707336	-120.058838
3955.380249	-120.357407
3956.053162	-120.421707
3956.726074	-119.970490
3957.398987	-119.755913
3958.071899	-120.121994
3958.744812	-120.513672
3959.417725	-120.212852
3960.090637	-120.529449
3960.763550	-120.484207
3961.436462	-120.252045
3962.109375	-120.089973
3962.782288	-120.093529
3963.455200	-119.890602
3964.128113	-120.216446
3964.801025	-120.645897
3965.473938	-120.525711
3966.146851	-120.451836
3966.819763	-120.402687
3967.492676	-120.569107
3968.165588	-120.373726
3968.838501	-120.215889
3969.511414	-120.487274
3970.184326	-120.353439
3970.857239	-120.216393
3971.530151	-119.806084
3972.203064	-120.101761
3972.875977	-120.178818
3973.548889	-120.021576
3974.221802	-119.726982
3974.894714	-119.872864
3975.567627	-119.705872
3976.240540	-120.061699
3976.913452	-120.077072
3977.586365	-120.118317
3978.259277	-120.560585
3978.932190	-120.420166
3979.605103	-120.550682
3980.278015	-120.161880
3980.950928	-120.109695
3981.623840	-120.103226
3982.296753	-120.022118
3982.969666	-120.132484
3983.642578	-120.283928
3984.315491	-120.266708
3984.988403	-119.715202
3985.661316	-120.151489
3986.334229	-119.856125
3987.007141	-120.026070
3987.680054	-120.306442
3988.352966	-120.006432
3989.025879	-120.247673
3989.698792	-120.366486
3990.371704	-120.161888
3991.044617	-119.982124
3991.717529	-120.305626
3992.390442	-120.303528
3993.063354	-120.297935
3993.736267	-120.309875
3994.409180	-120.099335
3995.082092	-120.013077
3995.755005	-120.509171
3996.427917	-120.279625
3997.100830	-119.984787
3997.773743	-119.537605
3998.446655	-119.655548
3999.119568	-119.813774
3999.792480	-120.062141
4000.465393	-120.315094
4001.138306	-120.386711
4001.811218	-120.673843
4002.484131	-120.738136
4003.157043	-120.218216
4003.829956	-120.414635
4004.502869	-120.248711
4005.175781	-120.130692
4005.848694	-119.929283
4006.521606	-120.286568
4007.194519	-120.270302
4007.867432	-119.960945
4008.540344	-119.905502
4009.213257	-120.146233
4009.886169	-120.391174
4010.559082	-120.577789
4011.231995	-120.428848
4011.904907	-120.488548
4012.577820	-120.367096
4013.250732	-120.148560
4013.923645	-120.136772
4014.596558	-120.050972
4015.269470	-120.377380
4015.942383	-120.410767
4016.615295	-120.887413
4017.288208	-120.529945
4017.961121	-120.291504
4018.634033	-120.809853
4019.306946	-120.524750
4019.979858	-120.188614
4020.652771	-120.361961
4021.325684	-120.276047
4021.998596	-119.995399
4022.671509	-120.028900
4023.344421	-120.382080
4024.017334	-120.453384
4024.690247	-119.871834
4025.363159	-119.873985
4026.036072	-120.499016
4026.708984	-120.242714
4027.381897	-120.237045
4028.054810	-120.449089
4028.727722	-120.254997
4029.400635	-120.017838
4030.073547	-119.812843
4030.746460	-119.584908
4031.419373	-119.592773
4032.092285	-119.906616
4032.765198	-120.223785
4033.438110	-120.123505
4034.111023	-120.545586
4034.783936	-120.894562
4035.456848	-120.192673
4036.129761	-120.029640
4036.802673	-120.218834
4037.475586	-120.132523
4038.148499	-120.199448
4038.821411	-120.276794
4039.494324	-120.367218
4040.167236	-120.475174
4040.840149	-120.476128
4041.513062	-120.262451
4042.185974	-120.165771
4042.858887	-120.511284
4043.531799	-120.377838
4044.204712	-120.301071
4044.877625	-120.251152
4045.550537	-120.463699
4046.223450	-120.178658
4046.896362	-120.340408
4047.569275	-120.065529
4048.242188	-120.455116
4048.915100	-120.817055
4049.588013	-120.280861
4050.260925	-120.443565
4050.933838	-120.464493
4051.606750	-120.118149
4052.279663	-119.888489
4052.952576	-120.029434
4053.625488	-120.112602
4054.298401	-119.849480
4054.971313	-120.104034
4055.644226	-120.209023
4056.317139	-120.104759
4056.990051	-119.876076
4057.662964	-120.055054
4058.335876	-120.532745
4059.008789	-120.373474
4059.681702	-120.062813
4060.354614	-120.395973
4061.027527	-120.344917
4061.700439	-120.606567
4062.373352	-120.664597
4063.046265	-120.286049
4063.719177	-120.145897
4064.392090	-120.239166
4065.065002	-120.270287
4065.737915	-119.948975
4066.410828	-119.938423
4067.083740	-120.274567
4067.756653	-120.020210
4068.429565	-120.276512
4069.102478	-120.209740
4069.775391	-119.982132
4070.448303	-120.266365
4071.121216	-120.244301
4071.794128	-120.235252
4072.467041	-120.082001
4073.139954	-119.565849
4073.812866	-119.717216
4074.485779	-120.437164
4075.158691	-120.358452
4075.831604	-120.428101
4076.504517	-120.327736
4077.177429	-120.056038
4077.850342	-120.496605
4078.523254	-120.536583
4079.196167	-120.323334
4079.869080	-119.861687
4080.541992	-119.895340
4081.214905	-120.260017
4081.887817	-119.975891
4082.560730	-120.040207
4083.233643	-120.345108
4083.906555	-120.305077
4084.579468	-119.934402
4085.252380	-120.166565
4085.925293	-119.884811
4086.598206	-120.049660
4087.271118	-119.858833
4087.944031	-119.629341
4088.616943	-120.294373
4089.289856	-120.234398
4089.962769	-120.429482
4090.635681	-120.366875
4091.308594	-119.891296
4091.981506	-120.132950
4092.654419	-120.187973
4093.327332	-120.639214
4094.000244	-120.168182
4094.673157	-120.001366
4095.346069	-120.024467
4096.018982	-120.075188
4096.691895	-120.015182
4097.364807	-120.262230
4098.037720	-120.286369
4098.710632	-120.444374
4099.383545	-120.490417
4100.056458	-120.411560
4100.729370	-120.345757
4101.402283	-120.308350
4102.075195	-119.969376
4102.748108	-119.814140
4103.421021	-119.702866
4104.093933	-119.897469
4104.766846	-119.951004
4105.439758	-120.497887
4106.112671	-120.357933
4106.785583	-119.858620
4107.458496	-120.038155
4108.131409	-119.974983
4108.804321	-120.044418
4109.477234	-120.335632
4110.150146	-120.436607
4110.823059	-120.663620
4111.495972	-120.281525
4112.168884	-120.055122
4112.841797	-120.478416
4113.514709	-120.541145
4114.187622	-120.226952
4114.860535	-120.014702
4115.533447	-120.197365
4116.206360	-120.422882
4116.879272	-120.610130
4117.552185	-120.387138
4118.225098	-120.257439
4118.898010	-120.731995
4119.570923	-120.139221
4120.243835	-119.690666
4120.916748	-119.661659
4121.589661	-120.008644
4122.262573	-120.177574
4122.935486	-120.322166
4123.608398	-120.050232
4124.281311	-119.977440
4124.954224	-120.245644
4125.627136	-120.463272
4126.300049	-120.193672
4126.972961	-120.231773
4127.645874	-120.282051
4128.318787	-119.936020
4128.991699	-120.071053
4129.664612	-120.443588
4130.337524	-120.441383
4131.010437	-120.387878
4131.683350	-120.180840
4132.356262	-119.907921
4133.029175	-120.170227
4133.702087	-120.310249
4134.375000	-120.163918
4135.047913	-120.392708
4135.720825	-120.484863
4136.393738	-120.629997
4137.066650	-120.554169
4137.739563	-120.019051
4138.412476	-120.184746
4139.085388	-120.120743
4139.758301	-119.955795
4140.431213	-119.713547
4141.104126	-119.632568
4141.777039	-119.974167
4142.449951	-120.114426
4143.122864	-120.111923
4143.795776	-120.335724
4144.468689	-120.389992
4145.141602	-120.383392
4145.814514	-120.294800
4146.487427	-120.338615
4147.160339	-120.324608
4147.833252	-120.277344
4148.506165	-120.188835
4149.179077	-119.852318
4149.851990	-119.830254
4150.524902	-120.255547
4151.197815	-120.798576
4151.870728	-120.620316
4152.543640	-120.021538
4153.216553	-120.349342
4153.889465	-120.040138
4154.562378	-120.023216
4155.235291	-120.012924
4155.908203	-119.688583
4156.581116	-119.848663
4157.254028	-120.479431
4157.926941	-120.128624
4158.599854	-120.170113
4159.272766	-120.424843
4159.945679	-119.978134
4160.618591	-120.271172
4161.291504	-120.772049
4161.964417	-120.667465
4162.637329	-120.113876
4163.310242	-120.253166
4163.983154	-120.168404
4164.656067	-120.259926
4165.328979	-119.977722
4166.001892	-119.907715
4166.674805	-120.171585
4167.347717	-120.129074
4168.020630	-120.154320
4168.693542	-119.976357
4169.366455	-120.151749
4170.039368	-120.107460
4170.712280	-120.110649
4171.385193	-119.827011
4172.058105	-120.029602
4172.731018	-120.102913
4173.403931	-120.481300
4174.076843	-120.639313
4174.749756	-120.027611
4175.422668	-120.143356
4176.095581	-120.321884
4176.768494	-120.138222
4177.441406	-120.115669
4178.114319	-120.163376
4178.787231	-119.829643
4179.460144	-119.934204
4180.133057	-120.143486
4180.805969	-120.034492
4181.478882	-120.212875
4182.151794	-119.906898
4182.824707	-119.583908
4183.497620	-119.903587
4184.170532	-120.257736
4184.843445	-120.254669
4185.516357	-120.323074
4186.189270	-120.140747
4186.862183	-120.061623
4187.535095	-119.976852
4188.208008	-119.838432
4188.880920	-120.029686
4189.553833	-120.058388
4190.226746	-120.050842
4190.899658	-120.644424
4191.572571	-120.600273
4192.245483	-120.046806
4192.918396	-120.707527
4193.591309	-120.295578
4194.264221	-119.714386
4194.937134	-119.878387
4195.610046	-120.168274
4196.282959	-120.058289
4196.955872	-119.992287
4197.628784	-120.380386
4198.301697	-120.556885
4198.974609	-119.932114
4199.647522	-119.914673
4200.320435	-120.233383
4200.993347	-120.073578
4201.666260	-119.851486
4202.339172	-119.861580
4203.012085	-120.419205
4203.684998	-120.480133
4204.357910	-120.273956
4205.030823	-120.116158
4205.703735	-119.881485
4206.376648	-120.446793
4207.049561	-120.565475
4207.722473	-120.309792
4208.395386	-119.824150
4209.068298	-119.958221
4209.741211	-119.939766
4210.414124	-119.642776
4211.087036	-120.113281
4211.759949	-120.195915
4212.432861	-120.524002
4213.105774	-120.669846
4213.778687	-119.949577
4214.451599	-120.089127
4215.124512	-120.226852
4215.797424	-120.268250
4216.470337	-120.312347
4217.143250	-120.080498
4217.816162	-120.607384
4218.489075	-120.007790
4219.161987	-120.053703
4219.834900	-120.474052
4220.507812	-120.434944
4221.180725	-120.345146
4221.853638	-120.086967
4222.526550	-120.192619
4223.199463	-120.043846
4223.872375	-119.842781
4224.545288	-119.713341
4225.218201	-120.401634
4225.891113	-120.701630
4226.564026	-120.306808
4227.236938	-120.283447
4227.909851	-120.445518
4228.582764	-120.417107
4229.255676	-120.953941
4229.928589	-120.640160
4230.601501	-119.797165
4231.274414	-120.223152
4231.947327	-120.254555
4232.620239	-119.996292
4233.293152	-120.145180
4233.966064	-120.140495
4234.638977	-120.233139
4235.311890	-120.080101
4235.984802	-120.360641
4236.657715	-120.664001
4237.330627	-120.389160
4238.003540	-120.281258
4238.676453	-120.145752
4239.349365	-119.866447
4240.022278	-120.148590
4240.695190	-119.992294
4241.368103	-119.666237
4242.041016	-119.870804
4242.713928	-120.271599
4243.386841	-120.271240
4244.059753	-119.878693
4244.732666	-119.773743
4245.405579	-120.019798
4246.078491	-119.650558
4246.751404	-120.002785
4247.424316	-120.592758
4248.097229	-120.013382
4248.770142	-120.060089
4249.443054	-120.075378
4250.115967	-119.961716
4250.788879	-120.278130
4251.461792	-120.298302
4252.134705	-120.046722
4252.807617	-120.270515
4253.480530	-120.099197
4254.153442	-119.798996
4254.826355	-120.317909
4255.499268	-120.129814
4256.172180	-120.783165
4256.845093	-120.540581
4257.518005	-120.203590
4258.190918	-120.307983
4258.863831	-120.599899
4259.536743	-120.327766
4260.209656	-120.451416
4260.882568	-120.276794
4261.555481	-120.320679
4262.228394	-120.654678
4262.901306	-120.103745
4263.574219	-119.604416
4264.247131	-119.769348
4264.920044	-119.901962
4265.592957	-120.199776
4266.265869	-120.117943
4266.938782	-120.506676
4267.611694	-120.425117
4268.284607	-120.152824
4268.957520	-119.926575
4269.630432	-120.529716
4270.303345	-120.518906
4270.976257	-120.335037
4271.649170	-120.270363
4272.322083	-120.073555
4272.994995	-119.907532
4273.667908	-119.924469
4274.340820	-120.299706
4275.013733	-120.557106
4275.686646	-120.395973
4276.359558	-120.027779
4277.032471	-120.187721
4277.705383	-120.320847
4278.378296	-120.314468
4279.051208	-119.962517
4279.724121	-119.880707
4280.397034	-119.818275
4281.069946	-119.947983
4281.742859	-120.641930
4282.415771	-120.912575
4283.088684	-120.067047
4283.761597	-119.921814
4284.434509	-120.376251
4285.107422	-120.183006
4285.780334	-120.187790
4286.453247	-120.212517
4287.126160	-120.156075
4287.799072	-119.928940
4288.471985	-120.152283
4289.144897	-120.137917
4289.817810	-120.063805
4290.490723	-120.270256
4291.163635	-120.316422
4291.836548	-120.211769
4292.509460	-120.327286
4293.182373	-120.200439
4293.855286	-120.273453
4294.528198	-120.383423
4295.201111	-120.469673
4295.874023	-120.680542
4296.546936	-120.500275
4297.219849	-120.224113
4297.892761	-120.281799
4298.565674	-120.236595
4299.238586	-120.240936
4299.911499	-120.188576
4300.584412	-120.080711
4301.257324	-119.882431
4301.930237	-120.333923
4302.603149	-120.235962
4303.276062	-120.242531
4303.948975	-120.612106
4304.621887	-120.759865
4305.294800	-120.516525
4305.967712	-120.320450
4306.640625	-120.250854
4307.313538	-120.041161
4307.986450	-120.314163
4308.659363	-120.410797
4309.332275	-120.086037
4310.005188	-120.268501
4310.678101	-120.422577
4311.351013	-120.098228
4312.023926	-119.954575
4312.696838	-120.232147
4313.369751	-120.148682
4314.042664	-120.176117
4314.715576	-120.430138
4315.388489	-120.569695
4316.061401	-120.272797
4316.734314	-120.207069
4317.407227	-120.276917
4318.080139	-119.999161
4318.753052	-119.998047
4319.425964	-119.923828
4320.098877	-119.949142
4320.771790	-119.970154
4321.444702	-119.902008
4322.117615	-120.004135
4322.790527	-120.210548
4323.463440	-120.156136
4324.136353	-120.038864
4324.809265	-120.041603
4325.482178	-120.526855
4326.155090	-120.323265
4326.828003	-120.385307
4327.500916	-120.213600
4328.173828	-120.120476
4328.846741	-120.459206
4329.519653	-120.814003
4330.192566	-120.489754
4330.865479	-120.416527
4331.538391	-120.147835
4332.211304	-120.284210
4332.884216	-120.507172
4333.557129	-120.413887
4334.230042	-120.027473
4334.902954	-120.105614
4335.575867	-120.472023
4336.248779	-120.832932
4336.921692	-120.682251
4337.594604	-119.859322
4338.267517	-119.765892
4338.940430	-120.468033
4339.613342	-120.464752
4340.286255	-120.433510
4340.959167	-120.392723
4341.632080	-120.515678
4342.304993	-120.120659
4342.977905	-120.096848
4343.650818	-119.984154
4344.323730	-120.214378
4344.996643	-120.157501
4345.669556	-120.332161
4346.342468	-120.175926
4347.015381	-120.249519
4347.688293	-120.479713
4348.361206	-120.684418
4349.034119	-120.535896
4349.707031	-120.071716
4350.379944	-120.248672
4351.052856	-120.600510
4351.725769	-120.195038
4352.398682	-120.017288
4353.071594	-120.567970
4353.744507	-120.524826
4354.417419	-120.279091
4355.090332	-120.286499
4355.763245	-120.157623
4356.436157	-119.954750
4357.109070	-120.171555
4357.781982	-120.105789
4358.454895	-120.261795
4359.127808	-120.310371
4359.800720	-120.950722
4360.473633	-120.888649
4361.146545	-120.734680
4361.819458	-120.485420
4362.492371	-120.049187
4363.165283	-120.206772
4363.838196	-120.407883
4364.511108	-120.302193
4365.184021	-120.342117
4365.856934	-120.598732
4366.529846	-120.158279
4367.202759	-120.331696
4367.875671	-120.484329
4368.548584	-120.600838
4369.221497	-120.065605
4369.894409	-119.919281
4370.567322	-120.171677
4371.240234	-120.289085
4371.913147	-119.933182
4372.586060	-119.897369
4373.258972	-120.005714
4373.931885	-120.577965
4374.604797	-120.372147
4375.277710	-120.291672
4375.950623	-120.074997
4376.623535	-120.120499
4377.296448	-120.034889
4377.969360	-120.366875
4378.642273	-120.666573
4379.315186	-120.538597
4379.988098	-120.328339
4380.661011	-120.524048
4381.333923	-120.461647
4382.006836	-120.524849
4382.679749	-120.223747
4383.352661	-120.480400
4384.025574	-120.603798
4384.698486	-119.964249
4385.371399	-120.172722
4386.044312	-120.627777
4386.717224	-120.594070
4387.390137	-120.523209
4388.063049	-120.688278
4388.735962	-120.631264
4389.408875	-120.210739
4390.081787	-120.151993
4390.754700	-120.108742
4391.427612	-120.016846
4392.100525	-120.240974
4392.773438	-120.489517
4393.446350	-120.405914
4394.119263	-120.320610
4394.792175	-120.170990
4395.465088	-120.167076
4396.138000	-120.102722
4396.810913	-120.253105
4397.483826	-120.259865
4398.156738	-120.494614
4398.829651	-120.713669
4399.502563	-120.472282
4400.175476	-120.119202
4400.848389	-119.819191
4401.521301	-120.151299
4402.194214	-120.294838
4402.867126	-119.911964
4403.540039	-120.050385
4404.212952	-120.190331
4404.885864	-120.459961
4405.558777	-120.662865
4406.231689	-120.328354
4406.904602	-119.603821
4407.577515	-119.785431
4408.250427	-120.175102
4408.923340	-120.106583
4409.596252	-120.163467
4410.269165	-120.273003
4410.942078	-120.137665
4411.614990	-120.488243
4412.287903	-120.708046
4412.960815	-120.596336
4413.633728	-120.317657
4414.306641	-120.279213
4414.979553	-120.305191
4415.652466	-120.315720
4416.325378	-119.981705
4416.998291	-120.217751
4417.671204	-120.309219
4418.344116	-120.165909
4419.017029	-120.352448
4419.689941	-120.129181
4420.362854	-119.514923
4421.035767	-120.060699
4421.708679	-120.367508
4422.381592	-120.392723
4423.054504	-120.218048
4423.727417	-119.707314
4424.400330	-119.714569
4425.073242	-120.106285
4425.746155	-120.426300
4426.419067	-120.258659
4427.091980	-120.047516
4427.764893	-120.286270
4428.437805	-119.947723
4429.110718	-119.834991
4429.783630	-120.093948
4430.456543	-120.103058
4431.129456	-120.336761
4431.802368	-120.528839
4432.475281	-120.249229
4433.148193	-120.371735
4433.821106	-120.145958
4434.494019	-120.268112
4435.166931	-120.342003
4435.839844	-120.364746
4436.512756	-120.403671
4437.185669	-120.242012
4437.858582	-120.034927
4438.531494	-119.952377
4439.204407	-120.226791
4439.877319	-120.363045
4440.550232	-120.374374
4441.223145	-120.395355
4441.896057	-120.652298
4442.568970	-120.288445
4443.241882	-120.411591
4443.914795	-120.324722
4444.587708	-120.301262
4445.260620	-120.274445
4445.933533	-120.167885
4446.606445	-120.623871
4447.279358	-120.360168
4447.952271	-120.039375
4448.625183	-120.046051
4449.298096	-120.359070
4449.971008	-120.410027
4450.643921	-120.145805
4451.316833	-120.155128
4451.989746	-120.212830
4452.662659	-120.144791
4453.335571	-120.167366
4454.008484	-119.963631
4454.681396	-120.148766
4455.354309	-120.020729
4456.027222	-120.086212
4456.700134	-120.342499
4457.373047	-120.233345
4458.045959	-120.412933
4458.718872	-120.063614
4459.391785	-120.182564
4460.064697	-120.325668
4460.737610	-120.265305
4461.410522	-120.074844
4462.083435	-120.254707
4462.756348	-120.608650
4463.429260	-120.710228
4464.102173	-120.503235
4464.775085	-120.143433
4465.447998	-120.013153
4466.120911	-120.567154
4466.793823	-120.208519
4467.466736	-120.523514
4468.139648	-120.505501
4468.812561	-120.355873
4469.485474	-120.207558
4470.158386	-120.162819
4470.831299	-120.201683
4471.504211	-120.591759
4472.177124	-120.408302
4472.850037	-120.055618
4473.522949	-120.313232
4474.195862	-119.963402
4474.868774	-119.709305
4475.541687	-119.937645
4476.214600	-120.116371
4476.887512	-120.177528
4477.560425	-120.254845
4478.233337	-119.824669
4478.906250	-119.984833
4479.579163	-119.666794
4480.252075	-119.840195
4480.924988	-120.332748
4481.597900	-120.284378
4482.270813	-120.085983
4482.943726	-120.273865
4483.616638	-120.438385
4484.289551	-120.283234
4484.962463	-119.943405
4485.635376	-120.340973
4486.308289	-120.368271
4486.981201	-119.781998
4487.654114	-119.729568
4488.327026	-120.174706
4488.999939	-120.288033
4489.672852	-120.357864
4490.345764	-120.145943
4491.018677	-119.903877
4491.691589	-119.724129
4492.364502	-120.054901
4493.037415	-120.370445
4493.710327	-120.062859
4494.383240	-120.006592
4495.056152	-120.010246
4495.729065	-120.061890
4496.401978	-120.251633
4497.074890	-120.627136
4497.747803	-120.319733
4498.420715	-120.016922
4499.093628	-120.344803
4499.766541	-120.375557
4500.439453	-120.376549
4501.112366	-120.141830
4501.785278	-120.774803
4502.458191	-120.646942
4503.131104	-120.418182
4503.804016	-120.065491
4504.476929	-120.295311
4505.149841	-120.302765
4505.822754	-120.284187
4506.495667	-120.260445
4507.168579	-120.074280
4507.841492	-120.419411
4508.514404	-120.492622
4509.187317	-120.323151
4509.860229	-120.162964
4510.533142	-120.032936
4511.206055	-120.141235
4511.878967	-120.080940
4512.551880	-120.529289
4513.224792	-120.620636
4513.897705	-120.401161
4514.570618	-120.745262
4515.243530	-120.231148
4515.916443	-119.905525
4516.589355	-120.564301
4517.262268	-120.338280
4517.935181	-119.619682
4518.608093	-119.801712
4519.281006	-120.169189
4519.953918	-120.222267
4520.626831	-120.521919
4521.299744	-120.197906
4521.972656	-120.195351
4522.645569	-121.084991
4523.318481	-120.542557
4523.991394	-120.318855
4524.664307	-120.315033
4525.337219	-120.048859
4526.010132	-119.955917
4526.683044	-120.413399
4527.355957	-120.475861
4528.028870	-120.721764
4528.701782	-120.325272
4529.374695	-120.307915
4530.047607	-120.244118
4530.720520	-119.971542
4531.393433	-120.205925
4532.066345	-120.194504
4532.739258	-120.218575
4533.412170	-120.213333
4534.085083	-120.140862
4534.757996	-120.256462
4535.430908	-120.396149
4536.103821	-120.144402
4536.776733	-119.639198
4537.449646	-119.798454
4538.122559	-120.515686
4538.795471	-120.569344
4539.468384	-119.949089
4540.141296	-119.915535
4540.814209	-120.486618
4541.487122	-120.051186
4542.160034	-119.942307
4542.832947	-120.350777
4543.505859	-120.223373
4544.178772	-120.221077
4544.851685	-120.058708
4545.524597	-120.041344
4546.197510	-120.254471
4546.870422	-120.690636
4547.543335	-120.303116
4548.216248	-120.321686
4548.889160	-120.588943
4549.562073	-120.443138
4550.234985	-120.297134
4550.907898	-120.422447
4551.580811	-119.876175
4552.253723	-119.926239
4552.926636	-120.427773
4553.599548	-120.519371
4554.272461	-119.779350
4554.945374	-120.135010
4555.618286	-120.609215
4556.291199	-120.384445
4556.964111	-120.875084
4557.637024	-120.025757
4558.309937	-119.553146
4558.982849	-119.716728
4559.655762	-120.178429
4560.328674	-120.333336
4561.001587	-120.631180
4561.674500	-120.507172
4562.347412	-120.314148
4563.020325	-120.688713
4563.693237	-120.563843
4564.366150	-120.356857
4565.039062	-120.247421
4565.711975	-120.392792
4566.384888	-120.266228
4567.057800	-119.764160
4567.730713	-119.839447
4568.403625	-119.941689
4569.076538	-120.176796
4569.749451	-119.997467
4570.422363	-120.083633
4571.095276	-119.884964
4571.768188	-120.083801
4572.441101	-119.728004
4573.114014	-119.745514
4573.786926	-119.704903
4574.459839	-119.707458
4575.132751	-119.850533
4575.805664	-120.208817
4576.478577	-120.197502
4577.151489	-120.211693
4577.824402	-120.645218
4578.497314	-120.609726
4579.170227	-120.059357
4579.843140	-120.191444
4580.516052	-119.970940
4581.188965	-120.044823
4581.861877	-120.716843
4582.534790	-120.616241
4583.207703	-119.817223
4583.880615	-119.844925
4584.553528	-120.201088
4585.226440	-120.177292
4585.899353	-120.148727
4586.572266	-120.381073
4587.245178	-120.170662
4587.918091	-120.067421
4588.591003	-120.622261
4589.263916	-120.597244
4589.936829	-120.269989
4590.609741	-120.372726
4591.282654	-120.572571
4591.955566	-120.596619
4592.628479	-120.175041
4593.301392	-120.117233
4593.974304	-120.256599
4594.647217	-120.414017
4595.320129	-120.133324
4595.993042	-120.375450
4596.665955	-120.067551
4597.338867	-119.945686
4598.011780	-120.577057
4598.684692	-120.511513
4599.357605	-120.438759
4600.030518	-120.298424
4600.703430	-120.032494
4601.376343	-120.096352
4602.049255	-120.470764
4602.722168	-120.370033
4603.395081	-120.080582
4604.067993	-120.431580
4604.740906	-120.255241
4605.413818	-120.130089
4606.086731	-120.276566
4606.759644	-120.561020
4607.432556	-120.595085
4608.105469	-120.401024
4608.778381	-120.395424
4609.451294	-120.495453
4610.124207	-120.424026
4610.797119	-120.295776
4611.470032	-120.068542
4612.142944	-119.912323
4612.815857	-120.060493
4613.488770	-120.442802
4614.161682	-120.117859
4614.834595	-119.971420
4615.507507	-120.171303
4616.180420	-120.530464
4616.853333	-120.747154
4617.526245	-120.187721
4618.199158	-119.877235
4618.872070	-119.971550
4619.544983	-120.169090
4620.217896	-120.272110
4620.890808	-120.130486
4621.563721	-120.456108
4622.236633	-120.444046
4622.909546	-120.522133
4623.582458	-120.188194
4624.255371	-119.699715
4624.928284	-120.038025
4625.601196	-119.985847
4626.274109	-120.017326
4626.947021	-120.223190
4627.619934	-120.335320
4628.292847	-120.440506
4628.965759	-120.504669
4629.638672	-119.924049
4630.311584	-120.251305
4630.984497	-120.139145
4631.657410	-120.210129
4632.330322	-120.137909
4633.003235	-119.783119
4633.676147	-120.391815
4634.349060	-120.542572
4635.021973	-120.102051
4635.694885	-119.751945
4636.367798	-120.167343
4637.040710	-120.194038
4637.713623	-120.206429
4638.386536	-120.043823
4639.059448	-119.978363
4639.732361	-120.043060
4640.405273	-119.861702
4641.078186	-119.819267
4641.751099	-120.211258
4642.424011	-120.330215
4643.096924	-120.212593
4643.769836	-120.091988
4644.442749	-120.116058
4645.115662	-120.227287
4645.788574	-120.398422
4646.461487	-120.516701
4647.134399	-120.668625
4647.807312	-120.623032
4648.480225	-120.614700
4649.153137	-120.293793
4649.826050	-120.515434
4650.498962	-120.364265
4651.171875	-120.060173
4651.844788	-120.385750
4652.517700	-121.033096
4653.190613	-120.059349
4653.863525	-119.994766
4654.536438	-120.134499
4655.209351	-120.272377
4655.882263	-120.522270
4656.555176	-120.845543
4657.228088	-120.541733
4657.901001	-120.135162
4658.573914	-120.368088
4659.246826	-120.667206
4659.919739	-120.233330
4660.592651	-120.270836
4661.265564	-119.938026
4661.938477	-120.447830
4662.611389	-120.732742
4663.284302	-120.552475
4663.957214	-120.556709
4664.630127	-120.561295
4665.303040	-119.926674
4665.975952	-120.163368
4666.648865	-120.223267
4667.321777	-119.987534
4667.994690	-119.884789
4668.667603	-119.905067
4669.340515	-120.233940
4670.013428	-120.345795
4670.686340	-120.574409
4671.359253	-120.454163
4672.032166	-120.003891
4672.705078	-120.263382
4673.377991	-120.386803
4674.050903	-120.343773
4674.723816	-120.228020
4675.396729	-119.935471
4676.069641	-120.249077
4676.742554	-120.320801
4677.415466	-120.403557
4678.088379	-120.251526
4678.761292	-120.230103
4679.434204	-120.217232
4680.107117	-120.325760
4680.780029	-120.237633
4681.452942	-120.703568
4682.125854	-120.422531
4682.798767	-120.266136
4683.471680	-119.968109
4684.144592	-120.080620
4684.817505	-120.193565
4685.490417	-120.440941
4686.163330	-120.736183
4686.836243	-120.157738
4687.509155	-120.254333
4688.182068	-120.558678
4688.854980	-120.462044
4689.527893	-120.399986
4690.200806	-120.439003
4690.873718	-120.782761
4691.546631	-120.938461
4692.219543	-120.470352
4692.892456	-120.172371
4693.565369	-120.134415
4694.238281	-120.186432
4694.911194	-120.152054
4695.584106	-120.299248
4696.257019	-120.484467
4696.929932	-120.232994
4697.602844	-120.164314
4698.275757	-120.534874
4698.948669	-120.572296
4699.621582	-120.338638
4700.294495	-119.841278
4700.967407	-120.161583
4701.640320	-120.421333
4702.313232	-120.323174
4702.986145	-120.595421
4703.659058	-120.624535
4704.331970	-120.228531
4705.004883	-120.226562
4705.677795	-120.801605
4706.350708	-120.855141
4707.023621	-120.350494
4707.696533	-120.586357
4708.369446	-120.308319
4709.042358	-120.584373
4709.715271	-120.558006
4710.388184	-120.594223
4711.061096	-120.683502
4711.734009	-120.437645
4712.406921	-120.244118
4713.079834	-120.132027
4713.752747	-120.242134
4714.425659	-120.522919
4715.098572	-120.489326
4715.771484	-119.997192
4716.444397	-120.050781
4717.117310	-120.695663
4717.790222	-120.333206
4718.463135	-120.273285
4719.136047	-120.225639
4719.808960	-119.939690
4720.481873	-119.914253
4721.154785	-119.838860
4721.827698	-120.169106
4722.500610	-120.413887
4723.173523	-119.927223
4723.846436	-119.954529
4724.519348	-120.515137
4725.192261	-120.579742
4725.865173	-120.254105
4726.538086	-120.596367
4727.210999	-120.373238
4727.883911	-120.092720
4728.556824	-120.846275
4729.229736	-120.644608
4729.902649	-120.620224
4730.575562	-120.758339
4731.248474	-120.281639
4731.921387	-120.070137
4732.594299	-120.019394
4733.267212	-120.016914
4733.940125	-120.101868
4734.613037	-120.191719
4735.285950	-120.103767
4735.958862	-120.320000
4736.631775	-120.162254
4737.304688	-120.356743
4737.977600	-120.154205
4738.650513	-119.910263
4739.323425	-120.549126
4739.996338	-120.673012
4740.669250	-120.668030
4741.342163	-119.893669
4742.015076	-119.998268
4742.687988	-120.450233
4743.360901	-120.341209
4744.033813	-120.139603
4744.706726	-120.557426
4745.379639	-120.280411
4746.052551	-119.936699
4746.725464	-120.335754
4747.398376	-120.616920
4748.071289	-120.332565
4748.744202	-120.274666
4749.417114	-120.291107
4750.090027	-120.616341
4750.762939	-120.502274
4751.435852	-120.196800
4752.108765	-120.023476
4752.781677	-119.812737
4753.454590	-120.205200
4754.127502	-120.288185
4754.800415	-120.126778
4755.473328	-120.196800
4756.146240	-120.116577
4756.819153	-120.655853
4757.492065	-120.302475
4758.164978	-120.068848
4758.837891	-119.848686
4759.510803	-120.196594
4760.183716	-120.227791
4760.856628	-120.342392
4761.529541	-120.375114
4762.202454	-120.242027
4762.875366	-120.103310
4763.548279	-120.200378
4764.221191	-120.140953
4764.894104	-120.255234
4765.567017	-120.272324
4766.239929	-119.950806
4766.912842	-119.861641
4767.585754	-120.296921
4768.258667	-120.378021
4768.931580	-120.504723
4769.604492	-120.000977
4770.277405	-120.015884
4770.950317	-120.184128
4771.623230	-120.508995
4772.296143	-120.687256
4772.969055	-120.396614
4773.641968	-120.809059
4774.314880	-120.602242
4774.987793	-120.714851
4775.660706	-120.809807
4776.333618	-120.208366
4777.006531	-120.491974
4777.679443	-120.643791
4778.352356	-120.151100
4779.025269	-120.220825
4779.698181	-120.509605
4780.371094	-120.327263
4781.044006	-120.282280
4781.716919	-120.602463
4782.389832	-120.181435
4783.062744	-119.862686
4783.735657	-120.098068
4784.408569	-120.264465
4785.081482	-120.282562
4785.754395	-120.298920
4786.427307	-120.325371
4787.100220	-120.701370
4787.773132	-120.476959
4788.446045	-120.784119
4789.118958	-120.287804
4789.791870	-119.981293
4790.464783	-119.783188
4791.137695	-120.064308
4791.810608	-120.430954
4792.483521	-120.612434
4793.156433	-120.467331
4793.829346	-120.204475
4794.502258	-119.938278
4795.175171	-120.435036
4795.848083	-120.486687
4796.520996	-120.732315
4797.193909	-120.534912
4797.866821	-120.214920
4798.539734	-120.029091
4799.212646	-120.301094
4799.885559	-120.667427
4800.558472	-120.473419
4801.231384	-120.367203
4801.904297	-120.853081
4802.577209	-120.752777
4803.250122	-120.175484
4803.923035	-120.015549
4804.595947	-120.325539
4805.268860	-120.634636
4805.941772	-120.449677
4806.614685	-120.390327
4807.287598	-120.334732
4807.960510	-120.460587
4808.633423	-120.266724
4809.306335	-120.459595
4809.979248	-120.695007
4810.652161	-120.256630
4811.325073	-120.104019
4811.997986	-119.832878
4812.670898	-119.957504
4813.343811	-120.292969
4814.016724	-120.150154
4814.689636	-120.227448
4815.362549	-120.223076
4816.035461	-120.708672
4816.708374	-120.682793
4817.381287	-120.344467
4818.054199	-120.110626
4818.727112	-120.436317
4819.400024	-120.248955
4820.072937	-119.922897
4820.745850	-120.072044
4821.418762	-120.079834
4822.091675	-120.234749
4822.764587	-120.094620
4823.437500	-120.226646
4824.110413	-120.438812
4824.783325	-120.378281
4825.456238	-120.238213
4826.129150	-120.547867
4826.802063	-120.368912
4827.474976	-120.393188
4828.147888	-120.400871
4828.820801	-120.175461
4829.493713	-120.479568
4830.166626	-120.541885
4830.839539	-120.326569
4831.512451	-120.435966
4832.185364	-120.758926
4832.858276	-120.094093
4833.531189	-119.853142
4834.204102	-120.293167
4834.877014	-120.584297
4835.549927	-120.325737
4836.222839	-120.298256
4836.895752	-120.021019
4837.568665	-120.344666
4838.241577	-120.269768
4838.914490	-120.568779
4839.587402	-120.436165
4840.260315	-120.274498
4840.933228	-120.370720
4841.606140	-120.076859
4842.279053	-120.105797
4842.951965	-120.300606
4843.624878	-120.698914
4844.297791	-121.024185
4844.970703	-120.371788
4845.643616	-119.961456
4846.316528	-119.971817
4846.989441	-120.471756
4847.662354	-120.205063
4848.335266	-120.515694
4849.008179	-120.540474
4849.681091	-120.203331
4850.354004	-120.702110
4851.026917	-120.367729
4851.699829	-120.148102
4852.372742	-120.640495
4853.045654	-120.890404
4853.718567	-120.586716
4854.391479	-120.002800
4855.064392	-120.150772
4855.737305	-120.611412
4856.410217	-120.445877
4857.083130	-120.494095
4857.756042	-120.722443
4858.428955	-120.356476
4859.101868	-120.365303
4859.774780	-120.586754
4860.447693	-120.566689
4861.120605	-120.300865
4861.793518	-120.311745
4862.466431	-120.432602
4863.139343	-120.361092
4863.812256	-120.103554
4864.485168	-120.151093
4865.158081	-120.438904
4865.830994	-120.337578
4866.503906	-120.319199
4867.176819	-119.985046
4867.849731	-120.030449
4868.522644	-120.458168
4869.195557	-120.216225
4869.868469	-120.069275
4870.541382	-120.008919
4871.214294	-120.147644
4871.887207	-120.294891
4872.560120	-120.468185
4873.233032	-120.156281
4873.905945	-119.801575
4874.578857	-120.239349
4875.251770	-120.448166
4875.924683	-120.148117
4876.597595	-120.205093
4877.270508	-120.351143
4877.943420	-120.005264
4878.616333	-120.108955
4879.289246	-120.345047
4879.962158	-120.333595
4880.635071	-120.406677
4881.307983	-120.396538
4881.980896	-120.676430
4882.653809	-120.689537
4883.326721	-120.646957
4883.999634	-120.478363
4884.672546	-120.819237
4885.345459	-120.510567
4886.018372	-120.430901
4886.691284	-120.215935
4887.364197	-120.310127
4888.037109	-120.226509
4888.710022	-120.393852
4889.382935	-120.500412
4890.055847	-120.205666
4890.728760	-119.970871
4891.401672	-120.082733
4892.074585	-120.277626
4892.747498	-120.117081
4893.420410	-120.244049
4894.093323	-120.375290
4894.766235	-120.313286
4895.439148	-120.016251
4896.112061	-120.112732
4896.784973	-120.168922
4897.457886	-119.735245
4898.130798	-120.240631
4898.803711	-120.452637
4899.476624	-120.276688
4900.149536	-120.589752
4900.822449	-120.273270
4901.495361	-120.239586
4902.168274	-120.799118
4902.841187	-120.293449
4903.514099	-119.874008
4904.187012	-120.198624
4904.859924	-120.280479
4905.532837	-120.519119
4906.205750	-120.696449
4906.878662	-120.592949
4907.551575	-120.455795
4908.224487	-120.578186
4908.897400	-120.411613
4909.570312	-120.458801
4910.243225	-120.306747
4910.916138	-120.225906
4911.589050	-120.624100
4912.261963	-120.460052
4912.934875	-120.039352
4913.607788	-120.173882
4914.280701	-120.167114
4914.953613	-120.015564
4915.626526	-120.048233
4916.299438	-119.963791
4916.972351	-120.347038
4917.645264	-120.403381
4918.318176	-120.507156
4918.991089	-120.647720
4919.664001	-120.581207
4920.336914	-120.478851
4921.009827	-120.317940
4921.682739	-120.317314
4922.355652	-120.634796
4923.028564	-120.404366
4923.701477	-120.484505
4924.374390	-120.504417
4925.047302	-120.603722
4925.720215	-120.520554
4926.393127	-120.427094
4927.066040	-120.721489
4927.738953	-120.661186
4928.411865	-120.708900
4929.084778	-120.532204
4929.757690	-120.528076
4930.430603	-120.336922
4931.103516	-119.846161
4931.776428	-120.195656
4932.449341	-120.183472
4933.122253	-120.411560
4933.795166	-120.252846
4934.468079	-119.959587
4935.140991	-120.051781
4935.813904	-120.641312
4936.486816	-120.546387
4937.159729	-120.226830
4937.832642	-120.138290
4938.505554	-120.319061
4939.178467	-120.539970
4939.851379	-120.272530
4940.524292	-120.165352
4941.197205	-120.407021
4941.870117	-120.712173
4942.543030	-120.673531
4943.215942	-120.183838
4943.888855	-120.181160
4944.561768	-120.156593
4945.234680	-119.980644
4945.907593	-120.316437
4946.580505	-120.283051
4947.253418	-119.965401
4947.926331	-120.228531
4948.599243	-120.117599
4949.272156	-120.215157
4949.945068	-120.344498
4950.617981	-120.433548
4951.290894	-120.692734
4951.963806	-120.374939
4952.636719	-120.198410
4953.309631	-120.035637
4953.982544	-120.530540
4954.655457	-120.630409
4955.328369	-120.671806
4956.001282	-120.586250
4956.674194	-120.612755
4957.347107	-120.327980
4958.020020	-120.085457
4958.692932	-120.042480
4959.365845	-120.306862
4960.038757	-120.310814
4960.711670	-120.193268
4961.384583	-120.222198
4962.057495	-120.238121
4962.730408	-120.109306
4963.403320	-120.347725
4964.076233	-120.336235
4964.749146	-120.377884
4965.422058	-120.233597
4966.094971	-120.251305
4966.767883	-120.100998
4967.440796	-120.169540
4968.113708	-120.252678
4968.786621	-120.106323
4969.459534	-120.240402
4970.132446	-120.205719
4970.805359	-120.630531
4971.478271	-120.151573
4972.151184	-119.924644
4972.824097	-119.886482
4973.497009	-119.980522
4974.169922	-120.103424
4974.842834	-119.981575
4975.515747	-120.219337
4976.188660	-120.569748
4976.861572	-120.349266
4977.534485	-119.906059
4978.207397	-119.866310
4978.880310	-120.283752
4979.553223	-120.385521
4980.226135	-120.672562
4980.899048	-120.575562
4981.571960	-120.668007
4982.244873	-120.322021
4982.917786	-119.869026
4983.590698	-119.984413
4984.263611	-120.494270
4984.936523	-120.558746
4985.609436	-120.343109
4986.282349	-120.578781
4986.955261	-119.778839
4987.628174	-119.603012
4988.301086	-120.004257
4988.973999	-120.096107
4989.646912	-120.320480
4990.319824	-120.288094
4990.992737	-119.801201
4991.665649	-120.127708
4992.338562	-120.686317
4993.011475	-120.524055
4993.684387	-120.490608
4994.357300	-120.287407
4995.030212	-120.101349
4995.703125	-120.296059
4996.376038	-120.069695
4997.048950	-120.093842
4997.721863	-120.039291
4998.394775	-120.181061
4999.067688	-120.178711
4999.740601	-120.278053
5000.413513	-120.449547
5001.086426	-120.050835
5001.759338	-120.157295
5002.432251	-120.647797
5003.105164	-120.520836
5003.778076	-120.380096
5004.450989	-120.693085
5005.123901	-121.279633
5005.796814	-120.760681
5006.469727	-120.216766
5007.142639	-119.888481
5007.815552	-120.001320
5008.488464	-120.316620
5009.161377	-120.429344
5009.834290	-120.560844
5010.507202	-120.203011
5011.180115	-120.216751
5011.853027	-120.086586
5012.525940	-119.860954
5013.198853	-119.933357
5013.871765	-120.181747
5014.544678	-120.574585
5015.217590	-120.840607
5015.890503	-120.192390
5016.563416	-119.866974
5017.236328	-120.028648
5017.909241	-120.217842
5018.582153	-120.180206
5019.255066	-120.213173
5019.927979	-120.370255
5020.600891	-120.184746
5021.273804	-119.934372
5021.946716	-120.226433
5022.619629	-120.476692
5023.292542	-120.514740
5023.965454	-120.465355
5024.638367	-120.224770
5025.311279	-120.651138
5025.984192	-120.646294
5026.657104	-120.524147
5027.330017	-120.781105
5028.002930	-120.508369
5028.675842	-120.119713
5029.348755	-120.136650
5030.021667	-120.419769
5030.694580	-120.789452
5031.367493	-120.696037
5032.040405	-120.524872
5032.713318	-120.118118
5033.386230	-120.066216
5034.059143	-120.461601
5034.732056	-120.383698
5035.404968	-120.542389
5036.077881	-120.092415
5036.750793	-120.096909
5037.423706	-120.327675
5038.096619	-120.401749
5038.769531	-120.238708
5039.442444	-120.421638
5040.115356	-120.317711
5040.788269	-120.134209
5041.461182	-120.282310
5042.134094	-120.525345
5042.807007	-120.109261
5043.479919	-119.800613
5044.152832	-119.982521
5044.825745	-120.086494
5045.498657	-120.028336
5046.171570	-120.032768
5046.844482	-120.497795
5047.517395	-120.486267
5048.190308	-120.363823
5048.863220	-120.229935
5049.536133	-119.914604
5050.209045	-119.965477
5050.881958	-120.093834
5051.554871	-120.217354
5052.227783	-120.263603
5052.900696	-120.341705
5053.573608	-119.960297
5054.246521	-119.805885
5054.919434	-120.091248
5055.592346	-120.293777
5056.265259	-120.178238
5056.938171	-120.220306
5057.611084	-120.539398
5058.283997	-120.164040
5058.956909	-120.282524
5059.629822	-120.520355
5060.302734	-120.314468
5060.975647	-120.319176
5061.648560	-120.614044
5062.321472	-120.420280
5062.994385	-120.435272
5063.667297	-120.444618
5064.340210	-120.190109
5065.013123	-120.196953
5065.686035	-120.304985
5066.358948	-120.220352
5067.031860	-120.157928
5067.704773	-120.103882
5068.377686	-120.153618
5069.050598	-120.534111
5069.723511	-120.445312
5070.396423	-120.134171
5071.069336	-120.573807
5071.742249	-120.311150
5072.415161	-120.610008
5073.088074	-120.489853
5073.760986	-120.209328
5074.433899	-120.351273
5075.106812	-120.242798
5075.779724	-120.017052
5076.452637	-120.337364
5077.125549	-120.228828
5077.798462	-119.820816
5078.471375	-120.020050
5079.144287	-119.962563
5079.817200	-120.191902
5080.490112	-119.905334
5081.163025	-119.767120
5081.835938	-119.880058
5082.508850	-120.479347
5083.181763	-120.589233
5083.854675	-120.241653
5084.527588	-120.105545
5085.200500	-119.995209
5085.873413	-120.855309
5086.546326	-120.934456
5087.219238	-120.287247
5087.892151	-120.039291
5088.565063	-120.323608
5089.237976	-119.839722
5089.910889	-119.806084
5090.583801	-120.015129
5091.256714	-119.814987
5091.929626	-120.444832
5092.602539	-120.388718
5093.275452	-119.982689
5093.948364	-120.184738
5094.621277	-120.001015
5095.294189	-119.852798
5095.967102	-120.164909
5096.640015	-120.042625
5097.312927	-120.402374
5097.985840	-120.685257
5098.658752	-120.593437
5099.331665	-120.088387
5100.004578	-120.157616
5100.677490	-120.055283
5101.350403	-120.377541
5102.023315	-120.418015
5102.696228	-120.700272
5103.369141	-120.506195
5104.042053	-120.779015
5104.714966	-120.764519
5105.387878	-120.368996
5106.060791	-120.371002
5106.733704	-120.704803
5107.406616	-120.663193
5108.079529	-120.598000
5108.752441	-120.474480
5109.425354	-120.626740
5110.098267	-120.570709
5110.771179	-120.514206
5111.444092	-120.438194
5112.117004	-120.119148
5112.789917	-120.010468
5113.462830	-120.065605
5114.135742	-120.506935
5114.808655	-120.382668
5115.481567	-120.115341
5116.154480	-120.211494
5116.827393	-120.604095
5117.500305	-120.519035
5118.173218	-120.383171
5118.846130	-120.584427
5119.519043	-120.019958
5120.191956	-120.178940
5120.864868	-120.301270
5121.537781	-120.010818
5122.210693	-120.125244
5122.883606	-120.425858
5123.556519	-120.524979
5124.229431	-120.322685
5124.902344	-120.238594
5125.575256	-120.276573
5126.248169	-120.214706
5126.921082	-120.307869
5127.593994	-120.582542
5128.266907	-120.652794
5128.939819	-120.581528
5129.612732	-120.503235
5130.285645	-120.448425
5130.958557	-120.626175
5131.631470	-120.550468
5132.304382	-120.617790
5132.977295	-120.642967
5133.650208	-120.870628
5134.323120	-120.544548
5134.996033	-120.132057
5135.668945	-119.925011
5136.341858	-120.090462
5137.014771	-119.874687
5137.687683	-119.901306
5138.360596	-120.461052
5139.033508	-120.234482
5139.706421	-120.098656
5140.379333	-119.945854
5141.052246	-120.861412
5141.725159	-120.472908
5142.398071	-120.080894
5143.070984	-120.376274
5143.743896	-120.903099
5144.416809	-120.860512
5145.089722	-120.645988
5145.762634	-120.376038
5146.435547	-120.338875
5147.108459	-120.649574
5147.781372	-120.380066
5148.454285	-120.423531
5149.127197	-120.473587
5149.800110	-120.331154
5150.473022	-120.091774
5151.145935	-119.957748
5151.818848	-120.179131
5152.491760	-120.175438
5153.164673	-120.408142
5153.837585	-120.218246
5154.510498	-120.152657
5155.183411	-120.055450
5155.856323	-120.347900
5156.529236	-120.240311
5157.202148	-120.501236
5157.875061	-120.286713
5158.547974	-119.919823
5159.220886	-119.850998
5159.893799	-119.978653
5160.566711	-119.884567
5161.239624	-120.219414
5161.912537	-120.552124
5162.585449	-120.483116
5163.258362	-120.361206
5163.931274	-119.923836
5164.604187	-119.991394
5165.277100	-120.214653
5165.950012	-120.641937
5166.622925	-120.350967
5167.295837	-120.527168
5167.968750	-120.681412
5168.641663	-120.340767
5169.314575	-120.450539
5169.987488	-120.240128
5170.660400	-120.035179
5171.333313	-120.430359
5172.006226	-120.322998
5172.679138	-120.074112
5173.352051	-120.310295
5174.024963	-120.136894
5174.697876	-120.012573
5175.370789	-120.202484
5176.043701	-120.307770
5176.716614	-120.016197
5177.389526	-120.134529
5178.062439	-120.038887
5178.735352	-119.967400
5179.408264	-119.878914
5180.081177	-120.242638
5180.754089	-120.877472
5181.427002	-120.806854
5182.099915	-120.583611
5182.772827	-120.479836
5183.445740	-120.417175
5184.118652	-120.141823
5184.791565	-120.144653
5185.464478	-120.125008
5186.137390	-120.268654
5186.810303	-120.198524
5187.483215	-120.491837
5188.156128	-120.395584
5188.829041	-120.515411
5189.501953	-120.464447
5190.174866	-120.285332
5190.847778	-120.228661
5191.520691	-120.276131
5192.193604	-120.220947
5192.866516	-120.476852
5193.539429	-120.533096
5194.212341	-120.683846
5194.885254	-120.403992
5195.558167	-120.215027
5196.231079	-120.072113
5196.903992	-120.473618
5197.576904	-120.276955
5198.249817	-120.392387
5198.922729	-120.310455
5199.595642	-119.959503
5200.268555	-119.797081
5200.941467	-120.043236
5201.614380	-120.437363
5202.287292	-120.475426
5202.960205	-120.350105
5203.633118	-119.955353
5204.306030	-119.970711
5204.978943	-119.851357
5205.651855	-120.011581
5206.324768	-120.689064
5206.997681	-120.799301
5207.670593	-120.300446
5208.343506	-120.177063
5209.016418	-120.247292
5209.689331	-120.384796
5210.362244	-120.479111
5211.035156	-120.230659
5211.708069	-120.581711
5212.380981	-120.561508
5213.053894	-120.610970
5213.726807	-120.365341
5214.399719	-120.241196
5215.072632	-120.543167
5215.745544	-120.525291
5216.418457	-120.546989
5217.091370	-120.282089
5217.764282	-120.534332
5218.437195	-120.593628
5219.110107	-120.476776
5219.783020	-120.141083
5220.455933	-120.193123
5221.128845	-120.029022
5221.801758	-120.507103
5222.474670	-120.455879
5223.147583	-120.524582
5223.820496	-119.866615
5224.493408	-119.902184
5225.166321	-120.090988
5225.839233	-120.292023
5226.512146	-120.075500
5227.185059	-120.231224
5227.857971	-120.259727
5228.530884	-120.445778
5229.203796	-120.504799
5229.876709	-120.369087
5230.549622	-120.254730
5231.222534	-120.496956
5231.895447	-120.430466
5232.568359	-120.187431
5233.241272	-120.270645
5233.914185	-119.963203
5234.587097	-120.180534
5235.260010	-120.609856
5235.932922	-120.390633
5236.605835	-120.925690
5237.278748	-120.472450
5237.951660	-120.367828
5238.624573	-120.282707
5239.297485	-120.180771
5239.970398	-120.175156
5240.643311	-120.079720
5241.316223	-120.400322
5241.989136	-120.061111
5242.662048	-119.767647
5243.334961	-120.307358
5244.007874	-120.135223
5244.680786	-120.102821
5245.353699	-120.557693
5246.026611	-120.513367
5246.699524	-120.741768
5247.372437	-121.007591
5248.045349	-120.526443
5248.718262	-120.114891
5249.391174	-120.411667
5250.064087	-120.621773
5250.737000	-120.620453
5251.409912	-120.122108
5252.082825	-120.231430
5252.755737	-120.363678
5253.428650	-120.246490
5254.101562	-120.299461
5254.774475	-120.711784
5255.447388	-120.733002
5256.120300	-120.473885
5256.793213	-120.615715
5257.466125	-120.070442
5258.139038	-120.097702
5258.811951	-119.947166
5259.484863	-120.417717
5260.157776	-120.656944
5260.830688	-120.521736
5261.503601	-120.293762
5262.176514	-120.350655
5262.849426	-120.360764
5263.522339	-120.486351
5264.195251	-120.294426
5264.868164	-119.946152
5265.541077	-120.258308
5266.213989	-120.047752
5266.886902	-119.803833
5267.559814	-120.536903
5268.232727	-120.622948
5268.905640	-120.347000
5269.578552	-120.511566
5270.251465	-120.337723
5270.924377	-120.401146
5271.597290	-120.822624
5272.270203	-120.708817
5272.943115	-120.573128
5273.616028	-120.534821
5274.288940	-120.575394
5274.961853	-120.280731
5275.634766	-120.226242
5276.307678	-120.137108
5276.980591	-120.445328
5277.653503	-120.500710
5278.326416	-120.572922
5278.999329	-120.795105
5279.672241	-120.503159
5280.345154	-120.122879
5281.018066	-120.438553
5281.690979	-120.393150
5282.363892	-120.218719
5283.036804	-120.241592
5283.709717	-120.213249
5284.382629	-120.407043
5285.055542	-120.435089
5285.728455	-120.109825
5286.401367	-120.436455
5287.074280	-120.256912
5287.747192	-120.180855
5288.420105	-120.675240
5289.093018	-120.478432
5289.765930	-120.461563
5290.438843	-120.212784
5291.111755	-120.584038
5291.784668	-120.851418
5292.457581	-120.583366
5293.130493	-120.622749
5293.803406	-120.526756
5294.476318	-120.632561
5295.149231	-120.516197
5295.822144	-120.643936
5296.495056	-120.756218
5297.167969	-120.527596
5297.840881	-120.163284
5298.513794	-120.123856
5299.186707	-120.389511
5299.859619	-120.269760
5300.532532	-119.677078
5301.205444	-120.070282
5301.878357	-120.348747
5302.551270	-120.025833
5303.224182	-120.170570
5303.897095	-120.247284
5304.570007	-120.368057
5305.242920	-120.068306
5305.915833	-120.296143
5306.588745	-120.486015
5307.261658	-120.731430
5307.934570	-120.530968
5308.607483	-120.542198
5309.280396	-120.751724
5309.953308	-120.313057
5310.626221	-120.136223
5311.299133	-119.988747
5311.972046	-120.352028
5312.644958	-120.003815
5313.317871	-120.348396
5313.990784	-120.299469
5314.663696	-120.094444
5315.336609	-120.147675
5316.009521	-120.253723
5316.682434	-120.294144
5317.355347	-120.143257
5318.028259	-120.073372
5318.701172	-119.939049
5319.374084	-120.391548
5320.046997	-120.404648
5320.719910	-120.252525
5321.392822	-120.198334
5322.065735	-120.246071
5322.738647	-119.947281
5323.411560	-120.192848
5324.084473	-120.538170
5324.757385	-120.453705
5325.430298	-120.374603
5326.103210	-120.347496
5326.776123	-120.180527
5327.449036	-120.328758
5328.121948	-119.994919
5328.794861	-120.087746
5329.467773	-120.413002
5330.140686	-120.117180
5330.813599	-119.839218
5331.486511	-120.105133
5332.159424	-120.048218
5332.832336	-119.883209
5333.505249	-120.002228
5334.178162	-119.904144
5334.851074	-120.108894
5335.523987	-120.086098
5336.196899	-119.896736
5336.869812	-119.860298
5337.542725	-120.026306
5338.215637	-119.861519
5338.888550	-120.297630
5339.561462	-120.175697
5340.234375	-120.112373
5340.907288	-120.062500
5341.580200	-119.965393
5342.253113	-120.265060
5342.926025	-120.211189
5343.598938	-120.362511
5344.271851	-120.146141
5344.944763	-120.248108
5345.617676	-120.343689
5346.290588	-120.404884
5346.963501	-120.395691
5347.636414	-120.466682
5348.309326	-120.129868
5348.982239	-120.038376
5349.655151	-120.220245
5350.328064	-120.210854
5351.000977	-120.589371
5351.673889	-121.038277
5352.346802	-120.745926
5353.019714	-120.453835
5353.692627	-120.117409
5354.365540	-120.333984
5355.038452	-120.797958
5355.711365	-120.632889
5356.384277	-120.308289
5357.057190	-120.219681
5357.730103	-120.006310
5358.403015	-120.339050
5359.075928	-120.326630
5359.748840	-120.096283
5360.421753	-120.336243
5361.094666	-120.615273
5361.767578	-120.474380
5362.440491	-120.737091
5363.113403	-120.407959
5363.786316	-120.651680
5364.459229	-120.598587
5365.132141	-120.330605
5365.805054	-120.134720
5366.477966	-120.159187
5367.150879	-120.522842
5367.823792	-120.563164
5368.496704	-119.963852
5369.169617	-120.126137
5369.842529	-120.533653
5370.515442	-120.869041
5371.188354	-120.652252
5371.861267	-119.972549
5372.534180	-119.795883
5373.207092	-120.226837
5373.880005	-120.651398
5374.552917	-120.551041
5375.225830	-120.787437
5375.898743	-120.562126
5376.571655	-119.856079
5377.244568	-120.046028
5377.917480	-120.487442
5378.590393	-120.447731
5379.263306	-120.173599
5379.936218	-120.026192
5380.609131	-120.056992
5381.282043	-120.611023
5381.954956	-120.697807
5382.627869	-120.553177
5383.300781	-120.297417
5383.973694	-120.302368
5384.646606	-120.475998
5385.319519	-120.614258
5385.992432	-120.308189
5386.665344	-119.708641
5387.338257	-119.690430
5388.011169	-120.542580
5388.684082	-120.745171
5389.356995	-120.481529
5390.029907	-120.608261
5390.702820	-120.450096
5391.375732	-120.556244
5392.048645	-120.877625
5392.721558	-120.419579
5393.394470	-120.371277
5394.067383	-120.369499
5394.740295	-120.236206
5395.413208	-120.374786
5396.086121	-120.612999
5396.759033	-120.588463
5397.431946	-120.573036
5398.104858	-120.252510
5398.777771	-120.296593
5399.450684	-120.367012
5400.123596	-120.248634
5400.796509	-120.482582
5401.469421	-120.344299
5402.142334	-120.269379
5402.815247	-120.419617
5403.488159	-120.680405
5404.161072	-120.390160
5404.833984	-120.357071
5405.506897	-120.461250
5406.179810	-120.464020
5406.852722	-120.440353
5407.525635	-120.214447
5408.198547	-120.307983
5408.871460	-120.409363
5409.544373	-120.260040
5410.217285	-120.267067
5410.890198	-120.259209
5411.563110	-120.220047
5412.236023	-120.437485
5412.908936	-120.528252
5413.581848	-120.333969
5414.254761	-120.703514
5414.927673	-120.376266
5415.600586	-119.894257
5416.273499	-119.853943
5416.946411	-120.196640
5417.619324	-120.437729
5418.292236	-120.439072
5418.965149	-120.443214
5419.638062	-119.965904
5420.310974	-120.416527
5420.983887	-120.189880
5421.656799	-119.864616
5422.329712	-120.151588
5423.002625	-120.048683
5423.675537	-120.299393
5424.348450	-120.074936
5425.021362	-120.516426
5425.694275	-120.308716
5426.367188	-120.294067
5427.040100	-120.062752
5427.713013	-119.665718
5428.385925	-119.899323
5429.058838	-120.059830
5429.731750	-120.558075
5430.404663	-120.212944
5431.077576	-120.076195
5431.750488	-120.464455
5432.423401	-120.709320
5433.096313	-120.794357
5433.769226	-120.302444
5434.442139	-120.268913
5435.115051	-120.344925
5435.787964	-120.454376
5436.460876	-119.897079
5437.133789	-119.806122
5437.806702	-120.373299
5438.479614	-120.174911
5439.152527	-120.194420
5439.825439	-120.219276
5440.498352	-120.075035
5441.171265	-120.183151
5441.844177	-120.500916
5442.517090	-120.544716
5443.190002	-120.345215
5443.862915	-120.242996
5444.535828	-120.160080
5445.208740	-120.204964
5445.881653	-120.300880
5446.554565	-120.425034
5447.227478	-120.121254
5447.900391	-120.161491
5448.573303	-120.607643
5449.246216	-120.471039
5449.919128	-120.260567
5450.592041	-119.932610
5451.264954	-120.347115
5451.937866	-120.693680
5452.610779	-120.532219
5453.283691	-120.542084
5453.956604	-120.718658
5454.629517	-120.518524
5455.302429	-120.084923
5455.975342	-120.440765
5456.648254	-120.504768
5457.321167	-120.215530
5457.994080	-120.486771
5458.666992	-120.210556
5459.339905	-119.805176
5460.012817	-119.894028
5460.685730	-120.002396
5461.358643	-119.947983
5462.031555	-120.189804
5462.704468	-120.600838
5463.377380	-120.522179
5464.050293	-120.574509
5464.723206	-120.469315
5465.396118	-120.351204
5466.069031	-120.322624
5466.741943	-120.124794
5467.414856	-120.187637
5468.087769	-120.395706
5468.760681	-120.479134
5469.433594	-120.412109
5470.106506	-119.976906
5470.779419	-119.949966
5471.452332	-120.214531
5472.125244	-120.354095
5472.798157	-120.413498
5473.471069	-120.090637
5474.143982	-120.217880
5474.816895	-120.403694
5475.489807	-120.640297
5476.162720	-120.764153
5476.835632	-120.653694
5477.508545	-120.790482
5478.181458	-120.564606
5478.854370	-120.057831
5479.527283	-120.005081
5480.200195	-120.075439
5480.873108	-119.970261
5481.546021	-120.245094
5482.218933	-119.868645
5482.891846	-120.320274
5483.564758	-120.244812
5484.237671	-120.124069
5484.910583	-120.172279
5485.583496	-120.113510
5486.256409	-119.926094
5486.929321	-119.894737
5487.602234	-120.287712
5488.275146	-120.531235
5488.948059	-120.489136
5489.620972	-119.798187
5490.293884	-119.927261
5490.966797	-120.267059
5491.639709	-120.512840
5492.312622	-120.398941
5492.985535	-120.039200
5493.658447	-120.787445
5494.331360	-120.822746
5495.004272	-120.254341
5495.677185	-120.274536
5496.350098	-120.724815
5497.023010	-120.485023
5497.695923	-120.209106
5498.368835	-119.920288
5499.041748	-120.417580
5499.714661	-120.500885
5500.387573	-120.751389
5501.060486	-120.274300
5501.733398	-120.292084
5502.406311	-120.894905
5503.079224	-120.503342
5503.752136	-120.457565
5504.425049	-121.196533
5505.097961	-121.030899
5505.770874	-120.600349
5506.443787	-120.342010
5507.116699	-120.202728
5507.789612	-120.271721
5508.462524	-120.374619
5509.135437	-120.736130
5509.808350	-120.625374
5510.481262	-120.567093
5511.154175	-120.355194
5511.827087	-120.047653
5512.500000	-120.251160
5513.172913	-120.763008
5513.845825	-120.806732
5514.518738	-120.472404
5515.191650	-120.090187
5515.864563	-120.173058
5516.537476	-120.089630
5517.210388	-120.333855
5517.883301	-120.080345
5518.556213	-119.821228
5519.229126	-120.250977
5519.902039	-120.701805
5520.574951	-120.533813
5521.247864	-120.435402
5521.920776	-120.542473
5522.593689	-120.330460
5523.266602	-120.083160
5523.939514	-120.145500
5524.612427	-119.779510
5525.285339	-119.772789
5525.958252	-120.391006
5526.631165	-120.300758
5527.304077	-120.035736
5527.976990	-119.859810
5528.649902	-120.081017
5529.322815	-119.982254
5529.995728	-119.713097
5530.668640	-119.904587
5531.341553	-120.300179
5532.014465	-120.494209
5532.687378	-120.196365
5533.360291	-120.122925
5534.033203	-120.341911
5534.706116	-120.265427
5535.379028	-119.834099
5536.051941	-119.626625
5536.724854	-119.763306
5537.397766	-120.251175
5538.070679	-120.119637
5538.743591	-120.073723
5539.416504	-120.238594
5540.089417	-120.077393
5540.762329	-120.320419
5541.435242	-120.418770
5542.108154	-120.050003
5542.781067	-120.264786
5543.453979	-120.013435
5544.126892	-120.033981
5544.799805	-120.211868
5545.472717	-120.899300
5546.145630	-120.915627
5546.818542	-120.323326
5547.491455	-120.367241
5548.164368	-121.131203
5548.837280	-120.758614
5549.510193	-120.553284
5550.183105	-120.382378
5550.856018	-120.246239
5551.528931	-120.419640
5552.201843	-120.231956
5552.874756	-120.324379
5553.547668	-120.620834
5554.220581	-120.386406
5554.893494	-120.139778
5555.566406	-120.273613
5556.239319	-120.447098
5556.912231	-120.109367
5557.585144	-120.695496
5558.258057	-120.705299
5558.930969	-120.641022
5559.603882	-120.369537
5560.276794	-120.442909
5560.949707	-120.293648
5561.622620	-120.714005
5562.295532	-120.545265
5562.968445	-120.535583
5563.641357	-120.606689
5564.314270	-120.843361
5564.987183	-120.629585
5565.660095	-120.420151
5566.333008	-120.127396
5567.005920	-120.402122
5567.678833	-120.296883
5568.351746	-119.784805
5569.024658	-119.992928
5569.697571	-120.195480
5570.370483	-120.119514
5571.043396	-120.621368
5571.716309	-120.407707
5572.389221	-120.197990
5573.062134	-120.407425
5573.735046	-119.817070
5574.407959	-120.067619
5575.080872	-120.527290
5575.753784	-120.597443
5576.426697	-120.277893
5577.099609	-120.276428
5577.772522	-120.285561
5578.445435	-120.158409
5579.118347	-120.321495
5579.791260	-120.356880
5580.464172	-120.351524
5581.137085	-120.624092
5581.809998	-120.654335
5582.482910	-120.593246
5583.155823	-120.631081
5583.828735	-119.961594
5584.501648	-120.302490
5585.174561	-120.248528
5585.847473	-119.610146
5586.520386	-119.688568
5587.193298	-119.901024
5587.866211	-120.021446
5588.539124	-120.455566
5589.212036	-120.443443
5589.884949	-120.234634
5590.557861	-120.472137
5591.230774	-120.810493
5591.903687	-120.643364
5592.576599	-120.304214
5593.249512	-120.316429
5593.922424	-120.467682
5594.595337	-120.309570
5595.268250	-120.127747
5595.941162	-120.287521
5596.614075	-120.418846
5597.286987	-120.487625
5597.959900	-120.325867
5598.632812	-119.876480
5599.305725	-120.593735
5599.978638	-120.370216
5600.651550	-120.209518
5601.324463	-119.876968
5601.997375	-119.769104
5602.670288	-119.726715
5603.343201	-120.489456
5604.016113	-120.880295
5604.689026	-120.362183
5605.361938	-120.137398
5606.034851	-120.024529
5606.707764	-119.774704
5607.380676	-119.876831
5608.053589	-120.296425
5608.726501	-120.186897
5609.399414	-120.295952
5610.072327	-120.546494
5610.745239	-120.377304
5611.418152	-119.870811
5612.091064	-120.045578
5612.763977	-120.557899
5613.436890	-120.308998
5614.109802	-120.082741
5614.782715	-119.896393
5615.455627	-119.781181
5616.128540	-120.706848
5616.801453	-120.459160
5617.474365	-120.322098
5618.147278	-120.828789
5618.820190	-119.847939
5619.493103	-119.466225
5620.166016	-119.998215
5620.838928	-120.200150
5621.511841	-120.437492
5622.184753	-120.492462
5622.857666	-120.586449
5623.530579	-120.540779
5624.203491	-120.209496
5624.876404	-120.394440
5625.549316	-120.606316
5626.222229	-120.348854
5626.895142	-119.763878
5627.568054	-119.726418
5628.240967	-120.343178
5628.913879	-120.309410
5629.586792	-120.167595
5630.259705	-120.288193
5630.932617	-120.277512
5631.605530	-119.928085
5632.278442	-119.637054
5632.951355	-119.836273
5633.624268	-120.221382
5634.297180	-120.232971
5634.970093	-120.119560
5635.643005	-120.007812
5636.315918	-120.241333
5636.988831	-120.361031
5637.661743	-119.911713
5638.334656	-120.141441
5639.007568	-120.860321
5639.680481	-120.397194
5640.353394	-120.427551
5641.026306	-120.570015
5641.699219	-120.682129
5642.372131	-120.594582
5643.045044	-120.659828
5643.717957	-120.888428
5644.390869	-120.604584
5645.063782	-120.748894
5645.736694	-120.457787
5646.409607	-120.239021
5647.082520	-120.344551
5647.755432	-120.345901
5648.428345	-120.434647
5649.101257	-120.100418
5649.774170	-120.115677
5650.447083	-120.119576
5651.119995	-120.412781
5651.792908	-120.325188
5652.465820	-120.518120
5653.138733	-120.396324
5653.811646	-119.877213
5654.484558	-120.047165
5655.157471	-120.525124
5655.830383	-120.468941
5656.503296	-120.639343
5657.176208	-120.413406
5657.849121	-120.189445
5658.522034	-120.368500
5659.194946	-120.584785
5659.867859	-120.321976
5660.540771	-119.839310
5661.213684	-120.310364
5661.886597	-120.294060
5662.559509	-120.000618
5663.232422	-120.345139
5663.905334	-120.336449
5664.578247	-120.586319
5665.251160	-120.325974
5665.924072	-120.474403
5666.596985	-120.462967
5667.269897	-120.181686
5667.942810	-120.261093
5668.615723	-120.262123
5669.288635	-120.633659
5669.961548	-120.536476
5670.634460	-120.472862
5671.307373	-120.523384
5671.980286	-120.636116
5672.653198	-121.021744
5673.326111	-120.438446
5673.999023	-120.323311
5674.671936	-120.292549
5675.344849	-120.043251
5676.017761	-120.134178
5676.690674	-120.146568
5677.363586	-120.165092
5678.036499	-120.153481
5678.709412	-120.590279
5679.382324	-120.299202
5680.055237	-120.524261
5680.728149	-120.714233
5681.401062	-120.535530
5682.073975	-120.524727
5682.746887	-120.569359
5683.419800	-120.418633
5684.092712	-120.492271
5684.765625	-120.980728
5685.438538	-120.707108
5686.111450	-120.547989
5686.784363	-120.991318
5687.457275	-120.929962
5688.130188	-120.314163
5688.803101	-119.997055
5689.476013	-120.599419
5690.148926	-120.545792
5690.821838	-120.465370
5691.494751	-120.115448
5692.167664	-120.058731
5692.840576	-120.317215
5693.513489	-120.218506
5694.186401	-120.304581
5694.859314	-120.753647
5695.532227	-120.382324
5696.205139	-120.362953
5696.878052	-120.303474
5697.550964	-120.174400
5698.223877	-119.758102
5698.896790	-120.052086
5699.569702	-119.933372
5700.242615	-120.003456
5700.915527	-119.941116
5701.588440	-120.674988
5702.261353	-120.815201
5702.934265	-120.183609
5703.607178	-120.539680
5704.280090	-120.645172
5704.953003	-120.192284
5705.625916	-120.048714
5706.298828	-120.237122
5706.971741	-120.445770
5707.644653	-120.130890
5708.317566	-120.452293
5708.990479	-120.638344
5709.663391	-120.347527
5710.336304	-120.013306
5711.009216	-120.528412
5711.682129	-120.112793
5712.355042	-120.120010
5713.027954	-120.089188
5713.700867	-120.395592
5714.373779	-120.926407
5715.046692	-120.437599
5715.719604	-120.063271
5716.392517	-120.373024
5717.065430	-120.375885
5717.738342	-119.975800
5718.411255	-119.956451
5719.084167	-120.577843
5719.757080	-120.555954
5720.429993	-120.207092
5721.102905	-120.214851
5721.775818	-120.039558
5722.448730	-120.185944
5723.121643	-120.302589
5723.794556	-120.446579
5724.467468	-120.296158
5725.140381	-120.275223
5725.813293	-120.298988
5726.486206	-120.050659
5727.159119	-120.161407
5727.832031	-119.840485
5728.504944	-120.162193
5729.177856	-120.760956
5729.850769	-120.897980
5730.523682	-120.690765
5731.196594	-120.825127
5731.869507	-120.596016
5732.542419	-120.546944
5733.215332	-120.355209
5733.888245	-120.267662
5734.561157	-120.469849
5735.234070	-120.409782
5735.906982	-119.970451
5736.579895	-119.838791
5737.252808	-120.228806
5737.925720	-120.329681
5738.598633	-120.202019
5739.271545	-120.294395
5739.944458	-120.656197
5740.617371	-120.461349
5741.290283	-120.128136
5741.963196	-120.358192
5742.636108	-120.534332
5743.309021	-120.220955
5743.981934	-120.134949
5744.654846	-120.024223
5745.327759	-120.098022
5746.000671	-120.102928
5746.673584	-120.311569
5747.346497	-120.180397
5748.019409	-120.208817
5748.692322	-119.931396
5749.365234	-120.188614
5750.038147	-119.959625
5750.711060	-120.219284
5751.383972	-120.440239
5752.056885	-120.007019
5752.729797	-120.181511
5753.402710	-120.594826
5754.075623	-120.824692
5754.748535	-120.515549
5755.421448	-120.179909
5756.094360	-119.842300
5756.767273	-120.434593
5757.440186	-120.346649
5758.113098	-120.222260
5758.786011	-120.460312
5759.458923	-120.302032
5760.131836	-120.268997
5760.804749	-120.095230
5761.477661	-120.465759
5762.150574	-120.536118
5762.823486	-120.609055
5763.496399	-120.522079
5764.169312	-120.005333
5764.842224	-120.073578
5765.515137	-120.140953
5766.188049	-119.994980
5766.860962	-120.298309
5767.533875	-120.212708
5768.206787	-120.443344
5768.879700	-120.297310
5769.552612	-120.344162
5770.225525	-120.496620
5770.898438	-120.438766
5771.571350	-120.233856
5772.244263	-120.548897
5772.917175	-120.453316
5773.590088	-120.303345
5774.263000	-119.947990
5774.935913	-120.306557
5775.608826	-120.359879
5776.281738	-120.354767
5776.954651	-120.326187
5777.627563	-120.191261
5778.300476	-120.257713
5778.973389	-120.435532
5779.646301	-120.390091
5780.319214	-120.072800
5780.992126	-120.560150
5781.665039	-120.576988
5782.337952	-120.012962
5783.010864	-119.947601
5783.683777	-120.463913
5784.356689	-120.610962
5785.029602	-120.378128
5785.702515	-120.316612
5786.375427	-120.662376
5787.048340	-120.510887
5787.721252	-120.175385
5788.394165	-120.176361
5789.067078	-120.305717
5789.739990	-120.260193
5790.412903	-120.536720
5791.085815	-120.528160
5791.758728	-120.545517
5792.431641	-120.424561
5793.104553	-120.222862
5793.777466	-120.070076
5794.450378	-119.988144
5795.123291	-119.993019
5795.796204	-120.124954
5796.469116	-120.214493
5797.142029	-120.646904
5797.814941	-120.217369
5798.487854	-119.911522
5799.160767	-120.229187
5799.833679	-120.539871
5800.506592	-120.720695
5801.179504	-120.289619
5801.852417	-119.932045
5802.525330	-120.389641
5803.198242	-120.309845
5803.871155	-120.348579
5804.544067	-120.370178
5805.216980	-120.273010
5805.889893	-120.511894
5806.562805	-120.471848
5807.235718	-120.134354
5807.908630	-120.457123
5808.581543	-120.483696
5809.254456	-120.222427
5809.927368	-120.362694
5810.600281	-120.303436
5811.273193	-120.183449
5811.946106	-120.178207
5812.619019	-120.335243
5813.291931	-120.279861
5813.964844	-120.009422
5814.637756	-119.997086
5815.310669	-120.346405
5815.983582	-120.736053
5816.656494	-120.578041
5817.329407	-120.320259
5818.002319	-120.333862
5818.675232	-120.637222
5819.348145	-120.273529
5820.021057	-120.055466
5820.693970	-120.087959
5821.366882	-120.472397
5822.039795	-120.790619
5822.712708	-120.549393
5823.385620	-120.163422
5824.058533	-119.888573
5824.731445	-120.047661
5825.404358	-120.612129
5826.077271	-120.723282
5826.750183	-120.200897
5827.423096	-120.472015
5828.096008	-120.827225
5828.768921	-120.160721
5829.441833	-120.375359
5830.114746	-120.353592
5830.787659	-120.380936
5831.460571	-120.536774
5832.133484	-120.429085
5832.806396	-120.241341
5833.479309	-120.680099
5834.152222	-120.576118
5834.825134	-120.044449
5835.498047	-119.776474
5836.170959	-119.734901
5836.843872	-119.736534
5837.516785	-119.849495
5838.189697	-120.290169
5838.862610	-120.517792
5839.535522	-120.001587
5840.208435	-120.270355
5840.881348	-120.313599
5841.554260	-120.277649
5842.227173	-120.369888
5842.900085	-120.601860
5843.572998	-120.536537
5844.245911	-120.668266
5844.918823	-120.412888
5845.591736	-120.245705
5846.264648	-120.336243
5846.937561	-120.409531
5847.610474	-120.502274
5848.283386	-120.407402
5848.956299	-119.914124
5849.629211	-119.959579
5850.302124	-120.378883
5850.975037	-120.469551
5851.647949	-120.409500
5852.320862	-120.358635
5852.993774	-120.181198
5853.666687	-119.837303
5854.339600	-119.978104
5855.012512	-119.925362
5855.685425	-119.969780
5856.358337	-120.334473
5857.031250	-120.593147
5857.704163	-120.477348
5858.377075	-120.195351
5859.049988	-120.477333
5859.722900	-120.546127
5860.395813	-120.093941
5861.068726	-120.002541
5861.741638	-120.371246
5862.414551	-120.160309
5863.087463	-119.988129
5863.760376	-120.221420
5864.433289	-120.678368
5865.106201	-120.693077
5865.779114	-120.615646
5866.452026	-120.151901
5867.124939	-120.276329
5867.797852	-120.337799
5868.470764	-120.379707
5869.143677	-120.326370
5869.816589	-120.329834
5870.489502	-120.489540
5871.162415	-120.542236
5871.835327	-120.546066
5872.508240	-121.021202
5873.181152	-120.168449
5873.854065	-120.277458
5874.526978	-120.411003
5875.199890	-120.304474
5875.872803	-120.595566
5876.545715	-120.221298
5877.218628	-120.244881
5877.891541	-120.287361
5878.564453	-120.419662
5879.237366	-120.161133
5879.910278	-120.354156
5880.583191	-120.481895
5881.256104	-120.140396
5881.929016	-119.692352
5882.601929	-119.892036
5883.274841	-120.397171
5883.947754	-120.459824
5884.620667	-120.381752
5885.293579	-120.038147
5885.966492	-120.425674
5886.639404	-120.602715
5887.312317	-120.484001
5887.985229	-120.328033
5888.658142	-120.542198
5889.331055	-120.329880
5890.003967	-120.210083
5890.676880	-120.618401
5891.349792	-120.664078
5892.022705	-120.329407
5892.695618	-120.231331
5893.368530	-120.518661
5894.041443	-120.190193
5894.714355	-119.842529
5895.387268	-120.424973
5896.060181	-120.440887
5896.733093	-120.330589
5897.406006	-119.729279
5898.078918	-120.459503
5898.751831	-120.609650
5899.424744	-120.749924
5900.097656	-120.652397
5900.770569	-120.579987
5901.443481	-120.704956
5902.116394	-120.914650
5902.789307	-121.013611
5903.462219	-120.825897
5904.135132	-120.429283
5904.808044	-120.587540
5905.480957	-120.439133
5906.153870	-120.121399
5906.826782	-120.116669
5907.499695	-120.319374
5908.172607	-120.179520
5908.845520	-120.227554
5909.518433	-119.866676
5910.191345	-119.899643
5910.864258	-120.264465
5911.537170	-120.194016
5912.210083	-120.254501
5912.882996	-120.479530
5913.555908	-120.230400
5914.228821	-120.024979
5914.901733	-120.104904
5915.574646	-120.179558
5916.247559	-120.248436
5916.920471	-120.335304
5917.593384	-120.354134
5918.266296	-120.141190
5918.939209	-120.206123
5919.612122	-120.307831
5920.285034	-120.074806
5920.957947	-120.062721
5921.630859	-120.722099
5922.303772	-120.558464
5922.976685	-120.281410
5923.649597	-120.526276
5924.322510	-120.171707
5924.995422	-120.266037
5925.668335	-120.554871
5926.341248	-120.688171
5927.014160	-120.365219
5927.687073	-120.127052
5928.359985	-120.050507
5929.032898	-120.202316
5929.705811	-120.334190
5930.378723	-120.646339
5931.051636	-120.358017
5931.724548	-120.115669
5932.397461	-119.864403
5933.070374	-120.379189
5933.743286	-120.325974
5934.416199	-120.091286
5935.089111	-120.258110
5935.762024	-120.379990
5936.434937	-120.659477
5937.107849	-120.593002
5937.780762	-120.523689
5938.453674	-120.429268
5939.126587	-120.336014
5939.799500	-120.228340
5940.472412	-120.257553
5941.145325	-120.303474
5941.818237	-120.511429
5942.491150	-119.919861
5943.164062	-120.340233
5943.836975	-120.181305
5944.509888	-119.797066
5945.182800	-120.169762
5945.855713	-120.504036
5946.528625	-121.104462
5947.201538	-120.419754
5947.874451	-120.266716
5948.547363	-120.247025
5949.220276	-120.234840
5949.893188	-119.784454
5950.566101	-119.890190
5951.239014	-120.260254
5951.911926	-120.030762
5952.584839	-120.301613
5953.257751	-120.452606
5953.930664	-120.232674
5954.603577	-119.891235
5955.276489	-120.117622
5955.949402	-119.921837
5956.622314	-120.262390
5957.295227	-120.378708
5957.968140	-120.136391
5958.641052	-119.986290
5959.313965	-120.303551
5959.986877	-120.454620
5960.659790	-120.414124
5961.332703	-120.155113
5962.005615	-119.935883
5962.678528	-120.361412
5963.351440	-120.398361
5964.024353	-120.352272
5964.697266	-120.430580
5965.370178	-120.066238
5966.043091	-120.000771
5966.716003	-120.015091
5967.388916	-119.970795
5968.061829	-119.487389
5968.734741	-119.720161
5969.407654	-120.337791
5970.080566	-120.203430
5970.753479	-119.998741
5971.426392	-120.206558
5972.099304	-120.367203
5972.772217	-120.173355
5973.445129	-120.011429
5974.118042	-120.003304
5974.790955	-120.134651
5975.463867	-120.477806
5976.136780	-120.727020
5976.809692	-120.782310
5977.482605	-120.359291
5978.155518	-120.136131
5978.828430	-119.938210
5979.501343	-120.161751
5980.174255	-120.077431
5980.847168	-120.377831
5981.520081	-120.072617
5982.192993	-120.499977
5982.865906	-120.457481
5983.538818	-120.371887
5984.211731	-120.600372
5984.884644	-120.382904
5985.557556	-120.157127
5986.230469	-120.525589
5986.903381	-120.399826
5987.576294	-120.356583
5988.249207	-120.150551
5988.922119	-120.545876
5989.595032	-120.340157
5990.267944	-120.512154
5990.940857	-120.685394
5991.613770	-120.647537
5992.286682	-120.712036
5992.959595	-120.671288
5993.632507	-120.600594
5994.305420	-120.509079
5994.978333	-120.115349
5995.651245	-119.967888
5996.324158	-120.116272
5996.997070	-120.256927
5997.669983	-120.291306
5998.342896	-120.338028
5999.015808	-119.944725
5999.688721	-119.937202
6000.361633	-120.219513
6001.034546	-120.179237
6001.707458	-120.438225
6002.380371	-120.664558
6003.053284	-120.325569
6003.726196	-120.108887
6004.399109	-120.068115
6005.072021	-119.938942
6005.744934	-120.295113
6006.417847	-120.385490
6007.090759	-120.459122
6007.763672	-120.703476
6008.436584	-120.711258
6009.109497	-120.089920
6009.782410	-119.800423
6010.455322	-120.121590
6011.128235	-120.091263
6011.801147	-120.051964
6012.474060	-120.079712
6013.146973	-120.114182
6013.819885	-119.900024
6014.492798	-119.934074
6015.165710	-120.304329
6015.838623	-120.616013
6016.511536	-120.879608
6017.184448	-120.734344
6017.857361	-120.070190
6018.530273	-120.404648
6019.203186	-120.424164
6019.876099	-120.389130
6020.549011	-120.279823
6021.221924	-119.980507
6021.894836	-120.206673
6022.567749	-120.146111
6023.240662	-120.596893
6023.913574	-120.203636
6024.586487	-120.014847
6025.259399	-120.222000
6025.932312	-120.062462
6026.605225	-120.074158
6027.278137	-120.263046
6027.951050	-120.283623
6028.623962	-120.207512
6029.296875	-120.068787
6029.969788	-120.089836
6030.642700	-120.657669
6031.315613	-120.402191
6031.988525	-120.064919
6032.661438	-120.591667
6033.334351	-120.432861
6034.007263	-120.574043
6034.680176	-120.402061
6035.353088	-120.288429
6036.026001	-120.503792
6036.698914	-120.481819
6037.371826	-120.098061
6038.044739	-120.294449
6038.717651	-120.435562
6039.390564	-120.374527
6040.063477	-120.173149
6040.736389	-120.394440
6041.409302	-119.930283
6042.082214	-120.383163
6042.755127	-120.152954
6043.428040	-120.062523
6044.100952	-120.142258
6044.773865	-120.385330
6045.446777	-120.377464
6046.119690	-120.144455
6046.792603	-120.218224
6047.465515	-119.977234
6048.138428	-120.275040
6048.811340	-120.301247
6049.484253	-119.866531
6050.157166	-119.980713
6050.830078	-119.930595
6051.502991	-119.712570
6052.175903	-120.092827
6052.848816	-120.240631
6053.521729	-120.473648
6054.194641	-120.532852
6054.867554	-120.099983
6055.540466	-120.306564
6056.213379	-120.302887
6056.886292	-120.211250
6057.559204	-120.268326
6058.232117	-120.103607
6058.905029	-119.896133
6059.577942	-120.522469
6060.250854	-120.563950
6060.923767	-119.937538
6061.596680	-120.115181
6062.269592	-120.372185
6062.942505	-120.282532
6063.615417	-120.343994
6064.288330	-120.594025
6064.961243	-120.525627
6065.634155	-120.500282
6066.307068	-120.497635
6066.979980	-120.499382
6067.652893	-120.339188
6068.325806	-120.231979
6068.998718	-120.269241
6069.671631	-120.142494
6070.344543	-120.385910
6071.017456	-120.729843
6071.690369	-120.278290
6072.363281	-120.015541
6073.036194	-120.109749
6073.709106	-120.152184
6074.382019	-120.498154
6075.054932	-120.566223
6075.727844	-120.520279
6076.400757	-119.995987
6077.073669	-120.161324
6077.746582	-120.393150
6078.419495	-120.120628
6079.092407	-120.212082
6079.765320	-120.776619
6080.438232	-120.579582
6081.111145	-120.307007
6081.784058	-120.140350
6082.456970	-119.938484
6083.129883	-120.077583
6083.802795	-120.124825
6084.475708	-120.669899
6085.148621	-120.149765
6085.821533	-120.304993
6086.494446	-120.539337
6087.167358	-120.282265
6087.840271	-120.294548
6088.513184	-120.162292
6089.186096	-119.964333
6089.859009	-119.995186
6090.531921	-120.397751
6091.204834	-120.240959
6091.877747	-120.008736
6092.550659	-120.232643
6093.223572	-119.830200
6093.896484	-120.339523
6094.569397	-120.592834
6095.242310	-120.411926
6095.915222	-120.169815
6096.588135	-120.022232
6097.261047	-119.859505
6097.933960	-120.143227
6098.606873	-120.819801
6099.279785	-120.366104
6099.952698	-119.874649
6100.625610	-119.692383
6101.298523	-119.951912
6101.971436	-120.048080
6102.644348	-119.962776
6103.317261	-120.440147
6103.990173	-120.250931
6104.663086	-120.093971
6105.335999	-120.242981
6106.008911	-120.640106
6106.681824	-120.362442
6107.354736	-120.380089
6108.027649	-120.465569
6108.700562	-120.095726
6109.373474	-120.129837
6110.046387	-120.447540
6110.719299	-120.553070
6111.392212	-120.445557
6112.065125	-120.319382
6112.738037	-120.131020
6113.410950	-120.321915
6114.083862	-120.402046
6114.756775	-120.024162
6115.429688	-120.642166
6116.102600	-120.727119
6116.775513	-120.403984
6117.448425	-120.268692
6118.121338	-120.032600
6118.794250	-119.711441
6119.467163	-119.714684
6120.140076	-119.926758
6120.812988	-119.919083
6121.485901	-119.911377
6122.158813	-120.113678
6122.831726	-120.188568
6123.504639	-120.096924
6124.177551	-120.301971
6124.850464	-120.384750
6125.523376	-120.046867
6126.196289	-120.228775
6126.869202	-120.223343
6127.542114	-120.437439
6128.215027	-120.288910
6128.887939	-120.558197
6129.560852	-120.855141
6130.233765	-120.557961
6130.906677	-120.066925
6131.579590	-120.494278
6132.252502	-120.152596
6132.925415	-120.017723
6133.598328	-120.342888
6134.271240	-120.624550
6134.944153	-121.081017
6135.617065	-120.614380
6136.289978	-120.559662
6136.962891	-120.338272
6137.635803	-120.250038
6138.308716	-120.348465
6138.981628	-120.030746
6139.654541	-119.922569
6140.327454	-119.871292
6141.000366	-120.069633
6141.673279	-119.977806
6142.346191	-119.840843
6143.019104	-119.904289
6143.692017	-119.753136
6144.364929	-120.177597
6145.037842	-120.368271
6145.710754	-120.267975
6146.383667	-120.332336
6147.056580	-120.344383
6147.729492	-120.261444
6148.402405	-120.087555
6149.075317	-120.439201
6149.748230	-120.509453
6150.421143	-120.938858
6151.094055	-120.277054
6151.766968	-120.107651
6152.439880	-120.124901
6153.112793	-119.782700
6153.785706	-119.874588
6154.458618	-119.862808
6155.131531	-120.007553
6155.804443	-119.767128
6156.477356	-120.100494
6157.150269	-120.241585
6157.823181	-119.845459
6158.496094	-119.886986
6159.169006	-119.682640
6159.841919	-120.260406
6160.514832	-120.358002
6161.187744	-119.875900
6161.860657	-119.456200
6162.533569	-119.764542
6163.206482	-120.102402
6163.879395	-120.204407
6164.552307	-120.101990
6165.225220	-120.123116
6165.898132	-119.988762
6166.571045	-119.787773
6167.243958	-120.334877
6167.916870	-120.722321
6168.589783	-120.409836
6169.262695	-120.271088
6169.935608	-120.180183
6170.608521	-120.342659
6171.281433	-120.349251
6171.954346	-119.749855
6172.627258	-119.765816
6173.300171	-119.966553
6173.973083	-119.972839
6174.645996	-120.401840
6175.318909	-120.230278
6175.991821	-120.119400
6176.664734	-120.226784
6177.337646	-119.996239
6178.010559	-119.987167
6178.683472	-120.411896
6179.356384	-120.163605
6180.029297	-119.988731
6180.702209	-119.990768
6181.375122	-120.338791
6182.048035	-120.347733
6182.720947	-120.201981
6183.393860	-120.004242
6184.066772	-120.127792
6184.739685	-119.904785
6185.412598	-119.750160
6186.085510	-119.713966
6186.758423	-120.111832
6187.431335	-119.818199
6188.104248	-119.866646
6188.777161	-119.993057
6189.450073	-119.987579
6190.122986	-119.713959
6190.795898	-120.188896
6191.468811	-120.011665
6192.141724	-119.822456
6192.814636	-120.136238
6193.487549	-120.107773
6194.160461	-119.886292
6194.833374	-119.861542
6195.506287	-120.447189
6196.179199	-119.982704
6196.852112	-119.790398
6197.525024	-119.985764
6198.197937	-120.170120
6198.870850	-119.862640
6199.543762	-119.654411
6200.216675	-120.090477
6200.889587	-120.199890
6201.562500	-120.298210
6202.235413	-120.234138
6202.908325	-120.181915
6203.581238	-120.300400
6204.254150	-120.114250
6204.927063	-120.110573
6205.599976	-119.855316
6206.272888	-120.038460
6206.945801	-120.453079
6207.618713	-120.621651
6208.291626	-120.307869
6208.964539	-120.108421
6209.637451	-120.222755
6210.310364	-120.311241
6210.983276	-120.452812
6211.656189	-120.122429
6212.329102	-119.830948
6213.002014	-119.951759
6213.674927	-120.484833
6214.347839	-120.250328
6215.020752	-120.214722
6215.693665	-120.388512
6216.366577	-120.041138
6217.039490	-120.414154
6217.712402	-120.131401
6218.385315	-119.908981
6219.058228	-120.264145
6219.731140	-120.370934
6220.404053	-120.551018
6221.076965	-120.419189
6221.749878	-120.344368
6222.422791	-120.267754
6223.095703	-120.565674
6223.768616	-120.756401
6224.441528	-120.532707
6225.114441	-120.648163
6225.787354	-120.131065
6226.460266	-119.818794
6227.133179	-120.001747
6227.806091	-120.151360
6228.479004	-119.713226
6229.151917	-120.309914
6229.824829	-120.289268
6230.497742	-120.249542
6231.170654	-120.100800
6231.843567	-120.009079
6232.516479	-120.162224
6233.189392	-120.093040
6233.862305	-120.189217
6234.535217	-120.061333
6235.208130	-119.728706
6235.881042	-120.345581
6236.553955	-120.370728
6237.226868	-120.009514
6237.899780	-120.081352
6238.572693	-120.511688
6239.245605	-120.491997
6239.918518	-119.831169
6240.591431	-119.816063
6241.264343	-120.031967
6241.937256	-120.275757
6242.610168	-120.393295
6243.283081	-120.180359
6243.955994	-120.093529
6244.628906	-120.599953
6245.301819	-120.039467
6245.974731	-119.823006
6246.647644	-120.236580
6247.320557	-120.546631
6247.993469	-119.968437
6248.666382	-120.069885
6249.339294	-120.300529
6250.012207	-119.860054
6250.685120	-120.045769
6251.358032	-119.965363
6252.030945	-120.136459
6252.703857	-120.182220
6253.376770	-120.114746
6254.049683	-120.299042
6254.722595	-120.062691
6255.395508	-120.300156
6256.068420	-120.294106
6256.741333	-120.075127
6257.414246	-119.841797
6258.087158	-120.145119
6258.760071	-120.323357
6259.432983	-120.453232
6260.105896	-119.888962
6260.778809	-120.013451
6261.451721	-120.182808
6262.124634	-120.172462
6262.797546	-119.742775
6263.470459	-119.998528
6264.143372	-120.115135
6264.816284	-120.125214
6265.489197	-120.312004
6266.162109	-120.348076
6266.835022	-120.100266
6267.507935	-120.465195
6268.180847	-120.210068
6268.853760	-120.178238
6269.526672	-119.929642
6270.199585	-119.872864
6270.872498	-119.876923
6271.545410	-120.009842
6272.218323	-120.244484
6272.891235	-120.262077
6273.564148	-120.380028
6274.237061	-120.088135
6274.909973	-119.986496
6275.582886	-119.694168
6276.255798	-120.079964
6276.928711	-120.437965
6277.601624	-120.129280
6278.274536	-120.218719
6278.947449	-120.247375
6279.620361	-120.639549
6280.293274	-120.305550
6280.966187	-120.371689
6281.639099	-120.527641
6282.312012	-120.289818
6282.984924	-120.276382
6283.657837	-120.386803
6284.330750	-120.283394
6285.003662	-120.055618
6285.676575	-120.087387
6286.349487	-120.218323
6287.022400	-120.061813
6287.695312	-120.121841
6288.368225	-120.314178
6289.041138	-120.370712
6289.714050	-119.972855
6290.386963	-120.176620
6291.059875	-120.343628
6291.732788	-120.547325
6292.405701	-120.373352
6293.078613	-120.213509
6293.751526	-120.522362
6294.424438	-120.679886
6295.097351	-120.779915
6295.770264	-120.301422
6296.443176	-119.867409
6297.116089	-120.035492
6297.789001	-119.971336
6298.461914	-120.554558
6299.134827	-120.481522
6299.807739	-120.134300
6300.480652	-120.294594
6301.153564	-120.540054
6301.826477	-119.928238
6302.499390	-119.765373
6303.172302	-120.249634
6303.845215	-120.143478
6304.518127	-119.782959
6305.191040	-120.232292
6305.863953	-120.211876
6306.536865	-119.768494
6307.209778	-120.079788
6307.882690	-120.086494
6308.555603	-119.537056
6309.228516	-119.345947
6309.901428	-119.855240
6310.574341	-120.208923
6311.247253	-120.261147
6311.920166	-120.229645
6312.593079	-120.330589
6313.265991	-120.288742
6313.938904	-120.326111
6314.611816	-120.102242
6315.284729	-120.235695
6315.957642	-120.225136
6316.630554	-120.127853
6317.303467	-120.181320
6317.976379	-120.151962
6318.649292	-120.347343
6319.322205	-120.530098
6319.995117	-120.179710
6320.668030	-120.248787
6321.340942	-119.970192
6322.013855	-119.991959
6322.686768	-120.017670
6323.359680	-120.274704
6324.032593	-120.107330
6324.705505	-120.041260
6325.378418	-120.290657
6326.051331	-120.621704
6326.724243	-120.526299
6327.397156	-120.411423
6328.070068	-120.324493
6328.742981	-120.389038
6329.415894	-119.828201
6330.088806	-120.179405
6330.761719	-120.479218
6331.434631	-120.191872
6332.107544	-120.092888
6332.780457	-119.973030
6333.453369	-119.732758
6334.126282	-119.758026
6334.799194	-120.028641
6335.472107	-120.202484
6336.145020	-120.213913
6336.817932	-120.061401
6337.490845	-119.926346
6338.163757	-120.363869
6338.836670	-120.235336
6339.509583	-119.832138
6340.182495	-120.296730
6340.855408	-120.261261
6341.528320	-120.077118
6342.201233	-119.745987
6342.874146	-119.553162
6343.547058	-120.348564
6344.219971	-120.321236
6344.892883	-120.143707
6345.565796	-120.088951
6346.238708	-120.142830
6346.911621	-120.145004
6347.584534	-120.399986
6348.257446	-120.306046
6348.930359	-120.089371
6349.603271	-119.943016
6350.276184	-119.918983
6350.949097	-120.423660
6351.622009	-120.570702
6352.294922	-120.081596
6352.967834	-120.395287
6353.640747	-120.600616
6354.313660	-120.066185
6354.986572	-120.085022
6355.659485	-119.963364
6356.332397	-120.186615
6357.005310	-120.786072
6357.678223	-120.756950
6358.351135	-120.439629
6359.024048	-120.078773
6359.696960	-120.243042
6360.369873	-119.968201
6361.042786	-119.993622
6361.715698	-119.923958
6362.388611	-119.808662
6363.061523	-120.245384
6363.734436	-120.445824
6364.407349	-120.484985
6365.080261	-120.388466
6365.753174	-120.168015
6366.426086	-119.632187
6367.098999	-119.954956
6367.771912	-120.346916
6368.444824	-120.423157
6369.117737	-119.887222
6369.790649	-119.832581
6370.463562	-119.764748
6371.136475	-119.981476
6371.809387	-120.286194
6372.482300	-119.946510
6373.155212	-120.021202
6373.828125	-120.204506
6374.501038	-120.638718
6375.173950	-120.774414
6375.846863	-120.459167
6376.519775	-120.344818
6377.192688	-120.743149
6377.865601	-120.565392
6378.538513	-119.980415
6379.211426	-119.641815
6379.884338	-119.833641
6380.557251	-120.090866
6381.230164	-120.017365
6381.903076	-120.080696
6382.575989	-119.755775
6383.248901	-120.276451
6383.921814	-120.106232
6384.594727	-119.846474
6385.267639	-120.013069
6385.940552	-119.903603
6386.613464	-119.954437
6387.286377	-120.004745
6387.959290	-119.847160
6388.632202	-119.787949
6389.305115	-119.891869
6389.978027	-120.224854
6390.650940	-120.470734
6391.323853	-119.946846
6391.996765	-120.259689
6392.669678	-120.391098
6393.342590	-120.038269
6394.015503	-120.229935
6394.688416	-120.518456
6395.361328	-120.173546
6396.034241	-120.587738
6396.707153	-120.102699
6397.380066	-119.615700
6398.052979	-119.974823
6398.725891	-120.061867
6399.398804	-120.119064
6400.071716	-119.876526
6400.744629	-119.701485
6401.417542	-120.055214
6402.090454	-120.292297
6402.763367	-120.207230
6403.436279	-120.415764
6404.109192	-120.753029
6404.782104	-120.257530
6405.455017	-120.255684
6406.127930	-120.184296
6406.800842	-120.114388
6407.473755	-120.114052
6408.146667	-120.143021
6408.819580	-120.002815
6409.492493	-120.181686
6410.165405	-119.963554
6410.838318	-119.677551
6411.511230	-119.906227
6412.184143	-120.097527
6412.857056	-120.223801
6413.529968	-120.243423
6414.202881	-120.079201
6414.875793	-120.350784
6415.548706	-120.221008
6416.221619	-120.383400
6416.894531	-120.713234
6417.567444	-120.467896
6418.240356	-120.364273
6418.913269	-120.155716
6419.586182	-119.951797
6420.259094	-120.175980
6420.932007	-120.279480
6421.604919	-120.212044
6422.277832	-120.028999
6422.950745	-120.107742
6423.623657	-120.169556
6424.296570	-120.061508
6424.969482	-119.861008
6425.642395	-119.908371
6426.315308	-119.986580
6426.988220	-120.099953
6427.661133	-120.476028
6428.334045	-120.543922
6429.006958	-119.841393
6429.679871	-119.795685
6430.352783	-119.979507
6431.025696	-120.216835
6431.698608	-120.223206
6432.371521	-119.973175
6433.044434	-120.213844
6433.717346	-120.076889
6434.390259	-120.211975
6435.063171	-119.847916
6435.736084	-120.333504
6436.408997	-120.060875
6437.081909	-120.137718
6437.754822	-119.939110
6438.427734	-120.287514
6439.100647	-120.094620
6439.773560	-119.910156
6440.446472	-120.194588
6441.119385	-120.042534
6441.792297	-120.093864
6442.465210	-120.606125
6443.138123	-120.706863
6443.811035	-120.539444
6444.483948	-120.343407
6445.156860	-120.304672
6445.829773	-120.313217
6446.502686	-120.273537
6447.175598	-120.320518
6447.848511	-120.171051
6448.521423	-120.056610
6449.194336	-119.949860
6449.867249	-120.192276
6450.540161	-120.186272
6451.213074	-119.541077
6451.885986	-119.740334
6452.558899	-120.113785
6453.231812	-120.487350
6453.904724	-120.486740
6454.577637	-120.225212
6455.250549	-120.429153
6455.923462	-120.160385
6456.596375	-120.245674
6457.269287	-120.051369
6457.942200	-119.948570
6458.615112	-120.056076
6459.288025	-120.337051
6459.960938	-120.229248
6460.633850	-120.424950
6461.306763	-119.839851
6461.979675	-120.237381
6462.652588	-120.271027
6463.325500	-119.890099
6463.998413	-119.977600
6464.671326	-120.451431
6465.344238	-120.180305
6466.017151	-120.209496
6466.690063	-120.266640
6467.362976	-119.832954
6468.035889	-119.997536
6468.708801	-120.432617
6469.381714	-119.758392
6470.054626	-119.608307
6470.727539	-119.858963
6471.400452	-119.932579
6472.073364	-119.683578
6472.746277	-119.860207
6473.419189	-119.876770
6474.092102	-119.824303
6474.765015	-120.181931
6475.437927	-120.205841
6476.110840	-119.990364
6476.783752	-119.990631
6477.456665	-119.916168
6478.129578	-120.032585
6478.802490	-120.099808
6479.475403	-120.309593
6480.148315	-120.194031
6480.821228	-119.948242
6481.494141	-120.232803
6482.167053	-120.029793
6482.839966	-120.127777
6483.512878	-120.032837
6484.185791	-119.847595
6484.858704	-120.245171
6485.531616	-120.810364
6486.204529	-120.124725
6486.877441	-119.793152
6487.550354	-120.230919
6488.223267	-120.018478
6488.896179	-120.336227
6489.569092	-120.043640
6490.242004	-120.145279
6490.914917	-120.045876
6491.587830	-119.656464
6492.260742	-119.766243
6492.933655	-119.995384
6493.606567	-120.243874
6494.279480	-119.981140
6494.952393	-119.972977
6495.625305	-120.087425
6496.298218	-120.555069
6496.971130	-120.540642
6497.644043	-119.958763
6498.316956	-119.781128
6498.989868	-119.674957
6499.662781	-119.754784
6500.335693	-120.175522
6501.008606	-120.034546
6501.681519	-120.058823
6502.354431	-119.742004
6503.027344	-119.791466
6503.700256	-120.088623
6504.373169	-119.949493
6505.046082	-119.519562
6505.718994	-120.116669
6506.391907	-120.190422
6507.064819	-120.012085
6507.737732	-120.044746
6508.410645	-119.624252
6509.083557	-119.834846
6509.756470	-119.904564
6510.429382	-119.706818
6511.102295	-119.847878
6511.775208	-120.076241
6512.448120	-119.712624
6513.121033	-119.530075
6513.793945	-120.155014
6514.466858	-120.500755
6515.139771	-120.178368
6515.812683	-119.811089
6516.485596	-120.040710
6517.158508	-120.457970
6517.831421	-120.302399
6518.504333	-120.210815
6519.177246	-120.263275
6519.850159	-119.707718
6520.523071	-120.090897
6521.195984	-120.327026
6521.868896	-120.180481
6522.541809	-120.167862
6523.214722	-119.766342
6523.887634	-119.783737
6524.560547	-120.018982
6525.233459	-120.500496
6525.906372	-120.387451
6526.579285	-120.303848
6527.252197	-120.288338
6527.925110	-119.880692
6528.598022	-119.836533
6529.270935	-120.016853
6529.943848	-120.216110
6530.616760	-120.021889
6531.289673	-120.249977
6531.962585	-120.373672
6532.635498	-119.841095
6533.308411	-120.150497
6533.981323	-120.351990
6534.654236	-119.902725
6535.327148	-119.775642
6536.000061	-120.238991
6536.672974	-120.337059
6537.345886	-120.544945
6538.018799	-119.937790
6538.691711	-119.773598
6539.364624	-119.874146
6540.037537	-120.334084
6540.710449	-120.372192
6541.383362	-120.028435
6542.056274	-119.848724
6542.729187	-119.566544
6543.402100	-120.145210
6544.075012	-119.998573
6544.747925	-119.568184
6545.420837	-119.589218
6546.093750	-120.036400
6546.766663	-120.365479
6547.439575	-119.771408
6548.112488	-119.791000
6548.785400	-120.317383
6549.458313	-120.154739
6550.131226	-120.001053
6550.804138	-120.112938
6551.477051	-120.146545
6552.149963	-120.321083
6552.822876	-119.992912
6553.495789	-120.248001
6554.168701	-120.248772
6554.841614	-120.192635
6555.514526	-119.892242
6556.187439	-119.763298
6556.860352	-119.845688
6557.533264	-119.853416
6558.206177	-119.922745
6558.879089	-120.233711
6559.552002	-120.205841
6560.224915	-120.226372
6560.897827	-120.430069
6561.570740	-120.062347
6562.243652	-119.968231
6562.916565	-120.102318
6563.589478	-119.992233
6564.262390	-119.825546
6564.935303	-119.601738
6565.608215	-119.672783
6566.281128	-120.035065
6566.954041	-120.330688
6567.626953	-120.171654
6568.299866	-119.864288
6568.972778	-120.250549
6569.645691	-120.299515
6570.318604	-119.947510
6570.991516	-119.986977
6571.664429	-119.899948
6572.337341	-119.840233
6573.010254	-119.858276
6573.683167	-119.775429
6574.356079	-119.850395
6575.028992	-120.002945
6575.701904	-119.872406
6576.374817	-119.839333
6577.047729	-120.124191
6577.720642	-120.378700
6578.393555	-120.088852
6579.066467	-119.861969
6579.739380	-120.063484
6580.412292	-119.675949
6581.085205	-119.869125
6581.758118	-120.187035
6582.431030	-120.204346
6583.103943	-120.286446
6583.776855	-120.038109
6584.449768	-120.102753
6585.122681	-120.383057
6585.795593	-120.544151
6586.468506	-120.282288
6587.141418	-120.033195
6587.814331	-120.016602
6588.487244	-119.767944
6589.160156	-119.667519
6589.833069	-119.661346
6590.505981	-120.052925
6591.178894	-120.050522
6591.851807	-120.261017
6592.524719	-120.060181
6593.197632	-120.538002
6593.870544	-119.913994
6594.543457	-120.143669
6595.216370	-120.027679
6595.889282	-120.147850
6596.562195	-120.602463
6597.235107	-120.569023
6597.908020	-120.208755
6598.580933	-119.858932
6599.253845	-120.232559
6599.926758	-120.328453
6600.599670	-120.200851
6601.272583	-120.192871
6601.945496	-119.723663
6602.618408	-119.807938
6603.291321	-120.108673
6603.964233	-119.961754
6604.637146	-119.885582
6605.310059	-120.152672
6605.982971	-119.893608
6606.655884	-120.005562
6607.328796	-120.234726
6608.001709	-120.058014
6608.674622	-120.043922
6609.347534	-120.127296
6610.020447	-120.297119
6610.693359	-120.136490
6611.366272	-120.029770
6612.039185	-120.126396
6612.712097	-119.838509
6613.385010	-120.067749
6614.057922	-120.013512
6614.730835	-119.794022
6615.403748	-119.696060
6616.076660	-119.763786
6616.749573	-119.877838
6617.422485	-119.998878
6618.095398	-120.116684
6618.768311	-119.972221
6619.441223	-119.771111
6620.114136	-120.078796
6620.787048	-119.970703
6621.459961	-119.860626
6622.132874	-120.110855
6622.805786	-120.035065
6623.478699	-120.370071
6624.151611	-120.222206
6624.824524	-120.040192
6625.497437	-119.759567
6626.170349	-119.696007
6626.843262	-119.520523
6627.516174	-120.170998
6628.189087	-119.856522
6628.862000	-119.994072
6629.534912	-120.254196
6630.207825	-120.459343
6630.880737	-120.292160
6631.553650	-120.344810
6632.226562	-120.160004
6632.899475	-119.943344
6633.572388	-119.733025
6634.245300	-119.898224
6634.918213	-120.087257
6635.591125	-120.242821
6636.264038	-120.086777
6636.936951	-120.297150
6637.609863	-120.599487
6638.282776	-120.726425
6638.955688	-119.964790
6639.628601	-120.240471
6640.301514	-120.544930
6640.974426	-119.770355
6641.647339	-119.542900
6642.320251	-119.905380
6642.993164	-119.719734
6643.666077	-119.796944
6644.338989	-120.205948
6645.011902	-120.149872
6645.684814	-120.251053
6646.357727	-120.002174
6647.030640	-119.972725
6647.703552	-119.880852
6648.376465	-119.939682
6649.049377	-120.159317
6649.722290	-120.125099
6650.395203	-119.814537
6651.068115	-119.699654
6651.741028	-119.791931
6652.413940	-120.281509
6653.086853	-120.206482
6653.759766	-119.959259
6654.432678	-119.918144
6655.105591	-120.452812
6655.778503	-120.445869
6656.451416	-120.449593
6657.124329	-120.256477
6657.797241	-119.978165
6658.470154	-120.345428
6659.143066	-120.461998
6659.815979	-120.563362
6660.488892	-120.112717
6661.161804	-120.030792
6661.834717	-120.030388
6662.507629	-120.011505
6663.180542	-120.293236
6663.853455	-119.892090
6664.526367	-119.605797
6665.199280	-119.848450
6665.872192	-120.227150
6666.545105	-120.024605
6667.218018	-120.022659
6667.890930	-120.144524
6668.563843	-120.138229
6669.236755	-120.055283
6669.909668	-119.913925
6670.582581	-119.844734
6671.255493	-119.922287
6671.928406	-120.117477
6672.601318	-120.250916
6673.274231	-119.856392
6673.947144	-119.758156
6674.620056	-119.848320
6675.292969	-119.697876
6675.965881	-120.009079
6676.638794	-120.341141
6677.311707	-120.215668
6677.984619	-120.332100
6678.657532	-120.208755
6679.330444	-120.186340
6680.003357	-119.735870
6680.676270	-120.295021
6681.349182	-119.986107
6682.022095	-119.981407
6682.695007	-119.921043
6683.367920	-119.926926
6684.040833	-119.742691
6684.713745	-120.167625
6685.386658	-119.960182
6686.059570	-120.201630
6686.732483	-120.259727
6687.405396	-120.226730
6688.078308	-120.380119
6688.751221	-120.104515
6689.424133	-120.313637
6690.097046	-120.378532
6690.769958	-120.077034
6691.442871	-120.193497
6692.115784	-120.331749
6692.788696	-120.239799
6693.461609	-120.133583
6694.134521	-120.498505
6694.807434	-120.151009
6695.480347	-120.174339
6696.153259	-120.124680
6696.826172	-119.979301
6697.499084	-120.502029
6698.171997	-120.209175
6698.844910	-120.206062
6699.517822	-120.156647
6700.190735	-120.037003
6700.863647	-120.148949
6701.536560	-119.880699
6702.209473	-120.248367
6702.882385	-120.236641
6703.555298	-120.048531
6704.228210	-119.915665
6704.901123	-119.612099
6705.574036	-119.990639
6706.246948	-119.872231
6706.919861	-119.854462
6707.592773	-119.987495
6708.265686	-119.794594
6708.938599	-120.445076
6709.611511	-120.338478
6710.284424	-120.229980
6710.957336	-120.088974
6711.630249	-120.021095
6712.303162	-120.202301
6712.976074	-120.028061
6713.648987	-120.093155
6714.321899	-120.181252
6714.994812	-119.946999
6715.667725	-119.958313
6716.340637	-119.919823
6717.013550	-119.851540
6717.686462	-119.928596
6718.359375	-119.680580
6719.032288	-119.806335
6719.705200	-119.650383
6720.378113	-119.659508
6721.051025	-119.935715
6721.723938	-120.318565
6722.396851	-119.855408
6723.069763	-120.061081
6723.742676	-119.873817
6724.415588	-120.163536
6725.088501	-120.098381
6725.761414	-120.162788
6726.434326	-120.180969
6727.107239	-119.995964
6727.780151	-120.037605
6728.453064	-119.994102
6729.125977	-119.758362
6729.798889	-119.871056
6730.471802	-119.981415
6731.144714	-120.015511
6731.817627	-119.508385
6732.490540	-119.594353
6733.163452	-119.948540
6733.836365	-120.006859
6734.509277	-120.083221
6735.182190	-119.761307
6735.855103	-119.446587
6736.528015	-120.006332
6737.200928	-120.382683
6737.873840	-120.281860
6738.546753	-120.044464
6739.219666	-120.007782
6739.892578	-119.628380
6740.565491	-119.545700
6741.238403	-120.224182
6741.911316	-120.116714
6742.584229	-119.945335
6743.257141	-119.969574
6743.930054	-120.253593
6744.602966	-120.235535
6745.275879	-120.449493
6745.948792	-120.687462
6746.621704	-120.373123
6747.294617	-120.329536
6747.967529	-120.235504
6748.640442	-120.069641
6749.313354	-120.039322
6749.986267	-120.271530
6750.659180	-120.023178
6751.332092	-119.834488
6752.005005	-120.117577
6752.677917	-119.991821
6753.350830	-119.768150
6754.023743	-119.484940
6754.696655	-119.483688
6755.369568	-119.657623
6756.042480	-119.878517
6756.715393	-120.006912
6757.388306	-120.375290
6758.061218	-120.319969
6758.734131	-119.905983
6759.407043	-119.880669
6760.079956	-119.957672
6760.752869	-120.020439
6761.425781	-119.855736
6762.098694	-120.087036
6762.771606	-120.001564
6763.444519	-119.612762
6764.117432	-119.639336
6764.790344	-119.733963
6765.463257	-119.774933
6766.136169	-119.818634
6766.809082	-119.805061
6767.481995	-119.931290
6768.154907	-120.130096
6768.827820	-120.142822
6769.500732	-120.025139
6770.173645	-119.908890
6770.846558	-120.442291
6771.519470	-120.368233
6772.192383	-120.046104
6772.865295	-119.592346
6773.538208	-120.154106
6774.211121	-120.121185
6774.884033	-120.025505
6775.556946	-120.033714
6776.229858	-119.866386
6776.902771	-119.804092
6777.575684	-120.115570
6778.248596	-119.751671
6778.921509	-119.642082
6779.594421	-119.857124
6780.267334	-119.961166
6780.940247	-119.748093
6781.613159	-119.714287
6782.286072	-119.652512
6782.958984	-119.963829
6783.631897	-120.160858
6784.304810	-119.874687
6784.977722	-119.736221
6785.650635	-119.684776
6786.323547	-119.700882
6786.996460	-120.064568
6787.669373	-120.241776
6788.342285	-120.303841
6789.015198	-120.282242
6789.688110	-119.798035
6790.361023	-120.039597
6791.033936	-119.737228
6791.706848	-119.615402
6792.379761	-119.664833
6793.052673	-120.386284
6793.725586	-120.252617
6794.398499	-119.762817
6795.071411	-119.259880
6795.744324	-119.319550
6796.417236	-119.546906
6797.090149	-119.314377
6797.763062	-119.511887
6798.435974	-120.056335
6799.108887	-119.869522
6799.781799	-119.414474
6800.454712	-119.283348
6801.127625	-119.943184
6801.800537	-120.354523
6802.473450	-120.201820
6803.146362	-119.555244
6803.819275	-120.044746
6804.492188	-120.244972
6805.165100	-119.948982
6805.838013	-120.012558
6806.510925	-120.126015
6807.183838	-120.141357
6807.856750	-119.923569
6808.529663	-120.023575
6809.202576	-120.088036
6809.875488	-119.952202
6810.548401	-120.209137
6811.221313	-120.289635
6811.894226	-120.054039
6812.567139	-119.625061
6813.240051	-119.945068
6813.912964	-120.104706
6814.585876	-119.842407
6815.258789	-119.962692
6815.931702	-120.104477
6816.604614	-120.207909
6817.277527	-120.487114
6817.950439	-120.217545
6818.623352	-119.958092
6819.296265	-120.087318
6819.969177	-120.191978
6820.642090	-120.138428
6821.315002	-119.964554
6821.987915	-119.927269
6822.660828	-119.760109
6823.333740	-119.364815
6824.006653	-119.859024
6824.679565	-120.363640
6825.352478	-120.237694
6826.025391	-119.906975
6826.698303	-119.758240
6827.371216	-120.103432
6828.044128	-119.926300
6828.717041	-119.720367
6829.389954	-119.803299
6830.062866	-120.418030
6830.735779	-120.634995
6831.408691	-120.018066
6832.081604	-120.232109
6832.754517	-120.451759
6833.427429	-119.892899
6834.100342	-120.032677
6834.773254	-119.592117
6835.446167	-119.684616
6836.119080	-119.795815
6836.791992	-119.848122
6837.464905	-119.885635
6838.137817	-119.855957
6838.810730	-119.586647
6839.483643	-120.155518
6840.156555	-120.230469
6840.829468	-120.226372
6841.502380	-119.999847
6842.175293	-119.926918
6842.848206	-119.852875
6843.521118	-119.710876
6844.194031	-120.285225
6844.866943	-120.130981
6845.539856	-119.999672
6846.212769	-119.680077
6846.885681	-119.819771
6847.558594	-119.829109
6848.231506	-120.080475
6848.904419	-120.054100
6849.577332	-119.860855
6850.250244	-119.948380
6850.923157	-119.782135
6851.596069	-119.862068
6852.268982	-120.058601
6852.941895	-120.039055
6853.614807	-119.975655
6854.287720	-119.886612
6854.960632	-119.822632
6855.633545	-119.523293
6856.306458	-119.710045
6856.979370	-119.862167
6857.652283	-119.959938
6858.325195	-120.235046
6858.998108	-119.858345
6859.671021	-119.916168
6860.343933	-120.186157
6861.016846	-120.077042
6861.689758	-119.694717
6862.362671	-119.729492
6863.035583	-119.862991
6863.708496	-119.920746
6864.381409	-120.013321
6865.054321	-119.830963
6865.727234	-119.973236
6866.400146	-119.822273
6867.073059	-119.948265
6867.745972	-120.354530
6868.418884	-120.191956
6869.091797	-119.929825
6869.764709	-119.928932
6870.437622	-119.877731
6871.110535	-119.871429
6871.783447	-119.847366
6872.456360	-119.620842
6873.129272	-119.690048
6873.802185	-119.599701
6874.475098	-119.911560
6875.148010	-119.944931
6875.820923	-119.751747
6876.493835	-119.779495
6877.166748	-119.829193
6877.839661	-119.726021
6878.512573	-120.139175
6879.185486	-120.070107
6879.858398	-119.798256
6880.531311	-119.666168
6881.204224	-119.720596
6881.877136	-119.769836
6882.550049	-120.007233
6883.222961	-119.846725
6883.895874	-120.239128
6884.568787	-120.832390
6885.241699	-120.322113
6885.914612	-120.070770
6886.587524	-120.224007
6887.260437	-120.344795
6887.933350	-119.800812
6888.606262	-119.563942
6889.279175	-119.849464
6889.952087	-119.650620
6890.625000	-119.503189
6891.297913	-119.802483
6891.970825	-119.781013
6892.643738	-120.162468
6893.316650	-119.983871
6893.989563	-119.483253
6894.662476	-119.247673
6895.335388	-119.361130
6896.008301	-119.660126
6896.681213	-120.100975
6897.354126	-119.841759
6898.027039	-119.639687
6898.699951	-119.673386
6899.372864	-120.105515
6900.045776	-119.929359
6900.718689	-119.613228
6901.391602	-119.780220
6902.064514	-120.097572
6902.737427	-119.922646
6903.410339	-120.121529
6904.083252	-120.501701
6904.756165	-120.006493
6905.429077	-119.882088
6906.101990	-119.701225
6906.774902	-119.750702
6907.447815	-120.265976
6908.120728	-119.874962
6908.793640	-119.952110
6909.466553	-119.897530
6910.139465	-119.894104
6910.812378	-120.108009
6911.485291	-120.237198
6912.158203	-119.944771
6912.831116	-120.264427
6913.504028	-120.283585
6914.176941	-120.064857
6914.849854	-119.762169
6915.522766	-119.721909
6916.195679	-120.001488
6916.868591	-119.694443
6917.541504	-120.326393
6918.214417	-120.025085
6918.887329	-119.903160
6919.560242	-119.892952
6920.233154	-119.921295
6920.906067	-119.445854
6921.578979	-119.618355
6922.251892	-119.699036
6922.924805	-119.401947
6923.597717	-119.429382
6924.270630	-119.453316
6924.943542	-119.510345
6925.616455	-119.838028
6926.289368	-119.902580
6926.962280	-119.987259
6927.635193	-119.864288
6928.308105	-119.732376
6928.981018	-120.496422
6929.653931	-120.066322
6930.326843	-119.839798
6930.999756	-119.819679
6931.672668	-120.197762
6932.345581	-120.257545
6933.018494	-120.383331
6933.691406	-119.930672
6934.364319	-119.555908
6935.037231	-119.782196
6935.710144	-119.695671
6936.383057	-119.544823
6937.055969	-119.921898
6937.728882	-119.972839
6938.401794	-119.872765
6939.074707	-119.866127
6939.747620	-119.716789
6940.420532	-119.936783
6941.093445	-119.691673
6941.766357	-119.599838
6942.439270	-120.052887
6943.112183	-119.951729
6943.785095	-119.891853
6944.458008	-119.976822
6945.130920	-119.776077
6945.803833	-119.931480
6946.476746	-119.683464
6947.149658	-119.973808
6947.822571	-120.432625
6948.495483	-119.972237
6949.168396	-119.890167
6949.841309	-119.671577
6950.514221	-120.013374
6951.187134	-120.027542
6951.860046	-119.879639
6952.532959	-119.884888
6953.205872	-119.825516
6953.878784	-119.836121
6954.551697	-119.877090
6955.224609	-120.283951
6955.897522	-119.988953
6956.570435	-119.502014
6957.243347	-119.154152
6957.916260	-119.655952
6958.589172	-120.128189
6959.262085	-120.022926
6959.934998	-120.139275
6960.607910	-120.017738
6961.280823	-119.666603
6961.953735	-119.600189
6962.626648	-119.700111
6963.299561	-119.452110
6963.972473	-119.350182
6964.645386	-119.993904
6965.318298	-120.173965
6965.991211	-120.017090
6966.664124	-120.141060
6967.337036	-120.222382
6968.009949	-120.057060
6968.682861	-119.835457
6969.355774	-119.665703
6970.028687	-119.816399
6970.701599	-119.855309
6971.374512	-119.626404
6972.047424	-119.667290
6972.720337	-119.528259
6973.393250	-119.546471
6974.066162	-119.286835
6974.739075	-119.480080
6975.411987	-119.740211
6976.084900	-119.605263
6976.757812	-119.633896
6977.430725	-119.829002
6978.103638	-119.794022
6978.776550	-119.773750
6979.449463	-119.607727
6980.122375	-119.309410
6980.795288	-119.489494
6981.468201	-119.757843
6982.141113	-119.676399
6982.814026	-119.641754
6983.486938	-119.571785
6984.159851	-119.826370
6984.832764	-119.767006
6985.505676	-120.081360
6986.178589	-120.097649
6986.851501	-119.967995
6987.524414	-120.147026
6988.197327	-119.990059
6988.870239	-119.717888
6989.543152	-119.516777
6990.216064	-119.895241
6990.888977	-120.446548
6991.561890	-120.002457
6992.234802	-119.782310
6992.907715	-119.924377
6993.580627	-119.771675
6994.253540	-119.541962
6994.926453	-119.777733
6995.599365	-119.905823
6996.272278	-119.641548
6996.945190	-119.545158
6997.618103	-119.636215
6998.291016	-119.957214
6998.963928	-119.505478
6999.636841	-119.384315
7000.309753	-119.490837
7000.982666	-119.460564
7001.655579	-119.618675
7002.328491	-120.509590
7003.001404	-120.268074
7003.674316	-119.869797
7004.347229	-119.760521
7005.020142	-119.802437
7005.693054	-119.722214
7006.365967	-120.142342
7007.038879	-119.840645
7007.711792	-119.982193
7008.384705	-120.124191
7009.057617	-120.083748
7009.730530	-120.134590
7010.403442	-119.742538
7011.076355	-119.816765
7011.749268	-119.906784
7012.422180	-119.464989
7013.095093	-119.354164
7013.768005	-120.017082
7014.440918	-119.472549
7015.113831	-119.548698
7015.786743	-119.815880
7016.459656	-119.555672
7017.132568	-119.797424
7017.805481	-119.839355
7018.478394	-119.745117
7019.151306	-119.786598
7019.824219	-119.922760
7020.497131	-120.000572
7021.170044	-119.606522
7021.842957	-119.577797
7022.515869	-120.102882
7023.188782	-119.850098
7023.861694	-120.041069
7024.534607	-119.856697
7025.207520	-119.763832
7025.880432	-119.512642
7026.553345	-119.363113
7027.226257	-119.699883
7027.899170	-120.103661
7028.572083	-119.899025
7029.244995	-119.573570
7029.917908	-119.960068
7030.590820	-119.738815
7031.263733	-119.422874
7031.936646	-119.849014
7032.609558	-119.729660
7033.282471	-119.449249
7033.955383	-119.429443
7034.628296	-119.581429
7035.301208	-119.347961
7035.974121	-119.769501
7036.647034	-119.895981
7037.319946	-120.024208
7037.992859	-119.739510
7038.665771	-119.583221
7039.338684	-119.577065
7040.011597	-119.833511
7040.684509	-119.876373
7041.357422	-120.065689
7042.030334	-120.001808
7042.703247	-119.797935
7043.376160	-119.693321
7044.049072	-119.649963
7044.721985	-119.879112
7045.394897	-120.190567
7046.067810	-120.064209
7046.740723	-119.647827
7047.413635	-119.528496
7048.086548	-119.509590
7048.759460	-119.332535
7049.432373	-119.797256
7050.105286	-119.824112
7050.778198	-119.998329
7051.451111	-119.608963
7052.124023	-119.678223
7052.796936	-119.874825
7053.469849	-119.862885
7054.142761	-119.618790
7054.815674	-119.853363
7055.488586	-119.876236
7056.161499	-119.744606
7056.834412	-119.696701
7057.507324	-119.398682
7058.180237	-119.413643
7058.853149	-119.210846
7059.526062	-119.282364
7060.198975	-119.185555
7060.871887	-119.484978
7061.544800	-119.630981
7062.217712	-119.517799
7062.890625	-119.774742
7063.563538	-119.862099
7064.236450	-119.558060
7064.909363	-119.207237
7065.582275	-118.868568
7066.255188	-118.576981
7066.928101	-118.607399
7067.601013	-117.536079
7068.273926	-116.089386
7068.946838	-115.432007
7069.619751	-115.506134
7070.292664	-115.258514
7070.965576	-114.490936
7071.638489	-114.001007
7072.311401	-114.582237
7072.984314	-115.250763
7073.657227	-115.761383
7074.330139	-116.841965
7075.003052	-117.784851
7075.675964	-118.315376
7076.348877	-117.847496
7077.021790	-118.302116
7077.694702	-118.608398
7078.367615	-119.223999
7079.040527	-119.334625
7079.713440	-119.188705
7080.386353	-119.204208
7081.059265	-119.124580
7081.732178	-119.567741
7082.405090	-120.143951
7083.078003	-120.050331
7083.750916	-120.027534
7084.423828	-119.705414
7085.096741	-119.823845
7085.769653	-119.745712
7086.442566	-119.093658
7087.115479	-118.589188
7087.788391	-119.335159
7088.461304	-119.774788
7089.134216	-119.363533
7089.807129	-119.432610
7090.480042	-119.008438
7091.152954	-118.940041
7091.825867	-118.983383
7092.498779	-118.847763
7093.171692	-118.985512
7093.844604	-119.114296
7094.517517	-119.566628
7095.190430	-119.734741
7095.863342	-119.874886
7096.536255	-119.795212
7097.209167	-119.802612
7097.882080	-119.448021
7098.554993	-119.396530
7099.227905	-119.563766
7099.900818	-119.627274
7100.573730	-119.540504
7101.246643	-119.338318
7101.919556	-119.232346
7102.592468	-119.437775
7103.265381	-119.800819
7103.938293	-119.546608
7104.611206	-119.451027
7105.284119	-119.116013
7105.957031	-119.124413
7106.629944	-119.292770
7107.302856	-119.175415
7107.975769	-119.274445
7108.648682	-119.460854
7109.321594	-119.605141
7109.994507	-119.305084
7110.667419	-119.389992
7111.340332	-119.211914
7112.013245	-119.444763
7112.686157	-119.409874
7113.359070	-118.623779
7114.031982	-118.930618
7114.704895	-119.541550
7115.377808	-119.875412
7116.050720	-119.848198
7116.723633	-119.550323
7117.396545	-119.225494
7118.069458	-119.715492
7118.742371	-120.029716
7119.415283	-119.778877
7120.088196	-119.650093
7120.761108	-120.081627
7121.434021	-119.627419
7122.106934	-119.527603
7122.779846	-119.350403
7123.452759	-119.587631
7124.125671	-119.939301
7124.798584	-119.539055
7125.471497	-119.534760
7126.144409	-119.714607
7126.817322	-120.217163
7127.490234	-120.126793
7128.163147	-120.087830
7128.836060	-119.958305
7129.508972	-119.856323
7130.181885	-119.359825
7130.854797	-119.871407
7131.527710	-120.189606
7132.200623	-120.386963
7132.873535	-119.876648
7133.546448	-119.558220
7134.219360	-119.933403
7134.892273	-119.946701
7135.565186	-120.482300
7136.238098	-120.311249
7136.911011	-119.725418
7137.583923	-120.199974
7138.256836	-119.896812
7138.929749	-119.772049
7139.602661	-119.990425
7140.275574	-119.900002
7140.948486	-120.143288
7141.621399	-119.924660
7142.294312	-120.007248
7142.967224	-119.986771
7143.640137	-119.836281
7144.313049	-119.626213
7144.985962	-120.062630
7145.658875	-120.298225
7146.331787	-119.964935
7147.004700	-119.707550
7147.677612	-119.365616
7148.350525	-118.860306
7149.023438	-118.982170
7149.696350	-119.351906
7150.369263	-119.339630
7151.042175	-119.329849
7151.715088	-119.718704
7152.388000	-119.491196
7153.060913	-119.717079
7153.733826	-119.795799
7154.406738	-119.836708
7155.079651	-119.951874
7155.752563	-120.098152
7156.425476	-119.991661
7157.098389	-120.093506
7157.771301	-119.895943
7158.444214	-119.905663
7159.117126	-119.684433
7159.790039	-119.535851
7160.462952	-119.759460
7161.135864	-119.682869
7161.808777	-119.709747
7162.481689	-119.868248
7163.154602	-120.229988
7163.827515	-120.145813
7164.500427	-119.827896
7165.173340	-119.503693
7165.846252	-120.080223
7166.519165	-119.995499
7167.192078	-120.008713
7167.864990	-120.220055
7168.537903	-119.999176
7169.210815	-119.730331
7169.883728	-119.767265
7170.556641	-120.064697
7171.229553	-120.085434
7171.902466	-119.511658
7172.575378	-119.717590
7173.248291	-119.692024
7173.921204	-120.072609
7174.594116	-119.967163
7175.267029	-120.332794
7175.939941	-120.417816
7176.612854	-119.844147
7177.285767	-119.444969
7177.958679	-119.750237
7178.631592	-119.628410
7179.304504	-119.630638
7179.977417	-119.547295
7180.650330	-120.075188
7181.323242	-120.030052
7181.996155	-119.844582
7182.669067	-119.975250
7183.341980	-119.652542
7184.014893	-119.630234
7184.687805	-120.143181
7185.360718	-120.195473
7186.033630	-119.694305
7186.706543	-119.762932
7187.379456	-119.687256
7188.052368	-119.995895
7188.725281	-119.646751
7189.398193	-119.623123
7190.071106	-119.338776
7190.744019	-119.771156
7191.416931	-119.806213
7192.089844	-119.778152
7192.762756	-119.778778
7193.435669	-120.268005
7194.108582	-119.953552
7194.781494	-119.879593
7195.454407	-119.684441
7196.127319	-119.607117
7196.800232	-119.927933
7197.473145	-119.744995
7198.146057	-119.797256
7198.818970	-120.146599
7199.491882	-119.968300
7200.164795	-119.812653
7200.837708	-119.355141
7201.510620	-119.746231
7202.183533	-120.126732
7202.856445	-119.404617
7203.529358	-119.452080
7204.202271	-120.023048
7204.875183	-119.851234
7205.548096	-119.988174
7206.221008	-119.888329
7206.893921	-119.854973
7207.566833	-120.213326
7208.239746	-119.989006
7208.912659	-119.612076
7209.585571	-119.555405
7210.258484	-119.816216
7210.931396	-119.745155
7211.604309	-119.914513
7212.277222	-119.594254
7212.950134	-119.700699
7213.623047	-120.205009
7214.295959	-119.740280
7214.968872	-119.601097
7215.641785	-119.947464
7216.314697	-119.964981
7216.987610	-120.039772
7217.660522	-119.784569
7218.333435	-119.235626
7219.006348	-119.222771
7219.679260	-119.649872
7220.352173	-119.729622
7221.025085	-119.560173
7221.697998	-119.436111
7222.370911	-119.726768
7223.043823	-119.848503
7223.716736	-119.343102
7224.389648	-119.343544
7225.062561	-120.210838
7225.735474	-120.422295
7226.408386	-119.921486
7227.081299	-119.481354
7227.754211	-119.662155
7228.427124	-119.715698
7229.100037	-119.626991
7229.772949	-119.584816
7230.445862	-119.536629
7231.118774	-119.674797
7231.791687	-119.270386
7232.464600	-119.584946
7233.137512	-119.801071
7233.810425	-119.945938
7234.483337	-119.876122
7235.156250	-119.766113
7235.829163	-119.969528
7236.502075	-119.705521
7237.174988	-120.107773
7237.847900	-119.955116
7238.520813	-119.904465
7239.193726	-119.586411
7239.866638	-119.590118
7240.539551	-119.828583
7241.212463	-119.958054
7241.885376	-119.832169
7242.558289	-120.096382
7243.231201	-120.185623
7243.904114	-119.799149
7244.577026	-119.479401
7245.249939	-119.134926
7245.922852	-119.375748
7246.595764	-119.563797
7247.268677	-119.710968
7247.941589	-119.507103
7248.614502	-119.634407
7249.287415	-119.781433
7249.960327	-119.642937
7250.633240	-119.606308
7251.306152	-119.850922
7251.979065	-119.758736
7252.651978	-119.480614
7253.324890	-119.622658
7253.997803	-119.628235
7254.670715	-119.629158
7255.343628	-119.612526
7256.016541	-119.456619
7256.689453	-119.543282
7257.362366	-119.612015
7258.035278	-119.355598
7258.708191	-119.610870
7259.381104	-119.768898
7260.054016	-119.736603
7260.726929	-119.984383
7261.399841	-119.531136
7262.072754	-119.376656
7262.745667	-119.578621
7263.418579	-119.977180
7264.091492	-120.000610
7264.764404	-119.766380
7265.437317	-119.632278
7266.110229	-119.418457
7266.783142	-119.697357
7267.456055	-119.657906
7268.128967	-119.613068
7268.801880	-119.796486
7269.474792	-119.512489
7270.147705	-119.776337
7270.820618	-119.609329
7271.493530	-119.975250
7272.166443	-119.963852
7272.839355	-119.504219
7273.512268	-119.553833
7274.185181	-119.648117
7274.858093	-119.662102
7275.531006	-119.839836
7276.203918	-119.757614
7276.876831	-119.600937
7277.549744	-119.537498
7278.222656	-119.596878
7278.895569	-119.783157
7279.568481	-119.805542
7280.241394	-119.800072
7280.914307	-119.784210
7281.587219	-119.661919
7282.260132	-119.640633
7282.933044	-120.099152
7283.605957	-119.740448
7284.278870	-119.565269
7284.951782	-119.746674
7285.624695	-119.708542
7286.297607	-119.659508
7286.970520	-120.129372
7287.643433	-119.575691
7288.316345	-119.646721
7288.989258	-119.705223
7289.662170	-119.627556
7290.335083	-119.801132
7291.007996	-119.788544
7291.680908	-119.432198
7292.353821	-119.287857
7293.026733	-119.529213
7293.699646	-119.867027
7294.372559	-119.644890
7295.045471	-119.260612
7295.718384	-119.006737
7296.391296	-119.284836
7297.064209	-119.524704
7297.737122	-119.702087
7298.410034	-119.759796
7299.082947	-119.530838
7299.755859	-119.618027
7300.428772	-119.435677
7301.101685	-119.833214
7301.774597	-119.898323
7302.447510	-119.666229
7303.120422	-119.140572
7303.793335	-119.744881
7304.466248	-119.853554
7305.139160	-119.546257
7305.812073	-119.515945
7306.484985	-119.274811
7307.157898	-119.810631
7307.830811	-119.706329
7308.503723	-119.494270
7309.176636	-120.073334
7309.849548	-119.641716
7310.522461	-119.329773
7311.195374	-119.375984
7311.868286	-120.007530
7312.541199	-120.219048
7313.214111	-119.943230
7313.887024	-119.508514
7314.559937	-119.322708
7315.232849	-119.158531
7315.905762	-119.473251
7316.578674	-119.561798
7317.251587	-119.389183
7317.924500	-119.724693
7318.597412	-119.482704
7319.270325	-119.676918
7319.943237	-119.929855
7320.616150	-119.808327
7321.289062	-119.669197
7321.961975	-119.719727
7322.634888	-119.788368
7323.307800	-119.864960
7323.980713	-119.856377
7324.653625	-119.880348
7325.326538	-120.023666
7325.999451	-119.641823
7326.672363	-119.454369
7327.345276	-119.421303
7328.018188	-119.546082
7328.691101	-119.550102
7329.364014	-119.656349
7330.036926	-119.633728
7330.709839	-119.818382
7331.382751	-119.798294
7332.055664	-119.492897
7332.728577	-119.303642
7333.401489	-119.477951
7334.074402	-119.292915
7334.747314	-119.566360
7335.420227	-119.531685
7336.093140	-119.569946
7336.766052	-119.547523
7337.438965	-119.690773
7338.111877	-119.862526
7338.784790	-119.282410
7339.457703	-119.210266
7340.130615	-119.042877
7340.803528	-119.318787
7341.476440	-119.647301
7342.149353	-119.649284
7342.822266	-119.871826
7343.495178	-119.476517
7344.168091	-119.263031
7344.841003	-119.308716
7345.513916	-119.453766
7346.186829	-119.483459
7346.859741	-119.550735
7347.532654	-120.131859
7348.205566	-119.779549
7348.878479	-119.988861
7349.551392	-119.928368
7350.224304	-119.578712
7350.897217	-119.838181
7351.570129	-119.717232
7352.243042	-119.562111
7352.915955	-119.210106
7353.588867	-119.069626
7354.261780	-119.698288
7354.934692	-119.692596
7355.607605	-119.441780
7356.280518	-119.880974
7356.953430	-119.972336
7357.626343	-119.844505
7358.299255	-119.546951
7358.972168	-119.609238
7359.645081	-119.708878
7360.317993	-119.329163
7360.990906	-119.874290
7361.663818	-119.758293
7362.336731	-119.611908
7363.009644	-119.582878
7363.682556	-119.541695
7364.355469	-119.593018
7365.028381	-119.719315
7365.701294	-119.522202
7366.374207	-119.616783
7367.047119	-119.989548
7367.720032	-119.420067
7368.392944	-119.131218
7369.065857	-119.502419
7369.738770	-119.750336
7370.411682	-119.946854
7371.084595	-119.751709
7371.757507	-119.389992
7372.430420	-118.992790
7373.103333	-119.138039
7373.776245	-119.541420
7374.449158	-119.757065
7375.122070	-119.715286
7375.794983	-119.383850
7376.467896	-119.178276
7377.140808	-119.565704
7377.813721	-119.763023
7378.486633	-120.009117
7379.159546	-119.755386
7379.832458	-119.439651
7380.505371	-119.441635
7381.178284	-119.240150
7381.851196	-119.708633
7382.524109	-119.589973
7383.197021	-119.235382
7383.869934	-119.723083
7384.542847	-119.696350
7385.215759	-119.303825
7385.888672	-119.595024
7386.561584	-119.440491
7387.234497	-119.757355
7387.907410	-119.962677
7388.580322	-120.275124
7389.253235	-120.048782
7389.926147	-119.588989
7390.599060	-119.381195
7391.271973	-119.408241
7391.944885	-119.506302
7392.617798	-119.481178
7393.290710	-119.466118
7393.963623	-119.760590
7394.636536	-119.552933
7395.309448	-119.632111
7395.982361	-119.538513
7396.655273	-119.393028
7397.328186	-119.431534
7398.001099	-119.363167
7398.674011	-119.523796
7399.346924	-119.787743
7400.019836	-119.607315
7400.692749	-119.518616
7401.365662	-119.908516
7402.038574	-119.980141
7402.711487	-119.521126
7403.384399	-119.866547
7404.057312	-119.611626
7404.730225	-119.830170
7405.403137	-120.217148
7406.076050	-120.133629
7406.748962	-119.866074
7407.421875	-119.150017
7408.094788	-119.196129
7408.767700	-119.352829
7409.440613	-119.604935
7410.113525	-119.844597
7410.786438	-119.502457
7411.459351	-119.568024
7412.132263	-119.869957
7412.805176	-119.992104
7413.478088	-119.860481
7414.151001	-119.684235
7414.823914	-119.615654
7415.496826	-119.510429
7416.169739	-119.738235
7416.842651	-119.377090
7417.515564	-119.167427
7418.188477	-118.916023
7418.861389	-119.370911
7419.534302	-119.513527
7420.207214	-119.283798
7420.880127	-119.649605
7421.553040	-119.375275
7422.225952	-119.437149
7422.898865	-119.651649
7423.571777	-119.586594
7424.244690	-119.529015
7424.917603	-119.577843
7425.590515	-119.479546
7426.263428	-119.800644
7426.936340	-119.542419
7427.609253	-119.583900
7428.282166	-119.990379
7428.955078	-120.039017
7429.627991	-119.625313
7430.300903	-119.438461
7430.973816	-119.438499
7431.646729	-119.581734
7432.319641	-119.320915
7432.992554	-119.195999
7433.665466	-119.779167
7434.338379	-119.519592
7435.011292	-119.285126
7435.684204	-119.636375
7436.357117	-119.319756
7437.030029	-119.503403
7437.702942	-119.512306
7438.375854	-119.470718
7439.048767	-119.314835
7439.721680	-119.529152
7440.394592	-119.876076
7441.067505	-120.006111
7441.740417	-120.221687
7442.413330	-119.857880
7443.086243	-119.425217
7443.759155	-119.401131
7444.432068	-119.374817
7445.104980	-119.616272
7445.777893	-119.482773
7446.450806	-119.121414
7447.123718	-118.947365
7447.796631	-119.320457
7448.469543	-119.635307
7449.142456	-119.846443
7449.815369	-119.391235
7450.488281	-119.506683
7451.161194	-119.640900
7451.834106	-119.737946
7452.507019	-119.487953
7453.179932	-119.439140
7453.852844	-119.539619
7454.525757	-119.642616
7455.198669	-119.243172
7455.871582	-119.600517
7456.544495	-119.894737
7457.217407	-119.512711
7457.890320	-119.330261
7458.563232	-119.473793
7459.236145	-119.355927
7459.909058	-119.446854
7460.581970	-119.687149
7461.254883	-119.601257
7461.927795	-119.357330
7462.600708	-119.855942
7463.273621	-119.479729
7463.946533	-119.231628
7464.619446	-119.822464
7465.292358	-120.321045
7465.965271	-119.883018
7466.638184	-119.551003
7467.311096	-119.721397
7467.984009	-119.430046
7468.656921	-119.369293
7469.329834	-119.749557
7470.002747	-119.551468
7470.675659	-119.524986
7471.348572	-119.842430
7472.021484	-119.741165
7472.694397	-119.805229
7473.367310	-119.764305
7474.040222	-119.646599
7474.713135	-119.175240
7475.386047	-119.390976
7476.058960	-119.762589
7476.731873	-119.964424
7477.404785	-119.698624
7478.077698	-119.316185
7478.750610	-119.350647
7479.423523	-119.397896
7480.096436	-119.427612
7480.769348	-119.670914
7481.442261	-119.672737
7482.115173	-119.679512
7482.788086	-119.640526
7483.460999	-119.539856
7484.133911	-119.421074
7484.806824	-119.721260
7485.479736	-119.470596
7486.152649	-119.518631
7486.825562	-119.471565
7487.498474	-119.569603
7488.171387	-119.677406
7488.844299	-119.520721
7489.517212	-119.515152
7490.190125	-119.793762
7490.863037	-119.973038
7491.535950	-120.060738
7492.208862	-119.387123
7492.881775	-119.296753
7493.554688	-119.491592
7494.227600	-119.488434
7494.900513	-119.551422
7495.573425	-120.099182
7496.246338	-120.320168
7496.919250	-120.058311
7497.592163	-119.827988
7498.265076	-119.446846
7498.937988	-119.808647
7499.610901	-119.610176
7500.283813	-119.656944
7500.956726	-119.813980
7501.629639	-119.090385
7502.302551	-119.466652
7502.975464	-120.145233
7503.648376	-119.697372
7504.321289	-119.350952
7504.994202	-119.479393
7505.667114	-119.437622
7506.340027	-119.116753
7507.012939	-118.908661
7507.685852	-119.460815
7508.358765	-119.798157
7509.031677	-119.933128
7509.704590	-120.256706
7510.377502	-119.877701
7511.050415	-119.245468
7511.723328	-119.278862
7512.396240	-119.172760
7513.069153	-119.184952
7513.742065	-119.366173
7514.414978	-119.391472
7515.087891	-119.173553
7515.760803	-119.298462
7516.433716	-119.748146
7517.106628	-119.536728
7517.779541	-119.381561
7518.452454	-119.104912
7519.125366	-119.349739
7519.798279	-119.386795
7520.471191	-119.579323
7521.144104	-119.210556
7521.817017	-119.696526
7522.489929	-119.474396
7523.162842	-119.294144
7523.835754	-119.690323
7524.508667	-119.985497
7525.181580	-119.485725
7525.854492	-118.990562
7526.527405	-119.268051
7527.200317	-119.323708
7527.873230	-119.405182
7528.546143	-119.393700
7529.219055	-119.745529
7529.891968	-119.489052
7530.564880	-119.439651
7531.237793	-119.642014
7531.910706	-119.598633
7532.583618	-119.363640
7533.256531	-119.899277
7533.929443	-120.046829
7534.602356	-119.791359
7535.275269	-119.934052
7535.948181	-119.945778
7536.621094	-119.545082
7537.294006	-119.664948
7537.966919	-119.533218
7538.639832	-119.210701
7539.312744	-119.311531
7539.985657	-119.329918
7540.658569	-119.518272
7541.331482	-119.592804
7542.004395	-119.548683
7542.677307	-119.885597
7543.350220	-119.884880
7544.023132	-119.257729
7544.696045	-119.081047
7545.368958	-119.255974
7546.041870	-119.592369
7546.714783	-119.620087
7547.387695	-119.474312
7548.060608	-119.392456
7548.733521	-119.812943
7549.406433	-119.683647
7550.079346	-119.648125
7550.752258	-119.578621
7551.425171	-120.012093
7552.098083	-119.981148
7552.770996	-119.481575
7553.443909	-119.639282
7554.116821	-119.757927
7554.789734	-119.384125
7555.462646	-118.967911
7556.135559	-119.751167
7556.808472	-119.732010
7557.481384	-119.500084
7558.154297	-119.790848
7558.827209	-119.969231
7559.500122	-119.569046
7560.173035	-119.368240
7560.845947	-119.434914
7561.518860	-119.514473
7562.191772	-119.360626
7562.864685	-119.351776
7563.537598	-119.093506
7564.210510	-119.462746
7564.883423	-119.442291
7565.556335	-119.582718
7566.229248	-119.757469
7566.902161	-119.374100
7567.575073	-119.329826
7568.247986	-119.470901
7568.920898	-119.298965
7569.593811	-119.619072
7570.266724	-119.593803
7570.939636	-119.772018
7571.612549	-119.475044
7572.285461	-119.572815
7572.958374	-119.846329
7573.631287	-119.593559
7574.304199	-119.564156
7574.977112	-119.539429
7575.650024	-119.402046
7576.322937	-119.169144
7576.995850	-119.683441
7577.668762	-119.418915
7578.341675	-119.657829
7579.014587	-120.005272
7579.687500	-119.822136
7580.360413	-119.355644
7581.033325	-119.514603
7581.706238	-119.441399
7582.379150	-119.321838
7583.052063	-119.269096
7583.724976	-119.480598
7584.397888	-119.444565
7585.070801	-119.356491
7585.743713	-119.581207
7586.416626	-119.835915
7587.089539	-119.564369
7587.762451	-119.353424
7588.435364	-119.755600
7589.108276	-120.074776
7589.781189	-119.997803
7590.454102	-119.758904
7591.127014	-119.703743
7591.799927	-119.376083
7592.472839	-119.617088
7593.145752	-120.054703
7593.818665	-119.703461
7594.491577	-119.244690
7595.164490	-119.483009
7595.837402	-119.689117
7596.510315	-119.427719
7597.183228	-119.191841
7597.856140	-119.707916
7598.529053	-120.281090
7599.201965	-119.684410
7599.874878	-119.106735
7600.547791	-119.529785
7601.220703	-119.222313
7601.893616	-119.342888
7602.566528	-119.005997
7603.239441	-119.710320
7603.912354	-119.575905
7604.585266	-119.350708
7605.258179	-119.706711
7605.931091	-119.705009
7606.604004	-119.536743
7607.276917	-119.948494
7607.949829	-119.587196
7608.622742	-119.363800
7609.295654	-119.656487
7609.968567	-119.753723
7610.641479	-119.869072
7611.314392	-119.670280
7611.987305	-119.639816
7612.660217	-119.564514
7613.333130	-120.030121
7614.006042	-119.798492
7614.678955	-119.510460
7615.351868	-119.491310
7616.024780	-119.377663
7616.697693	-119.175346
7617.370605	-119.200638
7618.043518	-119.109642
7618.716431	-119.305855
7619.389343	-119.674454
7620.062256	-119.337624
7620.735168	-119.589378
7621.408081	-119.408791
7622.080994	-119.428383
7622.753906	-119.453049
7623.426819	-119.783157
7624.099731	-119.544456
7624.772644	-119.737183
7625.445557	-119.289360
7626.118469	-119.610031
7626.791382	-119.729912
7627.464294	-119.527954
7628.137207	-119.382874
7628.810120	-119.553703
7629.483032	-119.610435
7630.155945	-119.573387
7630.828857	-119.480614
7631.501770	-119.190720
7632.174683	-119.861717
7632.847595	-119.820015
7633.520508	-119.373344
7634.193420	-119.277214
7634.866333	-119.529968
7635.539246	-119.250984
7636.212158	-119.262230
7636.885071	-119.607033
7637.557983	-119.404892
7638.230896	-119.905479
7638.903809	-120.047134
7639.576721	-119.880226
7640.249634	-119.669662
7640.922546	-119.453865
7641.595459	-119.286232
7642.268372	-119.622536
7642.941284	-119.078247
7643.614197	-119.196114
7644.287109	-119.400688
7644.960022	-119.238907
7645.632935	-119.585350
7646.305847	-119.426300
7646.978760	-119.502090
7647.651672	-119.433548
7648.324585	-119.437080
7648.997498	-119.491936
7649.670410	-119.900757
7650.343323	-119.699669
7651.016235	-119.411026
7651.689148	-119.545258
7652.362061	-119.747025
7653.034973	-119.591759
7653.707886	-119.203812
7654.380798	-119.347832
7655.053711	-119.264862
7655.726624	-119.509483
7656.399536	-119.642555
7657.072449	-119.289238
7657.745361	-119.408165
7658.418274	-119.158585
7659.091187	-119.052788
7659.764099	-119.469933
7660.437012	-119.400246
7661.109924	-119.565697
7661.782837	-119.467903
7662.455750	-119.299049
7663.128662	-119.002304
7663.801575	-119.407234
7664.474487	-119.336510
7665.147400	-119.341431
7665.820312	-119.457230
7666.493225	-119.886963
7667.166138	-119.663345
7667.839050	-119.279022
7668.511963	-119.083054
7669.184875	-119.303955
7669.857788	-119.870903
7670.530701	-119.820518
7671.203613	-119.841476
7671.876526	-119.748184
7672.549438	-119.499321
7673.222351	-119.342674
7673.895264	-119.305412
7674.568176	-119.291740
7675.241089	-119.387413
7675.914001	-119.549767
7676.586914	-119.526886
7677.259827	-119.355499
7677.932739	-119.307625
7678.605652	-119.463867
7679.278564	-119.507339
7679.951477	-119.624710
7680.624390	-119.396431
7681.297302	-119.463394
7681.970215	-119.614990
7682.643127	-120.030922
7683.316040	-119.421532
7683.988953	-119.183228
7684.661865	-119.648254
7685.334778	-119.794571
7686.007690	-119.801666
7686.680603	-119.832626
7687.353516	-119.583954
7688.026428	-119.850533
7688.699341	-119.833549
7689.372253	-119.576042
7690.045166	-119.665810
7690.718079	-119.489677
7691.390991	-119.577354
7692.063904	-119.716621
7692.736816	-119.630669
7693.409729	-119.492493
7694.082642	-119.600883
7694.755554	-119.377861
7695.428467	-119.332939
7696.101379	-119.211662
7696.774292	-119.226784
7697.447205	-119.379723
7698.120117	-119.308563
7698.793030	-119.329582
7699.465942	-119.364929
7700.138855	-119.309669
7700.811768	-119.105598
7701.484680	-119.223076
7702.157593	-119.217743
7702.830505	-119.449600
7703.503418	-119.393341
7704.176331	-119.523323
7704.849243	-119.541756
7705.522156	-119.260071
7706.195068	-119.316971
7706.867981	-119.397919
7707.540894	-119.727219
7708.213806	-119.500092
7708.886719	-119.302864
7709.559631	-119.332458
7710.232544	-118.970695
7710.905457	-119.252495
7711.578369	-119.582260
7712.251282	-119.482994
7712.924194	-119.465904
7713.597107	-119.424255
7714.270020	-119.589600
7714.942932	-119.566902
7715.615845	-119.590302
7716.288757	-119.451363
7716.961670	-119.193344
7717.634583	-119.127243
7718.307495	-119.290413
7718.980408	-119.565170
7719.653320	-119.780632
7720.326233	-119.181099
7720.999146	-119.230385
7721.672058	-119.414619
7722.344971	-119.596016
7723.017883	-119.541328
7723.690796	-119.504662
7724.363708	-119.116798
7725.036621	-119.017876
7725.709534	-119.197060
7726.382446	-119.316994
7727.055359	-119.809784
7727.728271	-120.005043
7728.401184	-119.649971
7729.074097	-119.740623
7729.747009	-119.621941
7730.419922	-119.435524
7731.092834	-119.439758
7731.765747	-119.313644
7732.438660	-119.188004
7733.111572	-119.391403
7733.784485	-119.220535
7734.457397	-119.295059
7735.130310	-119.435425
7735.803223	-119.145660
7736.476135	-119.199936
7737.149048	-119.408600
7737.821960	-119.057480
7738.494873	-119.454018
7739.167786	-119.226555
7739.840698	-119.066582
7740.513611	-118.994621
7741.186523	-119.444771
7741.859436	-119.574295
7742.532349	-119.632858
7743.205261	-119.157433
7743.878174	-119.193474
7744.551086	-119.656075
7745.223999	-119.575020
7745.896912	-119.428528
7746.569824	-119.733170
7747.242737	-119.720078
7747.915649	-119.786018
7748.588562	-119.905579
7749.261475	-119.987358
7749.934387	-119.619476
7750.607300	-119.422577
7751.280212	-119.369896
7751.953125	-119.008484
7752.626038	-119.533134
7753.298950	-119.668182
7753.971863	-119.641281
7754.644775	-119.643745
7755.317688	-119.366463
7755.990601	-119.615379
7756.663513	-119.650970
7757.336426	-119.088127
7758.009338	-119.118408
7758.682251	-119.340553
7759.355164	-119.662071
7760.028076	-119.616272
7760.700989	-119.710190
7761.373901	-119.722878
7762.046814	-119.173370
7762.719727	-119.019447
7763.392639	-119.147652
7764.065552	-119.256729
7764.738464	-119.199768
7765.411377	-119.505981
7766.084290	-119.349098
7766.757202	-119.580177
7767.430115	-119.569054
7768.103027	-119.310715
7768.775940	-119.500984
7769.448853	-119.558334
7770.121765	-119.664192
7770.794678	-119.530815
7771.467590	-119.477913
7772.140503	-119.678047
7772.813416	-119.723969
7773.486328	-119.498253
7774.159241	-119.710289
7774.832153	-119.291794
7775.505066	-119.240944
7776.177979	-119.260666
7776.850891	-119.518776
7777.523804	-119.589569
7778.196716	-119.494934
7778.869629	-119.573494
7779.542542	-119.801697
7780.215454	-119.676071
7780.888367	-119.429436
7781.561279	-119.379128
7782.234192	-119.698586
7782.907104	-119.527725
7783.580017	-119.576576
7784.252930	-119.567833
7784.925842	-119.376762
7785.598755	-119.656998
7786.271667	-119.643318
7786.944580	-119.758713
7787.617493	-119.749931
7788.290405	-119.308617
7788.963318	-119.077385
7789.636230	-119.544228
7790.309143	-119.752983
7790.982056	-119.523438
7791.654968	-119.436935
7792.327881	-119.088013
7793.000793	-119.235550
7793.673706	-119.478073
7794.346619	-119.594574
7795.019531	-119.234528
7795.692444	-119.508713
7796.365356	-119.799507
7797.038269	-119.534752
7797.711182	-119.219452
7798.384094	-119.636703
7799.057007	-119.340897
7799.729919	-119.408394
7800.402832	-119.528320
7801.075745	-119.518143
7801.748657	-119.512665
7802.421570	-119.663155
7803.094482	-119.894020
7803.767395	-119.865891
7804.440308	-119.380066
7805.113220	-119.078285
7805.786133	-119.590042
7806.459045	-119.827408
7807.131958	-119.568672
7807.804871	-119.192764
7808.477783	-119.262199
7809.150696	-119.458305
7809.823608	-119.381981
7810.496521	-119.075058
7811.169434	-119.070534
7811.842346	-119.202675
7812.515259	-119.597816
7813.188171	-119.312538
7813.861084	-118.983574
7814.533997	-119.631882
7815.206909	-119.637260
7815.879822	-119.780617
7816.552734	-119.782394
7817.225647	-119.458054
7817.898560	-119.548874
7818.571472	-119.615051
7819.244385	-119.363625
7819.917297	-119.671600
7820.590210	-119.772133
7821.263123	-119.599640
7821.936035	-119.639877
7822.608948	-119.858696
7823.281860	-119.498856
7823.954773	-119.170509
7824.627686	-119.165421
7825.300598	-119.074837
7825.973511	-119.290451
7826.646423	-119.712730
7827.319336	-119.654427
7827.992249	-119.554901
7828.665161	-119.678207
7829.338074	-119.711830
7830.010986	-119.636200
7830.683899	-119.568855
7831.356812	-119.141167
7832.029724	-119.300987
7832.702637	-119.264778
7833.375549	-119.388184
7834.048462	-119.353676
7834.721375	-119.327477
7835.394287	-119.038269
7836.067200	-118.782593
7836.740112	-118.975235
7837.413025	-119.367897
7838.085938	-119.213303
7838.758850	-119.485641
7839.431763	-119.721558
7840.104675	-119.458862
7840.777588	-119.266647
7841.450500	-119.371147
7842.123413	-119.405983
7842.796326	-119.462372
7843.469238	-119.275551
7844.142151	-119.277161
7844.815063	-119.586914
7845.487976	-119.698418
7846.160889	-119.527489
7846.833801	-119.546013
7847.506714	-119.211777
7848.179626	-119.723038
7848.852539	-119.889595
7849.525452	-119.690758
7850.198364	-119.395401
7850.871277	-119.576347
7851.544189	-119.597656
7852.217102	-119.702019
7852.890015	-119.575287
7853.562927	-118.993057
7854.235840	-119.302841
7854.908752	-119.383133
7855.581665	-119.222664
7856.254578	-119.212944
7856.927490	-119.570648
7857.600403	-119.200928
7858.273315	-119.067787
7858.946228	-119.323624
7859.619141	-119.480324
7860.292053	-119.229675
7860.964966	-119.211998
7861.637878	-119.400955
7862.310791	-119.405205
7862.983704	-119.818344
7863.656616	-119.678490
7864.329529	-119.596870
7865.002441	-119.066124
7865.675354	-119.303200
7866.348267	-119.417168
7867.021179	-119.241493
7867.694092	-119.463509
7868.367004	-119.339333
7869.039917	-119.591415
7869.712830	-119.639175
7870.385742	-119.323151
7871.058655	-118.960220
7871.731567	-119.060150
7872.404480	-119.387177
7873.077393	-119.042969
7873.750305	-119.098541
7874.423218	-119.328026
7875.096130	-119.730141
7875.769043	-119.599121
7876.441956	-119.645042
7877.114868	-119.539955
7877.787781	-118.976387
7878.460693	-118.586914
7879.133606	-119.117035
7879.806519	-119.734787
7880.479431	-119.855614
7881.152344	-119.483833
7881.825256	-119.092621
7882.498169	-119.218231
7883.171082	-119.360748
7883.843994	-119.248138
7884.516907	-119.322693
7885.189819	-119.379982
7885.862732	-119.420036
7886.535645	-119.144852
7887.208557	-119.173737
7887.881470	-119.313644
7888.554382	-119.702026
7889.227295	-120.013062
7889.900208	-120.037033
7890.573120	-119.449402
7891.246033	-118.719315
7891.918945	-118.801323
7892.591858	-119.200577
7893.264771	-119.172920
7893.937683	-119.198029
7894.610596	-119.261024
7895.283508	-119.413757
7895.956421	-119.295914
7896.629333	-119.162132
7897.302246	-119.668083
7897.975159	-119.494949
7898.648071	-119.087868
7899.320984	-118.903900
7899.993896	-119.804398
7900.666809	-120.046471
7901.339722	-119.484818
7902.012634	-119.183418
7902.685547	-119.480072
7903.358459	-119.817360
7904.031372	-119.351906
7904.704285	-119.403969
7905.377197	-119.464310
7906.050110	-119.199440
7906.723022	-119.163460
7907.395935	-119.056923
7908.068848	-119.198166
7908.741760	-119.370186
7909.414673	-119.359863
7910.087585	-119.523369
7910.760498	-119.094269
7911.433411	-118.593895
7912.106323	-118.815529
7912.779236	-119.286919
7913.452148	-119.606018
7914.125061	-119.000954
7914.797974	-119.101372
7915.470886	-119.307259
7916.143799	-119.659027
7916.816711	-119.538300
7917.489624	-119.223091
7918.162537	-119.397179
7918.835449	-119.462479
7919.508362	-119.458977
7920.181274	-119.663185
7920.854187	-119.358696
7921.527100	-118.991531
7922.200012	-119.226624
7922.872925	-119.027214
7923.545837	-118.774536
7924.218750	-119.088707
7924.891663	-119.185883
7925.564575	-119.718483
7926.237488	-119.294624
7926.910400	-118.987900
7927.583313	-119.112808
7928.256226	-118.948326
7928.929138	-119.085434
7929.602051	-119.386406
7930.274963	-119.444611
7930.947876	-119.164047
7931.620789	-119.289276
7932.293701	-119.675613
7932.966614	-119.675209
7933.639526	-119.294434
7934.312439	-118.899223
7934.985352	-119.058533
7935.658264	-119.137848
7936.331177	-119.301224
7937.004089	-119.094315
7937.677002	-119.275536
7938.349915	-119.427620
7939.022827	-119.442802
7939.695740	-118.872398
7940.368652	-118.877258
7941.041565	-119.047829
7941.714478	-119.216782
7942.387390	-119.360428
7943.060303	-119.598396
7943.733215	-119.026863
7944.406128	-119.206314
7945.079041	-119.484528
7945.751953	-119.174179
7946.424866	-119.009384
7947.097778	-119.350838
7947.770691	-119.454521
7948.443604	-119.335297
7949.116516	-118.980675
7949.789429	-119.469604
7950.462341	-119.302185
7951.135254	-119.117348
7951.808167	-119.165916
7952.481079	-119.026062
7953.153992	-119.690376
7953.826904	-119.370590
7954.499817	-119.056473
7955.172729	-119.346703
7955.845642	-119.207024
7956.518555	-119.131958
7957.191467	-119.153564
7957.864380	-119.358521
7958.537292	-119.447693
7959.210205	-119.774422
7959.883118	-119.845116
7960.556030	-119.033958
7961.228943	-118.539886
7961.901855	-118.872169
7962.574768	-119.247169
7963.247681	-119.447250
7963.920593	-119.390663
7964.593506	-119.733559
7965.266418	-119.470245
7965.939331	-119.238464
7966.612244	-119.440903
7967.285156	-119.640488
7967.958069	-119.371880
7968.630981	-119.193619
7969.303894	-119.355003
7969.976807	-119.312599
7970.649719	-119.535225
7971.322632	-119.447975
7971.995544	-118.948105
7972.668457	-119.108147
7973.341370	-119.322975
7974.014282	-119.254959
7974.687195	-119.052605
7975.360107	-119.035339
7976.033020	-118.614426
7976.705933	-118.817177
7977.378845	-118.903206
7978.051758	-119.025970
7978.724670	-119.524536
7979.397583	-119.624146
7980.070496	-119.097252
7980.743408	-118.973587
7981.416321	-118.764595
7982.089233	-118.742882
7982.762146	-119.057579
7983.435059	-118.938538
7984.107971	-119.220772
7984.780884	-119.148254
7985.453796	-119.249077
7986.126709	-119.227982
7986.799622	-119.216049
7987.472534	-119.044060
7988.145447	-119.387444
7988.818359	-119.438690
7989.491272	-119.324005
7990.164185	-119.710815
7990.837097	-119.233994
7991.510010	-119.185699
7992.182922	-119.455879
7992.855835	-119.395790
7993.528748	-119.708206
7994.201660	-118.984299
7994.874573	-118.882332
7995.547485	-118.916336
7996.220398	-119.151772
7996.893311	-119.002037
7997.566223	-118.936142
7998.239136	-119.115784
7998.912048	-119.291733
7999.584961	-118.947655
8000.257874	-119.330482
8000.930786	-119.657921
8001.603699	-119.636429
8002.276611	-119.419930
8002.949524	-119.274338
8003.622437	-118.873222
8004.295349	-119.069466
8004.968262	-119.215073
8005.641174	-119.412712
8006.314087	-119.416183
8006.987000	-119.282593
8007.659912	-119.391235
8008.332825	-119.393265
8009.005737	-119.154594
8009.678650	-119.069580
8010.351562	-119.114746
8011.024475	-119.164024
8011.697388	-118.692726
8012.370300	-119.085831
8013.043213	-119.817802
8013.716125	-119.616814
8014.389038	-119.145897
8015.061951	-119.033287
8015.734863	-118.819054
8016.407776	-119.228020
8017.080688	-119.568375
8017.753601	-119.652367
8018.426514	-119.246742
8019.099426	-119.272392
8019.772339	-119.453384
8020.445251	-119.346886
8021.118164	-118.776405
8021.791077	-119.154419
8022.463989	-119.432655
8023.136902	-119.308090
8023.809814	-119.233734
8024.482727	-119.583328
8025.155640	-119.653412
8025.828552	-119.408737
8026.501465	-119.533447
8027.174377	-119.461510
8027.847290	-119.341393
8028.520203	-119.651901
8029.193115	-119.446808
8029.866028	-118.894707
8030.538940	-118.985931
8031.211853	-119.147926
8031.884766	-119.148369
8032.557678	-119.116196
8033.230591	-119.116226
8033.903503	-119.451431
8034.576416	-119.287369
8035.249329	-119.232170
8035.922241	-119.607201
8036.595154	-119.711006
8037.268066	-119.244247
8037.940979	-119.587631
8038.613892	-119.510048
8039.286804	-119.318306
8039.959717	-119.197456
8040.632629	-119.243530
8041.305542	-119.252808
8041.978455	-118.813011
8042.651367	-118.941132
8043.324280	-118.807266
8043.997192	-118.873085
8044.670105	-119.566383
8045.343018	-119.328751
8046.015930	-119.068451
8046.688843	-118.925087
8047.361755	-118.681885
8048.034668	-118.865005
8048.707581	-119.048943
8049.380493	-119.229683
8050.053406	-119.175926
8050.726318	-119.181931
8051.399231	-119.288231
8052.072144	-118.973648
8052.745056	-119.024963
8053.417969	-119.149261
8054.090881	-119.292023
8054.763794	-119.288261
8055.436707	-119.221619
8056.109619	-119.370811
8056.782532	-118.837425
8057.455444	-118.852234
8058.128357	-119.337173
8058.801270	-119.275238
8059.474182	-119.233192
8060.147095	-119.011742
8060.820007	-119.089073
8061.492920	-119.172943
8062.165833	-119.481415
8062.838745	-119.178673
8063.511658	-118.774582
8064.184570	-119.217888
8064.857483	-119.300591
8065.530396	-119.191689
8066.203308	-119.498802
8066.876221	-119.037407
8067.549133	-118.799416
8068.222046	-118.981262
8068.894958	-118.943138
8069.567871	-119.070763
8070.240784	-119.076347
8070.913696	-118.999260
8071.586609	-119.375465
8072.259521	-119.363602
8072.932434	-119.344093
8073.605347	-119.530052
8074.278259	-119.070068
8074.951172	-118.990173
8075.624084	-119.315346
8076.296997	-119.573471
8076.969910	-119.643982
8077.642822	-119.530121
8078.315735	-119.228302
8078.988647	-119.198616
8079.661560	-119.031555
8080.334473	-119.330917
8081.007385	-119.280281
8081.680298	-119.083000
8082.353210	-118.684906
8083.026123	-119.198280
8083.699036	-119.291527
8084.371948	-119.276077
8085.044861	-119.188530
8085.717773	-119.125404
8086.390686	-119.061386
8087.063599	-119.226974
8087.736511	-118.878288
8088.409424	-118.896515
8089.082336	-119.301308
8089.755249	-119.033875
8090.428162	-118.902878
8091.101074	-118.884712
8091.773987	-118.960800
8092.446899	-119.401443
8093.119812	-118.928314
8093.792725	-118.960442
8094.465637	-119.130409
8095.138550	-119.307449
8095.811462	-119.209343
8096.484375	-119.537918
8097.157288	-119.788010
8097.830200	-119.765236
8098.503113	-119.452103
8099.176025	-119.125198
8099.848938	-119.094879
8100.521851	-119.253227
8101.194763	-119.016998
8101.867676	-118.952812
8102.540588	-118.894882
8103.213501	-119.109299
8103.886414	-119.285538
8104.559326	-119.404488
8105.232239	-118.913788
8105.905151	-118.656723
8106.578064	-119.365562
8107.250977	-118.906982
8107.923889	-119.144852
8108.596802	-119.310356
8109.269714	-119.773132
8109.942627	-119.840103
8110.615540	-119.557922
8111.288452	-119.492752
8111.961365	-119.174217
8112.634277	-118.965508
8113.307190	-119.153595
8113.980103	-119.158722
8114.653015	-119.706512
8115.325928	-119.484489
8115.998840	-119.505249
8116.671753	-119.597122
8117.344666	-119.368530
8118.017578	-119.052841
8118.690491	-118.813919
8119.363403	-118.873749
8120.036316	-118.980904
8120.709229	-119.263390
8121.382141	-119.104980
8122.055054	-119.532692
8122.727966	-119.400917
8123.400879	-119.120552
8124.073792	-119.246628
8124.746704	-119.402390
8125.419617	-119.382172
8126.092529	-119.140480
8126.765442	-119.300018
8127.438354	-119.265915
8128.111267	-119.100510
8128.784180	-119.183456
8129.457092	-119.570847
8130.130005	-119.593399
8130.802917	-119.272552
8131.475830	-119.041054
8132.148743	-119.152740
8132.821655	-118.746445
8133.494568	-118.826584
8134.167480	-119.094254
8134.840393	-119.249939
8135.513306	-118.723488
8136.186218	-118.969910
8136.859131	-119.638611
8137.532043	-119.337357
8138.204956	-119.195763
8138.877869	-118.950813
8139.550781	-119.156868
8140.223694	-119.495163
8140.896606	-119.056435
8141.569519	-119.161278
8142.242432	-119.229874
8142.915344	-118.967186
8143.588257	-118.755005
8144.261169	-118.956146
8144.934082	-119.137329
8145.606995	-119.101982
8146.279907	-119.254082
8146.952820	-119.098801
8147.625732	-119.097183
8148.298645	-118.966187
8148.971558	-119.015518
8149.644470	-119.211998
8150.317383	-118.982666
8150.990295	-119.350471
8151.663208	-119.172958
8152.336121	-118.472267
8153.009033	-119.085663
8153.681946	-119.608963
8154.354858	-119.443939
8155.027771	-119.365097
8155.700684	-119.198822
8156.373596	-119.082535
8157.046509	-118.979324
8157.719421	-119.429062
8158.392334	-119.239090
8159.065247	-118.993935
8159.738159	-119.172874
8160.411072	-119.301727
8161.083984	-119.543884
8161.756897	-119.145897
8162.429810	-119.173706
8163.102722	-119.222038
8163.775635	-119.264389
8164.448547	-119.116219
8165.121460	-118.839752
8165.794373	-119.005989
8166.467285	-119.252525
8167.140198	-119.162460
8167.813110	-119.391586
8168.486023	-118.940010
8169.158936	-118.910149
8169.831848	-119.070023
8170.504761	-119.046097
8171.177673	-119.347420
8171.850586	-119.374680
8172.523499	-118.803825
8173.196411	-118.864349
8173.869324	-119.034531
8174.542236	-118.725662
8175.215149	-119.202408
8175.888062	-119.155891
8176.560974	-118.634384
8177.233887	-119.077721
8177.906799	-119.218742
8178.579712	-119.104881
8179.252625	-119.283730
8179.925537	-119.285172
8180.598450	-119.427605
8181.271362	-119.453140
8181.944275	-119.359459
8182.617188	-119.263145
8183.290100	-119.230118
8183.963013	-119.514305
8184.635925	-119.056000
8185.308838	-118.882111
8185.981750	-118.901939
8186.654663	-119.141327
8187.327576	-119.102531
8188.000488	-118.784630
8188.673401	-119.020683
8189.346313	-119.586983
8190.019226	-119.548462
8190.692139	-119.062569
8191.365051	-118.813843
8192.037964	-118.963913
8192.710876	-118.977257
8193.383789	-119.097328
8194.056702	-119.276276
8194.729614	-119.205910
8195.402527	-119.137985
8196.075439	-119.454803
8196.748352	-119.349068
8197.421265	-119.250084
8198.094177	-119.252136
8198.767090	-119.462242
8199.440002	-119.242462
8200.112915	-119.221977
8200.785828	-118.842346
8201.458740	-118.656082
8202.131653	-119.050209
8202.804565	-119.025696
8203.477478	-118.752808
8204.150391	-119.420158
8204.823303	-119.513550
8205.496216	-119.527252
8206.169128	-119.085876
8206.842041	-118.888000
8207.514954	-118.821541
8208.187866	-119.069664
8208.860779	-119.155693
8209.533691	-119.225296
8210.206604	-118.965569
8210.879517	-118.989960
8211.552429	-118.840904
8212.225342	-119.233643
8212.898254	-119.264053
8213.571167	-118.990463
8214.244080	-118.889648
8214.916992	-118.955620
8215.589905	-119.588539
8216.262817	-119.325195
8216.935730	-119.071060
8217.608643	-119.552750
8218.281555	-119.291649
8218.954468	-118.982483
8219.627380	-118.576820
8220.300293	-119.159378
8220.973206	-119.134750
8221.646118	-119.423828
8222.319031	-119.357330
8222.991943	-119.091957
8223.664856	-119.003296
8224.337769	-118.977669
8225.010681	-119.276131
8225.683594	-119.235397
8226.356506	-118.760292
8227.029419	-118.670021
8227.702332	-119.095657
8228.375244	-118.968414
8229.048157	-119.130142
8229.721069	-119.559799
8230.393982	-119.389664
8231.066895	-119.277054
8231.739807	-119.233353
8232.412720	-119.279343
8233.085632	-119.745171
8233.758545	-119.590172
8234.431458	-119.195549
8235.104370	-119.163239
8235.777283	-119.161316
8236.450195	-118.902855
8237.123108	-118.742004
8237.796021	-118.946167
8238.468933	-119.351578
8239.141846	-118.734261
8239.814758	-118.770889
8240.487671	-119.214989
8241.160583	-119.333420
8241.833496	-118.936882
8242.506409	-119.421089
8243.179321	-119.426193
8243.852234	-119.081451
8244.525146	-119.093163
8245.198059	-119.224472
8245.870972	-119.253357
8246.543884	-119.659241
8247.216797	-119.123413
8247.889709	-119.082199
8248.562622	-118.918358
8249.235535	-119.030807
8249.908447	-118.794060
8250.581360	-118.987480
8251.254272	-118.897423
8251.927185	-118.845169
8252.600098	-119.021729
8253.273010	-119.290306
8253.945923	-119.423485
8254.618835	-119.341553
8255.291748	-119.681007
8255.964661	-119.395844
8256.637573	-119.059059
8257.310486	-118.926895
8257.983398	-119.097061
8258.656311	-119.295235
8259.329224	-118.825256
8260.002136	-118.839165
8260.675049	-118.860237
8261.347961	-118.611549
8262.020874	-119.218842
8262.693787	-119.587433
8263.366699	-119.231575
8264.039612	-118.684097
8264.712524	-119.002266
8265.385437	-119.037849
8266.058350	-118.897095
8266.731262	-119.253410
8267.404175	-119.138084
8268.077087	-119.296394
8268.750000	-118.958626
8269.422913	-119.089920
8270.095825	-119.091728
8270.768738	-119.142830
8271.441650	-119.461708
8272.114563	-119.348122
8272.787476	-119.134644
8273.460388	-119.077614
8274.133301	-119.161118
8274.806213	-118.921127
8275.479126	-119.059250
8276.152039	-119.046257
8276.824951	-119.265450
8277.497864	-118.840866
8278.170776	-118.696564
8278.843689	-118.797241
8279.516602	-119.078476
8280.189514	-119.453804
8280.862427	-119.831161
8281.535339	-119.510239
8282.208252	-118.886757
8282.881165	-119.136665
8283.554077	-118.907066
8284.226990	-119.162933
8284.899902	-119.371429
8285.572815	-119.099274
8286.245728	-119.066856
8286.918640	-119.558334
8287.591553	-119.301132
8288.264465	-119.253418
8288.937378	-119.305161
8289.610291	-119.264610
8290.283203	-119.128349
8290.956116	-119.145584
8291.629028	-119.522774
8292.301941	-119.887146
8292.974854	-119.593452
8293.647766	-119.163353
8294.320679	-119.030754
8294.993591	-118.972519
8295.666504	-118.967834
8296.339417	-118.657875
8297.012329	-118.518837
8297.685242	-119.267281
8298.358154	-119.378098
8299.031067	-119.465279
8299.703979	-119.311714
8300.376892	-118.864983
8301.049805	-119.023155
8301.722717	-118.844894
8302.395630	-119.055199
8303.068542	-118.819771
8303.741455	-119.039055
8304.414368	-118.571213
8305.087280	-118.923172
8305.760193	-119.399811
8306.433105	-119.293694
8307.106018	-119.081009
8307.778931	-118.921936
8308.451843	-118.695747
8309.124756	-119.101074
8309.797668	-118.993538
8310.470581	-118.865959
8311.143494	-119.122658
8311.816406	-118.789230
8312.489319	-118.621719
8313.162231	-118.950439
8313.835144	-118.883812
8314.508057	-118.632339
8315.180969	-119.057014
8315.853882	-119.483574
8316.526794	-119.126564
8317.199707	-118.882591
8317.872620	-119.111130
8318.545532	-118.965347
8319.218445	-118.909599
8319.891357	-118.865807
8320.564270	-118.546028
8321.237183	-118.875252
8321.910095	-119.089691
8322.583008	-118.553909
8323.255920	-119.127159
8323.928833	-119.124680
8324.601746	-118.894615
8325.274658	-118.890129
8325.947571	-118.956848
8326.620483	-119.074783
8327.293396	-119.282066
8327.966309	-119.404663
8328.639221	-119.262199
8329.312134	-119.161430
8329.985046	-119.087509
8330.657959	-119.334373
8331.330872	-119.477577
8332.003784	-119.190117
8332.676697	-119.651978
8333.349609	-119.744118
8334.022522	-119.647240
8334.695435	-119.231247
8335.368347	-119.119667
8336.041260	-119.290283
8336.714172	-118.886940
8337.387085	-119.049644
8338.059998	-118.658775
8338.732910	-118.794151
8339.405823	-118.948669
8340.078735	-119.084045
8340.751648	-118.850357
8341.424561	-118.886520
8342.097473	-118.966660
8342.770386	-118.546951
8343.443298	-118.972565
8344.116211	-118.953773
8344.789124	-119.225945
8345.462036	-119.742668
8346.134949	-119.631996
8346.807861	-119.391533
8347.480774	-119.377609
8348.153687	-119.561798
8348.826599	-119.282166
8349.499512	-119.190208
8350.172424	-119.145729
8350.845337	-119.226837
8351.518250	-119.475410
8352.191162	-119.141876
8352.864075	-119.313744
8353.536987	-119.310860
8354.209900	-119.242386
8354.882812	-118.591652
8355.555725	-118.832329
8356.228638	-119.192230
8356.901550	-119.617607
8357.574463	-118.841011
8358.247375	-119.435951
8358.920288	-119.178749
8359.593201	-119.471954
8360.266113	-119.262024
8360.939026	-119.105171
8361.611938	-118.912933
8362.284851	-119.058479
8362.957764	-119.131210
8363.630676	-119.261101
8364.303589	-119.398712
8364.976501	-119.321228
8365.649414	-119.252579
8366.322327	-119.132889
8366.995239	-119.199829
8367.668152	-119.354774
8368.341064	-118.699600
8369.013977	-118.733932
8369.686890	-118.854088
8370.359802	-119.012718
8371.032715	-119.156960
8371.705627	-119.471733
8372.378540	-119.301270
8373.051453	-119.803802
8373.724365	-119.574890
8374.397278	-119.078712
8375.070190	-118.709473
8375.743103	-119.141472
8376.416016	-118.818741
8377.088928	-118.848915
8377.761841	-119.358490
8378.434753	-119.632576
8379.107666	-119.253426
8379.780579	-119.058022
8380.453491	-119.348282
8381.126404	-119.053307
8381.799316	-119.345558
8382.472229	-118.979744
8383.145142	-118.757347
8383.818054	-118.962540
8384.490967	-118.700890
8385.163879	-119.324707
8385.836792	-119.455185
8386.509705	-119.764885
8387.182617	-119.697624
8387.855530	-118.843590
8388.528442	-119.022148
8389.201355	-119.213478
8389.874268	-119.132996
8390.547180	-119.011055
8391.220093	-118.875290
8391.893005	-119.211365
8392.565918	-118.917358
8393.238831	-118.831573
8393.911743	-118.939117
8394.584656	-119.366272
8395.257568	-119.593689
8395.930481	-119.399796
8396.603394	-119.277084
8397.276306	-118.973846
8397.949219	-118.861366
8398.622131	-119.473785
8399.295044	-119.070656
8399.967957	-118.870972
8400.640869	-118.370308
8401.313782	-118.643105
8401.986694	-118.772285
8402.659607	-119.430489
8403.332520	-119.460541
8404.005432	-119.121071
8404.678345	-118.966141
8405.351257	-118.982292
8406.024170	-118.936378
8406.697083	-119.129761
8407.369995	-119.426079
8408.042908	-119.646095
8408.715820	-119.588570
8409.388733	-119.613434
8410.061646	-119.048973
8410.734558	-119.154289
8411.407471	-119.015076
8412.080383	-119.019073
8412.753296	-119.374306
8413.426208	-119.777115
8414.099121	-119.756241
8414.772034	-119.502754
8415.444946	-119.121742
8416.117859	-118.982994
8416.790771	-118.998734
8417.463684	-118.692444
8418.136597	-118.624535
8418.809509	-118.897919
8419.482422	-118.614220
8420.155334	-119.273827
8420.828247	-119.203461
8421.501160	-118.959068
8422.174072	-118.813553
8422.846985	-118.954681
8423.519897	-119.476059
8424.192810	-119.299049
8424.865723	-119.433670
8425.538635	-119.514999
8426.211548	-119.019081
8426.884460	-119.231201
8427.557373	-119.138985
8428.230286	-118.927788
8428.903198	-119.305687
8429.576111	-118.933365
8430.249023	-119.467171
8430.921936	-119.251106
8431.594849	-118.892502
8432.267761	-118.630043
8432.940674	-119.018845
8433.613586	-119.001022
8434.286499	-119.034470
8434.959412	-119.080894
8435.632324	-119.379158
8436.305237	-119.246658
8436.978149	-118.725723
8437.651062	-119.065880
8438.323975	-119.129555
8438.996887	-119.149078
8439.669800	-119.417007
8440.342712	-119.297066
8441.015625	-119.243721
8441.688538	-119.044495
8442.361450	-119.405815
8443.034363	-119.249535
8443.707275	-119.262169
8444.380188	-118.984619
8445.053101	-119.196320
8445.726013	-119.148216
8446.398926	-118.872498
8447.071838	-119.551468
8447.744751	-119.123390
8448.417664	-118.950363
8449.090576	-119.070244
8449.763489	-119.169373
8450.436401	-119.316673
8451.109314	-119.329414
8451.782227	-118.831795
8452.455139	-118.495628
8453.128052	-118.891075
8453.800964	-119.379562
8454.473877	-118.749565
8455.146790	-119.426483
8455.819702	-119.606453
8456.492615	-118.788765
8457.165527	-118.837601
8457.838440	-119.300125
8458.511353	-119.107124
8459.184265	-119.240952
8459.857178	-119.414764
8460.530090	-119.318123
8461.203003	-119.021591
8461.875916	-119.276451
8462.548828	-119.168587
8463.221741	-118.920303
8463.894653	-118.841797
8464.567566	-119.108612
8465.240479	-119.088989
8465.913391	-118.806580
8466.586304	-118.845604
8467.259216	-118.985313
8467.932129	-119.260765
8468.605042	-119.153198
8469.277954	-118.931808
8469.950867	-118.876335
8470.623779	-119.081848
8471.296692	-119.013290
8471.969604	-118.887375
8472.642517	-119.042839
8473.315430	-119.107605
8473.988342	-119.129456
8474.661255	-118.931030
8475.334167	-118.876747
8476.007080	-119.099457
8476.679993	-118.908752
8477.352905	-118.909843
8478.025818	-119.201614
8478.698730	-118.938545
8479.371643	-118.891632
8480.044556	-118.856667
8480.717468	-119.326469
8481.390381	-119.282417
8482.063293	-119.283905
8482.736206	-119.302948
8483.409119	-118.927483
8484.082031	-119.083618
8484.754944	-119.312164
8485.427856	-118.875046
8486.100769	-118.676048
8486.773682	-118.778038
8487.446594	-118.530632
8488.119507	-118.616058
8488.792419	-119.493057
8489.465332	-119.517769
8490.138245	-118.712631
8490.811157	-118.823448
8491.484070	-119.125282
8492.156982	-119.047913
8492.829895	-118.949242
8493.502808	-118.686844
8494.175720	-119.085052
8494.848633	-119.399521
8495.521545	-119.014236
8496.194458	-118.977608
8496.867371	-119.352448
8497.540283	-119.072258
8498.213196	-118.847435
8498.886108	-119.063728
8499.559021	-118.900734
8500.231934	-118.809860
8500.904846	-118.791199
8501.577759	-119.037506
8502.250671	-119.141823
8502.923584	-118.779640
8503.596497	-118.753922
8504.269409	-118.744858
8504.942322	-118.958656
8505.615234	-119.156929
8506.288147	-119.153221
8506.961060	-119.126198
8507.633972	-119.179344
8508.306885	-119.203026
8508.979797	-118.940201
8509.652710	-119.461266
8510.325623	-119.310532
8510.998535	-118.996658
8511.671448	-118.716286
8512.344360	-119.067245
8513.017273	-119.171249
8513.690186	-119.025040
8514.363098	-118.836411
8515.036011	-118.930984
8515.708923	-118.690887
8516.381836	-118.716843
8517.054749	-119.100975
8517.727661	-119.366394
8518.400574	-119.281494
8519.073486	-119.108421
8519.746399	-119.051834
8520.419312	-119.019127
8521.092224	-118.973068
8521.765137	-119.071548
8522.438049	-119.245163
8523.110962	-119.225479
8523.783875	-118.954071
8524.456787	-118.363739
8525.129700	-118.605865
8525.802612	-119.044693
8526.475525	-118.919807
8527.148438	-118.895134
8527.821350	-119.036682
8528.494263	-119.041641
8529.167175	-119.200729
8529.840088	-119.473610
8530.513000	-119.661324
8531.185913	-119.597107
8531.858826	-119.218132
8532.531738	-119.111076
8533.204651	-118.770409
8533.877563	-118.891151
8534.550476	-119.229591
8535.223389	-119.207649
8535.896301	-118.982040
8536.569214	-118.951477
8537.242126	-118.921043
8537.915039	-118.904884
8538.587952	-118.490562
8539.260864	-118.466408
8539.933777	-118.778893
8540.606689	-118.682755
8541.279602	-119.066864
8541.952515	-119.157166
8542.625427	-119.211479
8543.298340	-119.078705
8543.971252	-118.701927
8544.644165	-118.815552
8545.317078	-118.670784
8545.989990	-119.030144
8546.662903	-119.368622
8547.335815	-119.138527
8548.008728	-119.037041
8548.681641	-119.142433
8549.354553	-118.731682
8550.027466	-118.424011
8550.700378	-118.978752
8551.373291	-119.266647
8552.046204	-118.983253
8552.719116	-118.739540
8553.392029	-118.772507
8554.064941	-118.998329
8554.737854	-119.134911
8555.410767	-119.037666
8556.083679	-118.967285
8556.756592	-119.041779
8557.429504	-119.149879
8558.102417	-118.898834
8558.775330	-118.719109
8559.448242	-119.165527
8560.121155	-119.280037
8560.794067	-119.077415
8561.466980	-118.680542
8562.139893	-118.971275
8562.812805	-118.904327
8563.485718	-119.078148
8564.158630	-119.116409
8564.831543	-118.809502
8565.504456	-118.746712
8566.177368	-119.091110
8566.850281	-118.843933
8567.523193	-118.860954
8568.196106	-118.872993
8568.869019	-118.529259
8569.541931	-118.910164
8570.214844	-118.997261
8570.887756	-119.395363
8571.560669	-119.098976
8572.233582	-119.254112
8572.906494	-119.499496
8573.579407	-119.021614
8574.252319	-119.214111
8574.925232	-118.950294
8575.598145	-118.751106
8576.271057	-118.330498
8576.943970	-118.574142
8577.616882	-119.255844
8578.289795	-118.696846
8578.962708	-118.527420
8579.635620	-119.036652
8580.308533	-118.689774
8580.981445	-118.897110
8581.654358	-118.792267
8582.327271	-118.730949
8583.000183	-118.674370
8583.673096	-118.909401
8584.346008	-118.586983
8585.018921	-118.420181
8585.691833	-118.562782
8586.364746	-118.720688
8587.037659	-118.852272
8587.710571	-118.881233
8588.383484	-118.991638
8589.056396	-119.044098
8589.729309	-118.824089
8590.402222	-119.021759
8591.075134	-118.934845
8591.748047	-118.797882
8592.420959	-118.860138
8593.093872	-118.344032
8593.766785	-118.842262
8594.439697	-119.197380
8595.112610	-119.193604
8595.785522	-119.099602
8596.458435	-119.039482
8597.131348	-119.022369
8597.804260	-119.207275
8598.477173	-119.153732
8599.150085	-118.800812
8599.822998	-118.662354
8600.495911	-118.883308
8601.168823	-119.183632
8601.841736	-118.782394
8602.514648	-118.569389
8603.187561	-119.193169
8603.860474	-119.024658
8604.533386	-119.079544
8605.206299	-119.224625
8605.879211	-118.825806
8606.552124	-118.726906
8607.225037	-118.967606
8607.897949	-118.680984
8608.570862	-118.772636
8609.243774	-119.093239
8609.916687	-118.962631
8610.589600	-119.482887
8611.262512	-119.064163
8611.935425	-119.165901
8612.608337	-119.068016
8613.281250	-118.949936
8613.954163	-118.923012
8614.627075	-119.200119
8615.299988	-118.835327
8615.972900	-118.574669
8616.645813	-118.978676
8617.318726	-118.957268
8617.991638	-118.879219
8618.664551	-119.097504
8619.337463	-118.947746
8620.010376	-118.689293
8620.683289	-118.647858
8621.356201	-118.759232
8622.029114	-119.047600
8622.702026	-119.108658
8623.374939	-118.796516
8624.047852	-119.016769
8624.720764	-119.372742
8625.393677	-119.051598
8626.066589	-119.054390
8626.739502	-119.245552
8627.412415	-119.259933
8628.085327	-118.957985
8628.758240	-118.863319
8629.431152	-119.177826
8630.104065	-119.106422
8630.776978	-118.952164
8631.449890	-118.944847
8632.122803	-118.646660
8632.795715	-118.571877
8633.468628	-118.696762
8634.141541	-118.647591
8634.814453	-118.860657
8635.487366	-118.716148
8636.160278	-118.336853
8636.833191	-118.478477
8637.506104	-118.891693
8638.179016	-118.791229
8638.851929	-119.335068
8639.524841	-119.278343
8640.197754	-119.223297
8640.870667	-118.979004
8641.543579	-118.557922
8642.216492	-118.481575
8642.889404	-118.623550
8643.562317	-118.694641
8644.235229	-118.733727
8644.908142	-118.813332
8645.581055	-118.478447
8646.253967	-118.605087
8646.926880	-119.129318
8647.599792	-118.404678
8648.272705	-118.498474
8648.945618	-118.602684
8649.618530	-118.974419
8650.291443	-119.038406
8650.964355	-119.043327
8651.637268	-119.331657
8652.310181	-119.127151
8652.983093	-118.536682
8653.656006	-118.733772
8654.328918	-119.034477
8655.001831	-119.237694
8655.674744	-118.876068
8656.347656	-118.732590
8657.020569	-118.625229
8657.693481	-118.895233
8658.366394	-118.700684
8659.039307	-118.469406
8659.712219	-119.336189
8660.385132	-119.209366
8661.058044	-119.145576
8661.730957	-118.897346
8662.403870	-118.939995
8663.076782	-118.539734
8663.749695	-118.387070
8664.422607	-118.740318
8665.095520	-119.189751
8665.768433	-119.138107
8666.441345	-119.174690
8667.114258	-119.091667
8667.787170	-119.076927
8668.460083	-118.775192
8669.132996	-118.736885
8669.805908	-118.551842
8670.478821	-118.599144
8671.151733	-118.637383
8671.824646	-118.971725
8672.497559	-118.987640
8673.170471	-118.685265
8673.843384	-118.604980
8674.516296	-118.835541
8675.189209	-119.193314
8675.862122	-118.862694
8676.535034	-118.959793
8677.207947	-119.226143
8677.880859	-118.781609
8678.553772	-118.858032
8679.226685	-119.150162
8679.899597	-118.804474
8680.572510	-118.617447
8681.245422	-118.752365
8681.918335	-118.876221
8682.591248	-118.726707
8683.264160	-118.676758
8683.937073	-118.621864
8684.609985	-119.237457
8685.282898	-118.889221
8685.955811	-118.630676
8686.628723	-118.847382
8687.301636	-118.654816
8687.974548	-118.714920
8688.647461	-118.769508
8689.320374	-118.970680
8689.993286	-119.176056
8690.666199	-119.666107
8691.339111	-119.196060
8692.012024	-118.990952
8692.684937	-118.942772
8693.357849	-118.650681
8694.030762	-118.546043
8694.703674	-118.581490
8695.376587	-118.640244
8696.049500	-118.907471
8696.722412	-118.976791
8697.395325	-119.226959
8698.068237	-119.773483
8698.741150	-119.021149
8699.414062	-118.721924
8700.086975	-118.805901
8700.759888	-119.287979
8701.432800	-119.421165
8702.105713	-118.929695
8702.778625	-118.510475
8703.451538	-118.623947
8704.124451	-119.019402
8704.797363	-118.702408
8705.470276	-118.385689
8706.143188	-118.607094
8706.816101	-118.586349
8707.489014	-118.962997
8708.161926	-119.052155
8708.834839	-118.944633
8709.507751	-118.942123
8710.180664	-118.927597
8710.853577	-118.906067
8711.526489	-118.675217
8712.199402	-118.955650
8712.872314	-119.181915
8713.545227	-119.148682
8714.218140	-118.767265
8714.891052	-118.730568
8715.563965	-118.677422
8716.236877	-118.726021
8716.909790	-118.796783
8717.582703	-118.596306
8718.255615	-118.984848
8718.928528	-118.895149
8719.601440	-118.720650
8720.274353	-118.678909
8720.947266	-118.524193
8721.620178	-118.502899
8722.293091	-118.521149
8722.966003	-118.825722
8723.638916	-118.560379
8724.311829	-118.027092
8724.984741	-118.139160
8725.657654	-118.562057
8726.330566	-118.725792
8727.003479	-118.929398
8727.676392	-119.210587
8728.349304	-119.352852
8729.022217	-119.043068
8729.695129	-118.721535
8730.368042	-118.363472
8731.040955	-118.638733
8731.713867	-118.999687
8732.386780	-118.916809
8733.059692	-118.978096
8733.732605	-119.513420
8734.405518	-119.528564
8735.078430	-119.127090
8735.751343	-118.678566
8736.424255	-118.649406
8737.097168	-118.852516
8737.770081	-118.576401
8738.442993	-118.539108
8739.115906	-119.300903
8739.788818	-119.051178
8740.461731	-118.362015
8741.134644	-118.712761
8741.807556	-119.217224
8742.480469	-118.781349
8743.153381	-118.688972
8743.826294	-118.811302
8744.499207	-118.840683
8745.172119	-118.934547
8745.845032	-118.743423
8746.517944	-118.992241
8747.190857	-119.072296
8747.863770	-119.022804
8748.536682	-118.915741
8749.209595	-119.142990
8749.882507	-118.888802
8750.555420	-118.886856
8751.228333	-119.050941
8751.901245	-118.604439
8752.574158	-118.659378
8753.247070	-118.655251
8753.919983	-118.770370
8754.592896	-119.056984
8755.265808	-119.146324
8755.938721	-118.670967
8756.611633	-118.894341
8757.284546	-118.825996
8757.957458	-118.799980
8758.630371	-118.907150
8759.303284	-118.873840
8759.976196	-118.755501
8760.649109	-118.863724
8761.322021	-118.805603
8761.994934	-119.390343
8762.667847	-119.039696
8763.340759	-118.443352
8764.013672	-118.836708
8764.686584	-118.674171
8765.359497	-118.626549
8766.032410	-118.650002
8766.705322	-118.679771
8767.378235	-119.023575
8768.051147	-119.387131
8768.724060	-119.045326
8769.396973	-118.351616
8770.069885	-118.490677
8770.742798	-118.477806
8771.415710	-118.884995
8772.088623	-118.758873
8772.761536	-118.875305
8773.434448	-118.948723
8774.107361	-119.098404
8774.780273	-119.322449
8775.453186	-119.031868
8776.126099	-118.725342
8776.799011	-118.434181
8777.471924	-118.595734
8778.144836	-118.993576
8778.817749	-118.956383
8779.490662	-119.048737
8780.163574	-118.874268
8780.836487	-119.136215
8781.509399	-118.514450
8782.182312	-118.469231
8782.855225	-119.164299
8783.528137	-118.918480
8784.201050	-118.742271
8784.873962	-118.176910
8785.546875	-118.450928
8786.219788	-119.166115
8786.892700	-118.827942
8787.565613	-118.632202
8788.238525	-118.734581
8788.911438	-118.576942
8789.584351	-118.835007
8790.257263	-118.670662
8790.930176	-118.750168
8791.603088	-118.551147
8792.276001	-118.654129
8792.948914	-118.392738
8793.621826	-118.432961
8794.294739	-118.454910
8794.967651	-118.733498
8795.640564	-118.910172
8796.313477	-118.710838
8796.986389	-118.975456
8797.659302	-119.103973
8798.332214	-118.847839
8799.005127	-118.644768
8799.678040	-118.734238
8800.350952	-118.646500
8801.023865	-118.660095
8801.696777	-118.593376
8802.369690	-118.753716
8803.042603	-118.945061
8803.715515	-118.996819
8804.388428	-118.335350
8805.061340	-118.455315
8805.734253	-118.828743
8806.407166	-119.027527
8807.080078	-119.041130
8807.752991	-119.023605
8808.425903	-118.924034
8809.098816	-118.853333
8809.771729	-119.107155
8810.444641	-118.789207
8811.117554	-118.489235
8811.790466	-118.858070
8812.463379	-119.062737
8813.136292	-119.155609
8813.809204	-119.112450
8814.482117	-119.109879
8815.155029	-119.085106
8815.827942	-119.192253
8816.500854	-119.392860
8817.173767	-119.300560
8817.846680	-118.812920
8818.519592	-119.076057
8819.192505	-118.958069
8819.865417	-118.635239
8820.538330	-118.481506
8821.211243	-118.800247
8821.884155	-119.110832
8822.557068	-118.973732
8823.229980	-118.700417
8823.902893	-119.206009
8824.575806	-119.371918
8825.248718	-118.429863
8825.921631	-118.655182
8826.594543	-118.966202
8827.267456	-119.258957
8827.940369	-118.817619
8828.613281	-118.926819
8829.286194	-118.600731
8829.959106	-118.249367
8830.632019	-118.356697
8831.304932	-118.678238
8831.977844	-119.028481
8832.650757	-118.804237
8833.323669	-118.795364
8833.996582	-118.712288
8834.669495	-119.104370
8835.342407	-119.117065
8836.015320	-118.967087
8836.688232	-119.034760
8837.361145	-118.554749
8838.034058	-118.330894
8838.706970	-118.638268
8839.379883	-118.742584
8840.052795	-118.738678
8840.725708	-118.826035
8841.398621	-118.813316
8842.071533	-118.670692
8842.744446	-118.692978
8843.417358	-118.707764
8844.090271	-118.560547
8844.763184	-118.844780
8845.436096	-118.768219
8846.109009	-118.490448
8846.781921	-119.016045
8847.454834	-118.923340
8848.127747	-118.942467
8848.800659	-118.543465
8849.473572	-118.439407
8850.146484	-118.513023
8850.819397	-118.756538
8851.492310	-119.075317
8852.165222	-118.820000
8852.838135	-118.862312
8853.511047	-118.758118
8854.183960	-118.516388
8854.856873	-118.769592
8855.529785	-118.930740
8856.202698	-118.805443
8856.875610	-118.969009
8857.548523	-118.673477
8858.221436	-118.468193
8858.894348	-118.741501
8859.567261	-118.958588
8860.240173	-118.800255
8860.913086	-118.623405
8861.585999	-118.840866
8862.258911	-118.938690
8862.931824	-119.066223
8863.604736	-118.883644
8864.277649	-118.862450
8864.950562	-118.373322
8865.623474	-118.473618
8866.296387	-119.253036
8866.969299	-118.947075
8867.642212	-118.755157
8868.315125	-118.595322
8868.988037	-118.343895
8869.660950	-118.581322
8870.333862	-119.091980
8871.006775	-118.362785
8871.679688	-118.025726
8872.352600	-118.347580
8873.025513	-118.793335
8873.698425	-118.771812
8874.371338	-118.691971
8875.044250	-118.670456
8875.717163	-118.895531
8876.390076	-118.641792
8877.062988	-118.936317
8877.735901	-118.681602
8878.408813	-118.487778
8879.081726	-118.685005
8879.754639	-119.147957
8880.427551	-118.866135
8881.100464	-119.132286
8881.773376	-119.105629
8882.446289	-118.961311
8883.119202	-118.630150
8883.792114	-118.595734
8884.465027	-118.819435
8885.137939	-118.689827
8885.810852	-118.823044
8886.483765	-119.099739
8887.156677	-119.278801
8887.829590	-118.684334
8888.502502	-118.625801
8889.175415	-118.934624
8889.848328	-118.912796
8890.521240	-118.628647
8891.194153	-118.715958
8891.867065	-118.854805
8892.539978	-118.787682
8893.212891	-118.639122
8893.885803	-118.579865
8894.558716	-118.718781
8895.231628	-118.520477
8895.904541	-118.434906
8896.577454	-118.799812
8897.250366	-119.257660
8897.923279	-119.399529
8898.596191	-118.777878
8899.269104	-118.686874
8899.942017	-119.006157
8900.614929	-118.778397
8901.287842	-118.394081
8901.960754	-118.325623
8902.633667	-118.562180
8903.306580	-118.659538
8903.979492	-118.590714
8904.652405	-118.763695
8905.325317	-118.441322
8905.998230	-118.531006
8906.671143	-118.727409
8907.344055	-118.859642
8908.016968	-118.616669
8908.689880	-118.709419
8909.362793	-118.879784
8910.035706	-118.713776
8910.708618	-118.346001
8911.381531	-118.221931
8912.054443	-118.710373
8912.727356	-119.189644
8913.400269	-118.835136
8914.073181	-118.427910
8914.746094	-118.306526
8915.419006	-118.147774
8916.091919	-117.900543
8916.764832	-117.675171
8917.437744	-116.908958
8918.110657	-116.440292
8918.783569	-116.204346
8919.456482	-115.757095
8920.129395	-115.455894
8920.802307	-115.208229
8921.475220	-115.602684
8922.148132	-115.823036
8922.821045	-116.225105
8923.493958	-116.181320
8924.166870	-116.801689
8924.839783	-116.640427
8925.512695	-116.359726
8926.185608	-116.326317
8926.858521	-116.342308
8927.531433	-116.751381
8928.204346	-117.295868
8928.877258	-117.818512
8929.550171	-118.037811
8930.223083	-117.937836
8930.895996	-117.880989
8931.568909	-118.264565
8932.241821	-118.824066
8932.914734	-118.645149
8933.587646	-118.430138
8934.260559	-118.269775
8934.933472	-118.613564
8935.606384	-118.600098
8936.279297	-118.298203
8936.952209	-118.457657
8937.625122	-118.199028
8938.298035	-118.547195
8938.970947	-118.514114
8939.643860	-118.780449
8940.316772	-118.740875
8940.989685	-118.652290
8941.662598	-118.706413
8942.335510	-118.370407
8943.008423	-117.836731
8943.681335	-117.999649
8944.354248	-118.276756
8945.027161	-118.612183
8945.700073	-118.708038
8946.372986	-118.276062
8947.045898	-118.392929
8947.718811	-118.631218
8948.391724	-118.863853
8949.064636	-118.792885
8949.737549	-118.534828
8950.410461	-118.202377
8951.083374	-118.084053
8951.756287	-118.300774
8952.429199	-118.458885
8953.102112	-118.589439
8953.775024	-118.332413
8954.447937	-118.461632
8955.120850	-118.723328
8955.793762	-118.839058
8956.466675	-118.604378
8957.139587	-118.335266
8957.812500	-118.458969
8958.485413	-118.565010
8959.158325	-119.179268
8959.831238	-119.062477
8960.504150	-118.600822
8961.177063	-117.974365
8961.849976	-118.372345
8962.522888	-118.699905
8963.195801	-118.592049
8963.868713	-118.288307
8964.541626	-118.169434
8965.214539	-118.323799
8965.887451	-118.748253
8966.560364	-118.659843
8967.233276	-118.582123
8967.906189	-118.801086
8968.579102	-118.682533
8969.252014	-118.725853
8969.924927	-119.123756
8970.597839	-118.850891
8971.270752	-118.668480
8971.943665	-118.951263
8972.616577	-118.608727
8973.289490	-118.844780
8973.962402	-118.773819
8974.635315	-118.693779
8975.308228	-118.512543
8975.981140	-118.232727
8976.654053	-118.447922
8977.326965	-119.013512
8977.999878	-118.726402
8978.672791	-118.541512
8979.345703	-118.156235
8980.018616	-118.517921
8980.691528	-118.735909
8981.364441	-118.509163
8982.037354	-118.364723
8982.710266	-118.731567
8983.383179	-118.876419
8984.056091	-118.544983
8984.729004	-118.128075
8985.401917	-118.831970
8986.074829	-118.490440
8986.747742	-118.644890
8987.420654	-118.645935
8988.093567	-118.428040
8988.766479	-118.512108
8989.439392	-118.772346
8990.112305	-118.688103
8990.785217	-118.009666
8991.458130	-118.506226
8992.131042	-118.876709
8992.803955	-119.334793
8993.476868	-119.153244
8994.149780	-119.028503
8994.822693	-118.680504
8995.495605	-118.613953
8996.168518	-118.348282
8996.841431	-118.723389
8997.514343	-118.709015
8998.187256	-119.126816
8998.860168	-118.848618
8999.533081	-118.357018
9000.205994	-118.503899
9000.878906	-119.135612
9001.551819	-118.996063
9002.224731	-118.630676
9002.897644	-118.949707
9003.570557	-119.130241
9004.243469	-118.930405
9004.916382	-119.120819
9005.589294	-118.941765
9006.262207	-118.744537
9006.935120	-118.736473
9007.608032	-118.427666
9008.280945	-118.228073
9008.953857	-118.394768
9009.626770	-118.388916
9010.299683	-118.707146
9010.972595	-118.681038
9011.645508	-118.407722
9012.318420	-118.250290
9012.991333	-118.234962
9013.664246	-118.545105
9014.337158	-118.503136
9015.010071	-118.138092
9015.682983	-118.178505
9016.355896	-118.758591
9017.028809	-118.714363
9017.701721	-118.507240
9018.374634	-118.682640
9019.047546	-118.433281
9019.720459	-118.341232
9020.393372	-118.768318
9021.066284	-118.588158
9021.739197	-118.560814
9022.412109	-118.904343
9023.085022	-118.874916
9023.757935	-118.566315
9024.430847	-118.444374
9025.103760	-118.520348
9025.776672	-118.346008
9026.449585	-118.431625
9027.122498	-118.687263
9027.795410	-118.728790
9028.468323	-119.013458
9029.141235	-119.211250
9029.814148	-118.740479
9030.487061	-118.790001
9031.159973	-118.598373
9031.832886	-118.563942
9032.505798	-119.117584
9033.178711	-119.029373
9033.851624	-118.992302
9034.524536	-118.667480
9035.197449	-118.881180
9035.870361	-118.907677
9036.543274	-118.967323
9037.216187	-118.559845
9037.889099	-118.089531
9038.562012	-118.239998
9039.234924	-118.505402
9039.907837	-118.605690
9040.580750	-118.676842
9041.253662	-118.732712
9041.926575	-118.462067
9042.599487	-118.866928
9043.272400	-118.783981
9043.945312	-118.736259
9044.618225	-118.773285
9045.291138	-118.531990
9045.964050	-118.574585
9046.636963	-118.759216
9047.309875	-118.621506
9047.982788	-118.677391
9048.655701	-118.596558
9049.328613	-118.665703
9050.001526	-118.737717
9050.674438	-118.347183
9051.347351	-118.385094
9052.020264	-118.598404
9052.693176	-118.273827
9053.366089	-118.793922
9054.039001	-118.630890
9054.711914	-118.614494
9055.384827	-118.536400
9056.057739	-118.451523
9056.730652	-118.640190
9057.403564	-118.639107
9058.076477	-118.843758
9058.749390	-119.009102
9059.422302	-118.714828
9060.095215	-118.821480
9060.768127	-118.942863
9061.441040	-118.922691
9062.113953	-118.156097
9062.786865	-118.358246
9063.459778	-118.491814
9064.132690	-118.748978
9064.805603	-119.455292
9065.478516	-118.743591
9066.151428	-119.050591
9066.824341	-118.683037
9067.497253	-118.144333
9068.170166	-118.700897
9068.843079	-118.640198
9069.515991	-118.484642
9070.188904	-118.530525
9070.861816	-118.431572
9071.534729	-118.780647
9072.207642	-118.598328
9072.880554	-118.173401
9073.553467	-118.430252
9074.226379	-118.411278
9074.899292	-118.570610
9075.572205	-118.609650
9076.245117	-118.661179
9076.918030	-118.869621
9077.590942	-118.802620
9078.263855	-118.754799
9078.936768	-118.532944
9079.609680	-118.481590
9080.282593	-118.173340
9080.955505	-118.455704
9081.628418	-118.489578
9082.301331	-118.423752
9082.974243	-118.619225
9083.647156	-118.323677
9084.320068	-118.488770
9084.992981	-118.715408
9085.665894	-118.957268
9086.338806	-118.834793
9087.011719	-118.389038
9087.684631	-118.278481
9088.357544	-119.033463
9089.030457	-118.851334
9089.703369	-118.437546
9090.376282	-118.621819
9091.049194	-118.480705
9091.722107	-118.647018
9092.395020	-119.075539
9093.067932	-119.100700
9093.740845	-118.861389
9094.413757	-117.924095
9095.086670	-118.346802
9095.759583	-118.904884
9096.432495	-119.080765
9097.105408	-118.924202
9097.778320	-118.493523
9098.451233	-118.453377
9099.124146	-118.450470
9099.797058	-118.651146
9100.469971	-118.739777
9101.142883	-118.514145
9101.815796	-118.444534
9102.488708	-118.604500
9103.161621	-118.503517
9103.834534	-118.319908
9104.507446	-118.257538
9105.180359	-118.505081
9105.853271	-118.776703
9106.526184	-118.616196
9107.199097	-118.727440
9107.872009	-118.947083
9108.544922	-119.198746
9109.217834	-118.669189
9109.890747	-119.209541
9110.563660	-119.568619
9111.236572	-118.901657
9111.909485	-118.845146
9112.582397	-118.390068
9113.255310	-118.410423
9113.928223	-118.580994
9114.601135	-118.124443
9115.274048	-118.582588
9115.946960	-118.512115
9116.619873	-118.255630
9117.292786	-118.634438
9117.965698	-119.026283
9118.638611	-118.786308
9119.311523	-118.451286
9119.984436	-118.560120
9120.657349	-118.965942
9121.330261	-118.860344
9122.003174	-118.868782
9122.676086	-118.785164
9123.348999	-118.668884
9124.021912	-118.719032
9124.694824	-118.700272
9125.367737	-118.396637
9126.040649	-118.147758
9126.713562	-118.161621
9127.386475	-118.768425
9128.059387	-118.745209
9128.732300	-118.197166
9129.405212	-118.015007
9130.078125	-118.352570
9130.751038	-118.669090
9131.423950	-118.677689
9132.096863	-118.859192
9132.769775	-118.504128
9133.442688	-118.171844
9134.115601	-118.067230
9134.788513	-118.158539
9135.461426	-118.686989
9136.134338	-118.919754
9136.807251	-118.845085
9137.480164	-119.032135
9138.153076	-119.086609
9138.825989	-118.431976
9139.498901	-118.072273
9140.171814	-118.336273
9140.844727	-118.362404
9141.517639	-118.725990
9142.190552	-118.688911
9142.863464	-118.780281
9143.536377	-118.535912
9144.209290	-118.533997
9144.882202	-118.795158
9145.555115	-118.906425
9146.228027	-118.586388
9146.900940	-118.679230
9147.573853	-118.610580
9148.246765	-118.679398
9148.919678	-118.831512
9149.592590	-118.691101
9150.265503	-118.611267
9150.938416	-118.280106
9151.611328	-118.624680
9152.284241	-118.943413
9152.957153	-118.683884
9153.630066	-118.181114
9154.302979	-118.528198
9154.975891	-118.760254
9155.648804	-118.714577
9156.321716	-118.664940
9156.994629	-118.323189
9157.667542	-118.606285
9158.340454	-118.654030
9159.013367	-118.250870
9159.686279	-118.630348
9160.359192	-118.529869
9161.032104	-118.321320
9161.705017	-118.615143
9162.377930	-118.452827
9163.050842	-118.347580
9163.723755	-118.954071
9164.396667	-119.008392
9165.069580	-118.921341
9165.742493	-119.101768
9166.415405	-118.448792
9167.088318	-118.176598
9167.761230	-118.768333
9168.434143	-118.682190
9169.107056	-118.946938
9169.779968	-118.476692
9170.452881	-118.473312
9171.125793	-118.304893
9171.798706	-118.419098
9172.471619	-118.923439
9173.144531	-118.687828
9173.817444	-118.829262
9174.490356	-118.672531
9175.163269	-119.166473
9175.836182	-119.093285
9176.509094	-118.505821
9177.182007	-118.280052
9177.854919	-118.558365
9178.527832	-118.941246
9179.200745	-118.686584
9179.873657	-118.617607
9180.546570	-119.029869
9181.219482	-118.517258
9181.892395	-118.305222
9182.565308	-118.473824
9183.238220	-118.498070
9183.911133	-118.482567
9184.584045	-118.375778
9185.256958	-118.437233
9185.929871	-118.472443
9186.602783	-118.424126
9187.275696	-118.117889
9187.948608	-118.502464
9188.621521	-118.853142
9189.294434	-118.126068
9189.967346	-118.628189
9190.640259	-118.540390
9191.313171	-118.709343
9191.986084	-118.549248
9192.658997	-119.031433
9193.331909	-119.228394
9194.004822	-118.410683
9194.677734	-118.263550
9195.350647	-118.519569
9196.023560	-118.571358
9196.696472	-118.878746
9197.369385	-118.997299
9198.042297	-119.115524
9198.715210	-118.775703
9199.388123	-118.393456
9200.061035	-118.701988
9200.733948	-119.101753
9201.406860	-118.786346
9202.079773	-118.370621
9202.752686	-118.537102
9203.425598	-118.927765
9204.098511	-118.923401
9204.771423	-118.753540
9205.444336	-118.680183
9206.117249	-118.321106
9206.790161	-118.438011
9207.463074	-118.657440
9208.135986	-118.479134
9208.808899	-118.669403
9209.481812	-118.655983
9210.154724	-118.292435
9210.827637	-118.201973
9211.500549	-118.217651
9212.173462	-118.662735
9212.846375	-118.630730
9213.519287	-118.619514
9214.192200	-118.090271
9214.865112	-118.571106
9215.538025	-118.857147
9216.210938	-118.258041
9216.883850	-118.658073
9217.556763	-118.482956
9218.229675	-118.345322
9218.902588	-118.128365
9219.575500	-118.444481
9220.248413	-118.636765
9220.921326	-118.825348
9221.594238	-118.671158
9222.267151	-118.468338
9222.940063	-118.586838
9223.612976	-119.006767
9224.285889	-118.318520
9224.958801	-118.320259
9225.631714	-118.756378
9226.304626	-118.842331
9226.977539	-118.670822
9227.650452	-118.307648
9228.323364	-118.331970
9228.996277	-118.522079
9229.669189	-118.445396
9230.342102	-118.951050
9231.015015	-118.736977
9231.687927	-118.429581
9232.360840	-118.365158
9233.033752	-118.430756
9233.706665	-118.756676
9234.379578	-118.313644
9235.052490	-118.404358
9235.725403	-118.223488
9236.398315	-118.186798
9237.071228	-118.447739
9237.744141	-118.702919
9238.417053	-118.637062
9239.089966	-118.665764
9239.762878	-118.719940
9240.435791	-118.915550
9241.108704	-118.683479
9241.781616	-118.535545
9242.454529	-118.136406
9243.127441	-118.446777
9243.800354	-118.230675
9244.473267	-118.549263
9245.146179	-119.107475
9245.819092	-118.368309
9246.492004	-118.718674
9247.164917	-118.927994
9247.837830	-118.700226
9248.510742	-118.427162
9249.183655	-118.253983
9249.856567	-118.737656
9250.529480	-118.388016
9251.202393	-118.472839
9251.875305	-118.664482
9252.548218	-118.620789
9253.221130	-118.219788
9253.894043	-118.567551
9254.566956	-118.644859
9255.239868	-118.391953
9255.912781	-118.591278
9256.585693	-118.799690
9257.258606	-118.569580
9257.931519	-118.141678
9258.604431	-118.682526
9259.277344	-118.910217
9259.950256	-118.674934
9260.623169	-118.419853
9261.296082	-118.634415
9261.968994	-118.827858
9262.641907	-118.552605
9263.314819	-118.345642
9263.987732	-118.378181
9264.660645	-118.545204
9265.333557	-118.601128
9266.006470	-118.637291
9266.679382	-118.400024
9267.352295	-118.706947
9268.025208	-118.899696
9268.698120	-118.470360
9269.371033	-118.754585
9270.043945	-118.810097
9270.716858	-118.235382
9271.389771	-118.421242
9272.062683	-119.025558
9272.735596	-118.543503
9273.408508	-118.390785
9274.081421	-118.836662
9274.754333	-118.887520
9275.427246	-118.495689
9276.100159	-118.239883
9276.773071	-118.353065
9277.445984	-118.375786
9278.118896	-118.373489
9278.791809	-118.466736
9279.464722	-118.763260
9280.137634	-118.538948
9280.810547	-118.213974
9281.483459	-118.621696
9282.156372	-118.456299
9282.829285	-118.505219
9283.502197	-118.072906
9284.175110	-118.368477
9284.848022	-118.821495
9285.520935	-118.606636
9286.193848	-118.664726
9286.866760	-118.705864
9287.539673	-118.494980
9288.212585	-118.351738
9288.885498	-118.212372
9289.558411	-118.351707
9290.231323	-118.532150
9290.904236	-118.716728
9291.577148	-118.856972
9292.250061	-118.585953
9292.922974	-118.606026
9293.595886	-118.553627
9294.268799	-118.700417
9294.941711	-118.609962
9295.614624	-118.525574
9296.287537	-118.655281
9296.960449	-118.856209
9297.633362	-118.436478
9298.306274	-118.459747
9298.979187	-118.807365
9299.652100	-118.607971
9300.325012	-118.497787
9300.997925	-118.754753
9301.670837	-118.283798
9302.343750	-118.193130
9303.016663	-118.388542
9303.689575	-118.577599
9304.362488	-118.334404
9305.035400	-118.537361
9305.708313	-118.890213
9306.381226	-118.521446
9307.054138	-118.422829
9307.727051	-118.682800
9308.399963	-118.300476
9309.072876	-118.574944
9309.745789	-118.441498
9310.418701	-118.655289
9311.091614	-118.645081
9311.764526	-118.750992
9312.437439	-118.443161
9313.110352	-118.326408
9313.783264	-118.262863
9314.456177	-118.478004
9315.129089	-118.488808
9315.802002	-118.688400
9316.474915	-118.949898
9317.147827	-118.481758
9317.820740	-118.429825
9318.493652	-118.724365
9319.166565	-118.723824
9319.839478	-118.447731
9320.512390	-118.279953
9321.185303	-118.479904
9321.858215	-118.474365
9322.531128	-118.330261
9323.204041	-118.620872
9323.876953	-119.065628
9324.549866	-118.616173
9325.222778	-118.342117
9325.895691	-118.385933
9326.568604	-119.002319
9327.241516	-118.783310
9327.914429	-118.401649
9328.587341	-118.587914
9329.260254	-118.047836
9329.933167	-117.744354
9330.606079	-118.275383
9331.278992	-118.567146
9331.951904	-118.927849
9332.624817	-118.610268
9333.297729	-118.606163
9333.970642	-118.475021
9334.643555	-118.297089
9335.316467	-118.401314
9335.989380	-118.335976
9336.662292	-118.491310
9337.335205	-118.394737
9338.008118	-118.283226
9338.681030	-118.352699
9339.353943	-118.404266
9340.026855	-118.494637
9340.699768	-118.414093
9341.372681	-118.062256
9342.045593	-118.661621
9342.718506	-118.774162
9343.391418	-118.509850
9344.064331	-118.420555
9344.737244	-118.383232
9345.410156	-118.500748
9346.083069	-118.899643
9346.755981	-119.347618
9347.428894	-118.984779
9348.101807	-118.580734
9348.774719	-118.601166
9349.447632	-118.479881
9350.120544	-118.746964
9350.793457	-118.840973
9351.466370	-118.504570
9352.139282	-118.360886
9352.812195	-118.634033
9353.485107	-118.375999
9354.158020	-118.623512
9354.830933	-118.561829
9355.503845	-118.251541
9356.176758	-118.487831
9356.849670	-119.132950
9357.522583	-118.963974
9358.195496	-118.545662
9358.868408	-118.675179
9359.541321	-118.768204
9360.214233	-118.275154
9360.887146	-118.688019
9361.560059	-118.557121
9362.232971	-118.572662
9362.905884	-118.438698
9363.578796	-118.539673
9364.251709	-118.252426
9364.924622	-118.088333
9365.597534	-118.135773
9366.270447	-118.526421
9366.943359	-118.381546
9367.616272	-118.325409
9368.289185	-118.404388
9368.962097	-118.498085
9369.635010	-118.451241
9370.307922	-118.359299
9370.980835	-118.801872
9371.653748	-118.527534
9372.326660	-118.521523
9372.999573	-118.482330
9373.672485	-118.316803
9374.345398	-118.233131
9375.018311	-118.498871
9375.691223	-118.455238
9376.364136	-118.752548
9377.037048	-118.824219
9377.709961	-118.696381
9378.382874	-118.426849
9379.055786	-118.077354
9379.728699	-118.265144
9380.401611	-118.532227
9381.074524	-118.537750
9381.747437	-118.345947
9382.420349	-118.468155
9383.093262	-118.344620
9383.766174	-118.369530
9384.439087	-118.802422
9385.112000	-118.933784
9385.784912	-118.475746
9386.457825	-118.543427
9387.130737	-118.367149
9387.803650	-118.303833
9388.476562	-118.524826
9389.149475	-118.389885
9389.822388	-118.981117
9390.495300	-118.847855
9391.168213	-118.871544
9391.841125	-118.674225
9392.514038	-118.542221
9393.186951	-118.402657
9393.859863	-118.330688
9394.532776	-118.419571
9395.205688	-118.235199
9395.878601	-118.079033
9396.551514	-118.306053
9397.224426	-118.355515
9397.897339	-118.408218
9398.570251	-118.524689
9399.243164	-118.454117
9399.916077	-118.544296
9400.588989	-118.107681
9401.261902	-117.969872
9401.934814	-118.149147
9402.607727	-118.924835
9403.280640	-118.771957
9403.953552	-118.538551
9404.626465	-118.574783
9405.299377	-118.606804
9405.972290	-118.483894
9406.645203	-118.423660
9407.318115	-118.690048
9407.991028	-118.612404
9408.663940	-118.165550
9409.336853	-118.097961
9410.009766	-118.501884
9410.682678	-118.555573
9411.355591	-118.559113
9412.028503	-118.624336
9412.701416	-118.885834
9413.374329	-118.438164
9414.047241	-118.399170
9414.720154	-119.094048
9415.393066	-119.073364
9416.065979	-118.723938
9416.738892	-118.623482
9417.411804	-118.468575
9418.084717	-118.562042
9418.757629	-118.910973
9419.430542	-118.468452
9420.103455	-118.171539
9420.776367	-118.315872
9421.449280	-118.631889
9422.122192	-118.713173
9422.795105	-118.162720
9423.468018	-118.441841
9424.140930	-118.672791
9424.813843	-118.426979
9425.486755	-118.629158
9426.159668	-119.003502
9426.832581	-118.774963
9427.505493	-118.254440
9428.178406	-118.137642
9428.851318	-118.429024
9429.524231	-118.651634
9430.197144	-118.487679
9430.870056	-118.668411
9431.542969	-118.959587
9432.215881	-119.123779
9432.888794	-118.834297
9433.561707	-118.320030
9434.234619	-118.778954
9434.907532	-118.944481
9435.580444	-118.522133
9436.253357	-118.542786
9436.926270	-118.662102
9437.599182	-118.338760
9438.272095	-118.143440
9438.945007	-118.657135
9439.617920	-118.833542
9440.290833	-119.197708
9440.963745	-118.632576
9441.636658	-118.425430
9442.309570	-118.042519
9442.982483	-117.827980
9443.655396	-118.193916
9444.328308	-118.528496
9445.001221	-118.412827
9445.674133	-118.239418
9446.347046	-118.619408
9447.019958	-118.626266
9447.692871	-119.045456
9448.365784	-118.815239
9449.038696	-118.449997
9449.711609	-118.724403
9450.384521	-118.536896
9451.057434	-118.514549
9451.730347	-118.276543
9452.403259	-118.354492
9453.076172	-118.498337
9453.749084	-118.298958
9454.421997	-118.154457
9455.094910	-118.579163
9455.767822	-118.808029
9456.440735	-118.361702
9457.113647	-118.298126
9457.786560	-118.520317
9458.459473	-118.381897
9459.132385	-118.314842
9459.805298	-118.582687
9460.478210	-118.533363
9461.151123	-118.860283
9461.824036	-118.655579
9462.496948	-118.526360
9463.169861	-118.448570
9463.842773	-118.417450
9464.515686	-118.227821
9465.188599	-118.532837
9465.861511	-118.249519
9466.534424	-118.369675
9467.207336	-118.342552
9467.880249	-118.654671
9468.553162	-118.892685
9469.226074	-118.513954
9469.898987	-118.333450
9470.571899	-118.003654
9471.244812	-118.096268
9471.917725	-118.476280
9472.590637	-118.239380
9473.263550	-118.489532
9473.936462	-118.477325
9474.609375	-118.312492
9475.282288	-118.319855
9475.955200	-118.177391
9476.628113	-118.632408
9477.301025	-118.206398
9477.973938	-118.475548
9478.646851	-118.456673
9479.319763	-118.273094
9479.992676	-118.279854
9480.665588	-118.607529
9481.338501	-118.719116
9482.011414	-118.659851
9482.684326	-118.579880
9483.357239	-118.598068
9484.030151	-118.581650
9484.703064	-118.626389
9485.375977	-118.374367
9486.048889	-118.508255
9486.721802	-118.872635
9487.394714	-118.427055
9488.067627	-118.603073
9488.740540	-119.043831
9489.413452	-119.192459
9490.086365	-118.940033
9490.759277	-118.651245
9491.432190	-118.272591
9492.105103	-118.137749
9492.778015	-118.452988
9493.450928	-118.487648
9494.123840	-118.835655
9494.796753	-118.667274
9495.469666	-118.491005
9496.142578	-118.842628
9496.815491	-118.638985
9497.488403	-118.615479
9498.161316	-118.492172
9498.834229	-118.191040
9499.507141	-118.086349
9500.180054	-117.954292
9500.852966	-118.138786
9501.525879	-118.446381
9502.198792	-118.137070
9502.871704	-118.492973
9503.544617	-118.488411
9504.217529	-118.370476
9504.890442	-118.361603
9505.563354	-118.632866
9506.236267	-118.915604
9506.909180	-118.813217
9507.582092	-118.648209
9508.255005	-118.608360
9508.927917	-118.229271
9509.600830	-118.219109
9510.273743	-118.405670
9510.946655	-118.489922
9511.619568	-118.617805
9512.292480	-118.711578
9512.965393	-118.445595
9513.638306	-118.819016
9514.311218	-119.078964
9514.984131	-119.016197
9515.657043	-118.691933
9516.329956	-118.731087
9517.002869	-118.584572
9517.675781	-118.616348
9518.348694	-118.303802
9519.021606	-118.682106
9519.694519	-118.740974
9520.367432	-118.164780
9521.040344	-118.329018
9521.713257	-118.484749
9522.386169	-118.322029
9523.059082	-118.503258
9523.731995	-119.002953
9524.404907	-118.682243
9525.077820	-118.434746
9525.750732	-118.465935
9526.423645	-118.462708
9527.096558	-118.404770
9527.769470	-118.805992
9528.442383	-118.996330
9529.115295	-118.652100
9529.788208	-117.985886
9530.461121	-118.122330
9531.134033	-118.629562
9531.806946	-118.490822
9532.479858	-118.431320
9533.152771	-118.252449
9533.825684	-118.512253
9534.498596	-118.414635
9535.171509	-118.492325
9535.844421	-118.957542
9536.517334	-118.615150
9537.190247	-118.255875
9537.863159	-118.742859
9538.536072	-118.986122
9539.208984	-118.680252
9539.881897	-118.823143
9540.554810	-118.656227
9541.227722	-118.495613
9541.900635	-118.461678
9542.573547	-118.162125
9543.246460	-118.283051
9543.919373	-118.457985
9544.592285	-118.823151
9545.265198	-118.808319
9545.938110	-119.004921
9546.611023	-118.767807
9547.283936	-118.560013
9547.956848	-118.752831
9548.629761	-118.746529
9549.302673	-118.518234
9549.975586	-118.781708
9550.648499	-118.433022
9551.321411	-118.173996
9551.994324	-118.380898
9552.667236	-118.682755
9553.340149	-118.708031
9554.013062	-119.235512
9554.685974	-119.005585
9555.358887	-118.167061
9556.031799	-118.270042
9556.704712	-118.690498
9557.377625	-118.649796
9558.050537	-118.682869
9558.723450	-118.560074
9559.396362	-118.340034
9560.069275	-118.267380
9560.742188	-118.192093
9561.415100	-118.430756
9562.088013	-118.566422
9562.760925	-118.104210
9563.433838	-118.230972
9564.106750	-118.141861
9564.779663	-118.360367
9565.452576	-118.404152
9566.125488	-118.192177
9566.798401	-118.476212
9567.471313	-118.635025
9568.144226	-118.926033
9568.817139	-118.820557
9569.490051	-118.546989
9570.162964	-118.349846
9570.835876	-118.302315
9571.508789	-118.923111
9572.181702	-118.727753
9572.854614	-118.411972
9573.527527	-118.662392
9574.200439	-118.863213
9574.873352	-119.266006
9575.546265	-119.205673
9576.219177	-118.528244
9576.892090	-118.374313
9577.565002	-118.095299
9578.237915	-118.679260
9578.910828	-119.125481
9579.583740	-118.906837
9580.256653	-118.903358
9580.929565	-118.743431
9581.602478	-118.973595
9582.275391	-118.939713
9582.948303	-118.449203
9583.621216	-118.238907
9584.294128	-118.935753
9584.967041	-118.929741
9585.639954	-118.421127
9586.312866	-118.577896
9586.985779	-119.006676
9587.658691	-118.608444
9588.331604	-118.707413
9589.004517	-118.881981
9589.677429	-118.605698
9590.350342	-118.499313
9591.023254	-118.430046
9591.696167	-118.524323
9592.369080	-118.700378
9593.041992	-118.678764
9593.714905	-118.570641
9594.387817	-118.701622
9595.060730	-118.896866
9595.733643	-118.710243
9596.406555	-118.849625
9597.079468	-118.589890
9597.752380	-118.812492
9598.425293	-118.999931
9599.098206	-118.583282
9599.771118	-118.817986
9600.444031	-118.928307
9601.116943	-119.013245
9601.789856	-118.739571
9602.462769	-118.823021
9603.135681	-118.740677
9603.808594	-118.395828
9604.481506	-118.656677
9605.154419	-118.919281
9605.827332	-118.447685
9606.500244	-118.085838
9607.173157	-118.858025
9607.846069	-118.745766
9608.518982	-118.761398
9609.191895	-118.687645
9609.864807	-118.504807
9610.537720	-118.492706
9611.210632	-118.603828
9611.883545	-118.420189
9612.556458	-118.538696
9613.229370	-118.262009
9613.902283	-118.808640
9614.575195	-118.849304
9615.248108	-118.928963
9615.921021	-118.856110
9616.593933	-118.739632
9617.266846	-118.546188
9617.939758	-118.565178
9618.612671	-118.429558
9619.285583	-118.580795
9619.958496	-118.714134
9620.631409	-118.740707
9621.304321	-118.827553
9621.977234	-118.828430
9622.650146	-118.465446
9623.323059	-118.531807
9623.995972	-118.548325
9624.668884	-118.487106
9625.341797	-118.934845
9626.014709	-118.821899
9626.687622	-118.890694
9627.360535	-118.406029
9628.033447	-118.322983
9628.706360	-118.272789
9629.379272	-118.179611
9630.052185	-118.632011
9630.725098	-118.902229
9631.398010	-118.860710
9632.070923	-118.455811
9632.743835	-118.592133
9633.416748	-118.076263
9634.089661	-118.450119
9634.762573	-118.884689
9635.435486	-118.499702
9636.108398	-118.613800
9636.781311	-119.008194
9637.454224	-118.641937
9638.127136	-118.805786
9638.800049	-118.892288
9639.472961	-119.251465
9640.145874	-119.103737
9640.818787	-118.833359
9641.491699	-118.521141
9642.164612	-118.843422
9642.837524	-118.823044
9643.510437	-118.641632
9644.183350	-118.620888
9644.856262	-118.429871
9645.529175	-117.881012
9646.202087	-118.543037
9646.875000	-118.865768
9647.547913	-118.914703
9648.220825	-118.685806
9648.893738	-118.665459
9649.566650	-118.780769
9650.239563	-118.785301
9650.912476	-118.399200
9651.585388	-118.469749
9652.258301	-118.503906
9652.931213	-118.337845
9653.604126	-118.458946
9654.277039	-118.693283
9654.949951	-118.595184
9655.622864	-118.288307
9656.295776	-118.692322
9656.968689	-119.242477
9657.641602	-118.816551
9658.314514	-118.831375
9658.987427	-118.744682
9659.660339	-118.384872
9660.333252	-118.693733
9661.006165	-118.640434
9661.679077	-119.180817
9662.351990	-118.802811
9663.024902	-118.229057
9663.697815	-118.777908
9664.370728	-118.709618
9665.043640	-118.915009
9665.716553	-118.739120
9666.389465	-118.289246
9667.062378	-118.538124
9667.735291	-118.817093
9668.408203	-118.375557
9669.081116	-118.351234
9669.754028	-118.867249
9670.426941	-119.052986
9671.099854	-118.527000
9671.772766	-118.858406
9672.445679	-119.101273
9673.118591	-118.753212
9673.791504	-118.412407
9674.464417	-118.440659
9675.137329	-118.286140
9675.810242	-118.652252
9676.483154	-118.545601
9677.156067	-118.514130
9677.828979	-118.423523
9678.501892	-118.814987
9679.174805	-118.984093
9679.847717	-118.668762
9680.520630	-118.553452
9681.193542	-118.846413
9681.866455	-118.697182
9682.539368	-118.772972
9683.212280	-118.782173
9683.885193	-118.916580
9684.558105	-118.535233
9685.231018	-118.300270
9685.903931	-118.501801
9686.576843	-118.344574
9687.249756	-118.378639
9687.922668	-118.704536
9688.595581	-118.772896
9689.268494	-118.604118
9689.941406	-118.566559
9690.614319	-118.600609
9691.287231	-118.524879
9691.960144	-118.454369
9692.633057	-119.006737
9693.305969	-118.777412
9693.978882	-118.759865
9694.651794	-118.492920
9695.324707	-118.950401
9695.997620	-119.088730
9696.670532	-118.838127
9697.343445	-118.987953
9698.016357	-118.838135
9698.689270	-118.993073
9699.362183	-119.147171
9700.035095	-118.840164
9700.708008	-118.417320
9701.380920	-118.811829
9702.053833	-118.948334
9702.726746	-119.122925
9703.399658	-119.044563
9704.072571	-118.708374
9704.745483	-118.871437
9705.418396	-118.791443
9706.091309	-118.350594
9706.764221	-118.247459
9707.437134	-118.562065
9708.110046	-118.628448
9708.782959	-118.668762
9709.455872	-118.615021
9710.128784	-118.647926
9710.801697	-118.835556
9711.474609	-118.680832
9712.147522	-118.807854
9712.820435	-118.760643
9713.493347	-118.966896
9714.166260	-118.653313
9714.839172	-118.885254
9715.512085	-119.117874
9716.184998	-119.321297
9716.857910	-118.965904
9717.530823	-118.732269
9718.203735	-118.549820
9718.876648	-118.538445
9719.549561	-118.578194
9720.222473	-118.888969
9720.895386	-118.768082
9721.568298	-118.819855
9722.241211	-118.573593
9722.914124	-118.912689
9723.587036	-118.410172
9724.259949	-118.680862
9724.932861	-118.815384
9725.605774	-119.086655
9726.278687	-118.864891
9726.951599	-117.911438
9727.624512	-118.046844
9728.297424	-118.256989
9728.970337	-118.294304
9729.643250	-118.709328
9730.316162	-118.424316
9730.989075	-118.681763
9731.661987	-118.633377
9732.334900	-118.500664
9733.007812	-118.655106
9733.680725	-118.486610
9734.353638	-118.851746
9735.026550	-118.965393
9735.699463	-118.598969
9736.372375	-118.451248
9737.045288	-118.551353
9737.718201	-118.952461
9738.391113	-119.447250
9739.064026	-118.854019
9739.736938	-118.519363
9740.409851	-119.186333
9741.082764	-118.950241
9741.755676	-118.553719
9742.428589	-118.536079
9743.101501	-118.958649
9743.774414	-118.484268
9744.447327	-118.454933
9745.120239	-118.471306
9745.793152	-118.820587
9746.466064	-118.641975
9747.138977	-118.690155
9747.811890	-118.905853
9748.484802	-118.561356
9749.157715	-118.878281
9749.830627	-118.878227
9750.503540	-118.915405
9751.176453	-118.629387
9751.849365	-118.806709
9752.522278	-118.923599
9753.195190	-118.611801
9753.868103	-118.352844
9754.541016	-118.714287
9755.213928	-118.561150
9755.886841	-118.314560
9756.559753	-118.384018
9757.232666	-118.488541
9757.905579	-118.451195
9758.578491	-118.979774
9759.251404	-118.878723
9759.924316	-118.545074
9760.597229	-118.454926
9761.270142	-118.920052
9761.943054	-119.300186
9762.615967	-118.850143
9763.288879	-118.525513
9763.961792	-118.904121
9764.634705	-118.512634
9765.307617	-118.814217
9765.980530	-118.767715
9766.653442	-118.621750
9767.326355	-118.169556
9767.999268	-118.251373
9768.672180	-118.384293
9769.345093	-118.773186
9770.018005	-118.830963
9770.690918	-118.729454
9771.363831	-118.688446
9772.036743	-119.199928
9772.709656	-118.786453
9773.382568	-118.268333
9774.055481	-118.623734
9774.728394	-119.281410
9775.401306	-119.386002
9776.074219	-119.146805
9776.747131	-118.451736
9777.420044	-118.350830
9778.092957	-118.816116
9778.765869	-118.971771
9779.438782	-118.682091
9780.111694	-118.547066
9780.784607	-118.528603
9781.457520	-118.987999
9782.130432	-118.913147
9782.803345	-118.758926
9783.476257	-119.010109
9784.149170	-119.389183
9784.822083	-118.670868
9785.494995	-118.571465
9786.167908	-118.711838
9786.840820	-119.000107
9787.513733	-119.050156
9788.186646	-118.659454
9788.859558	-118.650230
9789.532471	-118.459023
9790.205383	-118.209953
9790.878296	-118.531975
9791.551208	-118.457802
9792.224121	-118.392998
9792.897034	-118.772804
9793.569946	-118.667679
9794.242859	-118.605263
9794.915771	-119.177567
9795.588684	-119.299721
9796.261597	-118.705963
9796.934509	-118.579330
9797.607422	-118.690826
9798.280334	-118.845749
9798.953247	-119.570549
9799.626160	-119.576019
9800.299072	-118.993813
9800.971985	-119.138435
9801.644897	-119.252441
9802.317810	-118.844383
9802.990723	-118.622330
9803.663635	-119.081718
9804.336548	-118.342125
9805.009460	-118.388176
9805.682373	-118.760780
9806.355286	-118.813026
9807.028198	-118.412483
9807.701111	-118.499634
9808.374023	-119.144936
9809.046936	-119.408844
9809.719849	-118.728622
9810.392761	-118.501869
9811.065674	-118.769402
9811.738586	-118.484795
9812.411499	-118.713142
9813.084412	-118.848526
9813.757324	-118.804482
9814.430237	-118.987122
9815.103149	-118.637344
9815.776062	-118.655365
9816.448975	-118.697449
9817.121887	-118.713341
9817.794800	-119.004028
9818.467712	-118.741692
9819.140625	-118.714211
9819.813538	-118.940193
9820.486450	-118.745689
9821.159363	-118.588730
9821.832275	-118.682037
9822.505188	-118.573524
9823.178101	-118.761826
9823.851013	-118.916161
9824.523926	-118.594223
9825.196838	-118.768364
9825.869751	-119.128296
9826.542664	-118.925285
9827.215576	-118.880714
9827.888489	-119.237526
9828.561401	-119.197556
9829.234314	-118.844307
9829.907227	-118.914406
9830.580139	-118.629730
9831.253052	-118.464767
9831.925964	-118.658531
9832.598877	-119.337616
9833.271790	-119.138527
9833.944702	-118.712036
9834.617615	-118.808029
9835.290527	-118.565033
9835.963440	-118.546303
9836.636353	-118.992081
9837.309265	-118.938461
9837.982178	-118.609642
9838.655090	-119.069603
9839.328003	-118.877174
9840.000916	-118.882942
9840.673828	-118.975037
9841.346741	-118.456795
9842.019653	-118.850578
9842.692566	-119.407433
9843.365479	-119.206619
9844.038391	-118.738022
9844.711304	-118.735718
9845.384216	-118.961227
9846.057129	-118.722015
9846.730042	-118.787964
9847.402954	-118.657593
9848.075867	-118.828362
9848.748779	-118.402840
9849.421692	-118.633751
9850.094604	-119.164833
9850.767517	-119.163719
9851.440430	-118.757149
9852.113342	-119.133888
9852.786255	-118.601616
9853.459167	-118.574867
9854.132080	-118.868736
9854.804993	-118.765999
9855.477905	-118.552544
9856.150818	-118.946693
9856.823730	-118.846008
9857.496643	-118.955872
9858.169556	-119.015434
9858.842468	-119.039223
9859.515381	-118.685707
9860.188293	-119.112892
9860.861206	-119.340096
9861.534119	-119.109596
9862.207031	-119.300926
9862.879944	-118.887207
9863.552856	-119.030365
9864.225769	-119.059280
9864.898682	-118.712891
9865.571594	-118.725159
9866.244507	-119.545959
9866.917419	-119.608238
9867.590332	-119.385719
9868.263245	-119.029114
9868.936157	-118.837540
9869.609070	-118.625122
9870.281982	-118.276917
9870.954895	-118.904213
9871.627808	-119.182549
9872.300720	-118.669632
9872.973633	-118.809540
9873.646545	-119.265617
9874.319458	-119.116814
9874.992371	-119.045341
9875.665283	-119.079018
9876.338196	-118.758797
9877.011108	-118.900734
9877.684021	-118.874329
9878.356934	-119.048462
9879.029846	-119.025558
9879.702759	-119.144928
9880.375671	-118.986107
9881.048584	-118.900703
9881.721497	-119.271996
9882.394409	-119.282379
9883.067322	-119.172600
9883.740234	-119.191948
9884.413147	-118.762726
9885.086060	-118.905174
9885.758972	-119.477272
9886.431885	-118.820602
9887.104797	-118.344009
9887.777710	-118.341133
9888.450623	-118.951408
9889.123535	-119.455849
9889.796448	-119.022728
9890.469360	-118.933479
9891.142273	-119.129089
9891.815186	-119.171326
9892.488098	-119.178818
9893.161011	-118.920197
9893.833923	-118.951340
9894.506836	-119.043304
9895.179749	-119.031471
9895.852661	-119.233856
9896.525574	-118.977333
9897.198486	-119.236000
9897.871399	-119.240723
9898.544312	-119.182457
9899.217224	-118.921906
9899.890137	-119.106339
9900.563049	-118.909988
9901.235962	-119.021515
9901.908875	-119.101799
9902.581787	-119.233322
9903.254700	-119.049660
9903.927612	-118.947670
9904.600525	-118.844597
9905.273438	-118.641052
9905.946350	-118.880455
9906.619263	-119.366074
9907.292175	-119.284180
9907.965088	-118.760841
9908.638000	-118.745010
9909.310913	-118.959282
9909.983826	-119.114975
9910.656738	-119.152245
9911.329651	-119.062523
9912.002563	-118.867874
9912.675476	-118.829453
9913.348389	-118.753006
9914.021301	-119.283981
9914.694214	-118.848595
9915.367126	-118.911751
9916.040039	-119.278564
9916.712952	-119.127556
9917.385864	-119.021187
9918.058777	-118.993767
9918.731689	-119.051506
9919.404602	-119.093948
9920.077515	-118.987755
9920.750427	-118.881439
9921.423340	-118.775291
9922.096252	-119.022102
9922.769165	-118.983734
9923.442078	-118.951912
9924.114990	-118.801422
9924.787903	-118.767654
9925.460815	-119.115448
9926.133728	-119.588699
9926.806641	-119.181068
9927.479553	-119.043709
9928.152466	-119.002243
9928.825378	-118.651100
9929.498291	-118.895622
9930.171204	-118.995537
9930.844116	-118.872101
9931.517029	-119.108299
9932.189941	-118.896477
9932.862854	-118.556198
9933.535767	-119.274963
9934.208679	-119.858238
9934.881592	-119.194756
9935.554504	-118.774635
9936.227417	-118.842964
9936.900330	-119.072220
9937.573242	-119.278992
9938.246155	-119.046638
9938.919067	-119.301704
9939.591980	-118.801361
9940.264893	-118.736717
9940.937805	-118.989990
9941.610718	-119.083176
9942.283630	-119.523048
9942.956543	-118.684448
9943.629456	-118.752403
9944.302368	-118.857628
9944.975281	-118.714142
9945.648193	-119.077057
9946.321106	-119.132530
9946.994019	-119.461929
9947.666931	-119.407364
9948.339844	-119.641304
9949.012756	-119.300644
9949.685669	-119.255157
9950.358582	-119.292496
9951.031494	-119.163773
9951.704407	-119.029320
9952.377319	-118.767723
9953.050232	-118.874199
9953.723145	-119.215065
9954.396057	-119.833961
9955.068970	-119.428734
9955.741882	-119.451515
9956.414795	-119.797913
9957.087708	-119.435265
9957.760620	-119.219261
9958.433533	-119.136650
9959.106445	-118.993217
9959.779358	-119.418068
9960.452271	-119.098488
9961.125183	-118.619324
9961.798096	-118.706963
9962.471008	-119.101654
9963.143921	-119.135559
9963.816833	-119.297073
9964.489746	-118.893700
9965.162659	-118.874840
9965.835571	-118.950203
9966.508484	-119.361755
9967.181396	-119.891487
9967.854309	-119.772690
9968.527222	-119.369362
9969.200134	-119.360214
9969.873047	-119.242493
9970.545959	-119.326523
9971.218872	-119.409546
9971.891785	-119.073456
9972.564697	-118.803802
9973.237610	-119.174965
9973.910522	-119.001205
9974.583435	-119.032143
9975.256348	-119.200592
9975.929260	-119.167068
9976.602173	-118.977699
9977.275085	-119.224190
9977.947998	-119.059097
9978.620911	-119.109245
9979.293823	-119.178513
9979.966736	-118.781929
9980.639648	-119.265930
9981.312561	-119.423889
9981.985474	-119.320137
9982.658386	-119.481117
9983.331299	-119.413437
9984.004211	-119.169273
9984.677124	-119.333954
9985.350037	-119.703186
9986.022949	-119.448212
9986.695862	-119.688766
9987.368774	-119.177063
9988.041687	-119.147469
9988.714600	-119.230270
9989.387512	-119.203354
9990.060425	-119.118813
9990.733337	-118.934898
9991.406250	-119.012131
9992.079163	-119.331955
9992.752075	-119.439949
9993.424988	-119.320480
9994.097900	-119.260323
9994.770813	-119.671089
9995.443726	-119.445786
9996.116638	-119.467728
9996.789551	-119.443901
9997.462463	-118.889824
9998.135376	-118.895729
9998.808289	-119.430641
9999.481201	-119.365761
10000.154114	-119.106049
10000.827026	-119.272141
10001.499939	-119.580315
10002.172852	-119.579727
10002.845764	-119.559715
10003.518677	-119.456581
10004.191589	-119.261513
10004.864502	-119.271843
10005.537415	-119.509796
10006.210327	-119.382240
10006.883240	-119.618324
10007.556152	-119.589577
10008.229065	-119.327164
10008.901978	-119.132973
10009.574890	-119.247284
10010.247803	-119.640137
10010.920715	-119.301323
10011.593628	-118.938850
10012.266541	-118.914413
10012.939453	-119.251068
10013.612366	-119.468437
10014.285278	-119.215042
10014.958191	-119.149506
10015.631104	-119.176331
10016.304016	-119.465637
10016.976929	-119.244972
10017.649841	-119.546898
10018.322754	-119.469269
10018.995667	-118.988945
10019.668579	-119.354393
10020.341492	-119.599205
10021.014404	-119.377518
10021.687317	-119.322937
10022.360229	-120.011742
10023.033142	-119.858109
10023.706055	-119.432823
10024.378967	-119.422859
10025.051880	-119.556519
10025.724792	-119.130600
10026.397705	-119.689079
10027.070618	-119.500099
10027.743530	-119.597649
10028.416443	-119.416489
10029.089355	-119.216248
10029.762268	-119.286278
10030.435181	-118.756683
10031.108093	-118.892998
10031.781006	-119.236160
10032.453918	-119.396965
10033.126831	-119.401756
10033.799744	-119.253784
10034.472656	-119.391335
10035.145569	-119.567314
10035.818481	-119.889999
10036.491394	-119.486282
10037.164307	-118.875084
10037.837219	-119.268456
10038.510132	-119.440201
10039.183044	-119.776863
10039.855957	-119.998810
10040.528870	-119.781151
10041.201782	-119.446983
10041.874695	-119.201576
10042.547607	-119.254211
10043.220520	-119.618858
10043.893433	-119.862785
10044.566345	-119.565613
10045.239258	-119.147881
10045.912170	-119.165390
10046.585083	-119.441635
10047.257996	-119.379280
10047.930908	-119.446877
10048.603821	-119.422127
10049.276733	-119.366997
10049.949646	-119.412872
10050.622559	-119.354279
10051.295471	-119.239113
10051.968384	-119.086128
10052.641296	-118.853439
10053.314209	-119.225121
10053.987122	-119.511436
10054.660034	-119.255562
10055.332947	-119.396408
10056.005859	-119.627945
10056.678772	-119.373131
10057.351685	-119.503609
10058.024597	-119.730873
10058.697510	-119.238426
10059.370422	-119.028976
10060.043335	-119.368393
10060.716248	-119.673218
10061.389160	-119.535439
10062.062073	-119.625771
10062.734985	-119.445824
10063.407898	-119.665642
10064.080811	-119.388916
10064.753723	-119.621124
10065.426636	-120.010910
10066.099548	-119.888206
10066.772461	-119.601868
10067.445374	-119.592239
10068.118286	-119.494087
10068.791199	-119.658417
10069.464111	-119.348846
10070.137024	-119.278801
10070.809937	-118.946632
10071.482849	-119.638947
10072.155762	-119.817932
10072.828674	-119.483284
10073.501587	-119.190392
10074.174500	-119.488213
10074.847412	-119.704742
10075.520325	-119.205605
10076.193237	-119.386772
10076.866150	-119.865982
10077.539062	-119.786552
10078.211975	-119.589668
10078.884888	-119.796394
10079.557800	-119.612274
10080.230713	-119.812820
10080.903625	-119.961227
10081.576538	-119.780220
10082.249451	-119.623917
10082.922363	-119.770943
10083.595276	-119.854271
10084.268188	-119.719940
10084.941101	-119.752136
10085.614014	-119.707283
10086.286926	-119.668739
10086.959839	-119.448578
10087.632751	-119.296432
10088.305664	-119.431160
10088.978577	-119.197357
10089.651489	-119.075165
10090.324402	-119.712738
10090.997314	-119.609612
10091.670227	-119.499458
10092.343140	-119.347694
10093.016052	-119.563110
10093.688965	-119.794731
10094.361877	-119.697670
10095.034790	-119.487389
10095.707703	-119.901962
10096.380615	-119.505714
10097.053528	-119.666656
10097.726440	-119.899063
10098.399353	-119.784981
10099.072266	-119.688217
10099.745178	-119.511681
10100.418091	-119.615517
10101.091003	-119.750694
10101.763916	-119.997604
10102.436829	-120.013870
10103.109741	-120.042130
10103.782654	-119.646248
10104.455566	-119.512772
10105.128479	-119.832779
10105.801392	-119.967216
10106.474304	-119.789688
10107.147217	-119.412491
10107.820129	-119.626549
10108.493042	-120.284309
10109.165955	-120.167145
10109.838867	-119.798286
10110.511780	-119.848267
10111.184692	-119.707237
10111.857605	-119.606560
10112.530518	-119.557526
10113.203430	-119.388123
10113.876343	-119.894218
10114.549255	-120.209206
10115.222168	-119.872116
10115.895081	-120.003456
10116.567993	-120.097946
10117.240906	-119.840065
10117.913818	-119.615959
10118.586731	-119.684593
10119.259644	-119.170555
10119.932556	-119.155365
10120.605469	-119.675484
10121.278381	-119.629021
10121.951294	-119.593140
10122.624207	-119.579140
10123.297119	-119.613541
10123.970032	-119.595070
10124.642944	-119.888573
10125.315857	-119.798096
10125.988770	-119.810249
10126.661682	-120.036835
10127.334595	-120.274033
10128.007507	-120.343666
10128.680420	-119.653313
10129.353333	-119.697960
10130.026245	-119.635284
10130.699158	-119.509773
10131.372070	-119.412285
10132.044983	-119.219147
10132.717896	-119.189804
10133.390808	-119.478081
10134.063721	-119.201248
10134.736633	-119.320877
10135.409546	-119.359856
10136.082458	-119.231125
10136.755371	-118.993477
10137.428284	-119.128662
10138.101196	-119.642776
10138.774109	-120.315102
10139.447021	-120.417282
10140.119934	-119.485283
10140.792847	-119.211967
10141.465759	-119.307304
10142.138672	-119.731880
10142.811584	-119.994995
10143.484497	-119.853699
10144.157410	-119.748810
10144.830322	-119.795151
10145.503235	-119.417656
10146.176147	-119.478867
10146.849060	-119.905602
10147.521973	-119.908714
10148.194885	-119.476089
10148.867798	-119.578430
10149.540710	-119.598946
10150.213623	-119.704033
10150.886536	-119.552383
10151.559448	-119.227478
10152.232361	-119.529137
10152.905273	-119.870758
10153.578186	-120.211990
10154.251099	-119.803093
10154.924011	-119.788689
10155.596924	-120.028061
10156.269836	-119.785103
10156.942749	-119.515686
10157.615662	-119.519966
10158.288574	-120.009315
10158.961487	-120.182930
10159.634399	-119.835388
10160.307312	-119.966087
10160.980225	-120.522743
10161.653137	-120.002769
10162.326050	-119.918114
10162.998962	-119.754929
10163.671875	-120.064331
10164.344788	-120.192368
10165.017700	-119.839050
10165.690613	-119.916458
10166.363525	-119.714546
10167.036438	-119.863586
10167.709351	-119.873756
10168.382263	-119.859390
10169.055176	-119.956207
10169.728088	-120.037132
10170.401001	-119.625351
10171.073914	-119.793350
10171.746826	-120.066093
10172.419739	-120.207916
10173.092651	-120.438141
10173.765564	-120.456635
10174.438477	-120.016411
10175.111389	-119.908165
10175.784302	-119.888702
10176.457214	-119.888863
10177.130127	-119.376503
10177.803040	-119.394730
10178.475952	-119.666336
10179.148865	-120.057953
10179.821777	-120.269981
10180.494690	-120.123428
10181.167603	-119.929298
10181.840515	-120.122284
10182.513428	-119.749466
10183.186340	-119.683060
10183.859253	-119.957375
10184.532166	-120.332184
10185.205078	-120.790558
10185.877991	-120.702835
10186.550903	-120.441658
10187.223816	-120.084694
10187.896729	-119.622818
10188.569641	-119.308968
10189.242554	-120.221863
10189.915466	-120.152336
10190.588379	-120.131371
10191.261292	-119.865692
10191.934204	-119.347702
10192.607117	-119.618950
10193.280029	-119.693832
10193.952942	-119.725281
10194.625854	-119.835594
10195.298767	-120.002502
10195.971680	-119.899017
10196.644592	-119.801102
10197.317505	-119.666840
10197.990417	-119.966591
10198.663330	-120.668655
10199.336243	-120.319687
10200.009155	-119.940910
10200.682068	-120.031929
10201.354980	-120.110619
10202.027893	-120.152573
10202.700806	-119.806107
10203.373718	-119.711830
10204.046631	-119.765923
10204.719543	-119.788986
10205.392456	-120.280968
10206.065369	-119.977036
10206.738281	-119.626259
10207.411194	-119.552063
10208.084106	-119.829117
10208.757019	-120.467796
10209.429932	-120.555099
10210.102844	-119.920929
10210.775757	-119.685410
10211.448669	-119.955658
10212.121582	-119.686012
10212.794495	-120.213417
10213.467407	-120.582794
10214.140320	-120.270287
10214.813232	-120.057999
10215.486145	-119.892815
10216.159058	-119.904915
10216.831970	-119.959457
10217.504883	-120.210640
10218.177795	-120.131271
10218.850708	-120.272530
10219.523621	-119.849037
10220.196533	-120.115898
10220.869446	-119.815247
10221.542358	-119.891258
10222.215271	-120.116768
10222.888184	-120.069321
10223.561096	-120.169388
10224.234009	-120.338814
10224.906921	-120.146111
10225.579834	-120.345940
10226.252747	-120.283798
10226.925659	-120.364632
10227.598572	-120.368736
10228.271484	-120.300331
10228.944397	-120.632042
10229.617310	-120.264946
10230.290222	-120.086250
10230.963135	-120.172218
10231.636047	-120.029427
10232.308960	-120.126907
10232.981873	-120.482613
10233.654785	-120.342651
10234.327698	-120.231560
10235.000610	-120.028275
10235.673523	-120.029404
10236.346436	-120.139488
10237.019348	-119.824928
10237.692261	-119.857330
10238.365173	-120.586029
10239.038086	-120.309601
10239.710999	-120.061836
10240.383911	-120.439018
10241.056824	-120.360535
10241.729736	-120.393936
10242.402649	-120.196594
10243.075562	-120.284393
10243.748474	-120.101746
10244.421387	-120.330421
10245.094299	-119.995232
10245.767212	-120.256119
10246.440125	-120.513931
10247.113037	-120.401062
10247.785950	-120.123184
10248.458862	-120.028587
10249.131775	-120.640816
10249.804688	-121.030807
10250.477600	-120.342033
10251.150513	-120.194962
10251.823425	-120.567444
10252.496338	-120.536011
10253.169250	-120.271942
10253.842163	-120.338036
10254.515076	-120.162720
10255.187988	-119.955132
10255.860901	-120.155846
10256.533813	-120.569916
10257.206726	-120.494797
10257.879639	-120.431412
10258.552551	-120.434837
10259.225464	-120.281387
10259.898376	-120.322578
10260.571289	-120.139923
10261.244202	-120.116356
10261.917114	-120.197701
10262.590027	-120.268692
10263.262939	-120.464790
10263.935852	-120.548340
10264.608765	-120.647789
10265.281677	-120.539597
10265.954590	-120.058044
10266.627502	-120.427971
10267.300415	-120.313416
10267.973328	-120.564308
10268.646240	-120.497337
10269.319153	-120.318802
10269.992065	-120.626320
10270.664978	-120.731178
10271.337891	-120.508820
10272.010803	-120.654907
10272.683716	-121.298035
10273.356628	-121.134575
10274.029541	-120.364334
10274.702454	-119.962921
10275.375366	-120.433510
10276.048279	-120.515457
10276.721191	-120.311150
10277.394104	-120.381058
10278.067017	-120.191628
10278.739929	-120.392868
10279.412842	-120.673996
10280.085754	-120.600639
10280.758667	-120.876999
10281.431580	-120.927681
10282.104492	-120.495537
10282.777405	-120.015793
10283.450317	-120.095268
10284.123230	-120.199265
10284.796143	-120.250793
10285.469055	-120.276123
10286.141968	-120.636093
10286.814880	-120.732864
10287.487793	-120.763817
10288.160706	-120.639503
10288.833618	-120.504700
10289.506531	-120.706238
10290.179443	-120.534264
10290.852356	-120.365570
10291.525269	-120.750237
10292.198181	-120.877014
10292.871094	-120.548386
10293.544006	-120.023018
10294.216919	-120.448891
10294.889832	-120.742805
10295.562744	-120.570572
10296.235657	-120.587975
10296.908569	-120.690468
10297.581482	-120.865196
10298.254395	-120.579865
10298.927307	-120.358292
10299.600220	-120.572670
10300.273132	-120.964706
10300.946045	-120.922173
10301.618958	-120.431953
10302.291870	-119.668526
10302.964783	-120.205322
10303.637695	-120.725891
10304.310608	-120.665871
10304.983521	-120.817268
10305.656433	-120.603951
10306.329346	-120.694519
10307.002258	-120.599419
10307.675171	-120.511520
10308.348083	-121.048035
10309.020996	-120.613892
10309.693909	-120.446999
10310.366821	-120.699142
10311.039734	-120.798752
10311.712646	-120.547485
10312.385559	-120.801033
10313.058472	-120.755730
10313.731384	-120.572464
10314.404297	-120.869385
10315.077209	-120.783928
10315.750122	-120.598717
10316.423035	-120.444046
10317.095947	-120.477226
10317.768860	-120.385231
10318.441772	-120.441292
10319.114685	-120.661659
10319.787598	-120.783165
10320.460510	-120.661194
10321.133423	-121.152596
10321.806335	-120.578918
10322.479248	-120.406853
10323.152161	-120.287598
10323.825073	-120.570305
10324.497986	-120.944473
10325.170898	-120.778954
10325.843811	-120.609016
10326.516724	-120.920357
10327.189636	-120.678375
10327.862549	-120.481926
10328.535461	-120.432999
10329.208374	-120.504105
10329.881287	-120.734619
10330.554199	-120.429443
10331.227112	-120.652466
10331.900024	-120.560936
10332.572937	-120.642006
10333.245850	-120.671280
10333.918762	-120.899040
10334.591675	-120.892647
10335.264587	-120.863564
10335.937500	-120.572174
10336.610413	-120.650810
10337.283325	-120.895592
10337.956238	-121.158394
10338.629150	-121.021683
10339.302063	-121.007935
10339.974976	-120.964577
10340.647888	-120.774719
10341.320801	-120.947495
10341.993713	-120.717186
10342.666626	-120.873924
10343.339539	-120.492790
10344.012451	-120.439522
10344.685364	-120.443481
10345.358276	-120.514557
10346.031189	-120.543175
10346.704102	-120.610725
10347.377014	-120.517868
10348.049927	-120.328789
10348.722839	-120.244995
10349.395752	-120.111160
10350.068665	-120.512810
10350.741577	-120.757591
10351.414490	-120.926720
10352.087402	-120.740105
10352.760315	-120.846451
10353.433228	-120.899712
10354.106140	-120.579384
10354.779053	-120.954887
10355.451965	-121.083221
10356.124878	-121.050964
10356.797791	-120.661041
10357.470703	-120.781357
10358.143616	-120.382607
10358.816528	-121.025932
10359.489441	-120.884338
10360.162354	-120.581268
10360.835266	-120.943718
10361.508179	-120.999435
10362.181091	-120.644432
10362.854004	-121.007973
10363.526917	-121.078384
10364.199829	-121.031288
10364.872742	-121.125877
10365.545654	-120.784477
10366.218567	-120.804688
10366.891479	-121.397881
10367.564392	-121.438210
10368.237305	-121.081718
10368.910217	-121.162788
10369.583130	-121.499161
10370.256042	-121.077049
10370.928955	-120.518837
10371.601868	-121.174973
10372.274780	-121.237129
10372.947693	-120.985977
10373.620605	-120.717537
10374.293518	-120.977386
10374.966431	-120.685776
10375.639343	-120.891281
10376.312256	-121.374672
10376.985168	-121.056335
10377.658081	-120.478699
10378.330994	-120.955864
10379.003906	-120.955078
10379.676819	-120.692612
10380.349731	-121.019547
10381.022644	-120.946915
10381.695557	-121.073875
10382.368469	-120.991837
10383.041382	-121.239265
10383.714294	-121.047653
10384.387207	-121.058517
10385.060120	-121.050713
10385.733032	-121.034088
10386.405945	-120.613228
10387.078857	-120.721352
10387.751770	-121.506516
10388.424683	-121.466476
10389.097595	-121.278999
10389.770508	-121.169113
10390.443420	-121.358299
10391.116333	-120.997917
10391.789246	-121.085205
10392.462158	-121.025192
10393.135071	-120.849831
10393.807983	-120.977615
10394.480896	-121.149338
10395.153809	-121.138824
10395.826721	-121.199730
10396.499634	-121.227295
10397.172546	-121.570389
10397.845459	-121.179489
10398.518372	-120.980423
10399.191284	-121.146484
10399.864197	-121.348053
10400.537109	-120.953781
10401.210022	-121.282524
10401.882935	-121.661797
10402.555847	-121.024803
10403.228760	-121.132431
10403.901672	-120.798157
10404.574585	-121.182724
10405.247498	-121.698479
10405.920410	-121.573006
10406.593323	-121.282768
10407.266235	-121.338783
10407.939148	-121.671371
10408.612061	-121.674461
10409.284973	-121.615593
10409.957886	-121.707932
10410.630798	-121.819809
10411.303711	-121.617264
10411.976624	-121.537582
10412.649536	-121.480537
10413.322449	-121.404404
10413.995361	-121.740768
10414.668274	-121.679085
10415.341187	-121.371483
10416.014099	-121.237602
10416.687012	-121.036316
10417.359924	-121.223289
10418.032837	-121.340515
10418.705750	-121.343521
10419.378662	-121.405411
10420.051575	-121.264397
10420.724487	-121.343651
10421.397400	-121.188370
10422.070312	-121.241074
10422.743225	-121.475670
10423.416138	-121.871628
10424.089050	-121.137344
10424.761963	-121.042023
10425.434875	-121.096954
10426.107788	-121.271866
10426.780701	-120.992928
10427.453613	-121.108032
10428.126526	-121.182297
10428.799438	-121.419624
10429.472351	-121.707802
10430.145264	-121.472023
10430.818176	-121.356781
10431.491089	-121.295532
10432.164001	-121.134697
10432.836914	-121.174530
10433.509827	-121.261452
10434.182739	-121.067657
10434.855652	-121.612968
10435.528564	-121.381454
10436.201477	-121.450157
10436.874390	-121.308411
10437.547302	-121.452065
10438.220215	-121.265030
10438.893127	-120.966911
10439.566040	-121.154114
10440.238953	-121.475616
10440.911865	-121.452576
10441.584778	-121.226646
10442.257690	-121.341858
10442.930603	-121.428055
10443.603516	-121.328941
10444.276428	-121.496758
10444.949341	-121.547379
10445.622253	-121.130333
10446.295166	-121.540810
10446.968079	-121.605247
10447.640991	-121.451286
10448.313904	-121.613800
10448.986816	-121.466805
10449.659729	-121.538193
10450.332642	-121.432350
10451.005554	-121.275490
10451.678467	-121.556839
10452.351379	-121.497818
10453.024292	-121.556000
10453.697205	-121.327240
10454.370117	-121.305733
10455.043030	-121.386879
10455.715942	-121.360687
10456.388855	-121.733589
10457.061768	-121.747787
10457.734680	-121.714981
10458.407593	-121.925102
10459.080505	-121.942123
10459.753418	-121.815155
10460.426331	-122.086700
10461.099243	-122.309814
10461.772156	-121.538986
10462.445068	-121.425400
10463.117981	-121.730118
10463.790894	-121.354973
10464.463806	-121.248222
10465.136719	-121.806572
10465.809631	-122.040459
10466.482544	-121.852882
10467.155457	-121.934082
10467.828369	-122.037346
10468.501282	-121.855370
10469.174194	-121.788658
10469.847107	-121.544304
10470.520020	-121.764015
10471.192932	-121.653313
10471.865845	-121.461792
10472.538757	-121.562134
10473.211670	-121.727806
10473.884583	-121.838341
10474.557495	-121.305855
10475.230408	-121.129166
10475.903320	-121.405792
10476.576233	-121.924988
10477.249146	-121.810326
10477.922058	-122.000671
10478.594971	-121.907394
10479.267883	-121.658997
10479.940796	-121.421967
10480.613708	-121.563255
10481.286621	-122.094254
10481.959534	-122.007034
10482.632446	-122.046349
10483.305359	-121.798195
10483.978271	-121.489883
10484.651184	-121.772697
10485.324097	-122.077698
10485.997009	-121.345787
10486.669922	-121.086159
10487.342834	-121.300262
10488.015747	-121.304314
10488.688660	-120.973618
10489.361572	-121.214745
10490.034485	-121.625397
10490.707397	-121.632362
10491.380310	-121.641403
10492.053223	-121.507919
10492.726135	-121.437927
10493.399048	-121.606110
10494.071960	-121.822716
10494.744873	-122.057564
10495.417786	-121.954559
10496.090698	-121.934143
10496.763611	-122.311790
10497.436523	-122.143997
10498.109436	-121.556190
10498.782349	-121.675949
10499.455261	-121.983299
10500.128174	-122.254669
10500.801086	-122.100174
10501.473999	-122.147232
10502.146912	-122.074181
10502.819824	-121.561699
10503.492737	-122.198692
10504.165649	-121.801086
10504.838562	-122.089432
10505.511475	-122.030716
10506.184387	-121.761589
10506.857300	-122.064034
10507.530212	-121.696503
10508.203125	-121.671616
10508.876038	-121.637634
10509.548950	-122.130753
10510.221863	-122.121155
10510.894775	-121.636681
10511.567688	-121.908211
10512.240601	-121.923721
10512.913513	-121.761330
10513.586426	-121.976929
10514.259338	-121.910248
10514.932251	-122.187729
10515.605164	-122.077530
10516.278076	-121.947433
10516.950989	-122.249413
10517.623901	-122.452042
10518.296814	-122.202255
10518.969727	-122.227455
10519.642639	-122.096962
10520.315552	-121.761169
10520.988464	-121.853630
10521.661377	-122.145531
10522.334290	-122.082054
10523.007202	-121.791801
10523.680115	-122.266266
10524.353027	-122.793533
10525.025940	-122.191353
10525.698853	-121.997528
10526.371765	-122.101105
10527.044678	-122.541222
10527.717590	-122.389420
10528.390503	-122.196724
10529.063416	-122.026947
10529.736328	-122.412819
10530.409241	-122.399368
10531.082153	-122.186440
10531.755066	-122.282524
10532.427979	-121.976753
10533.100891	-121.882530
10533.773804	-121.889351
10534.446716	-121.958557
10535.119629	-121.872292
10535.792542	-121.958206
10536.465454	-122.203941
10537.138367	-121.840698
10537.811279	-121.762787
10538.484192	-122.295158
10539.157104	-122.667709
10539.830017	-122.504066
10540.502930	-122.114708
10541.175842	-122.167366
10541.848755	-122.238579
10542.521667	-122.069702
10543.194580	-121.942474
10543.867493	-121.901344
10544.540405	-122.017563
10545.213318	-122.452354
10545.886230	-122.490791
10546.559143	-122.474380
10547.232056	-121.913559
10547.904968	-122.121704
10548.577881	-122.147476
10549.250793	-122.177940
10549.923706	-122.231583
10550.596619	-122.599319
10551.269531	-122.089912
10551.942444	-122.295746
10552.615356	-122.429611
10553.288269	-122.191116
10553.961182	-122.321442
10554.634094	-122.485222
10555.307007	-122.015289
10555.979919	-122.006622
10556.652832	-122.225327
10557.325745	-122.422897
10557.998657	-122.361198
10558.671570	-121.994850
10559.344482	-122.168678
10560.017395	-122.304054
10560.690308	-122.263077
10561.363220	-122.314789
10562.036133	-122.567978
10562.709045	-122.856026
10563.381958	-122.781883
10564.054871	-122.619858
10564.727783	-122.245438
10565.400696	-122.535988
10566.073608	-122.050186
10566.746521	-122.350845
10567.419434	-122.528206
10568.092346	-122.641937
10568.765259	-122.432281
10569.438171	-122.581596
10570.111084	-122.677025
10570.783997	-122.486465
10571.456909	-122.502541
10572.129822	-122.575882
10572.802734	-122.369537
10573.475647	-122.165657
10574.148560	-122.174080
10574.821472	-122.314995
10575.494385	-122.668839
10576.167297	-122.420006
10576.840210	-122.196808
10577.513123	-122.651405
10578.186035	-122.982635
10578.858948	-122.653091
10579.531860	-122.438110
10580.204773	-122.513290
10580.877686	-122.331482
10581.550598	-122.613457
10582.223511	-122.726395
10582.896423	-122.768105
10583.569336	-122.311241
10584.242249	-121.959984
10584.915161	-121.953285
10585.588074	-122.236595
10586.260986	-122.487572
10586.933899	-122.363663
10587.606812	-122.268066
10588.279724	-122.100754
10588.952637	-122.417564
10589.625549	-123.107201
10590.298462	-122.541313
10590.971375	-122.442101
10591.644287	-122.661385
10592.317200	-122.639732
10592.990112	-122.694054
10593.663025	-122.598061
10594.335938	-122.685013
10595.008850	-122.768570
10595.681763	-122.885887
10596.354675	-122.729652
10597.027588	-122.391243
10597.700500	-122.867836
10598.373413	-122.944023
10599.046326	-122.731140
10599.719238	-122.600098
10600.392151	-122.459007
10601.065063	-122.451935
10601.737976	-122.760826
10602.410889	-122.624245
10603.083801	-122.778381
10603.756714	-122.970795
10604.429626	-123.157814
10605.102539	-123.037605
10605.775452	-122.889282
10606.448364	-122.987816
10607.121277	-122.392868
10607.794189	-122.667435
10608.467102	-122.861961
10609.140015	-122.878738
10609.812927	-122.523872
10610.485840	-122.603691
10611.158752	-122.668663
10611.831665	-122.765923
10612.504578	-122.937172
10613.177490	-122.807014
10613.850403	-122.773987
10614.523315	-122.699623
10615.196228	-122.788940
10615.869141	-122.850548
10616.542053	-122.385010
10617.214966	-123.370438
10617.887878	-123.254890
10618.560791	-123.335548
10619.233704	-123.206757
10619.906616	-122.509308
10620.579529	-122.799637
10621.252441	-122.667671
10621.925354	-122.534302
10622.598267	-122.561653
10623.271179	-122.592529
10623.944092	-122.852493
10624.617004	-122.676682
10625.289917	-122.976936
10625.962830	-122.655907
10626.635742	-122.646568
10627.308655	-123.099617
10627.981567	-122.942177
10628.654480	-122.540642
10629.327393	-122.629524
10630.000305	-122.928085
10630.673218	-122.965324
10631.346130	-122.739395
10632.019043	-123.308037
10632.691956	-122.749557
10633.364868	-122.640350
10634.037781	-123.084641
10634.710693	-123.265785
10635.383606	-122.906044
10636.056519	-122.724693
10636.729431	-122.861572
10637.402344	-122.918922
10638.075256	-122.714767
10638.748169	-122.768074
10639.421082	-123.149506
10640.093994	-123.353683
10640.766907	-123.234047
10641.439819	-123.280052
10642.112732	-122.878624
10642.785645	-122.703819
10643.458557	-122.980911
10644.131470	-123.287720
10644.804382	-123.231728
10645.477295	-123.061531
10646.150208	-122.767410
10646.823120	-122.877556
10647.496033	-122.941071
10648.168945	-123.439674
10648.841858	-123.377831
10649.514771	-123.418343
10650.187683	-123.608963
10650.860596	-122.857430
10651.533508	-122.694618
10652.206421	-122.831886
10652.879333	-123.009758
10653.552246	-123.215057
10654.225159	-123.051216
10654.898071	-122.974060
10655.570984	-123.096764
10656.243896	-123.089851
10656.916809	-123.097206
10657.589722	-123.043961
10658.262634	-122.967926
10658.935547	-123.363922
10659.608459	-123.466064
10660.281372	-123.546562
10660.954285	-123.401802
10661.627197	-123.064896
10662.300110	-123.146492
10662.973022	-123.197350
10663.645935	-123.128036
10664.318848	-123.095284
10664.991760	-123.328873
10665.664673	-123.297058
10666.337585	-123.403717
10667.010498	-123.183365
10667.683411	-123.240410
10668.356323	-123.355515
10669.029236	-123.283623
10669.702148	-123.661995
10670.375061	-123.270309
10671.047974	-122.865784
10671.720886	-123.018890
10672.393799	-122.965309
10673.066711	-123.094200
10673.739624	-123.266167
10674.412537	-123.514160
10675.085449	-123.670555
10675.758362	-123.884171
10676.431274	-123.825378
10677.104187	-123.146339
10677.777100	-123.439880
10678.450012	-124.125725
10679.122925	-123.754021
10679.795837	-123.420494
10680.468750	-123.375153
10681.141663	-123.198738
10681.814575	-123.397842
10682.487488	-123.396271
10683.160400	-123.266731
10683.833313	-123.261620
10684.506226	-123.333855
10685.179138	-123.319908
10685.852051	-123.338020
10686.524963	-123.572342
10687.197876	-123.821442
10687.870789	-123.600647
10688.543701	-123.584412
10689.216614	-123.563461
10689.889526	-123.696114
10690.562439	-123.405121
10691.235352	-123.201363
10691.908264	-123.330299
10692.581177	-123.272743
10693.254089	-123.438721
10693.927002	-123.309128
10694.599915	-123.519699
10695.272827	-123.532837
10695.945740	-123.392532
10696.618652	-123.457214
10697.291565	-123.604752
10697.964478	-123.515999
10698.637390	-123.470848
10699.310303	-123.542641
10699.983215	-123.522957
10700.656128	-123.703964
10701.329041	-123.611916
10702.001953	-123.664932
10702.674866	-123.419601
10703.347778	-123.367546
10704.020691	-123.552658
10704.693604	-123.438347
10705.366516	-123.381157
10706.039429	-123.687607
10706.712341	-123.867043
10707.385254	-123.747421
10708.058167	-123.490593
10708.731079	-123.613640
10709.403992	-123.805817
10710.076904	-123.645386
10710.749817	-123.940468
10711.422729	-123.690964
10712.095642	-123.471664
10712.768555	-123.362656
10713.441467	-123.022263
10714.114380	-123.363884
10714.787292	-123.549629
10715.460205	-123.461372
10716.133118	-123.387802
10716.806030	-123.434158
10717.478943	-123.490356
10718.151855	-123.550804
10718.824768	-123.484612
10719.497681	-123.452675
10720.170593	-123.358093
10720.843506	-123.457870
10721.516418	-123.369438
10722.189331	-123.810570
10722.862244	-123.635406
10723.535156	-123.631287
10724.208069	-123.474373
10724.880981	-123.852791
10725.553894	-123.632355
10726.226807	-123.696289
10726.899719	-123.502945
10727.572632	-123.391220
10728.245544	-123.505463
10728.918457	-123.763786
10729.591370	-123.610771
10730.264282	-123.192078
10730.937195	-123.150314
10731.610107	-123.236710
10732.283020	-123.421204
10732.955933	-123.755852
10733.628845	-123.570099
10734.301758	-123.168495
10734.974670	-123.588493
10735.647583	-123.905838
10736.320496	-123.500061
10736.993408	-123.636497
10737.666321	-123.975716
10738.339233	-123.729874
10739.012146	-123.655724
10739.685059	-123.568741
10740.357971	-123.416626
10741.030884	-123.460426
10741.703796	-123.713455
10742.376709	-123.681129
10743.049622	-123.679916
10743.722534	-123.735756
10744.395447	-123.776314
10745.068359	-123.616417
10745.741272	-123.490898
10746.414185	-123.707184
10747.087097	-124.141251
10747.760010	-123.747948
10748.432922	-123.675987
10749.105835	-123.676041
10749.778748	-123.880569
10750.451660	-123.908501
10751.124573	-124.043823
10751.797485	-124.113037
10752.470398	-123.682205
10753.143311	-123.532799
10753.816223	-123.721687
10754.489136	-123.735657
10755.162048	-123.622650
10755.834961	-123.610718
10756.507874	-123.495491
10757.180786	-123.813660
10757.853699	-123.495796
10758.526611	-123.215317
10759.199524	-123.819008
10759.872437	-124.023590
10760.545349	-123.758812
10761.218262	-123.546051
10761.891174	-123.924767
10762.564087	-124.209396
10763.237000	-124.333870
10763.909912	-124.009155
10764.582825	-123.823456
10765.255737	-123.837524
10765.928650	-123.800316
10766.601562	-123.776054
10767.274475	-123.793587
10767.947388	-123.848579
10768.620300	-124.138245
10769.293213	-124.457138
10769.966125	-123.616402
10770.639038	-123.305397
10771.311951	-123.616722
10771.984863	-124.121864
10772.657776	-124.477966
10773.330688	-123.683983
10774.003601	-123.886314
10774.676514	-123.774689
10775.349426	-123.934517
10776.022339	-124.389748
10776.695251	-124.336540
10777.368164	-124.214943
10778.041077	-123.995728
10778.713989	-124.311325
10779.386902	-123.886787
10780.059814	-123.749725
10780.732727	-124.078499
10781.405640	-123.713387
10782.078552	-124.058250
10782.751465	-124.443024
10783.424377	-123.973648
10784.097290	-123.519051
10784.770203	-123.940346
10785.443115	-123.986328
10786.116028	-124.070465
10786.788940	-123.850342
10787.461853	-124.231834
10788.134766	-124.503296
10788.807678	-123.780197
10789.480591	-123.735748
10790.153503	-123.837257
10790.826416	-124.120140
10791.499329	-124.607315
10792.172241	-124.544159
10792.845154	-123.958618
10793.518066	-124.367294
10794.190979	-124.451691
10794.863892	-124.053558
10795.536804	-124.111778
10796.209717	-124.331177
10796.882629	-124.071281
10797.555542	-123.763069
10798.228455	-123.751747
10798.901367	-124.025551
10799.574280	-124.379730
10800.247192	-124.238785
10800.920105	-124.204689
10801.593018	-124.048599
10802.265930	-123.756691
10802.938843	-124.029556
10803.611755	-124.542351
10804.284668	-124.404984
10804.957581	-124.274078
10805.630493	-124.216209
10806.303406	-124.213043
10806.976318	-124.132103
10807.649231	-124.040977
10808.322144	-124.111168
10808.995056	-124.137474
10809.667969	-124.030830
10810.340881	-124.246925
10811.013794	-124.360374
10811.686707	-124.278374
10812.359619	-124.088593
10813.032532	-124.187378
10813.705444	-124.630562
10814.378357	-124.425957
10815.051270	-124.393326
10815.724182	-124.171211
10816.397095	-124.433426
10817.070007	-124.478745
10817.742920	-124.163620
10818.415833	-123.715889
10819.088745	-123.792793
10819.761658	-124.096161
10820.434570	-124.243462
10821.107483	-123.915352
10821.780396	-124.066673
10822.453308	-124.083092
10823.126221	-124.108429
10823.799133	-124.282372
10824.472046	-124.542290
10825.144958	-124.653458
10825.817871	-124.064346
10826.490784	-124.077530
10827.163696	-124.178497
10827.836609	-124.424477
10828.509521	-124.103516
10829.182434	-124.179497
10829.855347	-124.242584
10830.528259	-124.650726
10831.201172	-124.890999
10831.874084	-124.437126
10832.546997	-124.343315
10833.219910	-124.351410
10833.892822	-124.261383
10834.565735	-124.318932
10835.238647	-124.464668
10835.911560	-124.374710
10836.584473	-124.118690
10837.257385	-124.359810
10837.930298	-124.245918
10838.603210	-124.492523
10839.276123	-124.825027
10839.949036	-124.694466
10840.621948	-124.705170
10841.294861	-123.854782
10841.967773	-124.021072
10842.640686	-124.507156
10843.313599	-124.537926
10843.986511	-124.410797
10844.659424	-124.598976
10845.332336	-124.319206
10846.005249	-123.713951
10846.678162	-123.852135
10847.351074	-124.370659
10848.023987	-124.378036
10848.696899	-124.512680
10849.369812	-124.615608
10850.042725	-124.750290
10850.715637	-124.504883
10851.388550	-124.455353
10852.061462	-124.430084
10852.734375	-124.176346
10853.407288	-124.637909
10854.080200	-125.055099
10854.753113	-125.097313
10855.426025	-124.887451
10856.098938	-124.422508
10856.771851	-124.374771
10857.444763	-124.872963
10858.117676	-124.559784
10858.790588	-124.720093
10859.463501	-124.627800
10860.136414	-124.582680
10860.809326	-124.584404
10861.482239	-124.309891
10862.155151	-124.263489
10862.828064	-124.237114
10863.500977	-124.351814
10864.173889	-124.348816
10864.846802	-124.630020
10865.519714	-124.752563
10866.192627	-124.530563
10866.865540	-124.939323
10867.538452	-124.873451
10868.211365	-124.882072
10868.884277	-124.778908
10869.557190	-124.542816
10870.230103	-124.506264
10870.903015	-124.734314
10871.575928	-124.310982
10872.248840	-124.521881
10872.921753	-124.498573
10873.594666	-124.426796
10874.267578	-124.001228
10874.940491	-124.444336
10875.613403	-124.602142
10876.286316	-124.802094
10876.959229	-124.734802
10877.632141	-124.553520
10878.305054	-124.854141
10878.977966	-124.886505
10879.650879	-124.626045
10880.323792	-124.330650
10880.996704	-124.259460
10881.669617	-124.559006
10882.342529	-124.203316
10883.015442	-124.151520
10883.688354	-124.856514
10884.361267	-124.826958
10885.034180	-124.606926
10885.707092	-124.749168
10886.380005	-124.656738
10887.052917	-124.415169
10887.725830	-124.601044
10888.398743	-124.777702
10889.071655	-124.620300
10889.744568	-124.647232
10890.417480	-124.570091
10891.090393	-124.781258
10891.763306	-124.792503
10892.436218	-124.775650
10893.109131	-124.839432
10893.782043	-124.845665
10894.454956	-124.731270
10895.127869	-124.851639
10895.800781	-124.802231
10896.473694	-124.362503
10897.146606	-124.635612
10897.819519	-124.734375
10898.492432	-124.572647
10899.165344	-124.658340
10899.838257	-125.230522
10900.511169	-124.852806
10901.184082	-124.596222
10901.856995	-124.712723
10902.529907	-124.867500
10903.202820	-124.892273
10903.875732	-125.035767
10904.548645	-124.922195
10905.221558	-125.034348
10905.894470	-124.751984
10906.567383	-124.524780
10907.240295	-124.754219
10907.913208	-124.560112
10908.586121	-124.485428
10909.259033	-124.797623
10909.931946	-124.990257
10910.604858	-124.778229
10911.277771	-124.686394
10911.950684	-124.524223
10912.623596	-124.437531
10913.296509	-124.558746
10913.969421	-124.789352
10914.642334	-124.736855
10915.315247	-124.416069
10915.988159	-124.529312
10916.661072	-124.453606
10917.333984	-124.949364
10918.006897	-124.764397
10918.679810	-124.542770
10919.352722	-124.935661
10920.025635	-124.652428
10920.698547	-124.376335
10921.371460	-124.911148
10922.044373	-124.757896
10922.717285	-124.676193
10923.390198	-124.787315
10924.063110	-124.933632
10924.736023	-124.996063
10925.408936	-124.594460
10926.081848	-124.903252
10926.754761	-125.015320
10927.427673	-125.183617
10928.100586	-124.835442
10928.773499	-124.621193
10929.446411	-124.521179
10930.119324	-124.856735
10930.792236	-124.592331
10931.465149	-124.326378
10932.138062	-124.547180
10932.810974	-124.771355
10933.483887	-124.536049
10934.156799	-124.567261
10934.829712	-125.085114
10935.502625	-124.872002
10936.175537	-124.806236
10936.848450	-124.782822
10937.521362	-125.120872
10938.194275	-125.021332
10938.867188	-124.854347
10939.540100	-125.141945
10940.213013	-125.177139
10940.885925	-124.651733
10941.558838	-124.699242
10942.231750	-125.040329
10942.904663	-124.546837
10943.577576	-124.735458
10944.250488	-124.792999
10944.923401	-124.946190
10945.596313	-124.679123
10946.269226	-124.380219
10946.942139	-124.748169
10947.615051	-124.850075
10948.287964	-125.504341
10948.960876	-125.358482
10949.633789	-124.827934
10950.306702	-124.692581
10950.979614	-125.072075
10951.652527	-124.820831
10952.325439	-124.542557
10952.998352	-124.533905
10953.671265	-125.412270
10954.344177	-125.318520
10955.017090	-125.473824
10955.690002	-125.169876
10956.362915	-124.945938
10957.035828	-125.156357
10957.708740	-125.219040
10958.381653	-125.016243
10959.054565	-124.798668
10959.727478	-124.788528
10960.400391	-124.688614
10961.073303	-124.998962
10961.746216	-124.804024
10962.419128	-124.567261
10963.092041	-125.045486
10963.764954	-125.498192
10964.437866	-125.423973
10965.110779	-124.737419
10965.783691	-124.681999
10966.456604	-124.512817
10967.129517	-124.613861
10967.802429	-124.372643
10968.475342	-125.068939
10969.148254	-125.174835
10969.821167	-125.130592
10970.494080	-124.969360
10971.166992	-125.086052
10971.839905	-125.006493
10972.512817	-124.893692
10973.185730	-124.813438
10973.858643	-124.615829
10974.531555	-124.742104
10975.204468	-125.221977
10975.877380	-124.837204
10976.550293	-124.672554
10977.223206	-125.222305
10977.896118	-125.252655
10978.569031	-125.109703
10979.241943	-125.214180
10979.914856	-124.834816
10980.587769	-124.673706
10981.260681	-125.140236
10981.933594	-125.144791
10982.606506	-124.819054
10983.279419	-125.017052
10983.952332	-125.323433
10984.625244	-124.982155
10985.298157	-124.619308
10985.971069	-124.928772
10986.643982	-124.755333
10987.316895	-124.950180
10987.989807	-125.086090
10988.662720	-124.792763
10989.335632	-125.073479
10990.008545	-125.093430
10990.681458	-124.693756
10991.354370	-124.470360
10992.027283	-124.698601
10992.700195	-124.910194
10993.373108	-124.947479
10994.046021	-125.097610
10994.718933	-125.106277
10995.391846	-124.969559
10996.064758	-124.803284
10996.737671	-124.624542
10997.410583	-124.658897
10998.083496	-125.064194
10998.756409	-125.303459
10999.429321	-125.200066
11000.102234	-125.232071
11000.775146	-125.338608
11001.448059	-125.544426
11002.120972	-125.347839
11002.793884	-124.986267
11003.466797	-124.662209
11004.139709	-124.791176
11004.812622	-124.758934
11005.485535	-125.032372
11006.158447	-125.035004
11006.831360	-125.180534
11007.504272	-124.900917
11008.177185	-124.654068
11008.850098	-125.261642
11009.523010	-125.329300
11010.195923	-124.960136
11010.868835	-124.770164
11011.541748	-125.066528
11012.214661	-124.960625
11012.887573	-124.686974
11013.560486	-125.063263
11014.233398	-124.898117
11014.906311	-124.915428
11015.579224	-124.714935
11016.252136	-124.599609
11016.925049	-125.092842
11017.597961	-124.641907
11018.270874	-125.048492
11018.943787	-125.044128
11019.616699	-124.773415
11020.289612	-125.031166
11020.962524	-125.095642
11021.635437	-125.199188
11022.308350	-125.068993
11022.981262	-124.700279
11023.654175	-124.713028
11024.327087	-125.015602
