Частота (Гц)	Уровень (дБ)
0,672913	-96,047668
1,345825	-114,179031
2,018738	-116,859726
2,691650	-117,462112
3,364563	-114,387260
4,037476	-111,024963
4,710388	-109,129173
5,383301	-107,562393
6,056213	-108,758629
6,729126	-110,087456
7,402039	-109,580612
8,074951	-108,628860
8,747864	-105,792389
9,420776	-106,477356
10,093689	-106,794754
10,766602	-106,415703
11,439514	-106,023880
12,112427	-105,654243
12,785339	-103,720406
13,458252	-103,270805
14,131165	-102,649506
14,804077	-102,633522
15,476990	-101,512688
16,149902	-100,897591
16,822815	-98,641815
17,495728	-97,073563
18,168640	-93,964775
18,841553	-89,674202
19,514465	-85,459755
20,187378	-80,361389
20,860291	-79,724968
21,533203	-83,442970
22,206116	-90,005104
22,879028	-93,811394
23,551941	-93,396332
24,224854	-94,439796
24,897766	-95,439438
25,570679	-94,013199
26,243591	-93,580910
26,916504	-92,985626
27,589417	-91,372002
28,262329	-89,811958
28,935242	-88,424416
29,608154	-87,896896
30,281067	-85,444084
30,953979	-84,120895
31,626892	-84,519791
32,299805	-83,570107
32,972717	-82,129387
33,645630	-77,820648
34,318542	-73,244942
34,991455	-72,783318
35,664368	-76,704826
36,337280	-80,091248
37,010193	-82,493309
37,683105	-86,136337
38,356018	-87,054306
39,028931	-87,887650
39,701843	-90,558090
40,374756	-90,890068
41,047668	-90,897148
41,720581	-92,741760
42,393494	-92,595909
43,066406	-90,890442
43,739319	-91,086746
44,412231	-90,575096
45,085144	-89,712334
45,758057	-90,894127
46,430969	-90,825134
47,103882	-89,475937
47,776794	-87,971596
48,449707	-86,908760
49,122620	-86,124550
49,795532	-87,530785
50,468445	-89,046173
51,141357	-87,460991
51,814270	-85,479095
52,487183	-84,715271
53,160095	-84,930359
53,833008	-85,900826
54,505920	-85,307816
55,178833	-82,622147
55,851746	-80,291321
56,524658	-78,588150
57,197571	-79,314636
57,870483	-80,599007
58,543396	-81,091240
59,216309	-81,749046
59,889221	-81,898232
60,562134	-82,627007
61,235046	-84,032211
61,907959	-83,485291
62,580872	-83,510864
63,253784	-84,871178
63,926697	-85,694389
64,599609	-85,893242
65,272522	-86,391830
65,945435	-86,765472
66,618347	-86,009148
67,291260	-86,297295
67,964172	-85,893753
68,637085	-83,594383
69,309998	-81,659470
69,982910	-80,281296
70,655823	-80,927155
71,328735	-82,774498
72,001648	-83,767998
72,674561	-84,066208
73,347473	-84,923630
74,020386	-85,476006
74,693298	-86,032310
75,366211	-88,066032
76,039124	-89,037575
76,712036	-88,262070
77,384949	-87,373001
78,057861	-86,965363
78,730774	-87,219559
79,403687	-86,620308
80,076599	-85,867287
80,749512	-85,508003
81,422424	-85,657509
82,095337	-86,859787
82,768250	-89,531166
83,441162	-91,870682
84,114075	-92,559196
84,786987	-90,993454
85,459900	-88,855919
86,132812	-86,181335
86,805725	-83,923393
87,478638	-83,414566
88,151550	-84,323738
88,824463	-85,173584
89,497375	-84,946960
90,170288	-85,925621
90,843201	-86,350449
91,516113	-84,064766
92,189026	-85,349495
92,861938	-88,025673
93,534851	-86,629776
94,207764	-87,159477
94,880676	-87,093819
95,553589	-85,922234
96,226501	-86,908554
96,899414	-87,498734
97,572327	-87,408463
98,245239	-87,478920
98,918152	-86,548889
99,591064	-84,155899
100,263977	-82,786743
100,936890	-82,646576
101,609802	-82,937004
102,282715	-84,537437
102,955627	-85,712036
103,628540	-86,080956
104,301453	-85,883591
104,974365	-84,583046
105,647278	-83,296043
106,320190	-83,054771
106,993103	-83,534859
107,666016	-83,939690
108,338928	-83,642593
109,011841	-82,403206
109,684753	-81,750870
110,357666	-82,829041
111,030579	-84,769882
111,703491	-84,953308
112,376404	-84,710495
113,049316	-84,296837
113,722229	-84,332535
114,395142	-84,365829
115,068054	-83,821678
115,740967	-83,217552
116,413879	-82,535011
117,086792	-82,577965
117,759705	-83,159691
118,432617	-84,446678
119,105530	-85,444809
119,778442	-85,432304
120,451355	-84,730789
121,124268	-84,659050
121,797180	-84,427551
122,470093	-85,685089
123,143005	-87,343025
123,815918	-87,670822
124,488831	-87,946304
125,161743	-88,617355
125,834656	-88,220757
126,507568	-87,755623
127,180481	-88,463516
127,853394	-89,009041
128,526306	-89,035416
129,199219	-89,384987
129,872131	-89,332817
130,545044	-89,431999
131,217957	-90,562851
131,890869	-90,849785
132,563782	-90,256943
133,236694	-88,956474
133,909607	-87,708611
134,582520	-87,241661
135,255432	-86,851624
135,928345	-86,210205
136,601257	-84,965225
137,274170	-83,500580
137,947083	-82,273125
138,619995	-82,481522
139,292908	-83,400879
139,965820	-83,136963
140,638733	-82,693520
141,311646	-82,192520
141,984558	-81,541313
142,657471	-80,999115
143,330383	-81,293938
144,003296	-82,452324
144,676208	-83,810051
145,349121	-86,214203
146,022034	-87,632591
146,694946	-86,949432
147,367859	-85,489624
148,040771	-83,375473
148,713684	-82,544136
149,386597	-82,690750
150,059509	-83,131302
150,732422	-83,203903
151,405334	-83,004219
152,078247	-83,525421
152,751160	-83,941147
153,424072	-83,400124
154,096985	-82,959602
154,769897	-82,613655
155,442810	-82,692200
156,115723	-83,221245
156,788635	-83,674980
157,461548	-84,071800
158,134460	-85,289047
158,807373	-86,730988
159,480286	-88,176003
160,153198	-88,718117
160,826111	-88,660675
161,499023	-88,677765
162,171936	-89,499374
162,844849	-90,086662
163,517761	-90,597382
164,190674	-90,624451
164,863586	-90,226944
165,536499	-90,274422
166,209412	-90,743027
166,882324	-90,381203
167,555237	-89,535347
168,228149	-88,673569
168,901062	-88,456833
169,573975	-88,749992
170,246887	-89,276306
170,919800	-89,388748
171,592712	-89,758331
172,265625	-89,996590
172,938538	-89,974503
173,611450	-90,035454
174,284363	-89,516968
174,957275	-89,027702
175,630188	-88,898239
176,303101	-88,787018
176,976013	-88,248520
177,648926	-87,131912
178,321838	-86,654228
178,994751	-87,443146
179,667664	-89,451736
180,340576	-89,298233
181,013489	-87,752502
181,686401	-86,569405
182,359314	-86,357315
183,032227	-85,972694
183,705139	-85,321518
184,378052	-84,581169
185,050964	-84,177231
185,723877	-83,630363
186,396790	-83,229919
187,069702	-83,307091
187,742615	-83,293144
188,415527	-83,036003
189,088440	-83,425270
189,761353	-84,170959
190,434265	-84,110176
191,107178	-83,082497
191,780090	-82,532303
192,453003	-82,886803
193,125916	-83,271538
193,798828	-83,452965
194,471741	-84,160400
195,144653	-84,624084
195,817566	-83,744179
196,490479	-83,004906
197,163391	-82,319817
197,836304	-81,931503
198,509216	-82,224678
199,182129	-82,891396
199,855042	-83,296669
200,527954	-84,104736
201,200867	-85,160042
201,873779	-85,709999
202,546692	-84,971802
203,219604	-84,463135
203,892517	-84,994896
204,565430	-86,043915
205,238342	-86,851967
205,911255	-87,244148
206,584167	-87,153008
207,257080	-86,682899
207,929993	-86,209953
208,602905	-85,933945
209,275818	-85,700912
209,948730	-85,644043
210,621643	-85,023140
211,294556	-84,524124
211,967468	-84,882660
212,640381	-86,162971
213,313293	-87,409645
213,986206	-87,902641
214,659119	-87,269386
215,332031	-86,324837
216,004944	-85,633774
216,677856	-85,017014
217,350769	-85,014214
218,023682	-85,320900
218,696594	-86,440262
219,369507	-87,385696
220,042419	-88,105446
220,715332	-88,031212
221,388245	-87,774689
222,061157	-88,037216
222,734070	-87,970901
223,406982	-87,202293
224,079895	-86,784035
224,752808	-86,384399
225,425720	-85,903595
226,098633	-85,775215
226,771545	-84,903664
227,444458	-83,527573
228,117371	-83,089523
228,790283	-82,793701
229,463196	-82,964256
230,136108	-83,879639
230,809021	-85,715019
231,481934	-87,475548
232,154846	-89,108765
232,827759	-89,355583
233,500671	-87,946228
234,173584	-86,487549
234,846497	-85,293953
235,519409	-84,749481
236,192322	-84,596680
236,865234	-85,203674
237,538147	-86,545113
238,211060	-87,492172
238,883972	-87,713783
239,556885	-87,857323
240,229797	-86,947266
240,902710	-85,079941
241,575623	-83,596153
242,248535	-82,855202
242,921448	-82,466019
243,594360	-82,324280
244,267273	-82,992249
244,940186	-84,341095
245,613098	-85,000053
246,286011	-85,592072
246,958923	-86,453094
247,631836	-87,423653
248,304749	-88,264420
248,977661	-89,754829
249,650574	-90,880737
250,323486	-91,233116
250,996399	-91,196899
251,669312	-90,705704
252,342224	-89,549110
253,015137	-88,428444
253,688049	-87,706001
254,360962	-87,894638
255,033875	-88,461525
255,706787	-88,861893
256,379700	-89,776657
257,052612	-90,358604
257,725525	-90,001846
258,398438	-90,058899
259,071350	-89,824463
259,744263	-89,490913
260,417175	-89,787621
261,090088	-90,446022
261,763000	-90,516396
262,435913	-89,871002
263,108826	-89,331398
263,781738	-88,353546
264,454651	-87,356941
265,127563	-86,294731
265,800476	-85,246628
266,473389	-84,609116
267,146301	-85,011345
267,819214	-86,561218
268,492126	-88,575768
269,165039	-90,177368
269,837952	-91,142845
270,510864	-91,935654
271,183777	-93,026917
271,856689	-93,891716
272,529602	-93,109741
273,202515	-91,093224
273,875427	-89,058838
274,548340	-87,757584
275,221252	-86,774010
275,894165	-85,844086
276,567078	-85,257652
277,239990	-85,448044
277,912903	-86,379501
278,585815	-87,058121
279,258728	-87,189896
279,931641	-87,341652
280,604553	-88,033310
281,277466	-89,720276
281,950378	-91,291832
282,623291	-92,149864
283,296204	-92,663292
283,969116	-92,601509
284,642029	-92,198349
285,314941	-92,072906
285,987854	-92,091225
286,660767	-91,754669
287,333679	-90,478859
288,006592	-90,809799
288,679504	-92,105377
289,352417	-92,660126
290,025330	-93,174454
290,698242	-93,808151
291,371155	-93,837791
292,044067	-93,508942
292,716980	-93,042000
293,389893	-92,855774
294,062805	-92,759361
294,735718	-92,869415
295,408630	-92,818253
296,081543	-92,028992
296,754456	-91,096008
297,427368	-89,485291
298,100281	-87,527382
298,773193	-86,445824
299,446106	-85,759476
300,119019	-84,521866
300,791931	-83,009430
301,464844	-82,608170
302,137756	-83,946312
302,810669	-86,091225
303,483582	-87,788750
304,156494	-88,007812
304,829407	-87,259689
305,502319	-85,449631
306,175232	-83,580437
306,848145	-82,930878
307,521057	-83,087296
308,193970	-83,151932
308,866882	-83,597755
309,539795	-84,764114
310,212708	-86,239403
310,885620	-87,589859
311,558533	-88,032585
312,231445	-88,109299
312,904358	-88,086784
313,577271	-88,533478
314,250183	-88,844048
314,923096	-89,330597
315,596008	-89,691818
316,268921	-90,270935
316,941833	-90,836357
317,614746	-90,876740
318,287659	-91,175446
318,960571	-91,088593
319,633484	-90,798813
320,306396	-90,907555
320,979309	-90,896614
321,652222	-90,709778
322,325134	-90,987267
322,998047	-91,488625
323,670959	-93,178459
324,343872	-94,326225
325,016785	-94,514359
325,689697	-93,933876
326,362610	-94,273682
327,035522	-95,425636
327,708435	-94,672318
328,381348	-93,825256
329,054260	-93,039970
329,727173	-92,479614
330,400085	-91,770531
331,072998	-90,586021
331,745911	-90,541710
332,418823	-90,772263
333,091736	-89,943291
333,764648	-88,752144
334,437561	-88,687782
335,110474	-89,399155
335,783386	-89,924500
336,456299	-90,752380
337,129211	-91,415375
337,802124	-91,188667
338,475037	-91,011963
339,147949	-91,290276
339,820862	-90,975418
340,493774	-90,636757
341,166687	-90,720695
341,839600	-91,001915
342,512512	-91,511185
343,185425	-91,642509
343,858337	-91,675720
344,531250	-91,872063
345,204163	-91,717888
345,877075	-91,609924
346,549988	-91,614532
347,222900	-91,536491
347,895813	-91,678810
348,568726	-92,094933
349,241638	-92,668709
349,914551	-93,282349
350,587463	-93,295876
351,260376	-93,091988
351,933289	-93,656204
352,606201	-93,737755
353,279114	-92,674858
353,952026	-90,892197
354,624939	-89,676041
355,297852	-89,391891
355,970764	-89,827454
356,643677	-91,025330
357,316589	-92,428467
357,989502	-94,024292
358,662415	-95,452606
359,335327	-95,434029
360,008240	-94,816185
360,681152	-94,536064
361,354065	-94,230461
362,026978	-94,059174
362,699890	-94,150429
363,372803	-95,054985
364,045715	-96,173386
364,718628	-97,018181
365,391541	-96,619644
366,064453	-96,598991
366,737366	-97,080910
367,410278	-97,292824
368,083191	-97,174957
368,756104	-97,280479
369,429016	-97,301697
370,101929	-97,619835
370,774841	-96,680939
371,447754	-95,877838
372,120667	-95,369499
372,793579	-94,621056
373,466492	-94,300774
374,139404	-94,624840
374,812317	-94,784424
375,485229	-95,228111
376,158142	-95,876144
376,831055	-96,683792
377,503967	-98,213165
378,176880	-98,701164
378,849792	-98,175224
379,522705	-97,897713
380,195618	-97,609779
380,868530	-97,365608
381,541443	-97,484352
382,214355	-97,906754
382,887268	-98,226570
383,560181	-97,275681
384,233093	-96,114891
384,906006	-95,352005
385,578918	-94,629021
386,251831	-94,181480
386,924744	-93,955696
387,597656	-93,834671
388,270569	-93,349236
388,943481	-93,290359
389,616394	-93,112244
390,289307	-92,454437
390,962219	-92,006607
391,635132	-91,855865
392,308044	-92,411957
392,980957	-92,794762
393,653870	-93,094200
394,326782	-92,962814
394,999695	-92,646881
395,672607	-92,582146
396,345520	-92,447044
397,018433	-92,350800
397,691345	-91,639091
398,364258	-90,596962
399,037170	-89,743523
399,710083	-89,258018
400,382996	-88,779022
401,055908	-88,420036
401,728821	-89,001831
402,401733	-90,189789
403,074646	-90,737259
403,747559	-90,506012
404,420471	-90,750565
405,093384	-90,800491
405,766296	-90,730171
406,439209	-90,984909
407,112122	-91,696449
407,785034	-92,136894
408,457947	-92,369682
409,130859	-92,500557
409,803772	-93,031738
410,476685	-93,521614
411,149597	-94,064255
411,822510	-94,558594
412,495422	-94,925751
413,168335	-95,918694
413,841248	-96,983658
414,514160	-97,659164
415,187073	-98,094452
415,859985	-98,721390
416,532898	-98,882195
417,205811	-98,965698
417,878723	-98,767754
418,551636	-98,514046
419,224548	-98,591293
419,897461	-98,555557
420,570374	-98,916550
421,243286	-99,672722
421,916199	-100,488701
422,589111	-101,556450
423,262024	-101,258736
423,934937	-100,611847
424,607849	-100,927895
425,280762	-100,657761
425,953674	-99,969711
426,626587	-100,276611
427,299500	-101,317154
427,972412	-101,641190
428,645325	-101,296806
429,318237	-99,726860
429,991150	-98,654755
430,664062	-97,477730
431,336975	-95,935150
432,009888	-95,257591
432,682800	-95,096466
433,355713	-95,172470
434,028625	-95,783127
434,701538	-96,493462
435,374451	-96,954918
436,047363	-97,035065
436,720276	-96,591888
437,393188	-95,924919
438,066101	-95,427826
438,739014	-95,090759
439,411926	-94,898537
440,084839	-94,958389
440,757751	-95,333069
441,430664	-95,629166
442,103577	-95,914047
442,776489	-96,308922
443,449402	-97,081902
444,122314	-96,853973
444,795227	-95,876427
445,468140	-96,036171
446,141052	-97,263252
446,813965	-98,620659
447,486877	-99,181953
448,159790	-99,486778
448,832703	-99,361916
449,505615	-99,886147
450,178528	-100,009476
450,851440	-99,590050
451,524353	-99,299309
452,197266	-98,782364
452,870178	-97,471947
453,543091	-95,783997
454,216003	-94,618660
454,888916	-94,288956
455,561829	-94,506622
456,234741	-94,917358
456,907654	-95,202621
457,580566	-96,063858
458,253479	-97,545570
458,926392	-98,191017
459,599304	-98,181061
460,272217	-98,786545
460,945129	-99,731316
461,618042	-99,903336
462,290955	-99,562920
462,963867	-99,991615
463,636780	-100,386177
464,309692	-99,725945
464,982605	-99,439186
465,655518	-99,626022
466,328430	-99,497597
467,001343	-99,395172
467,674255	-99,367630
468,347168	-99,245171
469,020081	-98,740997
469,692993	-98,133926
470,365906	-98,721741
471,038818	-100,173210
471,711731	-101,147919
472,384644	-102,064346
473,057556	-101,919365
473,730469	-101,314690
474,403381	-100,259323
475,076294	-99,330215
475,749207	-98,823608
476,422119	-98,834900
477,095032	-99,445168
477,767944	-99,525192
478,440857	-99,939201
479,113770	-100,722511
479,786682	-100,236374
480,459595	-98,985756
481,132507	-98,016144
481,805420	-97,477524
482,478333	-99,270546
483,151245	-102,041206
483,824158	-100,940842
484,497070	-99,694954
485,169983	-99,121727
485,842896	-99,495079
486,515808	-100,015228
487,188721	-99,985275
487,861633	-100,658745
488,534546	-101,089760
489,207458	-100,869293
489,880371	-99,859047
490,553284	-98,334938
491,226196	-97,975006
491,899109	-98,358047
492,572021	-98,701302
493,244934	-98,378555
493,917847	-97,568748
494,590759	-96,245857
495,263672	-95,839447
495,936584	-96,142159
496,609497	-96,430931
497,282410	-96,338188
497,955322	-97,221642
498,628235	-97,365166
499,301147	-97,553566
499,974060	-97,468979
500,646973	-98,541466
501,319885	-99,949989
501,992798	-100,986221
502,665710	-101,318062
503,338623	-101,586266
504,011536	-102,245468
504,684448	-102,277878
505,357361	-102,442398
506,030273	-101,901802
506,703186	-101,548706
507,376099	-101,345238
508,049011	-101,922874
508,721924	-103,110886
509,394836	-103,775879
510,067749	-103,696770
510,740662	-103,431671
511,413574	-102,974846
512,086487	-102,374191
512,759399	-102,354248
513,432312	-103,082802
514,105225	-103,326866
514,778137	-103,646606
515,451050	-103,848297
516,123962	-104,071213
516,796875	-103,285843
517,469788	-102,938217
518,142700	-102,766960
518,815613	-102,920776
519,488525	-103,266075
520,161438	-102,692314
520,834351	-101,588600
521,507263	-100,960480
522,180176	-100,170059
522,853088	-99,191483
523,526001	-98,556381
524,198914	-97,255768
524,871826	-97,025948
525,544739	-97,267151
526,217651	-97,675789
526,890564	-98,455460
527,563477	-99,657364
528,236389	-100,631866
528,909302	-100,691757
529,582214	-99,849182
530,255127	-99,209633
530,928040	-99,508492
531,600952	-100,247696
532,273865	-101,220291
532,946777	-101,237434
533,619690	-101,053215
534,292603	-99,359108
534,965515	-97,151123
535,638428	-95,777588
536,311340	-95,139374
536,984253	-94,428574
537,657166	-93,997177
538,330078	-93,961914
539,002991	-93,293137
539,675903	-92,850655
540,348816	-92,820580
541,021729	-93,073265
541,694641	-93,871567
542,367554	-95,725471
543,040466	-97,380112
543,713379	-99,003128
544,386292	-99,799400
545,059204	-99,670242
545,732117	-100,160027
546,405029	-100,940201
547,077942	-101,687859
547,750854	-101,307968
548,423767	-100,988014
549,096680	-100,113480
549,769592	-98,931190
550,442505	-98,933685
551,115417	-101,511688
551,788330	-106,741882
552,461243	-105,701698
553,134155	-103,732605
553,807068	-102,946190
554,479980	-101,992363
555,152893	-102,405434
555,825806	-103,590965
556,498718	-105,529030
557,171631	-106,708130
557,844543	-106,300041
558,517456	-104,269920
559,190369	-103,203773
559,863281	-102,498047
560,536194	-101,984810
561,209106	-102,135635
561,882019	-102,435158
562,554932	-103,417694
563,227844	-103,117126
563,900757	-104,198708
564,573669	-105,279449
565,246582	-105,491173
565,919495	-106,727562
566,592407	-107,959732
567,265320	-109,094276
567,938232	-108,994774
568,611145	-108,898659
569,284058	-108,757408
569,956970	-108,384247
570,629883	-107,837761
571,302795	-107,330139
571,975708	-106,939095
572,648621	-107,217690
573,321533	-106,685173
573,994446	-105,895844
574,667358	-105,764381
575,340271	-105,209618
576,013184	-104,866234
576,686096	-104,522308
577,359009	-104,422569
578,031921	-104,797295
578,704834	-105,612587
579,377747	-106,051643
580,050659	-105,528275
580,723572	-104,994499
581,396484	-104,435318
582,069397	-104,455559
582,742310	-104,933922
583,415222	-106,335388
584,088135	-106,918159
584,761047	-107,302742
585,433960	-106,801094
586,106873	-106,354942
586,779785	-107,484520
587,452698	-107,839462
588,125610	-107,357895
588,798523	-107,070076
589,471436	-107,374260
590,144348	-107,590645
590,817261	-106,058868
591,490173	-105,727028
592,163086	-105,735039
592,835999	-105,496872
593,508911	-104,032150
594,181824	-102,928680
594,854736	-102,308067
595,527649	-102,198601
596,200562	-102,050148
596,873474	-102,595093
597,546387	-102,805885
598,219299	-103,407463
598,892212	-102,982834
599,565125	-102,576210
600,238037	-103,024757
600,910950	-103,212059
601,583862	-103,654167
602,256775	-103,718956
602,929688	-103,632385
603,602600	-103,200241
604,275513	-102,684669
604,948425	-102,842133
605,621338	-102,874298
606,294250	-103,292007
606,967163	-103,788834
607,640076	-104,982773
608,312988	-105,752998
608,985901	-106,502281
609,658813	-106,789818
610,331726	-106,060265
611,004639	-105,371414
611,677551	-105,286346
612,350464	-105,498978
613,023376	-106,530563
613,696289	-107,168076
614,369202	-107,591713
615,042114	-107,340225
615,715027	-107,133987
616,387939	-107,422676
617,060852	-107,280876
617,733765	-106,392067
618,406677	-105,617317
619,079590	-105,250298
619,752502	-106,306175
620,425415	-106,753487
621,098328	-106,311623
621,771240	-106,319939
622,444153	-106,751625
623,117065	-106,255630
623,789978	-105,340958
624,462891	-105,723465
625,135803	-105,178299
625,808716	-104,755150
626,481628	-104,349442
627,154541	-104,540428
627,827454	-104,973213
628,500366	-105,268837
629,173279	-104,869370
629,846191	-105,610321
630,519104	-106,040184
631,192017	-106,098854
631,864929	-106,041344
632,537842	-105,472198
633,210754	-104,480637
633,883667	-103,908798
634,556580	-103,653107
635,229492	-103,153275
635,902405	-102,539917
636,575317	-101,848633
637,248230	-100,956978
637,921143	-99,827148
638,594055	-99,986031
639,266968	-100,164612
639,939880	-100,914276
640,612793	-102,182541
641,285706	-103,045250
641,958618	-103,203468
642,631531	-103,160721
643,304443	-103,437523
643,977356	-104,516632
644,650269	-104,894547
645,323181	-104,484772
645,996094	-104,559540
646,669006	-104,367256
647,341919	-104,095352
648,014832	-104,140892
648,687744	-103,479271
649,360657	-102,626015
650,033569	-102,339287
650,706482	-103,157959
651,379395	-104,903252
652,052307	-106,563644
652,725220	-106,221451
653,398132	-104,411552
654,071045	-103,587364
654,743958	-102,868782
655,416870	-102,452309
656,089783	-102,713043
656,762695	-102,708832
657,435608	-102,502579
658,108521	-103,047585
658,781433	-104,004776
659,454346	-104,495644
660,127258	-104,980293
660,800171	-105,844025
661,473083	-107,417923
662,145996	-108,474266
662,818909	-109,141769
663,491821	-109,190445
664,164734	-107,994850
664,837646	-107,336563
665,510559	-107,225639
666,183472	-106,952812
666,856384	-106,298561
667,529297	-105,560181
668,202209	-104,552338
668,875122	-103,687523
669,548035	-102,893402
670,220947	-102,839745
670,893860	-101,971199
671,566772	-100,738815
672,239685	-99,927612
672,912598	-99,219284
673,585510	-99,117867
674,258423	-98,872849
674,931335	-99,123123
675,604248	-100,841293
676,277161	-102,781105
676,950073	-101,944061
677,622986	-102,087868
678,295898	-102,875252
678,968811	-104,144012
679,641724	-105,423187
680,314636	-105,676445
680,987549	-105,709076
681,660461	-105,123795
682,333374	-104,824440
683,006287	-104,607704
683,679199	-104,770462
684,352112	-105,425430
685,025024	-105,024864
685,697937	-104,572556
686,370850	-104,876694
687,043762	-105,448822
687,716675	-106,112022
688,389587	-105,185059
689,062500	-104,577721
689,735413	-104,532875
690,408325	-105,274475
691,081238	-105,465042
691,754150	-105,701492
692,427063	-105,610901
693,099976	-105,790176
693,772888	-106,510620
694,445801	-106,981567
695,118713	-107,181618
695,791626	-106,643341
696,464539	-106,473450
697,137451	-107,560654
697,810364	-107,703171
698,483276	-107,832199
699,156189	-108,822945
699,829102	-108,790436
700,502014	-109,102684
701,174927	-109,061882
701,847839	-109,804756
702,520752	-110,857567
703,193665	-112,005699
703,866577	-111,218269
704,539490	-110,857491
705,212402	-110,064522
705,885315	-109,950912
706,558228	-110,697861
707,231140	-110,659096
707,904053	-111,056763
708,576965	-110,993698
709,249878	-110,612396
709,922791	-109,664055
710,595703	-108,847687
711,268616	-108,121750
711,941528	-107,575386
712,614441	-106,751953
713,287354	-106,015999
713,960266	-105,473564
714,633179	-104,991692
715,306091	-104,734695
715,979004	-104,347275
716,651917	-103,758514
717,324829	-103,484169
717,997742	-104,202217
718,670654	-105,270241
719,343567	-106,179291
720,016479	-105,873260
720,689392	-105,348717
721,362305	-104,749649
722,035217	-105,912689
722,708130	-107,925285
723,381042	-109,167732
724,053955	-108,522484
724,726868	-107,237244
725,399780	-105,665886
726,072693	-104,563858
726,745605	-103,760315
727,418518	-103,891464
728,091431	-103,346329
728,764343	-103,691826
729,437256	-103,886002
730,110168	-103,364876
730,783081	-103,665955
731,455994	-104,595123
732,128906	-105,807823
732,801819	-106,909103
733,474731	-107,114166
734,147644	-107,681496
734,820557	-108,527878
735,493469	-107,536499
736,166382	-106,610664
736,839294	-105,945290
737,512207	-105,106911
738,185120	-104,926117
738,858032	-105,495872
739,530945	-105,799515
740,203857	-106,864998
740,876770	-109,039520
741,549683	-109,612556
742,222595	-109,253342
742,895508	-108,989380
743,568420	-107,729515
744,241333	-107,197075
744,914246	-107,737167
745,587158	-108,738503
746,260071	-110,119240
746,932983	-110,565514
747,605896	-110,530449
748,278809	-110,836014
748,951721	-110,486511
749,624634	-110,828087
750,297546	-110,935326
750,970459	-109,835228
751,643372	-109,637955
752,316284	-109,255455
752,989197	-108,466370
753,662109	-108,051971
754,335022	-107,959854
755,007935	-108,057976
755,680847	-107,764061
756,353760	-107,617332
757,026672	-108,398125
757,699585	-108,579765
758,372498	-108,693199
759,045410	-109,491936
759,718323	-109,218964
760,391235	-109,438354
761,064148	-109,923477
761,737061	-108,841003
762,409973	-108,861389
763,082886	-109,039146
763,755798	-109,234451
764,428711	-109,366806
765,101624	-110,020134
765,774536	-110,033699
766,447449	-110,113731
767,120361	-109,677948
767,793274	-109,574837
768,466187	-109,817039
769,139099	-110,015968
769,812012	-110,202492
770,484924	-110,697372
771,157837	-110,438965
771,830750	-110,602890
772,503662	-111,430389
773,176575	-111,553261
773,849487	-111,232742
774,522400	-110,387238
775,195312	-110,323807
775,868225	-110,233963
776,541138	-110,868729
777,214050	-110,724304
777,886963	-110,442818
778,559875	-110,615166
779,232788	-110,449951
779,905701	-109,592712
780,578613	-109,257019
781,251526	-109,340614
781,924438	-108,580635
782,597351	-107,605034
783,270264	-107,263168
783,943176	-107,406601
784,616089	-107,222260
785,289001	-107,606125
785,961914	-107,883034
786,634827	-106,916138
787,307739	-107,154381
787,980652	-107,286446
788,653564	-107,770164
789,326477	-108,728760
789,999390	-108,757759
790,672302	-109,679367
791,345215	-109,623306
792,018127	-109,523880
792,691040	-110,308899
793,363953	-110,286072
794,036865	-110,471367
794,709778	-110,848724
795,382690	-110,270607
796,055603	-110,112846
796,728516	-110,521111
797,401428	-111,426819
798,074341	-111,991386
798,747253	-111,837608
799,420166	-110,651749
800,093079	-110,998100
800,765991	-110,765480
801,438904	-110,797218
802,111816	-110,720428
802,784729	-109,216942
803,457642	-108,756027
804,130554	-107,603958
804,803467	-107,380440
805,476379	-107,302795
806,149292	-107,266571
806,822205	-108,095619
807,495117	-108,913452
808,168030	-110,342773
808,840942	-111,655006
809,513855	-111,849945
810,186768	-111,827400
810,859680	-111,963470
811,532593	-111,400665
812,205505	-112,057243
812,878418	-111,156914
813,551331	-111,174347
814,224243	-111,419624
814,897156	-110,535126
815,570068	-111,335022
816,242981	-111,220039
816,915894	-112,546364
817,588806	-112,737312
818,261719	-112,925667
818,934631	-111,930008
819,607544	-113,169807
820,280457	-113,627167
820,953369	-112,794693
821,626282	-112,397484
822,299194	-111,848999
822,972107	-111,779465
823,645020	-111,676849
824,317932	-110,861694
824,990845	-110,963188
825,663757	-112,080696
826,336670	-111,665337
827,009583	-111,779030
827,682495	-112,510284
828,355408	-112,622719
829,028320	-112,076004
829,701233	-111,620285
830,374146	-111,770683
831,047058	-111,660843
831,719971	-110,537933
832,392883	-111,981621
833,065796	-112,176308
833,738708	-112,631783
834,411621	-112,288483
835,084534	-112,616516
835,757446	-113,091385
836,430359	-112,459511
837,103271	-111,431091
837,776184	-111,076828
838,449097	-110,760376
839,122009	-110,497292
839,794922	-109,815910
840,467834	-109,467911
841,140747	-109,654907
841,813660	-110,212349
842,486572	-110,979599
843,159485	-111,536682
843,832397	-111,925552
844,505310	-112,815346
845,178223	-113,655884
845,851135	-112,815926
846,524048	-112,330414
847,196960	-113,533592
847,869873	-113,357788
848,542786	-113,236313
849,215698	-112,441582
849,888611	-112,582565
850,561523	-112,435081
851,234436	-111,933098
851,907349	-111,003220
852,580261	-110,059738
853,253174	-108,320564
853,926086	-108,429482
854,598999	-109,527054
855,271912	-110,685539
855,944824	-112,047836
856,617737	-111,846451
857,290649	-111,772102
857,963562	-111,562714
858,636475	-111,499519
859,309387	-111,853065
859,982300	-111,730843
860,655212	-112,221542
861,328125	-111,915901
862,001038	-110,992958
862,673950	-110,438194
863,346863	-111,896637
864,019775	-112,041916
864,692688	-111,597275
865,365601	-112,184059
866,038513	-112,563538
866,711426	-111,810638
867,384338	-111,616768
868,057251	-112,323456
868,730164	-112,167458
869,403076	-111,724586
870,075989	-112,637543
870,748901	-112,755676
871,421814	-112,069351
872,094727	-112,430603
872,767639	-112,631020
873,440552	-112,706207
874,113464	-112,144157
874,786377	-112,449997
875,459290	-113,619064
876,132202	-112,794174
876,805115	-112,896706
877,478027	-114,013969
878,150940	-112,531052
878,823853	-112,360985
879,496765	-112,427063
880,169678	-112,940216
880,842590	-111,899742
881,515503	-111,270996
882,188416	-111,389107
882,861328	-111,130981
883,534241	-111,182198
884,207153	-110,347511
884,880066	-110,955750
885,552979	-112,486893
886,225891	-112,437721
886,898804	-113,203659
887,571716	-113,244667
888,244629	-112,996834
888,917542	-114,268883
889,590454	-113,599823
890,263367	-113,185310
890,936279	-113,082268
891,609192	-113,752777
892,282104	-113,623489
892,955017	-112,436165
893,627930	-113,289169
894,300842	-113,973801
894,973755	-113,826996
895,646667	-113,514801
896,319580	-113,810539
896,992493	-113,575516
897,665405	-113,366173
898,338318	-115,081451
899,011230	-114,499763
899,684143	-113,465759
900,357056	-113,946556
901,029968	-113,365402
901,702881	-114,056618
902,375793	-114,671974
903,048706	-114,293327
903,721619	-113,102707
904,394531	-112,487892
905,067444	-113,327072
905,740356	-112,483566
906,413269	-112,956490
907,086182	-113,357620
907,759094	-113,228943
908,432007	-113,698273
909,104919	-113,030342
909,777832	-113,602974
910,450745	-113,509712
911,123657	-112,784775
911,796570	-114,295959
912,469482	-113,457886
913,142395	-113,402534
913,815308	-113,901016
914,488220	-114,488739
915,161133	-113,638794
915,834045	-113,659836
916,506958	-113,477234
917,179871	-114,500961
917,852783	-114,096489
918,525696	-113,123924
919,198608	-113,367424
919,871521	-114,221298
920,544434	-114,404449
921,217346	-113,132629
921,890259	-112,754311
922,563171	-112,654121
923,236084	-112,961670
923,908997	-112,311295
924,581909	-112,811485
925,254822	-112,430237
925,927734	-112,589867
926,600647	-112,569717
927,273560	-112,721230
927,946472	-112,864357
928,619385	-112,984238
929,292297	-112,499100
929,965210	-112,205032
930,638123	-112,382240
931,311035	-112,685966
931,983948	-113,219849
932,656860	-113,105698
933,329773	-113,865280
934,002686	-112,650894
934,675598	-112,803734
935,348511	-113,389122
936,021423	-112,425232
936,694336	-112,149994
937,367249	-111,695869
938,040161	-112,522118
938,713074	-113,420616
939,385986	-113,692947
940,058899	-113,974602
940,731812	-112,706017
941,404724	-112,423820
942,077637	-114,476631
942,750549	-114,059464
943,423462	-112,810493
944,096375	-112,520004
944,769287	-114,766914
945,442200	-113,593102
946,115112	-114,611557
946,788025	-113,606567
947,460938	-113,716064
948,133850	-113,261276
948,806763	-113,424973
949,479675	-112,993965
950,152588	-113,882469
950,825500	-114,288651
951,498413	-112,822876
952,171326	-113,511116
952,844238	-113,509590
953,517151	-114,378250
954,190063	-113,898750
954,862976	-114,552299
955,535889	-112,564583
956,208801	-114,411949
956,881714	-113,550049
957,554626	-113,310959
958,227539	-112,909081
958,900452	-112,766327
959,573364	-113,535774
960,246277	-113,524857
960,919189	-113,179382
961,592102	-112,995552
962,265015	-111,952072
962,937927	-111,568306
963,610840	-112,626846
964,283752	-112,340355
964,956665	-111,967575
965,629578	-111,227692
966,302490	-112,370728
966,975403	-112,777946
967,648315	-113,188492
968,321228	-112,637543
968,994141	-112,627129
969,667053	-112,753494
970,339966	-113,396065
971,012878	-113,200287
971,685791	-112,464714
972,358704	-111,525826
973,031616	-111,770973
973,704529	-112,334633
974,377441	-113,098251
975,050354	-112,873024
975,723267	-113,344398
976,396179	-113,280037
977,069092	-112,953178
977,742004	-113,423584
978,414917	-112,785309
979,087830	-112,151321
979,760742	-110,941467
980,433655	-111,579048
981,106567	-111,136978
981,779480	-111,668030
982,452393	-111,869034
983,125305	-112,251060
983,798218	-111,066490
984,471130	-111,701103
985,144043	-111,583870
985,816956	-112,273415
986,489868	-112,237679
987,162781	-111,080597
987,835693	-112,176903
988,508606	-111,989059
989,181519	-113,092957
989,854431	-111,808067
990,527344	-112,524071
991,200256	-111,452148
991,873169	-111,828880
992,546082	-112,500488
993,218994	-111,991417
993,891907	-112,054642
994,564819	-111,222351
995,237732	-111,472466
995,910645	-111,328102
996,583557	-111,150017
997,256470	-110,924217
997,929382	-111,926590
998,602295	-112,803925
999,275208	-113,558838
999,948120	-112,836998
1000,621033	-112,392906
1001,293945	-112,256363
1001,966858	-112,101074
1002,639771	-112,618240
1003,312683	-112,004745
1003,985596	-112,334763
1004,658508	-112,582283
1005,331421	-112,919922
1006,004333	-112,866531
1006,677246	-112,882439
1007,350159	-112,981926
1008,023071	-112,760788
1008,695984	-113,478775
1009,368896	-114,023476
1010,041809	-113,886192
1010,714722	-113,887489
1011,387634	-113,124901
1012,060547	-113,153580
1012,733459	-113,184364
1013,406372	-114,398720
1014,079285	-113,825035
1014,752197	-114,043221
1015,425110	-113,288567
1016,098022	-113,776001
1016,770935	-112,677032
1017,443848	-112,840385
1018,116760	-112,743492
1018,789673	-112,690781
1019,462585	-112,667549
1020,135498	-112,697540
1020,808411	-112,948929
1021,481323	-112,412979
1022,154236	-112,265526
1022,827148	-111,930267
1023,500061	-112,366440
1024,172974	-111,334122
1024,845886	-111,942322
1025,518799	-111,963799
1026,191711	-111,687012
1026,864624	-112,134644
1027,537537	-111,775002
1028,210449	-113,025047
1028,883362	-112,738129
1029,556274	-113,480507
1030,229187	-113,550377
1030,902100	-113,510162
1031,575012	-112,380447
1032,247925	-111,754135
1032,920837	-111,062332
1033,593750	-111,382034
1034,266663	-111,438614
1034,939575	-109,764450
1035,612488	-111,702591
1036,285400	-112,026665
1036,958313	-112,765541
1037,631226	-113,125763
1038,304138	-113,351044
1038,977051	-113,725327
1039,649963	-114,013443
1040,322876	-113,422058
1040,995789	-113,746040
1041,668701	-113,311493
1042,341614	-113,253967
1043,014526	-112,931808
1043,687439	-112,798195
1044,360352	-112,578384
1045,033264	-113,028358
1045,706177	-113,056114
1046,379089	-113,225243
1047,052002	-114,024506
1047,724915	-114,045555
1048,397827	-113,887352
1049,070740	-113,254883
1049,743652	-113,338219
1050,416565	-113,051468
1051,089478	-112,135361
1051,762390	-112,247063
1052,435303	-113,324471
1053,108215	-113,012825
1053,781128	-114,132446
1054,454041	-112,722046
1055,126953	-112,540245
1055,799866	-112,253937
1056,472778	-112,963058
1057,145691	-112,574211
1057,818604	-112,255722
1058,491516	-113,180679
1059,164429	-113,311378
1059,837341	-111,948685
1060,510254	-112,107750
1061,183167	-113,792976
1061,856079	-113,837463
1062,528992	-114,328568
1063,201904	-114,097015
1063,874817	-114,776299
1064,547729	-113,587273
1065,220642	-114,090393
1065,893555	-114,250862
1066,566467	-114,905182
1067,239380	-114,152122
1067,912292	-114,758560
1068,585205	-115,379913
1069,258118	-115,245529
1069,931030	-116,292122
1070,603943	-115,402779
1071,276855	-114,349556
1071,949768	-114,513710
1072,622681	-115,613625
1073,295593	-115,866730
1073,968506	-116,057968
1074,641418	-114,773407
1075,314331	-115,359093
1075,987244	-115,176033
1076,660156	-114,191620
1077,333069	-114,660934
1078,005981	-115,191505
1078,678894	-114,713158
1079,351807	-114,018898
1080,024719	-112,691429
1080,697632	-113,113503
1081,370544	-113,662346
1082,043457	-112,875359
1082,716370	-112,840569
1083,389282	-112,444641
1084,062195	-112,959000
1084,735107	-112,706566
1085,408020	-113,476753
1086,080933	-115,382957
1086,753845	-114,987564
1087,426758	-114,872696
1088,099670	-115,002274
1088,772583	-113,912880
1089,445496	-115,011093
1090,118408	-114,818687
1090,791321	-113,873459
1091,464233	-114,060204
1092,137146	-114,741249
1092,810059	-114,863892
1093,482971	-114,777885
1094,155884	-115,028801
1094,828796	-114,825417
1095,501709	-115,192390
1096,174622	-114,666702
1096,847534	-115,355614
1097,520447	-115,398842
1098,193359	-115,473572
1098,866272	-116,008392
1099,539185	-115,252792
1100,212097	-114,234444
1100,885010	-114,843803
1101,557922	-115,086464
1102,230835	-114,366028
1102,903748	-113,570755
1103,576660	-113,455429
1104,249573	-114,417648
1104,922485	-113,756493
1105,595398	-113,499573
1106,268311	-113,099579
1106,941223	-112,754997
1107,614136	-112,468605
1108,287048	-112,819626
1108,959961	-112,787468
1109,632874	-112,454605
1110,305786	-112,844826
1110,978699	-112,616386
1111,651611	-113,528603
1112,324524	-113,794106
1112,997437	-113,755371
1113,670349	-112,945206
1114,343262	-113,896126
1115,016174	-113,513084
1115,689087	-113,046753
1116,362000	-113,478134
1117,034912	-114,120277
1117,707825	-114,300941
1118,380737	-114,678787
1119,053650	-114,960663
1119,726562	-114,153740
1120,399475	-114,103874
1121,072388	-114,562958
1121,745300	-113,870895
1122,418213	-113,455078
1123,091125	-113,681335
1123,764038	-114,076019
1124,436951	-113,474190
1125,109863	-112,685501
1125,782776	-112,469238
1126,455688	-113,428581
1127,128601	-114,078545
1127,801514	-114,486938
1128,474426	-114,170723
1129,147339	-113,535309
1129,820251	-114,062073
1130,493164	-113,813774
1131,166077	-113,372978
1131,838989	-113,793083
1132,511902	-113,703674
1133,184814	-114,048851
1133,857727	-114,059486
1134,530640	-113,876732
1135,203552	-113,891838
1135,876465	-114,801758
1136,549377	-114,304169
1137,222290	-114,256874
1137,895203	-112,966110
1138,568115	-114,449295
1139,241028	-114,721344
1139,913940	-114,982231
1140,586853	-115,730919
1141,259766	-114,459885
1141,932678	-115,002274
1142,605591	-116,250549
1143,278503	-115,845833
1143,951416	-115,558754
1144,624329	-114,401764
1145,297241	-114,759361
1145,970154	-116,029160
1146,643066	-115,342865
1147,315979	-115,741371
1147,988892	-116,258102
1148,661804	-116,931747
1149,334717	-115,745796
1150,007629	-115,716461
1150,680542	-115,853798
1151,353455	-115,999710
1152,026367	-115,998909
1152,699280	-114,972305
1153,372192	-116,055397
1154,045105	-116,602119
1154,718018	-115,669792
1155,390930	-116,435524
1156,063843	-116,336136
1156,736755	-116,493141
1157,409668	-115,834686
1158,082581	-114,996262
1158,755493	-115,289207
1159,428406	-115,106735
1160,101318	-115,139107
1160,774231	-114,797440
1161,447144	-115,457283
1162,120056	-114,450760
1162,792969	-115,528198
1163,465881	-115,139519
1164,138794	-115,040817
1164,811707	-115,559509
1165,484619	-115,347771
1166,157532	-115,210014
1166,830444	-115,616997
1167,503357	-115,251289
1168,176270	-115,087959
1168,849182	-115,786980
1169,522095	-115,867645
1170,195007	-116,545265
1170,867920	-115,812927
1171,540833	-115,508514
1172,213745	-114,949730
1172,886658	-115,516350
1173,559570	-115,829582
1174,232483	-114,669136
1174,905396	-113,790695
1175,578308	-114,094482
1176,251221	-114,875389
1176,924133	-113,602798
1177,597046	-113,774597
1178,269958	-114,029663
1178,942871	-114,391327
1179,615784	-114,191154
1180,288696	-114,791748
1180,961609	-115,420685
1181,634521	-115,063675
1182,307434	-114,104126
1182,980347	-115,869797
1183,653259	-115,383080
1184,326172	-116,061119
1184,999084	-116,764076
1185,671997	-116,080910
1186,344910	-114,916557
1187,017822	-115,195099
1187,690735	-115,975426
1188,363647	-116,540306
1189,036560	-115,314217
1189,709473	-115,070686
1190,382385	-116,231850
1191,055298	-115,794533
1191,728210	-115,596214
1192,401123	-115,643196
1193,074036	-116,672379
1193,746948	-115,991119
1194,419861	-114,879608
1195,092773	-115,361481
1195,765686	-115,238304
1196,438599	-115,148117
1197,111511	-116,301926
1197,784424	-115,432983
1198,457336	-116,617760
1199,130249	-116,309639
1199,803162	-115,640129
1200,476074	-114,872536
1201,148987	-115,805702
1201,821899	-116,056709
1202,494812	-115,915192
1203,167725	-115,355896
1203,840637	-114,853477
1204,513550	-114,886948
1205,186462	-115,107201
1205,859375	-115,236954
1206,532288	-113,561134
1207,205200	-114,525879
1207,878113	-114,889275
1208,551025	-115,880463
1209,223938	-114,822594
1209,896851	-114,754890
1210,569763	-116,008713
1211,242676	-115,854073
1211,915588	-115,626846
1212,588501	-115,856377
1213,261414	-116,191833
1213,934326	-115,276222
1214,607239	-115,630592
1215,280151	-114,592079
1215,953064	-115,411308
1216,625977	-116,062233
1217,298889	-115,304794
1217,971802	-115,692261
1218,644714	-115,512939
1219,317627	-115,617783
1219,990540	-115,776749
1220,663452	-115,264366
1221,336365	-115,574486
1222,009277	-115,675171
1222,682190	-116,336021
1223,355103	-116,598389
1224,028015	-116,274239
1224,700928	-114,707962
1225,373840	-114,396309
1226,046753	-114,835045
1226,719666	-115,146111
1227,392578	-116,291756
1228,065491	-115,801369
1228,738403	-115,867584
1229,411316	-115,433632
1230,084229	-117,138748
1230,757141	-116,142715
1231,430054	-116,628151
1232,102966	-117,633774
1232,775879	-116,897873
1233,448792	-116,421143
1234,121704	-115,890205
1234,794617	-116,701180
1235,467529	-116,672676
1236,140442	-116,671844
1236,813354	-116,359169
1237,486267	-116,125374
1238,159180	-116,001228
1238,832092	-115,663841
1239,505005	-116,392433
1240,177917	-115,952034
1240,850830	-115,082947
1241,523743	-115,454987
1242,196655	-115,542816
1242,869568	-115,421120
1243,542480	-115,791168
1244,215393	-115,920525
1244,888306	-115,429756
1245,561218	-114,897560
1246,234131	-115,098351
1246,907043	-114,728371
1247,579956	-115,820236
1248,252869	-114,698273
1248,925781	-114,377815
1249,598694	-115,077888
1250,271606	-115,152428
1250,944519	-114,996841
1251,617432	-114,669815
1252,290344	-115,045303
1252,963257	-115,053902
1253,636169	-115,638840
1254,309082	-116,403008
1254,981995	-115,328117
1255,654907	-115,611580
1256,327820	-115,278481
1257,000732	-114,691528
1257,673645	-114,307655
1258,346558	-114,533203
1259,019470	-114,820122
1259,692383	-115,369095
1260,365295	-116,014343
1261,038208	-116,747253
1261,711121	-116,071709
1262,384033	-115,806969
1263,056946	-116,207970
1263,729858	-115,719101
1264,402771	-115,606552
1265,075684	-116,273376
1265,748596	-115,906441
1266,421509	-115,345749
1267,094421	-115,813972
1267,767334	-116,560303
1268,440247	-116,171394
1269,113159	-116,138680
1269,786072	-116,989693
1270,458984	-116,068039
1271,131897	-114,950310
1271,804810	-115,962914
1272,477722	-116,606575
1273,150635	-116,629524
1273,823547	-116,788750
1274,496460	-116,074974
1275,169373	-115,221878
1275,842285	-115,127457
1276,515198	-115,068878
1277,188110	-116,149025
1277,861023	-116,268990
1278,533936	-115,752998
1279,206848	-116,432777
1279,879761	-116,956787
1280,552673	-116,243011
1281,225586	-116,042557
1281,898499	-116,141068
1282,571411	-116,294380
1283,244324	-116,228394
1283,917236	-115,130043
1284,590149	-115,187584
1285,263062	-116,074951
1285,935974	-116,599915
1286,608887	-116,722054
1287,281799	-116,506073
1287,954712	-117,030716
1288,627625	-116,532135
1289,300537	-117,063171
1289,973450	-117,510735
1290,646362	-116,735245
1291,319275	-116,705040
1291,992188	-117,131691
1292,665100	-116,728737
1293,338013	-117,434433
1294,010925	-116,328117
1294,683838	-116,304359
1295,356750	-115,902145
1296,029663	-116,099434
1296,702576	-115,869980
1297,375488	-115,683029
1298,048401	-116,065659
1298,721313	-116,366562
1299,394226	-116,470833
1300,067139	-116,788544
1300,740051	-115,991043
1301,412964	-116,609589
1302,085876	-117,466858
1302,758789	-117,102676
1303,431702	-117,564156
1304,104614	-118,203514
1304,777527	-117,863716
1305,450439	-117,127609
1306,123352	-117,067406
1306,796265	-117,147125
1307,469177	-117,016327
1308,142090	-116,550461
1308,815002	-117,013344
1309,487915	-116,956413
1310,160828	-116,885323
1310,833740	-116,488419
1311,506653	-116,337601
1312,179565	-116,580193
1312,852478	-116,705818
1313,525391	-116,842239
1314,198303	-116,530167
1314,871216	-116,318054
1315,544128	-115,820480
1316,217041	-115,981995
1316,889954	-116,789673
1317,562866	-116,244957
1318,235779	-116,078979
1318,908691	-116,916885
1319,581604	-116,641754
1320,254517	-116,511505
1320,927429	-117,164795
1321,600342	-117,223351
1322,273254	-116,891151
1322,946167	-117,162048
1323,619080	-116,602425
1324,291992	-116,118492
1324,964905	-116,358772
1325,637817	-116,941803
1326,310730	-117,010719
1326,983643	-117,087273
1327,656555	-116,480530
1328,329468	-116,074165
1329,002380	-116,213249
1329,675293	-117,398758
1330,348206	-116,145424
1331,021118	-116,756828
1331,694031	-117,350868
1332,366943	-117,311089
1333,039856	-116,749321
1333,712769	-116,651924
1334,385681	-117,113068
1335,058594	-117,678253
1335,731506	-116,904747
1336,404419	-116,966339
1337,077332	-116,427994
1337,750244	-116,749161
1338,423157	-116,751717
1339,096069	-116,670624
1339,768982	-115,358627
1340,441895	-116,098389
1341,114807	-116,206894
1341,787720	-116,467545
1342,460632	-116,535255
1343,133545	-116,343796
1343,806458	-116,763641
1344,479370	-117,161674
1345,152283	-117,136002
1345,825195	-116,774803
1346,498108	-116,621536
1347,171021	-116,832581
1347,843933	-117,311996
1348,516846	-116,787186
1349,189758	-115,724640
1349,862671	-115,081886
1350,535583	-115,101723
1351,208496	-116,004318
1351,881409	-117,501045
1352,554321	-117,447266
1353,227234	-118,115181
1353,900146	-117,910172
1354,573059	-117,746002
1355,245972	-116,937943
1355,918884	-116,518272
1356,591797	-116,008560
1357,264709	-116,715576
1357,937622	-117,449989
1358,610535	-116,798462
1359,283447	-116,284698
1359,956360	-116,054794
1360,629272	-116,830132
1361,302185	-117,705589
1361,975098	-116,499718
1362,648010	-116,737167
1363,320923	-117,454681
1363,993835	-117,563591
1364,666748	-117,531769
1365,339661	-117,319069
1366,012573	-116,472183
1366,685486	-116,774437
1367,358398	-117,328239
1368,031311	-117,060791
1368,704224	-117,479874
1369,377136	-117,674606
1370,050049	-117,542290
1370,722961	-116,566338
1371,395874	-116,087120
1372,068787	-116,359283
1372,741699	-116,982895
1373,414612	-116,832520
1374,087524	-117,113121
1374,760437	-117,067184
1375,433350	-116,793831
1376,106262	-117,064606
1376,779175	-116,452377
1377,452087	-117,028603
1378,125000	-117,349113
1378,797913	-116,983101
1379,470825	-116,990448
1380,143738	-116,770973
1380,816650	-116,680763
1381,489563	-116,972649
1382,162476	-117,396095
1382,835388	-117,733467
1383,508301	-117,588081
1384,181213	-117,811996
1384,854126	-117,476067
1385,527039	-118,124596
1386,199951	-118,430672
1386,872864	-117,400391
1387,545776	-118,035194
1388,218689	-118,019424
1388,891602	-117,574333
1389,564514	-117,205711
1390,237427	-117,587616
1390,910339	-117,973923
1391,583252	-117,749527
1392,256165	-117,545525
1392,929077	-117,979141
1393,601990	-117,172691
1394,274902	-116,824753
1394,947815	-117,280762
1395,620728	-117,242538
1396,293640	-117,479881
1396,966553	-116,790871
1397,639465	-117,223160
1398,312378	-117,034721
1398,985291	-116,888008
1399,658203	-117,072121
1400,331116	-116,303848
1401,004028	-116,319885
1401,676941	-116,001770
1402,349854	-115,861176
1403,022766	-116,619843
1403,695679	-116,448524
1404,368591	-116,477821
1405,041504	-116,298386
1405,714417	-116,313347
1406,387329	-116,555687
1407,060242	-116,701042
1407,733154	-117,251877
1408,406067	-116,739120
1409,078979	-116,178726
1409,751892	-116,257965
1410,424805	-116,150406
1411,097717	-117,451591
1411,770630	-117,162582
1412,443542	-116,673843
1413,116455	-116,570908
1413,789368	-117,359573
1414,462280	-117,866920
1415,135193	-117,480431
1415,808105	-117,234161
1416,481018	-117,461685
1417,153931	-117,173439
1417,826843	-116,647446
1418,499756	-117,289169
1419,172668	-117,587982
1419,845581	-116,583755
1420,518494	-117,574333
1421,191406	-117,132416
1421,864319	-117,394669
1422,537231	-116,967270
1423,210144	-117,967514
1423,883057	-117,795311
1424,555969	-116,726135
1425,228882	-116,846825
1425,901794	-116,703636
1426,574707	-117,345718
1427,247620	-117,006516
1427,920532	-117,921997
1428,593445	-117,547874
1429,266357	-115,986580
1429,939270	-115,631096
1430,612183	-116,941437
1431,285095	-117,200462
1431,958008	-116,603874
1432,630920	-116,847641
1433,303833	-117,577713
1433,976746	-117,534309
1434,649658	-116,955460
1435,322571	-116,735001
1435,995483	-117,054359
1436,668396	-116,712677
1437,341309	-116,197945
1438,014221	-116,243202
1438,687134	-116,442032
1439,360046	-116,060493
1440,032959	-116,126030
1440,705872	-117,036758
1441,378784	-117,409599
1442,051697	-117,339874
1442,724609	-117,359962
1443,397522	-118,045708
1444,070435	-118,115105
1444,743347	-117,922348
1445,416260	-117,328186
1446,089172	-116,247307
1446,762085	-116,297577
1447,434998	-117,110725
1448,107910	-116,750023
1448,780823	-117,059029
1449,453735	-116,912102
1450,126648	-116,887085
1450,799561	-116,449600
1451,472473	-115,994606
1452,145386	-115,584892
1452,818298	-115,829407
1453,491211	-115,771324
1454,164124	-116,140121
1454,837036	-116,400345
1455,509949	-116,201141
1456,182861	-115,509857
1456,855774	-116,479614
1457,528687	-116,988892
1458,201599	-116,513298
1458,874512	-117,161842
1459,547424	-117,741104
1460,220337	-116,662338
1460,893250	-116,265060
1461,566162	-116,594536
1462,239075	-117,051857
1462,911987	-117,184334
1463,584900	-117,402031
1464,257812	-116,563286
1464,930725	-116,150841
1465,603638	-117,713539
1466,276550	-117,965279
1466,949463	-117,098488
1467,622375	-116,697411
1468,295288	-117,391975
1468,968201	-117,294556
1469,641113	-116,727348
1470,314026	-115,927094
1470,986938	-115,859299
1471,659851	-115,822853
1472,332764	-116,399803
1473,005676	-116,891045
1473,678589	-117,506439
1474,351501	-117,440948
1475,024414	-116,332329
1475,697327	-116,394112
1476,370239	-115,993797
1477,043152	-116,307198
1477,716064	-116,200996
1478,388977	-116,538200
1479,061890	-117,012886
1479,734802	-117,708847
1480,407715	-116,782677
1481,080627	-116,700943
1481,753540	-117,297623
1482,426453	-117,659882
1483,099365	-117,130104
1483,772278	-117,067818
1484,445190	-117,191742
1485,118103	-117,078270
1485,791016	-117,217812
1486,463928	-117,183861
1487,136841	-117,019981
1487,809753	-117,719940
1488,482666	-117,677635
1489,155579	-117,654213
1489,828491	-117,652359
1490,501404	-116,710541
1491,174316	-116,135773
1491,847229	-115,227913
1492,520142	-115,885063
1493,193054	-116,277527
1493,865967	-116,633377
1494,538879	-117,133614
1495,211792	-116,748276
1495,884705	-116,719101
1496,557617	-117,657822
1497,230530	-117,757729
1497,903442	-117,552048
1498,576355	-117,059349
1499,249268	-116,716423
1499,922180	-117,010223
1500,595093	-117,271454
1501,268005	-117,245934
1501,940918	-116,291603
1502,613831	-116,782852
1503,286743	-116,656471
1503,959656	-117,128296
1504,632568	-116,157127
1505,305481	-117,134995
1505,978394	-117,533943
1506,651306	-117,621574
1507,324219	-115,931290
1507,997131	-117,218773
1508,670044	-116,375778
1509,342957	-116,996773
1510,015869	-116,699745
1510,688782	-117,326996
1511,361694	-118,321686
1512,034607	-117,715508
1512,707520	-118,351250
1513,380432	-117,549141
1514,053345	-117,144684
1514,726257	-117,460564
1515,399170	-117,264175
1516,072083	-116,927162
1516,744995	-116,803711
1517,417908	-117,053917
1518,090820	-117,981972
1518,763733	-118,320839
1519,436646	-118,487221
1520,109558	-117,628677
1520,782471	-117,658737
1521,455383	-117,615318
1522,128296	-117,625061
1522,801208	-117,609833
1523,474121	-116,866409
1524,147034	-115,550789
1524,819946	-115,347099
1525,492859	-117,089157
1526,165771	-117,367859
1526,838684	-116,823387
1527,511597	-114,426201
1528,184509	-114,239975
1528,857422	-116,150711
1529,530334	-116,804947
1530,203247	-118,006714
1530,876160	-117,997101
1531,549072	-118,048561
1532,221985	-117,753242
1532,894897	-117,418510
1533,567810	-118,172661
1534,240723	-117,947449
1534,913635	-117,202049
1535,586548	-116,458694
1536,259460	-115,970444
1536,932373	-116,973618
1537,605286	-117,340500
1538,278198	-117,129616
1538,951111	-116,356247
1539,624023	-116,876778
1540,296936	-117,960716
1540,969849	-117,805428
1541,642761	-117,150414
1542,315674	-116,505135
1542,988586	-117,349594
1543,661499	-117,618767
1544,334412	-117,417282
1545,007324	-117,947289
1545,680237	-118,107697
1546,353149	-117,880043
1547,026062	-117,479607
1547,698975	-117,315765
1548,371887	-117,788544
1549,044800	-117,983978
1549,717712	-117,494476
1550,390625	-116,984886
1551,063538	-117,711609
1551,736450	-117,605133
1552,409363	-118,066780
1553,082275	-116,288467
1553,755188	-116,243690
1554,428101	-117,014313
1555,101013	-116,403725
1555,773926	-116,963272
1556,446838	-117,734177
1557,119751	-118,002243
1557,792664	-117,132881
1558,465576	-117,096428
1559,138489	-117,934982
1559,811401	-117,529434
1560,484314	-117,529419
1561,157227	-117,527977
1561,830139	-117,936737
1562,503052	-117,806068
1563,175964	-118,293343
1563,848877	-118,078415
1564,521790	-118,416351
1565,194702	-118,106560
1565,867615	-117,861977
1566,540527	-117,866974
1567,213440	-117,805901
1567,886353	-117,851097
1568,559265	-118,658142
1569,232178	-117,574181
1569,905090	-117,604469
1570,578003	-118,184799
1571,250916	-117,552162
1571,923828	-117,620461
1572,596741	-117,374252
1573,269653	-117,550163
1573,942566	-116,792389
1574,615479	-117,206635
1575,288391	-117,058540
1575,961304	-116,735939
1576,634216	-116,431114
1577,307129	-115,609688
1577,980042	-116,459175
1578,652954	-116,717155
1579,325867	-117,304703
1579,998779	-117,662331
1580,671692	-116,566925
1581,344604	-115,928345
1582,017517	-116,467407
1582,690430	-118,018440
1583,363342	-117,033897
1584,036255	-117,785492
1584,709167	-118,131027
1585,382080	-117,543983
1586,054993	-115,413780
1586,727905	-114,473946
1587,400818	-115,743042
1588,073730	-116,555984
1588,746643	-116,470070
1589,419556	-117,119865
1590,092468	-117,324455
1590,765381	-116,744560
1591,438293	-117,131149
1592,111206	-118,078758
1592,784119	-116,594810
1593,457031	-116,979202
1594,129944	-117,873474
1594,802856	-118,218643
1595,475769	-118,506905
1596,148682	-118,714882
1596,821594	-118,569023
1597,494507	-118,172455
1598,167419	-118,363297
1598,840332	-117,831039
1599,513245	-118,215416
1600,186157	-118,021210
1600,859070	-117,907097
1601,531982	-117,821182
1602,204895	-117,346573
1602,877808	-117,270851
1603,550720	-118,147606
1604,223633	-117,275284
1604,896545	-117,981590
1605,569458	-118,394234
1606,242371	-116,684280
1606,915283	-115,877052
1607,588196	-115,829597
1608,261108	-116,958023
1608,934021	-116,612915
1609,606934	-117,462059
1610,279846	-117,740799
1610,952759	-117,720688
1611,625671	-117,782791
1612,298584	-117,599030
1612,971497	-117,804024
1613,644409	-118,608810
1614,317322	-118,642342
1614,990234	-117,746170
1615,663147	-118,832939
1616,336060	-118,178993
1617,008972	-116,716209
1617,681885	-116,846069
1618,354797	-117,264320
1619,027710	-118,156738
1619,700623	-117,253242
1620,373535	-116,660309
1621,046448	-117,789757
1621,719360	-117,667038
1622,392273	-116,322639
1623,065186	-116,633904
1623,738098	-117,172127
1624,411011	-117,505173
1625,083923	-117,408195
1625,756836	-117,887482
1626,429749	-118,505936
1627,102661	-117,918526
1627,775574	-117,718460
1628,448486	-117,833153
1629,121399	-116,915192
1629,794312	-116,701324
1630,467224	-117,339882
1631,140137	-118,157387
1631,813049	-118,263786
1632,485962	-117,663788
1633,158875	-118,818214
1633,831787	-119,113419
1634,504700	-117,712494
1635,177612	-117,458717
1635,850525	-117,500854
1636,523438	-117,720108
1637,196350	-118,057884
1637,869263	-118,225723
1638,542175	-118,583656
1639,215088	-117,407692
1639,888000	-116,227303
1640,560913	-117,396957
1641,233826	-118,417610
1641,906738	-119,365952
1642,579651	-117,478065
1643,252563	-117,089088
1643,925476	-117,592125
1644,598389	-118,100128
1645,271301	-118,608177
1645,944214	-118,673615
1646,617126	-118,013474
1647,290039	-118,974045
1647,962952	-119,561806
1648,635864	-118,637215
1649,308777	-117,054367
1649,981689	-116,343376
1650,654602	-117,478348
1651,327515	-118,472473
1652,000427	-118,276543
1652,673340	-117,526146
1653,346252	-117,202164
1654,019165	-117,649200
1654,692078	-117,939339
1655,364990	-117,087875
1656,037903	-116,910477
1656,710815	-117,591904
1657,383728	-118,174362
1658,056641	-118,013351
1658,729553	-118,018295
1659,402466	-118,060959
1660,075378	-118,207130
1660,748291	-118,450882
1661,421204	-119,086823
1662,094116	-117,758842
1662,767029	-117,457405
1663,439941	-117,721359
1664,112854	-117,170929
1664,785767	-117,999512
1665,458679	-117,806160
1666,131592	-118,567200
1666,804504	-119,486511
1667,477417	-119,009148
1668,150330	-117,794289
1668,823242	-118,207176
1669,496155	-117,677017
1670,169067	-116,270187
1670,841980	-116,674782
1671,514893	-117,833717
1672,187805	-119,323158
1672,860718	-118,735687
1673,533630	-119,003151
1674,206543	-118,176971
1674,879456	-117,943604
1675,552368	-118,248169
1676,225281	-119,063446
1676,898193	-117,960884
1677,571106	-118,412643
1678,244019	-118,805054
1678,916931	-118,477272
1679,589844	-118,254196
1680,262756	-119,100777
1680,935669	-118,762550
1681,608582	-117,847786
1682,281494	-118,914810
1682,954407	-117,746918
1683,627319	-118,144638
1684,300232	-118,399529
1684,973145	-116,990738
1685,646057	-117,431496
1686,318970	-117,536621
1686,991882	-117,913002
1687,664795	-117,792938
1688,337708	-118,636925
1689,010620	-119,394112
1689,683533	-118,428085
1690,356445	-118,100922
1691,029358	-118,034363
1691,702271	-117,685905
1692,375183	-117,130127
1693,048096	-117,014694
1693,721008	-117,476303
1694,393921	-117,861336
1695,066833	-117,848328
1695,739746	-117,762283
1696,412659	-118,811340
1697,085571	-118,207123
1697,758484	-117,530289
1698,431396	-118,068016
1699,104309	-116,878105
1699,777222	-115,336647
1700,450134	-115,453247
1701,123047	-117,775169
1701,795959	-119,013603
1702,468872	-118,206367
1703,141785	-117,289291
1703,814697	-117,357246
1704,487610	-117,285973
1705,160522	-117,859337
1705,833435	-117,597450
1706,506348	-118,201820
1707,179260	-118,069298
1707,852173	-118,330513
1708,525085	-118,613579
1709,197998	-118,269356
1709,870911	-117,576271
1710,543823	-117,444984
1711,216736	-117,937737
1711,889648	-116,814285
1712,562561	-117,280930
1713,235474	-117,637489
1713,908386	-118,341789
1714,581299	-118,693260
1715,254211	-118,067368
1715,927124	-117,766777
1716,600037	-118,236938
1717,272949	-118,202080
1717,945862	-117,965332
1718,618774	-116,824554
1719,291687	-115,619759
1719,964600	-116,786652
1720,637512	-117,651276
1721,310425	-117,830360
1721,983337	-117,651680
1722,656250	-118,396889
1723,329163	-118,002495
1724,002075	-117,466721
1724,674988	-116,180832
1725,347900	-117,680626
1726,020813	-116,656509
1726,693726	-118,012901
1727,366638	-117,291702
1728,039551	-116,590538
1728,712463	-117,016251
1729,385376	-117,471336
1730,058289	-117,468307
1730,731201	-117,793961
1731,404114	-117,608788
1732,077026	-117,499382
1732,749939	-118,087219
1733,422852	-118,578987
1734,095764	-117,968941
1734,768677	-116,884903
1735,441589	-117,839622
1736,114502	-118,430946
1736,787415	-118,378021
1737,460327	-116,625015
1738,133240	-116,424843
1738,806152	-117,513802
1739,479065	-117,757874
1740,151978	-117,658150
1740,824890	-117,430878
1741,497803	-118,579613
1742,170715	-117,583527
1742,843628	-117,910454
1743,516541	-119,028381
1744,189453	-118,206161
1744,862366	-117,891830
1745,535278	-118,427414
1746,208191	-118,077881
1746,881104	-117,751663
1747,554016	-118,090118
1748,226929	-117,203728
1748,899841	-116,573265
1749,572754	-118,063492
1750,245667	-117,675705
1750,918579	-118,407623
1751,591492	-118,192154
1752,264404	-118,153786
1752,937317	-118,751617
1753,610229	-118,873016
1754,283142	-118,496353
1754,956055	-117,602669
1755,628967	-117,598427
1756,301880	-117,975601
1756,974792	-118,152397
1757,647705	-117,988434
1758,320618	-117,345428
1758,993530	-118,753136
1759,666443	-118,881088
1760,339355	-118,797897
1761,012268	-117,344711
1761,685181	-117,707497
1762,358093	-119,392433
1763,031006	-118,088165
1763,703918	-118,146141
1764,376831	-117,237190
1765,049744	-116,839211
1765,722656	-118,330193
1766,395569	-118,683372
1767,068481	-118,010300
1767,741394	-117,502388
1768,414307	-117,300591
1769,087219	-117,870323
1769,760132	-118,449051
1770,433044	-118,350586
1771,105957	-118,067970
1771,778870	-117,755959
1772,451782	-118,577072
1773,124695	-118,032806
1773,797607	-117,783836
1774,470520	-118,120262
1775,143433	-118,393120
1775,816345	-118,307800
1776,489258	-118,132828
1777,162170	-117,032349
1777,835083	-118,363579
1778,507996	-118,737999
1779,180908	-118,292046
1779,853821	-116,223618
1780,526733	-115,841286
1781,199646	-117,460701
1781,872559	-117,899017
1782,545471	-116,775085
1783,218384	-117,753471
1783,891296	-117,564095
1784,564209	-118,741112
1785,237122	-118,426277
1785,910034	-118,469749
1786,582947	-118,477379
1787,255859	-118,041229
1787,928772	-118,399979
1788,601685	-118,054741
1789,274597	-117,693733
1789,947510	-116,985420
1790,620422	-118,694366
1791,293335	-119,706192
1791,966248	-119,199707
1792,639160	-118,855965
1793,312073	-118,903229
1793,984985	-118,207886
1794,657898	-117,143517
1795,330811	-116,529396
1796,003723	-117,078262
1796,676636	-117,357437
1797,349548	-118,395874
1798,022461	-118,311348
1798,695374	-118,367088
1799,368286	-118,009697
1800,041199	-117,206306
1800,714111	-116,273506
1801,387024	-117,140991
1802,059937	-118,116531
1802,732849	-118,575699
1803,405762	-118,625786
1804,078674	-118,793213
1804,751587	-118,607796
1805,424500	-118,417336
1806,097412	-117,588219
1806,770325	-116,835167
1807,443237	-116,226311
1808,116150	-116,019615
1808,789062	-116,742844
1809,461975	-118,282341
1810,134888	-118,143097
1810,807800	-117,879707
1811,480713	-118,446762
1812,153625	-118,552933
1812,826538	-118,592880
1813,499451	-117,971893
1814,172363	-118,017982
1814,845276	-118,166550
1815,518188	-118,528969
1816,191101	-119,155754
1816,864014	-119,446274
1817,536926	-119,273323
1818,209839	-118,931015
1818,882751	-118,955521
1819,555664	-117,727753
1820,228577	-117,890488
1820,901489	-118,386276
1821,574402	-116,937531
1822,247314	-117,174805
1822,920227	-116,748833
1823,593140	-116,427246
1824,266052	-118,136330
1824,938965	-117,922562
1825,611877	-118,094238
1826,284790	-117,924339
1826,957703	-117,704269
1827,630615	-117,445862
1828,303528	-117,834465
1828,976440	-117,768532
1829,649353	-118,162956
1830,322266	-118,489304
1830,995178	-117,656441
1831,668091	-117,770203
1832,341003	-117,465881
1833,013916	-118,277954
1833,686829	-118,326691
1834,359741	-118,881996
1835,032654	-118,308266
1835,705566	-117,577736
1836,378479	-118,259827
1837,051392	-117,615761
1837,724304	-116,304733
1838,397217	-117,942612
1839,070129	-119,364754
1839,743042	-118,622536
1840,415955	-117,796783
1841,088867	-117,408569
1841,761780	-117,603020
1842,434692	-116,846977
1843,107605	-116,879951
1843,780518	-117,710876
1844,453430	-118,178200
1845,126343	-117,962204
1845,799255	-117,196678
1846,472168	-116,735168
1847,145081	-115,662621
1847,817993	-117,181381
1848,490906	-116,673920
1849,163818	-118,990944
1849,836731	-117,947609
1850,509644	-116,967926
1851,182556	-117,103020
1851,855469	-118,216339
1852,528381	-118,053749
1853,201294	-118,745110
1853,874207	-117,770195
1854,547119	-118,581039
1855,220032	-118,263557
1855,892944	-117,189613
1856,565857	-117,652588
1857,238770	-118,928085
1857,911682	-119,143745
1858,584595	-119,435585
1859,257507	-117,423187
1859,930420	-116,966255
1860,603333	-118,175430
1861,276245	-117,649117
1861,949158	-117,496330
1862,622070	-116,982689
1863,294983	-116,837326
1863,967896	-116,883873
1864,640808	-117,257683
1865,313721	-117,533867
1865,986633	-117,858261
1866,659546	-118,106209
1867,332458	-119,005737
1868,005371	-118,756210
1868,678284	-118,177361
1869,351196	-118,811226
1870,024109	-117,036087
1870,697021	-117,191460
1871,369934	-116,663490
1872,042847	-116,567932
1872,715759	-117,730095
1873,388672	-118,518158
1874,061584	-119,068825
1874,734497	-118,646469
1875,407410	-117,702606
1876,080322	-117,952881
1876,753235	-118,268730
1877,426147	-117,988091
1878,099060	-117,757874
1878,771973	-117,193565
1879,444885	-116,859879
1880,117798	-116,492210
1880,790710	-116,633774
1881,463623	-117,018524
1882,136536	-118,496857
1882,809448	-118,446526
1883,482361	-117,962708
1884,155273	-116,210342
1884,828186	-115,544670
1885,501099	-115,632660
1886,174011	-116,662819
1886,846924	-117,883568
1887,519836	-118,326126
1888,192749	-118,191978
1888,865662	-117,525650
1889,538574	-116,983330
1890,211487	-117,739868
1890,884399	-118,475876
1891,557312	-119,019691
1892,230225	-118,471375
1892,903137	-117,994453
1893,576050	-117,046951
1894,248962	-118,319496
1894,921875	-118,618446
1895,594788	-118,705727
1896,267700	-118,672989
1896,940613	-118,279175
1897,613525	-118,016014
1898,286438	-117,957825
1898,959351	-118,097664
1899,632263	-117,919884
1900,305176	-118,443581
1900,978088	-118,622162
1901,651001	-117,712799
1902,323914	-117,629402
1902,996826	-117,961197
1903,669739	-117,692879
1904,342651	-116,556267
1905,015564	-116,450638
1905,688477	-117,418915
1906,361389	-118,015221
1907,034302	-118,684715
1907,707214	-118,350922
1908,380127	-117,489517
1909,053040	-118,103226
1909,725952	-118,461403
1910,398865	-117,107948
1911,071777	-116,178329
1911,744690	-117,143700
1912,417603	-118,218140
1913,090515	-118,217033
1913,763428	-116,726242
1914,436340	-117,370285
1915,109253	-118,572426
1915,782166	-119,073814
1916,455078	-118,775391
1917,127991	-117,907219
1917,800903	-118,161011
1918,473816	-118,644775
1919,146729	-117,725975
1919,819641	-117,528450
1920,492554	-117,997444
1921,165466	-119,811371
1921,838379	-119,533623
1922,511292	-118,700127
1923,184204	-118,325188
1923,857117	-118,523727
1924,530029	-118,979034
1925,202942	-119,112312
1925,875854	-119,148361
1926,548767	-119,804420
1927,221680	-119,841034
1927,894592	-119,754837
1928,567505	-119,051819
1929,240417	-118,224777
1929,913330	-118,022209
1930,586243	-118,424683
1931,259155	-119,012833
1931,932068	-118,934669
1932,604980	-119,295235
1933,277893	-119,966866
1933,950806	-118,738861
1934,623718	-117,351311
1935,296631	-117,639366
1935,969543	-117,456566
1936,642456	-117,730812
1937,315369	-118,288765
1937,988281	-117,885132
1938,661194	-119,240402
1939,334106	-118,874329
1940,007019	-118,394516
1940,679932	-118,852173
1941,352844	-119,055367
1942,025757	-118,351990
1942,698669	-118,098305
1943,371582	-117,944595
1944,044495	-118,192955
1944,717407	-118,983261
1945,390320	-119,431335
1946,063232	-118,677643
1946,736145	-118,367577
1947,409058	-118,672440
1948,081970	-119,349770
1948,754883	-118,812927
1949,427795	-118,909172
1950,100708	-119,214584
1950,773621	-118,864014
1951,446533	-119,343025
1952,119446	-118,600266
1952,792358	-118,684723
1953,465271	-119,774323
1954,138184	-118,278267
1954,811096	-117,874107
1955,484009	-118,710548
1956,156921	-118,994347
1956,829834	-119,012138
1957,502747	-118,413986
1958,175659	-118,705254
1958,848572	-118,978233
1959,521484	-118,926414
1960,194397	-119,205849
1960,867310	-118,052917
1961,540222	-116,892235
1962,213135	-116,680046
1962,886047	-119,023125
1963,558960	-118,627174
1964,231873	-118,339569
1964,904785	-117,823708
1965,577698	-117,658180
1966,250610	-117,628792
1966,923523	-117,710045
1967,596436	-117,316895
1968,269348	-117,716751
1968,942261	-117,781578
1969,615173	-117,739594
1970,288086	-117,764587
1970,960999	-117,935722
1971,633911	-118,480980
1972,306824	-119,188866
1972,979736	-119,344452
1973,652649	-117,722649
1974,325562	-119,157326
1974,998474	-117,847961
1975,671387	-117,578682
1976,344299	-117,701790
1977,017212	-118,398804
1977,690125	-116,730240
1978,363037	-117,607803
1979,035950	-118,723648
1979,708862	-119,254288
1980,381775	-117,667145
1981,054688	-115,740402
1981,727600	-117,696281
1982,400513	-118,205391
1983,073425	-118,671013
1983,746338	-117,656075
1984,419250	-118,038086
1985,092163	-116,227875
1985,765076	-114,707397
1986,437988	-117,356995
1987,110901	-118,093697
1987,783813	-117,592400
1988,456726	-117,067307
1989,129639	-117,111298
1989,802551	-117,651260
1990,475464	-118,694878
1991,148376	-118,416397
1991,821289	-118,701225
1992,494202	-119,151688
1993,167114	-118,271103
1993,840027	-119,235428
1994,512939	-118,006180
1995,185852	-118,234123
1995,858765	-119,565582
1996,531677	-119,151596
1997,204590	-119,014999
1997,877502	-118,071396
1998,550415	-118,392220
1999,223328	-118,476456
1999,896240	-118,991356
2000,569153	-118,747040
2001,242065	-119,367516
2001,914978	-119,114250
2002,587891	-118,135506
2003,260803	-118,281891
2003,933716	-117,123177
2004,606628	-116,995682
2005,279541	-119,047508
2005,952454	-119,362389
2006,625366	-118,939377
2007,298279	-118,068817
2007,971191	-118,949661
2008,644104	-120,196861
2009,317017	-118,695229
2009,989929	-118,537712
2010,662842	-118,901779
2011,335754	-118,317520
2012,008667	-119,014412
2012,681580	-119,098038
2013,354492	-118,968033
2014,027405	-118,596207
2014,700317	-118,218330
2015,373230	-119,360176
2016,046143	-119,465294
2016,719055	-116,902641
2017,391968	-115,390068
2018,064880	-115,997414
2018,737793	-117,126823
2019,410706	-119,197861
2020,083618	-116,863846
2020,756531	-116,019653
2021,429443	-117,166809
2022,102356	-117,827057
2022,775269	-119,273422
2023,448181	-118,533516
2024,121094	-118,371254
2024,794006	-119,603508
2025,466919	-117,113403
2026,139832	-117,742767
2026,812744	-118,677116
2027,485657	-116,290970
2028,158569	-116,301872
2028,831482	-117,853325
2029,504395	-118,253670
2030,177307	-117,512573
2030,850220	-118,465576
2031,523132	-118,057327
2032,196045	-119,659630
2032,868958	-119,338860
2033,541870	-118,928833
2034,214783	-119,558395
2034,887695	-117,985687
2035,560608	-116,874367
2036,233521	-117,941017
2036,906433	-119,361458
2037,579346	-119,641495
2038,252258	-119,152267
2038,925171	-119,389244
2039,598083	-120,529121
2040,270996	-119,768829
2040,943909	-118,800957
2041,616821	-118,436623
2042,289734	-118,983559
2042,962646	-119,400467
2043,635559	-118,960190
2044,308472	-118,222397
2044,981384	-118,633835
2045,654297	-118,936699
2046,327209	-117,994759
2047,000122	-118,907951
2047,673035	-117,256897
2048,345947	-116,148300
2049,018860	-116,575478
2049,691772	-115,745972
2050,364685	-117,652740
2051,037598	-118,412354
2051,710510	-118,228729
2052,383423	-117,509621
2053,056335	-118,621567
2053,729248	-118,130867
2054,402161	-117,972908
2055,075073	-118,962097
2055,747986	-118,033226
2056,420898	-118,234100
2057,093811	-116,641510
2057,766724	-117,174416
2058,439636	-118,902962
2059,112549	-116,919456
2059,785461	-117,717484
2060,458374	-118,458031
2061,131287	-117,529541
2061,804199	-118,088562
2062,477112	-117,361916
2063,150024	-119,680008
2063,822937	-119,163620
2064,495850	-118,651642
2065,168762	-118,453804
2065,841675	-118,430229
2066,514587	-118,498558
2067,187500	-118,387611
2067,860413	-118,474030
2068,533325	-118,590492
2069,206238	-119,420372
2069,879150	-118,900253
2070,552063	-117,850082
2071,224976	-116,871681
2071,897888	-117,027206
2072,570801	-117,244202
2073,243713	-117,660324
2073,916626	-117,444038
2074,589539	-117,460449
2075,262451	-119,288551
2075,935364	-119,153328
2076,608276	-118,259171
2077,281189	-116,709572
2077,954102	-117,255722
2078,627014	-117,918297
2079,299927	-118,625748
2079,972839	-118,838524
2080,645752	-117,561676
2081,318665	-117,275253
2081,991577	-119,192078
2082,664490	-119,825264
2083,337402	-119,610786
2084,010315	-119,449066
2084,683228	-118,426956
2085,356140	-116,643486
2086,029053	-116,506615
2086,701965	-117,525848
2087,374878	-117,616287
2088,047791	-115,989876
2088,720703	-117,499100
2089,393616	-118,191071
2090,066528	-118,966759
2090,739441	-118,167435
2091,412354	-118,337708
2092,085266	-118,769814
2092,758179	-117,709984
2093,431091	-118,131821
2094,104004	-118,322227
2094,776917	-118,717430
2095,449829	-118,259613
2096,122742	-118,992798
2096,795654	-118,224503
2097,468567	-118,100937
2098,141479	-117,978645
2098,814392	-117,973228
2099,487305	-118,758064
2100,160217	-118,611633
2100,833130	-118,702507
2101,506042	-117,076149
2102,178955	-117,213051
2102,851868	-117,063484
2103,524780	-117,395538
2104,197693	-118,958626
2104,870605	-118,469269
2105,543518	-119,030792
2106,216431	-119,187691
2106,889343	-119,710304
2107,562256	-119,891541
2108,235168	-119,320435
2108,908081	-119,459671
2109,580994	-119,329834
2110,253906	-119,149239
2110,926819	-119,039665
2111,599731	-118,673302
2112,272644	-117,428696
2112,945557	-117,708466
2113,618469	-118,676445
2114,291382	-118,220192
2114,964294	-118,952332
2115,637207	-120,543503
2116,310120	-118,993111
2116,983032	-116,749046
2117,655945	-117,768120
2118,328857	-119,820656
2119,001770	-118,296356
2119,674683	-117,335556
2120,347595	-119,020096
2121,020508	-120,310890
2121,693420	-120,158310
2122,366333	-119,856865
2123,039246	-119,341583
2123,712158	-117,683464
2124,385071	-117,243820
2125,057983	-118,660385
2125,730896	-119,018349
2126,403809	-116,447739
2127,076721	-115,420982
2127,749634	-116,852478
2128,422546	-119,096855
2129,095459	-119,335266
2129,768372	-118,879402
2130,441284	-117,969833
2131,114197	-117,420471
2131,787109	-118,675522
2132,460022	-118,160110
2133,132935	-117,732460
2133,805847	-118,415878
2134,478760	-118,445168
2135,151672	-117,867973
2135,824585	-116,240120
2136,497498	-117,073105
2137,170410	-117,054192
2137,843323	-117,155159
2138,516235	-116,760132
2139,189148	-117,076523
2139,862061	-117,871780
2140,534973	-117,858047
2141,207886	-118,409958
2141,880798	-118,673347
2142,553711	-117,047264
2143,226624	-116,892052
2143,899536	-116,642914
2144,572449	-119,047295
2145,245361	-117,821404
2145,918274	-116,827400
2146,591187	-118,085167
2147,264099	-118,262009
2147,937012	-117,413994
2148,609924	-116,801102
2149,282837	-118,742615
2149,955750	-119,021507
2150,628662	-117,907288
2151,301575	-118,504417
2151,974487	-118,983017
2152,647400	-119,235840
2153,320312	-119,617424
2153,993225	-119,847801
2154,666138	-118,868431
2155,339050	-118,670494
2156,011963	-118,443573
2156,684875	-119,019501
2157,357788	-118,205711
2158,030701	-118,489449
2158,703613	-119,149734
2159,376526	-118,905121
2160,049438	-118,669395
2160,722351	-118,229004
2161,395264	-119,683640
2162,068176	-120,197731
2162,741089	-118,998993
2163,414001	-118,893105
2164,086914	-119,063965
2164,759827	-119,405861
2165,432739	-119,259651
2166,105652	-118,134445
2166,778564	-119,026634
2167,451477	-119,656761
2168,124390	-119,294716
2168,797302	-119,213417
2169,470215	-119,222626
2170,143127	-119,379372
2170,816040	-118,634933
2171,488953	-117,783340
2172,161865	-117,575325
2172,834778	-117,189293
2173,507690	-117,463455
2174,180603	-117,808868
2174,853516	-118,962837
2175,526428	-119,056549
2176,199341	-117,676682
2176,872253	-119,192253
2177,545166	-118,656425
2178,218079	-119,012711
2178,890991	-117,238144
2179,563904	-117,690010
2180,236816	-118,300850
2180,909729	-119,025444
2181,582642	-119,386299
2182,255554	-118,587639
2182,928467	-118,208351
2183,601379	-118,576218
2184,274292	-118,297562
2184,947205	-117,472916
2185,620117	-116,762749
2186,293030	-117,512253
2186,965942	-118,544563
2187,638855	-118,022980
2188,311768	-117,807068
2188,984680	-119,064232
2189,657593	-118,874847
2190,330505	-118,003021
2191,003418	-119,056877
2191,676331	-119,737198
2192,349243	-117,849281
2193,022156	-117,635033
2193,695068	-117,541527
2194,367981	-118,594505
2195,040894	-118,234596
2195,713806	-116,709808
2196,386719	-117,193550
2197,059631	-117,551048
2197,732544	-117,094101
2198,405457	-116,086449
2199,078369	-117,561241
2199,751282	-119,229332
2200,424194	-118,823639
2201,097107	-118,759918
2201,770020	-118,775902
2202,442932	-120,286240
2203,115845	-118,284935
2203,788757	-118,492783
2204,461670	-119,399261
2205,134583	-118,867935
2205,807495	-117,869484
2206,480408	-118,482368
2207,153320	-118,935242
2207,826233	-119,219872
2208,499146	-119,092659
2209,172058	-118,865852
2209,844971	-118,554497
2210,517883	-118,414864
2211,190796	-119,198883
2211,863708	-119,071587
2212,536621	-118,466850
2213,209534	-118,431046
2213,882446	-117,557869
2214,555359	-117,795853
2215,228271	-118,249985
2215,901184	-117,742386
2216,574097	-116,832512
2217,247009	-116,713585
2217,919922	-118,369133
2218,592834	-119,132172
2219,265747	-118,838158
2219,938660	-117,526863
2220,611572	-118,789047
2221,284485	-119,695656
2221,957397	-118,591431
2222,630310	-118,737129
2223,303223	-118,496078
2223,976135	-119,111931
2224,649048	-118,779190
2225,321960	-118,743736
2225,994873	-118,752037
2226,667786	-117,458076
2227,340698	-119,308464
2228,013611	-118,461739
2228,686523	-118,476944
2229,359436	-118,413887
2230,032349	-118,014359
2230,705261	-118,990196
2231,378174	-117,559822
2232,051086	-119,059547
2232,723999	-117,719612
2233,396912	-118,019661
2234,069824	-119,806786
2234,742737	-119,431030
2235,415649	-118,923630
2236,088562	-119,305016
2236,761475	-117,476189
2237,434387	-117,338875
2238,107300	-118,338882
2238,780212	-118,220383
2239,453125	-119,167976
2240,126038	-117,639870
2240,798950	-119,577446
2241,471863	-119,108597
2242,144775	-118,404861
2242,817688	-118,292191
2243,490601	-118,847572
2244,163513	-117,394684
2244,836426	-116,741257
2245,509338	-117,179611
2246,182251	-117,413132
2246,855164	-118,126717
2247,528076	-119,100685
2248,200989	-119,805878
2248,873901	-118,968529
2249,546814	-118,448196
2250,219727	-118,222343
2250,892639	-116,870636
2251,565552	-116,652283
2252,238464	-118,108948
2252,911377	-119,005203
2253,584290	-119,146057
2254,257202	-119,300644
2254,930115	-117,728386
2255,603027	-115,798409
2256,275940	-115,877754
2256,948853	-117,295410
2257,621765	-118,863861
2258,294678	-119,064194
2258,967590	-119,720352
2259,640503	-120,105522
2260,313416	-119,330879
2260,986328	-117,871368
2261,659241	-117,653275
2262,332153	-118,370636
2263,005066	-117,719078
2263,677979	-117,714302
2264,350891	-116,283211
2265,023804	-116,982307
2265,696716	-117,805283
2266,369629	-114,684685
2267,042542	-114,913940
2267,715454	-116,376854
2268,388367	-119,047089
2269,061279	-116,446472
2269,734192	-116,938072
2270,407104	-115,865234
2271,080017	-117,598671
2271,752930	-118,907379
2272,425842	-118,748703
2273,098755	-119,479149
2273,771667	-119,577255
2274,444580	-119,788353
2275,117493	-119,566872
2275,790405	-120,129799
2276,463318	-119,741257
2277,136230	-118,373077
2277,809143	-118,170685
2278,482056	-117,996155
2279,154968	-118,743729
2279,827881	-119,036423
2280,500793	-119,949341
2281,173706	-119,667404
2281,846619	-119,593857
2282,519531	-119,035019
2283,192444	-118,249786
2283,865356	-119,818932
2284,538269	-119,475418
2285,211182	-118,284447
2285,884094	-118,147171
2286,557007	-118,708794
2287,229919	-116,573708
2287,902832	-115,131180
2288,575745	-114,559547
2289,248657	-115,510460
2289,921570	-116,516159
2290,594482	-115,159668
2291,267395	-115,591667
2291,940308	-118,700447
2292,613220	-118,298096
2293,286133	-118,045952
2293,959045	-118,817169
2294,631958	-118,308907
2295,304871	-119,254280
2295,977783	-118,948624
2296,650696	-119,217255
2297,323608	-119,146996
2297,996521	-119,395912
2298,669434	-120,101334
2299,342346	-119,416138
2300,015259	-117,851379
2300,688171	-118,272255
2301,361084	-119,651711
2302,033997	-119,431732
2302,706909	-118,447624
2303,379822	-117,604057
2304,052734	-119,070511
2304,725647	-118,722572
2305,398560	-117,206680
2306,071472	-118,233612
2306,744385	-119,120125
2307,417297	-118,683830
2308,090210	-117,924332
2308,763123	-115,831871
2309,436035	-115,553558
2310,108948	-116,701637
2310,781860	-116,932968
2311,454773	-114,204605
2312,127686	-113,173660
2312,800598	-114,351852
2313,473511	-117,705948
2314,146423	-118,984924
2314,819336	-116,957779
2315,492249	-118,014824
2316,165161	-118,644119
2316,838074	-118,022873
2317,510986	-117,631668
2318,183899	-117,574013
2318,856812	-118,459671
2319,529724	-119,374115
2320,202637	-119,678299
2320,875549	-119,138176
2321,548462	-117,629433
2322,221375	-114,675316
2322,894287	-112,902458
2323,567200	-113,509171
2324,240112	-115,901993
2324,913025	-117,272301
2325,585938	-115,799156
2326,258850	-115,914055
2326,931763	-118,391052
2327,604675	-118,221657
2328,277588	-117,997505
2328,950500	-117,454491
2329,623413	-117,590752
2330,296326	-116,940315
2330,969238	-117,303558
2331,642151	-119,304321
2332,315063	-119,322433
2332,987976	-118,648270
2333,660889	-118,783325
2334,333801	-117,793648
2335,006714	-117,666420
2335,679626	-119,293556
2336,352539	-118,804176
2337,025452	-117,974136
2337,698364	-119,240387
2338,371277	-119,403618
2339,044189	-118,076523
2339,717102	-118,340096
2340,390015	-117,566788
2341,062927	-117,670403
2341,735840	-119,427414
2342,408752	-118,908089
2343,081665	-119,359612
2343,754578	-120,546478
2344,427490	-119,145874
2345,100403	-118,884148
2345,773315	-118,840302
2346,446228	-118,850403
2347,119141	-119,145576
2347,792053	-119,373299
2348,464966	-118,529793
2349,137878	-117,518318
2349,810791	-118,632904
2350,483704	-119,057556
2351,156616	-118,065765
2351,829529	-119,143257
2352,502441	-119,249062
2353,175354	-117,415726
2353,848267	-117,330223
2354,521179	-117,767319
2355,194092	-118,357430
2355,867004	-117,266739
2356,539917	-117,278465
2357,212830	-118,891281
2357,885742	-119,654007
2358,558655	-119,413445
2359,231567	-119,018410
2359,904480	-119,232292
2360,577393	-119,895264
2361,250305	-119,540024
2361,923218	-119,514412
2362,596130	-119,522537
2363,269043	-118,383095
2363,941956	-117,772057
2364,614868	-118,114983
2365,287781	-116,624031
2365,960693	-115,620262
2366,633606	-113,987389
2367,306519	-115,366554
2367,979431	-118,980652
2368,652344	-118,590462
2369,325256	-118,725937
2369,998169	-118,594757
2370,671082	-120,066437
2371,343994	-119,536224
2372,016907	-118,516968
2372,689819	-119,266510
2373,362732	-118,085938
2374,035645	-116,849678
2374,708557	-117,345413
2375,381470	-117,413849
2376,054382	-118,775841
2376,727295	-117,973885
2377,400208	-117,587875
2378,073120	-117,731339
2378,746033	-116,781204
2379,418945	-116,489014
2380,091858	-115,845490
2380,764771	-116,681679
2381,437683	-118,289543
2382,110596	-119,078850
2382,783508	-118,765083
2383,456421	-118,865211
2384,129333	-117,764000
2384,802246	-118,105759
2385,475159	-117,062370
2386,148071	-116,095131
2386,820984	-115,639084
2387,493896	-116,053009
2388,166809	-117,066826
2388,839722	-118,754173
2389,512634	-119,938728
2390,185547	-119,922729
2390,858459	-120,148422
2391,531372	-119,390503
2392,204285	-119,377068
2392,877197	-118,913498
2393,550110	-119,583069
2394,223022	-119,574036
2394,895935	-118,918579
2395,568848	-119,260178
2396,241760	-118,369949
2396,914673	-118,004761
2397,587585	-117,829178
2398,260498	-118,006737
2398,933411	-116,908913
2399,606323	-117,025200
2400,279236	-117,550697
2400,952148	-117,525673
2401,625061	-117,042587
2402,297974	-116,051460
2402,970886	-115,949951
2403,643799	-116,163658
2404,316711	-117,129547
2404,989624	-117,852150
2405,662537	-116,243423
2406,335449	-115,895508
2407,008362	-116,170784
2407,681274	-117,628662
2408,354187	-118,691025
2409,027100	-117,842545
2409,700012	-118,643654
2410,372925	-118,993378
2411,045837	-119,526749
2411,718750	-120,258377
2412,391663	-120,142731
2413,064575	-119,325737
2413,737488	-118,677246
2414,410400	-118,595337
2415,083313	-118,122536
2415,756226	-117,668770
2416,429138	-116,521118
2417,102051	-115,152992
2417,774963	-115,445450
2418,447876	-115,564980
2419,120789	-117,632233
2419,793701	-118,650948
2420,466614	-117,310883
2421,139526	-116,980476
2421,812439	-118,384323
2422,485352	-118,750046
2423,158264	-118,298660
2423,831177	-118,075859
2424,504089	-118,845154
2425,177002	-120,089615
2425,849915	-118,907761
2426,522827	-119,277756
2427,195740	-119,751183
2427,868652	-118,760010
2428,541565	-118,154442
2429,214478	-118,291183
2429,887390	-119,213791
2430,560303	-118,797554
2431,233215	-116,904037
2431,906128	-115,959488
2432,579041	-117,354744
2433,251953	-117,435921
2433,924866	-118,369247
2434,597778	-118,545982
2435,270691	-117,150925
2435,943604	-119,364655
2436,616516	-117,552467
2437,289429	-117,374001
2437,962341	-116,886841
2438,635254	-117,888359
2439,308167	-119,086769
2439,981079	-118,397507
2440,653992	-117,396591
2441,326904	-115,690506
2441,999817	-116,550743
2442,672729	-117,322945
2443,345642	-119,107780
2444,018555	-118,457130
2444,691467	-117,909485
2445,364380	-118,831581
2446,037292	-118,356361
2446,710205	-118,099579
2447,383118	-119,462456
2448,056030	-117,791183
2448,728943	-118,649498
2449,401855	-119,928772
2450,074768	-118,072525
2450,747681	-117,401390
2451,420593	-118,584366
2452,093506	-116,138992
2452,766418	-114,493629
2453,439331	-113,313942
2454,112244	-113,046425
2454,785156	-115,550896
2455,458069	-115,147697
2456,130981	-114,153206
2456,803894	-114,297356
2457,476807	-117,440247
2458,149719	-117,018600
2458,822632	-116,736565
2459,495544	-116,279228
2460,168457	-115,934349
2460,841370	-116,057289
2461,514282	-114,198280
2462,187195	-116,478127
2462,860107	-119,317795
2463,533020	-116,361290
2464,205933	-116,876465
2464,878845	-117,557274
2465,551758	-118,258408
2466,224670	-117,934845
2466,897583	-117,359268
2467,570496	-116,709587
2468,243408	-118,891624
2468,916321	-117,934021
2469,589233	-117,111198
2470,262146	-116,826477
2470,935059	-115,440552
2471,607971	-117,701897
2472,280884	-117,760826
2472,953796	-117,703392
2473,626709	-114,456039
2474,299622	-113,436592
2474,972534	-113,555878
2475,645447	-115,820023
2476,318359	-118,778984
2476,991272	-116,566338
2477,664185	-117,851501
2478,337097	-118,640541
2479,010010	-118,571465
2479,682922	-116,978119
2480,355835	-117,316513
2481,028748	-118,452629
2481,701660	-119,039268
2482,374573	-118,244301
2483,047485	-116,618729
2483,720398	-113,753799
2484,393311	-112,891136
2485,066223	-114,367188
2485,739136	-115,162109
2486,412048	-114,657486
2487,084961	-113,264061
2487,757874	-114,593987
2488,430786	-116,132782
2489,103699	-118,510880
2489,776611	-118,700768
2490,449524	-118,048309
2491,122437	-118,466293
2491,795349	-118,059990
2492,468262	-116,257622
2493,141174	-115,323036
2493,814087	-118,175880
2494,487000	-115,952759
2495,159912	-115,010498
2495,832825	-114,784760
2496,505737	-116,879623
2497,178650	-117,525627
2497,851562	-118,594162
2498,524475	-116,227776
2499,197388	-114,890747
2499,870300	-116,386024
2500,543213	-115,182823
2501,216125	-118,801804
2501,889038	-117,070824
2502,561951	-116,576859
2503,234863	-115,670403
2503,907776	-116,025780
2504,580688	-115,487434
2505,253601	-118,767326
2505,926514	-116,079224
2506,599426	-113,273354
2507,272339	-114,721481
2507,945251	-116,510353
2508,618164	-116,758804
2509,291077	-115,879906
2509,963989	-116,207535
2510,636902	-119,464859
2511,309814	-115,640427
2511,982727	-115,447731
2512,655640	-117,543564
2513,328552	-118,165459
2514,001465	-117,280205
2514,674377	-116,901825
2515,347290	-119,656616
2516,020203	-115,697304
2516,693115	-114,591454
2517,366028	-118,178528
2518,038940	-117,039848
2518,711853	-116,539963
2519,384766	-116,964951
2520,057678	-116,997261
2520,730591	-118,469803
2521,403503	-118,574799
2522,076416	-118,015327
2522,749329	-115,359688
2523,422241	-115,321167
2524,095154	-116,007652
2524,768066	-117,875687
2525,440979	-116,789223
2526,113892	-115,239120
2526,786804	-116,311264
2527,459717	-118,605576
2528,132629	-116,722733
2528,805542	-114,542564
2529,478455	-116,182304
2530,151367	-115,911324
2530,824280	-116,857155
2531,497192	-117,240578
2532,170105	-114,261269
2532,843018	-115,640427
2533,515930	-117,060120
2534,188843	-117,168976
2534,861755	-115,902870
2535,534668	-115,855690
2536,207581	-115,761826
2536,880493	-119,301308
2537,553406	-114,767532
2538,226318	-113,287094
2538,899231	-115,291389
2539,572144	-115,071175
2540,245056	-118,974342
2540,917969	-115,337616
2541,590881	-114,478745
2542,263794	-115,163895
2542,936707	-117,450829
2543,609619	-117,704926
2544,282532	-116,747650
2544,955444	-117,619972
2545,628357	-115,831474
2546,301270	-116,968002
2546,974182	-117,473938
2547,647095	-116,058266
2548,320007	-117,264046
2548,992920	-114,413849
2549,665833	-116,366280
2550,338745	-117,235008
2551,011658	-116,722092
2551,684570	-115,885330
2552,357483	-115,883400
2553,030396	-118,605385
2553,703308	-116,539375
2554,376221	-117,587250
2555,049133	-116,188118
2555,722046	-116,502213
2556,394958	-115,044930
2557,067871	-114,693596
2557,740784	-117,428627
2558,413696	-115,957611
2559,086609	-117,630798
2559,759521	-114,242790
2560,432434	-116,238098
2561,105347	-117,276978
2561,778259	-115,572899
2562,451172	-114,620758
2563,124084	-113,616058
2563,796997	-118,179909
2564,469910	-115,455025
2565,142822	-114,442009
2565,815735	-114,017464
2566,488647	-113,002876
2567,161560	-115,432518
2567,834473	-116,078636
2568,507385	-119,777557
2569,180298	-116,750366
2569,853210	-115,891762
2570,526123	-118,466431
2571,199036	-117,593819
2571,871948	-117,271652
2572,544861	-114,784309
2573,217773	-113,499130
2573,890686	-116,574669
2574,563599	-117,597748
2575,236511	-118,515060
2575,909424	-117,913544
2576,582336	-116,248688
2577,255249	-118,485420
2577,928162	-117,124489
2578,601074	-118,368462
2579,273987	-119,273514
2579,946899	-117,280540
2580,619812	-118,326759
2581,292725	-119,301643
2581,965637	-119,723152
2582,638550	-117,581909
2583,311462	-118,267166
2583,984375	-119,303078
2584,657288	-118,711868
2585,330200	-119,075569
2586,003113	-117,347679
2586,676025	-117,924812
2587,348938	-118,490028
2588,021851	-118,727379
2588,694763	-120,032486
2589,367676	-118,367378
2590,040588	-119,375275
2590,713501	-119,339195
2591,386414	-120,149529
2592,059326	-118,011475
2592,732239	-117,008492
2593,405151	-118,113358
2594,078064	-116,641922
2594,750977	-118,978127
2595,423889	-116,476418
2596,096802	-118,074722
2596,769714	-118,630211
2597,442627	-117,423027
2598,115540	-117,651871
2598,788452	-117,450989
2599,461365	-119,691986
2600,134277	-119,170471
2600,807190	-118,039841
2601,480103	-117,735527
2602,153015	-115,079308
2602,825928	-113,974266
2603,498840	-115,003807
2604,171753	-116,137474
2604,844666	-116,403000
2605,517578	-114,896446
2606,190491	-117,089706
2606,863403	-119,024643
2607,536316	-118,144547
2608,209229	-118,987297
2608,882141	-118,552773
2609,555054	-118,578697
2610,227966	-117,709702
2610,900879	-117,172401
2611,573792	-117,192917
2612,246704	-119,300446
2612,919617	-118,253929
2613,592529	-117,050461
2614,265442	-118,908958
2614,938354	-119,024765
2615,611267	-119,117821
2616,284180	-117,824173
2616,957092	-117,730415
2617,630005	-119,582184
2618,302917	-118,917702
2618,975830	-118,728638
2619,648743	-117,061333
2620,321655	-117,111496
2620,994568	-116,518318
2621,667480	-117,237930
2622,340393	-117,671173
2623,013306	-117,045166
2623,686218	-119,349388
2624,359131	-118,283188
2625,032043	-119,253349
2625,704956	-118,675949
2626,377869	-118,904083
2627,050781	-118,334503
2627,723694	-118,523399
2628,396606	-117,450050
2629,069519	-117,669220
2629,742432	-117,314987
2630,415344	-118,596489
2631,088257	-119,580276
2631,761169	-120,385818
2632,434082	-119,943756
2633,106995	-119,028931
2633,779907	-118,956841
2634,452820	-118,532127
2635,125732	-117,540413
2635,798645	-115,385429
2636,471558	-114,408325
2637,144470	-116,416000
2637,817383	-117,449234
2638,490295	-120,398979
2639,163208	-119,936028
2639,836121	-119,560135
2640,509033	-117,977638
2641,181946	-117,517593
2641,854858	-117,778915
2642,527771	-117,253731
2643,200684	-116,981888
2643,873596	-115,092255
2644,546509	-115,398010
2645,219421	-117,225952
2645,892334	-119,565742
2646,565247	-119,242798
2647,238159	-117,354691
2647,911072	-117,504417
2648,583984	-118,029457
2649,256897	-119,188927
2649,929810	-118,068024
2650,602722	-118,316940
2651,275635	-116,841866
2651,948547	-116,725151
2652,621460	-115,857445
2653,294373	-117,068909
2653,967285	-117,706985
2654,640198	-118,744202
2655,313110	-117,711037
2655,986023	-117,542007
2656,658936	-117,344292
2657,331848	-117,136993
2658,004761	-117,110954
2658,677673	-117,844894
2659,350586	-119,486771
2660,023499	-119,579803
2660,696411	-118,951599
2661,369324	-117,908516
2662,042236	-117,488075
2662,715149	-119,159973
2663,388062	-118,770973
2664,060974	-116,873474
2664,733887	-116,838150
2665,406799	-118,213806
2666,079712	-118,825256
2666,752625	-118,465614
2667,425537	-117,299248
2668,098450	-116,885666
2668,771362	-117,986885
2669,444275	-119,202316
2670,117188	-119,200180
2670,790100	-119,791840
2671,463013	-118,366783
2672,135925	-115,631638
2672,808838	-113,615829
2673,481750	-113,837891
2674,154663	-115,761147
2674,827576	-117,447510
2675,500488	-117,518845
2676,173401	-117,354515
2676,846313	-117,604660
2677,519226	-118,563576
2678,192139	-117,421211
2678,865051	-117,357727
2679,537964	-117,768738
2680,210876	-117,385956
2680,883789	-118,333496
2681,556702	-118,317039
2682,229614	-119,637627
2682,902527	-117,891739
2683,575439	-117,747055
2684,248352	-118,291519
2684,921265	-117,715416
2685,594177	-118,078354
2686,267090	-118,987839
2686,940002	-117,348991
2687,612915	-115,064407
2688,285828	-113,641266
2688,958740	-114,399338
2689,631653	-117,072845
2690,304565	-118,265411
2690,977478	-118,164536
2691,650391	-117,713531
2692,323303	-118,695564
2692,996216	-117,477539
2693,669128	-116,686935
2694,342041	-117,004539
2695,014954	-116,438202
2695,687866	-116,731331
2696,360779	-117,478745
2697,033691	-118,510895
2697,706604	-117,973663
2698,379517	-119,362877
2699,052429	-120,439865
2699,725342	-120,098236
2700,398254	-120,221077
2701,071167	-119,761749
2701,744080	-119,726517
2702,416992	-118,313652
2703,089905	-118,670670
2703,762817	-117,876656
2704,435730	-117,052544
2705,108643	-115,487343
2705,781555	-114,777321
2706,454468	-115,117996
2707,127380	-115,291954
2707,800293	-116,176941
2708,473206	-117,631584
2709,146118	-119,426231
2709,819031	-118,195000
2710,491943	-117,769783
2711,164856	-118,316650
2711,837769	-117,215675
2712,510681	-118,449051
2713,183594	-118,470573
2713,856506	-118,384323
2714,529419	-117,883568
2715,202332	-118,914406
2715,875244	-119,622292
2716,548157	-117,764648
2717,221069	-117,420563
2717,893982	-117,482643
2718,566895	-117,245880
2719,239807	-116,407127
2719,912720	-115,501175
2720,585632	-116,887146
2721,258545	-117,339745
2721,931458	-115,208603
2722,604370	-115,299744
2723,277283	-114,998863
2723,950195	-116,194565
2724,623108	-117,020874
2725,296021	-117,809700
2725,968933	-116,759674
2726,641846	-118,256348
2727,314758	-116,753059
2727,987671	-118,534927
2728,660583	-116,717026
2729,333496	-114,572861
2730,006409	-115,202316
2730,679321	-115,811363
2731,352234	-117,439476
2732,025146	-118,695419
2732,698059	-119,655914
2733,370972	-117,442436
2734,043884	-118,300163
2734,716797	-119,464775
2735,389709	-116,568909
2736,062622	-117,484085
2736,735535	-116,082176
2737,408447	-118,300041
2738,081360	-117,450272
2738,754272	-118,234550
2739,427185	-117,705956
2740,100098	-115,599060
2740,773010	-114,118851
2741,445923	-115,872589
2742,118835	-115,547195
2742,791748	-115,098885
2743,464661	-114,924950
2744,137573	-114,165573
2744,810486	-115,158691
2745,483398	-114,586937
2746,156311	-115,003143
2746,829224	-117,720245
2747,502136	-119,500061
2748,175049	-117,066650
2748,847961	-118,412155
2749,520874	-115,813889
2750,193787	-115,484940
2750,866699	-116,217819
2751,539612	-118,067886
2752,212524	-118,175087
2752,885437	-117,441025
2753,558350	-118,511917
2754,231262	-118,523506
2754,904175	-118,273819
2755,577087	-117,720871
2756,250000	-116,145561
2756,922913	-117,445282
2757,595825	-118,200974
2758,268738	-117,997726
2758,941650	-118,464325
2759,614563	-117,956047
2760,287476	-118,836861
2760,960388	-118,820168
2761,633301	-117,888908
2762,306213	-118,288368
2762,979126	-117,585205
2763,652039	-117,173386
2764,324951	-116,662727
2764,997864	-116,620117
2765,670776	-117,165123
2766,343689	-116,070259
2767,016602	-117,184448
2767,689514	-117,777725
2768,362427	-116,722549
2769,035339	-115,489761
2769,708252	-116,243591
2770,381165	-117,124123
2771,054077	-117,666847
2771,726990	-118,626381
2772,399902	-117,086433
2773,072815	-116,260735
2773,745728	-116,111954
2774,418640	-117,157448
2775,091553	-116,651543
2775,764465	-116,187538
2776,437378	-117,315155
2777,110291	-117,283981
2777,783203	-117,953545
2778,456116	-118,987022
2779,129028	-119,469398
2779,801941	-117,898727
2780,474854	-117,494263
2781,147766	-118,048759
2781,820679	-117,498589
2782,493591	-119,084839
2783,166504	-116,941162
2783,839417	-118,385193
2784,512329	-117,493164
2785,185242	-119,060295
2785,858154	-118,397003
2786,531067	-117,967934
2787,203979	-118,317719
2787,876892	-117,101288
2788,549805	-118,996117
2789,222717	-118,891731
2789,895630	-118,941757
2790,568542	-118,768890
2791,241455	-118,331238
2791,914368	-117,067169
2792,587280	-116,558731
2793,260193	-117,707817
2793,933105	-118,091873
2794,606018	-119,672646
2795,278931	-119,294777
2795,951843	-118,605293
2796,624756	-117,050980
2797,297668	-117,544426
2797,970581	-117,174713
2798,643494	-118,167076
2799,316406	-116,220970
2799,989319	-117,243729
2800,662231	-117,817574
2801,335144	-119,839500
2802,008057	-119,329468
2802,680969	-117,253418
2803,353882	-118,314041
2804,026794	-118,151352
2804,699707	-119,087440
2805,372620	-118,234589
2806,045532	-118,823105
2806,718445	-117,824692
2807,391357	-118,425407
2808,064270	-118,090904
2808,737183	-118,157051
2809,410095	-117,660255
2810,083008	-118,801804
2810,755920	-119,591415
2811,428833	-119,653183
2812,101746	-118,781326
2812,774658	-118,900436
2813,447571	-120,274857
2814,120483	-118,902580
2814,793396	-118,754951
2815,466309	-118,314705
2816,139221	-117,822678
2816,812134	-117,685364
2817,485046	-117,448288
2818,157959	-117,795967
2818,830872	-117,679344
2819,503784	-117,575981
2820,176697	-116,042908
2820,849609	-114,999626
2821,522522	-115,778587
2822,195435	-116,721489
2822,868347	-117,367920
2823,541260	-117,921730
2824,214172	-117,606277
2824,887085	-118,726471
2825,559998	-117,932816
2826,232910	-117,045395
2826,905823	-115,969330
2827,578735	-116,421684
2828,251648	-118,009590
2828,924561	-118,774513
2829,597473	-119,197960
2830,270386	-117,162056
2830,943298	-117,457291
2831,616211	-116,404610
2832,289124	-116,245422
2832,962036	-115,139915
2833,634949	-115,793228
2834,307861	-116,577766
2834,980774	-115,944046
2835,653687	-115,058144
2836,326599	-114,261894
2836,999512	-113,783875
2837,672424	-113,755302
2838,345337	-113,698547
2839,018250	-114,630844
2839,691162	-116,013031
2840,364075	-118,105927
2841,036987	-118,515030
2841,709900	-117,484077
2842,382812	-118,293877
2843,055725	-116,174026
2843,728638	-117,930283
2844,401550	-117,108238
2845,074463	-117,806908
2845,747375	-118,159409
2846,420288	-118,122833
2847,093201	-118,329712
2847,766113	-117,811600
2848,439026	-117,685898
2849,111938	-117,767319
2849,784851	-117,318153
2850,457764	-116,012016
2851,130676	-115,903046
2851,803589	-114,160553
2852,476501	-113,357735
2853,149414	-113,991356
2853,822327	-115,095055
2854,495239	-115,511414
2855,168152	-117,248657
2855,841064	-118,573868
2856,513977	-118,634682
2857,186890	-117,713387
2857,859802	-118,144547
2858,532715	-117,725403
2859,205627	-115,311356
2859,878540	-114,200851
2860,551453	-116,720474
2861,224365	-117,366341
2861,897278	-118,156448
2862,570190	-116,040710
2863,243103	-116,535858
2863,916016	-117,035912
2864,588928	-115,959488
2865,261841	-116,827087
2865,934753	-117,918663
2866,607666	-118,256493
2867,280579	-118,058884
2867,953491	-118,310669
2868,626404	-117,061859
2869,299316	-116,993027
2869,972229	-117,361198
2870,645142	-118,382011
2871,318054	-120,216118
2871,990967	-118,786728
2872,663879	-118,978271
2873,336792	-117,659485
2874,009705	-118,613419
2874,682617	-117,355675
2875,355530	-117,987190
2876,028442	-116,193565
2876,701355	-115,936501
2877,374268	-117,170357
2878,047180	-118,137581
2878,720093	-118,869537
2879,393005	-118,228477
2880,065918	-119,416367
2880,738831	-117,445244
2881,411743	-117,649147
2882,084656	-117,748741
2882,757568	-118,283676
2883,430481	-119,615753
2884,103394	-118,352440
2884,776306	-119,835968
2885,449219	-117,588234
2886,122131	-117,911873
2886,795044	-117,217903
2887,467957	-119,087936
2888,140869	-117,268654
2888,813782	-116,867081
2889,486694	-119,069305
2890,159607	-118,509941
2890,832520	-117,695663
2891,505432	-117,961090
2892,178345	-118,276611
2892,851257	-117,730003
2893,524170	-116,394447
2894,197083	-115,996986
2894,869995	-116,388840
2895,542908	-117,135399
2896,215820	-118,074265
2896,888733	-117,478241
2897,561646	-118,658264
2898,234558	-118,812378
2898,907471	-117,547119
2899,580383	-119,511826
2900,253296	-119,537941
2900,926208	-120,509972
2901,599121	-119,736832
2902,272034	-119,647415
2902,944946	-119,829330
2903,617859	-118,789124
2904,290771	-119,430847
2904,963684	-119,203918
2905,636597	-119,924469
2906,309509	-120,097595
2906,982422	-119,554955
2907,655334	-119,389069
2908,328247	-118,785225
2909,001160	-120,302315
2909,674072	-118,674141
2910,346985	-119,020576
2911,019897	-118,137955
2911,692810	-117,601761
2912,365723	-118,707855
2913,038635	-118,968628
2913,711548	-119,415115
2914,384460	-118,285355
2915,057373	-119,834633
2915,730286	-118,772087
2916,403198	-119,822975
2917,076111	-120,521408
2917,749023	-117,810707
2918,421936	-117,442101
2919,094849	-117,510239
2919,767761	-119,084076
2920,440674	-118,437515
2921,113586	-115,795914
2921,786499	-118,063240
2922,459412	-117,998352
2923,132324	-117,216888
2923,805237	-118,125946
2924,478149	-116,271576
2925,151062	-116,647972
2925,823975	-115,746017
2926,496887	-116,251877
2927,169800	-117,523460
2927,842712	-118,996094
2928,515625	-117,841042
2929,188538	-115,975906
2929,861450	-115,965874
2930,534363	-115,924156
2931,207275	-118,863411
2931,880188	-116,831123
2932,553101	-117,504616
2933,226013	-119,158371
2933,898926	-116,621002
2934,571838	-116,785599
2935,244751	-114,870277
2935,917664	-116,010971
2936,590576	-117,502296
2937,263489	-117,483719
2937,936401	-117,597816
2938,609314	-117,158012
2939,282227	-117,576515
2939,955139	-119,080139
2940,628052	-120,058655
2941,300964	-118,841675
2941,973877	-118,462601
2942,646790	-118,872902
2943,319702	-118,401428
2943,992615	-117,347076
2944,665527	-118,066963
2945,338440	-117,788353
2946,011353	-117,709557
2946,684265	-116,684731
2947,357178	-117,595680
2948,030090	-117,158600
2948,703003	-117,833611
2949,375916	-117,714706
2950,048828	-118,020424
2950,721741	-115,880157
2951,394653	-118,374702
2952,067566	-118,270172
2952,740479	-118,537888
2953,413391	-119,004234
2954,086304	-116,830521
2954,759216	-117,618027
2955,432129	-116,875328
2956,105042	-119,060303
2956,777954	-116,979431
2957,450867	-116,577682
2958,123779	-118,172707
2958,796692	-117,555473
2959,469604	-115,658081
2960,142517	-114,441971
2960,815430	-115,065742
2961,488342	-117,785858
2962,161255	-118,040543
2962,834167	-118,379524
2963,507080	-120,072304
2964,179993	-119,479286
2964,852905	-117,873924
2965,525818	-116,466187
2966,198730	-116,076035
2966,871643	-116,541420
2967,544556	-118,099258
2968,217468	-118,973488
2968,890381	-117,504662
2969,563293	-118,946594
2970,236206	-119,569855
2970,909119	-117,309692
2971,582031	-116,689110
2972,254944	-118,457008
2972,927856	-117,971558
2973,600769	-117,391479
2974,273682	-117,090263
2974,946594	-118,963112
2975,619507	-117,939735
2976,292419	-118,850647
2976,965332	-118,912888
2977,638245	-119,851021
2978,311157	-118,413376
2978,984070	-118,611153
2979,656982	-119,492805
2980,329895	-119,161858
2981,002808	-118,295868
2981,675720	-117,195854
2982,348633	-117,840584
2983,021545	-117,313866
2983,694458	-117,979530
2984,367371	-118,994370
2985,040283	-118,689995
2985,713196	-118,455612
2986,386108	-117,871666
2987,059021	-118,476883
2987,731934	-118,169205
2988,404846	-119,104248
2989,077759	-119,496582
2989,750671	-118,729324
2990,423584	-117,538620
2991,096497	-117,842590
2991,769409	-117,297020
2992,442322	-116,548546
2993,115234	-115,916016
2993,788147	-115,973747
2994,461060	-117,426361
2995,133972	-118,829376
2995,806885	-117,683693
2996,479797	-118,427002
2997,152710	-117,962151
2997,825623	-118,002388
2998,498535	-118,160263
2999,171448	-118,931641
2999,844360	-119,027328
3000,517273	-118,442909
3001,190186	-116,641342
3001,863098	-116,807175
3002,536011	-117,447479
3003,208923	-119,269127
3003,881836	-119,749763
3004,554749	-119,861549
3005,227661	-120,261559
3005,900574	-118,934868
3006,573486	-118,530334
3007,246399	-117,705223
3007,919312	-117,406097
3008,592224	-117,671944
3009,265137	-117,839760
3009,938049	-118,476532
3010,610962	-117,833069
3011,283875	-117,693947
3011,956787	-117,785278
3012,629700	-117,103539
3013,302612	-116,728348
3013,975525	-116,966934
3014,648438	-118,761475
3015,321350	-117,854843
3015,994263	-118,567650
3016,667175	-119,116989
3017,340088	-119,411713
3018,013000	-118,770035
3018,685913	-117,346886
3019,358826	-116,190605
3020,031738	-115,643501
3020,704651	-115,805603
3021,377563	-116,797173
3022,050476	-116,390915
3022,723389	-116,589203
3023,396301	-117,473358
3024,069214	-117,911766
3024,742126	-119,100838
3025,415039	-118,682472
3026,087952	-118,765083
3026,760864	-118,124123
3027,433777	-117,326233
3028,106689	-117,528732
3028,779602	-116,267487
3029,452515	-117,338150
3030,125427	-117,243019
3030,798340	-117,332863
3031,471252	-117,554718
3032,144165	-118,306526
3032,817078	-117,733971
3033,489990	-117,264374
3034,162903	-117,712372
3034,835815	-117,223106
3035,508728	-116,449593
3036,181641	-117,808418
3036,854553	-117,947716
3037,527466	-118,068970
3038,200378	-118,513542
3038,873291	-117,402206
3039,546204	-118,670471
3040,219116	-118,220009
3040,892029	-118,914452
3041,564941	-118,594475
3042,237854	-118,158813
3042,910767	-119,104156
3043,583679	-117,981247
3044,256592	-119,288933
3044,929504	-118,388664
3045,602417	-119,256470
3046,275330	-116,764969
3046,948242	-116,158783
3047,621155	-116,522278
3048,294067	-117,360825
3048,966980	-118,940720
3049,639893	-118,769859
3050,312805	-119,820900
3050,985718	-118,389038
3051,658630	-117,839920
3052,331543	-117,781906
3053,004456	-117,844101
3053,677368	-116,565872
3054,350281	-117,475883
3055,023193	-117,108795
3055,696106	-116,509407
3056,369019	-116,688255
3057,041931	-117,273293
3057,714844	-116,524727
3058,387756	-115,596039
3059,060669	-114,209763
3059,733582	-115,002548
3060,406494	-116,522942
3061,079407	-117,601097
3061,752319	-116,546516
3062,425232	-118,246948
3063,098145	-118,368019
3063,771057	-117,190994
3064,443970	-118,009560
3065,116882	-118,001862
3065,789795	-117,216385
3066,462708	-116,227264
3067,135620	-116,164139
3067,808533	-118,031761
3068,481445	-119,724541
3069,154358	-117,931458
3069,827271	-117,510132
3070,500183	-117,559616
3071,173096	-118,782181
3071,846008	-116,586395
3072,518921	-117,525108
3073,191833	-116,086105
3073,864746	-117,325516
3074,537659	-117,217628
3075,210571	-116,169708
3075,883484	-118,128044
3076,556396	-118,153244
3077,229309	-119,185226
3077,902222	-119,537720
3078,575134	-118,971207
3079,248047	-118,789368
3079,920959	-118,781471
3080,593872	-117,673973
3081,266785	-117,171333
3081,939697	-116,952988
3082,612610	-116,523148
3083,285522	-116,288368
3083,958435	-115,433456
3084,631348	-113,444786
3085,304260	-112,969246
3085,977173	-113,928375
3086,650085	-116,816658
3087,322998	-118,352661
3087,995911	-120,170555
3088,668823	-120,059860
3089,341736	-118,688278
3090,014648	-117,934540
3090,687561	-118,569542
3091,360474	-117,637695
3092,033386	-117,221077
3092,706299	-118,156082
3093,379211	-117,390793
3094,052124	-116,632202
3094,725037	-117,274780
3095,397949	-118,267830
3096,070862	-117,675797
3096,743774	-118,072739
3097,416687	-117,737419
3098,089600	-116,567802
3098,762512	-115,954811
3099,435425	-116,693687
3100,108337	-115,566292
3100,781250	-114,974236
3101,454163	-116,491516
3102,127075	-117,188766
3102,799988	-117,106827
3103,472900	-118,361130
3104,145813	-117,044495
3104,818726	-116,724487
3105,491638	-116,608185
3106,164551	-115,949455
3106,837463	-114,563438
3107,510376	-114,437042
3108,183289	-117,311119
3108,856201	-118,770866
3109,529114	-118,148743
3110,202026	-118,560654
3110,874939	-118,269852
3111,547852	-117,038284
3112,220764	-114,976364
3112,893677	-115,238571
3113,566589	-116,849007
3114,239502	-117,949615
3114,912415	-118,969711
3115,585327	-117,923241
3116,258240	-118,974167
3116,931152	-119,392776
3117,604065	-119,560692
3118,276978	-118,308884
3118,949890	-117,629402
3119,622803	-118,987961
3120,295715	-117,387115
3120,968628	-117,984474
3121,641541	-116,243744
3122,314453	-115,031143
3122,987366	-118,003937
3123,660278	-116,580322
3124,333191	-117,083130
3125,006104	-116,121269
3125,679016	-116,953499
3126,351929	-117,865639
3127,024841	-117,721405
3127,697754	-116,938164
3128,370667	-117,687866
3129,043579	-117,016426
3129,716492	-116,310074
3130,389404	-116,203484
3131,062317	-118,202209
3131,735229	-116,826340
3132,408142	-116,893867
3133,081055	-117,459099
3133,753967	-118,618515
3134,426880	-117,482025
3135,099792	-116,313049
3135,772705	-116,754074
3136,445618	-119,506165
3137,118530	-117,424194
3137,791443	-117,006950
3138,464355	-118,131256
3139,137268	-119,962738
3139,810181	-118,776314
3140,483093	-117,698708
3141,156006	-117,729622
3141,828918	-117,374451
3142,501831	-119,469566
3143,174744	-117,517517
3143,847656	-117,937294
3144,520569	-116,462624
3145,193481	-118,260582
3145,866394	-117,152031
3146,539307	-117,350418
3147,212219	-119,039688
3147,885132	-118,047150
3148,558044	-119,545265
3149,230957	-117,231461
3149,903870	-118,922684
3150,576782	-118,672455
3151,249695	-119,200836
3151,922607	-117,671394
3152,595520	-116,939026
3153,268433	-118,215622
3153,941345	-117,388344
3154,614258	-117,519592
3155,287170	-117,260086
3155,960083	-119,068192
3156,632996	-119,790642
3157,305908	-119,341835
3157,978821	-120,387825
3158,651733	-119,922997
3159,324646	-118,400238
3159,997559	-119,095444
3160,670471	-119,665207
3161,343384	-119,238853
3162,016296	-119,094467
3162,689209	-118,544884
3163,362122	-117,079620
3164,035034	-117,530266
3164,707947	-115,209770
3165,380859	-116,341866
3166,053772	-116,046539
3166,726685	-115,573868
3167,399597	-116,806595
3168,072510	-116,847961
3168,745422	-115,861855
3169,418335	-115,515335
3170,091248	-116,754822
3170,764160	-116,916771
3171,437073	-116,758369
3172,109985	-115,696602
3172,782898	-116,633179
3173,455811	-119,046341
3174,128723	-118,330933
3174,801636	-119,530396
3175,474548	-119,566071
3176,147461	-119,710281
3176,820374	-119,103790
3177,493286	-119,134666
3178,166199	-119,913483
3178,839111	-119,933418
3179,512024	-119,464218
3180,184937	-118,907806
3180,857849	-119,306076
3181,530762	-118,414948
3182,203674	-117,986954
3182,876587	-118,477570
3183,549500	-118,989548
3184,222412	-119,138855
3184,895325	-118,810715
3185,568237	-119,466545
3186,241150	-118,942726
3186,914062	-116,609589
3187,586975	-116,007736
3188,259888	-116,421410
3188,932800	-117,462395
3189,605713	-116,911278
3190,278625	-116,392067
3190,951538	-117,450699
3191,624451	-117,880424
3192,297363	-117,702095
3192,970276	-118,919777
3193,643188	-119,377052
3194,316101	-120,127121
3194,989014	-118,389832
3195,661926	-117,277870
3196,334839	-117,468872
3197,007751	-117,743912
3197,680664	-117,248428
3198,353577	-116,052299
3199,026489	-116,676064
3199,699402	-116,445580
3200,372314	-117,140877
3201,045227	-116,476028
3201,718140	-115,425896
3202,391052	-117,510574
3203,063965	-118,355309
3203,736877	-120,114677
3204,409790	-119,239754
3205,082703	-119,518677
3205,755615	-119,197556
3206,428528	-116,653557
3207,101440	-116,650208
3207,774353	-118,829391
3208,447266	-118,538658
3209,120178	-118,397392
3209,793091	-118,399055
3210,466003	-119,929749
3211,138916	-117,520203
3211,811829	-117,584763
3212,484741	-116,530106
3213,157654	-116,095383
3213,830566	-115,832146
3214,503479	-115,823296
3215,176392	-119,104630
3215,849304	-115,685699
3216,522217	-115,639412
3217,195129	-116,682922
3217,868042	-117,639107
3218,540955	-117,012184
3219,213867	-115,952766
3219,886780	-118,154518
3220,559692	-117,656647
3221,232605	-117,917717
3221,905518	-118,904495
3222,578430	-117,503342
3223,251343	-117,187637
3223,924255	-117,407310
3224,597168	-117,853775
3225,270081	-119,656151
3225,942993	-117,242332
3226,615906	-116,300949
3227,288818	-116,052376
3227,961731	-118,144562
3228,634644	-118,477966
3229,307556	-117,914703
3229,980469	-119,553360
3230,653381	-117,484665
3231,326294	-116,756096
3231,999207	-117,277115
3232,672119	-115,362656
3233,345032	-116,187141
3234,017944	-116,334282
3234,690857	-115,597290
3235,363770	-117,700661
3236,036682	-118,321648
3236,709595	-118,505920
3237,382507	-118,652946
3238,055420	-118,636818
3238,728333	-119,230186
3239,401245	-119,579826
3240,074158	-118,240189
3240,747070	-118,073975
3241,419983	-118,337845
3242,092896	-117,426422
3242,765808	-117,392448
3243,438721	-117,482956
3244,111633	-118,466644
3244,784546	-118,308258
3245,457458	-117,819389
3246,130371	-117,677864
3246,803284	-118,164345
3247,476196	-118,169998
3248,149109	-118,069633
3248,822021	-117,366508
3249,494934	-117,333664
3250,167847	-117,867165
3250,840759	-118,561272
3251,513672	-119,042526
3252,186584	-119,794647
3252,859497	-119,431221
3253,532410	-115,597893
3254,205322	-115,527672
3254,878235	-115,751724
3255,551147	-116,269325
3256,224060	-115,503319
3256,896973	-114,947922
3257,569885	-115,898521
3258,242798	-115,873268
3258,915710	-117,110344
3259,588623	-119,183601
3260,261536	-118,386444
3260,934448	-117,213440
3261,607361	-116,844696
3262,280273	-118,372925
3262,953186	-119,532684
3263,626099	-119,901199
3264,299011	-120,114815
3264,971924	-119,557770
3265,644836	-119,100998
3266,317749	-119,077972
3266,990662	-117,036072
3267,663574	-117,940346
3268,336487	-117,673401
3269,009399	-118,994728
3269,682312	-117,796211
3270,355225	-116,425705
3271,028137	-116,517090
3271,701050	-115,394051
3272,373962	-116,930588
3273,046875	-116,522530
3273,719788	-116,959816
3274,392700	-117,119240
3275,065613	-117,161049
3275,738525	-116,576324
3276,411438	-116,178375
3277,084351	-116,687927
3277,757263	-117,941452
3278,430176	-119,210915
3279,103088	-116,000801
3279,776001	-115,909050
3280,448914	-117,106735
3281,121826	-118,491096
3281,794739	-116,492043
3282,467651	-116,594276
3283,140564	-118,362709
3283,813477	-117,832344
3284,486389	-116,608002
3285,159302	-116,165520
3285,832214	-116,843582
3286,505127	-118,934662
3287,178040	-118,900558
3287,850952	-119,442696
3288,523865	-119,875916
3289,196777	-119,625015
3289,869690	-118,921654
3290,542603	-117,985420
3291,215515	-117,118843
3291,888428	-117,391006
3292,561340	-118,836090
3293,234253	-119,568459
3293,907166	-118,874474
3294,580078	-119,890770
3295,252991	-118,883598
3295,925903	-118,978607
3296,598816	-119,256737
3297,271729	-118,987549
3297,944641	-117,160126
3298,617554	-117,357452
3299,290466	-117,047295
3299,963379	-116,338913
3300,636292	-116,931892
3301,309204	-115,543488
3301,982117	-116,816643
3302,655029	-116,133797
3303,327942	-114,867752
3304,000854	-115,681511
3304,673767	-116,158470
3305,346680	-117,070694
3306,019592	-115,621918
3306,692505	-117,555405
3307,365417	-117,166458
3308,038330	-117,983948
3308,711243	-118,164131
3309,384155	-118,727631
3310,057068	-117,135628
3310,729980	-116,455605
3311,402893	-117,810402
3312,075806	-117,369553
3312,748718	-120,502563
3313,421631	-117,021858
3314,094543	-118,379784
3314,767456	-118,414474
3315,440369	-117,383957
3316,113281	-116,396523
3316,786194	-116,662346
3317,459106	-117,530708
3318,132019	-119,384476
3318,804932	-118,693146
3319,477844	-118,845116
3320,150757	-120,468048
3320,823669	-119,205986
3321,496582	-117,980316
3322,169495	-118,790085
3322,842407	-118,812683
3323,515320	-117,060226
3324,188232	-118,576691
3324,861145	-117,938835
3325,534058	-119,144218
3326,206970	-118,015076
3326,879883	-118,194519
3327,552795	-118,691002
3328,225708	-117,999557
3328,898621	-117,040024
3329,571533	-118,135452
3330,244446	-119,501755
3330,917358	-118,320770
3331,590271	-117,464119
3332,263184	-116,513405
3332,936096	-118,810181
3333,609009	-117,963860
3334,281921	-119,051933
3334,954834	-118,706833
3335,627747	-119,586990
3336,300659	-119,315559
3336,973572	-118,657959
3337,646484	-119,395523
3338,319397	-119,806168
3338,992310	-119,808151
3339,665222	-119,154541
3340,338135	-119,654968
3341,011047	-119,171883
3341,683960	-118,479492
3342,356873	-117,405891
3343,029785	-116,240463
3343,702698	-116,572075
3344,375610	-118,076012
3345,048523	-118,419037
3345,721436	-118,305542
3346,394348	-119,470016
3347,067261	-120,390198
3347,740173	-120,311462
3348,413086	-119,847412
3349,085999	-118,937996
3349,758911	-118,661446
3350,431824	-118,490204
3351,104736	-118,262459
3351,777649	-118,386177
3352,450562	-118,911171
3353,123474	-118,889076
3353,796387	-117,728401
3354,469299	-117,352890
3355,142212	-116,675476
3355,815125	-116,559219
3356,488037	-116,661987
3357,160950	-118,258919
3357,833862	-119,029175
3358,506775	-120,877716
3359,179688	-120,265053
3359,852600	-119,477005
3360,525513	-119,560211
3361,198425	-119,900749
3361,871338	-118,299850
3362,544250	-117,565781
3363,217163	-118,425362
3363,890076	-118,180740
3364,562988	-118,702705
3365,235901	-119,203331
3365,908813	-120,435104
3366,581726	-119,662659
3367,254639	-119,775490
3367,927551	-119,420990
3368,600464	-119,241425
3369,273376	-120,010994
3369,946289	-119,382629
3370,619202	-117,647072
3371,292114	-117,636688
3371,965027	-117,879997
3372,637939	-119,129532
3373,310852	-118,785934
3373,983765	-119,063316
3374,656677	-119,302505
3375,329590	-118,911987
3376,002502	-117,861038
3376,675415	-119,714981
3377,348328	-117,717049
3378,021240	-115,014320
3378,694153	-115,443047
3379,367065	-117,058167
3380,039978	-118,396179
3380,712891	-117,384743
3381,385803	-116,379677
3382,058716	-117,116745
3382,731628	-116,251633
3383,404541	-114,742455
3384,077454	-116,052177
3384,750366	-117,195786
3385,423279	-118,110573
3386,096191	-117,214256
3386,769104	-118,667137
3387,442017	-120,620750
3388,114929	-119,057648
3388,787842	-117,723808
3389,460754	-117,673233
3390,133667	-117,904686
3390,806580	-118,174843
3391,479492	-118,068977
3392,152405	-118,885536
3392,825317	-118,673927
3393,498230	-118,194031
3394,171143	-118,148872
3394,844055	-118,527237
3395,516968	-119,286217
3396,189880	-118,599068
3396,862793	-118,254410
3397,535706	-117,901001
3398,208618	-117,805130
3398,881531	-117,772781
3399,554443	-117,229897
3400,227356	-118,701637
3400,900269	-118,483665
3401,573181	-117,992989
3402,246094	-118,418930
3402,919006	-118,720825
3403,591919	-117,648575
3404,264832	-117,916115
3404,937744	-118,349594
3405,610657	-117,840004
3406,283569	-117,316719
3406,956482	-116,623192
3407,629395	-118,865555
3408,302307	-118,733093
3408,975220	-119,210564
3409,648132	-118,756935
3410,321045	-119,116982
3410,993958	-118,696251
3411,666870	-118,077629
3412,339783	-118,239670
3413,012695	-117,430939
3413,685608	-117,460091
3414,358521	-116,984398
3415,031433	-117,347618
3415,704346	-118,865829
3416,377258	-120,200485
3417,050171	-119,674156
3417,723083	-119,457970
3418,395996	-120,235817
3419,068909	-119,326668
3419,741821	-118,696442
3420,414734	-118,583252
3421,087646	-118,787743
3421,760559	-118,366234
3422,433472	-118,877731
3423,106384	-118,480011
3423,779297	-118,320938
3424,452209	-118,642998
3425,125122	-117,570206
3425,798035	-117,089149
3426,470947	-116,296028
3427,143860	-116,517464
3427,816772	-116,689148
3428,489685	-117,007088
3429,162598	-117,145378
3429,835510	-118,354118
3430,508423	-119,630508
3431,181335	-120,383400
3431,854248	-120,960251
3432,527161	-120,584099
3433,200073	-119,968185
3433,872986	-119,854385
3434,545898	-118,777527
3435,218811	-118,753380
3435,891724	-118,505959
3436,564636	-117,560951
3437,237549	-117,998245
3437,910461	-117,615730
3438,583374	-117,442772
3439,256287	-119,097343
3439,929199	-118,790138
3440,602112	-118,544556
3441,275024	-119,295654
3441,947937	-119,844139
3442,620850	-119,709091
3443,293762	-119,296379
3443,966675	-117,857330
3444,639587	-117,273880
3445,312500	-118,734245
3445,985413	-118,151360
3446,658325	-117,918655
3447,331238	-118,294075
3448,004150	-118,695183
3448,677063	-119,256943
3449,349976	-117,825249
3450,022888	-118,621017
3450,695801	-120,253654
3451,368713	-119,369843
3452,041626	-118,688751
3452,714539	-119,240479
3453,387451	-119,308502
3454,060364	-116,903793
3454,733276	-118,574379
3455,406189	-118,262383
3456,079102	-118,273651
3456,752014	-119,148232
3457,424927	-117,791710
3458,097839	-117,710213
3458,770752	-118,307922
3459,443665	-119,704292
3460,116577	-119,172737
3460,789490	-119,479645
3461,462402	-119,825218
3462,135315	-118,377365
3462,808228	-118,113373
3463,481140	-118,586823
3464,154053	-118,197708
3464,826965	-117,589378
3465,499878	-117,879333
3466,172791	-119,541695
3466,845703	-119,758781
3467,518616	-119,974586
3468,191528	-120,372726
3468,864441	-117,994324
3469,537354	-117,221687
3470,210266	-116,632118
3470,883179	-117,882751
3471,556091	-118,859840
3472,229004	-118,802040
3472,901917	-118,247780
3473,574829	-118,688957
3474,247742	-117,808167
3474,920654	-117,143784
3475,593567	-117,893364
3476,266479	-117,493347
3476,939392	-115,490028
3477,612305	-115,565590
3478,285217	-117,309921
3478,958130	-118,561592
3479,631042	-117,972420
3480,303955	-115,439896
3480,976868	-115,698517
3481,649780	-117,791786
3482,322693	-118,766739
3482,995605	-119,390793
3483,668518	-118,918945
3484,341431	-120,492325
3485,014343	-118,582771
3485,687256	-116,478020
3486,360168	-117,119781
3487,033081	-117,320381
3487,705994	-116,946808
3488,378906	-116,872421
3489,051819	-118,750221
3489,724731	-120,755974
3490,397644	-117,707771
3491,070557	-118,483551
3491,743469	-118,258179
3492,416382	-120,014610
3493,089294	-117,170204
3493,762207	-116,988838
3494,435120	-117,496796
3495,108032	-120,117805
3495,780945	-119,431038
3496,453857	-118,692505
3497,126770	-119,841301
3497,799683	-115,602928
3498,472595	-115,054283
3499,145508	-116,636658
3499,818420	-119,213165
3500,491333	-118,392410
3501,164246	-117,085411
3501,837158	-116,845680
3502,510071	-119,734077
3503,182983	-117,874840
3503,855896	-116,310974
3504,528809	-117,722267
3505,201721	-118,479256
3505,874634	-117,533470
3506,547546	-117,294327
3507,220459	-116,239960
3507,893372	-117,139587
3508,566284	-119,151901
3509,239197	-117,872833
3509,912109	-117,013458
3510,585022	-118,756920
3511,257935	-118,600151
3511,930847	-119,950058
3512,603760	-120,229774
3513,276672	-117,584679
3513,949585	-117,991783
3514,622498	-116,530266
3515,295410	-116,784981
3515,968323	-119,290810
3516,641235	-116,987900
3517,314148	-116,940674
3517,987061	-117,315414
3518,659973	-117,520515
3519,332886	-119,816452
3520,005798	-118,914421
3520,678711	-117,568367
3521,351624	-118,736359
3522,024536	-117,954903
3522,697449	-114,696121
3523,370361	-116,852524
3524,043274	-117,377960
3524,716187	-115,211868
3525,389099	-115,783920
3526,062012	-115,162140
3526,734924	-118,810600
3527,407837	-117,212677
3528,080750	-116,418411
3528,753662	-118,168472
3529,426575	-118,246971
3530,099487	-119,640511
3530,772400	-116,620224
3531,445312	-118,156143
3532,118225	-117,334045
3532,791138	-119,207298
3533,464050	-119,464661
3534,136963	-117,168945
3534,809875	-116,843979
3535,482788	-117,555710
3536,155701	-119,041664
3536,828613	-118,860878
3537,501526	-118,973030
3538,174438	-120,325775
3538,847351	-118,341743
3539,520264	-117,354988
3540,193176	-119,450180
3540,866089	-118,705276
3541,539001	-119,976395
3542,211914	-118,010490
3542,884827	-118,461365
3543,557739	-116,878830
3544,230652	-117,041168
3544,903564	-118,464645
3545,576477	-116,783531
3546,249390	-115,256302
3546,922302	-116,252029
3547,595215	-118,432076
3548,268127	-118,949814
3548,941040	-118,141380
3549,613953	-117,878555
3550,286865	-118,276108
3550,959778	-118,329071
3551,632690	-119,747200
3552,305603	-118,141693
3552,978516	-119,046997
3553,651428	-120,043480
3554,324341	-119,212395
3554,997253	-120,400688
3555,670166	-118,534843
3556,343079	-119,482841
3557,015991	-119,179199
3557,688904	-119,406357
3558,361816	-119,775543
3559,034729	-119,104935
3559,707642	-120,338936
3560,380554	-121,154350
3561,053467	-119,978119
3561,726379	-118,580925
3562,399292	-117,970703
3563,072205	-117,077225
3563,745117	-116,546043
3564,418030	-117,011375
3565,090942	-117,293015
3565,763855	-119,004967
3566,436768	-117,790451
3567,109680	-116,343910
3567,782593	-116,300438
3568,455505	-117,001900
3569,128418	-120,058380
3569,801331	-120,802834
3570,474243	-121,152367
3571,147156	-120,533165
3571,820068	-119,763710
3572,492981	-120,061600
3573,165894	-119,330139
3573,838806	-120,253334
3574,511719	-119,845085
3575,184631	-120,226547
3575,857544	-118,374069
3576,530457	-118,239021
3577,203369	-118,965767
3577,876282	-120,646606
3578,549194	-120,457001
3579,222107	-118,783058
3579,895020	-119,362320
3580,567932	-118,465752
3581,240845	-119,014854
3581,913757	-118,997635
3582,586670	-118,697838
3583,259583	-118,501602
3583,932495	-118,988068
3584,605408	-119,679558
3585,278320	-119,777100
3585,951233	-119,137718
3586,624146	-119,573013
3587,297058	-119,485405
3587,969971	-118,117287
3588,642883	-120,026352
3589,315796	-118,200020
3589,988708	-117,757072
3590,661621	-116,865181
3591,334534	-117,548203
3592,007446	-119,058945
3592,680359	-119,434845
3593,353271	-119,150223
3594,026184	-119,947807
3594,699097	-119,866318
3595,372009	-119,426582
3596,044922	-119,141655
3596,717834	-119,291122
3597,390747	-118,759186
3598,063660	-119,432449
3598,736572	-118,343376
3599,409485	-117,677361
3600,082397	-118,870995
3600,755310	-119,794388
3601,428223	-120,160027
3602,101135	-119,103683
3602,774048	-119,587440
3603,446960	-119,056526
3604,119873	-116,448631
3604,792786	-117,634598
3605,465698	-118,222687
3606,138611	-117,896584
3606,811523	-117,337349
3607,484436	-117,730263
3608,157349	-118,725410
3608,830261	-119,009224
3609,503174	-118,905724
3610,176086	-119,878082
3610,848999	-119,725357
3611,521912	-119,358597
3612,194824	-120,437035
3612,867737	-119,871460
3613,540649	-119,736725
3614,213562	-119,567375
3614,886475	-118,934265
3615,559387	-119,138481
3616,232300	-120,031067
3616,905212	-120,252998
3617,578125	-119,648949
3618,251038	-119,245636
3618,923950	-119,540474
3619,596863	-119,191177
3620,269775	-120,369324
3620,942688	-120,476730
3621,615601	-118,481857
3622,288513	-118,084015
3622,961426	-118,704636
3623,634338	-118,606842
3624,307251	-118,538986
3624,980164	-118,754135
3625,653076	-117,749275
3626,325989	-117,525818
3626,998901	-117,334503
3627,671814	-117,387070
3628,344727	-117,171623
3629,017639	-118,303566
3629,690552	-118,059471
3630,363464	-117,255318
3631,036377	-116,137108
3631,709290	-116,400810
3632,382202	-116,657722
3633,055115	-116,915474
3633,728027	-117,128090
3634,400940	-117,297707
3635,073853	-118,735855
3635,746765	-119,631813
3636,419678	-119,156013
3637,092590	-117,670372
3637,765503	-117,836746
3638,438416	-118,742958
3639,111328	-119,855911
3639,784241	-119,802795
3640,457153	-119,741379
3641,130066	-119,811989
3641,802979	-120,577805
3642,475891	-119,645401
3643,148804	-119,459724
3643,821716	-119,969368
3644,494629	-120,134521
3645,167542	-119,739136
3645,840454	-118,507988
3646,513367	-117,834747
3647,186279	-118,154762
3647,859192	-117,959236
3648,532104	-117,487915
3649,205017	-116,916946
3649,877930	-117,693985
3650,550842	-118,763847
3651,223755	-118,039597
3651,896667	-118,439995
3652,569580	-118,868057
3653,242493	-119,889671
3653,915405	-119,823997
3654,588318	-119,568497
3655,261230	-118,286415
3655,934143	-118,904175
3656,607056	-121,257462
3657,279968	-119,447960
3657,952881	-119,234390
3658,625793	-119,337479
3659,298706	-120,477211
3659,971619	-120,549126
3660,644531	-119,794754
3661,317444	-120,728653
3661,990356	-119,328278
3662,663269	-119,267136
3663,336182	-119,822800
3664,009094	-118,523720
3664,682007	-117,992844
3665,354919	-118,405167
3666,027832	-118,042877
3666,700745	-119,764236
3667,373657	-120,340630
3668,046570	-119,810211
3668,719482	-120,026070
3669,392395	-119,090118
3670,065308	-119,861954
3670,738220	-120,576286
3671,411133	-118,757446
3672,084045	-118,759987
3672,756958	-119,323647
3673,429871	-118,928093
3674,102783	-120,305542
3674,775696	-119,018204
3675,448608	-119,874344
3676,121521	-118,451515
3676,794434	-117,378334
3677,467346	-117,140129
3678,140259	-117,738617
3678,813171	-117,604958
3679,486084	-118,316048
3680,158997	-118,725838
3680,831909	-118,505432
3681,504822	-117,272194
3682,177734	-117,790337
3682,850647	-119,233170
3683,523560	-121,256142
3684,196472	-120,406837
3684,869385	-119,163345
3685,542297	-118,322151
3686,215210	-118,385178
3686,888123	-119,133507
3687,561035	-118,448746
3688,233948	-118,802620
3688,906860	-119,380981
3689,579773	-120,269859
3690,252686	-119,544327
3690,925598	-119,792053
3691,598511	-119,431511
3692,271423	-120,795906
3692,944336	-119,034813
3693,617249	-118,790863
3694,290161	-118,557755
3694,963074	-118,388351
3695,635986	-118,338470
3696,308899	-118,421249
3696,981812	-119,632851
3697,654724	-120,735268
3698,327637	-120,058571
3699,000549	-120,419670
3699,673462	-120,151138
3700,346375	-119,595947
3701,019287	-118,853966
3701,692200	-119,830727
3702,365112	-119,055847
3703,038025	-119,501945
3703,710938	-118,657356
3704,383850	-117,311554
3705,056763	-116,005508
3705,729675	-115,673782
3706,402588	-116,208984
3707,075500	-117,382530
3707,748413	-118,261551
3708,421326	-118,509842
3709,094238	-119,272797
3709,767151	-120,168335
3710,440063	-120,006851
3711,112976	-119,575317
3711,785889	-118,515816
3712,458801	-118,281448
3713,131714	-119,384392
3713,804626	-119,122635
3714,477539	-120,117111
3715,150452	-119,683060
3715,823364	-120,721107
3716,496277	-120,012344
3717,169189	-119,988052
3717,842102	-119,018944
3718,515015	-118,405731
3719,187927	-119,485092
3719,860840	-120,183907
3720,533752	-119,404984
3721,206665	-118,520027
3721,879578	-117,992012
3722,552490	-119,234001
3723,225403	-119,303284
3723,898315	-119,918961
3724,571228	-119,298637
3725,244141	-116,901749
3725,917053	-116,197853
3726,589966	-115,814674
3727,262878	-117,742241
3727,935791	-118,344139
3728,608704	-117,447266
3729,281616	-118,280602
3729,954529	-118,208099
3730,627441	-119,371536
3731,300354	-119,341103
3731,973267	-119,414101
3732,646179	-119,033875
3733,319092	-119,490494
3733,992004	-120,242256
3734,664917	-120,308319
3735,337830	-120,685150
3736,010742	-119,634735
3736,683655	-118,083748
3737,356567	-118,048447
3738,029480	-118,565628
3738,702393	-119,397614
3739,375305	-119,333961
3740,048218	-119,729195
3740,721130	-120,095001
3741,394043	-119,436966
3742,066956	-120,001442
3742,739868	-119,782562
3743,412781	-120,260239
3744,085693	-120,249931
3744,758606	-119,788170
3745,431519	-119,302635
3746,104431	-119,342834
3746,777344	-119,788010
3747,450256	-119,683716
3748,123169	-120,079033
3748,796082	-119,746582
3749,468994	-120,414627
3750,141907	-120,086517
3750,814819	-119,188828
3751,487732	-118,872154
3752,160645	-120,282768
3752,833557	-119,092827
3753,506470	-119,063942
3754,179382	-120,625175
3754,852295	-121,192802
3755,525208	-120,190186
3756,198120	-118,439377
3756,871033	-116,993759
3757,543945	-115,790833
3758,216858	-115,576332
3758,889771	-115,753395
3759,562683	-117,388474
3760,235596	-118,939987
3760,908508	-119,798576
3761,581421	-119,545830
3762,254333	-119,050858
3762,927246	-119,359535
3763,600159	-118,649170
3764,273071	-117,629333
3764,945984	-117,883141
3765,618896	-117,518723
3766,291809	-117,709015
3766,964722	-117,225563
3767,637634	-116,946877
3768,310547	-118,369164
3768,983459	-119,423225
3769,656372	-120,380226
3770,329285	-120,082077
3771,002197	-120,476303
3771,675110	-120,045021
3772,348022	-120,094185
3773,020935	-120,363892
3773,693848	-120,605293
3774,366760	-120,154686
3775,039673	-119,991821
3775,712585	-120,986725
3776,385498	-119,635391
3777,058411	-119,170586
3777,731323	-119,263184
3778,404236	-119,172935
3779,077148	-119,372299
3779,750061	-119,598175
3780,422974	-118,628891
3781,095886	-118,070831
3781,768799	-116,830154
3782,441711	-117,130821
3783,114624	-116,533493
3783,787537	-119,030823
3784,460449	-117,353394
3785,133362	-118,776367
3785,806274	-119,012619
3786,479187	-119,562576
3787,152100	-119,040657
3787,825012	-118,588142
3788,497925	-118,435211
3789,170837	-117,785423
3789,843750	-116,618942
3790,516663	-115,915680
3791,189575	-115,372375
3791,862488	-115,202682
3792,535400	-116,079323
3793,208313	-116,838676
3793,881226	-117,040512
3794,554138	-117,718307
3795,227051	-118,289703
3795,899963	-118,858711
3796,572876	-119,826576
3797,245789	-118,326614
3797,918701	-118,943161
3798,591614	-120,137527
3799,264526	-119,524910
3799,937439	-119,786026
3800,610352	-117,777596
3801,283264	-116,788857
3801,956177	-117,579948
3802,629089	-118,454544
3803,302002	-120,593857
3803,974915	-119,231110
3804,647827	-118,139816
3805,320740	-118,357300
3805,993652	-119,584114
3806,666565	-120,541214
3807,339478	-120,312668
3808,012390	-119,039131
3808,685303	-118,878990
3809,358215	-119,124947
3810,031128	-120,074852
3810,704041	-119,038277
3811,376953	-119,660347
3812,049866	-118,779114
3812,722778	-119,092987
3813,395691	-120,315086
3814,068604	-119,801537
3814,741516	-119,366760
3815,414429	-119,281357
3816,087341	-119,578186
3816,760254	-119,108299
3817,433167	-119,298477
3818,106079	-120,856201
3818,778992	-121,364799
3819,451904	-120,945915
3820,124817	-121,351700
3820,797729	-121,026588
3821,470642	-120,994736
3822,143555	-120,543777
3822,816467	-120,729179
3823,489380	-118,669266
3824,162292	-118,943916
3824,835205	-120,110428
3825,508118	-120,307732
3826,181030	-120,935890
3826,853943	-120,058464
3827,526855	-119,676529
3828,199768	-119,770294
3828,872681	-120,051147
3829,545593	-120,809616
3830,218506	-119,379967
3830,891418	-118,248260
3831,564331	-118,203033
3832,237244	-117,796669
3832,910156	-117,950836
3833,583069	-118,919846
3834,255981	-119,168877
3834,928894	-118,226357
3835,601807	-118,639725
3836,274719	-119,770325
3836,947632	-120,001106
3837,620544	-118,982536
3838,293457	-116,961121
3838,966370	-116,746254
3839,639282	-116,997139
3840,312195	-117,394768
3840,985107	-117,246651
3841,658020	-117,841911
3842,330933	-118,674988
3843,003845	-118,166298
3843,676758	-117,714752
3844,349670	-118,912437
3845,022583	-118,536598
3845,695496	-117,427979
3846,368408	-117,800240
3847,041321	-118,213326
3847,714233	-119,982765
3848,387146	-119,927254
3849,060059	-118,750908
3849,732971	-119,220703
3850,405884	-119,981255
3851,078796	-120,402878
3851,751709	-119,517441
3852,424622	-119,708206
3853,097534	-120,098190
3853,770447	-119,563606
3854,443359	-119,032059
3855,116272	-119,377167
3855,789185	-119,091698
3856,462097	-117,583405
3857,135010	-117,780739
3857,807922	-119,088844
3858,480835	-119,839355
3859,153748	-119,064026
3859,826660	-118,471306
3860,499573	-119,902168
3861,172485	-120,622948
3861,845398	-119,857605
3862,518311	-119,209557
3863,191223	-120,139015
3863,864136	-119,947792
3864,537048	-119,047668
3865,209961	-119,413757
3865,882874	-119,060951
3866,555786	-119,360039
3867,228699	-118,241241
3867,901611	-119,414604
3868,574524	-121,228790
3869,247437	-119,326775
3869,920349	-119,752075
3870,593262	-118,884415
3871,266174	-117,702415
3871,939087	-118,448380
3872,612000	-117,600098
3873,284912	-116,153854
3873,957825	-114,286858
3874,630737	-114,386719
3875,303650	-115,512238
3875,976562	-116,191978
3876,649475	-116,416023
3877,322388	-117,787163
3877,995300	-118,978363
3878,668213	-119,774323
3879,341125	-117,497261
3880,014038	-119,225197
3880,686951	-118,747452
3881,359863	-120,164619
3882,032776	-119,266083
3882,705688	-118,978935
3883,378601	-118,566093
3884,051514	-119,464066
3884,724426	-118,835396
3885,397339	-116,609657
3886,070251	-116,638977
3886,743164	-117,890076
3887,416077	-118,689354
3888,088989	-120,407143
3888,761902	-119,839417
3889,434814	-118,802368
3890,107727	-118,042999
3890,780640	-119,075676
3891,453552	-119,355675
3892,126465	-117,311813
3892,799377	-116,889275
3893,472290	-116,870758
3894,145203	-120,454742
3894,818115	-119,371399
3895,491028	-120,780647
3896,163940	-120,704330
3896,836853	-119,745018
3897,509766	-120,017166
3898,182678	-119,741142
3898,855591	-119,902130
3899,528503	-121,085320
3900,201416	-120,448822
3900,874329	-117,836487
3901,547241	-117,441444
3902,220154	-120,111023
3902,893066	-119,608864
3903,565979	-118,660194
3904,238892	-118,526649
3904,911804	-119,501740
3905,584717	-120,210205
3906,257629	-120,201332
3906,930542	-121,100006
3907,603455	-120,902748
3908,276367	-120,554779
3908,949280	-120,841522
3909,622192	-120,880333
3910,295105	-120,373573
3910,968018	-119,214035
3911,640930	-117,637016
3912,313843	-119,461464
3912,986755	-120,094101
3913,659668	-117,966911
3914,332581	-117,861244
3915,005493	-118,801826
3915,678406	-119,726562
3916,351318	-119,080582
3917,024231	-118,127869
3917,697144	-119,571121
3918,370056	-118,325287
3919,042969	-117,817162
3919,715881	-119,570831
3920,388794	-119,909508
3921,061707	-118,258621
3921,734619	-118,267189
3922,407532	-118,839157
3923,080444	-120,138443
3923,753357	-120,379707
3924,426270	-118,061752
3925,099182	-117,529861
3925,772095	-116,826004
3926,445007	-117,953110
3927,117920	-118,188446
3927,790833	-119,006302
3928,463745	-120,229263
3929,136658	-120,332680
3929,809570	-119,402725
3930,482483	-118,001724
3931,155396	-118,402199
3931,828308	-118,162468
3932,501221	-120,287201
3933,174133	-120,462387
3933,847046	-119,451317
3934,519958	-118,820877
3935,192871	-117,271675
3935,865784	-118,838150
3936,538696	-119,260994
3937,211609	-118,400124
3937,884521	-117,301201
3938,557434	-116,929253
3939,230347	-118,956230
3939,903259	-119,109550
3940,576172	-117,518105
3941,249084	-117,303223
3941,921997	-119,788483
3942,594910	-118,147392
3943,267822	-117,305550
3943,940735	-116,423569
3944,613647	-118,173401
3945,286560	-120,577988
3945,959473	-118,559029
3946,632385	-118,504501
3947,305298	-120,676003
3947,978210	-119,581154
3948,651123	-118,881157
3949,324036	-118,225998
3949,996948	-117,791809
3950,669861	-116,952171
3951,342773	-116,690018
3952,015686	-117,303314
3952,688599	-118,055534
3953,361511	-118,636917
3954,034424	-119,868790
3954,707336	-120,030029
3955,380249	-119,574547
3956,053162	-120,423035
3956,726074	-119,434448
3957,398987	-118,841820
3958,071899	-118,153984
3958,744812	-118,927711
3959,417725	-119,088524
3960,090637	-119,718132
3960,763550	-120,198044
3961,436462	-119,876160
3962,109375	-117,998611
3962,782288	-117,824318
3963,455200	-118,422142
3964,128113	-118,607269
3964,801025	-119,214149
3965,473938	-119,841431
3966,146851	-119,737137
3966,819763	-119,754723
3967,492676	-119,250175
3968,165588	-118,347008
3968,838501	-119,685867
3969,511414	-120,325104
3970,184326	-121,309586
3970,857239	-120,992004
3971,530151	-120,372513
3972,203064	-120,629967
3972,875977	-120,884560
3973,548889	-119,170273
3974,221802	-118,386475
3974,894714	-119,670181
3975,567627	-119,047256
3976,240540	-120,588478
3976,913452	-120,481613
3977,586365	-119,502724
3978,259277	-119,756561
3978,932190	-118,084427
3979,605103	-117,960533
3980,278015	-119,098007
3980,950928	-119,462555
3981,623840	-119,756981
3982,296753	-120,075027
3982,969666	-120,698799
3983,642578	-120,502647
3984,315491	-120,894974
3984,988403	-120,485184
3985,661316	-119,004898
3986,334229	-119,883797
3987,007141	-120,824028
3987,680054	-119,845467
3988,352966	-120,088470
3989,025879	-120,195007
3989,698792	-120,087616
3990,371704	-119,100639
3991,044617	-119,128151
3991,717529	-120,040459
3992,390442	-121,295624
3993,063354	-120,994705
3993,736267	-118,608345
3994,409180	-118,022797
3995,082092	-118,785103
3995,755005	-120,065674
3996,427917	-120,280991
3997,100830	-118,544243
3997,773743	-118,773132
3998,446655	-118,794861
3999,119568	-117,795341
3999,792480	-119,281380
4000,465393	-119,681015
4001,138306	-117,498062
4001,811218	-117,039787
4002,484131	-119,318527
4003,157043	-119,818336
4003,829956	-119,406563
4004,502869	-119,940796
4005,175781	-120,239258
4005,848694	-118,977928
4006,521606	-118,446991
4007,194519	-118,996292
4007,867432	-120,026337
4008,540344	-119,607658
4009,213257	-118,961975
4009,886169	-119,873535
4010,559082	-118,451508
4011,231995	-118,688133
4011,904907	-119,510056
4012,577820	-118,110825
4013,250732	-120,113991
4013,923645	-119,585197
4014,596558	-120,521561
4015,269470	-120,379028
4015,942383	-120,009354
4016,615295	-120,019028
4017,288208	-120,530792
4017,961121	-120,620583
4018,634033	-119,835068
4019,306946	-120,270210
4019,979858	-120,252022
4020,652771	-120,861649
4021,325684	-120,366447
4021,998596	-118,927124
4022,671509	-119,023369
4023,344421	-118,331749
4024,017334	-120,058922
4024,690247	-120,495560
4025,363159	-120,753502
4026,036072	-120,548950
4026,708984	-120,058197
4027,381897	-120,505409
4028,054810	-120,078468
4028,727722	-119,027390
4029,400635	-118,751160
4030,073547	-119,106529
4030,746460	-120,194122
4031,419373	-119,757210
4032,092285	-118,418182
4032,765198	-118,876343
4033,438110	-119,578667
4034,111023	-120,200356
4034,783936	-120,876213
4035,456848	-120,339348
4036,129761	-119,093491
4036,802673	-119,206009
4037,475586	-118,961388
4038,148499	-120,242546
4038,821411	-120,487984
4039,494324	-119,760300
4040,167236	-120,301529
4040,840149	-119,404495
4041,513062	-119,371307
4042,185974	-118,042801
4042,858887	-117,364548
4043,531799	-117,493301
4044,204712	-118,877670
4044,877625	-119,531708
4045,550537	-120,628975
4046,223450	-120,479660
4046,896362	-120,473022
4047,569275	-120,242516
4048,242188	-119,099884
4048,915100	-118,451805
4049,588013	-118,151756
4050,260925	-118,188156
4050,933838	-118,831169
4051,606750	-119,528091
4052,279663	-120,566216
4052,952576	-120,102722
4053,625488	-120,715294
4054,298401	-120,456680
4054,971313	-120,932465
4055,644226	-119,868958
4056,317139	-119,235893
4056,990051	-118,891068
4057,662964	-117,923248
4058,335876	-117,246254
4059,008789	-118,559006
4059,681702	-119,867355
4060,354614	-119,534317
4061,027527	-120,242912
4061,700439	-119,442390
4062,373352	-120,468246
4063,046265	-119,094627
4063,719177	-119,330887
4064,392090	-120,062851
4065,065002	-117,915871
4065,737915	-118,433769
4066,410828	-119,980927
4067,083740	-120,257469
4067,756653	-120,290176
4068,429565	-119,453545
4069,102478	-120,444855
4069,775391	-121,166275
4070,448303	-120,238113
4071,121216	-119,641022
4071,794128	-120,187035
4072,467041	-119,188545
4073,139954	-118,698151
4073,812866	-120,333809
4074,485779	-119,530838
4075,158691	-120,445908
4075,831604	-120,664154
4076,504517	-117,762657
4077,177429	-118,824913
4077,850342	-119,046303
4078,523254	-120,627472
4079,196167	-117,494408
4079,869080	-116,854126
4080,541992	-118,196136
4081,214905	-119,814766
4081,887817	-120,217842
4082,560730	-120,236198
4083,233643	-120,164864
4083,906555	-121,569809
4084,579468	-120,871452
4085,252380	-120,754623
4085,925293	-120,814186
4086,598206	-119,562050
4087,271118	-119,315163
4087,944031	-118,835114
4088,616943	-117,667648
4089,289856	-117,739853
4089,962769	-119,607491
4090,635681	-119,930855
4091,308594	-119,587181
4091,981506	-119,930389
4092,654419	-121,655365
4093,327332	-119,654831
4094,000244	-118,153389
4094,673157	-118,171234
4095,346069	-117,667969
4096,018982	-116,194832
4096,691895	-115,969360
4097,364807	-116,654465
4098,037720	-117,511734
4098,710632	-117,878487
4099,383545	-120,204285
4100,056458	-121,434990
4100,729370	-120,206879
4101,402283	-119,870102
4102,075195	-118,376625
4102,748108	-119,431808
4103,421021	-120,887062
4104,093933	-120,694771
4104,766846	-121,109863
4105,439758	-120,454338
4106,112671	-119,826653
4106,785583	-119,583351
4107,458496	-119,925354
4108,131409	-120,548088
4108,804321	-120,967072
4109,477234	-120,556282
4110,150146	-119,953262
4110,823059	-120,046196
4111,495972	-120,092628
4112,168884	-120,759392
4112,841797	-120,295273
4113,514709	-119,896912
4114,187622	-118,844673
4114,860535	-119,305168
4115,533447	-120,468689
4116,206360	-119,619217
4116,879272	-119,405540
4117,552185	-119,521347
4118,225098	-119,807442
4118,898010	-120,742828
4119,570923	-119,857887
4120,243835	-119,505577
4120,916748	-120,090576
4121,589661	-119,559319
4122,262573	-118,219429
4122,935486	-118,011925
4123,608398	-119,614632
4124,281311	-120,492615
4124,954224	-120,420456
4125,627136	-120,439766
4126,300049	-120,502731
4126,972961	-119,677414
4127,645874	-119,793671
4128,318787	-120,218330
4128,991699	-120,232254
4129,664612	-120,664886
4130,337524	-120,175842
4131,010437	-120,362839
4131,683350	-119,833893
4132,356262	-119,952560
4133,029175	-119,464287
4133,702087	-119,163155
4134,375000	-119,469063
4135,047913	-119,160233
4135,720825	-118,488480
4136,393738	-119,227341
4137,066650	-120,437958
4137,739563	-119,909546
4138,412476	-118,050293
4139,085388	-118,184723
4139,758301	-119,115303
4140,431213	-119,415520
4141,104126	-118,571739
4141,777039	-119,362366
4142,449951	-119,670296
4143,122864	-119,513298
4143,795776	-119,132401
4144,468689	-119,850067
4145,141602	-120,824188
4145,814514	-120,992157
4146,487427	-120,311348
4147,160339	-120,447227
4147,833252	-120,284607
4148,506165	-119,064842
4149,179077	-117,921394
4149,851990	-118,647507
4150,524902	-118,734291
4151,197815	-118,767593
4151,870728	-118,556137
4152,543640	-118,753716
4153,216553	-119,413124
4153,889465	-119,999176
4154,562378	-119,847504
4155,235291	-119,489586
4155,908203	-120,026680
4156,581116	-120,099609
4157,254028	-118,509750
4157,926941	-119,046989
4158,599854	-118,161987
4159,272766	-119,637573
4159,945679	-119,958801
4160,618591	-118,705025
4161,291504	-119,239906
4161,964417	-119,896774
4162,637329	-120,719475
4163,310242	-119,916527
4163,983154	-120,113190
4164,656067	-120,584686
4165,328979	-119,544708
4166,001892	-118,751396
4166,674805	-118,014771
4167,347717	-117,827469
4168,020630	-117,708710
4168,693542	-118,171951
4169,366455	-117,862381
4170,039368	-118,015045
4170,712280	-119,006828
4171,385193	-119,249413
4172,058105	-119,181992
4172,731018	-117,938805
4173,403931	-119,252510
4174,076843	-120,843849
4174,749756	-121,653053
4175,422668	-121,620178
4176,095581	-121,644630
4176,768494	-121,255341
4177,441406	-121,028954
4178,114319	-120,910255
4178,787231	-120,808586
4179,460144	-121,602516
4180,133057	-121,250595
4180,805969	-119,863022
4181,478882	-120,574799
4182,151794	-121,514328
4182,824707	-120,973808
4183,497620	-120,478943
4184,170532	-120,298729
4184,843445	-119,643234
4185,516357	-119,821342
4186,189270	-121,028023
4186,862183	-120,092361
4187,535095	-119,406593
4188,208008	-119,596031
4188,880920	-120,152679
4189,553833	-120,570480
4190,226746	-121,155807
4190,899658	-119,982162
4191,572571	-119,498154
4192,245483	-120,071915
4192,918396	-120,440666
4193,591309	-120,579994
4194,264221	-118,956261
4194,937134	-118,544075
4195,610046	-119,064636
4196,282959	-120,538475
4196,955872	-120,217026
4197,628784	-119,938866
4198,301697	-119,878052
4198,974609	-118,889465
4199,647522	-118,495590
4200,320435	-119,292351
4200,993347	-119,250473
4201,666260	-119,161652
4202,339172	-119,696701
4203,012085	-120,363716
4203,684998	-120,650887
4204,357910	-120,360420
4205,030823	-120,265434
4205,703735	-119,499191
4206,376648	-119,136101
4207,049561	-120,171043
4207,722473	-121,350723
4208,395386	-121,797295
4209,068298	-120,275284
4209,741211	-120,126869
4210,414124	-119,246620
4211,087036	-119,564743
4211,759949	-119,900627
4212,432861	-121,458466
4213,105774	-120,334167
4213,778687	-120,237564
4214,451599	-120,749191
4215,124512	-120,735893
4215,797424	-121,005707
4216,470337	-120,313583
4217,143250	-121,633087
4217,816162	-119,714378
4218,489075	-119,771942
4219,161987	-121,145119
4219,834900	-120,954620
4220,507812	-119,923294
4221,180725	-117,578400
4221,853638	-117,216805
4222,526550	-119,755089
4223,199463	-121,471710
4223,872375	-118,500313
4224,545288	-117,549858
4225,218201	-118,712082
4225,891113	-119,970222
4226,564026	-120,557137
4227,236938	-119,853180
4227,909851	-120,157234
4228,582764	-121,200272
4229,255676	-120,292946
4229,928589	-119,634789
4230,601501	-118,566238
4231,274414	-119,107712
4231,947327	-120,644684
4232,620239	-119,401939
4233,293152	-120,243866
4233,966064	-119,733910
4234,638977	-119,912148
4235,311890	-118,757698
4235,984802	-118,910873
4236,657715	-120,190102
4237,330627	-120,279587
4238,003540	-120,704048
4238,676453	-119,327332
4239,349365	-120,455574
4240,022278	-119,998619
4240,695190	-120,933090
4241,368103	-119,744850
4242,041016	-117,991905
4242,713928	-116,013519
4243,386841	-115,654213
4244,059753	-117,883293
4244,732666	-119,210243
4245,405579	-119,914848
4246,078491	-117,286354
4246,751404	-117,873123
4247,424316	-120,004379
4248,097229	-120,408066
4248,770142	-119,470512
4249,443054	-119,673241
4250,115967	-120,148911
4250,788879	-121,148048
4251,461792	-119,212936
4252,134705	-119,360962
4252,807617	-120,439125
4253,480530	-119,825005
4254,153442	-120,633217
4254,826355	-119,745323
4255,499268	-118,626038
4256,172180	-118,361153
4256,845093	-119,041466
4257,518005	-120,214523
4258,190918	-120,498489
4258,863831	-120,158821
4259,536743	-119,894905
4260,209656	-120,314896
4260,882568	-119,692429
4261,555481	-120,802971
4262,228394	-120,660255
4262,901306	-120,510506
4263,574219	-121,040825
4264,247131	-120,613152
4264,920044	-120,418327
4265,592957	-120,969803
4266,265869	-120,970505
4266,938782	-120,826218
4267,611694	-119,905830
4268,284607	-117,900742
4268,957520	-117,275368
4269,630432	-118,057098
4270,303345	-119,100281
4270,976257	-119,617828
4271,649170	-120,131180
4272,322083	-119,988976
4272,994995	-119,423096
4273,667908	-118,995415
4274,340820	-119,103455
4275,013733	-117,925163
4275,686646	-117,888992
4276,359558	-118,843971
4277,032471	-119,598495
4277,705383	-120,000793
4278,378296	-121,394257
4279,051208	-121,776604
4279,724121	-121,445076
4280,397034	-121,100151
4281,069946	-120,155960
4281,742859	-118,374649
4282,415771	-117,660934
4283,088684	-117,017296
4283,761597	-118,056084
4284,434509	-119,584877
4285,107422	-119,586334
4285,780334	-119,234436
4286,453247	-119,456367
4287,126160	-120,540215
4287,799072	-121,950653
4288,471985	-121,137680
4289,144897	-121,004311
4289,817810	-120,466599
4290,490723	-120,466354
4291,163635	-120,331207
4291,836548	-121,289330
4292,509460	-120,492828
4293,182373	-120,030228
4293,855286	-118,547859
4294,528198	-118,584084
4295,201111	-119,444954
4295,874023	-120,640656
4296,546936	-120,676674
4297,219849	-120,543396
4297,892761	-121,724037
4298,565674	-120,232941
4299,238586	-119,061104
4299,911499	-118,550568
4300,584412	-118,972801
4301,257324	-121,293098
4301,930237	-117,747101
4302,603149	-117,320175
4303,276062	-118,328674
4303,948975	-119,018105
4304,621887	-119,866920
4305,294800	-120,089455
4305,967712	-121,171944
4306,640625	-120,907173
4307,313538	-120,179352
4307,986450	-120,656509
4308,659363	-119,349541
4309,332275	-117,316750
4310,005188	-116,266083
4310,678101	-118,031235
4311,351013	-118,896408
4312,023926	-117,496498
4312,696838	-118,816940
4313,369751	-118,822083
4314,042664	-120,753159
4314,715576	-120,520416
4315,388489	-118,256065
4316,061401	-119,557213
4316,734314	-120,698746
4317,407227	-121,091339
4318,080139	-118,567238
4318,753052	-117,675034
4319,425964	-118,278572
4320,098877	-119,363388
4320,771790	-119,839211
4321,444702	-119,558739
4322,117615	-120,858147
4322,790527	-119,934044
4323,463440	-119,406097
4324,136353	-121,669556
4324,809265	-120,836617
4325,482178	-120,087700
4326,155090	-121,160072
4326,828003	-119,191612
4327,500916	-118,501846
4328,173828	-119,628212
4328,846741	-120,777466
4329,519653	-120,442497
4330,192566	-119,633759
4330,865479	-121,500641
4331,538391	-119,783859
4332,211304	-119,330284
4332,884216	-119,807442
4333,557129	-120,025078
4334,230042	-121,034851
4334,902954	-120,611328
4335,575867	-119,861427
4336,248779	-118,259026
4336,921692	-119,149223
4337,594604	-120,260910
4338,267517	-120,781044
4338,940430	-119,054688
4339,613342	-118,583710
4340,286255	-119,718567
4340,959167	-119,153854
4341,632080	-119,533791
4342,304993	-118,936226
4342,977905	-118,799721
4343,650818	-118,253738
4344,323730	-117,698669
4344,996643	-117,388283
4345,669556	-117,604919
4346,342468	-118,859848
4347,015381	-120,077454
4347,688293	-119,447014
4348,361206	-118,149849
4349,034119	-116,652534
4349,707031	-117,746567
4350,379944	-120,085472
4351,052856	-120,192268
4351,725769	-120,165215
4352,398682	-119,961647
4353,071594	-119,709686
4353,744507	-119,553406
4354,417419	-120,544960
4355,090332	-119,397606
4355,763245	-119,379692
4356,436157	-119,360664
4357,109070	-119,973801
4357,781982	-118,820381
4358,454895	-117,830170
4359,127808	-119,287239
4359,800720	-118,717529
4360,473633	-119,137169
4361,146545	-118,502205
4361,819458	-119,603165
4362,492371	-120,871033
4363,165283	-117,982269
4363,838196	-116,966675
4364,511108	-118,058060
4365,184021	-119,164627
4365,856934	-121,307068
4366,529846	-121,334030
4367,202759	-120,753944
4367,875671	-120,477173
4368,548584	-121,029831
4369,221497	-120,838799
4369,894409	-120,569603
4370,567322	-120,359413
4371,240234	-120,606026
4371,913147	-119,575920
4372,586060	-119,034203
4373,258972	-119,416969
4373,931885	-117,993515
4374,604797	-116,758644
4375,277710	-117,115303
4375,950623	-118,900436
4376,623535	-120,859077
4377,296448	-120,584579
4377,969360	-121,092712
4378,642273	-122,152367
4379,315186	-119,852264
4379,988098	-118,265549
4380,661011	-116,645218
4381,333923	-116,916595
4382,006836	-118,068993
4382,679749	-119,881302
4383,352661	-119,753044
4384,025574	-120,748558
4384,698486	-120,700356
4385,371399	-119,729675
4386,044312	-119,753044
4386,717224	-119,718491
4387,390137	-119,252533
4388,063049	-120,289711
4388,735962	-118,816582
4389,408875	-118,744797
4390,081787	-119,634758
4390,754700	-120,283401
4391,427612	-120,340584
4392,100525	-119,186852
4392,773438	-118,436607
4393,446350	-118,654854
4394,119263	-118,818436
4394,792175	-119,732605
4395,465088	-121,658119
4396,138000	-118,427345
4396,810913	-117,455193
4397,483826	-117,796661
4398,156738	-118,314186
4398,829651	-118,064461
4399,502563	-116,768898
4400,175476	-118,323753
4400,848389	-120,294312
4401,521301	-119,681183
4402,194214	-120,339897
4402,867126	-119,742943
4403,540039	-119,077866
4404,212952	-118,606133
4404,885864	-119,382080
4405,558777	-119,537971
4406,231689	-119,322235
4406,904602	-118,946930
4407,577515	-119,296631
4408,250427	-119,362167
4408,923340	-119,477188
4409,596252	-120,763863
4410,269165	-121,402496
4410,942078	-121,238693
4411,614990	-120,076302
4412,287903	-118,609253
4412,960815	-116,962120
4413,633728	-116,193932
4414,306641	-116,739494
4414,979553	-118,032928
4415,652466	-118,062248
4416,325378	-118,876465
4416,998291	-120,663506
4417,671204	-121,696846
4418,344116	-121,381943
4419,017029	-121,330757
4419,689941	-121,494942
4420,362854	-120,706665
4421,035767	-120,724190
4421,708679	-121,829590
4422,381592	-121,133217
4423,054504	-120,776352
4423,727417	-121,180946
4424,400330	-120,041771
4425,073242	-120,380402
4425,746155	-121,651184
4426,419067	-121,513245
4427,091980	-120,551682
4427,764893	-119,795357
4428,437805	-119,039619
4429,110718	-118,910034
4429,783630	-117,876068
4430,456543	-117,993721
4431,129456	-119,410149
4431,802368	-120,280426
4432,475281	-119,966774
4433,148193	-119,313889
4433,821106	-119,896309
4434,494019	-120,811386
4435,166931	-120,527885
4435,839844	-120,902847
4436,512756	-121,029755
4437,185669	-120,538910
4437,858582	-120,726990
4438,531494	-120,462753
4439,204407	-119,795990
4439,877319	-119,409370
4440,550232	-120,011948
4441,223145	-120,280518
4441,896057	-119,530937
4442,568970	-119,482430
4443,241882	-120,726440
4443,914795	-120,309425
4444,587708	-120,884720
4445,260620	-121,161804
4445,933533	-121,398514
4446,606445	-119,618881
4447,279358	-119,503143
4447,952271	-120,224869
4448,625183	-120,464600
4449,298096	-120,748039
4449,971008	-120,886688
4450,643921	-120,801880
4451,316833	-121,102776
4451,989746	-120,527512
4452,662659	-119,927017
4453,335571	-119,584747
4454,008484	-120,151306
4454,681396	-120,553009
4455,354309	-120,550285
4456,027222	-121,367081
4456,700134	-120,462433
4457,373047	-119,500839
4458,045959	-118,580460
4458,718872	-117,497139
4459,391785	-116,936874
4460,064697	-117,679855
4460,737610	-119,733597
4461,410522	-120,965073
4462,083435	-120,065056
4462,756348	-120,610481
4463,429260	-121,162148
4464,102173	-120,859177
4464,775085	-119,306686
4465,447998	-120,513451
4466,120911	-120,326523
4466,793823	-119,524673
4467,466736	-117,849693
4468,139648	-116,688950
4468,812561	-117,891235
4469,485474	-118,698082
4470,158386	-119,663399
4470,831299	-119,565125
4471,504211	-119,196220
4472,177124	-121,123405
4472,850037	-120,807274
4473,522949	-120,929451
4474,195862	-120,821983
4474,868774	-120,510277
4475,541687	-120,409645
4476,214600	-119,976616
4476,887512	-120,444977
4477,560425	-120,367249
4478,233337	-120,696609
4478,906250	-120,329254
4479,579163	-121,290413
4480,252075	-120,523605
4480,924988	-120,914757
4481,597900	-120,604286
4482,270813	-119,986214
4482,943726	-119,846512
4483,616638	-120,091385
4484,289551	-118,782173
4484,962463	-119,143700
4485,635376	-118,540802
4486,308289	-117,303726
4486,981201	-119,332108
4487,654114	-119,802582
4488,327026	-120,955757
4488,999939	-121,112755
4489,672852	-120,726837
4490,345764	-120,585075
4491,018677	-120,431038
4491,691589	-120,406853
4492,364502	-119,550659
4493,037415	-118,808441
4493,710327	-118,589401
4494,383240	-119,635483
4495,056152	-119,971550
4495,729065	-118,658875
4496,401978	-119,724945
4497,074890	-120,863708
4497,747803	-120,076797
4498,420715	-119,743683
4499,093628	-118,973541
4499,766541	-120,090530
4500,439453	-120,820328
4501,112366	-119,975601
4501,785278	-119,105667
4502,458191	-118,710091
4503,131104	-119,740822
4503,804016	-120,037926
4504,476929	-120,394249
4505,149841	-118,780266
4505,822754	-118,311653
4506,495667	-119,170303
4507,168579	-119,847435
4507,841492	-120,443237
4508,514404	-118,336243
4509,187317	-117,052612
4509,860229	-115,964745
4510,533142	-118,661530
4511,206055	-120,298492
4511,878967	-119,954651
4512,551880	-118,730614
4513,224792	-116,820602
4513,897705	-118,136803
4514,570618	-120,691269
4515,243530	-119,982269
4515,916443	-119,931221
4516,589355	-120,563065
4517,262268	-119,599701
4517,935181	-119,648232
4518,608093	-119,171936
4519,281006	-120,789360
4519,953918	-119,640305
4520,626831	-117,953835
4521,299744	-116,948776
4521,972656	-119,194901
4522,645569	-119,878906
4523,318481	-120,372246
4523,991394	-121,294617
4524,664307	-120,225838
4525,337219	-121,001366
4526,010132	-120,464600
4526,683044	-120,945457
4527,355957	-120,337997
4528,028870	-119,052910
4528,701782	-118,197853
4529,374695	-119,833191
4530,047607	-120,688019
4530,720520	-119,476059
4531,393433	-120,469505
4532,066345	-121,221298
4532,739258	-118,931725
4533,412170	-119,421745
4534,085083	-121,553963
4534,757996	-119,692451
4535,430908	-117,991783
4536,103821	-117,826057
4536,776733	-119,563881
4537,449646	-120,939842
4538,122559	-119,717369
4538,795471	-118,356522
4539,468384	-119,499268
4540,141296	-122,091370
4540,814209	-120,791183
4541,487122	-119,557549
4542,160034	-118,840744
4542,832947	-118,713921
4543,505859	-121,021667
4544,178772	-119,406120
4544,851685	-119,412735
4545,524597	-118,956818
4546,197510	-120,186790
4546,870422	-119,666016
4547,543335	-118,485870
4548,216248	-119,610886
4548,889160	-119,627098
4549,562073	-121,210945
4550,234985	-120,648796
4550,907898	-120,102280
4551,580811	-121,355064
4552,253723	-120,523407
4552,926636	-119,818390
4553,599548	-118,719193
4554,272461	-119,437927
4554,945374	-120,225006
4555,618286	-118,979744
4556,291199	-119,518837
4556,964111	-120,388206
4557,637024	-120,039879
4558,309937	-119,249016
4558,982849	-119,773949
4559,655762	-120,298126
4560,328674	-118,227715
4561,001587	-119,730103
4561,674500	-120,027046
4562,347412	-120,085304
4563,020325	-118,186905
4563,693237	-120,267860
4564,366150	-121,264572
4565,039062	-119,497726
4565,711975	-120,082924
4566,384888	-120,062347
4567,057800	-120,941650
4567,730713	-120,563423
4568,403625	-119,405067
4569,076538	-119,175804
4569,749451	-120,044670
4570,422363	-120,121765
4571,095276	-118,786934
4571,768188	-117,715279
4572,441101	-119,430817
4573,114014	-121,365730
4573,786926	-119,797073
4574,459839	-118,623383
4575,132751	-119,704208
4575,805664	-117,916336
4576,478577	-119,266403
4577,151489	-121,678917
4577,824402	-120,116692
4578,497314	-119,021637
4579,170227	-118,679924
4579,843140	-119,333740
4580,516052	-120,281631
4581,188965	-119,017616
4581,861877	-118,889267
4582,534790	-119,712624
4583,207703	-118,384995
4583,880615	-120,722168
4584,553528	-119,987823
4585,226440	-119,398460
4585,899353	-120,595901
4586,572266	-119,419022
4587,245178	-118,084526
4587,918091	-119,055550
4588,591003	-118,080452
4589,263916	-118,343117
4589,936829	-117,708626
4590,609741	-119,285263
4591,282654	-119,216881
4591,955566	-119,111374
4592,628479	-120,561256
4593,301392	-121,565056
4593,974304	-120,922104
4594,647217	-120,767387
4595,320129	-120,889084
4595,993042	-118,403069
4596,665955	-120,185585
4597,338867	-119,591743
4598,011780	-117,185028
4598,684692	-116,301254
4599,357605	-116,862427
4600,030518	-119,851395
4600,703430	-118,723236
4601,376343	-117,554932
4602,049255	-118,340034
4602,722168	-119,738403
4603,395081	-120,143517
4604,067993	-121,016350
4604,740906	-119,200241
4605,413818	-119,036255
4606,086731	-119,714447
4606,759644	-119,784943
4607,432556	-118,783691
4608,105469	-119,056038
4608,778381	-119,636406
4609,451294	-118,921127
4610,124207	-119,229774
4610,797119	-120,165932
4611,470032	-120,537155
4612,142944	-119,421349
4612,815857	-120,896500
4613,488770	-119,983292
4614,161682	-116,891075
4614,834595	-118,033653
4615,507507	-119,918213
4616,180420	-119,232185
4616,853333	-119,375160
4617,526245	-119,847107
4618,199158	-121,182617
4618,872070	-120,173019
4619,544983	-119,278763
4620,217896	-119,213020
4620,890808	-118,301445
4621,563721	-118,225624
4622,236633	-120,547440
4622,909546	-119,675568
4623,582458	-118,038925
4624,255371	-117,997475
4624,928284	-118,286026
4625,601196	-119,813400
4626,274109	-120,819992
4626,947021	-120,807159
4627,619934	-120,125839
4628,292847	-119,857162
4628,965759	-119,911423
4629,638672	-119,225296
4630,311584	-119,250816
4630,984497	-119,294525
4631,657410	-119,668144
4632,330322	-119,541634
4633,003235	-120,306702
4633,676147	-120,617805
4634,349060	-119,887352
4635,021973	-120,043320
4635,694885	-120,177528
4636,367798	-120,099228
4637,040710	-119,455971
4637,713623	-118,484474
4638,386536	-119,717049
4639,059448	-120,943436
4639,732361	-121,232872
4640,405273	-121,095268
4641,078186	-121,916443
4641,751099	-121,641144
4642,424011	-119,874969
4643,096924	-119,711891
4643,769836	-120,093376
4644,442749	-120,279854
4645,115662	-120,848991
4645,788574	-120,363098
4646,461487	-120,346046
4647,134399	-120,502777
4647,807312	-120,668182
4648,480225	-120,150658
4649,153137	-120,372139
4649,826050	-120,349213
4650,498962	-120,680000
4651,171875	-119,599594
4651,844788	-119,604424
4652,517700	-119,403404
4653,190613	-121,097725
4653,863525	-121,287521
4654,536438	-120,716591
4655,209351	-120,187309
4655,882263	-120,176147
4656,555176	-120,530029
4657,228088	-120,906944
4657,901001	-119,796417
4658,573914	-117,659676
4659,246826	-116,579979
4659,919739	-117,651230
4660,592651	-117,747002
4661,265564	-116,895538
4661,938477	-116,687828
4662,611389	-118,691193
4663,284302	-120,102737
4663,957214	-119,018921
4664,630127	-120,225449
4665,303040	-119,926910
4665,975952	-120,324959
4666,648865	-120,466446
4667,321777	-120,912445
4667,994690	-119,713196
4668,667603	-119,348007
4669,340515	-120,871475
4670,013428	-121,242859
4670,686340	-119,972519
4671,359253	-120,604500
4672,032166	-120,642159
4672,705078	-121,664314
4673,377991	-120,741974
4674,050903	-120,511017
4674,723816	-120,802254
4675,396729	-119,707405
4676,069641	-120,313019
4676,742554	-120,206337
4677,415466	-120,206787
4678,088379	-118,269272
4678,761292	-119,578308
4679,434204	-120,682434
4680,107117	-120,267082
4680,780029	-119,901566
4681,452942	-119,862686
4682,125854	-120,507401
4682,798767	-119,210564
4683,471680	-118,495903
4684,144592	-119,041687
4684,817505	-119,616829
4685,490417	-120,283936
4686,163330	-120,628128
4686,836243	-120,439468
4687,509155	-119,867340
4688,182068	-120,639526
4688,854980	-119,888611
4689,527893	-119,348274
4690,200806	-120,681686
4690,873718	-120,311478
4691,546631	-119,409737
4692,219543	-120,392517
4692,892456	-120,058914
4693,565369	-119,644012
4694,238281	-120,975876
4694,911194	-119,895737
4695,584106	-118,420509
4696,257019	-117,893921
4696,929932	-119,976135
4697,602844	-120,935966
4698,275757	-120,467751
4698,948669	-121,133217
4699,621582	-120,769470
4700,294495	-119,443848
4700,967407	-120,270523
4701,640320	-121,326721
4702,313232	-119,650497
4702,986145	-119,341476
4703,659058	-121,136192
4704,331970	-119,873337
4705,004883	-119,608086
4705,677795	-119,155022
4706,350708	-118,603630
4707,023621	-120,214401
4707,696533	-119,854301
4708,369446	-119,713257
4709,042358	-119,522285
4709,715271	-120,266541
4710,388184	-120,382629
4711,061096	-119,737602
4711,734009	-120,229988
4712,406921	-119,602295
4713,079834	-120,645935
4713,752747	-119,611481
4714,425659	-119,847794
4715,098572	-121,454468
4715,771484	-121,793419
4716,444397	-121,089447
4717,117310	-120,557327
4717,790222	-118,420959
4718,463135	-117,804695
4719,136047	-118,178993
4719,808960	-120,031677
4720,481873	-120,418709
4721,154785	-120,633766
4721,827698	-118,756012
4722,500610	-118,651985
4723,173523	-120,420013
4723,846436	-120,587982
4724,519348	-121,907158
4725,192261	-120,563835
4725,865173	-119,294075
4726,538086	-118,752205
4727,210999	-118,631973
4727,883911	-118,939560
4728,556824	-118,529175
4729,229736	-118,656738
4729,902649	-120,646004
4730,575562	-119,992119
4731,248474	-119,155739
4731,921387	-120,070312
4732,594299	-119,991356
4733,267212	-120,315140
4733,940125	-120,803291
4734,613037	-120,230354
4735,285950	-118,248810
4735,958862	-119,191803
4736,631775	-120,770386
4737,304688	-120,275864
4737,977600	-119,086823
4738,650513	-119,643822
4739,323425	-120,594063
4739,996338	-120,128128
4740,669250	-120,069969
4741,342163	-119,429901
4742,015076	-118,144424
4742,687988	-121,204666
4743,360901	-119,829437
4744,033813	-119,446884
4744,706726	-119,793007
4745,379639	-120,244675
4746,052551	-120,734245
4746,725464	-119,765030
4747,398376	-120,054031
4748,071289	-121,646324
4748,744202	-121,605568
4749,417114	-120,637260
4750,090027	-120,012802
4750,762939	-119,963760
4751,435852	-120,587585
4752,108765	-121,130318
4752,781677	-120,598663
4753,454590	-120,457497
4754,127502	-121,632118
4754,800415	-121,370201
4755,473328	-120,527878
4756,146240	-119,745018
4756,819153	-119,139175
4757,492065	-118,435127
4758,164978	-118,286560
4758,837891	-119,862480
4759,510803	-121,288437
4760,183716	-121,001289
4760,856628	-120,386940
4761,529541	-120,616035
4762,202454	-120,952057
4762,875366	-120,579834
4763,548279	-119,254089
4764,221191	-118,582092
4764,894104	-120,282478
4765,567017	-120,246880
4766,239929	-121,119713
4766,912842	-121,517426
4767,585754	-122,421646
4768,258667	-122,319786
4768,931580	-121,929077
4769,604492	-121,447380
4770,277405	-121,710922
4770,950317	-120,955254
4771,623230	-119,169167
4772,296143	-117,716446
4772,969055	-118,350304
4773,641968	-118,926018
4774,314880	-121,028084
4774,987793	-119,926254
4775,660706	-120,323372
4776,333618	-118,699127
4777,006531	-117,211716
4777,679443	-118,594482
4778,352356	-119,944252
4779,025269	-121,090073
4779,698181	-120,136620
4780,371094	-120,545441
4781,044006	-121,174904
4781,716919	-121,675072
4782,389832	-120,992050
4783,062744	-120,176926
4783,735657	-121,831001
4784,408569	-121,322456
4785,081482	-121,249016
4785,754395	-120,612175
4786,427307	-120,375946
4787,100220	-121,827950
4787,773132	-120,626640
4788,446045	-120,251419
4789,118958	-120,446884
4789,791870	-119,513206
4790,464783	-118,930450
4791,137695	-118,003494
4791,810608	-118,351219
4792,483521	-119,765984
4793,156433	-119,666916
4793,829346	-119,946381
4794,502258	-120,371399
4795,175171	-120,453636
4795,848083	-120,209679
4796,520996	-119,969795
4797,193909	-120,925613
4797,866821	-121,368950
4798,539734	-121,248940
4799,212646	-120,446037
4799,885559	-120,249229
4800,558472	-118,998558
4801,231384	-120,394821
4801,904297	-120,280388
4802,577209	-118,170921
4803,250122	-120,138176
4803,923035	-119,640434
4804,595947	-120,636772
4805,268860	-121,048569
4805,941772	-121,272827
4806,614685	-121,899887
4807,287598	-120,938744
4807,960510	-120,778351
4808,633423	-120,796539
4809,306335	-120,429848
4809,979248	-120,837158
4810,652161	-121,075409
4811,325073	-119,989845
4811,997986	-119,655472
4812,670898	-121,357536
4813,343811	-119,947876
4814,016724	-120,770660
4814,689636	-120,761925
4815,362549	-119,703514
4816,035461	-120,832230
4816,708374	-119,981956
4817,381287	-119,927483
4818,054199	-118,864754
4818,727112	-118,917282
4819,400024	-121,698280
4820,072937	-120,083122
4820,745850	-120,855431
4821,418762	-121,267403
4822,091675	-121,343620
4822,764587	-119,597519
4823,437500	-119,396599
4824,110413	-119,966988
4824,783325	-120,179924
4825,456238	-120,580162
4826,129150	-120,621033
4826,802063	-120,335648
4827,474976	-118,550415
4828,147888	-119,177307
4828,820801	-120,567810
4829,493713	-119,282867
4830,166626	-116,843628
4830,839539	-117,027946
4831,512451	-118,515358
4832,185364	-120,004639
4832,858276	-119,867645
4833,531189	-119,474121
4834,204102	-119,258995
4834,877014	-120,291626
4835,549927	-119,700981
4836,222839	-121,084175
4836,895752	-120,812820
4837,568665	-120,181114
4838,241577	-120,291740
4838,914490	-121,067780
4839,587402	-119,746002
4840,260315	-118,557564
4840,933228	-119,771538
4841,606140	-118,838364
4842,279053	-119,743385
4842,951965	-119,409042
4843,624878	-120,024353
4844,297791	-120,034554
4844,970703	-119,947433
4845,643616	-120,534668
4846,316528	-121,371628
4846,989441	-121,904236
4847,662354	-121,607086
4848,335266	-119,977737
4849,008179	-119,972115
4849,681091	-120,575600
4850,354004	-119,569679
4851,026917	-119,554085
4851,699829	-121,360191
4852,372742	-119,458702
4853,045654	-118,561928
4853,718567	-121,349876
4854,391479	-120,195450
4855,064392	-119,288689
4855,737305	-119,983101
4856,410217	-119,821693
4857,083130	-120,817390
4857,756042	-120,239845
4858,428955	-120,275734
4859,101868	-121,320366
4859,774780	-120,777946
4860,447693	-120,587944
4861,120605	-122,401215
4861,793518	-120,318855
4862,466431	-119,600685
4863,139343	-120,207207
4863,812256	-120,242287
4864,485168	-119,774124
4865,158081	-119,436653
4865,830994	-121,155418
4866,503906	-120,725540
4867,176819	-120,948090
4867,849731	-118,905823
4868,522644	-118,451042
4869,195557	-119,539864
4869,868469	-119,724052
4870,541382	-120,110458
4871,214294	-118,944817
4871,887207	-120,414223
4872,560120	-120,232086
4873,233032	-119,649910
4873,905945	-121,181946
4874,578857	-120,738190
4875,251770	-119,550049
4875,924683	-120,045494
4876,597595	-120,209084
4877,270508	-120,048988
4877,943420	-119,891449
4878,616333	-118,417870
4879,289246	-118,726051
4879,962158	-119,819763
4880,635071	-120,687111
4881,307983	-117,953621
4881,980896	-118,006424
4882,653809	-118,006989
4883,326721	-119,081596
4883,999634	-117,045769
4884,672546	-116,853462
4885,345459	-121,018860
4886,018372	-118,972321
4886,691284	-117,848419
4887,364197	-119,835709
4888,037109	-119,707031
4888,710022	-117,720680
4889,382935	-118,884789
4890,055847	-120,161659
4890,728760	-118,765648
4891,401672	-117,770988
4892,074585	-119,210945
4892,747498	-121,658745
4893,420410	-121,329979
4894,093323	-121,039314
4894,766235	-121,548645
4895,439148	-121,604668
4896,112061	-120,110138
4896,784973	-118,931747
4897,457886	-119,705788
4898,130798	-121,483681
4898,803711	-119,797737
4899,476624	-118,047531
4900,149536	-120,574074
4900,822449	-120,786118
4901,495361	-120,132179
4902,168274	-120,558617
4902,841187	-120,775330
4903,514099	-121,107101
4904,187012	-121,183006
4904,859924	-119,870682
4905,532837	-119,617683
4906,205750	-118,044571
4906,878662	-117,310287
4907,551575	-118,490341
4908,224487	-120,850685
4908,897400	-118,692909
4909,570312	-117,938988
4910,243225	-117,887199
4910,916138	-119,873932
4911,589050	-120,291489
4912,261963	-119,208740
4912,934875	-118,346291
4913,607788	-118,529091
4914,280701	-120,265175
4914,953613	-120,382370
4915,626526	-120,396439
4916,299438	-120,196938
4916,972351	-118,589386
4917,645264	-119,093597
4918,318176	-120,238686
4918,991089	-120,888191
4919,664001	-120,828506
4920,336914	-120,215393
4921,009827	-120,177208
4921,682739	-119,393852
4922,355652	-119,899895
4923,028564	-119,815956
4923,701477	-119,657776
4924,374390	-119,705612
4925,047302	-120,385498
4925,720215	-119,725716
4926,393127	-120,748192
4927,066040	-120,314125
4927,738953	-118,989433
4928,411865	-118,976280
4929,084778	-120,071541
4929,757690	-120,821999
4930,430603	-120,540169
4931,103516	-118,959274
4931,776428	-117,854904
4932,449341	-118,493774
4933,122253	-119,481636
4933,795166	-120,657333
4934,468079	-120,423294
4935,140991	-119,835121
4935,813904	-121,028931
4936,486816	-121,248161
4937,159729	-121,487144
4937,832642	-121,848587
4938,505554	-121,813171
4939,178467	-121,588799
4939,851379	-121,263000
4940,524292	-120,088707
4941,197205	-120,572594
4941,870117	-119,871506
4942,543030	-120,893585
4943,215942	-122,205048
4943,888855	-122,630898
4944,561768	-120,950203
4945,234680	-122,248466
4945,907593	-120,284561
4946,580505	-119,226494
4947,253418	-118,040077
4947,926331	-120,380341
4948,599243	-120,037529
4949,272156	-120,199219
4949,945068	-121,216217
4950,617981	-120,981903
4951,290894	-120,753342
4951,963806	-121,193542
4952,636719	-121,270210
4953,309631	-119,588531
4953,982544	-118,615067
4954,655457	-120,251053
4955,328369	-120,899963
4956,001282	-120,946770
4956,674194	-120,478127
4957,347107	-120,234276
4958,020020	-121,183159
4958,692932	-120,966576
4959,365845	-121,937149
4960,038757	-120,766899
4960,711670	-120,049309
4961,384583	-121,041626
4962,057495	-121,288139
4962,730408	-120,922981
4963,403320	-121,663437
4964,076233	-121,529205
4964,749146	-121,544106
4965,422058	-121,427330
4966,094971	-120,853134
4966,767883	-119,495636
4967,440796	-120,338821
4968,113708	-121,666840
4968,786621	-120,659485
4969,459534	-120,813156
4970,132446	-119,978622
4970,805359	-119,388794
4971,478271	-119,104309
4972,151184	-120,513969
4972,824097	-120,345512
4973,497009	-120,372459
4974,169922	-120,791115
4974,842834	-120,722450
4975,515747	-120,746613
4976,188660	-120,100487
4976,861572	-120,433243
4977,534485	-120,277931
4978,207397	-119,843216
4978,880310	-118,471497
4979,553223	-119,373550
4980,226135	-121,421539
4980,899048	-120,800835
4981,571960	-121,208870
4982,244873	-120,698257
4982,917786	-120,214447
4983,590698	-120,264954
4984,263611	-120,614853
4984,936523	-119,876869
4985,609436	-120,724052
4986,282349	-120,400581
4986,955261	-118,548859
4987,628174	-118,792496
4988,301086	-120,607208
4988,973999	-122,043533
4989,646912	-121,371979
4990,319824	-121,571304
4990,992737	-120,785309
4991,665649	-119,630791
4992,338562	-119,680107
4993,011475	-120,535683
4993,684387	-121,061607
4994,357300	-120,927483
4995,030212	-120,361992
4995,703125	-121,035400
4996,376038	-121,041809
4997,048950	-118,714630
4997,721863	-115,492050
4998,394775	-115,250198
4999,067688	-118,262260
4999,740601	-119,572021
5000,413513	-117,384331
5001,086426	-117,304886
5001,759338	-119,481720
5002,432251	-120,227211
5003,105164	-118,459099
5003,778076	-119,102715
5004,450989	-121,015785
5005,123901	-120,580109
5005,796814	-120,776840
5006,469727	-119,352585
5007,142639	-119,828064
5007,815552	-119,415878
5008,488464	-119,969101
5009,161377	-121,280769
5009,834290	-119,893707
5010,507202	-121,378448
5011,180115	-119,946991
5011,853027	-119,410843
5012,525940	-120,738220
5013,198853	-121,256630
5013,871765	-121,305939
5014,544678	-121,522888
5015,217590	-121,133995
5015,890503	-121,078384
5016,563416	-120,991440
5017,236328	-121,073471
5017,909241	-121,277718
5018,582153	-121,044167
5019,255066	-120,973106
5019,927979	-120,554977
5020,600891	-120,885979
5021,273804	-121,413345
5021,946716	-120,661758
5022,619629	-121,236366
5023,292542	-121,370003
5023,965454	-120,781723
5024,638367	-119,552307
5025,311279	-118,999588
5025,984192	-118,384872
5026,657104	-118,724472
5027,330017	-119,747093
5028,002930	-121,318787
5028,675842	-119,598740
5029,348755	-118,294189
5030,021667	-120,763336
5030,694580	-119,612114
5031,367493	-118,258675
5032,040405	-118,293297
5032,713318	-118,720901
5033,386230	-121,543831
5034,059143	-120,356186
5034,732056	-121,486099
5035,404968	-120,685570
5036,077881	-120,357140
5036,750793	-121,338974
5037,423706	-121,882690
5038,096619	-121,107811
5038,769531	-120,492081
5039,442444	-120,182327
5040,115356	-120,209373
5040,788269	-120,436966
5041,461182	-120,156776
5042,134094	-119,163132
5042,807007	-119,636436
5043,479919	-119,768494
5044,152832	-119,959564
5044,825745	-119,779907
5045,498657	-119,933922
5046,171570	-120,782364
5046,844482	-121,042809
5047,517395	-120,927917
5048,190308	-121,881638
5048,863220	-121,670624
5049,536133	-120,411453
5050,209045	-119,410408
5050,881958	-119,889778
5051,554871	-120,918404
5052,227783	-120,298897
5052,900696	-120,151855
5053,573608	-120,712433
5054,246521	-120,846031
5054,919434	-121,437859
5055,592346	-121,202812
5056,265259	-121,498398
5056,938171	-121,671722
5057,611084	-122,089012
5058,283997	-121,246841
5058,956909	-120,539551
5059,629822	-119,948112
5060,302734	-120,284081
5060,975647	-121,467728
5061,648560	-119,187012
5062,321472	-118,715469
5062,994385	-120,034210
5063,667297	-120,047806
5064,340210	-121,481949
5065,013123	-120,753288
5065,686035	-120,169991
5066,358948	-120,683113
5067,031860	-120,623077
5067,704773	-120,841263
5068,377686	-121,055954
5069,050598	-121,305977
5069,723511	-120,660393
5070,396423	-121,841278
5071,069336	-121,288269
5071,742249	-120,311653
5072,415161	-120,926178
5073,088074	-121,129646
5073,760986	-119,286461
5074,433899	-117,421165
5075,106812	-117,123955
5075,779724	-119,116196
5076,452637	-120,475166
5077,125549	-120,903137
5077,798462	-120,160263
5078,471375	-120,892853
5079,144287	-121,113693
5079,817200	-119,976196
5080,490112	-121,331772
5081,163025	-121,675751
5081,835938	-121,892601
5082,508850	-121,340752
5083,181763	-121,109230
5083,854675	-121,054649
5084,527588	-121,251770
5085,200500	-121,183334
5085,873413	-119,228096
5086,546326	-119,099571
5087,219238	-121,200363
5087,892151	-121,192909
5088,565063	-120,981522
5089,237976	-121,684967
5089,910889	-120,297188
5090,583801	-120,030945
5091,256714	-121,056313
5091,929626	-120,947433
5092,602539	-120,675903
5093,275452	-120,723801
5093,948364	-121,667572
5094,621277	-120,414558
5095,294189	-119,929245
5095,967102	-121,058647
5096,640015	-120,912880
5097,312927	-120,996361
5097,985840	-120,901817
5098,658752	-121,835854
5099,331665	-121,543472
5100,004578	-120,561478
5100,677490	-120,634575
5101,350403	-120,649933
5102,023315	-120,676620
5102,696228	-120,120956
5103,369141	-119,721275
5104,042053	-119,909767
5104,714966	-120,227089
5105,387878	-121,237404
5106,060791	-121,411438
5106,733704	-120,621628
5107,406616	-120,998535
5108,079529	-120,352806
5108,752441	-120,401314
5109,425354	-119,720322
5110,098267	-120,022789
5110,771179	-122,142242
5111,444092	-121,722519
5112,117004	-121,544144
5112,789917	-121,339272
5113,462830	-121,683060
5114,135742	-121,690102
5114,808655	-120,783432
5115,481567	-121,312859
5116,154480	-121,196968
5116,827393	-121,435074
5117,500305	-121,481117
5118,173218	-120,433388
5118,846130	-120,220749
5119,519043	-120,319618
5120,191956	-119,322166
5120,864868	-116,712372
5121,537781	-116,532616
5122,210693	-118,697380
5122,883606	-119,257401
5123,556519	-119,318481
5124,229431	-118,734055
5124,902344	-119,272507
5125,575256	-120,818825
5126,248169	-119,435631
5126,921082	-120,482201
5127,593994	-119,591248
5128,266907	-121,061005
5128,939819	-120,592766
5129,612732	-118,260094
5130,285645	-119,668167
5130,958557	-120,318527
5131,631470	-117,698151
5132,304382	-116,045288
5132,977295	-117,762123
5133,650208	-119,237106
5134,323120	-120,082458
5134,996033	-120,376419
5135,668945	-120,996666
5136,341858	-118,172668
5137,014771	-117,962494
5137,687683	-119,085403
5138,360596	-120,527344
5139,033508	-118,745995
5139,706421	-118,749428
5140,379333	-119,114952
5141,052246	-116,795059
5141,725159	-118,756203
5142,398071	-120,655396
5143,070984	-117,543533
5143,743896	-117,291306
5144,416809	-118,725624
5145,089722	-118,755867
5145,762634	-117,348572
5146,435547	-117,829124
5147,108459	-119,913734
5147,781372	-120,889313
5148,454285	-119,088631
5149,127197	-118,782654
5149,800110	-118,245949
5150,473022	-115,238373
5151,145935	-117,333168
5151,818848	-120,531082
5152,491760	-118,658669
5153,164673	-120,529266
5153,837585	-119,778061
5154,510498	-117,360733
5155,183411	-118,405128
5155,856323	-119,196579
5156,529236	-118,499886
5157,202148	-117,999397
5157,875061	-119,418831
5158,547974	-118,828468
5159,220886	-119,032433
5159,893799	-119,860336
5160,566711	-119,436478
5161,239624	-118,898895
5161,912537	-118,592873
5162,585449	-121,246323
5163,258362	-121,405663
5163,931274	-120,607529
5164,604187	-119,865715
5165,277100	-118,780327
5165,950012	-117,411591
5166,622925	-119,638100
5167,295837	-119,768288
5167,968750	-117,610077
5168,641663	-117,626396
5169,314575	-117,801659
5169,987488	-120,580742
5170,660400	-119,921234
5171,333313	-120,830513
5172,006226	-118,920334
5172,679138	-120,652748
5173,352051	-119,163155
5174,024963	-118,038712
5174,697876	-117,989990
5175,370789	-119,806793
5176,043701	-119,654671
5176,716614	-116,664040
5177,389526	-117,124123
5178,062439	-118,156036
5178,735352	-120,006294
5179,408264	-118,130074
5180,081177	-117,866837
5180,754089	-119,908653
5181,427002	-121,160477
5182,099915	-119,664490
5182,772827	-120,998482
5183,445740	-120,175125
5184,118652	-121,063499
5184,791565	-122,514832
5185,464478	-120,255585
5186,137390	-121,296898
5186,810303	-121,921829
5187,483215	-121,359879
5188,156128	-121,248123
5188,829041	-120,735016
5189,501953	-119,211212
5190,174866	-119,421432
5190,847778	-120,093124
5191,520691	-120,508461
5192,193604	-121,935966
5192,866516	-120,223381
5193,539429	-120,867561
5194,212341	-120,827545
5194,885254	-119,952255
5195,558167	-120,520630
5196,231079	-118,768616
5196,903992	-117,870865
5197,576904	-119,775719
5198,249817	-119,557808
5198,922729	-119,948334
5199,595642	-119,185753
5200,268555	-120,200775
5200,941467	-120,688042
5201,614380	-119,109772
5202,287292	-120,932281
5202,960205	-121,717659
5203,633118	-121,804939
5204,306030	-119,854187
5204,978943	-121,151283
5205,651855	-118,419907
5206,324768	-119,279144
5206,997681	-121,850792
5207,670593	-118,343712
5208,343506	-119,521873
5209,016418	-120,288742
5209,689331	-119,929764
5210,362244	-120,268532
5211,035156	-120,902184
5211,708069	-119,740433
5212,380981	-120,261681
5213,053894	-121,190323
5213,726807	-120,527046
5214,399719	-121,989944
5215,072632	-119,526314
5215,745544	-120,485954
5216,418457	-119,856804
5217,091370	-118,477226
5217,764282	-120,650223
5218,437195	-119,802887
5219,110107	-119,497490
5219,783020	-120,853935
5220,455933	-121,327522
5221,128845	-121,039352
5221,801758	-121,133842
5222,474670	-120,784309
5223,147583	-121,439720
5223,820496	-120,467369
5224,493408	-118,755516
5225,166321	-120,008995
5225,839233	-120,728554
5226,512146	-119,586220
5227,185059	-120,135338
5227,857971	-120,107040
5228,530884	-121,371384
5229,203796	-121,745773
5229,876709	-120,966408
5230,549622	-122,140572
5231,222534	-122,226685
5231,895447	-120,637794
5232,568359	-120,143440
5233,241272	-120,915245
5233,914185	-120,173843
5234,587097	-120,019470
5235,260010	-120,065430
5235,932922	-121,450829
5236,605835	-120,923592
5237,278748	-120,682167
5237,951660	-119,650894
5238,624573	-117,946014
5239,297485	-118,230225
5239,970398	-119,682411
5240,643311	-120,048286
5241,316223	-119,794380
5241,989136	-119,185936
5242,662048	-119,252205
5243,334961	-118,846718
5244,007874	-120,362633
5244,680786	-121,507027
5245,353699	-121,092514
5246,026611	-121,195473
5246,699524	-121,124382
5247,372437	-120,482735
5248,045349	-121,919403
5248,718262	-120,565689
5249,391174	-120,867165
5250,064087	-121,164291
5250,737000	-121,003227
5251,409912	-121,528107
5252,082825	-118,390251
5252,755737	-119,078064
5253,428650	-121,052551
5254,101562	-120,767967
5254,774475	-120,784981
5255,447388	-120,911469
5256,120300	-120,730156
5256,793213	-120,339050
5257,466125	-121,424454
5258,139038	-120,848167
5258,811951	-120,254120
5259,484863	-119,912270
5260,157776	-119,117599
5260,830688	-119,888481
5261,503601	-121,188225
5262,176514	-120,680046
5262,849426	-119,741447
5263,522339	-117,857559
5264,195251	-119,721306
5264,868164	-117,059387
5265,541077	-115,398598
5266,213989	-117,484566
5266,886902	-118,897545
5267,559814	-119,933205
5268,232727	-119,126228
5268,905640	-120,340134
5269,578552	-121,498512
5270,251465	-120,506126
5270,924377	-119,903564
5271,597290	-120,349144
5272,270203	-121,737877
5272,943115	-120,986664
5273,616028	-120,613770
5274,288940	-121,074722
5274,961853	-121,556458
5275,634766	-120,301559
5276,307678	-118,269501
5276,980591	-118,736839
5277,653503	-120,813988
5278,326416	-120,495766
5278,999329	-120,463692
5279,672241	-121,513603
5280,345154	-119,946426
5281,018066	-119,057549
5281,690979	-120,120293
5282,363892	-120,225655
5283,036804	-119,757088
5283,709717	-120,561707
5284,382629	-121,025543
5285,055542	-121,136871
5285,728455	-120,600204
5286,401367	-120,871742
5287,074280	-121,472794
5287,747192	-119,407799
5288,420105	-118,949753
5289,093018	-120,531418
5289,765930	-120,925957
5290,438843	-119,145493
5291,111755	-120,074280
5291,784668	-120,528732
5292,457581	-120,505074
5293,130493	-121,435486
5293,803406	-119,532967
5294,476318	-119,146736
5295,149231	-119,663048
5295,822144	-120,457077
5296,495056	-121,047607
5297,167969	-120,839188
5297,840881	-118,735298
5298,513794	-116,919418
5299,186707	-119,142395
5299,859619	-119,342598
5300,532532	-118,404915
5301,205444	-119,495560
5301,878357	-120,849632
5302,551270	-120,443039
5303,224182	-120,233368
5303,897095	-119,775238
5304,570007	-121,611908
5305,242920	-119,667778
5305,915833	-121,509857
5306,588745	-121,211777
5307,261658	-118,963966
5307,934570	-119,637703
5308,607483	-121,043503
5309,280396	-119,740845
5309,953308	-119,393150
5310,626221	-120,863640
5311,299133	-120,490273
5311,972046	-120,885208
5312,644958	-120,799675
5313,317871	-121,060776
5313,990784	-119,219704
5314,663696	-119,772285
5315,336609	-121,199738
5316,009521	-118,461617
5316,682434	-119,085197
5317,355347	-121,838585
5318,028259	-120,221893
5318,701172	-119,234909
5319,374084	-121,477501
5320,046997	-120,527252
5320,719910	-119,756859
5321,392822	-118,127296
5322,065735	-119,290939
5322,738647	-121,772446
5323,411560	-120,096260
5324,084473	-119,915916
5324,757385	-120,336601
5325,430298	-117,756767
5326,103210	-118,269241
5326,776123	-121,044395
5327,449036	-120,688126
5328,121948	-119,373329
5328,794861	-119,744598
5329,467773	-117,337227
5330,140686	-117,147522
5330,813599	-118,528824
5331,486511	-119,465309
5332,159424	-119,739853
5332,832336	-117,154335
5333,505249	-118,512459
5334,178162	-120,225136
5334,851074	-118,589828
5335,523987	-118,644455
5336,196899	-122,140724
5336,869812	-120,723000
5337,542725	-120,206200
5338,215637	-119,510490
5338,888550	-118,699051
5339,561462	-120,551743
5340,234375	-120,024055
5340,907288	-118,618980
5341,580200	-119,297302
5342,253113	-119,980064
5342,926025	-121,103409
5343,598938	-118,720764
5344,271851	-117,642403
5344,944763	-119,793358
5345,617676	-120,929665
5346,290588	-120,550262
5346,963501	-120,482040
5347,636414	-120,489754
5348,309326	-120,274338
5348,982239	-120,197441
5349,655151	-120,223984
5350,328064	-119,759171
5351,000977	-119,395142
5351,673889	-119,972382
5352,346802	-120,941200
5353,019714	-120,999878
5353,692627	-119,358879
5354,365540	-119,751335
5355,038452	-120,389862
5355,711365	-122,152809
5356,384277	-121,343773
5357,057190	-121,439491
5357,730103	-121,431976
5358,403015	-120,751152
5359,075928	-120,844566
5359,748840	-120,559700
5360,421753	-121,443703
5361,094666	-120,506546
5361,767578	-119,192612
5362,440491	-120,665787
5363,113403	-119,838043
5363,786316	-118,789421
5364,459229	-119,388763
5365,132141	-120,980553
5365,805054	-121,065926
5366,477966	-120,974617
5367,150879	-121,652962
5367,823792	-121,368881
5368,496704	-120,183708
5369,169617	-120,163795
5369,842529	-120,936699
5370,515442	-121,370171
5371,188354	-120,480957
5371,861267	-120,866913
5372,534180	-119,764198
5373,207092	-120,038300
5373,880005	-119,006088
5374,552917	-119,855637
5375,225830	-120,803917
5375,898743	-118,842628
5376,571655	-118,254616
5377,244568	-116,917007
5377,917480	-119,356979
5378,590393	-120,129463
5379,263306	-117,325706
5379,936218	-117,214447
5380,609131	-118,120605
5381,282043	-117,447044
5381,954956	-117,854507
5382,627869	-120,316772
5383,300781	-120,056053
5383,973694	-119,948418
5384,646606	-120,636108
5385,319519	-121,336433
5385,992432	-121,386932
5386,665344	-119,984833
5387,338257	-120,371002
5388,011169	-120,241585
5388,684082	-118,973366
5389,356995	-120,118843
5390,029907	-121,218399
5390,702820	-120,019913
5391,375732	-120,121040
5392,048645	-119,861519
5392,721558	-119,649101
5393,394470	-119,207787
5394,067383	-118,357216
5394,740295	-118,677666
5395,413208	-121,160553
5396,086121	-120,649658
5396,759033	-119,395226
5397,431946	-120,380676
5398,104858	-119,721504
5398,777771	-117,365646
5399,450684	-117,534058
5400,123596	-117,594879
5400,796509	-118,977737
5401,469421	-118,146545
5402,142334	-118,852089
5402,815247	-121,469612
5403,488159	-120,972374
5404,161072	-120,867775
5404,833984	-121,079414
5405,506897	-119,302414
5406,179810	-119,073189
5406,852722	-119,526505
5407,525635	-119,727409
5408,198547	-121,262741
5408,871460	-121,092766
5409,544373	-120,117516
5410,217285	-119,489151
5410,890198	-120,370850
5411,563110	-120,520721
5412,236023	-120,488022
5412,908936	-120,573914
5413,581848	-119,872047
5414,254761	-118,900444
5414,927673	-118,631256
5415,600586	-119,592491
5416,273499	-119,302650
5416,946411	-117,691628
5417,619324	-118,684448
5418,292236	-120,549843
5418,965149	-120,593979
5419,638062	-120,939056
5420,310974	-120,594490
5420,983887	-118,502403
5421,656799	-120,397743
5422,329712	-121,691475
5423,002625	-120,464905
5423,675537	-120,535919
5424,348450	-120,279701
5425,021362	-119,194756
5425,694275	-119,771004
5426,367188	-120,669853
5427,040100	-121,047234
5427,713013	-119,076134
5428,385925	-118,254395
5429,058838	-120,402779
5429,731750	-121,022652
5430,404663	-120,862595
5431,077576	-119,930328
5431,750488	-119,440132
5432,423401	-120,352264
5433,096313	-121,833405
5433,769226	-119,609169
5434,442139	-119,267685
5435,115051	-120,770386
5435,787964	-120,184875
5436,460876	-119,819283
5437,133789	-120,165100
5437,806702	-120,703369
5438,479614	-120,736092
5439,152527	-120,973717
5439,825439	-121,607704
5440,498352	-120,592804
5441,171265	-119,872055
5441,844177	-120,686859
5442,517090	-120,952980
5443,190002	-121,053200
5443,862915	-120,031937
5444,535828	-120,582863
5445,208740	-121,676590
5445,881653	-121,526947
5446,554565	-119,370689
5447,227478	-120,289230
5447,900391	-121,008522
5448,573303	-121,085144
5449,246216	-120,581802
5449,919128	-121,040337
5450,592041	-120,147514
5451,264954	-118,308876
5451,937866	-117,161354
5452,610779	-118,525597
5453,283691	-120,765663
5453,956604	-119,950714
5454,629517	-120,121643
5455,302429	-120,951355
5455,975342	-120,464630
5456,648254	-119,536095
5457,321167	-120,097656
5457,994080	-120,454994
5458,666992	-120,045731
5459,339905	-119,821266
5460,012817	-120,968430
5460,685730	-121,791595
5461,358643	-121,236481
5462,031555	-121,660957
5462,704468	-121,624535
5463,377380	-120,462234
5464,050293	-120,184189
5464,723206	-120,984512
5465,396118	-120,735786
5466,069031	-121,481415
5466,741943	-120,912369
5467,414856	-120,565651
5468,087769	-120,223946
5468,760681	-120,893051
5469,433594	-121,410629
5470,106506	-121,176346
5470,779419	-121,496933
5471,452332	-121,505989
5472,125244	-121,426376
5472,798157	-121,803024
5473,471069	-122,158745
5474,143982	-121,101509
5474,816895	-120,871162
5475,489807	-121,152344
5476,162720	-120,969131
5476,835632	-121,533554
5477,508545	-121,871559
5478,181458	-121,880058
5478,854370	-121,307213
5479,527283	-121,245789
5480,200195	-121,559204
5480,873108	-121,555130
5481,546021	-120,162636
5482,218933	-119,291550
5482,891846	-120,058807
5483,564758	-121,334885
5484,237671	-120,890167
5484,910583	-119,543198
5485,583496	-120,574951
5486,256409	-120,588448
5486,929321	-118,448174
5487,602234	-118,387413
5488,275146	-119,705589
5488,948059	-122,052269
5489,620972	-121,785217
5490,293884	-121,160385
5490,966797	-121,823540
5491,639709	-122,122169
5492,312622	-121,432198
5492,985535	-120,244797
5493,658447	-120,092278
5494,331360	-120,183426
5495,004272	-120,990578
5495,677185	-121,166496
5496,350098	-120,392319
5497,023010	-120,359879
5497,695923	-120,208687
5498,368835	-119,532005
5499,041748	-119,761978
5499,714661	-119,936951
5500,387573	-119,573288
5501,060486	-118,692215
5501,733398	-119,478195
5502,406311	-120,293709
5503,079224	-119,598030
5503,752136	-119,111031
5504,425049	-120,038902
5505,097961	-121,151154
5505,770874	-120,676506
5506,443787	-120,400391
5507,116699	-120,228279
5507,789612	-120,671753
5508,462524	-121,468437
5509,135437	-119,992271
5509,808350	-119,534988
5510,481262	-119,045593
5511,154175	-120,241997
5511,827087	-122,481888
5512,500000	-119,540054
5513,172913	-118,762321
5513,845825	-119,460358
5514,518738	-120,579407
5515,191650	-121,053970
5515,864563	-120,494766
5516,537476	-119,871582
5517,210388	-121,533646
5517,883301	-120,153984
5518,556213	-119,777679
5519,229126	-119,999886
5519,902039	-120,265991
5520,574951	-120,089584
5521,247864	-118,531448
5521,920776	-119,482185
5522,593689	-121,304642
5523,266602	-120,007195
5523,939514	-120,183136
5524,612427	-121,214111
5525,285339	-121,776939
5525,958252	-121,807442
5526,631165	-120,982201
5527,304077	-119,648155
5527,976990	-119,140953
5528,649902	-119,382904
5529,322815	-120,613297
5529,995728	-120,936935
5530,668640	-121,188599
5531,341553	-121,166245
5532,014465	-120,371017
5532,687378	-120,130241
5533,360291	-120,352852
5534,033203	-120,429726
5534,706116	-119,491898
5535,379028	-120,076904
5536,051941	-120,242340
5536,724854	-121,270264
5537,397766	-121,891342
5538,070679	-121,375465
5538,743591	-120,492218
5539,416504	-121,427025
5540,089417	-120,306557
5540,762329	-119,425484
5541,435242	-122,318268
5542,108154	-119,036934
5542,781067	-117,970406
5543,453979	-118,511978
5544,126892	-119,621758
5544,799805	-119,031898
5545,472717	-119,181473
5546,145630	-120,203529
5546,818542	-119,178185
5547,491455	-117,846649
5548,164368	-119,341125
5548,837280	-120,845787
5549,510193	-118,635635
5550,183105	-118,643845
5550,856018	-119,297539
5551,528931	-117,995171
5552,201843	-117,961777
5552,874756	-120,048462
5553,547668	-119,497711
5554,220581	-119,660706
5554,893494	-119,565437
5555,566406	-121,701668
5556,239319	-120,659439
5556,912231	-120,923271
5557,585144	-120,826141
5558,258057	-118,503426
5558,930969	-119,286957
5559,603882	-120,894745
5560,276794	-118,102318
5560,949707	-117,879868
5561,622620	-120,608658
5562,295532	-120,335014
5562,968445	-120,176430
5563,641357	-120,647011
5564,314270	-120,003578
5564,987183	-118,879860
5565,660095	-120,127617
5566,333008	-121,258873
5567,005920	-121,821251
5567,678833	-121,059425
5568,351746	-120,018967
5569,024658	-120,081116
5569,697571	-120,549751
5570,370483	-120,433022
5571,043396	-118,868088
5571,716309	-119,293266
5572,389221	-120,005150
5573,062134	-120,105232
5573,735046	-118,904045
5574,407959	-120,039345
5575,080872	-120,251686
5575,753784	-119,472107
5576,426697	-119,654503
5577,099609	-120,272881
5577,772522	-120,510094
5578,445435	-119,822647
5579,118347	-120,057854
5579,791260	-121,359505
5580,464172	-121,607185
5581,137085	-120,920815
5581,809998	-120,558708
5582,482910	-121,253395
5583,155823	-120,549232
5583,828735	-120,920776
5584,501648	-121,169456
5585,174561	-120,729111
5585,847473	-120,750160
5586,520386	-120,807159
5587,193298	-120,500000
5587,866211	-120,333107
5588,539124	-120,664757
5589,212036	-120,726608
5589,884949	-120,788155
5590,557861	-118,665459
5591,230774	-117,443085
5591,903687	-119,390068
5592,576599	-119,765358
5593,249512	-119,531036
5593,922424	-119,253807
5594,595337	-120,712593
5595,268250	-121,584595
5595,941162	-120,377579
5596,614075	-119,660744
5597,286987	-119,707085
5597,959900	-119,893005
5598,632812	-119,977684
5599,305725	-121,309944
5599,978638	-120,452232
5600,651550	-120,868675
5601,324463	-120,569351
5601,997375	-120,835373
5602,670288	-121,845993
5603,343201	-120,949173
5604,016113	-120,373924
5604,689026	-120,354118
5605,361938	-121,571510
5606,034851	-122,514656
5606,707764	-121,335716
5607,380676	-119,878571
5608,053589	-119,904648
5608,726501	-120,819229
5609,399414	-121,833496
5610,072327	-121,273560
5610,745239	-121,884254
5611,418152	-121,312881
5612,091064	-120,507835
5612,763977	-120,501038
5613,436890	-119,152275
5614,109802	-118,977379
5614,782715	-118,823456
5615,455627	-119,785149
5616,128540	-120,025208
5616,801453	-119,555397
5617,474365	-120,393433
5618,147278	-121,062737
5618,820190	-120,115013
5619,493103	-121,219284
5620,166016	-120,292175
5620,838928	-120,441551
5621,511841	-121,041702
5622,184753	-120,282127
5622,857666	-120,805130
5623,530579	-121,117798
5624,203491	-120,809303
5624,876404	-119,815086
5625,549316	-119,287834
5626,222229	-120,424889
5626,895142	-121,820976
5627,568054	-120,848892
5628,240967	-121,281319
5628,913879	-120,580276
5629,586792	-121,125557
5630,259705	-121,576004
5630,932617	-119,868637
5631,605530	-118,245644
5632,278442	-118,525230
5632,951355	-119,652443
5633,624268	-119,263885
5634,297180	-119,038765
5634,970093	-118,541252
5635,643005	-119,351707
5636,315918	-120,303253
5636,988831	-120,754761
5637,661743	-119,924217
5638,334656	-118,964783
5639,007568	-119,682991
5639,680481	-120,981987
5640,353394	-118,579010
5641,026306	-118,454033
5641,699219	-120,303719
5642,372131	-120,475677
5643,045044	-120,787643
5643,717957	-121,097511
5644,390869	-121,252869
5645,063782	-121,200340
5645,736694	-120,381645
5646,409607	-120,950180
5647,082520	-121,427605
5647,755432	-119,668816
5648,428345	-120,544861
5649,101257	-120,553391
5649,774170	-119,094543
5650,447083	-120,822243
5651,119995	-121,300400
5651,792908	-120,837219
5652,465820	-120,590103
5653,138733	-121,073425
5653,811646	-121,504471
5654,484558	-120,025909
5655,157471	-119,357559
5655,830383	-120,776184
5656,503296	-121,026711
5657,176208	-120,065117
5657,849121	-120,151695
5658,522034	-121,363434
5659,194946	-121,799919
5659,867859	-122,402748
5660,540771	-121,454872
5661,213684	-120,416283
5661,886597	-120,181335
5662,559509	-121,264427
5663,232422	-122,506950
5663,905334	-122,026268
5664,578247	-120,965256
5665,251160	-121,136505
5665,924072	-120,691597
5666,596985	-120,975525
5667,269897	-120,096825
5667,942810	-119,661469
5668,615723	-120,259392
5669,288635	-120,813774
5669,961548	-121,436653
5670,634460	-121,407799
5671,307373	-121,404373
5671,980286	-121,601730
5672,653198	-121,749046
5673,326111	-121,624626
5673,999023	-121,029457
5674,671936	-121,450981
5675,344849	-121,530998
5676,017761	-121,180901
5676,690674	-120,627838
5677,363586	-120,053673
5678,036499	-120,911758
5678,709412	-120,809914
5679,382324	-121,241173
5680,055237	-121,646034
5680,728149	-121,538635
5681,401062	-120,813622
5682,073975	-120,210060
5682,746887	-119,213043
5683,419800	-120,316391
5684,092712	-121,556412
5684,765625	-120,876854
5685,438538	-120,448845
5686,111450	-121,213577
5686,784363	-121,036491
5687,457275	-122,144363
5688,130188	-121,008873
5688,803101	-121,414680
5689,476013	-121,339851
5690,148926	-119,397682
5690,821838	-120,655029
5691,494751	-120,912994
5692,167664	-120,791451
5692,840576	-121,856865
5693,513489	-121,530449
5694,186401	-121,641075
5694,859314	-121,007736
5695,532227	-119,686310
5696,205139	-119,272629
5696,878052	-120,822990
5697,550964	-122,165092
5698,223877	-121,607323
5698,896790	-120,877449
5699,569702	-120,838837
5700,242615	-121,819839
5700,915527	-121,578133
5701,588440	-121,806824
5702,261353	-121,267410
5702,934265	-120,402664
5703,607178	-120,804192
5704,280090	-121,169846
5704,953003	-121,522270
5705,625916	-120,600273
5706,298828	-119,104042
5706,971741	-118,281708
5707,644653	-118,973106
5708,317566	-119,860306
5708,990479	-120,627930
5709,663391	-121,318390
5710,336304	-121,263779
5711,009216	-121,868431
5711,682129	-121,044136
5712,355042	-119,553589
5713,027954	-118,065117
5713,700867	-119,388374
5714,373779	-121,939514
5715,046692	-120,580734
5715,719604	-120,437035
5716,392517	-121,092674
5717,065430	-121,725128
5717,738342	-120,431694
5718,411255	-119,088806
5719,084167	-119,374702
5719,757080	-119,934349
5720,429993	-120,221092
5721,102905	-119,914459
5721,775818	-119,715202
5722,448730	-119,660515
5723,121643	-120,705307
5723,794556	-121,837242
5724,467468	-121,601341
5725,140381	-120,889587
5725,813293	-121,535866
5726,486206	-121,224976
5727,159119	-121,227852
5727,832031	-121,743057
5728,504944	-121,939339
5729,177856	-121,639320
5729,850769	-121,634308
5730,523682	-121,031570
5731,196594	-120,022095
5731,869507	-120,385056
5732,542419	-121,278824
5733,215332	-121,708496
5733,888245	-121,183617
5734,561157	-119,413162
5735,234070	-120,087357
5735,906982	-121,490639
5736,579895	-121,722298
5737,252808	-120,841576
5737,925720	-120,898811
5738,598633	-120,633568
5739,271545	-120,508873
5739,944458	-120,680077
5740,617371	-120,743454
5741,290283	-120,303459
5741,963196	-119,774513
5742,636108	-120,807152
5743,309021	-121,218475
5743,981934	-119,856026
5744,654846	-118,757439
5745,327759	-119,937469
5746,000671	-120,828445
5746,673584	-120,689064
5747,346497	-120,844772
5748,019409	-121,409599
5748,692322	-120,525970
5749,365234	-119,857094
5750,038147	-121,163536
5750,711060	-121,481735
5751,383972	-121,318459
5752,056885	-120,129143
5752,729797	-119,700325
5753,402710	-120,081795
5754,075623	-119,383667
5754,748535	-119,006348
5755,421448	-118,382629
5756,094360	-120,025955
5756,767273	-120,339188
5757,440186	-121,037941
5758,113098	-120,832672
5758,786011	-120,680748
5759,458923	-120,315819
5760,131836	-120,291908
5760,804749	-120,906906
5761,477661	-121,260750
5762,150574	-121,096306
5762,823486	-120,208290
5763,496399	-120,943230
5764,169312	-120,896103
5764,842224	-121,089455
5765,515137	-120,529961
5766,188049	-119,992004
5766,860962	-120,663002
5767,533875	-121,658539
5768,206787	-121,317543
5768,879700	-121,081573
5769,552612	-121,365013
5770,225525	-121,577934
5770,898438	-120,687187
5771,571350	-120,264206
5772,244263	-120,524849
5772,917175	-120,853500
5773,590088	-120,200081
5774,263000	-118,326195
5774,935913	-120,182472
5775,608826	-120,840431
5776,281738	-118,946381
5776,954651	-119,194229
5777,627563	-120,375069
5778,300476	-120,966240
5778,973389	-118,304016
5779,646301	-119,126877
5780,319214	-121,159569
5780,992126	-120,150139
5781,665039	-119,832848
5782,337952	-121,207779
5783,010864	-121,158646
5783,683777	-120,431053
5784,356689	-120,597916
5785,029602	-120,138115
5785,702515	-120,584709
5786,375427	-121,193451
5787,048340	-121,974167
5787,721252	-121,403778
5788,394165	-120,001869
5789,067078	-121,238136
5789,739990	-121,609550
5790,412903	-119,925041
5791,085815	-120,844658
5791,758728	-121,170036
5792,431641	-119,483231
5793,104553	-120,588844
5793,777466	-121,296730
5794,450378	-120,873627
5795,123291	-120,463005
5795,796204	-120,307434
5796,469116	-120,469444
5797,142029	-121,714272
5797,814941	-121,076500
5798,487854	-120,829872
5799,160767	-121,857811
5799,833679	-121,696159
5800,506592	-121,477425
5801,179504	-121,273796
5801,852417	-121,352066
5802,525330	-121,503548
5803,198242	-120,781403
5803,871155	-119,624565
5804,544067	-119,022331
5805,216980	-118,096313
5805,889893	-118,441734
5806,562805	-120,133301
5807,235718	-121,302048
5807,908630	-120,537155
5808,581543	-120,107979
5809,254456	-120,822556
5809,927368	-120,303558
5810,600281	-119,014015
5811,273193	-119,662613
5811,946106	-121,119316
5812,619019	-121,614754
5813,291931	-121,257202
5813,964844	-120,652115
5814,637756	-119,473732
5815,310669	-118,108307
5815,983582	-118,510948
5816,656494	-121,480667
5817,329407	-120,727386
5818,002319	-119,920670
5818,675232	-120,084877
5819,348145	-119,787170
5820,021057	-120,208359
5820,693970	-120,731300
5821,366882	-120,962234
5822,039795	-120,676300
5822,712708	-120,843399
5823,385620	-119,961945
5824,058533	-121,167679
5824,731445	-120,957336
5825,404358	-119,744789
5826,077271	-119,752586
5826,750183	-120,244072
5827,423096	-120,720001
5828,096008	-120,050652
5828,768921	-120,183105
5829,441833	-121,355240
5830,114746	-121,570183
5830,787659	-120,740829
5831,460571	-119,980232
5832,133484	-120,900520
5832,806396	-120,087227
5833,479309	-119,823448
5834,152222	-119,982880
5834,825134	-120,406525
5835,498047	-121,140549
5836,170959	-120,873489
5836,843872	-120,073563
5837,516785	-121,082260
5838,189697	-120,770699
5838,862610	-119,431473
5839,535522	-120,264130
5840,208435	-121,458611
5840,881348	-121,758095
5841,554260	-120,000450
5842,227173	-120,991386
5842,900085	-120,490898
5843,572998	-119,407585
5844,245911	-119,042488
5844,918823	-118,936005
5845,591736	-118,696236
5846,264648	-119,587387
5846,937561	-119,961342
5847,610474	-118,154686
5848,283386	-116,966339
5848,956299	-116,095573
5849,629211	-119,401054
5850,302124	-120,406357
5850,975037	-119,384613
5851,647949	-119,221222
5852,320862	-119,947144
5852,993774	-120,686302
5853,666687	-120,949570
5854,339600	-121,120560
5855,012512	-119,687035
5855,685425	-120,212219
5856,358337	-120,115829
5857,031250	-118,907310
5857,704163	-117,363281
5858,377075	-118,183273
5859,049988	-121,904335
5859,722900	-119,401604
5860,395813	-119,334396
5861,068726	-120,945587
5861,741638	-119,688255
5862,414551	-119,940338
5863,087463	-119,438751
5863,760376	-120,855461
5864,433289	-119,578270
5865,106201	-119,131439
5865,779114	-120,722031
5866,452026	-121,440269
5867,124939	-121,082298
5867,797852	-121,362915
5868,470764	-120,698250
5869,143677	-120,560112
5869,816589	-120,359856
5870,489502	-121,290405
5871,162415	-120,301071
5871,835327	-118,782005
5872,508240	-117,883385
5873,181152	-118,684074
5873,854065	-119,264053
5874,526978	-119,048195
5875,199890	-118,293365
5875,872803	-117,691841
5876,545715	-119,024734
5877,218628	-121,041260
5877,891541	-121,754738
5878,564453	-120,568962
5879,237366	-119,603081
5879,910278	-120,213097
5880,583191	-120,680321
5881,256104	-121,009109
5881,929016	-119,845901
5882,601929	-120,987587
5883,274841	-119,259178
5883,947754	-118,395706
5884,620667	-119,088867
5885,293579	-119,183617
5885,966492	-120,496124
5886,639404	-120,424728
5887,312317	-121,116211
5887,985229	-121,331909
5888,658142	-120,840019
5889,331055	-120,868652
5890,003967	-122,172607
5890,676880	-121,010948
5891,349792	-119,261543
5892,022705	-120,492523
5892,695618	-120,914879
5893,368530	-120,502251
5894,041443	-121,391273
5894,714355	-119,892418
5895,387268	-119,582458
5896,060181	-118,409286
5896,733093	-119,279541
5897,406006	-121,799026
5898,078918	-119,796104
5898,751831	-120,974480
5899,424744	-122,625710
5900,097656	-120,884644
5900,770569	-121,356606
5901,443481	-120,658981
5902,116394	-119,655365
5902,789307	-119,363434
5903,462219	-120,951210
5904,135132	-121,803963
5904,808044	-120,228340
5905,480957	-120,592880
5906,153870	-121,316246
5906,826782	-120,723862
5907,499695	-119,972710
5908,172607	-121,236664
5908,845520	-119,924667
5909,518433	-119,578178
5910,191345	-121,721146
5910,864258	-120,443893
5911,537170	-119,158585
5912,210083	-120,847725
5912,882996	-120,923676
5913,555908	-120,462067
5914,228821	-120,970856
5914,901733	-120,069092
5915,574646	-118,800049
5916,247559	-119,867348
5916,920471	-120,504829
5917,593384	-118,444382
5918,266296	-117,486626
5918,939209	-118,417625
5919,612122	-120,170303
5920,285034	-120,097763
5920,957947	-120,181480
5921,630859	-121,487358
5922,303772	-120,758934
5922,976685	-120,664619
5923,649597	-121,802254
5924,322510	-120,770073
5924,995422	-119,583374
5925,668335	-120,196701
5926,341248	-120,699013
5927,014160	-119,870300
5927,687073	-118,647743
5928,359985	-119,741463
5929,032898	-120,836075
5929,705811	-121,781586
5930,378723	-120,154266
5931,051636	-120,062286
5931,724548	-119,558830
5932,397461	-120,921661
5933,070374	-119,976509
5933,743286	-117,863503
5934,416199	-117,547249
5935,089111	-117,525505
5935,762024	-120,957832
5936,434937	-118,043343
5937,107849	-119,615074
5937,780762	-120,908356
5938,453674	-120,673157
5939,126587	-118,844902
5939,799500	-119,074448
5940,472412	-121,411705
5941,145325	-120,375572
5941,818237	-120,435150
5942,491150	-119,669762
5943,164062	-120,132240
5943,836975	-120,805923
5944,509888	-120,613533
5945,182800	-120,982620
5945,855713	-120,513565
5946,528625	-119,005211
5947,201538	-119,289345
5947,874451	-120,905144
5948,547363	-120,060394
5949,220276	-119,231865
5949,893188	-120,167114
5950,566101	-121,026924
5951,239014	-120,517723
5951,911926	-118,871895
5952,584839	-119,832825
5953,257751	-120,893799
5953,930664	-119,785774
5954,603577	-119,709358
5955,276489	-119,357376
5955,949402	-118,785683
5956,622314	-120,026703
5957,295227	-119,940056
5957,968140	-119,275787
5958,641052	-119,515938
5959,313965	-120,586945
5959,986877	-119,059059
5960,659790	-119,110046
5961,332703	-119,324005
5962,005615	-121,663864
5962,678528	-121,210121
5963,351440	-120,744545
5964,024353	-121,577492
5964,697266	-119,647850
5965,370178	-120,413567
5966,043091	-121,155853
5966,716003	-119,922325
5967,388916	-118,577492
5968,061829	-120,225281
5968,734741	-121,328842
5969,407654	-121,770905
5970,080566	-121,559967
5970,753479	-119,656670
5971,426392	-118,707214
5972,099304	-119,055481
5972,772217	-120,607101
5973,445129	-121,280533
5974,118042	-118,765129
5974,790955	-118,412773
5975,463867	-118,963326
5976,136780	-119,989464
5976,809692	-120,481392
5977,482605	-120,713730
5978,155518	-120,513359
5978,828430	-121,001869
5979,501343	-121,340233
5980,174255	-121,543945
5980,847168	-120,952644
5981,520081	-121,352295
5982,192993	-121,175819
5982,865906	-119,451004
5983,538818	-119,601097
5984,211731	-119,559563
5984,884644	-119,925560
5985,557556	-119,482140
5986,230469	-119,108292
5986,903381	-119,663368
5987,576294	-120,700912
5988,249207	-121,363350
5988,922119	-121,079498
5989,595032	-120,730621
5990,267944	-120,619278
5990,940857	-120,165306
5991,613770	-120,498619
5992,286682	-121,663422
5992,959595	-121,897423
5993,632507	-121,531029
5994,305420	-121,721886
5994,978333	-122,141350
5995,651245	-120,545326
5996,324158	-118,736954
5996,997070	-119,457970
5997,669983	-120,870819
5998,342896	-120,500595
5999,015808	-119,739929
5999,688721	-121,324135
6000,361633	-120,418747
6001,034546	-118,664001
6001,707458	-119,196335
6002,380371	-121,488838
6003,053284	-121,324837
6003,726196	-120,883698
6004,399109	-120,917130
6005,072021	-121,822098
6005,744934	-119,573036
6006,417847	-119,389626
6007,090759	-121,920410
6007,763672	-119,562080
6008,436584	-119,646095
6009,109497	-121,132797
6009,782410	-121,425835
6010,455322	-120,515022
6011,128235	-120,378662
6011,801147	-119,811943
6012,474060	-119,568481
6013,146973	-118,745995
6013,819885	-119,430443
6014,492798	-121,505241
6015,165710	-120,566963
6015,838623	-120,167618
6016,511536	-120,706474
6017,184448	-120,792732
6017,857361	-121,238091
6018,530273	-120,818802
6019,203186	-120,466957
6019,876099	-120,472107
6020,549011	-118,934044
6021,221924	-118,011032
6021,894836	-119,889992
6022,567749	-122,128677
6023,240662	-121,563828
6023,913574	-119,791618
6024,586487	-117,961395
6025,259399	-116,867378
6025,932312	-117,750587
6026,605225	-119,171127
6027,278137	-118,968674
6027,951050	-119,232651
6028,623962	-120,578629
6029,296875	-120,914909
6029,969788	-121,794724
6030,642700	-121,407860
6031,315613	-120,236755
6031,988525	-119,300072
6032,661438	-119,235382
6033,334351	-119,907845
6034,007263	-121,125153
6034,680176	-122,023300
6035,353088	-121,000603
6036,026001	-120,664093
6036,698914	-121,610191
6037,371826	-122,384674
6038,044739	-121,033684
6038,717651	-120,272934
6039,390564	-120,931473
6040,063477	-121,967491
6040,736389	-122,169434
6041,409302	-121,002373
6042,082214	-120,598404
6042,755127	-120,797874
6043,428040	-121,149376
6044,100952	-121,429512
6044,773865	-121,149124
6045,446777	-120,018616
6046,119690	-120,010826
6046,792603	-120,844925
6047,465515	-121,162949
6048,138428	-122,343849
6048,811340	-121,869560
6049,484253	-120,937523
6050,157166	-121,256310
6050,830078	-121,656349
6051,502991	-121,422401
6052,175903	-121,657463
6052,848816	-121,844482
6053,521729	-120,600594
6054,194641	-119,520988
6054,867554	-120,513435
6055,540466	-121,058907
6056,213379	-121,051857
6056,886292	-120,276688
6057,559204	-120,519485
6058,232117	-121,684456
6058,905029	-121,298027
6059,577942	-120,880142
6060,250854	-121,007622
6060,923767	-122,021515
6061,596680	-121,144028
6062,269592	-121,340485
6062,942505	-121,112862
6063,615417	-121,570732
6064,288330	-121,226006
6064,961243	-120,349564
6065,634155	-120,796181
6066,307068	-120,737175
6066,979980	-120,998077
6067,652893	-121,161629
6068,325806	-120,162781
6068,998718	-121,111603
6069,671631	-122,109558
6070,344543	-120,928307
6071,017456	-119,465279
6071,690369	-118,759911
6072,363281	-118,297188
6073,036194	-117,809334
6073,709106	-117,842506
6074,382019	-118,930969
6075,054932	-119,789085
6075,727844	-119,902367
6076,400757	-121,013802
6077,073669	-122,386490
6077,746582	-121,388054
6078,419495	-121,134888
6079,092407	-121,181602
6079,765320	-121,251656
6080,438232	-121,433800
6081,111145	-121,193214
6081,784058	-120,698502
6082,456970	-121,379402
6083,129883	-121,126907
6083,802795	-120,042938
6084,475708	-120,800758
6085,148621	-121,307724
6085,821533	-121,211563
6086,494446	-120,367638
6087,167358	-120,701065
6087,840271	-122,094688
6088,513184	-122,249313
6089,186096	-121,443291
6089,859009	-121,181854
6090,531921	-120,049759
6091,204834	-119,187630
6091,877747	-120,604240
6092,550659	-119,414421
6093,223572	-120,060165
6093,896484	-118,834991
6094,569397	-120,095917
6095,242310	-120,904991
6095,915222	-119,163605
6096,588135	-120,277191
6097,261047	-120,832458
6097,933960	-118,967239
6098,606873	-117,966484
6099,279785	-119,370064
6099,952698	-120,240341
6100,625610	-120,256088
6101,298523	-117,451004
6101,971436	-118,664291
6102,644348	-121,418114
6103,317261	-120,677139
6103,990173	-121,489525
6104,663086	-122,021255
6105,335999	-121,499542
6106,008911	-121,793289
6106,681824	-121,748741
6107,354736	-121,323349
6108,027649	-121,843758
6108,700562	-120,531708
6109,373474	-119,654320
6110,046387	-119,613853
6110,719299	-119,657341
6111,392212	-120,286301
6112,065125	-120,381409
6112,738037	-121,648438
6113,410950	-121,194817
6114,083862	-120,828094
6114,756775	-120,866631
6115,429688	-121,229683
6116,102600	-121,190269
6116,775513	-120,787506
6117,448425	-119,435455
6118,121338	-117,778374
6118,794250	-118,128502
6119,467163	-120,152916
6120,140076	-120,726326
6120,812988	-119,063759
6121,485901	-119,225281
6122,158813	-120,661713
6122,831726	-121,276985
6123,504639	-121,105675
6124,177551	-120,628197
6124,850464	-121,441010
6125,523376	-121,640251
6126,196289	-120,001190
6126,869202	-119,509743
6127,542114	-120,359184
6128,215027	-121,013130
6128,887939	-120,887184
6129,560852	-120,808418
6130,233765	-120,841507
6130,906677	-121,343704
6131,579590	-118,895905
6132,252502	-119,702065
6132,925415	-120,599350
6133,598328	-121,355606
6134,271240	-120,064095
6134,944153	-120,335190
6135,617065	-120,864914
6136,289978	-119,492363
6136,962891	-120,024445
6137,635803	-120,328522
6138,308716	-121,126900
6138,981628	-120,763435
6139,654541	-120,987350
6140,327454	-121,242668
6141,000366	-121,762497
6141,673279	-122,391983
6142,346191	-122,028862
6143,019104	-121,217148
6143,692017	-121,365067
6144,364929	-120,839645
6145,037842	-120,526855
6145,710754	-121,562515
6146,383667	-121,833069
6147,056580	-121,429771
6147,729492	-120,685936
6148,402405	-120,237175
6149,075317	-120,522972
6149,748230	-120,531898
6150,421143	-119,400352
6151,094055	-118,654480
6151,766968	-119,297310
6152,439880	-120,760796
6153,112793	-121,802101
6153,785706	-121,296631
6154,458618	-120,508705
6155,131531	-120,944740
6155,804443	-121,490822
6156,477356	-120,923378
6157,150269	-120,812943
6157,823181	-120,828156
6158,496094	-120,504951
6159,169006	-120,547623
6159,841919	-121,359779
6160,514832	-121,949745
6161,187744	-120,830742
6161,860657	-121,583687
6162,533569	-121,537186
6163,206482	-121,449242
6163,879395	-121,861961
6164,552307	-120,422760
6165,225220	-120,900879
6165,898132	-120,553802
6166,571045	-121,358566
6167,243958	-121,236717
6167,916870	-121,206535
6168,589783	-121,791336
6169,262695	-122,136497
6169,935608	-120,980843
6170,608521	-120,973228
6171,281433	-121,051285
6171,954346	-120,073563
6172,627258	-120,233063
6173,300171	-120,515541
6173,973083	-121,638779
6174,645996	-119,907120
6175,318909	-119,848389
6175,991821	-120,369438
6176,664734	-121,270935
6177,337646	-121,723541
6178,010559	-121,092255
6178,683472	-120,702820
6179,356384	-120,660896
6180,029297	-120,589111
6180,702209	-120,239799
6181,375122	-119,746689
6182,048035	-120,404427
6182,720947	-121,571823
6183,393860	-121,334045
6184,066772	-121,177719
6184,739685	-121,255966
6185,412598	-121,741943
6186,085510	-121,915672
6186,758423	-121,982124
6187,431335	-121,823318
6188,104248	-121,302391
6188,777161	-121,046692
6189,450073	-121,624664
6190,122986	-122,254074
6190,795898	-121,160202
6191,468811	-120,615723
6192,141724	-121,148415
6192,814636	-121,149254
6193,487549	-118,149872
6194,160461	-116,508438
6194,833374	-117,505554
6195,506287	-119,686874
6196,179199	-119,016273
6196,852112	-118,084923
6197,525024	-118,798294
6198,197937	-120,449402
6198,870850	-120,255669
6199,543762	-121,760994
6200,216675	-121,781242
6200,889587	-120,938309
6201,562500	-119,793907
6202,235413	-119,480240
6202,908325	-119,333778
6203,581238	-119,852150
6204,254150	-121,061455
6204,927063	-120,896515
6205,599976	-120,400322
6206,272888	-118,699295
6206,945801	-119,034241
6207,618713	-120,961052
6208,291626	-122,222015
6208,964539	-121,713882
6209,637451	-122,406746
6210,310364	-121,618889
6210,983276	-119,983170
6211,656189	-120,424728
6212,329102	-121,373650
6213,002014	-120,661346
6213,674927	-118,563492
6214,347839	-120,006073
6215,020752	-121,067787
6215,693665	-120,567627
6216,366577	-121,296211
6217,039490	-121,567528
6217,712402	-119,393089
6218,385315	-118,747955
6219,058228	-119,354156
6219,731140	-119,808624
6220,404053	-121,739243
6221,076965	-121,028534
6221,749878	-120,452072
6222,422791	-120,066284
6223,095703	-119,977356
6223,768616	-120,450043
6224,441528	-119,658600
6225,114441	-119,660576
6225,787354	-120,546654
6226,460266	-120,158028
6227,133179	-120,385361
6227,806091	-121,176186
6228,479004	-120,276436
6229,151917	-120,081985
6229,824829	-120,456337
6230,497742	-122,158554
6231,170654	-120,796310
6231,843567	-119,268120
6232,516479	-119,355377
6233,189392	-121,131699
6233,862305	-121,490219
6234,535217	-120,737610
6235,208130	-119,433945
6235,881042	-118,171196
6236,553955	-120,622299
6237,226868	-121,215782
6237,899780	-120,577271
6238,572693	-120,841751
6239,245605	-121,262657
6239,918518	-121,028145
6240,591431	-120,726158
6241,264343	-121,055008
6241,937256	-119,951660
6242,610168	-118,403229
6243,283081	-120,094414
6243,955994	-120,686058
6244,628906	-120,129227
6245,301819	-120,957596
6245,974731	-120,646103
6246,647644	-120,821304
6247,320557	-119,466553
6247,993469	-121,002892
6248,666382	-120,557144
6249,339294	-118,397575
6250,012207	-119,252586
6250,685120	-121,105156
6251,358032	-121,063591
6252,030945	-121,644745
6252,703857	-121,815948
6253,376770	-120,709892
6254,049683	-120,253883
6254,722595	-121,289864
6255,395508	-120,734360
6256,068420	-120,802650
6256,741333	-119,377907
6257,414246	-120,130310
6258,087158	-120,949524
6258,760071	-119,337982
6259,432983	-121,077499
6260,105896	-121,626366
6260,778809	-120,517906
6261,451721	-120,272690
6262,124634	-119,021851
6262,797546	-120,279877
6263,470459	-120,302795
6264,143372	-118,616875
6264,816284	-118,537476
6265,489197	-119,976738
6266,162109	-119,854355
6266,835022	-118,228218
6267,507935	-118,388802
6268,180847	-120,100105
6268,853760	-120,194366
6269,526672	-117,144051
6270,199585	-116,607368
6270,872498	-117,563492
6271,545410	-118,431618
6272,218323	-118,443665
6272,891235	-117,098457
6273,564148	-117,447548
6274,237061	-119,724197
6274,909973	-120,785011
6275,582886	-120,759445
6276,255798	-120,872314
6276,928711	-120,929688
6277,601624	-121,704590
6278,274536	-120,801109
6278,947449	-120,529709
6279,620361	-119,562836
6280,293274	-119,029510
6280,966187	-120,162827
6281,639099	-121,271461
6282,312012	-120,201309
6282,984924	-120,795929
6283,657837	-121,218506
6284,330750	-119,561180
6285,003662	-118,978889
6285,676575	-119,215309
6286,349487	-118,799690
6287,022400	-118,583176
6287,695312	-120,887215
6288,368225	-121,563492
6289,041138	-121,071426
6289,714050	-122,100914
6290,386963	-121,408661
6291,059875	-120,932938
6291,732788	-120,561165
6292,405701	-121,380211
6293,078613	-119,618431
6293,751526	-117,548981
6294,424438	-118,926018
6295,097351	-120,824287
6295,770264	-121,158020
6296,443176	-121,154861
6297,116089	-120,800674
6297,789001	-120,144440
6298,461914	-120,053207
6299,134827	-119,404762
6299,807739	-119,357834
6300,480652	-120,291946
6301,153564	-121,308716
6301,826477	-120,733879
6302,499390	-119,275452
6303,172302	-118,686821
6303,845215	-119,706711
6304,518127	-120,126770
6305,191040	-119,491615
6305,863953	-119,325020
6306,536865	-118,695114
6307,209778	-118,198952
6307,882690	-118,697792
6308,555603	-119,545433
6309,228516	-120,346062
6309,901428	-120,346687
6310,574341	-119,747787
6311,247253	-119,971130
6311,920166	-121,228439
6312,593079	-121,779564
6313,265991	-121,123657
6313,938904	-120,208076
6314,611816	-120,571411
6315,284729	-121,042183
6315,957642	-120,749306
6316,630554	-121,191589
6317,303467	-121,076645
6317,976379	-120,190727
6318,649292	-121,232590
6319,322205	-120,840790
6319,995117	-120,008034
6320,668030	-121,932167
6321,340942	-121,367691
6322,013855	-121,262840
6322,686768	-120,946266
6323,359680	-121,437767
6324,032593	-121,974945
6324,705505	-120,811989
6325,378418	-120,678772
6326,051331	-120,771378
6326,724243	-121,515678
6327,397156	-121,754646
6328,070068	-122,649490
6328,742981	-122,375786
6329,415894	-121,964920
6330,088806	-121,529182
6330,761719	-121,808266
6331,434631	-121,449722
6332,107544	-121,501839
6332,780457	-121,085899
6333,453369	-120,344978
6334,126282	-119,883125
6334,799194	-120,522072
6335,472107	-121,484077
6336,145020	-121,062958
6336,817932	-120,848618
6337,490845	-120,742676
6338,163757	-121,817886
6338,836670	-120,829910
6339,509583	-119,808037
6340,182495	-120,370407
6340,855408	-121,263573
6341,528320	-119,836128
6342,201233	-119,900284
6342,874146	-121,500221
6343,547058	-121,170212
6344,219971	-121,555771
6344,892883	-120,973595
6345,565796	-120,610588
6346,238708	-120,215851
6346,911621	-120,784134
6347,584534	-121,396568
6348,257446	-121,716377
6348,930359	-121,632744
6349,603271	-121,329597
6350,276184	-120,797592
6350,949097	-120,777885
6351,622009	-120,634239
6352,294922	-120,060493
6352,967834	-118,335014
6353,640747	-118,660149
6354,313660	-119,487854
6354,986572	-120,167580
6355,659485	-121,425522
6356,332397	-121,079567
6357,005310	-121,125343
6357,678223	-121,679497
6358,351135	-120,962379
6359,024048	-120,780373
6359,696960	-121,609047
6360,369873	-122,049812
6361,042786	-122,301842
6361,715698	-122,842476
6362,388611	-121,863815
6363,061523	-121,622101
6363,734436	-121,512245
6364,407349	-121,537636
6365,080261	-121,040253
6365,753174	-121,501579
6366,426086	-121,561089
6367,098999	-121,257774
6367,771912	-120,789391
6368,444824	-121,553123
6369,117737	-120,902374
6369,790649	-120,924736
6370,463562	-121,645721
6371,136475	-121,928078
6371,809387	-122,514732
6372,482300	-121,136925
6373,155212	-121,330376
6373,828125	-120,855209
6374,501038	-121,668251
6375,173950	-121,913551
6375,846863	-121,493164
6376,519775	-121,191490
6377,192688	-121,598396
6377,865601	-121,454338
6378,538513	-121,825905
6379,211426	-122,130028
6379,884338	-121,520096
6380,557251	-122,221924
6381,230164	-120,676651
6381,903076	-120,229141
6382,575989	-120,671432
6383,248901	-121,666740
6383,921814	-121,256157
6384,594727	-120,524315
6385,267639	-120,921387
6385,940552	-122,153755
6386,613464	-121,328720
6387,286377	-121,395844
6387,959290	-122,173660
6388,632202	-121,754913
6389,305115	-121,044701
6389,978027	-120,570953
6390,650940	-121,607178
6391,323853	-121,410545
6391,996765	-119,744461
6392,669678	-117,268150
6393,342590	-117,734215
6394,015503	-119,525978
6394,688416	-119,919167
6395,361328	-119,655876
6396,034241	-120,201645
6396,707153	-119,722572
6397,380066	-119,314011
6398,052979	-119,963966
6398,725891	-120,781700
6399,398804	-120,303093
6400,071716	-120,544289
6400,744629	-121,388367
6401,417542	-121,790939
6402,090454	-120,929245
6402,763367	-121,614067
6403,436279	-120,879967
6404,109192	-120,598122
6404,782104	-120,484108
6405,455017	-120,786232
6406,127930	-121,455574
6406,800842	-120,282997
6407,473755	-119,555923
6408,146667	-121,672615
6408,819580	-122,040276
6409,492493	-120,695526
6410,165405	-120,858467
6410,838318	-120,399506
6411,511230	-119,628319
6412,184143	-120,828125
6412,857056	-119,098549
6413,529968	-118,081047
6414,202881	-118,300575
6414,875793	-118,728477
6415,548706	-119,593925
6416,221619	-120,170822
6416,894531	-121,175423
6417,567444	-122,292717
6418,240356	-120,936852
6418,913269	-121,744148
6419,586182	-121,774590
6420,259094	-120,866554
6420,932007	-121,951637
6421,604919	-121,385475
6422,277832	-121,087662
6422,950745	-121,479469
6423,623657	-121,600182
6424,296570	-120,929604
6424,969482	-120,876732
6425,642395	-120,114288
6426,315308	-120,585770
6426,988220	-122,086243
6427,661133	-120,014206
6428,334045	-118,746094
6429,006958	-119,970779
6429,679871	-120,513504
6430,352783	-120,481659
6431,025696	-120,263428
6431,698608	-118,947731
6432,371521	-120,684448
6433,044434	-119,669678
6433,717346	-120,923653
6434,390259	-120,425903
6435,063171	-119,970284
6435,736084	-121,292076
6436,408997	-122,319557
6437,081909	-120,227043
6437,754822	-119,539017
6438,427734	-120,198418
6439,100647	-118,598152
6439,773560	-120,180450
6440,446472	-119,935295
6441,119385	-119,678070
6441,792297	-120,345825
6442,465210	-120,001900
6443,138123	-120,250908
6443,811035	-119,925705
6444,483948	-118,768242
6445,156860	-120,906425
6445,829773	-120,862289
6446,502686	-118,852066
6447,175598	-118,498459
6447,848511	-120,713333
6448,521423	-120,520599
6449,194336	-120,167114
6449,867249	-121,067223
6450,540161	-120,498718
6451,213074	-120,715919
6451,885986	-120,452187
6452,558899	-121,313461
6453,231812	-121,106201
6453,904724	-119,793068
6454,577637	-121,291855
6455,250549	-121,118805
6455,923462	-119,952240
6456,596375	-121,593880
6457,269287	-120,844673
6457,942200	-120,167686
6458,615112	-120,421295
6459,288025	-121,144402
6459,960938	-119,861069
6460,633850	-119,507851
6461,306763	-120,517601
6461,979675	-120,493027
6462,652588	-121,674644
6463,325500	-119,517044
6463,998413	-120,529045
6464,671326	-121,108009
6465,344238	-119,935791
6466,017151	-119,040695
6466,690063	-118,709259
6467,362976	-121,134926
6468,035889	-121,103691
6468,708801	-118,620361
6469,381714	-119,492790
6470,054626	-121,100189
6470,727539	-120,971123
6471,400452	-119,918823
6472,073364	-118,975578
6472,746277	-118,207596
6473,419189	-119,160698
6474,092102	-121,066246
6474,765015	-120,744850
6475,437927	-120,032845
6476,110840	-120,390381
6476,783752	-121,028198
6477,456665	-121,097481
6478,129578	-120,885269
6478,802490	-120,467926
6479,475403	-120,670914
6480,148315	-119,337852
6480,821228	-120,429955
6481,494141	-119,001038
6482,167053	-119,131386
6482,839966	-120,296501
6483,512878	-121,071991
6484,185791	-120,363258
6484,858704	-119,104134
6485,531616	-120,117928
6486,204529	-121,735237
6486,877441	-122,631203
6487,550354	-121,473183
6488,223267	-121,682312
6488,896179	-121,251236
6489,569092	-120,374115
6490,242004	-119,467781
6490,914917	-119,201187
6491,587830	-121,078331
6492,260742	-121,463638
6492,933655	-119,893768
6493,606567	-120,776871
6494,279480	-122,141975
6494,952393	-119,855484
6495,625305	-119,915085
6496,298218	-120,478889
6496,971130	-121,653221
6497,644043	-121,028008
6498,316956	-120,926788
6498,989868	-121,592308
6499,662781	-121,861542
6500,335693	-121,231018
6501,008606	-121,246674
6501,681519	-121,796532
6502,354431	-121,380280
6503,027344	-120,174500
6503,700256	-119,950188
6504,373169	-119,999695
6505,046082	-121,168121
6505,718994	-121,205833
6506,391907	-120,758820
6507,064819	-121,705086
6507,737732	-122,179268
6508,410645	-121,604813
6509,083557	-120,886650
6509,756470	-119,436256
6510,429382	-119,778336
6511,102295	-120,285423
6511,775208	-120,371117
6512,448120	-119,235008
6513,121033	-120,058372
6513,793945	-121,399399
6514,466858	-121,331558
6515,139771	-121,896370
6515,812683	-121,478638
6516,485596	-120,505623
6517,158508	-119,564087
6517,831421	-119,055130
6518,504333	-119,556427
6519,177246	-121,540833
6519,850159	-121,420837
6520,523071	-121,183540
6521,195984	-121,008591
6521,868896	-120,090263
6522,541809	-119,603790
6523,214722	-120,197243
6523,887634	-121,668060
6524,560547	-121,992920
6525,233459	-121,435944
6525,906372	-121,386955
6526,579285	-120,745003
6527,252197	-120,347038
6527,925110	-120,174789
6528,598022	-120,835808
6529,270935	-121,308952
6529,943848	-122,146027
6530,616760	-121,155289
6531,289673	-119,843521
6531,962585	-120,178459
6532,635498	-121,259079
6533,308411	-121,471664
6533,981323	-121,029091
6534,654236	-119,683609
6535,327148	-119,571045
6536,000061	-121,032188
6536,672974	-121,466049
6537,345886	-121,855896
6538,018799	-121,357788
6538,691711	-120,158592
6539,364624	-118,671768
6540,037537	-118,207642
6540,710449	-119,580681
6541,383362	-120,957176
6542,056274	-119,974579
6542,729187	-119,417908
6543,402100	-120,126534
6544,075012	-120,773804
6544,747925	-118,345490
6545,420837	-120,665100
6546,093750	-121,093971
6546,766663	-119,982033
6547,439575	-119,898552
6548,112488	-119,831589
6548,785400	-120,386276
6549,458313	-119,949310
6550,131226	-120,790939
6550,804138	-121,892258
6551,477051	-120,808907
6552,149963	-120,696098
6552,822876	-119,790710
6553,495789	-119,762703
6554,168701	-120,848053
6554,841614	-121,732094
6555,514526	-120,455887
6556,187439	-119,621826
6556,860352	-119,785515
6557,533264	-120,979538
6558,206177	-121,872719
6558,879089	-121,453674
6559,552002	-121,591415
6560,224915	-121,420387
6560,897827	-120,798737
6561,570740	-120,786919
6562,243652	-121,512497
6562,916565	-121,589111
6563,589478	-121,560066
6564,262390	-121,000923
6564,935303	-120,637360
6565,608215	-122,617737
6566,281128	-122,083839
6566,954041	-121,388893
6567,626953	-121,930618
6568,299866	-120,955360
6568,972778	-119,895355
6569,645691	-119,765152
6570,318604	-120,350899
6570,991516	-119,736488
6571,664429	-119,299599
6572,337341	-120,686691
6573,010254	-120,675095
6573,683167	-121,866135
6574,356079	-121,331169
6575,028992	-120,929039
6575,701904	-120,715622
6576,374817	-121,269402
6577,047729	-122,093567
6577,720642	-119,311340
6578,393555	-121,544525
6579,066467	-121,442917
6579,739380	-120,358688
6580,412292	-119,129791
6581,085205	-119,391655
6581,758118	-120,814346
6582,431030	-119,766327
6583,103943	-120,903000
6583,776855	-121,575577
6584,449768	-121,271332
6585,122681	-120,325249
6585,795593	-121,325150
6586,468506	-121,826134
6587,141418	-121,233162
6587,814331	-119,890373
6588,487244	-118,244125
6589,160156	-118,549843
6589,833069	-120,436707
6590,505981	-121,956100
6591,178894	-122,366264
6591,851807	-122,186302
6592,524719	-120,988678
6593,197632	-121,275757
6593,870544	-120,548080
6594,543457	-119,914612
6595,216370	-120,484131
6595,889282	-121,496750
6596,562195	-121,823776
6597,235107	-119,562836
6597,908020	-119,614639
6598,580933	-119,824333
6599,253845	-120,454590
6599,926758	-121,033264
6600,599670	-121,048042
6601,272583	-121,665581
6601,945496	-120,473854
6602,618408	-120,945221
6603,291321	-121,541862
6603,964233	-121,031456
6604,637146	-119,797981
6605,310059	-119,835373
6605,982971	-120,044609
6606,655884	-121,893562
6607,328796	-122,271515
6608,001709	-121,685669
6608,674622	-121,475235
6609,347534	-121,427414
6610,020447	-120,857780
6610,693359	-121,638237
6611,366272	-120,596230
6612,039185	-120,347565
6612,712097	-120,738747
6613,385010	-120,859283
6614,057922	-121,690773
6614,730835	-121,317139
6615,403748	-121,951561
6616,076660	-121,195595
6616,749573	-119,078606
6617,422485	-119,597694
6618,095398	-120,045181
6618,768311	-120,427574
6619,441223	-121,086121
6620,114136	-120,040871
6620,787048	-120,838310
6621,459961	-121,728401
6622,132874	-119,430550
6622,805786	-117,745018
6623,478699	-118,218658
6624,151611	-119,742203
6624,824524	-121,549652
6625,497437	-120,472458
6626,170349	-120,814232
6626,843262	-121,754524
6627,516174	-122,322594
6628,189087	-121,517189
6628,862000	-120,464523
6629,534912	-119,704338
6630,207825	-120,934837
6630,880737	-122,111458
6631,553650	-120,358047
6632,226562	-120,747795
6632,899475	-122,170845
6633,572388	-121,496864
6634,245300	-121,581093
6634,918213	-121,798996
6635,591125	-121,781242
6636,264038	-121,608635
6636,936951	-121,843117
6637,609863	-120,500420
6638,282776	-120,586098
6638,955688	-120,836647
6639,628601	-120,196602
6640,301514	-121,590317
6640,974426	-119,418892
6641,647339	-119,510864
6642,320251	-120,373711
6642,993164	-120,107697
6643,666077	-120,063683
6644,338989	-119,575554
6645,011902	-120,770172
6645,684814	-121,784157
6646,357727	-121,580627
6647,030640	-121,360817
6647,703552	-121,206810
6648,376465	-121,022926
6649,049377	-119,927010
6649,722290	-121,219467
6650,395203	-121,550499
6651,068115	-119,714737
6651,741028	-120,004654
6652,413940	-118,822281
6653,086853	-118,994545
6653,759766	-117,315559
6654,432678	-118,749214
6655,105591	-120,034721
6655,778503	-119,055519
6656,451416	-119,915901
6657,124329	-121,634392
6657,797241	-121,349564
6658,470154	-120,805458
6659,143066	-120,363068
6659,815979	-120,106949
6660,488892	-121,018974
6661,161804	-120,970528
6661,834717	-121,254333
6662,507629	-120,783318
6663,180542	-121,402359
6663,853455	-122,045776
6664,526367	-120,483925
6665,199280	-118,351517
6665,872192	-120,449646
6666,545105	-120,645203
6667,218018	-118,813950
6667,890930	-119,569542
6668,563843	-119,828140
6669,236755	-119,749420
6669,909668	-120,641975
6670,582581	-120,626617
6671,255493	-121,510170
6671,928406	-121,588585
6672,601318	-118,747368
6673,274231	-118,329147
6673,947144	-119,188133
6674,620056	-121,313858
6675,292969	-120,975616
6675,965881	-120,954666
6676,638794	-120,711693
6677,311707	-119,799896
6677,984619	-118,932182
6678,657532	-119,641243
6679,330444	-121,201385
6680,003357	-119,730995
6680,676270	-119,712868
6681,349182	-118,940704
6682,022095	-117,882019
6682,695007	-119,007446
6683,367920	-120,275444
6684,040833	-118,116272
6684,713745	-118,224602
6685,386658	-118,820145
6686,059570	-120,273651
6686,732483	-120,291695
6687,405396	-119,388618
6688,078308	-119,273102
6688,751221	-119,967827
6689,424133	-121,022552
6690,097046	-121,009132
6690,769958	-121,853493
6691,442871	-121,122757
6692,115784	-120,872772
6692,788696	-120,414314
6693,461609	-119,849449
6694,134521	-121,355118
6694,807434	-120,805847
6695,480347	-120,467873
6696,153259	-120,789207
6696,826172	-118,420975
6697,499084	-119,986214
6698,171997	-121,043434
6698,844910	-118,210068
6699,517822	-118,925270
6700,190735	-120,148064
6700,863647	-119,510559
6701,536560	-119,065254
6702,209473	-117,219696
6702,882385	-118,387634
6703,555298	-121,277390
6704,228210	-118,719391
6704,901123	-120,172882
6705,574036	-122,018700
6706,246948	-120,310997
6706,919861	-120,182861
6707,592773	-120,811363
6708,265686	-120,053360
6708,938599	-120,583969
6709,611511	-121,821815
6710,284424	-120,165016
6710,957336	-120,774216
6711,630249	-120,682343
6712,303162	-120,206490
6712,976074	-120,216499
6713,648987	-119,423309
6714,321899	-121,247612
6714,994812	-122,293755
6715,667725	-120,933945
6716,340637	-121,677330
6717,013550	-121,644859
6717,686462	-121,347153
6718,359375	-121,244774
6719,032288	-120,598335
6719,705200	-119,140976
6720,378113	-119,429993
6721,051025	-121,425804
6721,723938	-120,695915
6722,396851	-121,391342
6723,069763	-119,120667
6723,742676	-118,065414
6724,415588	-117,519043
6725,088501	-118,680115
6725,761414	-119,704704
6726,434326	-119,231575
6727,107239	-121,229134
6727,780151	-122,121002
6728,453064	-120,275856
6729,125977	-120,796219
6729,798889	-121,596825
6730,471802	-121,035583
6731,144714	-121,984039
6731,817627	-121,659340
6732,490540	-120,142578
6733,163452	-119,993011
6733,836365	-120,956474
6734,509277	-120,780884
6735,182190	-120,534927
6735,855103	-118,540413
6736,528015	-120,115463
6737,200928	-119,666061
6737,873840	-119,513901
6738,546753	-121,563728
6739,219666	-121,044861
6739,892578	-121,556351
6740,565491	-120,825310
6741,238403	-120,584900
6741,911316	-120,943481
6742,584229	-121,217651
6743,257141	-121,447838
6743,930054	-120,896133
6744,602966	-120,187714
6745,275879	-121,489555
6745,948792	-122,114822
6746,621704	-121,903656
6747,294617	-121,701744
6747,967529	-121,166519
6748,640442	-121,106361
6749,313354	-121,410042
6749,986267	-120,173958
6750,659180	-119,786636
6751,332092	-120,197227
6752,005005	-121,544380
6752,677917	-121,149826
6753,350830	-120,912498
6754,023743	-120,857269
6754,696655	-121,399002
6755,369568	-121,927330
6756,042480	-121,314156
6756,715393	-121,999939
6757,388306	-120,445808
6758,061218	-120,864746
6758,734131	-121,058815
6759,407043	-121,333305
6760,079956	-120,934349
6760,752869	-121,491859
6761,425781	-121,089966
6762,098694	-120,296249
6762,771606	-118,729492
6763,444519	-119,353699
6764,117432	-121,485222
6764,790344	-119,189598
6765,463257	-119,769440
6766,136169	-119,805321
6766,809082	-119,824234
6767,481995	-121,277428
6768,154907	-120,323334
6768,827820	-121,479660
6769,500732	-120,518761
6770,173645	-120,150444
6770,846558	-121,067459
6771,519470	-121,766403
6772,192383	-121,682198
6772,865295	-121,626884
6773,538208	-121,727272
6774,211121	-121,904671
6774,884033	-121,585732
6775,556946	-120,729042
6776,229858	-119,628723
6776,902771	-119,528725
6777,575684	-120,738205
6778,248596	-120,820984
6778,921509	-121,892685
6779,594421	-121,337784
6780,267334	-120,918694
6780,940247	-121,023560
6781,613159	-121,296021
6782,286072	-120,734985
6782,958984	-121,141678
6783,631897	-121,452629
6784,304810	-121,727844
6784,977722	-122,043640
6785,650635	-121,821198
6786,323547	-122,190643
6786,996460	-120,800453
6787,669373	-119,815613
6788,342285	-119,987297
6789,015198	-120,566040
6789,688110	-121,094345
6790,361023	-119,783127
6791,033936	-119,218628
6791,706848	-120,678307
6792,379761	-120,454262
6793,052673	-120,474121
6793,725586	-119,345200
6794,398499	-119,545448
6795,071411	-121,002754
6795,744324	-119,554092
6796,417236	-118,722740
6797,090149	-120,046440
6797,763062	-119,753273
6798,435974	-119,670845
6799,108887	-121,260551
6799,781799	-119,802704
6800,454712	-120,721390
6801,127625	-121,216202
6801,800537	-122,168129
6802,473450	-120,584045
6803,146362	-119,635117
6803,819275	-120,560173
6804,492188	-121,182327
6805,165100	-121,321609
6805,838013	-121,156670
6806,510925	-122,301964
6807,183838	-120,077881
6807,856750	-120,342560
6808,529663	-122,083862
6809,202576	-121,831093
6809,875488	-121,835045
6810,548401	-121,171516
6811,221313	-120,620636
6811,894226	-119,281113
6812,567139	-118,813568
6813,240051	-118,934875
6813,912964	-120,270920
6814,585876	-121,602776
6815,258789	-120,593048
6815,931702	-121,355316
6816,604614	-121,407990
6817,277527	-120,719444
6817,950439	-120,513321
6818,623352	-119,965401
6819,296265	-121,013046
6819,969177	-120,535561
6820,642090	-121,227005
6821,315002	-120,712692
6821,987915	-120,644440
6822,660828	-119,640411
6823,333740	-118,753891
6824,006653	-119,320122
6824,679565	-121,042770
6825,352478	-119,200005
6826,025391	-118,259926
6826,698303	-118,788773
6827,371216	-120,472801
6828,044128	-120,816483
6828,717041	-120,945923
6829,389954	-121,681862
6830,062866	-122,113380
6830,735779	-121,145378
6831,408691	-120,935585
6832,081604	-120,805161
6832,754517	-120,452385
6833,427429	-120,707756
6834,100342	-119,533089
6834,773254	-118,229538
6835,446167	-120,602852
6836,119080	-121,280632
6836,791992	-118,297195
6837,464905	-118,738503
6838,137817	-119,966286
6838,810730	-120,937569
6839,483643	-121,245148
6840,156555	-120,834862
6840,829468	-121,049316
6841,502380	-121,469093
6842,175293	-121,461067
6842,848206	-121,755974
6843,521118	-121,749039
6844,194031	-120,065010
6844,866943	-119,658615
6845,539856	-120,962196
6846,212769	-120,902054
6846,885681	-121,610397
6847,558594	-119,843002
6848,231506	-120,239563
6848,904419	-121,594810
6849,577332	-120,596619
6850,250244	-120,973778
6850,923157	-121,779846
6851,596069	-119,857361
6852,268982	-119,997818
6852,941895	-120,910614
6853,614807	-121,469978
6854,287720	-120,878754
6854,960632	-121,703186
6855,633545	-120,927498
6856,306458	-119,584808
6856,979370	-120,616226
6857,652283	-120,937111
6858,325195	-119,653107
6858,998108	-117,929901
6859,671021	-119,842239
6860,343933	-122,221313
6861,016846	-120,315460
6861,689758	-119,505142
6862,362671	-120,889153
6863,035583	-119,438828
6863,708496	-117,582047
6864,381409	-118,074104
6865,054321	-121,111069
6865,727234	-121,069458
6866,400146	-119,995491
6867,073059	-119,673897
6867,745972	-119,360397
6868,418884	-120,576279
6869,091797	-121,298630
6869,764709	-119,384674
6870,437622	-118,632355
6871,110535	-120,617836
6871,783447	-121,724007
6872,456360	-121,748764
6873,129272	-122,540955
6873,802185	-119,679268
6874,475098	-118,526665
6875,148010	-121,250076
6875,820923	-120,263069
6876,493835	-121,008286
6877,166748	-120,804886
6877,839661	-120,236443
6878,512573	-120,222153
6879,185486	-121,021072
6879,858398	-120,329590
6880,531311	-120,496529
6881,204224	-119,794098
6881,877136	-120,152267
6882,550049	-121,041740
6883,222961	-120,871780
6883,895874	-122,062820
6884,568787	-121,772209
6885,241699	-120,185768
6885,914612	-119,778099
6886,587524	-121,221497
6887,260437	-120,377945
6887,933350	-120,661949
6888,606262	-121,633408
6889,279175	-121,724442
6889,952087	-121,256844
6890,625000	-120,701134
6891,297913	-118,610947
6891,970825	-118,585541
6892,643738	-121,014519
6893,316650	-120,809120
6893,989563	-119,424698
6894,662476	-120,505562
6895,335388	-121,587082
6896,008301	-119,575676
6896,681213	-118,825829
6897,354126	-119,706795
6898,027039	-120,522202
6898,699951	-120,321648
6899,372864	-120,405762
6900,045776	-121,161461
6900,718689	-120,288223
6901,391602	-119,488075
6902,064514	-120,037865
6902,737427	-121,842644
6903,410339	-121,077248
6904,083252	-120,889023
6904,756165	-121,047997
6905,429077	-119,635536
6906,101990	-121,225945
6906,774902	-120,666466
6907,447815	-120,330833
6908,120728	-121,222839
6908,793640	-120,530701
6909,466553	-120,285934
6910,139465	-120,902603
6910,812378	-122,007446
6911,485291	-120,679245
6912,158203	-120,669655
6912,831116	-121,459839
6913,504028	-120,200241
6914,176941	-121,710007
6914,849854	-121,692535
6915,522766	-121,249344
6916,195679	-121,879341
6916,868591	-121,231682
6917,541504	-121,387230
6918,214417	-119,893585
6918,887329	-120,795685
6919,560242	-120,496292
6920,233154	-119,078537
6920,906067	-117,843842
6921,578979	-120,329193
6922,251892	-120,661110
6922,924805	-119,943481
6923,597717	-120,356789
6924,270630	-120,941444
6924,943542	-121,124718
6925,616455	-119,777039
6926,289368	-121,427261
6926,962280	-121,667313
6927,635193	-120,057510
6928,308105	-119,608246
6928,981018	-121,768967
6929,653931	-119,820442
6930,326843	-121,723663
6930,999756	-120,825455
6931,672668	-119,762856
6932,345581	-121,028290
6933,018494	-120,067108
6933,691406	-121,684021
6934,364319	-121,103462
6935,037231	-120,861069
6935,710144	-121,743294
6936,383057	-120,783859
6937,055969	-121,324722
6937,728882	-122,538368
6938,401794	-121,108566
6939,074707	-120,252518
6939,747620	-120,138962
6940,420532	-120,104950
6941,093445	-121,045113
6941,766357	-119,513283
6942,439270	-118,997772
6943,112183	-119,791573
6943,785095	-119,653221
6944,458008	-121,167152
6945,130920	-121,212883
6945,803833	-120,421921
6946,476746	-121,079445
6947,149658	-120,679535
6947,822571	-121,493958
6948,495483	-122,003174
6949,168396	-122,360031
6949,841309	-121,761055
6950,514221	-121,508003
6951,187134	-121,757454
6951,860046	-120,086922
6952,532959	-118,937416
6953,205872	-119,284515
6953,878784	-121,017113
6954,551697	-121,104942
6955,224609	-119,135994
6955,897522	-118,668045
6956,570435	-119,907936
6957,243347	-122,020554
6957,916260	-122,231155
6958,589172	-121,247116
6959,262085	-119,803452
6959,934998	-119,830292
6960,607910	-120,312065
6961,280823	-121,726410
6961,953735	-120,482994
6962,626648	-120,158829
6963,299561	-121,447212
6963,972473	-118,717041
6964,645386	-119,922607
6965,318298	-119,063560
6965,991211	-119,243294
6966,664124	-120,509560
6967,337036	-120,146935
6968,009949	-118,145943
6968,682861	-118,751297
6969,355774	-119,920959
6970,028687	-120,663170
6970,701599	-122,382210
6971,374512	-119,442032
6972,047424	-118,953484
6972,720337	-119,090591
6973,393250	-118,377914
6974,066162	-121,110092
6974,739075	-121,402397
6975,411987	-119,375130
6976,084900	-120,688118
6976,757812	-120,763145
6977,430725	-120,178680
6978,103638	-120,370857
6978,776550	-120,269829
6979,449463	-119,541878
6980,122375	-120,683800
6980,795288	-119,067024
6981,468201	-119,484291
6982,141113	-121,427216
6982,814026	-119,375603
6983,486938	-119,593452
6984,159851	-122,046356
6984,832764	-119,585526
6985,505676	-117,516327
6986,178589	-119,335930
6986,851501	-120,180855
6987,524414	-119,366669
6988,197327	-119,574051
6988,870239	-121,009369
6989,543152	-120,309349
6990,216064	-118,841087
6990,888977	-120,010658
6991,561890	-120,379318
6992,234802	-118,683075
6992,907715	-118,673416
6993,580627	-121,613869
6994,253540	-120,395622
6994,926453	-119,248665
6995,599365	-120,623421
6996,272278	-121,516426
6996,945190	-120,767723
6997,618103	-120,604424
6998,291016	-119,796852
6998,963928	-120,422417
6999,636841	-118,668777
7000,309753	-116,655121
7000,982666	-116,771561
7001,655579	-119,264130
7002,328491	-119,452469
7003,001404	-118,937012
7003,674316	-117,966591
7004,347229	-118,658134
7005,020142	-118,652374
7005,693054	-119,294144
7006,365967	-120,310341
7007,038879	-120,224396
7007,711792	-117,759377
7008,384705	-116,878647
7009,057617	-119,543938
7009,730530	-120,232651
7010,403442	-120,359543
7011,076355	-118,565804
7011,749268	-119,677040
7012,422180	-119,775520
7013,095093	-118,810760
7013,768005	-120,385872
7014,440918	-119,200859
7015,113831	-118,374504
7015,786743	-119,023415
7016,459656	-118,626328
7017,132568	-119,861794
7017,805481	-120,678947
7018,478394	-120,824936
7019,151306	-122,015434
7019,824219	-121,856544
7020,497131	-121,964127
7021,170044	-121,504845
7021,842957	-121,379028
7022,515869	-120,972717
7023,188782	-119,224625
7023,861694	-119,575111
7024,534607	-120,829735
7025,207520	-118,770103
7025,880432	-117,628319
7026,553345	-119,950615
7027,226257	-121,227234
7027,899170	-120,934113
7028,572083	-121,746223
7029,244995	-121,893669
7029,917908	-121,276009
7030,590820	-121,094810
7031,263733	-120,657883
7031,936646	-121,694313
7032,609558	-121,981171
7033,282471	-120,785973
7033,955383	-120,934212
7034,628296	-121,709610
7035,301208	-122,170700
7035,974121	-121,888168
7036,647034	-120,235207
7037,319946	-119,831467
7037,992859	-120,838860
7038,665771	-119,976410
7039,338684	-120,845329
7040,011597	-121,511650
7040,684509	-121,028473
7041,357422	-121,043793
7042,030334	-121,278023
7042,703247	-121,430336
7043,376160	-120,472176
7044,049072	-120,120758
7044,721985	-120,963318
7045,394897	-121,181740
7046,067810	-120,596924
7046,740723	-120,931213
7047,413635	-121,064941
7048,086548	-120,523155
7048,759460	-120,807877
7049,432373	-119,329941
7050,105286	-120,258041
7050,778198	-120,915611
7051,451111	-121,940132
7052,124023	-121,703568
7052,796936	-120,994667
7053,469849	-122,007111
7054,142761	-121,611618
7054,815674	-122,032097
7055,488586	-120,295502
7056,161499	-119,059052
7056,834412	-119,639351
7057,507324	-119,990211
7058,180237	-119,959869
7058,853149	-119,764900
7059,526062	-118,372063
7060,198975	-117,871758
7060,871887	-118,834419
7061,544800	-121,426842
7062,217712	-122,017868
7062,890625	-120,755547
7063,563538	-120,750214
7064,236450	-121,316460
7064,909363	-121,457901
7065,582275	-121,496902
7066,255188	-121,357452
7066,928101	-121,758598
7067,601013	-121,399345
7068,273926	-120,849907
7068,946838	-120,294586
7069,619751	-119,992348
7070,292664	-122,078026
7070,965576	-120,596443
7071,638489	-119,630318
7072,311401	-118,798149
7072,984314	-118,018898
7073,657227	-120,545815
7074,330139	-121,108368
7075,003052	-121,190598
7075,675964	-121,509575
7076,348877	-122,148750
7077,021790	-121,552925
7077,694702	-121,067261
7078,367615	-121,223938
7079,040527	-121,935997
7079,713440	-120,524170
7080,386353	-120,218216
7081,059265	-120,285622
7081,732178	-119,918915
7082,405090	-120,387657
7083,078003	-120,387817
7083,750916	-119,761681
7084,423828	-120,281418
7085,096741	-121,475533
7085,769653	-120,090096
7086,442566	-119,703728
7087,115479	-120,577469
7087,788391	-121,436325
7088,461304	-121,485741
7089,134216	-121,292549
7089,807129	-121,371033
7090,480042	-119,862976
7091,152954	-119,878685
7091,825867	-121,831062
7092,498779	-120,565063
7093,171692	-121,052528
7093,844604	-121,571106
7094,517517	-121,726768
7095,190430	-121,969330
7095,863342	-122,046379
7096,536255	-121,474693
7097,209167	-121,364647
7097,882080	-121,735901
7098,554993	-121,027901
7099,227905	-120,218498
7099,900818	-120,066559
7100,573730	-120,463852
7101,246643	-120,807556
7101,919556	-119,595490
7102,592468	-120,824867
7103,265381	-121,474319
7103,938293	-119,978500
7104,611206	-120,887909
7105,284119	-121,717514
7105,957031	-120,741554
7106,629944	-120,667931
7107,302856	-121,322304
7107,975769	-121,845978
7108,648682	-121,031982
7109,321594	-120,390785
7109,994507	-121,532646
7110,667419	-121,389610
7111,340332	-120,705818
7112,013245	-121,346886
7112,686157	-120,678284
7113,359070	-121,483566
7114,031982	-121,732452
7114,704895	-121,657990
7115,377808	-121,142265
7116,050720	-120,659164
7116,723633	-121,036079
7117,396545	-120,069321
7118,069458	-120,753807
7118,742371	-120,773972
7119,415283	-118,826263
7120,088196	-119,331871
7120,761108	-120,698471
7121,434021	-120,627960
7122,106934	-119,220848
7122,779846	-120,117294
7123,452759	-121,324966
7124,125671	-120,237137
7124,798584	-120,294273
7125,471497	-121,539650
7126,144409	-121,274330
7126,817322	-121,697685
7127,490234	-121,902107
7128,163147	-121,502922
7128,836060	-121,271660
7129,508972	-121,155617
7130,181885	-121,153847
7130,854797	-122,082748
7131,527710	-120,913277
7132,200623	-120,233322
7132,873535	-119,894630
7133,546448	-119,707184
7134,219360	-121,319229
7134,892273	-121,855865
7135,565186	-121,548050
7136,238098	-122,295685
7136,911011	-122,034988
7137,583923	-121,533653
7138,256836	-121,599701
7138,929749	-121,767319
7139,602661	-121,120964
7140,275574	-120,675293
7140,948486	-119,252579
7141,621399	-120,350822
7142,294312	-121,525345
7142,967224	-120,768303
7143,640137	-122,013229
7144,313049	-120,943039
7144,985962	-120,196808
7145,658875	-120,488319
7146,331787	-121,312035
7147,004700	-121,804314
7147,677612	-120,939674
7148,350525	-121,179550
7149,023438	-121,706146
7149,696350	-121,630249
7150,369263	-121,230186
7151,042175	-121,719818
7151,715088	-122,411652
7152,388000	-121,937553
7153,060913	-120,647163
7153,733826	-120,671501
7154,406738	-120,993744
7155,079651	-121,670776
7155,752563	-120,889366
7156,425476	-119,998756
7157,098389	-119,704910
7157,771301	-120,430656
7158,444214	-121,294800
7159,117126	-121,746605
7159,790039	-121,068596
7160,462952	-121,058502
7161,135864	-121,329933
7161,808777	-120,556664
7162,481689	-119,904839
7163,154602	-119,214966
7163,827515	-120,411400
7164,500427	-121,860748
7165,173340	-120,852135
7165,846252	-119,376144
7166,519165	-118,909683
7167,192078	-120,080742
7167,864990	-121,916092
7168,537903	-121,647743
7169,210815	-120,667229
7169,883728	-120,490997
7170,556641	-121,351372
7171,229553	-121,495209
7171,902466	-120,602951
7172,575378	-121,229332
7173,248291	-121,337914
7173,921204	-120,369072
7174,594116	-121,038116
7175,267029	-121,076347
7175,939941	-119,723930
7176,612854	-119,484169
7177,285767	-120,576927
7177,958679	-120,778290
7178,631592	-121,188454
7179,304504	-121,359436
7179,977417	-121,509987
7180,650330	-121,881905
7181,323242	-121,957344
7181,996155	-120,939590
7182,669067	-120,266846
7183,341980	-120,660667
7184,014893	-121,789146
7184,687805	-121,125069
7185,360718	-122,192497
7186,033630	-120,573753
7186,706543	-118,439705
7187,379456	-119,487770
7188,052368	-120,839821
7188,725281	-120,608376
7189,398193	-120,664848
7190,071106	-120,150246
7190,744019	-122,114838
7191,416931	-121,837891
7192,089844	-120,433342
7192,762756	-120,439262
7193,435669	-121,544426
7194,108582	-120,660606
7194,781494	-121,396919
7195,454407	-120,531052
7196,127319	-120,412209
7196,800232	-121,084763
7197,473145	-120,336884
7198,146057	-121,102699
7198,818970	-122,462761
7199,491882	-121,233131
7200,164795	-119,922112
7200,837708	-121,007820
7201,510620	-120,741409
7202,183533	-119,224304
7202,856445	-118,890854
7203,529358	-120,168411
7204,202271	-120,767883
7204,875183	-118,190224
7205,548096	-118,537842
7206,221008	-121,122902
7206,893921	-120,430283
7207,566833	-120,071121
7208,239746	-122,249512
7208,912659	-120,029701
7209,585571	-118,072411
7210,258484	-121,136520
7210,931396	-120,974152
7211,604309	-119,570831
7212,277222	-119,962685
7212,950134	-120,369164
7213,623047	-118,430534
7214,295959	-117,130898
7214,968872	-118,253723
7215,641785	-120,080574
7216,314697	-120,562630
7216,987610	-120,394897
7217,660522	-118,404999
7218,333435	-117,664398
7219,006348	-118,621391
7219,679260	-121,646172
7220,352173	-118,641182
7221,025085	-118,625404
7221,697998	-120,148346
7222,370911	-119,837410
7223,043823	-120,301315
7223,716736	-119,110680
7224,389648	-119,451210
7225,062561	-118,585518
7225,735474	-117,443016
7226,408386	-119,839699
7227,081299	-119,169106
7227,754211	-119,218773
7228,427124	-122,136177
7229,100037	-120,384613
7229,772949	-120,009735
7230,445862	-120,349380
7231,118774	-122,244621
7231,791687	-120,310745
7232,464600	-121,111610
7233,137512	-120,441246
7233,810425	-117,768883
7234,483337	-119,123161
7235,156250	-119,264984
7235,829163	-120,612381
7236,502075	-120,446777
7237,174988	-119,824211
7237,847900	-119,172089
7238,520813	-118,631950
7239,193726	-119,821846
7239,866638	-119,484810
7240,539551	-118,476517
7241,212463	-120,160378
7241,885376	-122,125565
7242,558289	-121,268448
7243,231201	-121,216095
7243,904114	-121,383713
7244,577026	-119,845482
7245,249939	-119,901497
7245,922852	-122,047874
7246,595764	-121,227249
7247,268677	-120,620567
7247,941589	-120,469131
7248,614502	-120,746567
7249,287415	-119,398773
7249,960327	-118,599350
7250,633240	-120,956299
7251,306152	-120,557930
7251,979065	-118,667542
7252,651978	-119,482330
7253,324890	-119,678497
7253,997803	-121,011932
7254,670715	-120,829605
7255,343628	-120,963341
7256,016541	-121,312439
7256,689453	-120,291122
7257,362366	-119,400040
7258,035278	-119,444786
7258,708191	-120,216934
7259,381104	-121,924561
7260,054016	-121,284172
7260,726929	-119,858269
7261,399841	-120,383476
7262,072754	-121,333923
7262,745667	-122,149025
7263,418579	-121,879997
7264,091492	-121,103073
7264,764404	-119,263687
7265,437317	-121,402779
7266,110229	-122,211006
7266,783142	-121,338409
7267,456055	-120,120377
7268,128967	-120,356461
7268,801880	-121,559898
7269,474792	-121,116661
7270,147705	-120,787025
7270,820618	-120,213226
7271,493530	-119,828156
7272,166443	-120,254669
7272,839355	-121,016106
7273,512268	-120,811996
7274,185181	-119,929184
7274,858093	-120,419243
7275,531006	-121,568748
7276,203918	-118,879150
7276,876831	-119,077774
7277,549744	-120,111618
7278,222656	-120,873825
7278,895569	-120,547653
7279,568481	-120,219475
7280,241394	-119,375931
7280,914307	-118,244774
7281,587219	-120,882027
7282,260132	-121,375053
7282,933044	-121,239799
7283,605957	-120,475967
7284,278870	-120,829971
7284,951782	-119,309685
7285,624695	-117,570854
7286,297607	-118,599960
7286,970520	-121,065277
7287,643433	-119,872169
7288,316345	-118,097054
7288,989258	-120,045807
7289,662170	-121,118553
7290,335083	-120,053864
7291,007996	-120,390678
7291,680908	-121,062607
7292,353821	-121,217369
7293,026733	-119,762955
7293,699646	-118,209396
7294,372559	-119,156395
7295,045471	-119,838806
7295,718384	-120,797264
7296,391296	-119,789963
7297,064209	-119,446884
7297,737122	-121,058228
7298,410034	-120,564156
7299,082947	-120,494873
7299,755859	-121,974869
7300,428772	-122,442772
7301,101685	-121,423141
7301,774597	-121,040787
7302,447510	-121,188919
7303,120422	-121,126701
7303,793335	-121,415344
7304,466248	-122,568665
7305,139160	-121,662582
7305,812073	-120,975174
7306,484985	-120,668205
7307,157898	-120,555412
7307,830811	-120,646202
7308,503723	-120,673706
7309,176636	-120,380974
7309,849548	-120,274544
7310,522461	-120,628693
7311,195374	-120,722107
7311,868286	-120,688148
7312,541199	-121,206108
7313,214111	-120,797134
7313,887024	-121,261055
7314,559937	-122,359573
7315,232849	-122,034821
7315,905762	-121,332108
7316,578674	-121,117188
7317,251587	-121,078369
7317,924500	-121,299957
7318,597412	-120,707008
7319,270325	-121,329010
7319,943237	-121,310280
7320,616150	-120,176712
7321,289062	-119,372124
7321,961975	-120,144676
7322,634888	-121,170403
7323,307800	-120,281097
7323,980713	-120,088394
7324,653625	-120,485504
7325,326538	-121,881393
7325,999451	-121,623573
7326,672363	-120,349777
7327,345276	-120,604416
7328,018188	-122,408432
7328,691101	-121,363884
7329,364014	-120,515305
7330,036926	-119,960701
7330,709839	-120,990433
7331,382751	-122,107895
7332,055664	-120,684456
7332,728577	-119,740875
7333,401489	-120,622627
7334,074402	-120,501808
7334,747314	-120,537468
7335,420227	-120,708107
7336,093140	-120,912987
7336,766052	-121,465790
7337,438965	-120,402863
7338,111877	-120,627953
7338,784790	-121,814476
7339,457703	-121,970444
7340,130615	-121,868370
7340,803528	-122,114136
7341,476440	-122,931374
7342,149353	-121,816460
7342,822266	-120,482933
7343,495178	-120,455833
7344,168091	-121,670853
7344,841003	-121,558571
7345,513916	-119,125816
7346,186829	-119,968735
7346,859741	-121,196503
7347,532654	-120,395760
7348,205566	-119,499207
7348,878479	-119,313637
7349,551392	-121,638435
7350,224304	-121,908035
7350,897217	-121,532639
7351,570129	-121,126099
7352,243042	-119,538277
7352,915955	-120,071472
7353,588867	-121,604195
7354,261780	-122,094765
7354,934692	-122,352898
7355,607605	-122,131584
7356,280518	-121,144897
7356,953430	-120,352272
7357,626343	-121,303909
7358,299255	-119,466644
7358,972168	-117,432869
7359,645081	-118,528374
7360,317993	-120,341393
7360,990906	-121,843964
7361,663818	-121,327614
7362,336731	-121,268654
7363,009644	-120,728676
7363,682556	-120,316185
7364,355469	-121,051781
7365,028381	-120,812737
7365,701294	-119,240486
7366,374207	-118,822380
7367,047119	-120,610252
7367,720032	-121,885155
7368,392944	-121,391685
7369,065857	-121,920334
7369,738770	-120,139336
7370,411682	-118,727715
7371,084595	-119,586311
7371,757507	-120,791878
7372,430420	-120,974602
7373,103333	-118,811638
7373,776245	-118,942444
7374,449158	-121,238350
7375,122070	-121,548668
7375,794983	-121,660866
7376,467896	-119,905998
7377,140808	-121,078033
7377,813721	-120,265617
7378,486633	-120,381424
7379,159546	-120,092896
7379,832458	-120,255272
7380,505371	-121,577423
7381,178284	-120,289619
7381,851196	-121,247620
7382,524109	-121,939865
7383,197021	-121,859009
7383,869934	-121,541786
7384,542847	-120,701118
7385,215759	-120,604660
7385,888672	-120,376419
7386,561584	-119,472076
7387,234497	-122,297836
7387,907410	-122,567902
7388,580322	-122,371834
7389,253235	-121,137459
7389,926147	-121,391876
7390,599060	-120,529266
7391,271973	-121,334389
7391,944885	-121,273582
7392,617798	-121,368614
7393,290710	-120,948662
7393,963623	-120,401680
7394,636536	-120,417023
7395,309448	-120,396622
7395,982361	-121,253540
7396,655273	-121,507889
7397,328186	-121,099266
7398,001099	-120,891434
7398,674011	-120,523346
7399,346924	-121,304466
7400,019836	-122,025146
7400,692749	-122,096970
7401,365662	-121,450294
7402,038574	-121,477074
7402,711487	-122,322495
7403,384399	-121,175270
7404,057312	-121,075249
7404,730225	-121,679947
7405,403137	-121,551323
7406,076050	-120,321815
7406,748962	-119,588966
7407,421875	-120,417381
7408,094788	-121,405098
7408,767700	-121,739342
7409,440613	-121,906883
7410,113525	-121,038025
7410,786438	-119,554459
7411,459351	-119,440521
7412,132263	-120,741348
7412,805176	-121,324478
7413,478088	-120,852661
7414,151001	-120,959175
7414,823914	-120,351974
7415,496826	-120,635132
7416,169739	-121,712242
7416,842651	-121,317978
7417,515564	-122,032494
7418,188477	-122,320038
7418,861389	-122,372169
7419,534302	-121,916710
7420,207214	-120,561951
7420,880127	-120,859970
7421,553040	-121,379013
7422,225952	-119,405121
7422,898865	-119,815262
7423,571777	-120,954216
7424,244690	-121,112862
7424,917603	-118,280327
7425,590515	-117,825302
7426,263428	-119,015724
7426,936340	-121,538040
7427,609253	-121,541092
7428,282166	-121,106552
7428,955078	-122,402321
7429,627991	-121,556023
7430,300903	-122,052933
7430,973816	-121,830429
7431,646729	-121,368111
7432,319641	-122,033958
7432,992554	-120,659882
7433,665466	-119,858360
7434,338379	-120,666443
7435,011292	-121,784561
7435,684204	-121,141113
7436,357117	-121,273430
7437,030029	-120,655838
7437,702942	-120,767654
7438,375854	-121,878159
7439,048767	-121,774223
7439,721680	-120,638084
7440,394592	-120,603004
7441,067505	-120,248520
7441,740417	-118,549583
7442,413330	-118,334816
7443,086243	-119,245064
7443,759155	-121,513519
7444,432068	-118,861145
7445,104980	-117,876427
7445,777893	-119,762505
7446,450806	-120,936081
7447,123718	-121,822678
7447,796631	-121,357361
7448,469543	-120,952560
7449,142456	-121,752380
7449,815369	-120,678062
7450,488281	-121,574242
7451,161194	-122,453461
7451,834106	-121,541496
7452,507019	-120,758286
7453,179932	-121,151497
7453,852844	-120,459290
7454,525757	-120,467163
7455,198669	-121,784767
7455,871582	-120,601974
7456,544495	-120,385841
7457,217407	-119,984940
7457,890320	-120,495361
7458,563232	-121,185204
7459,236145	-120,551308
7459,909058	-121,823441
7460,581970	-122,190407
7461,254883	-121,372536
7461,927795	-121,369019
7462,600708	-120,225151
7463,273621	-120,889587
7463,946533	-121,577118
7464,619446	-121,806824
7465,292358	-120,608833
7465,965271	-120,982399
7466,638184	-121,543800
7467,311096	-120,607986
7467,984009	-120,871239
7468,656921	-121,220268
7469,329834	-121,229324
7470,002747	-120,466171
7470,675659	-120,700249
7471,348572	-121,098747
7472,021484	-121,838837
7472,694397	-120,834595
7473,367310	-120,730667
7474,040222	-120,572235
7474,713135	-121,792046
7475,386047	-120,943596
7476,058960	-121,087166
7476,731873	-121,979507
7477,404785	-120,522575
7478,077698	-120,438438
7478,750610	-120,135262
7479,423523	-121,274956
7480,096436	-120,644196
7480,769348	-119,993355
7481,442261	-120,056557
7482,115173	-119,855240
7482,788086	-119,032898
7483,460999	-118,673416
7484,133911	-119,745102
7484,806824	-120,568222
7485,479736	-120,808899
7486,152649	-120,895981
7486,825562	-122,056931
7487,498474	-120,614761
7488,171387	-118,526726
7488,844299	-118,081261
7489,517212	-118,362152
7490,190125	-118,848022
7490,863037	-119,350555
7491,535950	-120,734329
7492,208862	-121,822472
7492,881775	-119,946983
7493,554688	-120,794579
7494,227600	-121,154343
7494,900513	-119,058899
7495,573425	-118,747971
7496,246338	-119,775276
7496,919250	-120,993752
7497,592163	-119,640358
7498,265076	-119,611382
7498,937988	-120,949226
7499,610901	-121,429787
7500,283813	-121,586258
7500,956726	-121,466949
7501,629639	-121,634949
7502,302551	-121,348236
7502,975464	-121,220772
7503,648376	-120,432709
7504,321289	-120,298203
7504,994202	-120,557732
7505,667114	-119,658485
7506,340027	-121,912483
7507,012939	-121,982712
7507,685852	-121,047119
7508,358765	-120,870949
7509,031677	-121,548538
7509,704590	-120,738991
7510,377502	-119,126541
7511,050415	-120,047424
7511,723328	-121,161507
7512,396240	-121,008766
7513,069153	-120,901253
7513,742065	-119,466690
7514,414978	-117,515900
7515,087891	-116,447815
7515,760803	-118,385483
7516,433716	-121,356224
7517,106628	-119,543747
7517,779541	-119,020157
7518,452454	-118,779320
7519,125366	-119,832581
7519,798279	-121,057121
7520,471191	-120,211433
7521,144104	-120,057663
7521,817017	-119,908859
7522,489929	-118,768921
7523,162842	-119,940804
7523,835754	-119,455482
7524,508667	-119,048843
7525,181580	-121,100189
7525,854492	-118,977028
7526,527405	-120,389763
7527,200317	-121,525490
7527,873230	-118,420128
7528,546143	-118,819862
7529,219055	-119,800468
7529,891968	-120,312378
7530,564880	-121,674133
7531,237793	-120,145203
7531,910706	-119,046608
7532,583618	-121,318878
7533,256531	-121,002693
7533,929443	-120,564140
7534,602356	-121,449715
7535,275269	-119,110970
7535,948181	-119,755730
7536,621094	-119,602219
7537,294006	-118,465950
7537,966919	-119,698219
7538,639832	-121,646255
7539,312744	-120,173035
7539,985657	-120,992920
7540,658569	-121,340256
7541,331482	-119,156906
7542,004395	-120,764572
7542,677307	-119,797150
7543,350220	-118,443535
7544,023132	-118,803078
7544,696045	-120,397865
7545,368958	-119,511665
7546,041870	-119,049843
7546,714783	-118,875381
7547,387695	-119,065910
7548,060608	-116,564484
7548,733521	-116,485260
7549,406433	-120,983063
7550,079346	-118,048988
7550,752258	-119,534752
7551,425171	-117,913872
7552,098083	-119,567886
7552,770996	-119,528015
7553,443909	-119,834007
7554,116821	-120,412758
7554,789734	-119,438431
7555,462646	-120,543633
7556,135559	-120,120537
7556,808472	-120,508522
7557,481384	-119,715225
7558,154297	-120,856583
7558,827209	-121,747894
7559,500122	-120,680344
7560,173035	-121,361603
7560,845947	-118,452110
7561,518860	-118,095947
7562,191772	-121,466766
7562,864685	-119,560883
7563,537598	-117,075180
7564,210510	-116,492760
7564,883423	-119,052345
7565,556335	-120,693878
7566,229248	-119,665741
7566,902161	-120,589256
7567,575073	-121,294220
7568,247986	-119,841682
7568,920898	-120,470833
7569,593811	-120,012306
7570,266724	-116,608871
7570,939636	-117,699661
7571,612549	-119,672173
7572,285461	-118,544182
7572,958374	-118,666664
7573,631287	-119,033669
7574,304199	-118,654312
7574,977112	-118,419930
7575,650024	-119,795334
7576,322937	-119,425774
7576,995850	-120,299980
7577,668762	-119,383492
7578,341675	-120,670181
7579,014587	-121,776543
7579,687500	-120,922821
7580,360413	-122,144386
7581,033325	-121,812500
7581,706238	-121,110313
7582,379150	-121,206963
7583,052063	-121,043365
7583,724976	-120,521599
7584,397888	-120,444550
7585,070801	-120,011429
7585,743713	-120,062347
7586,416626	-121,001839
7587,089539	-121,508232
7587,762451	-120,786102
7588,435364	-121,507607
7589,108276	-120,413155
7589,781189	-121,092758
7590,454102	-119,709335
7591,127014	-119,437775
7591,799927	-119,721581
7592,472839	-120,245384
7593,145752	-121,002159
7593,818665	-121,586273
7594,491577	-121,648148
7595,164490	-121,496284
7595,837402	-122,393478
7596,510315	-121,449310
7597,183228	-120,410507
7597,856140	-120,866676
7598,529053	-121,207115
7599,201965	-121,122910
7599,874878	-120,373924
7600,547791	-120,995186
7601,220703	-121,228241
7601,893616	-120,860939
7602,566528	-122,156982
7603,239441	-121,153511
7603,912354	-120,694107
7604,585266	-121,716209
7605,258179	-121,132965
7605,931091	-121,930817
7606,604004	-122,310280
7607,276917	-122,109734
7607,949829	-121,917450
7608,622742	-121,069519
7609,295654	-120,900772
7609,968567	-121,264702
7610,641479	-120,697586
7611,314392	-119,990395
7611,987305	-120,427345
7612,660217	-120,930267
7613,333130	-120,375206
7614,006042	-120,603233
7614,678955	-119,860596
7615,351868	-119,383026
7616,024780	-119,252060
7616,697693	-119,398315
7617,370605	-121,232956
7618,043518	-120,841942
7618,716431	-119,963921
7619,389343	-119,004532
7620,062256	-119,560791
7620,735168	-120,371422
7621,408081	-119,582169
7622,080994	-119,446281
7622,753906	-121,210152
7623,426819	-121,595757
7624,099731	-120,731705
7624,772644	-120,974785
7625,445557	-121,067909
7626,118469	-120,298706
7626,791382	-120,310081
7627,464294	-119,757538
7628,137207	-119,551704
7628,810120	-119,668533
7629,483032	-120,188629
7630,155945	-120,632515
7630,828857	-120,671677
7631,501770	-120,918617
7632,174683	-121,833969
7632,847595	-121,613136
7633,520508	-120,830696
7634,193420	-121,406898
7634,866333	-121,657707
7635,539246	-121,019730
7636,212158	-120,891891
7636,885071	-121,516548
7637,557983	-120,750793
7638,230896	-120,105347
7638,903809	-120,704895
7639,576721	-121,111618
7640,249634	-122,042572
7640,922546	-120,739479
7641,595459	-120,995148
7642,268372	-121,164169
7642,941284	-121,298897
7643,614197	-119,691116
7644,287109	-118,928032
7644,960022	-120,839417
7645,632935	-121,529411
7646,305847	-122,024406
7646,978760	-121,829727
7647,651672	-120,131638
7648,324585	-120,537910
7648,997498	-120,075600
7649,670410	-120,655457
7650,343323	-121,179359
7651,016235	-120,108505
7651,689148	-121,295746
7652,362061	-121,335693
7653,034973	-121,430298
7653,707886	-120,763855
7654,380798	-120,556213
7655,053711	-119,659698
7655,726624	-119,328033
7656,399536	-120,592453
7657,072449	-120,432549
7657,745361	-119,569557
7658,418274	-119,812263
7659,091187	-120,084503
7659,764099	-121,012794
7660,437012	-120,509827
7661,109924	-121,244225
7661,782837	-119,781021
7662,455750	-120,383430
7663,128662	-118,514496
7663,801575	-117,365593
7664,474487	-120,477921
7665,147400	-121,949638
7665,820312	-121,323997
7666,493225	-119,650200
7667,166138	-119,724312
7667,839050	-118,623428
7668,511963	-118,260696
7669,184875	-119,585686
7669,857788	-120,896721
7670,530701	-118,256477
7671,203613	-117,626411
7671,876526	-119,894890
7672,549438	-121,201805
7673,222351	-121,047333
7673,895264	-121,424782
7674,568176	-121,272804
7675,241089	-120,009109
7675,914001	-120,901680
7676,586914	-120,279457
7677,259827	-121,068298
7677,932739	-120,798126
7678,605652	-120,694420
7679,278564	-120,162590
7679,951477	-119,339439
7680,624390	-119,498215
7681,297302	-120,459930
7681,970215	-120,461578
7682,643127	-120,168282
7683,316040	-120,830780
7683,988953	-119,183754
7684,661865	-120,059105
7685,334778	-121,434860
7686,007690	-120,485031
7686,680603	-119,338455
7687,353516	-121,919594
7688,026428	-121,348305
7688,699341	-120,310822
7689,372253	-120,940514
7690,045166	-120,949791
7690,718079	-122,051857
7691,390991	-120,115257
7692,063904	-119,001732
7692,736816	-119,658287
7693,409729	-119,834839
7694,082642	-121,135521
7694,755554	-122,430565
7695,428467	-121,797874
7696,101379	-121,858009
7696,774292	-120,957619
7697,447205	-121,035172
7698,120117	-121,901535
7698,793030	-120,190285
7699,465942	-118,453926
7700,138855	-119,456741
7700,811768	-120,669838
7701,484680	-119,597931
7702,157593	-120,441811
7702,830505	-120,559677
7703,503418	-118,691216
7704,176331	-118,141632
7704,849243	-118,883865
7705,522156	-122,177361
7706,195068	-120,644394
7706,867981	-120,533737
7707,540894	-121,498016
7708,213806	-121,246773
7708,886719	-121,918404
7709,559631	-120,909805
7710,232544	-118,078590
7710,905457	-117,559242
7711,578369	-120,203300
7712,251282	-120,018555
7712,924194	-119,567169
7713,597107	-120,460587
7714,270020	-120,109146
7714,942932	-121,084221
7715,615845	-121,788803
7716,288757	-120,781372
7716,961670	-118,341431
7717,634583	-118,208809
7718,307495	-120,762840
7718,980408	-121,039581
7719,653320	-117,805351
7720,326233	-118,281494
7720,999146	-119,903297
7721,672058	-120,315353
7722,344971	-119,952240
7723,017883	-121,191063
7723,690796	-120,542686
7724,363708	-119,816261
7725,036621	-120,820511
7725,709534	-121,392662
7726,382446	-120,129105
7727,055359	-119,750992
7727,728271	-120,869835
7728,401184	-121,565430
7729,074097	-121,082603
7729,747009	-121,092918
7730,419922	-122,118965
7731,092834	-120,434402
7731,765747	-120,357033
7732,438660	-120,709312
7733,111572	-121,361267
7733,784485	-120,339340
7734,457397	-121,240898
7735,130310	-121,317375
7735,803223	-120,066223
7736,476135	-120,049881
7737,149048	-119,731850
7737,821960	-120,311668
7738,494873	-120,939629
7739,167786	-121,085236
7739,840698	-121,208870
7740,513611	-121,193237
7741,186523	-120,701355
7741,859436	-120,991661
7742,532349	-121,750854
7743,205261	-121,721428
7743,878174	-121,604103
7744,551086	-121,305420
7745,223999	-121,399925
7745,896912	-120,194611
7746,569824	-120,834625
7747,242737	-121,380608
7747,915649	-119,785942
7748,588562	-120,220428
7749,261475	-121,411362
7749,934387	-120,578529
7750,607300	-119,867020
7751,280212	-120,661377
7751,953125	-121,139137
7752,626038	-121,478859
7753,298950	-121,513626
7753,971863	-121,440521
7754,644775	-121,375923
7755,317688	-121,385498
7755,990601	-120,050346
7756,663513	-121,005219
7757,336426	-121,104309
7758,009338	-120,877472
7758,682251	-121,204033
7759,355164	-122,060097
7760,028076	-121,608269
7760,700989	-119,658638
7761,373901	-119,077316
7762,046814	-120,197708
7762,719727	-121,633423
7763,392639	-119,747536
7764,065552	-118,691841
7764,738464	-119,638428
7765,411377	-119,549042
7766,084290	-120,526215
7766,757202	-121,343338
7767,430115	-121,509315
7768,103027	-121,474113
7768,775940	-122,277397
7769,448853	-122,671036
7770,121765	-121,767990
7770,794678	-121,825043
7771,467590	-121,337570
7772,140503	-121,227638
7772,813416	-122,204651
7773,486328	-121,274834
7774,159241	-121,861168
7774,832153	-121,524826
7775,505066	-121,033653
7776,177979	-121,024048
7776,850891	-120,253639
7777,523804	-120,413208
7778,196716	-121,448929
7778,869629	-121,166664
7779,542542	-122,051353
7780,215454	-120,972870
7780,888367	-120,417900
7781,561279	-120,976784
7782,234192	-120,549988
7782,907104	-119,936462
7783,580017	-121,025467
7784,252930	-121,482552
7784,925842	-121,497719
7785,598755	-121,961746
7786,271667	-121,709007
7786,944580	-121,017372
7787,617493	-120,502998
7788,290405	-120,778908
7788,963318	-120,983459
7789,636230	-121,013382
7790,309143	-121,686821
7790,982056	-121,314125
7791,654968	-120,959724
7792,327881	-119,978531
7793,000793	-120,748886
7793,673706	-121,835403
7794,346619	-121,114700
7795,019531	-122,000023
7795,692444	-121,217514
7796,365356	-120,815491
7797,038269	-121,598747
7797,711182	-121,659470
7798,384094	-121,806915
7799,057007	-122,208443
7799,729919	-122,041405
7800,402832	-121,263290
7801,075745	-120,663544
7801,748657	-120,378761
7802,421570	-120,652084
7803,094482	-120,966331
7803,767395	-121,372002
7804,440308	-121,732285
7805,113220	-121,305138
7805,786133	-120,522903
7806,459045	-120,407059
7807,131958	-122,501114
7807,804871	-121,418571
7808,477783	-120,691460
7809,150696	-119,567650
7809,823608	-121,341599
7810,496521	-120,682465
7811,169434	-119,428154
7811,842346	-120,106476
7812,515259	-120,894867
7813,188171	-121,364456
7813,861084	-121,277763
7814,533997	-121,444046
7815,206909	-120,982033
7815,879822	-120,550163
7816,552734	-121,155571
7817,225647	-121,907639
7817,898560	-121,632423
7818,571472	-120,545219
7819,244385	-120,988831
7819,917297	-121,645332
7820,590210	-121,391426
7821,263123	-121,527512
7821,936035	-119,812714
7822,608948	-119,973221
7823,281860	-118,844307
7823,954773	-119,076027
7824,627686	-121,114555
7825,300598	-121,978203
7825,973511	-121,929001
7826,646423	-121,871437
7827,319336	-120,495018
7827,992249	-121,000618
7828,665161	-121,752106
7829,338074	-120,753639
7830,010986	-121,279510
7830,683899	-120,679947
7831,356812	-122,259865
7832,029724	-120,594101
7832,702637	-119,811081
7833,375549	-120,600670
7834,048462	-121,476479
7834,721375	-121,432114
7835,394287	-121,547440
7836,067200	-120,849701
7836,740112	-119,315437
7837,413025	-119,394669
7838,085938	-120,054832
7838,758850	-122,008835
7839,431763	-121,693184
7840,104675	-121,685829
7840,777588	-122,018211
7841,450500	-120,850357
7842,123413	-119,752251
7842,796326	-121,643661
7843,469238	-121,303604
7844,142151	-120,093758
7844,815063	-119,677155
7845,487976	-120,740013
7846,160889	-121,552185
7846,833801	-120,755318
7847,506714	-121,117981
7848,179626	-121,690605
7848,852539	-121,604591
7849,525452	-121,482925
7850,198364	-121,549988
7850,871277	-119,756737
7851,544189	-119,869400
7852,217102	-121,088547
7852,890015	-120,951424
7853,562927	-121,268311
7854,235840	-121,479813
7854,908752	-121,152496
7855,581665	-121,567993
7856,254578	-121,780434
7856,927490	-120,312943
7857,600403	-120,169968
7858,273315	-119,750877
7858,946228	-120,498962
7859,619141	-121,184418
7860,292053	-121,473419
7860,964966	-121,067368
7861,637878	-119,523209
7862,310791	-119,600060
7862,983704	-120,819809
7863,656616	-120,196022
7864,329529	-118,878105
7865,002441	-120,767982
7865,675354	-120,530693
7866,348267	-117,589096
7867,021179	-119,643867
7867,694092	-120,252899
7868,367004	-120,852386
7869,039917	-119,446388
7869,712830	-119,976585
7870,385742	-121,085167
7871,058655	-118,870209
7871,731567	-120,334724
7872,404480	-120,631004
7873,077393	-119,607887
7873,750305	-120,712997
7874,423218	-121,813469
7875,096130	-121,113609
7875,769043	-119,344315
7876,441956	-120,549744
7877,114868	-121,012558
7877,787781	-120,203819
7878,460693	-121,060944
7879,133606	-120,272240
7879,806519	-119,894913
7880,479431	-119,798508
7881,152344	-121,109932
7881,825256	-120,816162
7882,498169	-120,424240
7883,171082	-122,335915
7883,843994	-121,739502
7884,516907	-120,972862
7885,189819	-121,699791
7885,862732	-120,873062
7886,535645	-120,124191
7887,208557	-120,770905
7887,881470	-120,552322
7888,554382	-120,340538
7889,227295	-120,699142
7889,900208	-120,506157
7890,573120	-120,549622
7891,246033	-119,532379
7891,918945	-118,669823
7892,591858	-121,326073
7893,264771	-120,865807
7893,937683	-121,096596
7894,610596	-120,552361
7895,283508	-119,323433
7895,956421	-121,102882
7896,629333	-121,495270
7897,302246	-121,292076
7897,975159	-120,519386
7898,648071	-121,112396
7899,320984	-118,216393
7899,993896	-120,011322
7900,666809	-121,013985
7901,339722	-120,436302
7902,012634	-120,325211
7902,685547	-120,274872
7903,358459	-120,936836
7904,031372	-121,494392
7904,704285	-121,385391
7905,377197	-121,026886
7906,050110	-121,204079
7906,723022	-120,863518
7907,395935	-120,509544
7908,068848	-121,027344
7908,741760	-121,379585
7909,414673	-121,233398
7910,087585	-120,653397
7910,760498	-119,565094
7911,433411	-121,544418
7912,106323	-121,115234
7912,779236	-119,948837
7913,452148	-119,003609
7914,125061	-120,056526
7914,797974	-121,157921
7915,470886	-121,208252
7916,143799	-121,547028
7916,816711	-120,565422
7917,489624	-119,880753
7918,162537	-120,199692
7918,835449	-120,658424
7919,508362	-120,771881
7920,181274	-118,905609
7920,854187	-120,590164
7921,527100	-121,013802
7922,200012	-119,876762
7922,872925	-120,489403
7923,545837	-121,230331
7924,218750	-119,263634
7924,891663	-117,059280
7925,564575	-120,333824
7926,237488	-120,428940
7926,910400	-119,307281
7927,583313	-120,938637
7928,256226	-120,299026
7928,929138	-118,933571
7929,602051	-120,585556
7930,274963	-119,990372
7930,947876	-120,185349
7931,620789	-121,167358
7932,293701	-120,884178
7932,966614	-120,828201
7933,639526	-120,596100
7934,312439	-121,184654
7934,985352	-119,663895
7935,658264	-119,167099
7936,331177	-119,106842
7937,004089	-121,694733
7937,677002	-119,701210
7938,349915	-119,427650
7939,022827	-121,746330
7939,695740	-119,920013
7940,368652	-120,738144
7941,041565	-121,035294
7941,714478	-120,519608
7942,387390	-121,475327
7943,060303	-120,719101
7943,733215	-121,680405
7944,406128	-121,848572
7945,079041	-121,087463
7945,751953	-119,496460
7946,424866	-118,918312
7947,097778	-119,956314
7947,770691	-120,623108
7948,443604	-120,791550
7949,116516	-119,136017
7949,789429	-119,064240
7950,462341	-118,824234
7951,135254	-118,981606
7951,808167	-121,383018
7952,481079	-120,801414
7953,153992	-119,763565
7953,826904	-121,147881
7954,499817	-120,104637
7955,172729	-120,232422
7955,845642	-121,235565
7956,518555	-121,321617
7957,191467	-120,936798
7957,864380	-120,430466
7958,537292	-121,117905
7959,210205	-121,667046
7959,883118	-120,175125
7960,556030	-117,931114
7961,228943	-118,373550
7961,901855	-118,753738
7962,574768	-119,858421
7963,247681	-121,455338
7963,920593	-117,737862
7964,593506	-116,506966
7965,266418	-118,668350
7965,939331	-119,747597
7966,612244	-118,753410
7967,285156	-117,269775
7967,958069	-117,589699
7968,630981	-120,442566
7969,303894	-121,461273
7969,976807	-119,578735
7970,649719	-120,847214
7971,322632	-122,009331
7971,995544	-122,137848
7972,668457	-121,163773
7973,341370	-118,966774
7974,014282	-117,793579
7974,687195	-119,402916
7975,360107	-120,225861
7976,033020	-120,222061
7976,705933	-119,750809
7977,378845	-119,958076
7978,051758	-120,869934
7978,724670	-120,585121
7979,397583	-121,255280
7980,070496	-120,840553
7980,743408	-120,975273
7981,416321	-119,333710
7982,089233	-119,758209
7982,762146	-121,146194
7983,435059	-121,008621
7984,107971	-121,243912
7984,780884	-121,585159
7985,453796	-121,103035
7986,126709	-119,985489
7986,799622	-119,203575
7987,472534	-119,667404
7988,145447	-121,764198
7988,818359	-120,379051
7989,491272	-121,340790
7990,164185	-122,005699
7990,837097	-120,494087
7991,510010	-120,336868
7992,182922	-121,979988
7992,855835	-120,549736
7993,528748	-119,702515
7994,201660	-121,456184
7994,874573	-121,744919
7995,547485	-121,370094
7996,220398	-121,351295
7996,893311	-120,687752
7997,566223	-120,736702
7998,239136	-120,094841
7998,912048	-120,934891
7999,584961	-119,991577
8000,257874	-118,020714
8000,930786	-120,036850
8001,603699	-121,111855
8002,276611	-120,734375
8002,949524	-119,972900
8003,622437	-119,838470
8004,295349	-120,835434
8004,968262	-120,215347
8005,641174	-121,104736
8006,314087	-121,125900
8006,987000	-120,612503
8007,659912	-120,290123
8008,332825	-120,413071
8009,005737	-121,886246
8009,678650	-120,072968
8010,351562	-120,267548
8011,024475	-120,045555
8011,697388	-120,176582
8012,370300	-121,213661
8013,043213	-119,559296
8013,716125	-120,699905
8014,389038	-121,779556
8015,061951	-120,141312
8015,734863	-120,378273
8016,407776	-121,542526
8017,080688	-119,447517
8017,753601	-119,116577
8018,426514	-120,350365
8019,099426	-121,030464
8019,772339	-121,143974
8020,445251	-121,909241
8021,118164	-122,233162
8021,791077	-122,238693
8022,463989	-121,503853
8023,136902	-121,577103
8023,809814	-119,886726
8024,482727	-118,987015
8025,155640	-120,304047
8025,828552	-121,705223
8026,501465	-120,460281
8027,174377	-119,984734
8027,847290	-121,980019
8028,520203	-120,955124
8029,193115	-119,884521
8029,866028	-118,351700
8030,538940	-120,278275
8031,211853	-121,032249
8031,884766	-121,770790
8032,557678	-121,748703
8033,230591	-121,134109
8033,903503	-121,453987
8034,576416	-120,366089
8035,249329	-120,884682
8035,922241	-121,789650
8036,595154	-120,899673
8037,268066	-120,980766
8037,940979	-120,950531
8038,613892	-121,039894
8039,286804	-120,080620
8039,959717	-118,403419
8040,632629	-117,753845
8041,305542	-120,292610
8041,978455	-121,995750
8042,651367	-120,362518
8043,324280	-121,848663
8043,997192	-121,476051
8044,670105	-120,327805
8045,343018	-120,750534
8046,015930	-120,736778
8046,688843	-119,964241
8047,361755	-120,718193
8048,034668	-121,590439
8048,707581	-120,446304
8049,380493	-120,857605
8050,053406	-120,287079
8050,726318	-121,391205
8051,399231	-121,524269
8052,072144	-119,845970
8052,745056	-119,620644
8053,417969	-119,387199
8054,090881	-120,871590
8054,763794	-121,940834
8055,436707	-119,696754
8056,109619	-120,213715
8056,782532	-120,927017
8057,455444	-120,539131
8058,128357	-121,276138
8058,801270	-121,462204
8059,474182	-121,752930
8060,147095	-121,016022
8060,820007	-120,964951
8061,492920	-119,954056
8062,165833	-120,838890
8062,838745	-121,006554
8063,511658	-120,069351
8064,184570	-120,104805
8064,857483	-120,456779
8065,530396	-121,592056
8066,203308	-119,428452
8066,876221	-118,756699
8067,549133	-119,711380
8068,222046	-121,203308
8068,894958	-122,369209
8069,567871	-120,809174
8070,240784	-121,405243
8070,913696	-121,411888
8071,586609	-121,292450
8072,259521	-121,135605
8072,932434	-120,485489
8073,605347	-120,012657
8074,278259	-121,355774
8074,951172	-119,978592
8075,624084	-117,618187
8076,296997	-118,920723
8076,969910	-121,045258
8077,642822	-120,104195
8078,315735	-120,712204
8078,988647	-121,715866
8079,661560	-121,241577
8080,334473	-119,749031
8081,007385	-119,342484
8081,680298	-122,205597
8082,353210	-121,223404
8083,026123	-120,613632
8083,699036	-121,945290
8084,371948	-121,255013
8085,044861	-120,958420
8085,717773	-121,708893
8086,390686	-120,317856
8087,063599	-119,377853
8087,736511	-119,560722
8088,409424	-118,783356
8089,082336	-120,308128
8089,755249	-120,552223
8090,428162	-120,128807
8091,101074	-121,251495
8091,773987	-120,647568
8092,446899	-120,679161
8093,119812	-119,622559
8093,792725	-118,897682
8094,465637	-120,120811
8095,138550	-121,043335
8095,811462	-120,667099
8096,484375	-121,895317
8097,157288	-121,040573
8097,830200	-119,550278
8098,503113	-119,054367
8099,176025	-121,442062
8099,848938	-119,679543
8100,521851	-118,764832
8101,194763	-118,617004
8101,867676	-121,049591
8102,540588	-121,890587
8103,213501	-120,236313
8103,886414	-121,147171
8104,559326	-119,808273
8105,232239	-120,889709
8105,905151	-121,477432
8106,578064	-121,463448
8107,250977	-121,912079
8107,923889	-121,649284
8108,596802	-121,049004
8109,269714	-121,446243
8109,942627	-121,596252
8110,615540	-120,563255
8111,288452	-120,509094
8111,961365	-120,440292
8112,634277	-118,347725
8113,307190	-118,936203
8113,980103	-118,266907
8114,653015	-119,657417
8115,325928	-121,468643
8115,998840	-118,472771
8116,671753	-119,968399
8117,344666	-120,892738
8118,017578	-120,236740
8118,690491	-120,632538
8119,363403	-120,573097
8120,036316	-119,542221
8120,709229	-120,408112
8121,382141	-120,547020
8122,055054	-120,654305
8122,727966	-122,277016
8123,400879	-120,141014
8124,073792	-119,089203
8124,746704	-121,307182
8125,419617	-120,797203
8126,092529	-119,504623
8126,765442	-117,849281
8127,438354	-118,320168
8128,111267	-120,924377
8128,784180	-119,394814
8129,457092	-118,868752
8130,130005	-120,576653
8130,802917	-119,892853
8131,475830	-119,003517
8132,148743	-120,174850
8132,821655	-120,393074
8133,494568	-121,350037
8134,167480	-119,642868
8134,840393	-117,731598
8135,513306	-119,112976
8136,186218	-119,091385
8136,859131	-120,713600
8137,532043	-120,809837
8138,204956	-118,634972
8138,877869	-119,809929
8139,550781	-120,609970
8140,223694	-119,362808
8140,896606	-121,360992
8141,569519	-120,303467
8142,242432	-118,912384
8142,915344	-119,691139
8143,588257	-120,177856
8144,261169	-120,425667
8144,934082	-119,981255
8145,606995	-119,096123
8146,279907	-120,786049
8146,952820	-121,019890
8147,625732	-120,028236
8148,298645	-121,568993
8148,971558	-120,961479
8149,644470	-119,927795
8150,317383	-121,280495
8150,990295	-120,166626
8151,663208	-119,205322
8152,336121	-120,956329
8153,009033	-120,733910
8153,681946	-119,715973
8154,354858	-119,860832
8155,027771	-120,048599
8155,700684	-121,958069
8156,373596	-119,999702
8157,046509	-120,029221
8157,719421	-121,049454
8158,392334	-119,419456
8159,065247	-120,059517
8159,738159	-120,899132
8160,411072	-119,173401
8161,083984	-119,607025
8161,756897	-121,036728
8162,429810	-119,517563
8163,102722	-119,803658
8163,775635	-120,992577
8164,448547	-119,858742
8165,121460	-121,316101
8165,794373	-120,647751
8166,467285	-120,029495
8167,140198	-119,451187
8167,813110	-119,305130
8168,486023	-121,055458
8169,158936	-122,258141
8169,831848	-122,062935
8170,504761	-122,303177
8171,177673	-121,484375
8171,850586	-121,814102
8172,523499	-121,911583
8173,196411	-121,338684
8173,869324	-119,633888
8174,542236	-119,551285
8175,215149	-118,875496
8175,888062	-119,158813
8176,560974	-121,857979
8177,233887	-120,593483
8177,906799	-120,685242
8178,579712	-121,131340
8179,252625	-120,623962
8179,925537	-121,120560
8180,598450	-120,304443
8181,271362	-120,799278
8181,944275	-121,891930
8182,617188	-121,249138
8183,290100	-121,876083
8183,963013	-121,683289
8184,635925	-120,470055
8185,308838	-120,370132
8185,981750	-121,131836
8186,654663	-119,847649
8187,327576	-118,862671
8188,000488	-120,161423
8188,673401	-121,717804
8189,346313	-120,521301
8190,019226	-119,175171
8190,692139	-120,516457
8191,365051	-121,410004
8192,037964	-121,182114
8192,710876	-121,245522
8193,383789	-120,234581
8194,056702	-120,796898
8194,729614	-121,433792
8195,402527	-122,171852
8196,075439	-121,330963
8196,748352	-120,668419
8197,421265	-121,381386
8198,094177	-121,914940
8198,767090	-120,784088
8199,440002	-121,067657
8200,112915	-121,620453
8200,785828	-120,010780
8201,458740	-119,526009
8202,131653	-120,072655
8202,804565	-120,763298
8203,477478	-120,481529
8204,150391	-121,258934
8204,823303	-120,394943
8205,496216	-119,654755
8206,169128	-120,319916
8206,842041	-121,341492
8207,514954	-122,006546
8208,187866	-122,212524
8208,860779	-121,129395
8209,533691	-119,193420
8210,206604	-120,348259
8210,879517	-121,783791
8211,552429	-121,210014
8212,225342	-120,347954
8212,898254	-119,780701
8213,571167	-119,421143
8214,244080	-120,042091
8214,916992	-120,131958
8215,589905	-119,511833
8216,262817	-120,028900
8216,935730	-120,912407
8217,608643	-121,314888
8218,281555	-120,147324
8218,954468	-119,156662
8219,627380	-120,337669
8220,300293	-120,994202
8220,973206	-120,169411
8221,646118	-121,708740
8222,319031	-121,188698
8222,991943	-119,745712
8223,664856	-119,584663
8224,337769	-120,452209
8225,010681	-121,918396
8225,683594	-120,508415
8226,356506	-120,593330
8227,029419	-121,176384
8227,702332	-119,519875
8228,375244	-119,882286
8229,048157	-121,227745
8229,721069	-120,037155
8230,393982	-119,777191
8231,066895	-121,682922
8231,739807	-120,380783
8232,412720	-119,517151
8233,085632	-118,735641
8233,758545	-120,604088
8234,431458	-122,144020
8235,104370	-120,839981
8235,777283	-120,817230
8236,450195	-121,062859
8237,123108	-120,104126
8237,796021	-120,829529
8238,468933	-122,315475
8239,141846	-120,979721
8239,814758	-120,354752
8240,487671	-118,930618
8241,160583	-119,350433
8241,833496	-121,329063
8242,506409	-120,531799
8243,179321	-119,466003
8243,852234	-120,080193
8244,525146	-121,389465
8245,198059	-120,041977
8245,870972	-119,194122
8246,543884	-119,926537
8247,216797	-122,039024
8247,889709	-121,472603
8248,562622	-121,437408
8249,235535	-122,005875
8249,908447	-120,788780
8250,581360	-121,616028
8251,254272	-121,297173
8251,927185	-120,349930
8252,600098	-121,232529
8253,273010	-122,001930
8253,945923	-121,185913
8254,618835	-120,547707
8255,291748	-119,421593
8255,964661	-120,133736
8256,637573	-121,426727
8257,310486	-120,124382
8257,983398	-121,951965
8258,656311	-121,942276
8259,329224	-121,919556
8260,002136	-121,821533
8260,675049	-120,708900
8261,347961	-120,622414
8262,020874	-121,311623
8262,693787	-120,523483
8263,366699	-118,149246
8264,039612	-118,061104
8264,712524	-120,135201
8265,385437	-120,641182
8266,058350	-120,587502
8266,731262	-121,151001
8267,404175	-121,321266
8268,077087	-119,704842
8268,750000	-119,507332
8269,422913	-121,722946
8270,095825	-121,531410
8270,768738	-121,163483
8271,441650	-119,567383
8272,114563	-117,768539
8272,787476	-118,739639
8273,460388	-120,857445
8274,133301	-120,644897
8274,806213	-119,388557
8275,479126	-119,814674
8276,152039	-120,221687
8276,824951	-119,596596
8277,497864	-119,970512
8278,170776	-119,251884
8278,843689	-119,488281
8279,516602	-120,084343
8280,189514	-120,455299
8280,862427	-121,521332
8281,535339	-120,244987
8282,208252	-120,351097
8282,881165	-121,221947
8283,554077	-120,646950
8284,226990	-120,028885
8284,899902	-121,050156
8285,572815	-120,845932
8286,245728	-120,856689
8286,918640	-120,686493
8287,591553	-121,202873
8288,264465	-121,168106
8288,937378	-120,808884
8289,610291	-121,605568
8290,283203	-122,369736
8290,956116	-120,817047
8291,629028	-121,105469
8292,301941	-120,667671
8292,974854	-121,527321
8293,647766	-121,820686
8294,320679	-121,093224
8294,993591	-121,136253
8295,666504	-120,987358
8296,339417	-120,370300
8297,012329	-120,597649
8297,685242	-120,305443
8298,358154	-120,480591
8299,031067	-121,432495
8299,703979	-122,071190
8300,376892	-121,673515
8301,049805	-120,750145
8301,722717	-121,224014
8302,395630	-120,824669
8303,068542	-120,540131
8303,741455	-120,061546
8304,414368	-120,239433
8305,087280	-121,064240
8305,760193	-120,355453
8306,433105	-120,820595
8307,106018	-119,650726
8307,778931	-117,983765
8308,451843	-118,922508
8309,124756	-120,356514
8309,797668	-121,300690
8310,470581	-118,732819
8311,143494	-119,220558
8311,816406	-121,339500
8312,489319	-120,852020
8313,162231	-120,671700
8313,835144	-120,954407
8314,508057	-121,602608
8315,180969	-120,672249
8315,853882	-121,901154
8316,526794	-121,792839
8317,199707	-121,235748
8317,872620	-120,922882
8318,545532	-119,033737
8319,218445	-118,411064
8319,891357	-120,561897
8320,564270	-120,764351
8321,237183	-119,023682
8321,910095	-118,395309
8322,583008	-119,895058
8323,255920	-122,285370
8323,928833	-121,352486
8324,601746	-121,467789
8325,274658	-121,512253
8325,947571	-121,733406
8326,620483	-121,597771
8327,293396	-120,886505
8327,966309	-120,938141
8328,639221	-121,072159
8329,312134	-121,594849
8329,985046	-121,014183
8330,657959	-120,123245
8331,330872	-121,526436
8332,003784	-121,522583
8332,676697	-119,306885
8333,349609	-119,779068
8334,022522	-121,639778
8334,695435	-121,589348
8335,368347	-121,307281
8336,041260	-121,917900
8336,714172	-121,358360
8337,387085	-120,988197
8338,059998	-121,061050
8338,732910	-121,048653
8339,405823	-121,065720
8340,078735	-121,171646
8340,751648	-121,096298
8341,424561	-120,434677
8342,097473	-120,680565
8342,770386	-121,252159
8343,443298	-120,956200
8344,116211	-120,486351
8344,789124	-121,390488
8345,462036	-122,055023
8346,134949	-122,082024
8346,807861	-121,566071
8347,480774	-121,278412
8348,153687	-121,845284
8348,826599	-121,720955
8349,499512	-121,854820
8350,172424	-121,809097
8350,845337	-122,416496
8351,518250	-122,575043
8352,191162	-121,173286
8352,864075	-120,978622
8353,536987	-121,434761
8354,209900	-121,837868
8354,882812	-121,556190
8355,555725	-122,099815
8356,228638	-120,934647
8356,901550	-120,713783
8357,574463	-121,230598
8358,247375	-122,183830
8358,920288	-121,766785
8359,593201	-121,583862
8360,266113	-121,407570
8360,939026	-121,188393
8361,611938	-120,566826
8362,284851	-121,480156
8362,957764	-121,770859
8363,630676	-121,513664
8364,303589	-120,822311
8364,976501	-120,392311
8365,649414	-120,454247
8366,322327	-120,591286
8366,995239	-119,991066
8367,668152	-120,416840
8368,341064	-122,028526
8369,013977	-121,445068
8369,686890	-121,781914
8370,359802	-121,532494
8371,032715	-121,258064
8371,705627	-118,821487
8372,378540	-119,063316
8373,051453	-120,765915
8373,724365	-121,800240
8374,397278	-119,438202
8375,070190	-118,670837
8375,743103	-120,807465
8376,416016	-121,945312
8377,088928	-121,191330
8377,761841	-120,275597
8378,434753	-119,949188
8379,107666	-121,331268
8379,780579	-121,741440
8380,453491	-120,392838
8381,126404	-118,756355
8381,799316	-119,431786
8382,472229	-119,495667
8383,145142	-119,673172
8383,818054	-120,598465
8384,490967	-121,113197
8385,163879	-122,008614
8385,836792	-121,529755
8386,509705	-120,893105
8387,182617	-121,283218
8387,855530	-121,687012
8388,528442	-121,330986
8389,201355	-121,452339
8389,874268	-120,164749
8390,547180	-120,008369
8391,220093	-120,685249
8391,893005	-120,781052
8392,565918	-120,835762
8393,238831	-121,807816
8393,911743	-121,046913
8394,584656	-121,367844
8395,257568	-122,878944
8395,930481	-122,272758
8396,603394	-120,878395
8397,276306	-120,257896
8397,949219	-119,867363
8398,622131	-120,445778
8399,295044	-120,645782
8399,967957	-121,832291
8400,640869	-121,068954
8401,313782	-121,641151
8401,986694	-121,767448
8402,659607	-121,181221
8403,332520	-120,929794
8404,005432	-121,924622
8404,678345	-121,611305
8405,351257	-121,762627
8406,024170	-121,347778
8406,697083	-121,040672
8407,369995	-121,637978
8408,042908	-121,228127
8408,715820	-120,066193
8409,388733	-121,086075
8410,061646	-119,742859
8410,734558	-120,265083
8411,407471	-121,072670
8412,080383	-120,752327
8412,753296	-119,845070
8413,426208	-120,624832
8414,099121	-121,009506
8414,772034	-121,579887
8415,444946	-121,226532
8416,117859	-120,762642
8416,790771	-120,762543
8417,463684	-120,849861
8418,136597	-121,683586
8418,809509	-121,142914
8419,482422	-119,809761
8420,155334	-119,652405
8420,828247	-119,951103
8421,501160	-120,637108
8422,174072	-120,672577
8422,846985	-120,595245
8423,519897	-119,657791
8424,192810	-120,266830
8424,865723	-119,986755
8425,538635	-120,007301
8426,211548	-120,884514
8426,884460	-120,270142
8427,557373	-120,815842
8428,230286	-119,719032
8428,903198	-119,302483
8429,576111	-121,218262
8430,249023	-120,885323
8430,921936	-119,741844
8431,594849	-120,136475
8432,267761	-120,956268
8432,940674	-120,940987
8433,613586	-122,305145
8434,286499	-122,251442
8434,959412	-121,834114
8435,632324	-121,919022
8436,305237	-120,466049
8436,978149	-119,855522
8437,651062	-120,691948
8438,323975	-120,496735
8438,996887	-122,021057
8439,669800	-119,553879
8440,342712	-119,609741
8441,015625	-120,623016
8441,688538	-121,021873
8442,361450	-121,656891
8443,034363	-121,787621
8443,707275	-122,039680
8444,380188	-120,996437
8445,053101	-121,409584
8445,726013	-120,757523
8446,398926	-120,350189
8447,071838	-121,466827
8447,744751	-119,880974
8448,417664	-118,914482
8449,090576	-119,210060
8449,763489	-119,468033
8450,436401	-121,628998
8451,109314	-121,229797
8451,782227	-120,772530
8452,455139	-120,050743
8453,128052	-120,841141
8453,800964	-121,291046
8454,473877	-121,669449
8455,146790	-121,404320
8455,819702	-120,094131
8456,492615	-120,804863
8457,165527	-122,148201
8457,838440	-122,200752
8458,511353	-120,268906
8459,184265	-119,053970
8459,857178	-120,038864
8460,530090	-121,149605
8461,203003	-121,293175
8461,875916	-120,862198
8462,548828	-120,967239
8463,221741	-121,096733
8463,894653	-119,978363
8464,567566	-120,854256
8465,240479	-120,964584
8465,913391	-120,731468
8466,586304	-120,711258
8467,259216	-120,283783
8467,932129	-121,306084
8468,605042	-121,014351
8469,277954	-120,960121
8469,950867	-121,196487
8470,623779	-119,982811
8471,296692	-120,862633
8471,969604	-122,138992
8472,642517	-121,515923
8473,315430	-120,452553
8473,988342	-121,083588
8474,661255	-121,656784
8475,334167	-122,090431
8476,007080	-120,802490
8476,679993	-120,797592
8477,352905	-120,589226
8478,025818	-121,373276
8478,698730	-120,837196
8479,371643	-119,990616
8480,044556	-119,691315
8480,717468	-121,116135
8481,390381	-120,728477
8482,063293	-121,434418
8482,736206	-121,240196
8483,409119	-120,541946
8484,082031	-120,004158
8484,754944	-120,034485
8485,427856	-121,040436
8486,100769	-120,987854
8486,773682	-121,148842
8487,446594	-120,924469
8488,119507	-121,234863
8488,792419	-120,845695
8489,465332	-121,056427
8490,138245	-121,256470
8490,811157	-119,735504
8491,484070	-119,607544
8492,156982	-121,099792
8492,829895	-121,739815
8493,502808	-121,019669
8494,175720	-120,669044
8494,848633	-120,036133
8495,521545	-120,498390
8496,194458	-120,895699
8496,867371	-120,300781
8497,540283	-120,404152
8498,213196	-120,778061
8498,886108	-120,996048
8499,559021	-122,109756
8500,231934	-121,880737
8500,904846	-120,776138
8501,577759	-121,987869
8502,250671	-122,631386
8502,923584	-121,617249
8503,596497	-120,844963
8504,269409	-121,175278
8504,942322	-119,652740
8505,615234	-119,569046
8506,288147	-120,944344
8506,961060	-120,682961
8507,633972	-118,980087
8508,306885	-118,945839
8508,979797	-121,803558
8509,652710	-121,064262
8510,325623	-119,921913
8510,998535	-120,802238
8511,671448	-120,670494
8512,344360	-120,931503
8513,017273	-121,369308
8513,690186	-119,860588
8514,363098	-120,356697
8515,036011	-120,924026
8515,708923	-121,089050
8516,381836	-120,506256
8517,054749	-120,900131
8517,727661	-121,231339
8518,400574	-121,155045
8519,073486	-120,563011
8519,746399	-120,309349
8520,419312	-120,515343
8521,092224	-119,553650
8521,765137	-120,329254
8522,438049	-120,615532
8523,110962	-120,069153
8523,783875	-120,697868
8524,456787	-121,761826
8525,129700	-120,998070
8525,802612	-121,853149
8526,475525	-121,173058
8527,148438	-120,592201
8527,821350	-119,939941
8528,494263	-119,614159
8529,167175	-121,552658
8529,840088	-121,141068
8530,513000	-120,915588
8531,185913	-121,727654
8531,858826	-121,055847
8532,531738	-119,331551
8533,204651	-120,754189
8533,877563	-121,259605
8534,550476	-121,886093
8535,223389	-121,821556
8535,896301	-120,391006
8536,569214	-121,561630
8537,242126	-121,258217
8537,915039	-120,295349
8538,587952	-120,996872
8539,260864	-119,324814
8539,933777	-120,295425
8540,606689	-120,652077
8541,279602	-120,749191
8541,952515	-121,223442
8542,625427	-121,125580
8543,298340	-120,706497
8543,971252	-121,628067
8544,644165	-122,003632
8545,317078	-120,781555
8545,989990	-119,842636
8546,662903	-119,422546
8547,335815	-119,639793
8548,008728	-120,425232
8548,681641	-121,705582
8549,354553	-120,291481
8550,027466	-119,591301
8550,700378	-119,654907
8551,373291	-120,793396
8552,046204	-120,769943
8552,719116	-121,684059
8553,392029	-121,700867
8554,064941	-121,759621
8554,737854	-121,160301
8555,410767	-120,581665
8556,083679	-121,150871
8556,756592	-122,199318
8557,429504	-121,605858
8558,102417	-120,816971
8558,775330	-120,894966
8559,448242	-120,179802
8560,121155	-120,451805
8560,794067	-120,738518
8561,466980	-121,528008
8562,139893	-120,891090
8562,812805	-121,038124
8563,485718	-121,183861
8564,158630	-121,147720
8564,831543	-120,533173
8565,504456	-121,026825
8566,177368	-121,763023
8566,850281	-121,402046
8567,523193	-119,916885
8568,196106	-121,131310
8568,869019	-121,468857
8569,541931	-121,325645
8570,214844	-122,222168
8570,887756	-121,775566
8571,560669	-121,483795
8572,233582	-121,256699
8572,906494	-120,651375
8573,579407	-120,449112
8574,252319	-120,016487
8574,925232	-119,413757
8575,598145	-118,984200
8576,271057	-119,688606
8576,943970	-121,133217
8577,616882	-121,819542
8578,289795	-121,783089
8578,962708	-121,040596
8579,635620	-120,569931
8580,308533	-119,539612
8580,981445	-118,979675
8581,654358	-120,197975
8582,327271	-121,378609
8583,000183	-122,056351
8583,673096	-121,627663
8584,346008	-120,501297
8585,018921	-119,563332
8585,691833	-119,644547
8586,364746	-120,321938
8587,037659	-121,112061
8587,710571	-119,905502
8588,383484	-119,925339
8589,056396	-120,341995
8589,729309	-120,964424
8590,402222	-121,412971
8591,075134	-121,028267
8591,748047	-121,290352
8592,420959	-121,451721
8593,093872	-121,909676
8593,766785	-121,584305
8594,439697	-121,549751
8595,112610	-120,977737
8595,785522	-121,142471
8596,458435	-120,476303
8597,131348	-120,556549
8597,804260	-120,376808
8598,477173	-121,132545
8599,150085	-121,567108
8599,822998	-119,969940
8600,495911	-118,977921
8601,168823	-119,608810
8601,841736	-120,703964
8602,514648	-120,958839
8603,187561	-120,131157
8603,860474	-119,845436
8604,533386	-120,059746
8605,206299	-120,621330
8605,879211	-121,505646
8606,552124	-121,312721
8607,225037	-120,709030
8607,897949	-121,703011
8608,570862	-122,319748
8609,243774	-121,497887
8609,916687	-121,718277
8610,589600	-120,719109
8611,262512	-120,565048
8611,935425	-120,420692
8612,608337	-120,747566
8613,281250	-120,728218
8613,954163	-120,682693
8614,627075	-121,344795
8615,299988	-122,010880
8615,972900	-121,921402
8616,645813	-122,365089
8617,318726	-121,884750
8617,991638	-120,800285
8618,664551	-120,939545
8619,337463	-121,148697
8620,010376	-121,546371
8620,683289	-121,764793
8621,356201	-121,658485
8622,029114	-120,769547
8622,702026	-120,624947
8623,374939	-121,066147
8624,047852	-121,933357
8624,720764	-122,082199
8625,393677	-120,835228
8626,066589	-121,535431
8626,739502	-121,525772
8627,412415	-120,179276
8628,085327	-119,594055
8628,758240	-121,043800
8629,431152	-121,805695
8630,104065	-120,418648
8630,776978	-119,783722
8631,449890	-120,353920
8632,122803	-118,835312
8632,795715	-118,839790
8633,468628	-120,694290
8634,141541	-120,120842
8634,814453	-118,148537
8635,487366	-118,406715
8636,160278	-120,836052
8636,833191	-120,599106
8637,506104	-119,138222
8638,179016	-120,474701
8638,851929	-121,087799
8639,524841	-120,402847
8640,197754	-120,202545
8640,870667	-121,319138
8641,543579	-120,688133
8642,216492	-119,989944
8642,889404	-122,062294
8643,562317	-120,321404
8644,235229	-120,255287
8644,908142	-120,316811
8645,581055	-121,102936
8646,253967	-120,889427
8646,926880	-121,234512
8647,599792	-121,060143
8648,272705	-119,916962
8648,945618	-120,416565
8649,618530	-121,138672
8650,291443	-121,550385
8650,964355	-120,553482
8651,637268	-120,450546
8652,310181	-121,504173
8652,983093	-118,877113
8653,656006	-118,743217
8654,328918	-120,217651
8655,001831	-121,148972
8655,674744	-121,400963
8656,347656	-120,347870
8657,020569	-121,174797
8657,693481	-120,616974
8658,366394	-120,639626
8659,039307	-119,347481
8659,712219	-118,508057
8660,385132	-116,623199
8661,058044	-117,453613
8661,730957	-120,256599
8662,403870	-119,020355
8663,076782	-119,351486
8663,749695	-119,660835
8664,422607	-120,408859
8665,095520	-121,734497
8665,768433	-121,086731
8666,441345	-120,406738
8667,114258	-121,809441
8667,787170	-122,261429
8668,460083	-121,583473
8669,132996	-122,463654
8669,805908	-121,278618
8670,478821	-119,240829
8671,151733	-119,515152
8671,824646	-120,220360
8672,497559	-120,976173
8673,170471	-119,464615
8673,843384	-119,078651
8674,516296	-121,499046
8675,189209	-121,555695
8675,862122	-121,062737
8676,535034	-120,380318
8677,207947	-121,802933
8677,880859	-120,813499
8678,553772	-121,121346
8679,226685	-120,674774
8679,899597	-120,137672
8680,572510	-119,814209
8681,245422	-121,269753
8681,918335	-120,727417
8682,591248	-119,989037
8683,264160	-119,372040
8683,937073	-118,547974
8684,609985	-120,073372
8685,282898	-121,341347
8685,955811	-119,187454
8686,628723	-120,174339
8687,301636	-120,993851
8687,974548	-120,221001
8688,647461	-121,654839
8689,320374	-119,983704
8689,993286	-120,695679
8690,666199	-121,348091
8691,339111	-120,511223
8692,012024	-119,864601
8692,684937	-119,529076
8693,357849	-120,445656
8694,030762	-121,142082
8694,703674	-121,014229
8695,376587	-121,243393
8696,049500	-121,083710
8696,722412	-120,818878
8697,395325	-120,698540
8698,068237	-121,001099
8698,741150	-120,097427
8699,414062	-121,389915
8700,086975	-120,280441
8700,759888	-118,804344
8701,432800	-120,982674
8702,105713	-121,699203
8702,778625	-121,746155
8703,451538	-121,029778
8704,124451	-120,832680
8704,797363	-120,961586
8705,470276	-121,609688
8706,143188	-119,632935
8706,816101	-119,175064
8707,489014	-119,346916
8708,161926	-121,198357
8708,834839	-120,817078
8709,507751	-120,359230
8710,180664	-121,294975
8710,853577	-121,940720
8711,526489	-120,901222
8712,199402	-120,379532
8712,872314	-119,674858
8713,545227	-119,664650
8714,218140	-121,057281
8714,891052	-120,759430
8715,563965	-121,684341
8716,236877	-121,592850
8716,909790	-121,692917
8717,582703	-120,690590
8718,255615	-120,988838
8718,928528	-121,855431
8719,601440	-120,197044
8720,274353	-120,797607
8720,947266	-120,320541
8721,620178	-119,901726
8722,293091	-120,069931
8722,966003	-121,283234
8723,638916	-121,559677
8724,311829	-120,795120
8724,984741	-120,227211
8725,657654	-120,853508
8726,330566	-120,076561
8727,003479	-121,511208
8727,676392	-120,293747
8728,349304	-120,775734
8729,022217	-120,059769
8729,695129	-120,070610
8730,368042	-121,531815
8731,040955	-121,705475
8731,713867	-121,332832
8732,386780	-121,121208
8733,059692	-121,068367
8733,732605	-120,099571
8734,405518	-120,740082
8735,078430	-120,653435
8735,751343	-121,681252
8736,424255	-121,909302
8737,097168	-120,640152
8737,770081	-119,927177
8738,442993	-121,631645
8739,115906	-121,851982
8739,788818	-121,565758
8740,461731	-120,773193
8741,134644	-119,895470
8741,807556	-120,133011
8742,480469	-121,179955
8743,153381	-121,984703
8743,826294	-121,632233
8744,499207	-119,715759
8745,172119	-119,043877
8745,845032	-121,231560
8746,517944	-120,862236
8747,190857	-121,504501
8747,863770	-121,503372
8748,536682	-121,245644
8749,209595	-121,906425
8749,882507	-122,323700
8750,555420	-122,037025
8751,228333	-121,086441
8751,901245	-120,768799
8752,574158	-120,471710
8753,247070	-120,975281
8753,919983	-121,358383
8754,592896	-120,814438
8755,265808	-121,085548
8755,938721	-120,531296
8756,611633	-121,738792
8757,284546	-120,645119
8757,957458	-120,020401
8758,630371	-121,116608
8759,303284	-120,562271
8759,976196	-121,367867
8760,649109	-120,950836
8761,322021	-122,174606
8761,994934	-120,840271
8762,667847	-120,083923
8763,340759	-120,446671
8764,013672	-122,278580
8764,686584	-122,512787
8765,359497	-122,566826
8766,032410	-122,656487
8766,705322	-120,492973
8767,378235	-120,284355
8768,051147	-120,872070
8768,724060	-120,210564
8769,396973	-121,462784
8770,069885	-121,125992
8770,742798	-119,877914
8771,415710	-120,385452
8772,088623	-118,711639
8772,761536	-119,329224
8773,434448	-120,952881
8774,107361	-121,041107
8774,780273	-120,865227
8775,453186	-120,728462
8776,126099	-121,273682
8776,799011	-121,573242
8777,471924	-121,969627
8778,144836	-121,504242
8778,817749	-121,918655
8779,490662	-122,066597
8780,163574	-121,431335
8780,836487	-121,302010
8781,509399	-120,950218
8782,182312	-120,732414
8782,855225	-120,351234
8783,528137	-120,511551
8784,201050	-120,424721
8784,873962	-120,500954
8785,546875	-121,375954
8786,219788	-121,425133
8786,892700	-121,502029
8787,565613	-121,687485
8788,238525	-121,642181
8788,911438	-120,005402
8789,584351	-119,036880
8790,257263	-119,886719
8790,930176	-121,192032
8791,603088	-121,154617
8792,276001	-120,974319
8792,948914	-121,320999
8793,621826	-122,519608
8794,294739	-121,465431
8794,967651	-120,618057
8795,640564	-119,346329
8796,313477	-119,921562
8796,986389	-121,068336
8797,659302	-120,960526
8798,332214	-122,246941
8799,005127	-122,212410
8799,678040	-121,014015
8800,350952	-120,367035
8801,023865	-120,960747
8801,696777	-120,019302
8802,369690	-119,576805
8803,042603	-120,150688
8803,715515	-119,547546
8804,388428	-120,133751
8805,061340	-121,438934
8805,734253	-121,906593
8806,407166	-121,213318
8807,080078	-121,583778
8807,752991	-121,259781
8808,425903	-119,744400
8809,098816	-119,992577
8809,771729	-121,973579
8810,444641	-121,073212
8811,117554	-121,085007
8811,790466	-120,161438
8812,463379	-120,048737
8813,136292	-121,199478
8813,809204	-121,301575
8814,482117	-121,360245
8815,155029	-121,548500
8815,827942	-121,382263
8816,500854	-121,654610
8817,173767	-120,875885
8817,846680	-120,743484
8818,519592	-121,020973
8819,192505	-121,670303
8819,865417	-121,477356
8820,538330	-121,207405
8821,211243	-121,423363
8821,884155	-121,569946
8822,557068	-120,939613
8823,229980	-121,915680
8823,902893	-121,971603
8824,575806	-120,934608
8825,248718	-120,869644
8825,921631	-121,999939
8826,594543	-122,043594
8827,267456	-121,798637
8827,940369	-121,387909
8828,613281	-120,999405
8829,286194	-121,551834
8829,959106	-120,440819
8830,632019	-120,905136
8831,304932	-120,917831
8831,977844	-121,241653
8832,650757	-121,488068
8833,323669	-120,886955
8833,996582	-120,772644
8834,669495	-120,946342
8835,342407	-122,448380
8836,015320	-121,937408
8836,688232	-121,584854
8837,361145	-120,736938
8838,034058	-121,215790
8838,706970	-121,085289
8839,379883	-121,464996
8840,052795	-120,159508
8840,725708	-119,291527
8841,398621	-120,381607
8842,071533	-121,226425
8842,744446	-120,843849
8843,417358	-119,989388
8844,090271	-120,351662
8844,763184	-121,086922
8845,436096	-120,277168
8846,109009	-121,610703
8846,781921	-122,108047
8847,454834	-121,317154
8848,127747	-120,732262
8848,800659	-120,694786
8849,473572	-121,729729
8850,146484	-121,324150
8850,819397	-120,445503
8851,492310	-121,397804
8852,165222	-121,975441
8852,838135	-121,239250
8853,511047	-122,108292
8854,183960	-121,430641
8854,856873	-120,711975
8855,529785	-121,071938
8856,202698	-121,359230
8856,875610	-121,928902
8857,548523	-121,212990
8858,221436	-121,843925
8858,894348	-122,125893
8859,567261	-121,810501
8860,240173	-120,760132
8860,913086	-120,546410
8861,585999	-121,059357
8862,258911	-121,034485
8862,931824	-120,753914
8863,604736	-120,962921
8864,277649	-120,917168
8864,950562	-121,043816
8865,623474	-121,874313
8866,296387	-121,663673
8866,969299	-121,249634
8867,642212	-120,769173
8868,315125	-121,718781
8868,988037	-121,475113
8869,660950	-120,884415
8870,333862	-121,724411
8871,006775	-122,014008
8871,679688	-121,863365
8872,352600	-121,047073
8873,025513	-121,085472
8873,698425	-121,711830
8874,371338	-122,084816
8875,044250	-121,507324
8875,717163	-122,054909
8876,390076	-120,703926
8877,062988	-120,377762
8877,735901	-120,545425
8878,408813	-119,531067
8879,081726	-119,155334
8879,754639	-119,704590
8880,427551	-120,306038
8881,100464	-120,261261
8881,773376	-119,278709
8882,446289	-119,247414
8883,119202	-120,132133
8883,792114	-121,494980
8884,465027	-121,085182
8885,137939	-120,635406
8885,810852	-121,267632
8886,483765	-121,645294
8887,156677	-122,052521
8887,829590	-121,455116
8888,502502	-121,030312
8889,175415	-121,129868
8889,848328	-121,148949
8890,521240	-120,197571
8891,194153	-119,392036
8891,867065	-119,774780
8892,539978	-120,299950
8893,212891	-121,478729
8893,885803	-120,036049
8894,558716	-119,816322
8895,231628	-120,895760
8895,904541	-121,153168
8896,577454	-120,640648
8897,250366	-121,660904
8897,923279	-121,893440
8898,596191	-122,282028
8899,269104	-122,005981
8899,942017	-121,202003
8900,614929	-121,007088
8901,287842	-120,260513
8901,960754	-120,800476
8902,633667	-121,692055
8903,306580	-120,822601
8903,979492	-121,222618
8904,652405	-121,045097
8905,325317	-120,227455
8905,998230	-120,767937
8906,671143	-120,880432
8907,344055	-121,152405
8908,016968	-122,141624
8908,689880	-122,178596
8909,362793	-122,084686
8910,035706	-121,658386
8910,708618	-121,030136
8911,381531	-121,103249
8912,054443	-121,203812
8912,727356	-120,544815
8913,400269	-121,374832
8914,073181	-121,269310
8914,746094	-120,655479
8915,419006	-120,916290
8916,091919	-121,309425
8916,764832	-122,062080
8917,437744	-122,147072
8918,110657	-121,736130
8918,783569	-121,521622
8919,456482	-121,200722
8920,129395	-121,460083
8920,802307	-122,069855
8921,475220	-121,932335
8922,148132	-121,253746
8922,821045	-121,078033
8923,493958	-121,885956
8924,166870	-121,678734
8924,839783	-121,356979
8925,512695	-121,995880
8926,185608	-122,966652
8926,858521	-122,077026
8927,531433	-121,248093
8928,204346	-119,912270
8928,877258	-119,138672
8929,550171	-120,438248
8930,223083	-121,163429
8930,895996	-121,044884
8931,568909	-121,001335
8932,241821	-120,824394
8932,914734	-121,331375
8933,587646	-121,420822
8934,260559	-121,423500
8934,933472	-121,270645
8935,606384	-120,345383
8936,279297	-121,028725
8936,952209	-120,856880
8937,625122	-120,744461
8938,298035	-121,602249
8938,970947	-121,151718
8939,643860	-121,499115
8940,316772	-120,643059
8940,989685	-119,866653
8941,662598	-120,533775
8942,335510	-120,691879
8943,008423	-120,545326
8943,681335	-120,082642
8944,354248	-120,211617
8945,027161	-121,457390
8945,700073	-120,653427
8946,372986	-120,301270
8947,045898	-121,484550
8947,718811	-121,544968
8948,391724	-121,120728
8949,064636	-120,647720
8949,737549	-121,029388
8950,410461	-121,188339
8951,083374	-121,207390
8951,756287	-121,030632
8952,429199	-121,624458
8953,102112	-121,233856
8953,775024	-120,612236
8954,447937	-120,805458
8955,120850	-121,271179
8955,793762	-120,926468
8956,466675	-120,129837
8957,139587	-120,490501
8957,812500	-121,306183
8958,485413	-121,088188
8959,158325	-120,575806
8959,831238	-121,178070
8960,504150	-121,755676
8961,177063	-121,330734
8961,849976	-120,473167
8962,522888	-120,763580
8963,195801	-121,248383
8963,868713	-121,652328
8964,541626	-121,742699
8965,214539	-121,174446
8965,887451	-120,565948
8966,560364	-121,379921
8967,233276	-119,637772
8967,906189	-119,663300
8968,579102	-120,127884
8969,252014	-120,838264
8969,924927	-122,105293
8970,597839	-122,056320
8971,270752	-121,918037
8971,943665	-121,488510
8972,616577	-121,317833
8973,289490	-120,257515
8973,962402	-120,525154
8974,635315	-121,088234
8975,308228	-121,353447
8975,981140	-121,587868
8976,654053	-121,258080
8977,326965	-121,819420
8977,999878	-121,387184
8978,672791	-120,874908
8979,345703	-121,670708
8980,018616	-121,911980
8980,691528	-121,984398
8981,364441	-122,146385
8982,037354	-121,092628
8982,710266	-121,580254
8983,383179	-121,065475
8984,056091	-120,176895
8984,729004	-120,164619
8985,401917	-121,040977
8986,074829	-121,762245
8986,747742	-121,651070
8987,420654	-120,745384
8988,093567	-119,744873
8988,766479	-120,925758
8989,439392	-120,434349
8990,112305	-120,855515
8990,785217	-120,658440
8991,458130	-120,362129
8992,131042	-121,780769
8992,803955	-120,780746
8993,476868	-121,201378
8994,149780	-121,806702
8994,822693	-121,007950
8995,495605	-119,596375
8996,168518	-119,182373
8996,841431	-119,893242
8997,514343	-120,917198
8998,187256	-121,088943
8998,860168	-121,203720
8999,533081	-121,029839
9000,205994	-120,248169
9000,878906	-119,975449
9001,551819	-121,046120
9002,224731	-119,246208
9002,897644	-119,855309
9003,570557	-121,339897
9004,243469	-121,338219
9004,916382	-120,477272
9005,589294	-120,574913
9006,262207	-121,597191
9006,935120	-121,791153
9007,608032	-121,610001
9008,280945	-121,968697
9008,953857	-121,790230
9009,626770	-121,414368
9010,299683	-121,371536
9010,972595	-121,619537
9011,645508	-121,480240
9012,318420	-121,062775
9012,991333	-121,016838
9013,664246	-120,356277
9014,337158	-120,160652
9015,010071	-120,371948
9015,682983	-120,902046
9016,355896	-120,685097
9017,028809	-120,100288
9017,701721	-121,173973
9018,374634	-121,957588
9019,047546	-121,758965
9019,720459	-121,125000
9020,393372	-120,918213
9021,066284	-121,518837
9021,739197	-121,224098
9022,412109	-121,153656
9023,085022	-121,308083
9023,757935	-120,615120
9024,430847	-120,103973
9025,103760	-120,769958
9025,776672	-121,288078
9026,449585	-121,514084
9027,122498	-122,575287
9027,795410	-121,619240
9028,468323	-121,114204
9029,141235	-121,098572
9029,814148	-121,184677
9030,487061	-121,296242
9031,159973	-120,751457
9031,832886	-119,878586
9032,505798	-121,024185
9033,178711	-121,048416
9033,851624	-121,830704
9034,524536	-121,661415
9035,197449	-121,079918
9035,870361	-121,122261
9036,543274	-121,331375
9037,216187	-120,928383
9037,889099	-120,881264
9038,562012	-120,983009
9039,234924	-121,325562
9039,907837	-121,707336
9040,580750	-122,410683
9041,253662	-121,975281
9041,926575	-120,892532
9042,599487	-120,855179
9043,272400	-122,036476
9043,945312	-121,288071
9044,618225	-121,051971
9045,291138	-121,286240
9045,964050	-118,989227
9046,636963	-118,936234
9047,309875	-120,506897
9047,982788	-120,770988
9048,655701	-120,570145
9049,328613	-119,251167
9050,001526	-120,641785
9050,674438	-120,901436
9051,347351	-120,822151
9052,020264	-121,159218
9052,693176	-120,280029
9053,366089	-119,334877
9054,039001	-120,263748
9054,711914	-119,650398
9055,384827	-120,909515
9056,057739	-121,351280
9056,730652	-120,987549
9057,403564	-121,314705
9058,076477	-121,014488
9058,749390	-121,370735
9059,422302	-121,841629
9060,095215	-121,504227
9060,768127	-120,844040
9061,441040	-121,236504
9062,113953	-121,636063
9062,786865	-120,738495
9063,459778	-121,020279
9064,132690	-121,603775
9064,805603	-121,584068
9065,478516	-121,693657
9066,151428	-121,726685
9066,824341	-121,004936
9067,497253	-121,477005
9068,170166	-121,276428
9068,843079	-121,315491
9069,515991	-120,838760
9070,188904	-121,064392
9070,861816	-120,686668
9071,534729	-120,144737
9072,207642	-121,299438
9072,880554	-121,160698
9073,553467	-120,868744
9074,226379	-120,543396
9074,899292	-120,955528
9075,572205	-121,195564
9076,245117	-120,883881
9076,918030	-120,648811
9077,590942	-121,709984
9078,263855	-121,759598
9078,936768	-120,586563
9079,609680	-120,343269
9080,282593	-121,257317
9080,955505	-120,177094
9081,628418	-119,497131
9082,301331	-119,486855
9082,974243	-119,263527
9083,647156	-120,934273
9084,320068	-119,818100
9084,992981	-119,790359
9085,665894	-121,379303
9086,338806	-120,863823
9087,011719	-121,241806
9087,684631	-120,895767
9088,357544	-121,264610
9089,030457	-120,889420
9089,703369	-120,291481
9090,376282	-120,310478
9091,049194	-120,802162
9091,722107	-121,001869
9092,395020	-120,859398
9093,067932	-120,655998
9093,740845	-121,008385
9094,413757	-121,755363
9095,086670	-120,888191
9095,759583	-120,704651
9096,432495	-121,464783
9097,105408	-121,216858
9097,778320	-120,640266
9098,451233	-120,177673
9099,124146	-120,248169
9099,797058	-122,027580
9100,469971	-121,615814
9101,142883	-121,732491
9101,815796	-120,442390
9102,488708	-120,758446
9103,161621	-120,991844
9103,834534	-121,234062
9104,507446	-120,999733
9105,180359	-121,598732
9105,853271	-121,519867
9106,526184	-120,872803
9107,199097	-121,218460
9107,872009	-121,678932
9108,544922	-121,395859
9109,217834	-121,597351
9109,890747	-121,136444
9110,563660	-121,127899
9111,236572	-119,715309
9111,909485	-120,960396
9112,582397	-121,562035
9113,255310	-119,349693
9113,928223	-119,882805
9114,601135	-120,357155
9115,274048	-120,298698
9115,946960	-120,923416
9116,619873	-120,517097
9117,292786	-121,109436
9117,965698	-120,886826
9118,638611	-120,780304
9119,311523	-120,561127
9119,984436	-119,833023
9120,657349	-120,157005
9121,330261	-121,107338
9122,003174	-121,446533
9122,676086	-121,322929
9123,348999	-121,540009
9124,021912	-121,712120
9124,694824	-121,309517
9125,367737	-121,055870
9126,040649	-121,558868
9126,713562	-120,915627
9127,386475	-120,314659
9128,059387	-120,923782
9128,732300	-121,826073
9129,405212	-120,783241
9130,078125	-120,454597
9130,751038	-120,561737
9131,423950	-120,552208
9132,096863	-121,934975
9132,769775	-120,890297
9133,442688	-119,993225
9134,115601	-120,569138
9134,788513	-121,300613
9135,461426	-119,636665
9136,134338	-119,721375
9136,807251	-119,983604
9137,480164	-119,859711
9138,153076	-120,759323
9138,825989	-121,185410
9139,498901	-120,675591
9140,171814	-120,713158
9140,844727	-121,382301
9141,517639	-121,779915
9142,190552	-121,583542
9142,863464	-121,205307
9143,536377	-121,653503
9144,209290	-121,817307
9144,882202	-120,920052
9145,555115	-120,827118
9146,228027	-120,421677
9146,900940	-121,197670
9147,573853	-121,068604
9148,246765	-120,421806
9148,919678	-119,187637
9149,592590	-119,474022
9150,265503	-121,171608
9150,938416	-121,452599
9151,611328	-120,814178
9152,284241	-120,732468
9152,957153	-120,481377
9153,630066	-120,944695
9154,302979	-120,719292
9154,975891	-119,687546
9155,648804	-119,410339
9156,321716	-120,219803
9156,994629	-122,176239
9157,667542	-120,074211
9158,340454	-120,150208
9159,013367	-120,429359
9159,686279	-119,853882
9160,359192	-118,748924
9161,032104	-119,849373
9161,705017	-120,477013
9162,377930	-120,579498
9163,050842	-119,635193
9163,723755	-120,610413
9164,396667	-121,576363
9165,069580	-121,170853
9165,742493	-120,814285
9166,415405	-121,026581
9167,088318	-121,067871
9167,761230	-121,007584
9168,434143	-121,631866
9169,107056	-121,066910
9169,779968	-120,603836
9170,452881	-119,921494
9171,125793	-119,979424
9171,798706	-120,937630
9172,471619	-122,033058
9173,144531	-120,778336
9173,817444	-121,382050
9174,490356	-121,737915
9175,163269	-122,272362
9175,836182	-122,160950
9176,509094	-121,446747
9177,182007	-120,424217
9177,854919	-119,983391
9178,527832	-120,233551
9179,200745	-120,884705
9179,873657	-121,361259
9180,546570	-120,479836
9181,219482	-120,870079
9181,892395	-121,261856
9182,565308	-121,712341
9183,238220	-120,988960
9183,911133	-122,158051
9184,584045	-121,065071
9185,256958	-121,118324
9185,929871	-121,272705
9186,602783	-121,395485
9187,275696	-120,997650
9187,948608	-120,777184
9188,621521	-120,130745
9189,294434	-120,942696
9189,967346	-121,758286
9190,640259	-121,773819
9191,313171	-121,566727
9191,986084	-121,421021
9192,658997	-121,229919
9193,331909	-122,123634
9194,004822	-120,890541
9194,677734	-120,221489
9195,350647	-120,474976
9196,023560	-120,016144
9196,696472	-120,532455
9197,369385	-121,363022
9198,042297	-121,301743
9198,715210	-120,883507
9199,388123	-121,562294
9200,061035	-121,379333
9200,733948	-121,910576
9201,406860	-120,715607
9202,079773	-120,084160
9202,752686	-120,321144
9203,425598	-121,153168
9204,098511	-121,539833
9204,771423	-121,654518
9205,444336	-120,728859
9206,117249	-121,271217
9206,790161	-120,829575
9207,463074	-119,357216
9208,135986	-120,055550
9208,808899	-120,732552
9209,481812	-120,192307
9210,154724	-120,255951
9210,827637	-120,437782
9211,500549	-120,696426
9212,173462	-121,384918
9212,846375	-121,323364
9213,519287	-120,716446
9214,192200	-120,528465
9214,865112	-121,115906
9215,538025	-121,744812
9216,210938	-121,722969
9216,883850	-121,490036
9217,556763	-121,374916
9218,229675	-121,175018
9218,902588	-120,596855
9219,575500	-120,647514
9220,248413	-120,955009
9220,921326	-121,188622
9221,594238	-121,526489
9222,267151	-120,694878
9222,940063	-120,347488
9223,612976	-121,511566
9224,285889	-121,478699
9224,958801	-122,022011
9225,631714	-121,660469
9226,304626	-121,187973
9226,977539	-121,358978
9227,650452	-121,231796
9228,323364	-121,395905
9228,996277	-121,322815
9229,669189	-120,930283
9230,342102	-120,770172
9231,015015	-120,119896
9231,687927	-120,768639
9232,360840	-120,995438
9233,033752	-120,637726
9233,706665	-121,573036
9234,379578	-121,164673
9235,052490	-120,004921
9235,725403	-119,640884
9236,398315	-120,483681
9237,071228	-120,948196
9237,744141	-121,874641
9238,417053	-120,899544
9239,089966	-119,555794
9239,762878	-120,302315
9240,435791	-120,854019
9241,108704	-121,226517
9241,781616	-120,659851
9242,454529	-120,026047
9243,127441	-121,134621
9243,800354	-121,642609
9244,473267	-120,767776
9245,146179	-120,626274
9245,819092	-120,654099
9246,492004	-119,961258
9247,164917	-119,457382
9247,837830	-121,546684
9248,510742	-121,375137
9249,183655	-121,587685
9249,856567	-121,287865
9250,529480	-121,010254
9251,202393	-120,630028
9251,875305	-120,574272
9252,548218	-121,049736
9253,221130	-121,458069
9253,894043	-121,395401
9254,566956	-121,009811
9255,239868	-121,306534
9255,912781	-121,889732
9256,585693	-121,937523
9257,258606	-121,200470
9257,931519	-119,164391
9258,604431	-118,362000
9259,277344	-120,102669
9259,950256	-121,295341
9260,623169	-121,047813
9261,296082	-120,949051
9261,968994	-120,304810
9262,641907	-120,185814
9263,314819	-121,555084
9263,987732	-120,254074
9264,660645	-119,317200
9265,333557	-120,425201
9266,006470	-121,752228
9266,679382	-121,984207
9267,352295	-121,757500
9268,025208	-122,179016
9268,698120	-120,790977
9269,371033	-120,499367
9270,043945	-119,804131
9270,716858	-121,077194
9271,389771	-120,722122
9272,062683	-120,567741
9272,735596	-121,058029
9273,408508	-121,413704
9274,081421	-121,546593
9274,754333	-121,440224
9275,427246	-121,670479
9276,100159	-121,465034
9276,773071	-120,947342
9277,445984	-118,552452
9278,118896	-118,639381
9278,791809	-121,374672
9279,464722	-121,003006
9280,137634	-119,454697
9280,810547	-119,603798
9281,483459	-121,819283
9282,156372	-121,002640
9282,829285	-121,441628
9283,502197	-121,577850
9284,175110	-120,196640
9284,848022	-120,808739
9285,520935	-121,031769
9286,193848	-121,085526
9286,866760	-120,804695
9287,539673	-121,114738
9288,212585	-121,347008
9288,885498	-120,453842
9289,558411	-121,158386
9290,231323	-121,340034
9290,904236	-120,017250
9291,577148	-119,639008
9292,250061	-120,444679
9292,922974	-121,161530
9293,595886	-120,019981
9294,268799	-120,678864
9294,941711	-120,994362
9295,614624	-122,230576
9296,287537	-121,139786
9296,960449	-120,311203
9297,633362	-120,464996
9298,306274	-119,778084
9298,979187	-118,984497
9299,652100	-119,737518
9300,325012	-120,382431
9300,997925	-121,824959
9301,670837	-121,017761
9302,343750	-120,988190
9303,016663	-120,624786
9303,689575	-120,435730
9304,362488	-120,156136
9305,035400	-120,123329
9305,708313	-120,563980
9306,381226	-118,843590
9307,054138	-118,666214
9307,727051	-119,663300
9308,399963	-121,679321
9309,072876	-120,276245
9309,745789	-119,411118
9310,418701	-121,083809
9311,091614	-121,378960
9311,764526	-119,860489
9312,437439	-120,790161
9313,110352	-120,255440
9313,783264	-119,167351
9314,456177	-120,764755
9315,129089	-121,639175
9315,802002	-120,491074
9316,474915	-120,297798
9317,147827	-120,489578
9317,820740	-120,960564
9318,493652	-120,591141
9319,166565	-118,814194
9319,839478	-118,955299
9320,512390	-120,115059
9321,185303	-120,339943
9321,858215	-120,392128
9322,531128	-120,315826
9323,204041	-120,608963
9323,876953	-121,293098
9324,549866	-120,780098
9325,222778	-120,353287
9325,895691	-120,096268
9326,568604	-119,932686
9327,241516	-120,720490
9327,914429	-120,907387
9328,587341	-119,748367
9329,260254	-120,150253
9329,933167	-121,378082
9330,606079	-121,208649
9331,278992	-121,405853
9331,951904	-121,080078
9332,624817	-121,448448
9333,297729	-121,640793
9333,970642	-120,729988
9334,643555	-121,094231
9335,316467	-122,018913
9335,989380	-121,686401
9336,662292	-121,487015
9337,335205	-121,381004
9338,008118	-121,840164
9338,681030	-121,383476
9339,353943	-121,247200
9340,026855	-121,264526
9340,699768	-120,712791
9341,372681	-120,451607
9342,045593	-119,412781
9342,718506	-120,002953
9343,391418	-120,564468
9344,064331	-121,008919
9344,737244	-121,357346
9345,410156	-121,650948
9346,083069	-121,450348
9346,755981	-121,134453
9347,428894	-121,641449
9348,101807	-121,069275
9348,774719	-120,449188
9349,447632	-120,897934
9350,120544	-121,151962
9350,793457	-120,537086
9351,466370	-120,572708
9352,139282	-121,334030
9352,812195	-121,077553
9353,485107	-120,917282
9354,158020	-120,440758
9354,830933	-121,025551
9355,503845	-120,662125
9356,176758	-120,995750
9356,849670	-120,897392
9357,522583	-120,932823
9358,195496	-121,772247
9358,868408	-121,020752
9359,541321	-120,981750
9360,214233	-121,319130
9360,887146	-120,410515
9361,560059	-120,878326
9362,232971	-120,226555
9362,905884	-120,768433
9363,578796	-120,967529
9364,251709	-121,409760
9364,924622	-121,127480
9365,597534	-121,379570
9366,270447	-121,815186
9366,943359	-120,913147
9367,616272	-121,644302
9368,289185	-121,432556
9368,962097	-121,250389
9369,635010	-121,257195
9370,307922	-121,343910
9370,980835	-121,341866
9371,653748	-119,884247
9372,326660	-120,098351
9372,999573	-121,084061
9373,672485	-120,611107
9374,345398	-121,891838
9375,018311	-122,881317
9375,691223	-121,474586
9376,364136	-120,574654
9377,037048	-121,245140
9377,709961	-119,959816
9378,382874	-119,279991
9379,055786	-120,579208
9379,728699	-120,489326
9380,401611	-121,165161
9381,074524	-121,209518
9381,747437	-121,459763
9382,420349	-121,636185
9383,093262	-120,850693
9383,766174	-120,591347
9384,439087	-120,832893
9385,112000	-121,080574
9385,784912	-121,283028
9386,457825	-121,724464
9387,130737	-119,932106
9387,803650	-119,932053
9388,476562	-121,278069
9389,149475	-118,921280
9389,822388	-119,009827
9390,495300	-119,874580
9391,168213	-120,547134
9391,841125	-121,091713
9392,514038	-119,404160
9393,186951	-120,225517
9393,859863	-121,144653
9394,532776	-120,906494
9395,205688	-121,439201
9395,878601	-121,574051
9396,551514	-121,611710
9397,224426	-121,177414
9397,897339	-120,056831
9398,570251	-120,004486
9399,243164	-120,705688
9399,916077	-121,308601
9400,588989	-121,505699
9401,261902	-120,964523
9401,934814	-118,306694
9402,607727	-119,422829
9403,280640	-120,204903
9403,953552	-118,099373
9404,626465	-118,837677
9405,299377	-120,304306
9405,972290	-120,855209
9406,645203	-119,484520
9407,318115	-119,233826
9407,991028	-120,784882
9408,663940	-121,309326
9409,336853	-121,190277
9410,009766	-120,426941
9410,682678	-121,182365
9411,355591	-120,346130
9412,028503	-121,595268
9412,701416	-121,894890
9413,374329	-120,097069
9414,047241	-120,112236
9414,720154	-118,991493
9415,393066	-119,031876
9416,065979	-120,252136
9416,738892	-118,558334
9417,411804	-120,407867
9418,084717	-120,789452
9418,757629	-120,107597
9419,430542	-120,318237
9420,103455	-120,246704
9420,776367	-121,501854
9421,449280	-121,032021
9422,122192	-120,885941
9422,795105	-120,877258
9423,468018	-120,117943
9424,140930	-119,634033
9424,813843	-120,414108
9425,486755	-119,691925
9426,159668	-118,799652
9426,832581	-120,784676
9427,505493	-120,116211
9428,178406	-118,815254
9428,851318	-120,336456
9429,524231	-120,166237
9430,197144	-120,253677
9430,870056	-120,267799
9431,542969	-120,762764
9432,215881	-120,336670
9432,888794	-120,533607
9433,561707	-121,719147
9434,234619	-121,977180
9434,907532	-121,142120
9435,580444	-120,068535
9436,253357	-121,021576
9436,926270	-121,438141
9437,599182	-120,461792
9438,272095	-119,996025
9438,945007	-118,865158
9439,617920	-119,849876
9440,290833	-120,118683
9440,963745	-119,356949
9441,636658	-120,280754
9442,309570	-120,520393
9442,982483	-121,024750
9443,655396	-122,259560
9444,328308	-120,369148
9445,001221	-119,800972
9445,674133	-121,206261
9446,347046	-121,757904
9447,019958	-121,436272
9447,692871	-122,145409
9448,365784	-121,227943
9449,038696	-120,380157
9449,711609	-121,037781
9450,384521	-120,410706
9451,057434	-119,682175
9451,730347	-119,689674
9452,403259	-117,574532
9453,076172	-119,026123
9453,749084	-120,033493
9454,421997	-119,791290
9455,094910	-120,035355
9455,767822	-119,556473
9456,440735	-121,188713
9457,113647	-119,728699
9457,786560	-119,891335
9458,459473	-120,441872
9459,132385	-119,047417
9459,805298	-118,623459
9460,478210	-120,137589
9461,151123	-121,510963
9461,824036	-119,360390
9462,496948	-119,368835
9463,169861	-120,751358
9463,842773	-119,666824
9464,515686	-119,258171
9465,188599	-119,725891
9465,861511	-120,301506
9466,534424	-119,738876
9467,207336	-119,038696
9467,880249	-119,924065
9468,553162	-119,817566
9469,226074	-120,744293
9469,898987	-121,615173
9470,571899	-120,531799
9471,244812	-121,839569
9471,917725	-121,770706
9472,590637	-121,616745
9473,263550	-121,170006
9473,936462	-120,614449
9474,609375	-119,282166
9475,282288	-120,849251
9475,955200	-121,859489
9476,628113	-121,562988
9477,301025	-121,008125
9477,973938	-120,125511
9478,646851	-120,693367
9479,319763	-119,291031
9479,992676	-119,689865
9480,665588	-120,810051
9481,338501	-120,248459
9482,011414	-119,582710
9482,684326	-119,878342
9483,357239	-120,258545
9484,030151	-120,307053
9484,703064	-119,951202
9485,375977	-120,759544
9486,048889	-119,173309
9486,721802	-119,002342
9487,394714	-120,629906
9488,067627	-120,254898
9488,740540	-119,447456
9489,413452	-120,402504
9490,086365	-121,670631
9490,759277	-120,576767
9491,432190	-120,919357
9492,105103	-122,135063
9492,778015	-121,263214
9493,450928	-120,109947
9494,123840	-119,797050
9494,796753	-120,844437
9495,469666	-121,246094
9496,142578	-120,874771
9496,815491	-121,911781
9497,488403	-122,588280
9498,161316	-121,544647
9498,834229	-120,964973
9499,507141	-121,415489
9500,180054	-120,389404
9500,852966	-120,312935
9501,525879	-121,084450
9502,198792	-121,182137
9502,871704	-121,504608
9503,544617	-121,494911
9504,217529	-121,160072
9504,890442	-121,419754
9505,563354	-121,148712
9506,236267	-121,152649
9506,909180	-121,465691
9507,582092	-120,557266
9508,255005	-120,487625
9508,927917	-120,718376
9509,600830	-120,240395
9510,273743	-120,534973
9510,946655	-120,819527
9511,619568	-120,246460
9512,292480	-119,544518
9512,965393	-119,475914
9513,638306	-120,672127
9514,311218	-121,062088
9514,984131	-120,904984
9515,657043	-121,383324
9516,329956	-121,498413
9517,002869	-120,054565
9517,675781	-119,601974
9518,348694	-121,381531
9519,021606	-121,831055
9519,694519	-121,255150
9520,367432	-120,221146
9521,040344	-120,200729
9521,713257	-121,322746
9522,386169	-120,240555
9523,059082	-121,025078
9523,731995	-121,348572
9524,404907	-120,858246
9525,077820	-121,420013
9525,750732	-120,842079
9526,423645	-121,462578
9527,096558	-121,363937
9527,769470	-121,523895
9528,442383	-121,330620
9529,115295	-121,377815
9529,788208	-120,920540
9530,461121	-120,601227
9531,134033	-121,256287
9531,806946	-120,375656
9532,479858	-120,660683
9533,152771	-119,958794
9533,825684	-119,899780
9534,498596	-121,559258
9535,171509	-121,980240
9535,844421	-121,281410
9536,517334	-120,493896
9537,190247	-120,704834
9537,863159	-121,266083
9538,536072	-121,137428
9539,208984	-120,135147
9539,881897	-120,269058
9540,554810	-120,605766
9541,227722	-120,895851
9541,900635	-121,767067
9542,573547	-121,423340
9543,246460	-121,764404
9543,919373	-120,337151
9544,592285	-120,154793
9545,265198	-120,539589
9545,938110	-120,034172
9546,611023	-121,019226
9547,283936	-121,240822
9547,956848	-120,824348
9548,629761	-121,277870
9549,302673	-120,897202
9549,975586	-121,185143
9550,648499	-121,664108
9551,321411	-121,146034
9551,994324	-120,470589
9552,667236	-120,744995
9553,340149	-120,273094
9554,013062	-120,835350
9554,685974	-121,334839
9555,358887	-119,561211
9556,031799	-118,817520
9556,704712	-119,631073
9557,377625	-120,386597
9558,050537	-120,944824
9558,723450	-120,714478
9559,396362	-121,216408
9560,069275	-122,469849
9560,742188	-121,924416
9561,415100	-121,412437
9562,088013	-120,335632
9562,760925	-120,935791
9563,433838	-121,061333
9564,106750	-121,163818
9564,779663	-121,551033
9565,452576	-121,838737
9566,125488	-121,520851
9566,798401	-119,984116
9567,471313	-120,148109
9568,144226	-119,670212
9568,817139	-120,398705
9569,490051	-120,970322
9570,162964	-119,814613
9570,835876	-120,458672
9571,508789	-120,444679
9572,181702	-120,928391
9572,854614	-121,748947
9573,527527	-121,405159
9574,200439	-121,136520
9574,873352	-121,980171
9575,546265	-121,185730
9576,219177	-120,959419
9576,892090	-121,076500
9577,565002	-121,079620
9578,237915	-121,835098
9578,910828	-120,799004
9579,583740	-120,627220
9580,256653	-121,388969
9580,929565	-121,308617
9581,602478	-120,921143
9582,275391	-120,701324
9582,948303	-119,666191
9583,621216	-120,420273
9584,294128	-120,232475
9584,967041	-120,141136
9585,639954	-120,709969
9586,312866	-120,922264
9586,985779	-121,407356
9587,658691	-121,760704
9588,331604	-120,363663
9589,004517	-120,460205
9589,677429	-120,421906
9590,350342	-119,716522
9591,023254	-120,938766
9591,696167	-120,469147
9592,369080	-120,533760
9593,041992	-121,254234
9593,714905	-121,162109
9594,387817	-120,808105
9595,060730	-121,085510
9595,733643	-121,291206
9596,406555	-121,477585
9597,079468	-121,965126
9597,752380	-120,231224
9598,425293	-121,289108
9599,098206	-122,382828
9599,771118	-119,992989
9600,444031	-120,200333
9601,116943	-120,172333
9601,789856	-121,719582
9602,462769	-121,299835
9603,135681	-120,920601
9603,808594	-121,340073
9604,481506	-121,378616
9605,154419	-119,631477
9605,827332	-119,832680
9606,500244	-120,858727
9607,173157	-118,528069
9607,846069	-119,510681
9608,518982	-121,446800
9609,191895	-121,378250
9609,864807	-120,263290
9610,537720	-119,982262
9611,210632	-120,518028
9611,883545	-121,385323
9612,556458	-121,868690
9613,229370	-121,159676
9613,902283	-121,514511
9614,575195	-120,216385
9615,248108	-120,246262
9615,921021	-119,905647
9616,593933	-118,805901
9617,266846	-119,090973
9617,939758	-118,536667
9618,612671	-118,767250
9619,285583	-121,304291
9619,958496	-119,427193
9620,631409	-119,235909
9621,304321	-119,229210
9621,977234	-119,648468
9622,650146	-121,444305
9623,323059	-120,583313
9623,995972	-119,373375
9624,668884	-119,886101
9625,341797	-121,286552
9626,014709	-121,353683
9626,687622	-121,039551
9627,360535	-119,854149
9628,033447	-120,368416
9628,706360	-120,731323
9629,379272	-120,213020
9630,052185	-120,001877
9630,725098	-121,052788
9631,398010	-121,587120
9632,070923	-118,840790
9632,743835	-117,068260
9633,416748	-119,330238
9634,089661	-120,757935
9634,762573	-120,645523
9635,435486	-120,410294
9636,108398	-120,329681
9636,781311	-121,522690
9637,454224	-121,613449
9638,127136	-121,263123
9638,800049	-120,360390
9639,472961	-121,756454
9640,145874	-120,654373
9640,818787	-120,792076
9641,491699	-120,240692
9642,164612	-120,309204
9642,837524	-121,699013
9643,510437	-121,558319
9644,183350	-120,868706
9644,856262	-120,511757
9645,529175	-119,019234
9646,202087	-120,186874
9646,875000	-119,969666
9647,547913	-119,930405
9648,220825	-119,754478
9648,893738	-119,007622
9649,566650	-120,409950
9650,239563	-121,154617
9650,912476	-121,519196
9651,585388	-121,345711
9652,258301	-121,505775
9652,931213	-120,444901
9653,604126	-121,061317
9654,277039	-121,224747
9654,949951	-120,466301
9655,622864	-120,787476
9656,295776	-120,192650
9656,968689	-120,359184
9657,641602	-120,723923
9658,314514	-119,334076
9658,987427	-120,424530
9659,660339	-120,641449
9660,333252	-120,529778
9661,006165	-121,922569
9661,679077	-121,860817
9662,351990	-121,316414
9663,024902	-121,003326
9663,697815	-121,616943
9664,370728	-120,655396
9665,043640	-121,123299
9665,716553	-121,509743
9666,389465	-121,276062
9667,062378	-120,970879
9667,735291	-120,023331
9668,408203	-121,184380
9669,081116	-122,127243
9669,754028	-121,731934
9670,426941	-120,912704
9671,099854	-121,693314
9671,772766	-120,027184
9672,445679	-119,934303
9673,118591	-122,004532
9673,791504	-119,897629
9674,464417	-118,309303
9675,137329	-118,943481
9675,810242	-120,429352
9676,483154	-120,962845
9677,156067	-120,543648
9677,828979	-121,384659
9678,501892	-121,670723
9679,174805	-121,874084
9679,847717	-121,792938
9680,520630	-121,840355
9681,193542	-120,815323
9681,866455	-120,375801
9682,539368	-122,542915
9683,212280	-121,121529
9683,885193	-121,155884
9684,558105	-120,507683
9685,231018	-120,178902
9685,903931	-120,246460
9686,576843	-120,866875
9687,249756	-121,089409
9687,922668	-120,733719
9688,595581	-120,882698
9689,268494	-121,541405
9689,941406	-121,240585
9690,614319	-120,913795
9691,287231	-122,011162
9691,960144	-122,632431
9692,633057	-121,902954
9693,305969	-121,905609
9693,978882	-121,711891
9694,651794	-121,203316
9695,324707	-121,186546
9695,997620	-120,292191
9696,670532	-119,171303
9697,343445	-119,807564
9698,016357	-120,622421
9698,689270	-121,884689
9699,362183	-120,619225
9700,035095	-120,831161
9700,708008	-121,690308
9701,380920	-121,878899
9702,053833	-121,035431
9702,726746	-120,852310
9703,399658	-120,380516
9704,072571	-120,630936
9704,745483	-121,027885
9705,418396	-121,620804
9706,091309	-121,174644
9706,764221	-120,946823
9707,437134	-120,005905
9708,110046	-120,992126
9708,782959	-121,460159
9709,455872	-119,997681
9710,128784	-118,599510
9710,801697	-119,324066
9711,474609	-120,351837
9712,147522	-121,218231
9712,820435	-121,211266
9713,493347	-121,972618
9714,166260	-120,777580
9714,839172	-120,476753
9715,512085	-121,084732
9716,184998	-121,195175
9716,857910	-121,304413
9717,530823	-121,541687
9718,203735	-120,211647
9718,876648	-119,032127
9719,549561	-120,131401
9720,222473	-120,174232
9720,895386	-120,388710
9721,568298	-121,304054
9722,241211	-121,747017
9722,914124	-121,347527
9723,587036	-121,269478
9724,259949	-121,642738
9724,932861	-121,809013
9725,605774	-121,514191
9726,278687	-121,625854
9726,951599	-121,694954
9727,624512	-121,897087
9728,297424	-122,066521
9728,970337	-121,450325
9729,643250	-120,952202
9730,316162	-120,893616
9730,989075	-121,283806
9731,661987	-122,262314
9732,334900	-121,493767
9733,007812	-120,610275
9733,680725	-121,514366
9734,353638	-121,888023
9735,026550	-120,893852
9735,699463	-121,016006
9736,372375	-121,562119
9737,045288	-120,727539
9737,718201	-121,064980
9738,391113	-121,226822
9739,064026	-120,588867
9739,736938	-120,535294
9740,409851	-121,226242
9741,082764	-120,793732
9741,755676	-121,289276
9742,428589	-121,634613
9743,101501	-121,333855
9743,774414	-121,483597
9744,447327	-121,259483
9745,120239	-121,119896
9745,793152	-120,920219
9746,466064	-122,423843
9747,138977	-122,155205
9747,811890	-122,619560
9748,484802	-121,668266
9749,157715	-121,722687
9749,830627	-120,732544
9750,503540	-120,708145
9751,176453	-122,236107
9751,849365	-120,979111
9752,522278	-121,077232
9753,195190	-122,126892
9753,868103	-121,428383
9754,541016	-122,017342
9755,213928	-121,027359
9755,886841	-120,608948
9756,559753	-120,841194
9757,232666	-120,251076
9757,905579	-120,619614
9758,578491	-120,544083
9759,251404	-120,953575
9759,924316	-121,323135
9760,597229	-121,262329
9761,270142	-119,849205
9761,943054	-118,619926
9762,615967	-118,996056
9763,288879	-121,750267
9763,961792	-121,262589
9764,634705	-119,638794
9765,307617	-119,035385
9765,980530	-120,474503
9766,653442	-121,239014
9767,326355	-120,449486
9767,999268	-121,011574
9768,672180	-122,044991
9769,345093	-122,187172
9770,018005	-121,114449
9770,690918	-121,642807
9771,363831	-122,094818
9772,036743	-121,414177
9772,709656	-121,487518
9773,382568	-120,303459
9774,055481	-120,270126
9774,728394	-120,834412
9775,401306	-121,102135
9776,074219	-120,936012
9776,747131	-120,829399
9777,420044	-121,199570
9778,092957	-121,473289
9778,765869	-121,391174
9779,438782	-120,146301
9780,111694	-119,970909
9780,784607	-121,003517
9781,457520	-120,928017
9782,130432	-121,268280
9782,803345	-120,935463
9783,476257	-121,661362
9784,149170	-121,635384
9784,822083	-120,841537
9785,494995	-121,298508
9786,167908	-121,535294
9786,840820	-121,585495
9787,513733	-121,455147
9788,186646	-121,330894
9788,859558	-121,633530
9789,532471	-121,581429
9790,205383	-120,393143
9790,878296	-120,466240
9791,551208	-121,289047
9792,224121	-120,888985
9792,897034	-121,672821
9793,569946	-120,747215
9794,242859	-120,661316
9794,915771	-121,311478
9795,588684	-120,871941
9796,261597	-121,204063
9796,934509	-121,983162
9797,607422	-121,107544
9798,280334	-121,000595
9798,953247	-120,101334
9799,626160	-121,119209
9800,299072	-121,062195
9800,971985	-120,694473
9801,644897	-121,178093
9802,317810	-120,415276
9802,990723	-120,506516
9803,663635	-120,652977
9804,336548	-120,622574
9805,009460	-120,500450
9805,682373	-120,063423
9806,355286	-121,425392
9807,028198	-121,556885
9807,701111	-121,647469
9808,374023	-120,687096
9809,046936	-120,212883
9809,719849	-120,690460
9810,392761	-121,296227
9811,065674	-121,712532
9811,738586	-120,606644
9812,411499	-120,358704
9813,084412	-122,044624
9813,757324	-121,713043
9814,430237	-121,474297
9815,103149	-121,084869
9815,776062	-121,157974
9816,448975	-121,299438
9817,121887	-121,651237
9817,794800	-122,203392
9818,467712	-122,392303
9819,140625	-122,623070
9819,813538	-122,517967
9820,486450	-121,802559
9821,159363	-120,846504
9821,832275	-120,477127
9822,505188	-120,118759
9823,178101	-121,034523
9823,851013	-121,267204
9824,523926	-121,392502
9825,196838	-121,077034
9825,869751	-120,827209
9826,542664	-121,622894
9827,215576	-121,290649
9827,888489	-121,526596
9828,561401	-122,843750
9829,234314	-121,693832
9829,907227	-121,523247
9830,580139	-121,669518
9831,253052	-121,371429
9831,925964	-121,164261
9832,598877	-120,461243
9833,271790	-120,445656
9833,944702	-120,634727
9834,617615	-121,004189
9835,290527	-120,175682
9835,963440	-118,567215
9836,636353	-120,049385
9837,309265	-120,795197
9837,982178	-121,000557
9838,655090	-121,235062
9839,328003	-122,445152
9840,000916	-120,677414
9840,673828	-120,463371
9841,346741	-121,256912
9842,019653	-119,659767
9842,692566	-119,603645
9843,365479	-121,131660
9844,038391	-121,229301
9844,711304	-120,397560
9845,384216	-119,363625
9846,057129	-120,509293
9846,730042	-121,604362
9847,402954	-120,478485
9848,075867	-119,861336
9848,748779	-121,205048
9849,421692	-121,967018
9850,094604	-121,834991
9850,767517	-120,616028
9851,440430	-120,071526
9852,113342	-121,056496
9852,786255	-122,037262
9853,459167	-122,472267
9854,132080	-122,576485
9854,804993	-121,410728
9855,477905	-120,490219
9856,150818	-121,025803
9856,823730	-121,747261
9857,496643	-122,093285
9858,169556	-121,725655
9858,842468	-121,013588
9859,515381	-121,331657
9860,188293	-121,377899
9860,861206	-121,873230
9861,534119	-122,032227
9862,207031	-121,145790
9862,879944	-121,090126
9863,552856	-121,387619
9864,225769	-120,667381
9864,898682	-120,178886
9865,571594	-121,031570
9866,244507	-121,809303
9866,917419	-121,569397
9867,590332	-121,493439
9868,263245	-121,442024
9868,936157	-121,989799
9869,609070	-121,919746
9870,281982	-121,065323
9870,954895	-120,968025
9871,627808	-120,728180
9872,300720	-120,555061
9872,973633	-121,235176
9873,646545	-121,602882
9874,319458	-121,175209
9874,992371	-121,204399
9875,665283	-121,259468
9876,338196	-121,657677
9877,011108	-121,405846
9877,684021	-121,411812
9878,356934	-122,253716
9879,029846	-121,940353
9879,702759	-120,859665
9880,375671	-121,448578
9881,048584	-122,099670
9881,721497	-120,805397
9882,394409	-120,319412
9883,067322	-121,780304
9883,740234	-122,213905
9884,413147	-121,880310
9885,086060	-122,398109
9885,758972	-122,472473
9886,431885	-122,956596
9887,104797	-121,908287
9887,777710	-121,553421
9888,450623	-120,488342
9889,123535	-120,185478
9889,796448	-121,566833
9890,469360	-121,230904
9891,142273	-121,151894
9891,815186	-120,235970
9892,488098	-119,905594
9893,161011	-120,178391
9893,833923	-120,719582
9894,506836	-121,503822
9895,179749	-120,702286
9895,852661	-120,359001
9896,525574	-121,529938
9897,198486	-121,897263
9897,871399	-122,068939
9898,544312	-121,766586
9899,217224	-122,113792
9899,890137	-121,968735
9900,563049	-121,825279
9901,235962	-121,319656
9901,908875	-121,154320
9902,581787	-121,933998
9903,254700	-122,138817
9903,927612	-121,779900
9904,600525	-119,923340
9905,273438	-120,446640
9905,946350	-121,566643
9906,619263	-121,366112
9907,292175	-121,458221
9907,965088	-121,523888
9908,638000	-122,148109
9909,310913	-122,141144
9909,983826	-122,169960
9910,656738	-122,064087
9911,329651	-121,511230
9912,002563	-122,739319
9912,675476	-121,211609
9913,348389	-121,631287
9914,021301	-121,496010
9914,694214	-120,839264
9915,367126	-121,616455
9916,040039	-121,761124
9916,712952	-121,342468
9917,385864	-120,573639
9918,058777	-121,771172
9918,731689	-121,303596
9919,404602	-120,848114
9920,077515	-120,772614
9920,750427	-120,858757
9921,423340	-121,478043
9922,096252	-120,995560
9922,769165	-121,168259
9923,442078	-121,389328
9924,114990	-121,674149
9924,787903	-122,133499
9925,460815	-121,188400
9926,133728	-121,317207
9926,806641	-121,059586
9927,479553	-121,121887
9928,152466	-121,038696
9928,825378	-120,819115
9929,498291	-121,677231
9930,171204	-120,686783
9930,844116	-120,966522
9931,517029	-120,955795
9932,189941	-122,060211
9932,862854	-121,790283
9933,535767	-122,127182
9934,208679	-121,246193
9934,881592	-120,059219
9935,554504	-120,284531
9936,227417	-121,051987
9936,900330	-121,274689
9937,573242	-121,099274
9938,246155	-122,597282
9938,919067	-121,777847
9939,591980	-120,178314
9940,264893	-121,744255
9940,937805	-120,785515
9941,610718	-121,906914
9942,283630	-119,833809
9942,956543	-120,093353
9943,629456	-121,961380
9944,302368	-120,629875
9944,975281	-121,302567
9945,648193	-121,827629
9946,321106	-121,733498
9946,994019	-121,297348
9947,666931	-122,153679
9948,339844	-122,753540
9949,012756	-122,848068
9949,685669	-121,820374
9950,358582	-120,720291
9951,031494	-121,875046
9951,704407	-122,618835
9952,377319	-122,234192
9953,050232	-122,102951
9953,723145	-121,586205
9954,396057	-121,866096
9955,068970	-121,489594
9955,741882	-121,213409
9956,414795	-121,619225
9957,087708	-121,560448
9957,760620	-121,713638
9958,433533	-121,579460
9959,106445	-121,656532
9959,779358	-121,606972
9960,452271	-121,049072
9961,125183	-120,953369
9961,798096	-122,257629
9962,471008	-121,383873
9963,143921	-120,749527
9963,816833	-120,901787
9964,489746	-121,086304
9965,162659	-120,729202
9965,835571	-120,485397
9966,508484	-121,522430
9967,181396	-121,875656
9967,854309	-120,191185
9968,527222	-120,389534
9969,200134	-122,586357
9969,873047	-120,962669
9970,545959	-120,561890
9971,218872	-121,020638
9971,891785	-120,911812
9972,564697	-121,348480
9973,237610	-121,052177
9973,910522	-121,337326
9974,583435	-122,086128
9975,256348	-121,742958
9975,929260	-121,428505
9976,602173	-122,296661
9977,275085	-122,667229
9977,947998	-122,112213
9978,620911	-121,800049
9979,293823	-121,792702
9979,966736	-122,162254
9980,639648	-122,393578
9981,312561	-122,835907
9981,985474	-122,310410
9982,658386	-120,518028
9983,331299	-120,675072
9984,004211	-121,825668
9984,677124	-121,164490
9985,350037	-121,075630
9986,022949	-121,531471
9986,695862	-121,468750
9987,368774	-122,151917
9988,041687	-121,950783
9988,714600	-122,152336
9989,387512	-122,206017
9990,060425	-122,246986
9990,733337	-121,833267
9991,406250	-121,600739
9992,079163	-121,473518
9992,752075	-121,957977
9993,424988	-122,436813
9994,097900	-122,101097
9994,770813	-121,866646
9995,443726	-121,990097
9996,116638	-121,173515
9996,789551	-121,305229
9997,462463	-120,601456
9998,135376	-120,949341
9998,808289	-121,447037
9999,481201	-121,650810
10000,154114	-121,884247
10000,827026	-122,555122
10001,499939	-121,835564
10002,172852	-121,485298
10002,845764	-121,641975
10003,518677	-121,023666
10004,191589	-120,688789
10004,864502	-121,480202
10005,537415	-121,046394
10006,210327	-121,734879
10006,883240	-121,326027
10007,556152	-121,049782
10008,229065	-120,030136
10008,901978	-118,938805
10009,574890	-120,042313
10010,247803	-121,325592
10010,920715	-121,134529
10011,593628	-121,060699
10012,266541	-120,211502
10012,939453	-120,497284
10013,612366	-120,960075
10014,285278	-121,720749
10014,958191	-122,307091
10015,631104	-121,521164
10016,304016	-122,230553
10016,976929	-122,802444
10017,649841	-121,885117
10018,322754	-121,601906
10018,995667	-122,012535
10019,668579	-121,804733
10020,341492	-121,401398
10021,014404	-121,683914
10021,687317	-120,048164
10022,360229	-120,138451
10023,033142	-120,319069
10023,706055	-121,532028
10024,378967	-122,064766
10025,051880	-121,477028
10025,724792	-121,197060
10026,397705	-120,325233
10027,070618	-121,616570
10027,743530	-121,597458
10028,416443	-121,082466
10029,089355	-119,719803
10029,762268	-118,841888
10030,435181	-121,114799
10031,108093	-119,925865
10031,781006	-121,329346
10032,453918	-121,312897
10033,126831	-120,549805
10033,799744	-120,721657
10034,472656	-122,196739
10035,145569	-119,836060
10035,818481	-119,745422
10036,491394	-120,588341
10037,164307	-117,865540
10037,837219	-119,401642
10038,510132	-119,635437
10039,183044	-119,981293
10039,855957	-120,308983
10040,528870	-120,315506
10041,201782	-121,291595
10041,874695	-119,193069
10042,547607	-119,198380
10043,220520	-121,747505
10043,893433	-120,330391
10044,566345	-120,114655
10045,239258	-119,391296
10045,912170	-120,355804
10046,585083	-120,628952
10047,257996	-121,886398
10047,930908	-120,776161
10048,603821	-121,186607
10049,276733	-121,602188
10049,949646	-119,250290
10050,622559	-119,655144
10051,295471	-119,725349
10051,968384	-121,427803
10052,641296	-122,775894
10053,314209	-121,355827
10053,987122	-121,217995
10054,660034	-122,068398
10055,332947	-121,192894
10056,005859	-121,675926
10056,678772	-121,550827
10057,351685	-121,422646
10058,024597	-121,932709
10058,697510	-121,681717
10059,370422	-120,185104
10060,043335	-121,369553
10060,716248	-120,591553
10061,389160	-120,283546
10062,062073	-121,076180
10062,734985	-120,472488
10063,407898	-121,199852
10064,080811	-119,979149
10064,753723	-120,230042
10065,426636	-121,526321
10066,099548	-121,760674
10066,772461	-121,849030
10067,445374	-122,579552
10068,118286	-122,241974
10068,791199	-120,116745
10069,464111	-119,713203
10070,137024	-121,968353
10070,809937	-121,298698
10071,482849	-120,252319
10072,155762	-120,471527
10072,828674	-121,225029
10073,501587	-120,913216
10074,174500	-120,897324
10074,847412	-122,661606
10075,520325	-121,464706
10076,193237	-121,573441
10076,866150	-120,915092
10077,539062	-121,617561
10078,211975	-122,979073
10078,884888	-122,387733
10079,557800	-122,308281
10080,230713	-122,722069
10080,903625	-122,393990
10081,576538	-121,933098
10082,249451	-121,950821
10082,922363	-122,250031
10083,595276	-121,723816
10084,268188	-121,877380
10084,941101	-122,060600
10085,614014	-122,306358
10086,286926	-120,723915
10086,959839	-121,353149
10087,632751	-121,886459
10088,305664	-121,609566
10088,978577	-122,182938
10089,651489	-122,335602
10090,324402	-122,414566
10090,997314	-122,607849
10091,670227	-123,006386
10092,343140	-122,706596
10093,016052	-122,874496
10093,688965	-122,257858
10094,361877	-122,295723
10095,034790	-122,355415
10095,707703	-122,098579
10096,380615	-121,760742
10097,053528	-121,765404
10097,726440	-122,215294
10098,399353	-121,888367
10099,072266	-121,900894
10099,745178	-122,050255
10100,418091	-121,660202
10101,091003	-122,090958
10101,763916	-122,234833
10102,436829	-121,358902
10103,109741	-121,935181
10103,782654	-122,354065
10104,455566	-121,899345
10105,128479	-121,632492
10105,801392	-120,869385
10106,474304	-121,212448
10107,147217	-120,781143
10107,820129	-121,148438
10108,493042	-121,997215
10109,165955	-121,933540
10109,838867	-121,435608
10110,511780	-122,324364
10111,184692	-122,864021
10111,857605	-123,250359
10112,530518	-122,954445
10113,203430	-121,737694
10113,876343	-121,658325
10114,549255	-122,643578
10115,222168	-121,392448
10115,895081	-122,133179
10116,567993	-122,376640
10117,240906	-121,888031
10117,913818	-122,043434
10118,586731	-122,192940
10119,259644	-123,458641
10119,932556	-122,555786
10120,605469	-122,878807
10121,278381	-122,320335
10121,951294	-122,194397
10122,624207	-121,424187
10123,297119	-121,152336
10123,970032	-121,591759
10124,642944	-121,944572
10125,315857	-122,521553
10125,988770	-122,575882
10126,661682	-122,132462
10127,334595	-122,616486
10128,007507	-122,331993
10128,680420	-122,319031
10129,353333	-121,989624
10130,026245	-122,105736
10130,699158	-122,576752
10131,372070	-121,768822
10132,044983	-122,625542
10132,717896	-122,238838
10133,390808	-122,600632
10134,063721	-122,930237
10134,736633	-122,867348
10135,409546	-121,456802
10136,082458	-121,785782
10136,755371	-121,884003
10137,428284	-121,944504
10138,101196	-121,627197
10138,774109	-121,903183
10139,447021	-122,361542
10140,119934	-122,159698
10140,792847	-123,209084
10141,465759	-122,889595
10142,138672	-122,604614
10142,811584	-122,480873
10143,484497	-122,351158
10144,157410	-122,375626
10144,830322	-122,989235
10145,503235	-121,847618
10146,176147	-122,108635
10146,849060	-122,482689
10147,521973	-122,143158
10148,194885	-121,237183
10148,867798	-120,762917
10149,540710	-121,308464
10150,213623	-122,650131
10150,886536	-122,880211
10151,559448	-122,174187
10152,232361	-122,167427
10152,905273	-122,193161
10153,578186	-122,479736
10154,251099	-122,201561
10154,924011	-122,341469
10155,596924	-122,051086
10156,269836	-121,447205
10156,942749	-122,975716
10157,615662	-122,824364
10158,288574	-123,077919
10158,961487	-123,059471
10159,634399	-123,350273
10160,307312	-122,958397
10160,980225	-122,578407
10161,653137	-122,015205
10162,326050	-121,895660
10162,998962	-122,399055
10163,671875	-123,267159
10164,344788	-121,483551
10165,017700	-119,913383
10165,690613	-121,461258
10166,363525	-122,398186
10167,036438	-121,166977
10167,709351	-120,051949
10168,382263	-121,194550
10169,055176	-122,588470
10169,728088	-121,419708
10170,401001	-120,391983
10171,073914	-121,030418
10171,746826	-122,522911
10172,419739	-123,147621
10173,092651	-122,271790
10173,765564	-121,258453
10174,438477	-121,367378
10175,111389	-122,454964
10175,784302	-123,273727
10176,457214	-123,612862
10177,130127	-122,650574
10177,803040	-122,332375
10178,475952	-122,918434
10179,148865	-122,933037
10179,821777	-123,168488
10180,494690	-122,477348
10181,167603	-122,063995
10181,840515	-122,372421
10182,513428	-123,341423
10183,186340	-123,017365
10183,859253	-121,862953
10184,532166	-122,144890
10185,205078	-122,749031
10185,877991	-123,252281
10186,550903	-122,088783
10187,223816	-121,359955
10187,896729	-122,453453
10188,569641	-121,366394
10189,242554	-122,270538
10189,915466	-121,983093
10190,588379	-122,364792
10191,261292	-122,927704
10191,934204	-123,026993
10192,607117	-123,125267
10193,280029	-121,957993
10193,952942	-122,232567
10194,625854	-122,375664
10195,298767	-121,908173
10195,971680	-121,580948
10196,644592	-122,681778
10197,317505	-122,011375
10197,990417	-120,832329
10198,663330	-121,415268
10199,336243	-121,482101
10200,009155	-120,333138
10200,682068	-121,068947
10201,354980	-121,318161
10202,027893	-122,131584
10202,700806	-121,316872
10203,373718	-121,351547
10204,046631	-122,229095
10204,719543	-123,013092
10205,392456	-122,289062
10206,065369	-121,841026
10206,738281	-122,707840
10207,411194	-123,127388
10208,084106	-122,658615
10208,757019	-122,672119
10209,429932	-123,045891
10210,102844	-122,390518
10210,775757	-123,201141
10211,448669	-122,322609
10212,121582	-121,859917
10212,794495	-121,158653
10213,467407	-121,726952
10214,140320	-122,290581
10214,813232	-122,381569
10215,486145	-121,021965
10216,159058	-123,198303
10216,831970	-122,142906
10217,504883	-120,914558
10218,177795	-121,973816
10218,850708	-122,402420
10219,523621	-121,818275
10220,196533	-121,253349
10220,869446	-123,109146
10221,542358	-123,668259
10222,215271	-122,568962
10222,888184	-120,945351
10223,561096	-121,797028
10224,234009	-121,866806
10224,906921	-121,768150
10225,579834	-122,553864
10226,252747	-121,912537
10226,925659	-121,098640
10227,598572	-121,648659
10228,271484	-121,762505
10228,944397	-122,157265
10229,617310	-121,796631
10230,290222	-122,140480
10230,963135	-123,156265
10231,636047	-122,088280
10232,308960	-121,277916
10232,981873	-121,663544
10233,654785	-121,347321
10234,327698	-120,539909
10235,000610	-122,170624
10235,673523	-120,448006
10236,346436	-121,627380
10237,019348	-122,254013
10237,692261	-121,677010
10238,365173	-122,097107
10239,038086	-121,923332
10239,710999	-121,732712
10240,383911	-122,424149
10241,056824	-122,796715
10241,729736	-122,144768
10242,402649	-120,953804
10243,075562	-121,946854
10243,748474	-122,631256
10244,421387	-121,854332
10245,094299	-121,925385
10245,767212	-122,376984
10246,440125	-121,116264
10247,113037	-120,651894
10247,785950	-122,535812
10248,458862	-123,076981
10249,131775	-122,848145
10249,804688	-120,952042
10250,477600	-121,336098
10251,150513	-122,875664
10251,823425	-122,856422
10252,496338	-121,448845
10253,169250	-121,669983
10253,842163	-122,706268
10254,515076	-122,329239
10255,187988	-122,658058
10255,860901	-122,075745
10256,533813	-122,223732
10257,206726	-122,512192
10257,879639	-122,006599
10258,552551	-122,500511
10259,225464	-121,513329
10259,898376	-122,555786
10260,571289	-121,775841
10261,244202	-121,728401
10261,917114	-121,237511
10262,590027	-122,453636
10263,262939	-122,526276
10263,935852	-121,140388
10264,608765	-122,548393
10265,281677	-122,837021
10265,954590	-122,792175
10266,627502	-121,566742
10267,300415	-121,592804
10267,973328	-123,121361
10268,646240	-123,002953
10269,319153	-122,750832
10269,992065	-122,306526
10270,664978	-121,369377
10271,337891	-122,389549
10272,010803	-122,747826
10272,683716	-121,744820
10273,356628	-122,175232
10274,029541	-122,889824
10274,702454	-123,238976
10275,375366	-123,203201
10276,048279	-122,952118
10276,721191	-122,336655
10277,394104	-123,325745
10278,067017	-122,719398
10278,739929	-123,283661
10279,412842	-123,215576
10280,085754	-122,044609
10280,758667	-122,058266
10281,431580	-122,432632
10282,104492	-122,248337
10282,777405	-122,340561
10283,450317	-121,622200
10284,123230	-120,724884
10284,796143	-123,287216
10285,469055	-122,628044
10286,141968	-121,986259
10286,814880	-123,208961
10287,487793	-121,801231
10288,160706	-121,618340
10288,833618	-122,478127
10289,506531	-122,239548
10290,179443	-120,611038
10290,852356	-120,384033
10291,525269	-121,710228
10292,198181	-122,306473
10292,871094	-121,785789
10293,544006	-121,258194
10294,216919	-123,442932
10294,889832	-121,477325
10295,562744	-121,360733
10296,235657	-122,800224
10296,908569	-121,711784
10297,581482	-122,090630
10298,254395	-122,393135
10298,927307	-122,730301
10299,600220	-123,330132
10300,273132	-122,849457
10300,946045	-122,935394
10301,618958	-123,205124
10302,291870	-123,468018
10302,964783	-122,939613
10303,637695	-123,247932
10304,310608	-122,644905
10304,983521	-123,720314
10305,656433	-123,917755
10306,329346	-121,416130
10307,002258	-123,188042
10307,675171	-123,297157
10308,348083	-121,392311
10309,020996	-121,891838
10309,693909	-122,399467
10310,366821	-122,571869
10311,039734	-123,269569
10311,712646	-123,213440
10312,385559	-122,250526
10313,058472	-122,408417
10313,731384	-121,752686
10314,404297	-122,232262
10315,077209	-123,547729
10315,750122	-123,299599
10316,423035	-122,491409
10317,095947	-121,396858
10317,768860	-122,907333
10318,441772	-123,756393
10319,114685	-122,018326
10319,787598	-122,632690
10320,460510	-122,995735
10321,133423	-120,497452
10321,806335	-120,403976
10322,479248	-122,819511
10323,152161	-122,736198
10323,825073	-122,612961
10324,497986	-121,012878
10325,170898	-121,286362
10325,843811	-124,249161
10326,516724	-122,826736
10327,189636	-122,981331
10327,862549	-122,931168
10328,535461	-121,893959
10329,208374	-122,204346
10329,881287	-122,840355
10330,554199	-123,564537
10331,227112	-123,158638
10331,900024	-122,786926
10332,572937	-121,999634
10333,245850	-122,979675
10333,918762	-122,630699
10334,591675	-122,780350
10335,264587	-123,000877
10335,937500	-122,762177
10336,610413	-123,790253
10337,283325	-123,448059
10337,956238	-122,533630
10338,629150	-122,972145
10339,302063	-123,268867
10339,974976	-123,370148
10340,647888	-123,047874
10341,320801	-123,153946
10341,993713	-123,257065
10342,666626	-123,485001
10343,339539	-122,821091
10344,012451	-122,345528
10344,685364	-122,962265
10345,358276	-122,804832
10346,031189	-121,995705
10346,704102	-122,135262
10347,377014	-123,206528
10348,049927	-123,091393
10348,722839	-123,470406
10349,395752	-122,497566
10350,068665	-122,534859
10350,741577	-122,616417
10351,414490	-121,883606
10352,087402	-122,472519
10352,760315	-123,185638
10353,433228	-124,128799
10354,106140	-123,756020
10354,779053	-123,682640
10355,451965	-123,423180
10356,124878	-122,710709
10356,797791	-122,698013
10357,470703	-124,323135
10358,143616	-123,942818
10358,816528	-124,057693
10359,489441	-122,866989
10360,162354	-122,609200
10360,835266	-122,874870
10361,508179	-123,200371
10362,181091	-122,876938
10362,854004	-122,315048
10363,526917	-123,505013
10364,199829	-123,067368
10364,872742	-123,123924
10365,545654	-123,614410
10366,218567	-123,037819
10366,891479	-123,275917
10367,564392	-123,207039
10368,237305	-121,728073
10368,910217	-121,472382
10369,583130	-122,536133
10370,256042	-123,058113
10370,928955	-122,913445
10371,601868	-121,233192
10372,274780	-122,145935
10372,947693	-123,961571
10373,620605	-122,003677
10374,293518	-122,716362
10374,966431	-122,995361
10375,639343	-123,276688
10376,312256	-123,589935
10376,985168	-122,196617
10377,658081	-121,911423
10378,330994	-123,440536
10379,003906	-123,133202
10379,676819	-122,556633
10380,349731	-122,845001
10381,022644	-123,492813
10381,695557	-123,865868
10382,368469	-123,548172
10383,041382	-123,268066
10383,714294	-123,975273
10384,387207	-122,879265
10385,060120	-122,862389
10385,733032	-123,814972
10386,405945	-124,431679
10387,078857	-123,529961
10387,751770	-122,953300
10388,424683	-123,432709
10389,097595	-121,775345
10389,770508	-121,829124
10390,443420	-122,264183
10391,116333	-124,023964
10391,789246	-123,691971
10392,462158	-123,600517
10393,135071	-123,824013
10393,807983	-122,816414
10394,480896	-122,081070
10395,153809	-123,154861
10395,826721	-122,111664
10396,499634	-121,901352
10397,172546	-122,829506
10397,845459	-124,212173
10398,518372	-122,756950
10399,191284	-121,586197
10399,864197	-122,853622
10400,537109	-123,439087
10401,210022	-124,439926
10401,882935	-121,960602
10402,555847	-121,741661
10403,228760	-122,927750
10403,901672	-124,002518
10404,574585	-123,983818
10405,247498	-122,967697
10405,920410	-123,354874
10406,593323	-124,743279
10407,266235	-123,815453
10407,939148	-123,763702
10408,612061	-123,091362
10409,284973	-123,473389
10409,957886	-123,512077
10410,630798	-123,423508
10411,303711	-123,185204
10411,976624	-123,775330
10412,649536	-123,078384
10413,322449	-122,543411
10413,995361	-122,519264
10414,668274	-123,234627
10415,341187	-122,556580
10416,014099	-122,978706
10416,687012	-123,051926
10417,359924	-123,457375
10418,032837	-123,474785
10418,705750	-123,225395
10419,378662	-122,260406
10420,051575	-122,322456
10420,724487	-122,878120
10421,397400	-122,690674
10422,070312	-122,400757
10422,743225	-121,595291
10423,416138	-123,575836
10424,089050	-122,889252
10424,761963	-122,442169
10425,434875	-124,105797
10426,107788	-122,289795
10426,780701	-121,469971
10427,453613	-122,848106
10428,126526	-123,383743
10428,799438	-122,854675
10429,472351	-121,775337
10430,145264	-122,613045
10430,818176	-123,963058
10431,491089	-123,954651
10432,164001	-123,946106
10432,836914	-123,747368
10433,509827	-123,385040
10434,182739	-123,839149
10434,855652	-124,782555
10435,528564	-124,191811
10436,201477	-124,057220
10436,874390	-123,559853
10437,547302	-124,004715
10438,220215	-124,052269
10438,893127	-123,616791
10439,566040	-123,179352
10440,238953	-121,961853
10440,911865	-122,740005
10441,584778	-123,657372
10442,257690	-123,928535
10442,930603	-122,556152
10443,603516	-121,707710
10444,276428	-123,370949
10444,949341	-123,581100
10445,622253	-123,517921
10446,295166	-123,414589
10446,968079	-123,740410
10447,640991	-123,950172
10448,313904	-123,113632
10448,986816	-123,618408
10449,659729	-124,217491
10450,332642	-123,546997
10451,005554	-121,762192
10451,678467	-122,653374
10452,351379	-123,905678
10453,024292	-124,006348
10453,697205	-124,496925
10454,370117	-123,189499
10455,043030	-123,695610
10455,715942	-123,366173
10456,388855	-123,184959
10457,061768	-124,252541
10457,734680	-125,032333
10458,407593	-123,776405
10459,080505	-123,474640
10459,753418	-123,689186
10460,426331	-124,266022
10461,099243	-123,385246
10461,772156	-122,526749
10462,445068	-122,821869
10463,117981	-123,104721
10463,790894	-123,306305
10464,463806	-123,542664
10465,136719	-124,483864
10465,809631	-123,876091
10466,482544	-123,180710
10467,155457	-123,449547
10467,828369	-123,780899
10468,501282	-123,389397
10469,174194	-123,707260
10469,847107	-123,770729
10470,520020	-123,980225
10471,192932	-123,758461
10471,865845	-124,714470
10472,538757	-123,969360
10473,211670	-123,772102
10473,884583	-123,349663
10474,557495	-123,253235
10475,230408	-123,830063
10475,903320	-124,842300
10476,576233	-123,873260
10477,249146	-123,221710
10477,922058	-124,211411
10478,594971	-124,130936
10479,267883	-124,619461
10479,940796	-124,633514
10480,613708	-124,667419
10481,286621	-124,143890
10481,959534	-123,895874
10482,632446	-123,957687
10483,305359	-124,390427
10483,978271	-123,318977
10484,651184	-123,364792
10485,324097	-123,474350
10485,997009	-123,773094
10486,669922	-124,108368
10487,342834	-125,195885
10488,015747	-123,894920
10488,688660	-123,198021
10489,361572	-123,928810
10490,034485	-124,124687
10490,707397	-124,089027
10491,380310	-124,911873
10492,053223	-124,527779
10492,726135	-124,021492
10493,399048	-124,582420
10494,071960	-123,911270
10494,744873	-123,533531
10495,417786	-122,917229
10496,090698	-123,913528
10496,763611	-123,832771
10497,436523	-124,309006
10498,109436	-124,190079
10498,782349	-123,431602
10499,455261	-123,781700
10500,128174	-124,224823
10500,801086	-124,242943
10501,473999	-123,164124
10502,146912	-123,263016
10502,819824	-123,770782
10503,492737	-123,903793
10504,165649	-123,920792
10504,838562	-123,248001
10505,511475	-123,056839
10506,184387	-123,309090
10506,857300	-124,340454
10507,530212	-124,205627
10508,203125	-124,692139
10508,876038	-123,845627
10509,548950	-123,393280
10510,221863	-123,272011
10510,894775	-123,175552
10511,567688	-123,923775
10512,240601	-122,861221
10512,913513	-123,165138
10513,586426	-124,690140
10514,259338	-124,069092
10514,932251	-123,436180
10515,605164	-123,858749
10516,278076	-123,496704
10516,950989	-123,507492
10517,623901	-123,836494
10518,296814	-123,370903
10518,969727	-121,622993
10519,642639	-121,271225
10520,315552	-122,045494
10520,988464	-123,523659
10521,661377	-122,144096
10522,334290	-121,178169
10523,007202	-124,027138
10523,680115	-122,320404
10524,353027	-122,257133
10525,025940	-122,783112
10525,698853	-123,242683
10526,371765	-123,800659
10527,044678	-124,316162
10527,717590	-124,121017
10528,390503	-123,711548
10529,063416	-124,088684
10529,736328	-123,716835
10530,409241	-122,903404
10531,082153	-123,135979
10531,755066	-123,793144
10532,427979	-122,957253
10533,100891	-122,647675
10533,773804	-122,801369
10534,446716	-122,807434
10535,119629	-121,123291
10535,792542	-122,895493
10536,465454	-123,371155
10537,138367	-123,473030
10537,811279	-123,068359
10538,484192	-122,343987
10539,157104	-123,869888
10539,830017	-124,737656
10540,502930	-124,436417
10541,175842	-123,902077
10541,848755	-124,108223
10542,521667	-123,791199
10543,194580	-123,773224
10543,867493	-124,577660
10544,540405	-123,313225
10545,213318	-122,275215
10545,886230	-121,758301
10546,559143	-121,787315
10547,232056	-123,279831
10547,904968	-123,605385
10548,577881	-123,368027
10549,250793	-123,025055
10549,923706	-123,032158
10550,596619	-124,119217
10551,269531	-123,634178
10551,942444	-124,482231
10552,615356	-124,215942
10553,288269	-124,290527
10553,961182	-124,171875
10554,634094	-124,676201
10555,307007	-124,711884
10555,979919	-124,292397
10556,652832	-123,204750
10557,325745	-123,609787
10557,998657	-123,992844
10558,671570	-122,962822
10559,344482	-122,923073
10560,017395	-122,920074
10560,690308	-124,063400
10561,363220	-123,453819
10562,036133	-123,258446
10562,709045	-123,872932
10563,381958	-124,668930
10564,054871	-124,042320
10564,727783	-123,876205
10565,400696	-124,311409
10566,073608	-124,171623
10566,746521	-124,680351
10567,419434	-125,239052
10568,092346	-124,596710
10568,765259	-124,927101
10569,438171	-124,220886
10570,111084	-123,023575
10570,783997	-123,289230
10571,456909	-124,119362
10572,129822	-124,704071
10572,802734	-123,380219
10573,475647	-124,078873
10574,148560	-124,554672
10574,821472	-125,319443
10575,494385	-125,687080
10576,167297	-124,766960
10576,840210	-124,702988
10577,513123	-124,461006
10578,186035	-123,999931
10578,858948	-124,468582
10579,531860	-124,384468
10580,204773	-124,465851
10580,877686	-124,276382
10581,550598	-124,583801
10582,223511	-124,898643
10582,896423	-124,535637
10583,569336	-124,410355
10584,242249	-123,856552
10584,915161	-124,379265
10585,588074	-125,142677
10586,260986	-124,683052
10586,933899	-124,210976
10587,606812	-124,539192
10588,279724	-125,099609
10588,952637	-124,577881
10589,625549	-124,264137
10590,298462	-125,721931
10590,971375	-125,016090
10591,644287	-124,108932
10592,317200	-123,775787
10592,990112	-124,362320
10593,663025	-124,144211
10594,335938	-123,889610
10595,008850	-124,558907
10595,681763	-124,820145
10596,354675	-124,566910
10597,027588	-124,517944
10597,700500	-125,128494
10598,373413	-125,432388
10599,046326	-124,766853
10599,719238	-124,980125
10600,392151	-125,139389
10601,065063	-124,732857
10601,737976	-124,914055
10602,410889	-124,721436
10603,083801	-124,142258
10603,756714	-123,575951
10604,429626	-124,346291
10605,102539	-124,002625
10605,775452	-124,340179
10606,448364	-124,749901
10607,121277	-123,650734
10607,794189	-123,321808
10608,467102	-124,388908
10609,140015	-125,259789
10609,812927	-124,611313
10610,485840	-123,630783
10611,158752	-124,864532
10611,831665	-124,022827
10612,504578	-124,462288
10613,177490	-124,512535
10613,850403	-124,910240
10614,523315	-124,526497
10615,196228	-124,984734
10615,869141	-124,132584
10616,542053	-124,089149
10617,214966	-125,513474
10617,887878	-124,256203
10618,560791	-124,714828
10619,233704	-124,066154
10619,906616	-124,092163
10620,579529	-125,122162
10621,252441	-124,601311
10621,925354	-124,635712
10622,598267	-123,979942
10623,271179	-124,055580
10623,944092	-123,690163
10624,617004	-124,168358
10625,289917	-123,545052
10625,962830	-125,083740
10626,635742	-125,084274
10627,308655	-123,214882
10627,981567	-123,667076
10628,654480	-124,169907
10629,327393	-123,973785
10630,000305	-125,049164
10630,673218	-124,354210
10631,346130	-124,539474
10632,019043	-125,642082
10632,691956	-124,869553
10633,364868	-126,028046
10634,037781	-125,655235
10634,710693	-125,289627
10635,383606	-125,760162
10636,056519	-125,518677
10636,729431	-125,317154
10637,402344	-125,236404
10638,075256	-125,815430
10638,748169	-125,168839
10639,421082	-124,260620
10640,093994	-123,572403
10640,766907	-123,713402
10641,439819	-125,179314
10642,112732	-123,566978
10642,785645	-123,718109
10643,458557	-124,325447
10644,131470	-124,723434
10644,804382	-124,469162
10645,477295	-124,042343
10646,150208	-124,007339
10646,823120	-122,988060
10647,496033	-123,689339
10648,168945	-125,328079
10648,841858	-124,698502
10649,514771	-124,407227
10650,187683	-125,203156
10650,860596	-125,590714
10651,533508	-125,157059
10652,206421	-125,468887
10652,879333	-125,704399
10653,552246	-124,906952
10654,225159	-124,547943
10654,898071	-124,315117
10655,570984	-125,203011
10656,243896	-124,865211
10656,916809	-125,097664
10657,589722	-125,538994
10658,262634	-124,582481
10658,935547	-125,374443
10659,608459	-125,997124
10660,281372	-124,697990
10660,954285	-124,655128
10661,627197	-124,295258
10662,300110	-123,589035
10662,973022	-122,504860
10663,645935	-123,245567
10664,318848	-125,597939
10664,991760	-124,661652
10665,664673	-124,990257
10666,337585	-123,624413
10667,010498	-125,017311
10667,683411	-123,946701
10668,356323	-124,398247
10669,029236	-125,666801
10669,702148	-124,582840
10670,375061	-125,136452
10671,047974	-126,209854
10671,720886	-125,277588
10672,393799	-125,020813
10673,066711	-125,310127
10673,739624	-125,220718
10674,412537	-125,128555
10675,085449	-125,861374
10675,758362	-124,970718
10676,431274	-124,214844
10677,104187	-125,687935
10677,777100	-124,492294
10678,450012	-124,650406
10679,122925	-124,372177
10679,795837	-125,147087
10680,468750	-124,180763
10681,141663	-122,716904
10681,814575	-124,042809
10682,487488	-125,012680
10683,160400	-125,873329
10683,833313	-124,759453
10684,506226	-124,960953
10685,179138	-125,158150
10685,852051	-125,243393
10686,524963	-125,655487
10687,197876	-124,904762
10687,870789	-125,156342
10688,543701	-123,648773
10689,216614	-123,327095
10689,889526	-124,688805
10690,562439	-124,068359
10691,235352	-124,728172
10691,908264	-124,232452
10692,581177	-124,541901
10693,254089	-124,927490
10693,927002	-125,425163
10694,599915	-124,930054
10695,272827	-124,891708
10695,945740	-125,178009
10696,618652	-124,939575
10697,291565	-125,686966
10697,964478	-124,660324
10698,637390	-123,938965
10699,310303	-125,329666
10699,983215	-124,441704
10700,656128	-124,712540
10701,329041	-124,352394
10702,001953	-123,199654
10702,674866	-125,297348
10703,347778	-124,332932
10704,020691	-124,178650
10704,693604	-123,601120
10705,366516	-124,415916
10706,039429	-123,356689
10706,712341	-124,107414
10707,385254	-123,203644
10708,058167	-123,897758
10708,731079	-124,237595
10709,403992	-122,752991
10710,076904	-124,391502
10710,749817	-123,917809
10711,422729	-123,647408
10712,095642	-124,842636
10712,768555	-125,016426
10713,441467	-123,288857
10714,114380	-123,366356
10714,787292	-123,897560
10715,460205	-125,170807
10716,133118	-123,763443
10716,806030	-124,341934
10717,478943	-124,175140
10718,151855	-125,023048
10718,824768	-125,065575
10719,497681	-125,147575
10720,170593	-125,214600
10720,843506	-124,339211
10721,516418	-124,816727
10722,189331	-124,738228
10722,862244	-125,056671
10723,535156	-123,224998
10724,208069	-124,212173
10724,880981	-124,933533
10725,553894	-124,402168
10726,226807	-124,097534
10726,899719	-124,030617
10727,572632	-123,592308
10728,245544	-124,304161
10728,918457	-125,157120
10729,591370	-125,126740
10730,264282	-124,877953
10730,937195	-125,523941
10731,610107	-125,573280
10732,283020	-125,809875
10732,955933	-125,594582
10733,628845	-124,999168
10734,301758	-125,488197
10734,974670	-124,167038
10735,647583	-125,431580
10736,320496	-125,484718
10736,993408	-125,577568
10737,666321	-124,449074
10738,339233	-125,401581
10739,012146	-125,181450
10739,685059	-125,066559
10740,357971	-124,401367
10741,030884	-124,814316
10741,703796	-126,326050
10742,376709	-125,018585
10743,049622	-125,094467
10743,722534	-125,753746
10744,395447	-124,876122
10745,068359	-124,056450
10745,741272	-123,982399
10746,414185	-125,201057
10747,087097	-125,630699
10747,760010	-126,066177
10748,432922	-125,498314
10749,105835	-124,687477
10749,778748	-124,830902
10750,451660	-124,499626
10751,124573	-125,173882
10751,797485	-124,992485
10752,470398	-124,753441
10753,143311	-125,312668
10753,816223	-125,817116
10754,489136	-125,445732
10755,162048	-124,738983
10755,834961	-125,508125
10756,507874	-124,828300
10757,180786	-124,506813
10757,853699	-125,363754
10758,526611	-125,162552
10759,199524	-124,441681
10759,872437	-124,681854
10760,545349	-126,025162
10761,218262	-125,951614
10761,891174	-124,828529
10762,564087	-125,359665
10763,237000	-125,617432
10763,909912	-125,748749
10764,582825	-124,243988
10765,255737	-125,515114
10765,928650	-126,413399
10766,601562	-125,745140
10767,274475	-125,179901
10767,947388	-125,276779
10768,620300	-125,338478
10769,293213	-124,694084
10769,966125	-125,758614
10770,639038	-125,564850
10771,311951	-125,931168
10771,984863	-125,883141
10772,657776	-125,784065
10773,330688	-125,325790
10774,003601	-124,474777
10774,676514	-125,732269
10775,349426	-126,136833
10776,022339	-125,994743
10776,695251	-126,228172
10777,368164	-126,361816
10778,041077	-126,398354
10778,713989	-125,729591
10779,386902	-126,652199
10780,059814	-126,459351
10780,732727	-126,065498
10781,405640	-126,222565
10782,078552	-126,438950
10782,751465	-126,918472
10783,424377	-126,105911
10784,097290	-125,873672
10784,770203	-126,044800
10785,443115	-126,117882
10786,116028	-126,004250
10786,788940	-126,316582
10787,461853	-126,461670
10788,134766	-125,985542
10788,807678	-125,575615
10789,480591	-124,700790
10790,153503	-125,378998
10790,826416	-125,327858
10791,499329	-123,932640
10792,172241	-124,926781
10792,845154	-126,634689
10793,518066	-126,912140
10794,190979	-126,308701
10794,863892	-127,127968
10795,536804	-126,378258
10796,209717	-126,344582
10796,882629	-126,009682
10797,555542	-126,494545
10798,228455	-126,096069
10798,901367	-124,973923
10799,574280	-125,479507
10800,247192	-126,408661
10800,920105	-126,209938
10801,593018	-126,207130
10802,265930	-125,879616
10802,938843	-125,741531
10803,611755	-125,839592
10804,284668	-125,858704
10804,957581	-125,533936
10805,630493	-126,065491
10806,303406	-126,182045
10806,976318	-126,571671
10807,649231	-126,825974
10808,322144	-126,479446
10808,995056	-125,918419
10809,667969	-125,649010
10810,340881	-125,000160
10811,013794	-125,455887
10811,686707	-125,925148
10812,359619	-126,428749
10813,032532	-125,218811
10813,705444	-125,496872
10814,378357	-125,584534
10815,051270	-126,207832
10815,724182	-126,170227
10816,397095	-126,137131
10817,070007	-126,292206
10817,742920	-125,922768
10818,415833	-125,968941
10819,088745	-126,205971
10819,761658	-125,674545
10820,434570	-125,550041
10821,107483	-126,201775
10821,780396	-125,498718
10822,453308	-125,817902
10823,126221	-125,587860
10823,799133	-124,967079
10824,472046	-126,128769
10825,144958	-126,189629
10825,817871	-126,374336
10826,490784	-125,702377
10827,163696	-125,448990
10827,836609	-125,743935
10828,509521	-126,735199
10829,182434	-126,600670
10829,855347	-125,948395
10830,528259	-125,937866
10831,201172	-127,014458
10831,874084	-126,372940
10832,546997	-125,822701
10833,219910	-125,793480
10833,892822	-126,837349
10834,565735	-126,544815
10835,238647	-126,397896
10835,911560	-125,942039
10836,584473	-125,942764
10837,257385	-126,613762
10837,930298	-125,962692
10838,603210	-126,851852
10839,276123	-126,135979
10839,949036	-124,788437
10840,621948	-124,960594
10841,294861	-125,422539
10841,967773	-125,837326
10842,640686	-126,614754
10843,313599	-126,048721
10843,986511	-126,123207
10844,659424	-126,614548
10845,332336	-127,122192
10846,005249	-126,535103
10846,678162	-125,369858
10847,351074	-126,287956
10848,023987	-126,928673
10848,696899	-126,624619
10849,369812	-125,855980
10850,042725	-126,290276
10850,715637	-126,354111
10851,388550	-126,369019
10852,061462	-126,553093
10852,734375	-125,967773
10853,407288	-126,749023
10854,080200	-126,453148
10854,753113	-126,829491
10855,426025	-126,968399
10856,098938	-125,663177
10856,771851	-125,365784
10857,444763	-125,174080
10858,117676	-125,442383
10858,790588	-125,962852
10859,463501	-126,097687
10860,136414	-125,306664
10860,809326	-125,040894
10861,482239	-126,886993
10862,155151	-126,359444
10862,828064	-125,883385
10863,500977	-125,536575
10864,173889	-124,499031
10864,846802	-125,994209
10865,519714	-125,721130
10866,192627	-125,434090
10866,865540	-125,263870
10867,538452	-126,116631
10868,211365	-125,983391
10868,884277	-126,193443
10869,557190	-126,161636
10870,230103	-125,731804
10870,903015	-126,133781
10871,575928	-125,567307
10872,248840	-125,389374
10872,921753	-126,042267
10873,594666	-124,854271
10874,267578	-125,000412
10874,940491	-125,448601
10875,613403	-125,377525
10876,286316	-125,576027
10876,959229	-126,026596
10877,632141	-125,101608
10878,305054	-126,709015
10878,977966	-126,404175
10879,650879	-126,117157
10880,323792	-126,783447
10880,996704	-126,519882
10881,669617	-124,519485
10882,342529	-126,234604
10883,015442	-126,276161
10883,688354	-125,928444
10884,361267	-126,689133
10885,034180	-126,256615
10885,707092	-125,826500
10886,380005	-124,654030
10887,052917	-124,668671
10887,725830	-126,764580
10888,398743	-125,520622
10889,071655	-125,706100
10889,744568	-125,591415
10890,417480	-125,646637
10891,090393	-126,638771
10891,763306	-125,635521
10892,436218	-126,932991
10893,109131	-127,788475
10893,782043	-126,796440
10894,454956	-126,414932
10895,127869	-127,088417
10895,800781	-126,621414
10896,473694	-126,714890
10897,146606	-126,518570
10897,819519	-125,735687
10898,492432	-126,033699
10899,165344	-125,990532
10899,838257	-126,618950
10900,511169	-125,846443
10901,184082	-124,353172
10901,856995	-124,603775
10902,529907	-125,636131
10903,202820	-125,845093
10903,875732	-127,031555
10904,548645	-125,509026
10905,221558	-125,306793
10905,894470	-126,547363
10906,567383	-126,793770
10907,240295	-126,342934
10907,913208	-126,656013
10908,586121	-126,203323
10909,259033	-126,214622
10909,931946	-126,436707
10910,604858	-126,077545
10911,277771	-126,397034
10911,950684	-125,974922
10912,623596	-126,204582
10913,296509	-125,455246
10913,969421	-124,570091
10914,642334	-125,259033
10915,315247	-126,168411
10915,988159	-125,230171
10916,661072	-125,539764
10917,333984	-126,043221
10918,006897	-125,647888
10918,679810	-126,372147
10919,352722	-127,046471
10920,025635	-126,828316
10920,698547	-126,825829
10921,371460	-125,363503
10922,044373	-125,585838
10922,717285	-125,981796
10923,390198	-126,323265
10924,063110	-126,111855
10924,736023	-125,065819
10925,408936	-126,008545
10926,081848	-126,277115
10926,754761	-126,209015
10927,427673	-126,118919
10928,100586	-125,968536
10928,773499	-126,826202
10929,446411	-127,239952
10930,119324	-126,430511
10930,792236	-126,318108
10931,465149	-127,309372
10932,138062	-127,522026
10932,810974	-126,881592
10933,483887	-125,502419
10934,156799	-126,735550
10934,829712	-127,207848
10935,502625	-126,857979
10936,175537	-127,283478
10936,848450	-126,493774
10937,521362	-126,578178
10938,194275	-126,747978
10938,867188	-125,859512
10939,540100	-126,176552
10940,213013	-125,969971
10940,885925	-126,276855
10941,558838	-126,428673
10942,231750	-126,571953
10942,904663	-126,771477
10943,577576	-126,238808
10944,250488	-126,318916
10944,923401	-126,699173
10945,596313	-126,891563
10946,269226	-126,425430
10946,942139	-126,539062
10947,615051	-126,757149
10948,287964	-126,093719
10948,960876	-125,850456
10949,633789	-126,684738
10950,306702	-125,769608
10950,979614	-125,756020
10951,652527	-125,325943
10952,325439	-126,146057
10952,998352	-126,475540
10953,671265	-125,817421
10954,344177	-126,150444
10955,017090	-127,235146
10955,690002	-126,530067
10956,362915	-126,255219
10957,035828	-125,481224
10957,708740	-126,127907
10958,381653	-126,143623
10959,054565	-124,771576
10959,727478	-125,635689
10960,400391	-127,000679
10961,073303	-127,516197
10961,746216	-127,296638
10962,419128	-125,376419
10963,092041	-126,137329
10963,764954	-126,323204
10964,437866	-126,207008
10965,110779	-126,232803
10965,783691	-125,721642
10966,456604	-125,895012
10967,129517	-126,222122
10967,802429	-126,527802
10968,475342	-126,971680
10969,148254	-126,884155
10969,821167	-125,651939
10970,494080	-125,680618
10971,166992	-126,414742
10971,839905	-126,835831
10972,512817	-126,446518
10973,185730	-126,634270
10973,858643	-127,082817
10974,531555	-126,928802
10975,204468	-126,121155
10975,877380	-126,681160
10976,550293	-126,799522
10977,223206	-126,801712
10977,896118	-127,360214
10978,569031	-126,804314
10979,241943	-126,951233
10979,914856	-126,523422
10980,587769	-126,384369
10981,260681	-126,256363
10981,933594	-126,658943
10982,606506	-126,968773
10983,279419	-126,146179
10983,952332	-125,787941
10984,625244	-126,496803
10985,298157	-126,360519
10985,971069	-125,369537
10986,643982	-125,035561
10987,316895	-126,078171
10987,989807	-125,665276
10988,662720	-125,881500
10989,335632	-127,174835
10990,008545	-127,216896
10990,681458	-127,077652
10991,354370	-126,783363
10992,027283	-126,362778
10992,700195	-126,404984
10993,373108	-126,663551
10994,046021	-126,200005
10994,718933	-125,759918
10995,391846	-126,911423
10996,064758	-127,611214
10996,737671	-127,056236
10997,410583	-126,963806
10998,083496	-126,534737
10998,756409	-126,634918
10999,429321	-126,521645
11000,102234	-126,221985
11000,775146	-126,102402
11001,448059	-126,662415
11002,120972	-127,793839
11002,793884	-127,593498
11003,466797	-126,897926
11004,139709	-127,275230
11004,812622	-127,681458
11005,485535	-127,383041
11006,158447	-126,688141
11006,831360	-126,220016
11007,504272	-127,096619
11008,177185	-127,171585
11008,850098	-126,823166
11009,523010	-126,172180
11010,195923	-126,014977
11010,868835	-126,128174
11011,541748	-127,290985
11012,214661	-126,921730
11012,887573	-127,271461
11013,560486	-126,227234
11014,233398	-126,346420
11014,906311	-126,334969
11015,579224	-126,479561
11016,252136	-127,631691
11016,925049	-127,593597
11017,597961	-127,064194
11018,270874	-126,607376
11018,943787	-126,453003
11019,616699	-126,441826
11020,289612	-126,574524
11020,962524	-126,793022
11021,635437	-126,497238
11022,308350	-127,293541
11022,981262	-127,255142
11023,654175	-126,654503
11024,327087	-126,729202
