Frequency (Hz)	Level (dB)
0.672913	-96.422707
1.345825	-124.470642
2.018738	-124.162842
2.691650	-123.677643
3.364563	-120.370438
4.037476	-112.848076
4.710388	-111.279953
5.383301	-113.990402
6.056213	-115.254761
6.729126	-113.106041
7.402039	-111.696220
8.074951	-111.966103
8.747864	-111.126122
9.420776	-108.870125
10.093689	-107.383247
10.766602	-108.964966
11.439514	-108.088081
12.112427	-107.605911
12.785339	-106.551155
13.458252	-106.266640
14.131165	-105.602898
14.804077	-102.412964
15.476990	-100.774628
16.149902	-102.517632
16.822815	-102.589569
17.495728	-102.356026
18.168640	-98.700829
18.841553	-93.875488
19.514465	-90.014153
20.187378	-91.609032
20.860291	-96.189972
21.533203	-98.993362
22.206116	-99.906761
22.879028	-99.900391
23.551941	-100.430038
24.224854	-100.597351
24.897766	-98.094780
25.570679	-97.234154
26.243591	-98.783783
26.916504	-98.886276
27.589417	-100.494972
28.262329	-100.322487
28.935242	-100.710602
29.608154	-101.339523
30.281067	-100.533485
30.953979	-100.117210
31.626892	-100.965263
32.299805	-101.341415
32.972717	-100.697716
33.645630	-100.560081
34.318542	-100.324089
34.991455	-98.586517
35.664368	-98.032234
36.337280	-98.384583
37.010193	-97.552780
37.683105	-95.782799
38.356018	-94.605919
39.028931	-93.218803
39.701843	-90.240349
40.374756	-88.563797
41.047668	-88.109230
41.720581	-87.607780
42.393494	-86.440262
43.066406	-83.407494
43.739319	-80.714775
44.412231	-77.391541
45.085144	-74.616661
45.758057	-73.672096
46.430969	-74.465805
47.103882	-74.037834
47.776794	-73.012070
48.449707	-73.291634
49.122620	-74.753166
49.795532	-74.165771
50.468445	-74.144112
51.141357	-74.542976
51.814270	-73.040215
52.487183	-72.493134
53.160095	-73.688759
53.833008	-75.372490
54.505920	-77.942123
55.178833	-81.976807
55.851746	-84.364326
56.524658	-86.174324
57.197571	-89.243843
57.870483	-90.768509
58.543396	-88.663651
59.216309	-85.980835
59.889221	-84.129807
60.562134	-83.301826
61.235046	-83.147781
61.907959	-83.616966
62.580872	-84.165405
63.253784	-85.173447
63.926697	-86.828697
64.599609	-89.173157
65.272522	-88.610023
65.945435	-88.440331
66.618347	-90.033234
67.291260	-88.160072
67.964172	-83.280090
68.637085	-81.250175
69.309998	-81.376335
69.982910	-81.771790
70.655823	-82.708160
71.328735	-84.074471
72.001648	-85.443314
72.674561	-86.693199
73.347473	-88.160995
74.020386	-88.265709
74.693298	-87.697334
75.366211	-87.371399
76.039124	-87.287758
76.712036	-88.297943
77.384949	-88.625427
78.057861	-87.863075
78.730774	-87.951973
79.403687	-88.655174
80.076599	-90.328209
80.749512	-91.291779
81.422424	-91.253822
82.095337	-90.432098
82.768250	-89.798447
83.441162	-89.791832
84.114075	-89.780624
84.786987	-89.228630
85.459900	-88.944366
86.132812	-88.766243
86.805725	-88.403763
87.478638	-88.439827
88.151550	-88.232239
88.824463	-88.533058
89.497375	-88.744835
90.170288	-89.841873
90.843201	-91.843376
91.516113	-93.065674
92.189026	-94.137894
92.861938	-93.357155
93.534851	-91.652733
94.207764	-91.221031
94.880676	-90.927483
95.553589	-90.645004
96.226501	-91.335976
96.899414	-92.385155
97.572327	-90.806656
98.245239	-89.578232
98.918152	-89.098251
99.591064	-88.237846
100.263977	-88.693695
100.936890	-89.143852
101.609802	-87.826004
102.282715	-85.805786
102.955627	-83.548935
103.628540	-82.543915
104.301453	-82.024498
104.974365	-81.090370
105.647278	-80.257347
106.320190	-79.299133
106.993103	-78.572929
107.666016	-78.444862
108.338928	-79.156197
109.011841	-80.249557
109.684753	-81.758148
110.357666	-83.867981
111.030579	-86.866142
111.703491	-90.257706
112.376404	-91.363739
113.049316	-89.420288
113.722229	-87.575958
114.395142	-86.881454
115.068054	-86.514832
115.740967	-86.286720
116.413879	-86.929749
117.086792	-86.931007
117.759705	-86.934105
118.432617	-87.307266
119.105530	-88.035889
119.778442	-88.895958
120.451355	-88.981667
121.124268	-88.509056
121.797180	-87.901978
122.470093	-87.738152
123.143005	-88.080704
123.815918	-88.354774
124.488831	-88.734688
125.161743	-89.630280
125.834656	-91.437744
126.507568	-93.791862
127.180481	-95.781105
127.853394	-97.228180
128.526306	-98.541878
129.199219	-99.223015
129.872131	-98.001396
130.545044	-95.774788
131.217957	-93.950539
131.890869	-94.313354
132.563782	-95.383926
133.236694	-97.037270
133.909607	-98.842171
134.582520	-99.656998
135.255432	-101.547600
135.928345	-102.115616
136.601257	-101.532951
137.274170	-101.958282
137.947083	-101.208176
138.619995	-100.500137
139.292908	-100.290443
139.965820	-99.806755
140.638733	-98.808571
141.311646	-98.241280
141.984558	-97.740448
142.657471	-96.533615
143.330383	-94.235397
144.003296	-91.136475
144.676208	-88.515114
145.349121	-86.939285
146.022034	-86.952858
146.694946	-88.058632
147.367859	-89.993828
148.040771	-91.690697
148.713684	-92.029175
149.386597	-92.289513
150.059509	-91.989426
150.732422	-91.807610
151.405334	-92.456879
152.078247	-93.641281
152.751160	-96.262383
153.424072	-97.716537
154.096985	-97.150719
154.769897	-95.681679
155.442810	-95.144203
156.115723	-93.893127
156.788635	-93.460060
157.461548	-93.242599
158.134460	-93.202293
158.807373	-93.263222
159.480286	-93.474045
160.153198	-94.722389
160.826111	-95.732719
161.499023	-95.365067
162.171936	-94.193192
162.844849	-92.007698
163.517761	-90.232590
164.190674	-89.745239
164.863586	-90.190910
165.536499	-90.981453
166.209412	-91.656227
166.882324	-93.340973
167.555237	-95.335617
168.228149	-97.349716
168.901062	-98.643257
169.573975	-100.139915
170.246887	-101.003242
170.919800	-101.691933
171.592712	-102.114082
172.265625	-101.871895
172.938538	-100.749222
173.611450	-99.846748
174.284363	-99.066757
174.957275	-98.166817
175.630188	-97.534096
176.303101	-96.693237
176.976013	-95.930702
177.648926	-96.047966
178.321838	-96.473709
178.994751	-95.414825
179.667664	-94.151276
180.340576	-93.231430
181.013489	-92.159073
181.686401	-92.213409
182.359314	-93.178009
183.032227	-93.230156
183.705139	-94.479950
184.378052	-96.147743
185.050964	-97.060326
185.723877	-97.323318
186.396790	-98.311592
187.069702	-99.018318
187.742615	-98.655777
188.415527	-99.117378
189.088440	-98.908485
189.761353	-98.655060
190.434265	-97.822411
191.107178	-96.108856
191.780090	-94.051193
192.453003	-92.368507
193.125916	-91.401993
193.798828	-91.908813
194.471741	-92.655891
195.144653	-92.444023
195.817566	-91.184540
196.490479	-91.131973
197.163391	-92.877342
197.836304	-95.255211
198.509216	-95.954254
199.182129	-94.038811
199.855042	-90.610138
200.527954	-92.797035
201.200867	-96.110252
201.873779	-96.895218
202.546692	-97.438843
203.219604	-97.713219
203.892517	-99.273422
204.565430	-100.574280
205.238342	-101.806221
205.911255	-103.377533
206.584167	-102.373436
207.257080	-99.552719
207.929993	-97.163322
208.602905	-97.293114
209.275818	-97.209938
209.948730	-97.055733
210.621643	-97.492439
211.294556	-97.691216
211.967468	-98.276031
212.640381	-98.246223
213.313293	-97.443413
213.986206	-97.281120
214.659119	-97.306175
215.332031	-99.005203
216.004944	-100.185349
216.677856	-101.541000
217.350769	-104.266541
218.023682	-105.386009
218.696594	-105.304375
219.369507	-104.786545
220.042419	-104.505699
220.715332	-103.560638
221.388245	-103.252426
222.061157	-102.985504
222.734070	-102.250954
223.406982	-102.273499
224.079895	-102.733086
224.752808	-102.183258
225.425720	-101.501999
226.098633	-100.869606
226.771545	-99.447739
227.444458	-98.464340
228.117371	-98.243553
228.790283	-98.209717
229.463196	-98.273384
230.136108	-98.859993
230.809021	-100.401512
231.481934	-102.263321
232.154846	-103.388039
232.827759	-102.824432
233.500671	-102.617340
234.173584	-101.975563
234.846497	-101.460205
235.519409	-101.180603
236.192322	-99.544930
236.865234	-98.582352
237.538147	-98.857056
238.211060	-98.813210
238.883972	-99.016220
239.556885	-99.337402
240.229797	-100.112701
240.902710	-99.770103
241.575623	-99.778000
242.248535	-100.617378
242.921448	-100.420525
243.594360	-100.540909
244.267273	-100.899429
244.940186	-101.380882
245.613098	-101.673805
246.286011	-101.669823
246.958923	-101.146149
247.631836	-99.962242
248.304749	-99.374962
248.977661	-100.676453
249.650574	-102.179016
250.323486	-100.902229
250.996399	-101.040276
251.669312	-101.264488
252.342224	-100.905769
253.015137	-100.456932
253.688049	-100.694122
254.360962	-101.507095
255.033875	-102.632683
255.706787	-101.920059
256.379700	-101.282944
257.052612	-98.772781
257.725525	-96.163918
258.398438	-94.744736
259.071350	-93.681427
259.744263	-94.164757
260.417175	-95.194557
261.090088	-96.472977
261.763000	-97.383072
262.435913	-96.988678
263.108826	-96.234833
263.781738	-95.865654
264.454651	-95.409775
265.127563	-95.392418
265.800476	-96.938789
266.473389	-98.618889
267.146301	-101.084770
267.819214	-103.194748
268.492126	-103.633598
269.165039	-102.224045
269.837952	-101.494072
270.510864	-102.206932
271.183777	-102.564087
271.856689	-101.613419
272.529602	-101.954483
273.202515	-100.903824
273.875427	-99.791229
274.548340	-99.470543
275.221252	-99.183044
275.894165	-99.253914
276.567078	-100.197708
277.239990	-100.281372
277.912903	-101.778625
278.585815	-103.887634
279.258728	-105.136795
279.931641	-105.321144
280.604553	-106.080620
281.277466	-105.843536
281.950378	-105.284233
282.623291	-104.643753
283.296204	-104.425766
283.969116	-104.330574
284.642029	-104.602852
285.314941	-106.280014
285.987854	-107.828316
286.660767	-108.101738
287.333679	-107.776764
288.006592	-106.302017
288.679504	-105.975037
289.352417	-105.446449
290.025330	-104.323608
290.698242	-104.343071
291.371155	-105.922577
292.044067	-108.058220
292.716980	-108.589851
293.389893	-107.235931
294.062805	-104.501923
294.735718	-103.395485
295.408630	-104.389839
296.081543	-104.078598
296.754456	-103.908257
297.427368	-103.311127
298.100281	-102.610840
298.773193	-102.005875
299.446106	-101.832062
300.119019	-101.879288
300.791931	-101.268257
301.464844	-102.542587
302.137756	-104.739342
302.810669	-107.029976
303.483582	-107.772720
304.156494	-106.479179
304.829407	-106.637825
305.502319	-105.807854
306.175232	-105.487259
306.848145	-105.658745
307.521057	-105.781425
308.193970	-106.442871
308.866882	-105.861259
309.539795	-105.086418
310.212708	-105.301811
310.885620	-104.389740
311.558533	-103.300392
312.231445	-102.838127
312.904358	-101.893913
313.577271	-101.659897
314.250183	-101.110222
314.923096	-100.870987
315.596008	-101.780014
316.268921	-102.021233
316.941833	-102.544220
317.614746	-103.309128
318.287659	-102.533936
318.960571	-103.378113
319.633484	-104.078712
320.306396	-104.867012
320.979309	-103.710732
321.652222	-102.768311
322.325134	-102.413376
322.998047	-101.304527
323.670959	-101.584526
324.343872	-101.669113
325.016785	-100.480164
325.689697	-100.482124
326.362610	-100.649605
327.035522	-100.438469
327.708435	-100.430115
328.381348	-100.449570
329.054260	-100.237305
329.727173	-100.279274
330.400085	-100.731415
331.072998	-101.544891
331.745911	-101.933052
332.418823	-103.295586
333.091736	-102.859222
333.764648	-103.207535
334.437561	-103.879318
335.110474	-103.897804
335.783386	-104.613419
336.456299	-106.105881
337.129211	-106.263985
337.802124	-107.316689
338.475037	-108.216652
339.147949	-106.943970
339.820862	-103.802391
340.493774	-101.502243
341.166687	-99.162201
341.839600	-97.556824
342.512512	-96.950874
343.185425	-97.515991
343.858337	-97.950691
344.531250	-98.432442
345.204163	-98.574631
345.877075	-99.247742
346.549988	-99.626945
347.222900	-99.188583
347.895813	-98.959389
348.568726	-98.543671
349.241638	-98.370117
349.914551	-99.020157
350.587463	-99.510948
351.260376	-99.976974
351.933289	-99.465477
352.606201	-98.500313
353.279114	-97.709656
353.952026	-96.270309
354.624939	-95.424355
355.297852	-95.442329
355.970764	-96.177803
356.643677	-97.617500
357.316589	-99.408226
357.989502	-100.042801
358.662415	-100.828789
359.335327	-101.281754
360.008240	-101.196121
360.681152	-101.601662
361.354065	-101.264420
362.026978	-100.989761
362.699890	-101.147438
363.372803	-101.438324
364.045715	-102.083763
364.718628	-103.569122
365.391541	-105.263992
366.064453	-105.798882
366.737366	-106.255516
367.410278	-106.046753
368.083191	-107.038818
368.756104	-107.096802
369.429016	-106.714439
370.101929	-106.300514
370.774841	-106.415924
371.447754	-106.937958
372.120667	-106.936966
372.793579	-106.846870
373.466492	-106.634048
374.139404	-105.568222
374.812317	-104.484581
375.485229	-103.615463
376.158142	-103.275253
376.831055	-102.800095
377.503967	-102.631889
378.176880	-102.392334
378.849792	-102.560448
379.522705	-103.262215
380.195618	-104.375076
380.868530	-104.904236
381.541443	-104.340530
382.214355	-104.362755
382.887268	-102.681503
383.560181	-102.831604
384.233093	-103.442665
384.906006	-103.587311
385.578918	-103.521751
386.251831	-102.842293
386.924744	-103.103821
387.597656	-103.071068
388.270569	-103.376236
388.943481	-103.344940
389.616394	-104.244179
390.289307	-103.802109
390.962219	-103.482033
391.635132	-103.272163
392.308044	-103.871651
392.980957	-103.711441
393.653870	-104.577866
394.326782	-105.611137
394.999695	-105.947746
395.672607	-106.765450
396.345520	-107.911980
397.018433	-108.411308
397.691345	-107.960884
398.364258	-107.840942
399.037170	-107.939415
399.710083	-108.237373
400.382996	-107.045235
401.055908	-106.951767
401.728821	-108.143211
402.401733	-108.076668
403.074646	-109.265137
403.747559	-110.268311
404.420471	-110.808167
405.093384	-110.175339
405.766296	-108.149452
406.439209	-107.241013
407.112122	-107.445686
407.785034	-107.623108
408.457947	-106.695045
409.130859	-105.351868
409.803772	-103.716797
410.476685	-102.871956
411.149597	-102.336449
411.822510	-102.252129
412.495422	-102.319420
413.168335	-101.531998
413.841248	-101.808357
414.514160	-101.474182
415.187073	-101.883415
415.859985	-101.211143
416.532898	-101.340042
417.205811	-100.984367
417.878723	-100.899406
418.551636	-100.196831
419.224548	-100.115738
419.897461	-99.912361
420.570374	-99.790070
421.243286	-100.215065
421.916199	-100.544151
422.589111	-100.249443
423.262024	-100.567421
423.934937	-101.739319
424.607849	-103.280670
425.280762	-105.407341
425.953674	-105.509911
426.626587	-105.549095
427.299500	-105.189255
427.972412	-105.443695
428.645325	-106.020538
429.318237	-106.098602
429.991150	-107.544388
430.664062	-109.272240
431.336975	-109.012161
432.009888	-108.754463
432.682800	-107.535301
433.355713	-106.787994
434.028625	-107.713669
434.701538	-108.634850
435.374451	-109.511261
436.047363	-108.003410
436.720276	-107.378799
437.393188	-106.599091
438.066101	-105.903999
438.739014	-104.017059
439.411926	-101.958382
440.084839	-101.300133
440.757751	-101.368645
441.430664	-100.792824
442.103577	-101.396545
442.776489	-102.054504
443.449402	-102.531693
444.122314	-103.352692
444.795227	-104.480019
445.468140	-104.968147
446.141052	-104.377029
446.813965	-105.218346
447.486877	-105.971977
448.159790	-105.713524
448.832703	-105.898041
449.505615	-106.531036
450.178528	-105.185616
450.851440	-104.323326
451.524353	-104.352470
452.197266	-104.386459
452.870178	-104.243530
453.543091	-104.864555
454.216003	-105.773918
454.888916	-106.503471
455.561829	-104.849174
456.234741	-102.948547
456.907654	-101.888939
457.580566	-100.740654
458.253479	-100.329483
458.926392	-100.611237
459.599304	-101.303307
460.272217	-102.369293
460.945129	-102.755249
461.618042	-103.082504
462.290955	-103.369827
462.963867	-103.544395
463.636780	-103.518929
464.309692	-103.376701
464.982605	-103.830307
465.655518	-103.712517
466.328430	-103.606339
467.001343	-104.322006
467.674255	-104.420418
468.347168	-106.817696
469.020081	-108.230682
469.692993	-106.586479
470.365906	-105.036278
471.038818	-104.762329
471.711731	-104.244095
472.384644	-103.904152
473.057556	-103.980659
473.730469	-103.423752
474.403381	-103.126289
475.076294	-104.001152
475.749207	-104.392593
476.422119	-105.492889
477.095032	-105.160995
477.767944	-104.706665
478.440857	-106.369209
479.113770	-106.818794
479.786682	-106.727463
480.459595	-108.640823
481.132507	-109.602097
481.805420	-108.785973
482.478333	-107.744804
483.151245	-107.253296
483.824158	-105.751404
484.497070	-104.768234
485.169983	-103.692535
485.842896	-102.236160
486.515808	-102.145454
487.188721	-101.503395
487.861633	-100.839836
488.534546	-100.734520
489.207458	-100.308678
489.880371	-99.273071
490.553284	-99.387138
491.226196	-99.107826
491.899109	-99.244698
492.572021	-99.202698
493.244934	-99.348923
493.917847	-99.909744
494.590759	-101.130890
495.263672	-102.017807
495.936584	-102.389053
496.609497	-102.752884
497.282410	-103.751793
497.955322	-104.933754
498.628235	-104.549881
499.301147	-105.365486
499.974060	-105.535118
500.646973	-105.480682
501.319885	-105.622192
501.992798	-106.237732
502.665710	-106.294693
503.338623	-106.630501
504.011536	-107.241791
504.684448	-107.116508
505.357361	-107.620323
506.030273	-107.542366
506.703186	-107.299789
507.376099	-107.776405
508.049011	-107.305931
508.721924	-107.005760
509.394836	-106.944519
510.067749	-106.365250
510.740662	-106.539673
511.413574	-107.450890
512.086487	-108.242569
512.759399	-108.558685
513.432312	-110.124123
514.105225	-110.901413
514.778137	-110.870888
515.451050	-110.599045
516.123962	-109.879570
516.796875	-108.478638
517.469788	-107.409943
518.142700	-105.843651
518.815613	-106.522163
519.488525	-108.256134
520.161438	-109.854393
520.834351	-110.172592
521.507263	-110.734909
522.180176	-110.307838
522.853088	-110.218346
523.526001	-110.787796
524.198914	-109.911041
524.871826	-109.440720
525.544739	-109.600647
526.217651	-110.926422
526.890564	-111.625923
527.563477	-111.778191
528.236389	-112.022018
528.909302	-111.135483
529.582214	-111.209747
530.255127	-110.353409
530.928040	-110.324265
531.600952	-110.782288
532.273865	-110.576942
532.946777	-111.066544
533.619690	-111.192352
534.292603	-111.358238
534.965515	-111.118950
535.638428	-111.832268
536.311340	-111.446602
536.984253	-110.711281
537.657166	-110.439232
538.330078	-110.312447
539.002991	-110.652527
539.675903	-109.939156
540.348816	-108.926964
541.021729	-109.483101
541.694641	-110.562408
542.367554	-111.651146
543.040466	-110.743500
543.713379	-110.982002
544.386292	-111.647171
545.059204	-110.524651
545.732117	-110.278191
546.405029	-110.056374
547.077942	-108.900604
547.750854	-108.896339
548.423767	-108.297920
549.096680	-107.629997
549.769592	-107.777145
550.442505	-109.166763
551.115417	-109.757088
551.788330	-110.711136
552.461243	-111.075119
553.134155	-110.829140
553.807068	-109.991203
554.479980	-109.922379
555.152893	-110.286720
555.825806	-109.172768
556.498718	-110.632690
557.171631	-111.953865
557.844543	-111.285698
558.517456	-111.317787
559.190369	-110.287354
559.863281	-109.915909
560.536194	-110.139465
561.209106	-110.556549
561.882019	-109.682076
562.554932	-110.047264
563.227844	-110.059776
563.900757	-110.260002
564.573669	-110.376831
565.246582	-110.534744
565.919495	-109.762146
566.592407	-109.649384
567.265320	-109.786880
567.938232	-110.842148
568.611145	-110.512535
569.284058	-110.295341
569.956970	-109.493660
570.629883	-108.345291
571.302795	-108.517296
571.975708	-107.481812
572.648621	-107.020058
573.321533	-106.745247
573.994446	-107.245674
574.667358	-107.533470
575.340271	-108.347595
576.013184	-109.107994
576.686096	-109.143990
577.359009	-109.260323
578.031921	-110.501053
578.704834	-110.459389
579.377747	-110.377586
580.050659	-109.902847
580.723572	-110.076088
581.396484	-110.732643
582.069397	-109.638359
582.742310	-109.610649
583.415222	-109.348816
584.088135	-109.446655
584.761047	-109.447220
585.433960	-110.230331
586.106873	-110.854362
586.779785	-110.697815
587.452698	-112.028946
588.125610	-111.837242
588.798523	-112.461838
589.471436	-111.456108
590.144348	-110.370163
590.817261	-109.514954
591.490173	-109.312737
592.163086	-108.547821
592.835999	-109.198280
593.508911	-108.342735
594.181824	-109.429337
594.854736	-110.533813
595.527649	-111.990005
596.200562	-112.719704
596.873474	-111.733185
597.546387	-110.413315
598.219299	-109.434814
598.892212	-108.437042
599.565125	-108.761810
600.238037	-109.388939
600.910950	-109.936630
601.583862	-110.157799
602.256775	-109.708977
602.929688	-108.742256
603.602600	-107.863663
604.275513	-107.709625
604.948425	-107.471779
605.621338	-107.545769
606.294250	-108.099632
606.967163	-108.302048
607.640076	-108.684578
608.312988	-109.331970
608.985901	-111.000465
609.658813	-111.400047
610.331726	-111.743919
611.004639	-111.695068
611.677551	-112.029701
612.350464	-111.866577
613.023376	-112.276367
613.696289	-111.149681
614.369202	-111.403320
615.042114	-112.255638
615.715027	-112.128250
616.387939	-111.468544
617.060852	-112.035500
617.733765	-112.422310
618.406677	-112.244545
619.079590	-111.862732
619.752502	-112.642746
620.425415	-113.158653
621.098328	-112.884911
621.771240	-112.437500
622.444153	-110.993065
623.117065	-110.454582
623.789978	-110.494484
624.462891	-110.145737
625.135803	-110.862610
625.808716	-111.911827
626.481628	-111.694153
627.154541	-112.512955
627.827454	-111.722878
628.500366	-111.771164
629.173279	-111.283272
629.846191	-111.774696
630.519104	-111.336617
631.192017	-112.177254
631.864929	-113.023911
632.537842	-112.043060
633.210754	-111.908485
633.883667	-113.196205
634.556580	-112.515518
635.229492	-112.751381
635.902405	-112.783813
636.575317	-113.012604
637.248230	-112.553474
637.921143	-111.650208
638.594055	-112.420738
639.266968	-113.992035
639.939880	-114.895576
640.612793	-113.961044
641.285706	-113.441605
641.958618	-114.479897
642.631531	-115.476448
643.304443	-114.795219
643.977356	-115.268456
644.650269	-115.249229
645.323181	-114.831573
645.996094	-114.419037
646.669006	-114.231003
647.341919	-114.781807
648.014832	-114.612495
648.687744	-114.292175
649.360657	-114.379448
650.033569	-114.839195
650.706482	-114.871094
651.379395	-115.276894
652.052307	-114.267952
652.725220	-113.118729
653.398132	-113.445267
654.071045	-113.025406
654.743958	-112.020241
655.416870	-111.489479
656.089783	-111.524590
656.762695	-111.110695
657.435608	-111.311424
658.108521	-111.026260
658.781433	-110.721039
659.454346	-111.091515
660.127258	-110.788933
660.800171	-110.725037
661.473083	-111.528740
662.145996	-111.713310
662.818909	-111.928360
663.491821	-113.406639
664.164734	-113.536621
664.837646	-113.170433
665.510559	-112.906334
666.183472	-113.472954
666.856384	-113.973549
667.529297	-112.995590
668.202209	-112.980751
668.875122	-113.345863
669.548035	-112.941467
670.220947	-113.296600
670.893860	-113.467972
671.566772	-114.107956
672.239685	-114.196587
672.912598	-115.035973
673.585510	-115.785622
674.258423	-115.128471
674.931335	-114.874451
675.604248	-114.520531
676.277161	-115.069603
676.950073	-114.784103
677.622986	-114.500389
678.295898	-113.535950
678.968811	-113.351639
679.641724	-114.160751
680.314636	-115.370232
680.987549	-115.093925
681.660461	-114.252769
682.333374	-114.041290
683.006287	-113.763695
683.679199	-113.827843
684.352112	-113.921616
685.025024	-113.117050
685.697937	-112.178520
686.370850	-111.769836
687.043762	-112.279816
687.716675	-112.492165
688.389587	-113.459625
689.062500	-113.494896
689.735413	-113.026619
690.408325	-113.855682
691.081238	-114.713478
691.754150	-114.654922
692.427063	-115.239204
693.099976	-115.541161
693.772888	-115.681313
694.445801	-115.724373
695.118713	-115.480988
695.791626	-114.797829
696.464539	-115.336670
697.137451	-114.961777
697.810364	-114.511482
698.483276	-114.595993
699.156189	-115.269623
699.829102	-115.770638
700.502014	-114.830467
701.174927	-114.664406
701.847839	-114.391357
702.520752	-113.860802
703.193665	-113.519012
703.866577	-114.291664
704.539490	-114.781944
705.212402	-114.437042
705.885315	-114.363632
706.558228	-115.033607
707.231140	-115.497063
707.904053	-114.572891
708.576965	-113.427170
709.249878	-113.620987
709.922791	-112.714767
710.595703	-112.762688
711.268616	-112.848198
711.941528	-112.006256
712.614441	-113.385460
713.287354	-111.925781
713.960266	-111.343475
714.633179	-110.876625
715.306091	-110.478210
715.979004	-110.875862
716.651917	-111.578354
717.324829	-112.239372
717.997742	-111.594894
718.670654	-110.840385
719.343567	-111.990135
720.016479	-112.387169
720.689392	-113.091782
721.362305	-113.065117
722.035217	-112.682281
722.708130	-112.276825
723.381042	-113.655121
724.053955	-113.910645
724.726868	-114.059166
725.399780	-114.241936
726.072693	-113.896362
726.745605	-113.144226
727.418518	-113.196320
728.091431	-112.426880
728.764343	-113.098381
729.437256	-114.355927
730.110168	-114.267227
730.783081	-114.519325
731.455994	-115.760002
732.128906	-116.056534
732.801819	-115.721886
733.474731	-115.829765
734.147644	-116.662834
734.820557	-115.696457
735.493469	-114.687607
736.166382	-114.472588
736.839294	-113.696075
737.512207	-112.646988
738.185120	-113.325058
738.858032	-112.697899
739.530945	-112.598648
740.203857	-112.386742
740.876770	-113.701958
741.549683	-114.209496
742.222595	-113.470924
742.895508	-114.065544
743.568420	-114.956413
744.241333	-113.896400
744.914246	-113.489494
745.587158	-113.542404
746.260071	-113.107361
746.932983	-113.754852
747.605896	-113.326675
748.278809	-113.601509
748.951721	-112.152657
749.624634	-111.322166
750.297546	-111.235825
750.970459	-111.764069
751.643372	-112.440552
752.316284	-112.016724
752.989197	-112.067955
753.662109	-112.149666
754.335022	-112.328873
755.007935	-112.093521
755.680847	-111.515137
756.353760	-111.268280
757.026672	-111.261772
757.699585	-109.973061
758.372498	-109.785950
759.045410	-109.603600
759.718323	-109.394394
760.391235	-109.395538
761.064148	-110.649246
761.737061	-109.670082
762.409973	-109.992157
763.082886	-109.959763
763.755798	-111.816521
764.428711	-111.740593
765.101624	-111.893311
765.774536	-111.185959
766.447449	-111.883324
767.120361	-111.048958
767.793274	-111.347755
768.466187	-112.423279
769.139099	-112.315659
769.812012	-113.689857
770.484924	-114.093239
771.157837	-114.591660
771.830750	-113.769569
772.503662	-114.154289
773.176575	-115.511963
773.849487	-115.471512
774.522400	-115.150009
775.195312	-115.248863
775.868225	-115.159943
776.541138	-114.729309
777.214050	-113.941978
777.886963	-114.180779
778.559875	-115.247643
779.232788	-115.692390
779.905701	-114.231461
780.578613	-114.437088
781.251526	-114.414719
781.924438	-115.295845
782.597351	-115.179260
783.270264	-114.700974
783.943176	-114.921509
784.616089	-115.075493
785.289001	-114.699295
785.961914	-115.302673
786.634827	-115.600105
787.307739	-114.882011
787.980652	-115.097626
788.653564	-115.043488
789.326477	-115.475189
789.999390	-115.838440
790.672302	-115.786407
791.345215	-114.674026
792.018127	-115.134567
792.691040	-115.601974
793.363953	-114.206375
794.036865	-114.888474
794.709778	-115.029968
795.382690	-114.385750
796.055603	-114.772995
796.728516	-114.450470
797.401428	-115.217033
798.074341	-115.972107
798.747253	-115.378944
799.420166	-114.684738
800.093079	-115.087708
800.765991	-114.680962
801.438904	-114.350647
802.111816	-115.031403
802.784729	-115.198402
803.457642	-114.442818
804.130554	-115.387825
804.803467	-115.853691
805.476379	-115.525307
806.149292	-115.572021
806.822205	-115.739388
807.495117	-115.207321
808.168030	-114.859955
808.840942	-114.567825
809.513855	-114.130348
810.186768	-114.564003
810.859680	-115.375626
811.532593	-115.872047
812.205505	-114.891106
812.878418	-114.149292
813.551331	-113.194962
814.224243	-113.634178
814.897156	-113.942764
815.570068	-114.105957
816.242981	-114.244781
816.915894	-115.143044
817.588806	-114.493317
818.261719	-114.653976
818.934631	-116.059921
819.607544	-115.282898
820.280457	-114.266014
820.953369	-114.757721
821.626282	-114.107895
822.299194	-114.203209
822.972107	-114.740669
823.645020	-115.073570
824.317932	-114.582222
824.990845	-114.418617
825.663757	-115.428574
826.336670	-114.976486
827.009583	-115.014214
827.682495	-115.677414
828.355408	-115.244926
829.028320	-114.800858
829.701233	-115.613510
830.374146	-115.375984
831.047058	-115.109940
831.719971	-115.065750
832.392883	-114.158745
833.065796	-112.925537
833.738708	-113.176125
834.411621	-112.837036
835.084534	-113.793732
835.757446	-113.698433
836.430359	-114.327332
837.103271	-114.523575
837.776184	-113.727959
838.449097	-113.558632
839.122009	-114.498413
839.794922	-113.857201
840.467834	-113.600418
841.140747	-114.888824
841.813660	-114.089836
842.486572	-113.994301
843.159485	-115.422760
843.832397	-115.844345
844.505310	-115.926659
845.178223	-114.910133
845.851135	-114.719231
846.524048	-114.679466
847.196960	-114.892220
847.869873	-114.151337
848.542786	-114.983421
849.215698	-114.643929
849.888611	-114.945259
850.561523	-114.543442
851.234436	-114.809875
851.907349	-115.648941
852.580261	-115.950142
853.253174	-116.649841
853.926086	-115.874466
854.598999	-115.191566
855.271912	-114.502586
855.944824	-114.136345
856.617737	-114.570786
857.290649	-114.724945
857.963562	-115.911774
858.636475	-115.499001
859.309387	-115.565796
859.982300	-115.579773
860.655212	-115.610893
861.328125	-115.030701
862.001038	-116.099022
862.673950	-115.539444
863.346863	-115.406326
864.019775	-116.095779
864.692688	-116.525833
865.365601	-116.461800
866.038513	-116.394073
866.711426	-116.718376
867.384338	-116.277939
868.057251	-115.746666
868.730164	-115.587456
869.403076	-116.836342
870.075989	-116.354103
870.748901	-116.263992
871.421814	-116.918526
872.094727	-116.676361
872.767639	-116.767723
873.440552	-116.080307
874.113464	-115.397652
874.786377	-115.253822
875.459290	-115.425858
876.132202	-115.623444
876.805115	-115.954338
877.478027	-116.612518
878.150940	-116.053040
878.823853	-116.321785
879.496765	-116.029099
880.169678	-115.617210
880.842590	-115.687569
881.515503	-115.400505
882.188416	-115.788200
882.861328	-115.223289
883.534241	-115.322762
884.207153	-116.359428
884.880066	-116.023689
885.552979	-116.011948
886.225891	-116.293388
886.898804	-116.109138
887.571716	-115.704987
888.244629	-115.176659
888.917542	-115.311798
889.590454	-116.449821
890.263367	-117.277534
890.936279	-116.288147
891.609192	-116.780434
892.282104	-115.464760
892.955017	-115.517677
893.627930	-116.402092
894.300842	-115.367180
894.973755	-114.874146
895.646667	-116.069382
896.319580	-115.025070
896.992493	-114.710320
897.665405	-116.106209
898.338318	-115.784431
899.011230	-115.515564
899.684143	-115.492081
900.357056	-115.288193
901.029968	-116.161324
901.702881	-115.809799
902.375793	-116.114037
903.048706	-115.361084
903.721619	-115.631439
904.394531	-115.520576
905.067444	-115.299126
905.740356	-115.229546
906.413269	-114.673653
907.086182	-115.093773
907.759094	-115.222977
908.432007	-113.894577
909.104919	-113.757278
909.777832	-114.582687
910.450745	-114.883171
911.123657	-114.794724
911.796570	-115.224312
912.469482	-114.675529
913.142395	-114.650070
913.815308	-114.446877
914.488220	-115.089607
915.161133	-114.255531
915.834045	-115.581543
916.506958	-116.083443
917.179871	-115.588486
917.852783	-115.940529
918.525696	-115.107452
919.198608	-115.834312
919.871521	-116.172356
920.544434	-115.140274
921.217346	-115.064514
921.890259	-114.624176
922.563171	-115.011093
923.236084	-114.686157
923.908997	-114.490448
924.581909	-114.797356
925.254822	-114.829628
925.927734	-113.761490
926.600647	-113.865273
927.273560	-114.259293
927.946472	-112.956032
928.619385	-113.186089
929.292297	-113.437050
929.965210	-113.488281
930.638123	-113.903618
931.311035	-113.808678
931.983948	-115.235672
932.656860	-115.141731
933.329773	-115.382240
934.002686	-115.029190
934.675598	-115.463333
935.348511	-114.676819
936.021423	-114.886620
936.694336	-114.318192
937.367249	-113.943840
938.040161	-114.540306
938.713074	-114.234718
939.385986	-114.720360
940.058899	-115.506187
940.731812	-115.848221
941.404724	-116.729904
942.077637	-117.101326
942.750549	-117.169189
943.423462	-115.711060
944.096375	-115.592056
944.769287	-114.749802
945.442200	-115.872971
946.115112	-115.366989
946.788025	-114.880096
947.460938	-115.087196
948.133850	-115.534416
948.806763	-114.372643
949.479675	-114.877571
950.152588	-114.706467
950.825500	-115.504509
951.498413	-116.502457
952.171326	-116.096977
952.844238	-115.614334
953.517151	-116.196251
954.190063	-115.969215
954.862976	-115.947128
955.535889	-115.815163
956.208801	-116.019409
956.881714	-115.409828
957.554626	-115.878662
958.227539	-116.472443
958.900452	-116.052147
959.573364	-115.156906
960.246277	-115.606636
960.919189	-115.400482
961.592102	-116.321877
962.265015	-116.527718
962.937927	-116.145164
963.610840	-116.375298
964.283752	-116.948059
964.956665	-116.944176
965.629578	-116.119492
966.302490	-116.204590
966.975403	-115.920319
967.648315	-114.641312
968.321228	-115.669868
968.994141	-116.500999
969.667053	-114.961067
970.339966	-115.082649
971.012878	-115.871147
971.685791	-115.021011
972.358704	-115.621437
973.031616	-116.307144
973.704529	-116.309967
974.377441	-116.830147
975.050354	-116.703598
975.723267	-115.762062
976.396179	-116.021629
977.069092	-116.684547
977.742004	-115.878784
978.414917	-115.871704
979.087830	-116.177940
979.760742	-117.174286
980.433655	-116.618538
981.106567	-115.330894
981.779480	-115.510475
982.452393	-115.100105
983.125305	-115.744499
983.798218	-114.965492
984.471130	-114.775368
985.144043	-115.211540
985.816956	-114.689232
986.489868	-115.773239
987.162781	-115.193680
987.835693	-115.960754
988.508606	-116.424698
989.181519	-116.066849
989.854431	-116.429199
990.527344	-116.274879
991.200256	-116.678719
991.873169	-117.373848
992.546082	-116.420448
993.218994	-116.320770
993.891907	-116.439133
994.564819	-117.225533
995.237732	-116.497223
995.910645	-116.448021
996.583557	-117.107338
997.256470	-115.904472
997.929382	-116.657669
998.602295	-115.819054
999.275208	-116.598434
999.948120	-117.439415
1000.621033	-116.826843
1001.293945	-116.771286
1001.966858	-116.890671
1002.639771	-116.284515
1003.312683	-117.046356
1003.985596	-117.509705
1004.658508	-117.155754
1005.331421	-116.856743
1006.004333	-116.820892
1006.677246	-117.103401
1007.350159	-117.318993
1008.023071	-116.936615
1008.695984	-117.240891
1009.368896	-117.651466
1010.041809	-117.304245
1010.714722	-116.850082
1011.387634	-117.095833
1012.060547	-117.165459
1012.733459	-117.213997
1013.406372	-117.021065
1014.079285	-116.529762
1014.752197	-117.075768
1015.425110	-117.467911
1016.098022	-116.925865
1016.770935	-116.606583
1017.443848	-117.541473
1018.116760	-116.998985
1018.789673	-117.517181
1019.462585	-117.996277
1020.135498	-117.387001
1020.808411	-116.744087
1021.481323	-117.257141
1022.154236	-117.264633
1022.827148	-117.173164
1023.500061	-117.372253
1024.172974	-117.199127
1024.845886	-117.159782
1025.518799	-116.480125
1026.191711	-116.612495
1026.864624	-116.565659
1027.537537	-115.885155
1028.210449	-116.543358
1028.883362	-116.360405
1029.556274	-116.194893
1030.229187	-116.216415
1030.902100	-116.492920
1031.575012	-116.785301
1032.247925	-117.143906
1032.920837	-117.366280
1033.593750	-117.306442
1034.266663	-117.780441
1034.939575	-117.359421
1035.612488	-116.679008
1036.285400	-116.196068
1036.958313	-116.372261
1037.631226	-115.982635
1038.304138	-116.537491
1038.977051	-117.018326
1039.649963	-116.713448
1040.322876	-117.789352
1040.995789	-116.255959
1041.668701	-116.174789
1042.341614	-117.280678
1043.014526	-116.963364
1043.687439	-117.518570
1044.360352	-117.508911
1045.033264	-115.958450
1045.706177	-116.286705
1046.379089	-115.809425
1047.052002	-115.849136
1047.724915	-115.627632
1048.397827	-115.428619
1049.070740	-115.139000
1049.743652	-115.173119
1050.416565	-115.147942
1051.089478	-115.022964
1051.762390	-115.100227
1052.435303	-115.544800
1053.108215	-116.564354
1053.781128	-117.429245
1054.454041	-116.059669
1055.126953	-116.065086
1055.799866	-115.929138
1056.472778	-116.409515
1057.145691	-117.082306
1057.818604	-116.189308
1058.491516	-116.030334
1059.164429	-116.422173
1059.837341	-116.554764
1060.510254	-116.732567
1061.183167	-117.328720
1061.856079	-117.485497
1062.528992	-117.336624
1063.201904	-117.585625
1063.874817	-117.419014
1064.547729	-116.389694
1065.220642	-115.846970
1065.893555	-116.478905
1066.566467	-115.176636
1067.239380	-114.970581
1067.912292	-115.204208
1068.585205	-114.721855
1069.258118	-116.147926
1069.931030	-116.756248
1070.603943	-116.906197
1071.276855	-117.139786
1071.949768	-118.051582
1072.622681	-117.289070
1073.295593	-116.477798
1073.968506	-117.170021
1074.641418	-116.904335
1075.314331	-117.493820
1075.987244	-117.970909
1076.660156	-117.342506
1077.333069	-118.242149
1078.005981	-117.307259
1078.678894	-116.458145
1079.351807	-116.720322
1080.024719	-116.357933
1080.697632	-117.197250
1081.370544	-117.338280
1082.043457	-115.662926
1082.716370	-115.356346
1083.389282	-116.113396
1084.062195	-115.797020
1084.735107	-115.649361
1085.408020	-116.112114
1086.080933	-116.941544
1086.753845	-116.677422
1087.426758	-116.044907
1088.099670	-116.237152
1088.772583	-115.814644
1089.445496	-116.024559
1090.118408	-116.661674
1090.791321	-116.717056
1091.464233	-116.942879
1092.137146	-117.258934
1092.810059	-116.182953
1093.482971	-116.023018
1094.155884	-116.562523
1094.828796	-116.439720
1095.501709	-116.398247
1096.174622	-116.626549
1096.847534	-116.832191
1097.520447	-117.267693
1098.193359	-116.768524
1098.866272	-115.822258
1099.539185	-116.325432
1100.212097	-117.223152
1100.885010	-116.530403
1101.557922	-115.737282
1102.230835	-116.652618
1102.903748	-117.492798
1103.576660	-117.851669
1104.249573	-117.497780
1104.922485	-117.382286
1105.595398	-117.214737
1106.268311	-116.774002
1106.941223	-117.507881
1107.614136	-117.169662
1108.287048	-117.546623
1108.959961	-117.367760
1109.632874	-117.825089
1110.305786	-117.522804
1110.978699	-117.092873
1111.651611	-116.931915
1112.324524	-117.243431
1112.997437	-116.954430
1113.670349	-116.754112
1114.343262	-116.568336
1115.016174	-116.271240
1115.689087	-116.470573
1116.362000	-116.805504
1117.034912	-117.262367
1117.707825	-116.627121
1118.380737	-116.914856
1119.053650	-117.373360
1119.726562	-117.601517
1120.399475	-116.936081
1121.072388	-116.779907
1121.745300	-115.457108
1122.418213	-116.588348
1123.091125	-116.521942
1123.764038	-116.128738
1124.436951	-116.863762
1125.109863	-116.986412
1125.782776	-116.981110
1126.455688	-117.032822
1127.128601	-116.737854
1127.801514	-117.230858
1128.474426	-116.909798
1129.147339	-117.566261
1129.820251	-117.088783
1130.493164	-117.822487
1131.166077	-117.086105
1131.838989	-117.113136
1132.511902	-117.386169
1133.184814	-117.715126
1133.857727	-118.538368
1134.530640	-117.600983
1135.203552	-117.695198
1135.876465	-117.976906
1136.549377	-118.352005
1137.222290	-118.314507
1137.895203	-118.579773
1138.568115	-117.760544
1139.241028	-117.360977
1139.913940	-117.517120
1140.586853	-117.500923
1141.259766	-116.390770
1141.932678	-117.285027
1142.605591	-117.428551
1143.278503	-117.391808
1143.951416	-117.676979
1144.624329	-118.408478
1145.297241	-118.747444
1145.970154	-119.000549
1146.643066	-117.405251
1147.315979	-117.332497
1147.988892	-117.364220
1148.661804	-117.242973
1149.334717	-116.526024
1150.007629	-117.567337
1150.680542	-118.102234
1151.353455	-117.163620
1152.026367	-117.462570
1152.699280	-118.155663
1153.372192	-118.136612
1154.045105	-118.058197
1154.718018	-118.217552
1155.390930	-117.853508
1156.063843	-117.148788
1156.736755	-117.163071
1157.409668	-117.691269
1158.082581	-117.637321
1158.755493	-118.073822
1159.428406	-117.907799
1160.101318	-116.673706
1160.774231	-117.462593
1161.447144	-117.619202
1162.120056	-117.702873
1162.792969	-117.173828
1163.465881	-117.496658
1164.138794	-116.938499
1164.811707	-116.657982
1165.484619	-116.286942
1166.157532	-116.532089
1166.830444	-116.905724
1167.503357	-117.402527
1168.176270	-117.221344
1168.849182	-118.587433
1169.522095	-118.050079
1170.195007	-117.482666
1170.867920	-118.039505
1171.540833	-117.521561
1172.213745	-117.570015
1172.886658	-117.129333
1173.559570	-116.395119
1174.232483	-116.981934
1174.905396	-118.027046
1175.578308	-117.946075
1176.251221	-118.637390
1176.924133	-117.792809
1177.597046	-118.296822
1178.269958	-118.255798
1178.942871	-117.330101
1179.615784	-117.353134
1180.288696	-116.694984
1180.961609	-117.541733
1181.634521	-118.233322
1182.307434	-117.592873
1182.980347	-117.538818
1183.653259	-117.905197
1184.326172	-118.001534
1184.999084	-117.189278
1185.671997	-116.956383
1186.344910	-116.381454
1187.017822	-117.063118
1187.690735	-116.295685
1188.363647	-115.834564
1189.036560	-116.338860
1189.709473	-116.010643
1190.382385	-117.448517
1191.055298	-116.807632
1191.728210	-116.251396
1192.401123	-116.150864
1193.074036	-115.933662
1193.746948	-115.940857
1194.419861	-115.573029
1195.092773	-114.909538
1195.765686	-114.432930
1196.438599	-114.281288
1197.111511	-114.281052
1197.784424	-114.848022
1198.457336	-115.336288
1199.130249	-115.837090
1199.803162	-116.805290
1200.476074	-116.613937
1201.148987	-116.972145
1201.821899	-117.739914
1202.494812	-117.661613
1203.167725	-117.368164
1203.840637	-118.021133
1204.513550	-117.049599
1205.186462	-117.517967
1205.859375	-116.965988
1206.532288	-116.439255
1207.205200	-116.799232
1207.878113	-116.711258
1208.551025	-117.748009
1209.223938	-116.943176
1209.896851	-117.081734
1210.569763	-117.427628
1211.242676	-118.125290
1211.915588	-117.761375
1212.588501	-117.375755
1213.261414	-117.268959
1213.934326	-116.897942
1214.607239	-117.060616
1215.280151	-116.504715
1215.953064	-117.797958
1216.625977	-117.827278
1217.298889	-118.090248
1217.971802	-117.669067
1218.644714	-117.873497
1219.317627	-118.229080
1219.990540	-118.517242
1220.663452	-118.473259
1221.336365	-118.039619
1222.009277	-117.899971
1222.682190	-118.104599
1223.355103	-117.570168
1224.028015	-117.315559
1224.700928	-117.677177
1225.373840	-117.507675
1226.046753	-118.169426
1226.719666	-117.666061
1227.392578	-117.878922
1228.065491	-118.235466
1228.738403	-118.036896
1229.411316	-117.526085
1230.084229	-117.322144
1230.757141	-117.168938
1231.430054	-117.948647
1232.102966	-118.208916
1232.775879	-118.332115
1233.448792	-118.330017
1234.121704	-117.847549
1234.794617	-118.399391
1235.467529	-117.390732
1236.140442	-117.373589
1236.813354	-117.851059
1237.486267	-117.352348
1238.159180	-117.821953
1238.832092	-117.898987
1239.505005	-118.206558
1240.177917	-117.778511
1240.850830	-117.189331
1241.523743	-117.439018
1242.196655	-117.619408
1242.869568	-117.683563
1243.542480	-118.394485
1244.215393	-118.267059
1244.888306	-118.256882
1245.561218	-117.972153
1246.234131	-117.837074
1246.907043	-117.336212
1247.579956	-117.505638
1248.252869	-116.883698
1248.925781	-116.882240
1249.598694	-117.264854
1250.271606	-117.166054
1250.944519	-118.322525
1251.617432	-118.124786
1252.290344	-117.368889
1252.963257	-116.890907
1253.636169	-117.742783
1254.309082	-117.392441
1254.981995	-117.579498
1255.654907	-116.456200
1256.327820	-117.110542
1257.000732	-117.743851
1257.673645	-117.468811
1258.346558	-117.863930
1259.019470	-117.919456
1259.692383	-118.068581
1260.365295	-118.475662
1261.038208	-117.869331
1261.711121	-118.034225
1262.384033	-117.777626
1263.056946	-117.930084
1263.729858	-118.650963
1264.402771	-118.595123
1265.075684	-118.212036
1265.748596	-117.921600
1266.421509	-118.299660
1267.094421	-117.506760
1267.767334	-117.575348
1268.440247	-118.483124
1269.113159	-118.611977
1269.786072	-117.822411
1270.458984	-117.272682
1271.131897	-118.194374
1271.804810	-118.456161
1272.477722	-118.372276
1273.150635	-118.942215
1273.823547	-117.997879
1274.496460	-117.437302
1275.169373	-118.340431
1275.842285	-118.658554
1276.515198	-117.836533
1277.188110	-117.335487
1277.861023	-117.316177
1278.533936	-117.133942
1279.206848	-117.489311
1279.879761	-117.311935
1280.552673	-117.230736
1281.225586	-116.962318
1281.898499	-117.604149
1282.571411	-118.111473
1283.244324	-117.735413
1283.917236	-117.285431
1284.590149	-117.347359
1285.263062	-117.802521
1285.935974	-117.868370
1286.608887	-117.321548
1287.281799	-117.862015
1287.954712	-117.454964
1288.627625	-117.101196
1289.300537	-116.925568
1289.973450	-116.875786
1290.646362	-117.878685
1291.319275	-117.471825
1291.992188	-117.656700
1292.665100	-118.109276
1293.338013	-118.731834
1294.010925	-118.065819
1294.683838	-117.409836
1295.356750	-117.975754
1296.029663	-119.068298
1296.702576	-119.058159
1297.375488	-118.969589
1298.048401	-118.666016
1298.721313	-118.855225
1299.394226	-117.642914
1300.067139	-117.074692
1300.740051	-117.655838
1301.412964	-117.915199
1302.085876	-118.598351
1302.758789	-118.154320
1303.431702	-116.614395
1304.104614	-117.051323
1304.777527	-118.056068
1305.450439	-116.966522
1306.123352	-116.384750
1306.796265	-117.360085
1307.469177	-118.268860
1308.142090	-118.678093
1308.815002	-117.822609
1309.487915	-118.343475
1310.160828	-118.447655
1310.833740	-117.536705
1311.506653	-116.854279
1312.179565	-117.091949
1312.852478	-115.902519
1313.525391	-115.867088
1314.198303	-117.065331
1314.871216	-117.751587
1315.544128	-117.761841
1316.217041	-118.033463
1316.889954	-117.985237
1317.562866	-117.594063
1318.235779	-116.463989
1318.908691	-116.418243
1319.581604	-116.165253
1320.254517	-115.904724
1320.927429	-116.488159
1321.600342	-118.079430
1322.273254	-118.181221
1322.946167	-118.092407
1323.619080	-118.011055
1324.291992	-118.136429
1324.964905	-117.730888
1325.637817	-117.617821
1326.310730	-117.894760
1326.983643	-117.191887
1327.656555	-117.131554
1328.329468	-117.282990
1329.002380	-117.124252
1329.675293	-117.281807
1330.348206	-116.823288
1331.021118	-117.078590
1331.694031	-116.539925
1332.366943	-116.923775
1333.039856	-116.640190
1333.712769	-116.759460
1334.385681	-117.165764
1335.058594	-118.135139
1335.731506	-117.332321
1336.404419	-116.583389
1337.077332	-116.474884
1337.750244	-117.247955
1338.423157	-118.180161
1339.096069	-118.380180
1339.768982	-117.792984
1340.441895	-117.844681
1341.114807	-119.046013
1341.787720	-118.693672
1342.460632	-118.309593
1343.133545	-118.434898
1343.806458	-118.235901
1344.479370	-116.847290
1345.152283	-116.797920
1345.825195	-116.939545
1346.498108	-116.589325
1347.171021	-116.914787
1347.843933	-117.446663
1348.516846	-117.387581
1349.189758	-117.048729
1349.862671	-116.938866
1350.535583	-117.157806
1351.208496	-117.499519
1351.881409	-117.185654
1352.554321	-117.377449
1353.227234	-117.154976
1353.900146	-117.904602
1354.573059	-117.677658
1355.245972	-117.059639
1355.918884	-118.231033
1356.591797	-118.178131
1357.264709	-117.540451
1357.937622	-117.620850
1358.610535	-117.569214
1359.283447	-117.367348
1359.956360	-117.250237
1360.629272	-117.901443
1361.302185	-117.965195
1361.975098	-117.470871
1362.648010	-118.108406
1363.320923	-118.041000
1363.993835	-118.228523
1364.666748	-118.030930
1365.339661	-118.414635
1366.012573	-118.651878
1366.685486	-118.887718
1367.358398	-119.417664
1368.031311	-118.215034
1368.704224	-117.519508
1369.377136	-118.158882
1370.050049	-118.400787
1370.722961	-119.071571
1371.395874	-118.091995
1372.068787	-118.097473
1372.741699	-119.021774
1373.414612	-119.417580
1374.087524	-118.863571
1374.760437	-117.658783
1375.433350	-117.658882
1376.106262	-117.369164
1376.779175	-116.725647
1377.452087	-116.767822
1378.125000	-116.421906
1378.797913	-117.041847
1379.470825	-117.105255
1380.143738	-117.881485
1380.816650	-119.014740
1381.489563	-118.623329
1382.162476	-118.309692
1382.835388	-117.460838
1383.508301	-117.392174
1384.181213	-117.348297
1384.854126	-117.337730
1385.527039	-116.959061
1386.199951	-117.611626
1386.872864	-117.306915
1387.545776	-116.288765
1388.218689	-115.921326
1388.891602	-116.935799
1389.564514	-117.771339
1390.237427	-118.111130
1390.910339	-118.347206
1391.583252	-116.665802
1392.256165	-116.087296
1392.929077	-115.859154
1393.601990	-115.810669
1394.274902	-116.466148
1394.947815	-116.126961
1395.620728	-116.165001
1396.293640	-116.825027
1396.966553	-117.723770
1397.639465	-118.465630
1398.312378	-118.195061
1398.985291	-117.723465
1399.658203	-116.815979
1400.331116	-117.377007
1401.004028	-117.661011
1401.676941	-117.756195
1402.349854	-118.442436
1403.022766	-117.541039
1403.695679	-117.918701
1404.368591	-117.332794
1405.041504	-118.055222
1405.714417	-118.733353
1406.387329	-118.132126
1407.060242	-117.953568
1407.733154	-117.520073
1408.406067	-117.851105
1409.078979	-118.136436
1409.751892	-118.234650
1410.424805	-118.205391
1411.097717	-118.364563
1411.770630	-118.386742
1412.443542	-118.143776
1413.116455	-118.239365
1413.789368	-118.094505
1414.462280	-118.056267
1415.135193	-117.468704
1415.808105	-118.037056
1416.481018	-117.283340
1417.153931	-116.672791
1417.826843	-116.715874
1418.499756	-116.909439
1419.172668	-117.230087
1419.845581	-118.551926
1420.518494	-118.761131
1421.191406	-118.542183
1421.864319	-118.041565
1422.537231	-117.933777
1423.210144	-117.606163
1423.883057	-118.683807
1424.555969	-118.895012
1425.228882	-118.333122
1425.901794	-117.995918
1426.574707	-117.719818
1427.247620	-117.657326
1427.920532	-117.516350
1428.593445	-117.820045
1429.266357	-118.788940
1429.939270	-117.811958
1430.612183	-118.636322
1431.285095	-118.717575
1431.958008	-118.516876
1432.630920	-118.404358
1433.303833	-117.566658
1433.976746	-117.831551
1434.649658	-118.214111
1435.322571	-118.741684
1435.995483	-117.720428
1436.668396	-117.677475
1437.341309	-117.695061
1438.014221	-118.045143
1438.687134	-117.784737
1439.360046	-117.225540
1440.032959	-117.511513
1440.705872	-118.225311
1441.378784	-118.103210
1442.051697	-118.046692
1442.724609	-118.404205
1443.397522	-117.478783
1444.070435	-117.841942
1444.743347	-117.265640
1445.416260	-117.271378
1446.089172	-117.355309
1446.762085	-117.219131
1447.434998	-117.751793
1448.107910	-117.504120
1448.780823	-117.771133
1449.453735	-118.615562
1450.126648	-117.903076
1450.799561	-116.871826
1451.472473	-117.410843
1452.145386	-118.147781
1452.818298	-117.947693
1453.491211	-118.141403
1454.164124	-118.722534
1454.837036	-118.268059
1455.509949	-118.633492
1456.182861	-118.734283
1456.855774	-117.670113
1457.528687	-117.571411
1458.201599	-117.897911
1458.874512	-118.317863
1459.547424	-118.995689
1460.220337	-118.896194
1460.893250	-118.349457
1461.566162	-118.685295
1462.239075	-117.383469
1462.911987	-118.883301
1463.584900	-119.472168
1464.257812	-118.333839
1464.930725	-118.983757
1465.603638	-118.701149
1466.276550	-117.724243
1466.949463	-117.556610
1467.622375	-118.628036
1468.295288	-118.718544
1468.968201	-118.296547
1469.641113	-117.682449
1470.314026	-117.400032
1470.986938	-118.374283
1471.659851	-118.856316
1472.332764	-118.098358
1473.005676	-117.649796
1473.678589	-117.669380
1474.351501	-118.793678
1475.024414	-119.723938
1475.697327	-118.336243
1476.370239	-118.336273
1477.043152	-118.837326
1477.716064	-119.243866
1478.388977	-118.748695
1479.061890	-119.037201
1479.734802	-118.913063
1480.407715	-118.681023
1481.080627	-118.826950
1481.753540	-119.401360
1482.426453	-119.481071
1483.099365	-119.276566
1483.772278	-118.526382
1484.445190	-118.825958
1485.118103	-118.583702
1485.791016	-119.193970
1486.463928	-119.550323
1487.136841	-118.746582
1487.809753	-119.071846
1488.482666	-118.244171
1489.155579	-118.237068
1489.828491	-118.547752
1490.501404	-119.135246
1491.174316	-119.354523
1491.847229	-118.631340
1492.520142	-118.748611
1493.193054	-118.216568
1493.865967	-118.760857
1494.538879	-118.839722
1495.211792	-118.737183
1495.884705	-118.658104
1496.557617	-119.354401
1497.230530	-119.451889
1497.903442	-118.806625
1498.576355	-118.366219
1499.249268	-118.307915
1499.922180	-118.041824
1500.595093	-118.570869
1501.268005	-119.318237
1501.940918	-118.985977
1502.613831	-119.103577
1503.286743	-118.914078
1503.959656	-118.935509
1504.632568	-119.123344
1505.305481	-119.849403
1505.978394	-119.770027
1506.651306	-118.840500
1507.324219	-119.117798
1507.997131	-119.412140
1508.670044	-118.920723
1509.342957	-118.317802
1510.015869	-118.055008
1510.688782	-117.982643
1511.361694	-117.777306
1512.034607	-118.601494
1512.707520	-118.335495
1513.380432	-118.323441
1514.053345	-119.257027
1514.726257	-119.468918
1515.399170	-118.883202
1516.072083	-119.189636
1516.744995	-119.577560
1517.417908	-118.790077
1518.090820	-118.362350
1518.763733	-118.377373
1519.436646	-118.594589
1520.109558	-119.448814
1520.782471	-119.509735
1521.455383	-119.865669
1522.128296	-119.479042
1522.801208	-119.920792
1523.474121	-119.559937
1524.147034	-118.667542
1524.819946	-119.062653
1525.492859	-118.772118
1526.165771	-118.130287
1526.838684	-118.101921
1527.511597	-118.688309
1528.184509	-118.510933
1528.857422	-118.277481
1529.530334	-118.681450
1530.203247	-119.560913
1530.876160	-118.637787
1531.549072	-118.301270
1532.221985	-118.821266
1532.894897	-119.418381
1533.567810	-119.174088
1534.240723	-118.335625
1534.913635	-118.746445
1535.586548	-117.922188
1536.259460	-117.862343
1536.932373	-118.597054
1537.605286	-119.276878
1538.278198	-119.066788
1538.951111	-119.565742
1539.624023	-119.297424
1540.296936	-119.617149
1540.969849	-118.622894
1541.642761	-118.722610
1542.315674	-118.373070
1542.988586	-118.873894
1543.661499	-118.377304
1544.334412	-118.825958
1545.007324	-119.328812
1545.680237	-118.494415
1546.353149	-118.441795
1547.026062	-119.427231
1547.698975	-118.407143
1548.371887	-119.317444
1549.044800	-119.784859
1549.717712	-118.399048
1550.390625	-118.691772
1551.063538	-118.308266
1551.736450	-118.536263
1552.409363	-118.902946
1553.082275	-118.738228
1553.755188	-118.673111
1554.428101	-119.547714
1555.101013	-118.960251
1555.773926	-118.575256
1556.446838	-118.705818
1557.119751	-117.919281
1557.792664	-117.900078
1558.465576	-118.610069
1559.138489	-118.540764
1559.811401	-117.815445
1560.484314	-117.651802
1561.157227	-117.968842
1561.830139	-118.932587
1562.503052	-118.176506
1563.175964	-118.428886
1563.848877	-117.284462
1564.521790	-118.401825
1565.194702	-117.664261
1565.867615	-117.378807
1566.540527	-117.272430
1567.213440	-117.948486
1567.886353	-117.980057
1568.559265	-117.348869
1569.232178	-117.569763
1569.905090	-117.849960
1570.578003	-117.792038
1571.250916	-117.631523
1571.923828	-117.917892
1572.596741	-118.176254
1573.269653	-117.570145
1573.942566	-118.426094
1574.615479	-119.037094
1575.288391	-117.714600
1575.961304	-118.444084
1576.634216	-118.283394
1577.307129	-117.970108
1577.980042	-118.515366
1578.652954	-118.238831
1579.325867	-118.766678
1579.998779	-118.254456
1580.671692	-117.690887
1581.344604	-118.668060
1582.017517	-118.363670
1582.690430	-118.795609
1583.363342	-117.869148
1584.036255	-118.727226
1584.709167	-118.143845
1585.382080	-117.969933
1586.054993	-118.031738
1586.727905	-117.375763
1587.400818	-117.967506
1588.073730	-118.903748
1588.746643	-119.220673
1589.419556	-118.820961
1590.092468	-118.621590
1590.765381	-118.229149
1591.438293	-118.484734
1592.111206	-118.456184
1592.784119	-118.087074
1593.457031	-118.199593
1594.129944	-119.598244
1594.802856	-119.001671
1595.475769	-118.791313
1596.148682	-118.816124
1596.821594	-118.819366
1597.494507	-118.496933
1598.167419	-118.226379
1598.840332	-118.219963
1599.513245	-118.392334
1600.186157	-118.403282
1600.859070	-119.004120
1601.531982	-118.823334
1602.204895	-119.328781
1602.877808	-119.052132
1603.550720	-118.885162
1604.223633	-119.516609
1604.896545	-119.567101
1605.569458	-119.001137
1606.242371	-119.294258
1606.915283	-118.789124
1607.588196	-118.711426
1608.261108	-118.376785
1608.934021	-118.494537
1609.606934	-118.808983
1610.279846	-119.176147
1610.952759	-118.667740
1611.625671	-118.504631
1612.298584	-118.684601
1612.971497	-118.870369
1613.644409	-118.361023
1614.317322	-118.224449
1614.990234	-118.604912
1615.663147	-118.774254
1616.336060	-118.990997
1617.008972	-119.198883
1617.681885	-119.091835
1618.354797	-119.145676
1619.027710	-119.148285
1619.700623	-119.320816
1620.373535	-118.900208
1621.046448	-118.750984
1621.719360	-119.580704
1622.392273	-119.481857
1623.065186	-119.165680
1623.738098	-119.262871
1624.411011	-119.335388
1625.083923	-118.679901
1625.756836	-118.150444
1626.429749	-118.590637
1627.102661	-118.367516
1627.775574	-117.547997
1628.448486	-119.332047
1629.121399	-118.783600
1629.794312	-119.703064
1630.467224	-118.962379
1631.140137	-118.148338
1631.813049	-118.167168
1632.485962	-119.372978
1633.158875	-119.425423
1633.831787	-118.027206
1634.504700	-118.193024
1635.177612	-118.631729
1635.850525	-118.927032
1636.523438	-118.518143
1637.196350	-119.036133
1637.869263	-119.488136
1638.542175	-119.834900
1639.215088	-118.825386
1639.888000	-118.983910
1640.560913	-118.514404
1641.233826	-119.043686
1641.906738	-118.630531
1642.579651	-118.897911
1643.252563	-119.570465
1643.925476	-119.771622
1644.598389	-119.694725
1645.271301	-119.381554
1645.944214	-118.900955
1646.617126	-118.899918
1647.290039	-119.626709
1647.962952	-120.102592
1648.635864	-119.275887
1649.308777	-119.036896
1649.981689	-119.235985
1650.654602	-119.645966
1651.327515	-119.477898
1652.000427	-119.438049
1652.673340	-118.805855
1653.346252	-118.633759
1654.019165	-119.993820
1654.692078	-119.455086
1655.364990	-119.263161
1656.037903	-119.265388
1656.710815	-119.040489
1657.383728	-119.205276
1658.056641	-118.819878
1658.729553	-119.066544
1659.402466	-118.534431
1660.075378	-118.519119
1660.748291	-119.389488
1661.421204	-119.236809
1662.094116	-119.256889
1662.767029	-118.798660
1663.439941	-118.694138
1664.112854	-119.953857
1664.785767	-119.461670
1665.458679	-118.844551
1666.131592	-119.153831
1666.804504	-119.434578
1667.477417	-119.550995
1668.150330	-118.561081
1668.823242	-118.097389
1669.496155	-117.949417
1670.169067	-118.924538
1670.841980	-118.750244
1671.514893	-117.718491
1672.187805	-118.790657
1672.860718	-119.192329
1673.533630	-119.394958
1674.206543	-118.576096
1674.879456	-119.204292
1675.552368	-118.774033
1676.225281	-118.844109
1676.898193	-118.225060
1677.571106	-118.217651
1678.244019	-119.064804
1678.916931	-119.126442
1679.589844	-118.521812
1680.262756	-118.684883
1680.935669	-118.825897
1681.608582	-118.633865
1682.281494	-118.384094
1682.954407	-118.767159
1683.627319	-119.067001
1684.300232	-119.325188
1684.973145	-118.840401
1685.646057	-119.166267
1686.318970	-118.926849
1686.991882	-118.645996
1687.664795	-119.018448
1688.337708	-119.671188
1689.010620	-119.584358
1689.683533	-118.643143
1690.356445	-119.027313
1691.029358	-118.685379
1691.702271	-118.687675
1692.375183	-120.027397
1693.048096	-119.918869
1693.721008	-118.850960
1694.393921	-119.334183
1695.066833	-118.624718
1695.739746	-118.489037
1696.412659	-117.970520
1697.085571	-118.615593
1697.758484	-119.244568
1698.431396	-119.298325
1699.104309	-119.687492
1699.777222	-119.769066
1700.450134	-118.701965
1701.123047	-117.908524
1701.795959	-118.574020
1702.468872	-119.256668
1703.141785	-118.670532
1703.814697	-119.715065
1704.487610	-119.835945
1705.160522	-119.249649
1705.833435	-119.104546
1706.506348	-118.811462
1707.179260	-119.127632
1707.852173	-119.698853
1708.525085	-119.835556
1709.197998	-119.203117
1709.870911	-118.735245
1710.543823	-118.609947
1711.216736	-118.470482
1711.889648	-118.778549
1712.562561	-120.087090
1713.235474	-120.031471
1713.908386	-119.635773
1714.581299	-119.167130
1715.254211	-119.465828
1715.927124	-119.476585
1716.600037	-119.249847
1717.272949	-119.627258
1717.945862	-119.642242
1718.618774	-119.454315
1719.291687	-119.444946
1719.964600	-118.663223
1720.637512	-119.199577
1721.310425	-119.808784
1721.983337	-119.770882
1722.656250	-119.938202
1723.329163	-119.658005
1724.002075	-119.995255
1724.674988	-119.132004
1725.347900	-119.342064
1726.020813	-119.158623
1726.693726	-118.852318
1727.366638	-118.880196
1728.039551	-118.993111
1728.712463	-119.244659
1729.385376	-119.674644
1730.058289	-119.543686
1730.731201	-119.086739
1731.404114	-118.635979
1732.077026	-118.934509
1732.749939	-119.111580
1733.422852	-118.625320
1734.095764	-118.902512
1734.768677	-119.531334
1735.441589	-119.834419
1736.114502	-119.321960
1736.787415	-118.931946
1737.460327	-119.192070
1738.133240	-119.290054
1738.806152	-118.738342
1739.479065	-118.821800
1740.151978	-118.977760
1740.824890	-118.360039
1741.497803	-118.475937
1742.170715	-118.740768
1742.843628	-118.518188
1743.516541	-119.443703
1744.189453	-119.512230
1744.862366	-118.949539
1745.535278	-119.155998
1746.208191	-119.970581
1746.881104	-119.516342
1747.554016	-119.811852
1748.226929	-119.117226
1748.899841	-119.629105
1749.572754	-119.745193
1750.245667	-119.615494
1750.918579	-119.416710
1751.591492	-118.175575
1752.264404	-118.470306
1752.937317	-119.751320
1753.610229	-119.705673
1754.283142	-118.957848
1754.956055	-118.054306
1755.628967	-119.272598
1756.301880	-119.984871
1756.974792	-119.516396
1757.647705	-119.258392
1758.320618	-119.734413
1758.993530	-120.843391
1759.666443	-119.534149
1760.339355	-119.842255
1761.012268	-119.583588
1761.685181	-118.333939
1762.358093	-118.644279
1763.031006	-119.886803
1763.703918	-120.464607
1764.376831	-118.989525
1765.049744	-119.624428
1765.722656	-119.048851
1766.395569	-118.797569
1767.068481	-118.276489
1767.741394	-118.590561
1768.414307	-119.321838
1769.087219	-119.250549
1769.760132	-118.729263
1770.433044	-119.178925
1771.105957	-119.253220
1771.778870	-119.401398
1772.451782	-120.173027
1773.124695	-119.552681
1773.797607	-119.295235
1774.470520	-120.026413
1775.143433	-120.247505
1775.816345	-119.016296
1776.489258	-118.842438
1777.162170	-119.571030
1777.835083	-119.342407
1778.507996	-119.233772
1779.180908	-120.042305
1779.853821	-120.201286
1780.526733	-119.754814
1781.199646	-119.683212
1781.872559	-120.124748
1782.545471	-120.115677
1783.218384	-119.590660
1783.891296	-118.880394
1784.564209	-118.480858
1785.237122	-119.117531
1785.910034	-118.562485
1786.582947	-119.227951
1787.255859	-119.847878
1787.928772	-119.506889
1788.601685	-118.930283
1789.274597	-119.045609
1789.947510	-119.670250
1790.620422	-118.982422
1791.293335	-119.103462
1791.966248	-119.484627
1792.639160	-119.696571
1793.312073	-118.923576
1793.984985	-119.057289
1794.657898	-119.791206
1795.330811	-119.547951
1796.003723	-119.471359
1796.676636	-119.165939
1797.349548	-119.174286
1798.022461	-120.161827
1798.695374	-120.400177
1799.368286	-119.376892
1800.041199	-119.847443
1800.714111	-120.391869
1801.387024	-119.076889
1802.059937	-117.641724
1802.732849	-117.965729
1803.405762	-119.259598
1804.078674	-119.871941
1804.751587	-119.655411
1805.424500	-119.819977
1806.097412	-119.300644
1806.770325	-119.320244
1807.443237	-119.892853
1808.116150	-119.803024
1808.789062	-119.535400
1809.461975	-119.394600
1810.134888	-119.439140
1810.807800	-119.701225
1811.480713	-119.529274
1812.153625	-119.309860
1812.826538	-119.621574
1813.499451	-119.084084
1814.172363	-119.447769
1814.845276	-119.344650
1815.518188	-120.053268
1816.191101	-119.527008
1816.864014	-119.153030
1817.536926	-119.263481
1818.209839	-119.363701
1818.882751	-119.525131
1819.555664	-119.692726
1820.228577	-119.560181
1820.901489	-118.848213
1821.574402	-118.913780
1822.247314	-118.701668
1822.920227	-120.502724
1823.593140	-120.500702
1824.266052	-119.457733
1824.938965	-119.016151
1825.611877	-119.379013
1826.284790	-118.753914
1826.957703	-118.721581
1827.630615	-118.606590
1828.303528	-119.097755
1828.976440	-118.699348
1829.649353	-118.292923
1830.322266	-119.388878
1830.995178	-119.761147
1831.668091	-119.519806
1832.341003	-119.415436
1833.013916	-119.399445
1833.686829	-119.250702
1834.359741	-119.039482
1835.032654	-119.328491
1835.705566	-119.468552
1836.378479	-119.641045
1837.051392	-119.977089
1837.724304	-119.626839
1838.397217	-119.094513
1839.070129	-119.572388
1839.743042	-119.656387
1840.415955	-119.768883
1841.088867	-119.375908
1841.761780	-119.083435
1842.434692	-118.626801
1843.107605	-118.698097
1843.780518	-118.995285
1844.453430	-119.299187
1845.126343	-118.618240
1845.799255	-118.595955
1846.472168	-119.789116
1847.145081	-119.423119
1847.817993	-119.688148
1848.490906	-120.262291
1849.163818	-120.393883
1849.836731	-119.809181
1850.509644	-119.416313
1851.182556	-119.920097
1851.855469	-119.929855
1852.528381	-119.353027
1853.201294	-119.093994
1853.874207	-118.630539
1854.547119	-119.253754
1855.220032	-119.283318
1855.892944	-118.628334
1856.565857	-119.106247
1857.238770	-119.631905
1857.911682	-119.882507
1858.584595	-119.014519
1859.257507	-119.165840
1859.930420	-119.583023
1860.603333	-119.757217
1861.276245	-119.829933
1861.949158	-119.882729
1862.622070	-120.492714
1863.294983	-120.427849
1863.967896	-120.617172
1864.640808	-120.557472
1865.313721	-120.343254
1865.986633	-119.566139
1866.659546	-120.220261
1867.332458	-120.013763
1868.005371	-119.950157
1868.678284	-119.430740
1869.351196	-119.173050
1870.024109	-119.482605
1870.697021	-119.200966
1871.369934	-119.120804
1872.042847	-119.149574
1872.715759	-119.836029
1873.388672	-120.086647
1874.061584	-119.917847
1874.734497	-119.162270
1875.407410	-118.368362
1876.080322	-119.244820
1876.753235	-119.806107
1877.426147	-120.463181
1878.099060	-120.047050
1878.771973	-119.643883
1879.444885	-118.723709
1880.117798	-118.688805
1880.790710	-118.998993
1881.463623	-119.458221
1882.136536	-119.858345
1882.809448	-119.507988
1883.482361	-119.722168
1884.155273	-119.367889
1884.828186	-119.560562
1885.501099	-120.662506
1886.174011	-120.479149
1886.846924	-119.815407
1887.519836	-119.990143
1888.192749	-120.115173
1888.865662	-120.486343
1889.538574	-120.184853
1890.211487	-119.826042
1890.884399	-118.934998
1891.557312	-119.477615
1892.230225	-119.592232
1892.903137	-119.193077
1893.576050	-118.464500
1894.248962	-119.009789
1894.921875	-119.439606
1895.594788	-119.098503
1896.267700	-119.720192
1896.940613	-119.697838
1897.613525	-119.724457
1898.286438	-119.110489
1898.959351	-119.433769
1899.632263	-119.448524
1900.305176	-118.369881
1900.978088	-118.344795
1901.651001	-118.789429
1902.323914	-119.086533
1902.996826	-119.288734
1903.669739	-120.042076
1904.342651	-120.049301
1905.015564	-119.634399
1905.688477	-119.216408
1906.361389	-119.232437
1907.034302	-119.589546
1907.707214	-119.890976
1908.380127	-119.395973
1909.053040	-119.367477
1909.725952	-119.478432
1910.398865	-118.920181
1911.071777	-119.389763
1911.744690	-120.136162
1912.417603	-119.634445
1913.090515	-120.239586
1913.763428	-119.695503
1914.436340	-119.846535
1915.109253	-120.586479
1915.782166	-119.413338
1916.455078	-119.439690
1917.127991	-119.096230
1917.800903	-119.102074
1918.473816	-119.227036
1919.146729	-119.600349
1919.819641	-119.639458
1920.492554	-119.218559
1921.165466	-119.280991
1921.838379	-119.687607
1922.511292	-119.287567
1923.184204	-119.483093
1923.857117	-120.750587
1924.530029	-120.453728
1925.202942	-120.198128
1925.875854	-119.720627
1926.548767	-120.375099
1927.221680	-120.215073
1927.894592	-119.927895
1928.567505	-119.139824
1929.240417	-119.388428
1929.913330	-120.004524
1930.586243	-121.026001
1931.259155	-120.806808
1931.932068	-120.255852
1932.604980	-119.867867
1933.277893	-119.803658
1933.950806	-119.184189
1934.623718	-119.432884
1935.296631	-119.475105
1935.969543	-119.511185
1936.642456	-118.538063
1937.315369	-118.888527
1937.988281	-119.804817
1938.661194	-119.471718
1939.334106	-119.326424
1940.007019	-119.432144
1940.679932	-119.758362
1941.352844	-119.700890
1942.025757	-119.696991
1942.698669	-119.137810
1943.371582	-118.630783
1944.044495	-118.334656
1944.717407	-118.165436
1945.390320	-119.176521
1946.063232	-121.282249
1946.736145	-119.952477
1947.409058	-119.391350
1948.081970	-119.757431
1948.754883	-120.032677
1949.427795	-120.189995
1950.100708	-120.505569
1950.773621	-120.270561
1951.446533	-119.919106
1952.119446	-119.705864
1952.792358	-119.761383
1953.465271	-119.401382
1954.138184	-120.229881
1954.811096	-120.993576
1955.484009	-120.299049
1956.156921	-119.285805
1956.829834	-119.514511
1957.502747	-120.225594
1958.175659	-119.657982
1958.848572	-119.566895
1959.521484	-119.536171
1960.194397	-119.645653
1960.867310	-119.316124
1961.540222	-119.558235
1962.213135	-119.752060
1962.886047	-119.709373
1963.558960	-119.789085
1964.231873	-119.870224
1964.904785	-119.135956
1965.577698	-119.411621
1966.250610	-119.495361
1966.923523	-119.432747
1967.596436	-119.273819
1968.269348	-119.169159
1968.942261	-119.525955
1969.615173	-119.234695
1970.288086	-120.014969
1970.960999	-120.375214
1971.633911	-120.245949
1972.306824	-119.404549
1972.979736	-118.901985
1973.652649	-118.953430
1974.325562	-119.150681
1974.998474	-119.205811
1975.671387	-119.548088
1976.344299	-120.065140
1977.017212	-120.534836
1977.690125	-120.838974
1978.363037	-120.178200
1979.035950	-119.953751
1979.708862	-120.177101
1980.381775	-119.309410
1981.054688	-120.129395
1981.727600	-120.589905
1982.400513	-120.251007
1983.073425	-119.981743
1983.746338	-120.103088
1984.419250	-119.780266
1985.092163	-119.777672
1985.765076	-119.583565
1986.437988	-118.637131
1987.110901	-119.119667
1987.783813	-119.430237
1988.456726	-120.179024
1989.129639	-120.635948
1989.802551	-120.087143
1990.475464	-118.861870
1991.148376	-118.895248
1991.821289	-119.192039
1992.494202	-118.907066
1993.167114	-119.225021
1993.840027	-119.801582
1994.512939	-119.641968
1995.185852	-118.881920
1995.858765	-118.378914
1996.531677	-118.689484
1997.204590	-118.924316
1997.877502	-119.296707
1998.550415	-120.714401
1999.223328	-120.401161
1999.896240	-119.264175
2000.569153	-119.281631
2001.242065	-119.053192
2001.914978	-118.511681
2002.587891	-119.703262
2003.260803	-119.938499
2003.933716	-120.052704
2004.606628	-118.865395
2005.279541	-119.953217
2005.952454	-120.364769
2006.625366	-120.104424
2007.298279	-119.445351
2007.971191	-118.727135
2008.644104	-119.658798
2009.317017	-120.313553
2009.989929	-120.058617
2010.662842	-119.237923
2011.335754	-118.562897
2012.008667	-119.088402
2012.681580	-119.394478
2013.354492	-119.770760
2014.027405	-119.768036
2014.700317	-119.534210
2015.373230	-119.656128
2016.046143	-119.473412
2016.719055	-119.289680
2017.391968	-120.027191
2018.064880	-120.046219
2018.737793	-120.418800
2019.410706	-120.536438
2020.083618	-120.387550
2020.756531	-120.122513
2021.429443	-119.909111
2022.102356	-119.848175
2022.775269	-120.461189
2023.448181	-119.444786
2024.121094	-118.860359
2024.794006	-120.082359
2025.466919	-120.565674
2026.139832	-120.176544
2026.812744	-120.633385
2027.485657	-121.163246
2028.158569	-119.959618
2028.831482	-119.449890
2029.504395	-118.774490
2030.177307	-118.924210
2030.850220	-119.625801
2031.523132	-119.550545
2032.196045	-119.410629
2032.868958	-120.349365
2033.541870	-120.209236
2034.214783	-119.322777
2034.887695	-119.268051
2035.560608	-119.212898
2036.233521	-119.754433
2036.906433	-119.541260
2037.579346	-119.369438
2038.252258	-120.901649
2038.925171	-119.623993
2039.598083	-119.399750
2040.270996	-119.793587
2040.943909	-119.699379
2041.616821	-119.466690
2042.289734	-119.040634
2042.962646	-119.718216
2043.635559	-120.223129
2044.308472	-119.975288
2044.981384	-120.468437
2045.654297	-120.254280
2046.327209	-119.775703
2047.000122	-119.467682
2047.673035	-120.059334
2048.345947	-119.225571
2049.018860	-119.164062
2049.691772	-119.417313
2050.364685	-119.306297
2051.037598	-120.022598
2051.710510	-119.864876
2052.383423	-118.925453
2053.056335	-119.635437
2053.729248	-119.472984
2054.402161	-120.084930
2055.075073	-119.500412
2055.747986	-118.912941
2056.420898	-118.764175
2057.093811	-119.219727
2057.766724	-120.069427
2058.439636	-120.435493
2059.112549	-119.795898
2059.785461	-118.887222
2060.458374	-119.512123
2061.131287	-119.491920
2061.804199	-118.904991
2062.477112	-119.973625
2063.150024	-120.053253
2063.822937	-119.714226
2064.495850	-119.935936
2065.168762	-119.904503
2065.841675	-120.076164
2066.514587	-119.482903
2067.187500	-118.807068
2067.860413	-119.923637
2068.533325	-119.794174
2069.206238	-119.385956
2069.879150	-119.996170
2070.552063	-120.773125
2071.224976	-119.758415
2071.897888	-119.940872
2072.570801	-120.166183
2073.243713	-119.867966
2073.916626	-119.819893
2074.589539	-119.786392
2075.262451	-120.701645
2075.935364	-120.162033
2076.608276	-119.880394
2077.281189	-119.527641
2077.954102	-119.180389
2078.627014	-120.348412
2079.299927	-120.241539
2079.972839	-120.132988
2080.645752	-119.960289
2081.318665	-120.222694
2081.991577	-119.191330
2082.664490	-118.764984
2083.337402	-118.658371
2084.010315	-119.178345
2084.683228	-119.419418
2085.356140	-118.992569
2086.029053	-118.493011
2086.701965	-119.950203
2087.374878	-119.943352
2088.047791	-119.424797
2088.720703	-119.095116
2089.393616	-119.777313
2090.066528	-120.080009
2090.739441	-119.309059
2091.412354	-119.160126
2092.085266	-120.020607
2092.758179	-118.783104
2093.431091	-118.234497
2094.104004	-119.368050
2094.776917	-118.782806
2095.449829	-119.015816
2096.122742	-119.019463
2096.795654	-119.573563
2097.468567	-118.879578
2098.141479	-119.909622
2098.814392	-119.527153
2099.487305	-119.699287
2100.160217	-119.847481
2100.833130	-119.476639
2101.506042	-119.943169
2102.178955	-119.978554
2102.851868	-119.299232
2103.524780	-118.911400
2104.197693	-119.788834
2104.870605	-119.952774
2105.543518	-119.375664
2106.216431	-119.507843
2106.889343	-119.305588
2107.562256	-119.915207
2108.235168	-119.661720
2108.908081	-119.878716
2109.580994	-119.802299
2110.253906	-120.372772
2110.926819	-120.028336
2111.599731	-119.396706
2112.272644	-119.036926
2112.945557	-118.828461
2113.618469	-119.993317
2114.291382	-120.008850
2114.964294	-120.133324
2115.637207	-119.934059
2116.310120	-119.401871
2116.983032	-119.732430
2117.655945	-119.685959
2118.328857	-120.470146
2119.001770	-119.639488
2119.674683	-119.722687
2120.347595	-119.689346
2121.020508	-119.888115
2121.693420	-119.674004
2122.366333	-119.610672
2123.039246	-120.316933
2123.712158	-120.327354
2124.385071	-119.438477
2125.057983	-119.967850
2125.730896	-120.205299
2126.403809	-119.655495
2127.076721	-120.143860
2127.749634	-119.356552
2128.422546	-119.281136
2129.095459	-120.031578
2129.768372	-120.310974
2130.441284	-119.589882
2131.114197	-120.364647
2131.787109	-120.845909
2132.460022	-120.381447
2133.132935	-120.218407
2133.805847	-120.150070
2134.478760	-119.474594
2135.151672	-119.257492
2135.824585	-118.804054
2136.497498	-119.307610
2137.170410	-119.457024
2137.843323	-119.731415
2138.516235	-120.743027
2139.189148	-120.242203
2139.862061	-119.592957
2140.534973	-119.538773
2141.207886	-119.594353
2141.880798	-119.741348
2142.553711	-120.823853
2143.226624	-119.025902
2143.899536	-119.670982
2144.572449	-119.577705
2145.245361	-119.059349
2145.918274	-119.529228
2146.591187	-120.716118
2147.264099	-120.926170
2147.937012	-120.275139
2148.609924	-119.787437
2149.282837	-120.022606
2149.955750	-120.763313
2150.628662	-119.516808
2151.301575	-120.120934
2151.974487	-119.209007
2152.647400	-119.060173
2153.320312	-119.869186
2153.993225	-119.797768
2154.666138	-119.840057
2155.339050	-120.668800
2156.011963	-120.269814
2156.684875	-120.336296
2157.357788	-120.361389
2158.030701	-119.765015
2158.703613	-119.582855
2159.376526	-119.511810
2160.049438	-119.066803
2160.722351	-119.362373
2161.395264	-119.801987
2162.068176	-120.132576
2162.741089	-120.215019
2163.414001	-120.201889
2164.086914	-119.608742
2164.759827	-119.780540
2165.432739	-120.093834
2166.105652	-120.576363
2166.778564	-120.742378
2167.451477	-120.438141
2168.124390	-120.106613
2168.797302	-120.390152
2169.470215	-119.730721
2170.143127	-119.344498
2170.816040	-119.996391
2171.488953	-119.999123
2172.161865	-120.174606
2172.834778	-119.768555
2173.507690	-119.291183
2174.180603	-119.434036
2174.853516	-119.172005
2175.526428	-118.906883
2176.199341	-119.675705
2176.872253	-119.742973
2177.545166	-119.658806
2178.218079	-119.932014
2178.890991	-119.393135
2179.563904	-120.520851
2180.236816	-120.820847
2180.909729	-120.704971
2181.582642	-119.985146
2182.255554	-119.314713
2182.928467	-119.868294
2183.601379	-119.603745
2184.274292	-120.025810
2184.947205	-120.076210
2185.620117	-119.584305
2186.293030	-119.615730
2186.965942	-120.168091
2187.638855	-120.114166
2188.311768	-119.370697
2188.984680	-119.939781
2189.657593	-120.268723
2190.330505	-119.586884
2191.003418	-119.016006
2191.676331	-119.321335
2192.349243	-119.904556
2193.022156	-119.365662
2193.695068	-119.294319
2194.367981	-119.734428
2195.040894	-119.747635
2195.713806	-118.626991
2196.386719	-119.763382
2197.059631	-120.200554
2197.732544	-120.398369
2198.405457	-119.871796
2199.078369	-118.857018
2199.751282	-118.571465
2200.424194	-118.461555
2201.097107	-118.731018
2201.770020	-118.896996
2202.442932	-118.541992
2203.115845	-118.279762
2203.788757	-118.903137
2204.461670	-119.348862
2205.134583	-120.041138
2205.807495	-119.768394
2206.480408	-119.912407
2207.153320	-121.088692
2207.826233	-120.252449
2208.499146	-119.929802
2209.172058	-119.982246
2209.844971	-119.699173
2210.517883	-120.125122
2211.190796	-120.406151
2211.863708	-120.033463
2212.536621	-120.580238
2213.209534	-120.339180
2213.882446	-120.068207
2214.555359	-119.775291
2215.228271	-120.110054
2215.901184	-119.756935
2216.574097	-120.011902
2217.247009	-119.861542
2217.919922	-119.760323
2218.592834	-119.585518
2219.265747	-119.166252
2219.938660	-119.845451
2220.611572	-119.943565
2221.284485	-119.635971
2221.957397	-119.760361
2222.630310	-120.027061
2223.303223	-119.686501
2223.976135	-119.567719
2224.649048	-120.066109
2225.321960	-119.139435
2225.994873	-119.662453
2226.667786	-119.185814
2227.340698	-119.550629
2228.013611	-120.000496
2228.686523	-119.484940
2229.359436	-119.584381
2230.032349	-120.493896
2230.705261	-119.178810
2231.378174	-119.684448
2232.051086	-120.093872
2232.723999	-120.073387
2233.396912	-119.859932
2234.069824	-119.837173
2234.742737	-120.301224
2235.415649	-119.722954
2236.088562	-119.357582
2236.761475	-119.563713
2237.434387	-119.491600
2238.107300	-120.280434
2238.780212	-120.484932
2239.453125	-120.245895
2240.126038	-119.946632
2240.798950	-119.850632
2241.471863	-120.525078
2242.144775	-120.418015
2242.817688	-120.056976
2243.490601	-120.617279
2244.163513	-119.558479
2244.836426	-119.579468
2245.509338	-120.463257
2246.182251	-119.897926
2246.855164	-120.483673
2247.528076	-120.058083
2248.200989	-119.410248
2248.873901	-120.326103
2249.546814	-120.222374
2250.219727	-119.076996
2250.892639	-120.078339
2251.565552	-120.581650
2252.238464	-120.504822
2252.911377	-119.733086
2253.584290	-120.270866
2254.257202	-120.313141
2254.930115	-119.754631
2255.603027	-118.772270
2256.275940	-119.480347
2256.948853	-120.634590
2257.621765	-120.321686
2258.294678	-119.495621
2258.967590	-119.199287
2259.640503	-119.030754
2260.313416	-120.178223
2260.986328	-120.024239
2261.659241	-119.691277
2262.332153	-119.851280
2263.005066	-120.342865
2263.677979	-120.068222
2264.350891	-120.351440
2265.023804	-120.211349
2265.696716	-120.084908
2266.369629	-119.922096
2267.042542	-120.553673
2267.715454	-120.508057
2268.388367	-119.553917
2269.061279	-119.587555
2269.734192	-119.134933
2270.407104	-119.066093
2271.080017	-119.374786
2271.752930	-120.492538
2272.425842	-120.133087
2273.098755	-119.889397
2273.771667	-119.988014
2274.444580	-120.036430
2275.117493	-119.721786
2275.790405	-119.607010
2276.463318	-120.273636
2277.136230	-119.483231
2277.809143	-120.250969
2278.482056	-120.928299
2279.154968	-120.979355
2279.827881	-119.781364
2280.500793	-120.108665
2281.173706	-120.364433
2281.846619	-119.792587
2282.519531	-120.001923
2283.192444	-121.201149
2283.865356	-121.823456
2284.538269	-120.207352
2285.211182	-119.312233
2285.884094	-120.088074
2286.557007	-119.895309
2287.229919	-120.249947
2287.902832	-121.086693
2288.575745	-120.689644
2289.248657	-119.922340
2289.921570	-120.275108
2290.594482	-120.196228
2291.267395	-119.931427
2291.940308	-119.600220
2292.613220	-119.646484
2293.286133	-120.111649
2293.959045	-119.855095
2294.631958	-119.621559
2295.304871	-119.474815
2295.977783	-119.457863
2296.650696	-119.898422
2297.323608	-121.008965
2297.996521	-119.433617
2298.669434	-119.355682
2299.342346	-119.021599
2300.015259	-119.964691
2300.688171	-120.351181
2301.361084	-120.352776
2302.033997	-120.104500
2302.706909	-120.064896
2303.379822	-120.214630
2304.052734	-120.252304
2304.725647	-119.951958
2305.398560	-120.243416
2306.071472	-120.939003
2306.744385	-121.097694
2307.417297	-120.195343
2308.090210	-120.387215
2308.763123	-119.536163
2309.436035	-119.551186
2310.108948	-119.932762
2310.781860	-119.918022
2311.454773	-119.362389
2312.127686	-120.426094
2312.800598	-120.106255
2313.473511	-119.691330
2314.146423	-120.553711
2314.819336	-119.900383
2315.492249	-119.880081
2316.165161	-120.097946
2316.838074	-119.938423
2317.510986	-120.294174
2318.183899	-120.141197
2318.856812	-120.121666
2319.529724	-120.224968
2320.202637	-120.603188
2320.875549	-120.437813
2321.548462	-119.986809
2322.221375	-119.914436
2322.894287	-119.748367
2323.567200	-120.140358
2324.240112	-120.422791
2324.913025	-119.686516
2325.585938	-119.506203
2326.258850	-119.644585
2326.931763	-119.501259
2327.604675	-119.824654
2328.277588	-120.636353
2328.950500	-120.845055
2329.623413	-119.969398
2330.296326	-119.583672
2330.969238	-119.313499
2331.642151	-119.463737
2332.315063	-119.729362
2332.987976	-119.405991
2333.660889	-119.167328
2334.333801	-119.180099
2335.006714	-119.899170
2335.679626	-119.630859
2336.352539	-119.110062
2337.025452	-120.167747
2337.698364	-119.717926
2338.371277	-119.660255
2339.044189	-120.158775
2339.717102	-119.672142
2340.390015	-120.053299
2341.062927	-119.813507
2341.735840	-119.612045
2342.408752	-120.017822
2343.081665	-119.855759
2343.754578	-120.547943
2344.427490	-120.826149
2345.100403	-120.401855
2345.773315	-120.288719
2346.446228	-120.794197
2347.119141	-119.867294
2347.792053	-119.269455
2348.464966	-119.247742
2349.137878	-119.598022
2349.810791	-120.208542
2350.483704	-119.633293
2351.156616	-119.441231
2351.829529	-119.671730
2352.502441	-120.209755
2353.175354	-119.534874
2353.848267	-118.928741
2354.521179	-119.667511
2355.194092	-119.854607
2355.867004	-120.482613
2356.539917	-120.472183
2357.212830	-120.663574
2357.885742	-119.544121
2358.558655	-119.405647
2359.231567	-119.585701
2359.904480	-119.611412
2360.577393	-119.995346
2361.250305	-120.271271
2361.923218	-120.692787
2362.596130	-120.045921
2363.269043	-119.545990
2363.941956	-119.520714
2364.614868	-119.872543
2365.287781	-120.116631
2365.960693	-120.669250
2366.633606	-120.836105
2367.306519	-120.200485
2367.979431	-119.904259
2368.652344	-120.428162
2369.325256	-120.456665
2369.998169	-119.811531
2370.671082	-119.873367
2371.343994	-120.509079
2372.016907	-121.280594
2372.689819	-120.944397
2373.362732	-120.557678
2374.035645	-119.795074
2374.708557	-119.459427
2375.381470	-119.732040
2376.054382	-120.404457
2376.727295	-119.630280
2377.400208	-120.210052
2378.073120	-120.521889
2378.746033	-120.005684
2379.418945	-119.660950
2380.091858	-120.555084
2380.764771	-121.306038
2381.437683	-120.979431
2382.110596	-121.261169
2382.783508	-119.765472
2383.456421	-120.070152
2384.129333	-120.025963
2384.802246	-119.610771
2385.475159	-120.871979
2386.148071	-120.788795
2386.820984	-120.205261
2387.493896	-119.739975
2388.166809	-119.592300
2388.839722	-120.388626
2389.512634	-120.425240
2390.185547	-120.161324
2390.858459	-120.566200
2391.531372	-119.831985
2392.204285	-120.266319
2392.877197	-121.193863
2393.550110	-120.519485
2394.223022	-120.712334
2394.895935	-120.652687
2395.568848	-119.946907
2396.241760	-119.751602
2396.914673	-121.049789
2397.587585	-120.496841
2398.260498	-119.710732
2398.933411	-119.440659
2399.606323	-119.804199
2400.279236	-120.967285
2400.952148	-121.210732
2401.625061	-120.948311
2402.297974	-120.721542
2402.970886	-121.078819
2403.643799	-120.646294
2404.316711	-120.127243
2404.989624	-120.261177
2405.662537	-120.760376
2406.335449	-120.365219
2407.008362	-119.950470
2407.681274	-120.598763
2408.354187	-120.428917
2409.027100	-119.824104
2409.700012	-119.816704
2410.372925	-119.829338
2411.045837	-120.711708
2411.718750	-120.143814
2412.391663	-119.479004
2413.064575	-120.177719
2413.737488	-120.322968
2414.410400	-120.697578
2415.083313	-120.403328
2415.756226	-120.400162
2416.429138	-120.422272
2417.102051	-120.397728
2417.774963	-119.968513
2418.447876	-120.017418
2419.120789	-120.337395
2419.793701	-120.389954
2420.466614	-119.930168
2421.139526	-120.115135
2421.812439	-120.042152
2422.485352	-120.286880
2423.158264	-120.611877
2423.831177	-120.183350
2424.504089	-120.348633
2425.177002	-120.774292
2425.849915	-119.875565
2426.522827	-119.649742
2427.195740	-120.943626
2427.868652	-120.891541
2428.541565	-120.002548
2429.214478	-119.917641
2429.887390	-120.106064
2430.560303	-120.309952
2431.233215	-121.000221
2431.906128	-120.979431
2432.579041	-120.413780
2433.251953	-119.667915
2433.924866	-119.717155
2434.597778	-119.331406
2435.270691	-119.252625
2435.943604	-119.729858
2436.616516	-119.920074
2437.289429	-120.289673
2437.962341	-121.497055
2438.635254	-121.736610
2439.308167	-120.000397
2439.981079	-119.601898
2440.653992	-119.493782
2441.326904	-120.885811
2441.999817	-121.680779
2442.672729	-120.754860
2443.345642	-120.197166
2444.018555	-119.898659
2444.691467	-119.709030
2445.364380	-119.799461
2446.037292	-121.203613
2446.710205	-120.379654
2447.383118	-119.085930
2448.056030	-119.498421
2448.728943	-120.024048
2449.401855	-120.872665
2450.074768	-121.080948
2450.747681	-120.218788
2451.420593	-120.169182
2452.093506	-119.841484
2452.766418	-119.710846
2453.439331	-119.749290
2454.112244	-120.279305
2454.785156	-120.182137
2455.458069	-120.809914
2456.130981	-120.430206
2456.803894	-120.204826
2457.476807	-120.294235
2458.149719	-120.700127
2458.822632	-120.002640
2459.495544	-120.366508
2460.168457	-120.152122
2460.841370	-120.161194
2461.514282	-119.601532
2462.187195	-119.631371
2462.860107	-120.228783
2463.533020	-120.704475
2464.205933	-120.678116
2464.878845	-121.005753
2465.551758	-121.547264
2466.224670	-120.587318
2466.897583	-120.416130
2467.570496	-120.307915
2468.243408	-120.764824
2468.916321	-120.708832
2469.589233	-120.315544
2470.262146	-120.619858
2470.935059	-119.934792
2471.607971	-119.811310
2472.280884	-120.488731
2472.953796	-120.226578
2473.626709	-120.448799
2474.299622	-120.172356
2474.972534	-120.448158
2475.645447	-120.139854
2476.318359	-119.821419
2476.991272	-120.009270
2477.664185	-120.694046
2478.337097	-119.686485
2479.010010	-119.341278
2479.682922	-119.460037
2480.355835	-119.719505
2481.028748	-120.338440
2481.701660	-119.749992
2482.374573	-120.104645
2483.047485	-120.057327
2483.720398	-120.381104
2484.393311	-120.077957
2485.066223	-119.471931
2485.739136	-119.310226
2486.412048	-120.116753
2487.084961	-120.383675
2487.757874	-119.489639
2488.430786	-119.385300
2489.103699	-120.045860
2489.776611	-119.683830
2490.449524	-120.195000
2491.122437	-121.399200
2491.795349	-120.939171
2492.468262	-120.012474
2493.141174	-120.048454
2493.814087	-119.722832
2494.487000	-120.759460
2495.159912	-120.826996
2495.832825	-120.967751
2496.505737	-120.509560
2497.178650	-119.621445
2497.851562	-119.953568
2498.524475	-119.589035
2499.197388	-119.921753
2499.870300	-119.214020
2500.543213	-119.868935
2501.216125	-121.167648
2501.889038	-120.590378
2502.561951	-120.078537
2503.234863	-120.067558
2503.907776	-120.294800
2504.580688	-120.327942
2505.253601	-120.078323
2505.926514	-120.257294
2506.599426	-118.966988
2507.272339	-119.148834
2507.945251	-120.475861
2508.618164	-120.346710
2509.291077	-120.287369
2509.963989	-120.109962
2510.636902	-119.505806
2511.309814	-119.696365
2511.982727	-119.674332
2512.655640	-119.591362
2513.328552	-119.344910
2514.001465	-119.550598
2514.674377	-120.847244
2515.347290	-120.805672
2516.020203	-120.178146
2516.693115	-120.364616
2517.366028	-120.063995
2518.038940	-119.993011
2518.711853	-120.180656
2519.384766	-119.825989
2520.057678	-119.231422
2520.730591	-120.180000
2521.403503	-120.520058
2522.076416	-121.259903
2522.749329	-120.961609
2523.422241	-119.567253
2524.095154	-119.870338
2524.768066	-120.500694
2525.440979	-120.320854
2526.113892	-120.720985
2526.786804	-120.684052
2527.459717	-121.236237
2528.132629	-121.115257
2528.805542	-121.023682
2529.478455	-120.490707
2530.151367	-119.848900
2530.824280	-119.922096
2531.497192	-119.632744
2532.170105	-119.666466
2532.843018	-120.176422
2533.515930	-120.675629
2534.188843	-121.207497
2534.861755	-122.004318
2535.534668	-120.127495
2536.207581	-120.315407
2536.880493	-121.303009
2537.553406	-120.880867
2538.226318	-119.376434
2538.899231	-119.197372
2539.572144	-120.506157
2540.245056	-120.815102
2540.917969	-120.982948
2541.590881	-120.572807
2542.263794	-120.516235
2542.936707	-120.412880
2543.609619	-119.674782
2544.282532	-120.251038
2544.955444	-121.140411
2545.628357	-120.986946
2546.301270	-120.004921
2546.974182	-120.547310
2547.647095	-120.814484
2548.320007	-120.430382
2548.992920	-120.049355
2549.665833	-120.476753
2550.338745	-120.399307
2551.011658	-120.329865
2551.684570	-119.718895
2552.357483	-119.952110
2553.030396	-119.805557
2553.703308	-120.140717
2554.376221	-120.801743
2555.049133	-121.383934
2555.722046	-120.283432
2556.394958	-120.234856
2557.067871	-119.778267
2557.740784	-119.576630
2558.413696	-119.270622
2559.086609	-120.225929
2559.759521	-119.912918
2560.432434	-120.043030
2561.105347	-120.543755
2561.778259	-120.829002
2562.451172	-120.859337
2563.124084	-120.275780
2563.796997	-120.070724
2564.469910	-119.903633
2565.142822	-119.446098
2565.815735	-120.813782
2566.488647	-120.642876
2567.161560	-120.806854
2567.834473	-120.707336
2568.507385	-119.968132
2569.180298	-120.443481
2569.853210	-121.004379
2570.526123	-120.576752
2571.199036	-120.599861
2571.871948	-120.032135
2572.544861	-120.816704
2573.217773	-120.169159
2573.890686	-120.882645
2574.563599	-120.936256
2575.236511	-120.843620
2575.909424	-121.176842
2576.582336	-120.935852
2577.255249	-121.052238
2577.928162	-121.013550
2578.601074	-120.562729
2579.273987	-120.675980
2579.946899	-120.496864
2580.619812	-120.976402
2581.292725	-120.843994
2581.965637	-120.259407
2582.638550	-119.977814
2583.311462	-120.313240
2583.984375	-120.484291
2584.657288	-120.248489
2585.330200	-120.430519
2586.003113	-119.603226
2586.676025	-119.990486
2587.348938	-121.010063
2588.021851	-121.318710
2588.694763	-121.195839
2589.367676	-120.874992
2590.040588	-120.405289
2590.713501	-121.418381
2591.386414	-121.379845
2592.059326	-120.571877
2592.732239	-120.506645
2593.405151	-120.676338
2594.078064	-120.495415
2594.750977	-120.885933
2595.423889	-120.938622
2596.096802	-120.773376
2596.769714	-120.396423
2597.442627	-120.341705
2598.115540	-119.741058
2598.788452	-119.916779
2599.461365	-120.485207
2600.134277	-119.785065
2600.807190	-119.439041
2601.480103	-119.663063
2602.153015	-119.467667
2602.825928	-119.546646
2603.498840	-120.048782
2604.171753	-120.862885
2604.844666	-120.450951
2605.517578	-119.959534
2606.190491	-119.683922
2606.863403	-119.225578
2607.536316	-119.415329
2608.209229	-119.823868
2608.882141	-120.697395
2609.555054	-121.168427
2610.227966	-120.766876
2610.900879	-120.778862
2611.573792	-120.446564
2612.246704	-119.792259
2612.919617	-120.453011
2613.592529	-120.745430
2614.265442	-120.421257
2614.938354	-120.940773
2615.611267	-121.040245
2616.284180	-120.680412
2616.957092	-119.908394
2617.630005	-119.932060
2618.302917	-120.201141
2618.975830	-120.252693
2619.648743	-120.329926
2620.321655	-121.210464
2620.994568	-120.990242
2621.667480	-120.189209
2622.340393	-120.019081
2623.013306	-119.973450
2623.686218	-120.773750
2624.359131	-121.149734
2625.032043	-120.971901
2625.704956	-120.764801
2626.377869	-120.742142
2627.050781	-121.201233
2627.723694	-121.001427
2628.396606	-120.633301
2629.069519	-120.419487
2629.742432	-120.689171
2630.415344	-120.117851
2631.088257	-119.715263
2631.761169	-119.682724
2632.434082	-119.403069
2633.106995	-120.271606
2633.779907	-120.039589
2634.452820	-119.473198
2635.125732	-120.551239
2635.798645	-119.815842
2636.471558	-119.701401
2637.144470	-120.282433
2637.817383	-119.894150
2638.490295	-119.792053
2639.163208	-120.729774
2639.836121	-120.682724
2640.509033	-120.218628
2641.181946	-120.282570
2641.854858	-120.756050
2642.527771	-121.667976
2643.200684	-120.024918
2643.873596	-119.996300
2644.546509	-120.256065
2645.219421	-120.986214
2645.892334	-121.309875
2646.565247	-120.106300
2647.238159	-119.783791
2647.911072	-120.223656
2648.583984	-121.029388
2649.256897	-120.670227
2649.929810	-120.006096
2650.602722	-120.147957
2651.275635	-120.243256
2651.948547	-119.975372
2652.621460	-118.902626
2653.294373	-119.575645
2653.967285	-120.135437
2654.640198	-120.354034
2655.313110	-119.575584
2655.986023	-121.004814
2656.658936	-119.908836
2657.331848	-119.366043
2658.004761	-119.915794
2658.677673	-120.485794
2659.350586	-120.429543
2660.023499	-119.905510
2660.696411	-119.362984
2661.369324	-120.116508
2662.042236	-120.054497
2662.715149	-120.325005
2663.388062	-120.409683
2664.060974	-120.557121
2664.733887	-120.686768
2665.406799	-120.640312
2666.079712	-121.174019
2666.752625	-120.622353
2667.425537	-119.318413
2668.098450	-119.177017
2668.771362	-120.332069
2669.444275	-120.382805
2670.117188	-120.819252
2670.790100	-120.261276
2671.463013	-120.284103
2672.135925	-120.682503
2672.808838	-121.876930
2673.481750	-120.973206
2674.154663	-120.144852
2674.827576	-120.220375
2675.500488	-120.723389
2676.173401	-121.210976
2676.846313	-121.665947
2677.519226	-120.879890
2678.192139	-120.008354
2678.865051	-120.709480
2679.537964	-120.110687
2680.210876	-119.802208
2680.883789	-120.337448
2681.556702	-120.754944
2682.229614	-120.656685
2682.902527	-120.366829
2683.575439	-119.785149
2684.248352	-120.108398
2684.921265	-120.419395
2685.594177	-120.636070
2686.267090	-120.049950
2686.940002	-119.535599
2687.612915	-119.452919
2688.285828	-120.560387
2688.958740	-120.267937
2689.631653	-120.668953
2690.304565	-120.467911
2690.977478	-120.148247
2691.650391	-120.746162
2692.323303	-120.022041
2692.996216	-120.032539
2693.669128	-120.453278
2694.342041	-119.919991
2695.014954	-120.136520
2695.687866	-120.100998
2696.360779	-119.725449
2697.033691	-120.323586
2697.706604	-120.822502
2698.379517	-121.101730
2699.052429	-120.614014
2699.725342	-120.699699
2700.398254	-120.274696
2701.071167	-120.135780
2701.744080	-120.611778
2702.416992	-120.243034
2703.089905	-119.827049
2703.762817	-120.103935
2704.435730	-120.354233
2705.108643	-120.186264
2705.781555	-119.900940
2706.454468	-120.361015
2707.127380	-120.774673
2707.800293	-120.310867
2708.473206	-119.621620
2709.146118	-119.509384
2709.819031	-121.281319
2710.491943	-121.440674
2711.164856	-120.220459
2711.837769	-120.021690
2712.510681	-119.728561
2713.183594	-119.832466
2713.856506	-120.037827
2714.529419	-120.855408
2715.202332	-120.894081
2715.875244	-120.641167
2716.548157	-120.687325
2717.221069	-121.185295
2717.893982	-121.116455
2718.566895	-120.158028
2719.239807	-119.051445
2719.912720	-118.565712
2720.585632	-119.611633
2721.258545	-119.711472
2721.931458	-119.794548
2722.604370	-119.588600
2723.277283	-119.874100
2723.950195	-120.298592
2724.623108	-119.687538
2725.296021	-119.455681
2725.968933	-120.195847
2726.641846	-120.360893
2727.314758	-119.689911
2727.987671	-119.586670
2728.660583	-119.442307
2729.333496	-119.911362
2730.006409	-121.072540
2730.679321	-120.785995
2731.352234	-120.189133
2732.025146	-119.768936
2732.698059	-118.717033
2733.370972	-117.593849
2734.043884	-117.968330
2734.716797	-118.874702
2735.389709	-119.604233
2736.062622	-120.319389
2736.735535	-120.208923
2737.408447	-120.192856
2738.081360	-119.592384
2738.754272	-119.952637
2739.427185	-121.086334
2740.100098	-119.840286
2740.773010	-119.074348
2741.445923	-119.809769
2742.118835	-120.370583
2742.791748	-120.610016
2743.464661	-120.361755
2744.137573	-120.713432
2744.810486	-120.618523
2745.483398	-120.123001
2746.156311	-120.577621
2746.829224	-120.314522
2747.502136	-120.527000
2748.175049	-120.842545
2748.847961	-120.666351
2749.520874	-119.582222
2750.193787	-119.599335
2750.866699	-120.510323
2751.539612	-120.203529
2752.212524	-120.507690
2752.885437	-120.564705
2753.558350	-120.231552
2754.231262	-119.726677
2754.904175	-119.181038
2755.577087	-119.388138
2756.250000	-119.923691
2756.922913	-120.098930
2757.595825	-119.599823
2758.268738	-118.954826
2758.941650	-119.714287
2759.614563	-119.954567
2760.287476	-119.616905
2760.960388	-119.360184
2761.633301	-119.552551
2762.306213	-119.394783
2762.979126	-118.753670
2763.652039	-119.756065
2764.324951	-120.419792
2764.997864	-119.825294
2765.670776	-119.464928
2766.343689	-119.144791
2767.016602	-119.078690
2767.689514	-119.950508
2768.362427	-119.810928
2769.035339	-119.862038
2769.708252	-119.641632
2770.381165	-120.076027
2771.054077	-120.428307
2771.726990	-119.959747
2772.399902	-119.827812
2773.072815	-119.928123
2773.745728	-119.706604
2774.418640	-119.239685
2775.091553	-119.876793
2775.764465	-119.655670
2776.437378	-119.187134
2777.110291	-120.278755
2777.783203	-120.758453
2778.456116	-120.168762
2779.129028	-120.547859
2779.801941	-120.337288
2780.474854	-119.548973
2781.147766	-120.052971
2781.820679	-120.523079
2782.493591	-120.406982
2783.166504	-120.412689
2783.839417	-120.711578
2784.512329	-120.759506
2785.185242	-120.799393
2785.858154	-120.538246
2786.531067	-120.132507
2787.203979	-119.953842
2787.876892	-120.177696
2788.549805	-120.393982
2789.222717	-120.405624
2789.895630	-120.073601
2790.568542	-119.969215
2791.241455	-119.947144
2791.914368	-120.096588
2792.587280	-120.526222
2793.260193	-120.234634
2793.933105	-120.233292
2794.606018	-120.371246
2795.278931	-119.853828
2795.951843	-120.067665
2796.624756	-120.734962
2797.297668	-120.993027
2797.970581	-120.625053
2798.643494	-120.304314
2799.316406	-120.363762
2799.989319	-119.570808
2800.662231	-119.871841
2801.335144	-120.089783
2802.008057	-119.932999
2802.680969	-120.123482
2803.353882	-120.015869
2804.026794	-120.349167
2804.699707	-120.088753
2805.372620	-119.896767
2806.045532	-120.447914
2806.718445	-120.469032
2807.391357	-119.956970
2808.064270	-119.809029
2808.737183	-120.488487
2809.410095	-119.967171
2810.083008	-119.895088
2810.755920	-119.522827
2811.428833	-119.279343
2812.101746	-119.405174
2812.774658	-120.199989
2813.447571	-120.739105
2814.120483	-120.554108
2814.793396	-120.570381
2815.466309	-120.268280
2816.139221	-120.354927
2816.812134	-120.306900
2817.485046	-119.686272
2818.157959	-119.283180
2818.830872	-118.695221
2819.503784	-119.145363
2820.176697	-120.156441
2820.849609	-121.233658
2821.522522	-120.567642
2822.195435	-120.510429
2822.868347	-120.368347
2823.541260	-120.617661
2824.214172	-120.166840
2824.887085	-119.811874
2825.559998	-119.993729
2826.232910	-121.375359
2826.905823	-120.698616
2827.578735	-120.975510
2828.251648	-120.442574
2828.924561	-120.753159
2829.597473	-120.158035
2830.270386	-120.195953
2830.943298	-120.913086
2831.616211	-121.504784
2832.289124	-121.207108
2832.962036	-120.572311
2833.634949	-120.092773
2834.307861	-119.426720
2834.980774	-120.330795
2835.653687	-121.002502
2836.326599	-120.324600
2836.999512	-120.659370
2837.672424	-120.901527
2838.345337	-120.834206
2839.018250	-120.657608
2839.691162	-120.871185
2840.364075	-121.583099
2841.036987	-121.534554
2841.709900	-120.966087
2842.382812	-120.306488
2843.055725	-120.175308
2843.728638	-120.514565
2844.401550	-120.767906
2845.074463	-119.866005
2845.747375	-120.715591
2846.420288	-121.491287
2847.093201	-120.517586
2847.766113	-120.649101
2848.439026	-120.666100
2849.111938	-120.296730
2849.784851	-120.687225
2850.457764	-121.337875
2851.130676	-120.312584
2851.803589	-120.008797
2852.476501	-120.640274
2853.149414	-120.480110
2853.822327	-120.066772
2854.495239	-119.934013
2855.168152	-121.013474
2855.841064	-122.030220
2856.513977	-120.897064
2857.186890	-120.483627
2857.859802	-120.875427
2858.532715	-120.801170
2859.205627	-120.244728
2859.878540	-120.624367
2860.551453	-120.243538
2861.224365	-119.326286
2861.897278	-119.760483
2862.570190	-120.528923
2863.243103	-120.527786
2863.916016	-120.765305
2864.588928	-121.424843
2865.261841	-121.765709
2865.934753	-121.258095
2866.607666	-120.768700
2867.280579	-120.604935
2867.953491	-120.205093
2868.626404	-120.690659
2869.299316	-120.502678
2869.972229	-120.634964
2870.645142	-120.915184
2871.318054	-120.926704
2871.990967	-120.184486
2872.663879	-119.750854
2873.336792	-119.784996
2874.009705	-119.714493
2874.682617	-121.263863
2875.355530	-120.817261
2876.028442	-120.478661
2876.701355	-120.401543
2877.374268	-120.479889
2878.047180	-120.823036
2878.720093	-121.134529
2879.393005	-121.096039
2880.065918	-120.256126
2880.738831	-119.684563
2881.411743	-120.074890
2882.084656	-119.956253
2882.757568	-119.170929
2883.430481	-120.634438
2884.103394	-121.323227
2884.776306	-120.292297
2885.449219	-119.136505
2886.122131	-119.413673
2886.795044	-120.308716
2887.467957	-120.253586
2888.140869	-120.565201
2888.813782	-119.938911
2889.486694	-119.083321
2890.159607	-119.314842
2890.832520	-119.758957
2891.505432	-120.636017
2892.178345	-121.059975
2892.851257	-120.644188
2893.524170	-120.515633
2894.197083	-120.168762
2894.869995	-120.508949
2895.542908	-120.266785
2896.215820	-120.203842
2896.888733	-119.861580
2897.561646	-120.638695
2898.234558	-120.222649
2898.907471	-120.241737
2899.580383	-119.866890
2900.253296	-119.978096
2900.926208	-119.718178
2901.599121	-120.362900
2902.272034	-120.849106
2902.944946	-120.893646
2903.617859	-120.614906
2904.290771	-120.269035
2904.963684	-120.054543
2905.636597	-120.633797
2906.309509	-121.024666
2906.982422	-121.212944
2907.655334	-120.874443
2908.328247	-120.905235
2909.001160	-120.576012
2909.674072	-120.680664
2910.346985	-120.610313
2911.019897	-119.350525
2911.692810	-119.711777
2912.365723	-119.747444
2913.038635	-119.459991
2913.711548	-119.537476
2914.384460	-119.720016
2915.057373	-119.715813
2915.730286	-120.172760
2916.403198	-119.503181
2917.076111	-119.923592
2917.749023	-119.757172
2918.421936	-119.375305
2919.094849	-119.393585
2919.767761	-119.964638
2920.440674	-120.310112
2921.113586	-119.834717
2921.786499	-120.101944
2922.459412	-120.808411
2923.132324	-120.420029
2923.805237	-119.997719
2924.478149	-120.269211
2925.151062	-119.979660
2925.823975	-120.038246
2926.496887	-120.120689
2927.169800	-119.637032
2927.842712	-119.623985
2928.515625	-119.861580
2929.188538	-119.521889
2929.861450	-120.109299
2930.534363	-120.641075
2931.207275	-120.105293
2931.880188	-119.855286
2932.553101	-119.291534
2933.226013	-120.407219
2933.898926	-121.350395
2934.571838	-121.076370
2935.244751	-121.240105
2935.917664	-121.300682
2936.590576	-120.418282
2937.263489	-120.941856
2937.936401	-121.209740
2938.609314	-120.857552
2939.282227	-121.149933
2939.955139	-121.046150
2940.628052	-120.892303
2941.300964	-120.521881
2941.973877	-119.956291
2942.646790	-119.652390
2943.319702	-119.933670
2943.992615	-119.890366
2944.665527	-119.703819
2945.338440	-120.459297
2946.011353	-121.107521
2946.684265	-120.994919
2947.357178	-120.843193
2948.030090	-121.561401
2948.703003	-121.474960
2949.375916	-120.566597
2950.048828	-120.625862
2950.721741	-119.846771
2951.394653	-120.175835
2952.067566	-120.051407
2952.740479	-120.010109
2953.413391	-120.427773
2954.086304	-120.853615
2954.759216	-121.109085
2955.432129	-121.025978
2956.105042	-120.399330
2956.777954	-120.673965
2957.450867	-120.094955
2958.123779	-120.054367
2958.796692	-120.607368
2959.469604	-119.942833
2960.142517	-120.429855
2960.815430	-120.922623
2961.488342	-120.833794
2962.161255	-120.746674
2962.834167	-119.825500
2963.507080	-120.142586
2964.179993	-120.122009
2964.852905	-120.344421
2965.525818	-120.211525
2966.198730	-119.816055
2966.871643	-120.212379
2967.544556	-119.971664
2968.217468	-119.672638
2968.890381	-119.954552
2969.563293	-120.360596
2970.236206	-120.368088
2970.909119	-120.049080
2971.582031	-119.428162
2972.254944	-120.466400
2972.927856	-120.301178
2973.600769	-119.947914
2974.273682	-120.185493
2974.946594	-121.330467
2975.619507	-121.807396
2976.292419	-120.623581
2976.965332	-120.012466
2977.638245	-119.957947
2978.311157	-121.141914
2978.984070	-120.213173
2979.656982	-119.988480
2980.329895	-119.892403
2981.002808	-119.504562
2981.675720	-119.300453
2982.348633	-119.869225
2983.021545	-119.939674
2983.694458	-120.113670
2984.367371	-120.253723
2985.040283	-121.002434
2985.713196	-120.357780
2986.386108	-120.675446
2987.059021	-119.942268
2987.731934	-119.867317
2988.404846	-120.104935
2989.077759	-119.634773
2989.750671	-120.049202
2990.423584	-120.910461
2991.096497	-120.999557
2991.769409	-120.385857
2992.442322	-120.140450
2993.115234	-120.822731
2993.788147	-119.647659
2994.461060	-119.256554
2995.133972	-119.314613
2995.806885	-119.427414
2996.479797	-119.977722
2997.152710	-120.508865
2997.825623	-121.428596
2998.498535	-120.213997
2999.171448	-120.829079
2999.844360	-121.064339
3000.517273	-120.554329
3001.190186	-120.180313
3001.863098	-120.085213
3002.536011	-120.487068
3003.208923	-120.367569
3003.881836	-120.567337
3004.554749	-120.797264
3005.227661	-121.567818
3005.900574	-119.866203
3006.573486	-119.686974
3007.246399	-120.876778
3007.919312	-120.411659
3008.592224	-120.581123
3009.265137	-121.403366
3009.938049	-121.166649
3010.610962	-121.039337
3011.283875	-121.002487
3011.956787	-120.942986
3012.629700	-119.912994
3013.302612	-120.382202
3013.975525	-120.817528
3014.648438	-120.211182
3015.321350	-119.824821
3015.994263	-120.088440
3016.667175	-119.775200
3017.340088	-119.809120
3018.013000	-120.571465
3018.685913	-120.846970
3019.358826	-121.262047
3020.031738	-120.093712
3020.704651	-120.244606
3021.377563	-120.159950
3022.050476	-119.727669
3022.723389	-120.107986
3023.396301	-120.162476
3024.069214	-119.813049
3024.742126	-120.270355
3025.415039	-120.113831
3026.087952	-120.291595
3026.760864	-120.649849
3027.433777	-120.102509
3028.106689	-120.054359
3028.779602	-121.399551
3029.452515	-121.636261
3030.125427	-120.483871
3030.798340	-120.615509
3031.471252	-120.494110
3032.144165	-120.232536
3032.817078	-120.167610
3033.489990	-119.732765
3034.162903	-119.656395
3034.835815	-120.261909
3035.508728	-120.688942
3036.181641	-120.419006
3036.854553	-119.954277
3037.527466	-120.730408
3038.200378	-120.249840
3038.873291	-120.635605
3039.546204	-120.967308
3040.219116	-120.500832
3040.892029	-120.289688
3041.564941	-120.383949
3042.237854	-119.725685
3042.910767	-120.334854
3043.583679	-120.206848
3044.256592	-119.932022
3044.929504	-120.114433
3045.602417	-120.758446
3046.275330	-121.212357
3046.948242	-121.446945
3047.621155	-121.336502
3048.294067	-120.739716
3048.966980	-120.616165
3049.639893	-120.671089
3050.312805	-120.322678
3050.985718	-120.646271
3051.658630	-119.924896
3052.331543	-120.555870
3053.004456	-120.103737
3053.677368	-120.561569
3054.350281	-121.366196
3055.023193	-121.514351
3055.696106	-120.332184
3056.369019	-121.137741
3057.041931	-121.123795
3057.714844	-120.490463
3058.387756	-119.966011
3059.060669	-120.857826
3059.733582	-119.848000
3060.406494	-120.661331
3061.079407	-121.190331
3061.752319	-120.900322
3062.425232	-120.502724
3063.098145	-120.731384
3063.771057	-120.670647
3064.443970	-120.110977
3065.116882	-120.096672
3065.789795	-120.908829
3066.462708	-120.749420
3067.135620	-120.729431
3067.808533	-121.195396
3068.481445	-120.742104
3069.154358	-121.028687
3069.827271	-121.108337
3070.500183	-120.945808
3071.173096	-120.605415
3071.846008	-120.228577
3072.518921	-120.168159
3073.191833	-120.261742
3073.864746	-120.470764
3074.537659	-120.540733
3075.210571	-120.882576
3075.883484	-121.241379
3076.556396	-120.933983
3077.229309	-120.088470
3077.902222	-119.729660
3078.575134	-120.186836
3079.248047	-119.318352
3079.920959	-119.817268
3080.593872	-120.133255
3081.266785	-120.410439
3081.939697	-120.599144
3082.612610	-120.517624
3083.285522	-120.231430
3083.958435	-120.652557
3084.631348	-120.461426
3085.304260	-120.257629
3085.977173	-119.725319
3086.650085	-119.979988
3087.322998	-119.763329
3087.995911	-120.127098
3088.668823	-120.169731
3089.341736	-120.792358
3090.014648	-120.763428
3090.687561	-120.546448
3091.360474	-120.426003
3092.033386	-119.644913
3092.706299	-119.369995
3093.379211	-119.924553
3094.052124	-119.426674
3094.725037	-120.130966
3095.397949	-121.426140
3096.070862	-121.060791
3096.743774	-121.261093
3097.416687	-120.103424
3098.089600	-119.578362
3098.762512	-119.771957
3099.435425	-119.924850
3100.108337	-121.223877
3100.781250	-121.818550
3101.454163	-121.083473
3102.127075	-120.664658
3102.799988	-120.657860
3103.472900	-120.561661
3104.145813	-120.217926
3104.818726	-120.336655
3105.491638	-119.896400
3106.164551	-119.988953
3106.837463	-119.155815
3107.510376	-119.327522
3108.183289	-120.155907
3108.856201	-120.372055
3109.529114	-120.504051
3110.202026	-120.888313
3110.874939	-120.277321
3111.547852	-120.391273
3112.220764	-120.936798
3112.893677	-120.534821
3113.566589	-120.800171
3114.239502	-119.689774
3114.912415	-119.674988
3115.585327	-120.293388
3116.258240	-120.452072
3116.931152	-121.187614
3117.604065	-120.978294
3118.276978	-120.571365
3118.949890	-120.784409
3119.622803	-120.073647
3120.295715	-120.086647
3120.968628	-119.838486
3121.641541	-120.223686
3122.314453	-120.734718
3122.987366	-120.533798
3123.660278	-120.290894
3124.333191	-120.672417
3125.006104	-120.918549
3125.679016	-120.721901
3126.351929	-120.330910
3127.024841	-120.912079
3127.697754	-120.607956
3128.370667	-120.738365
3129.043579	-120.261482
3129.716492	-119.563820
3130.389404	-119.650818
3131.062317	-120.206276
3131.735229	-120.470337
3132.408142	-120.496872
3133.081055	-120.006844
3133.753967	-120.449852
3134.426880	-120.184151
3135.099792	-119.692497
3135.772705	-120.347397
3136.445618	-120.517754
3137.118530	-119.592018
3137.791443	-119.830933
3138.464355	-120.344124
3139.137268	-119.517891
3139.810181	-120.006577
3140.483093	-119.868042
3141.156006	-119.993355
3141.828918	-120.555077
3142.501831	-120.381638
3143.174744	-120.338432
3143.847656	-120.674591
3144.520569	-120.765152
3145.193481	-120.463997
3145.866394	-120.602661
3146.539307	-121.350647
3147.212219	-120.953499
3147.885132	-120.359184
3148.558044	-121.272255
3149.230957	-121.410149
3149.903870	-120.785477
3150.576782	-120.513611
3151.249695	-120.916138
3151.922607	-120.591461
3152.595520	-119.977242
3153.268433	-119.737923
3153.941345	-119.979370
3154.614258	-119.864174
3155.287170	-119.377731
3155.960083	-120.343758
3156.632996	-120.115410
3157.305908	-119.609390
3157.978821	-120.798851
3158.651733	-120.952110
3159.324646	-120.736031
3159.997559	-120.296608
3160.670471	-119.806549
3161.343384	-120.251526
3162.016296	-119.890755
3162.689209	-119.445168
3163.362122	-120.484299
3164.035034	-120.364342
3164.707947	-120.310196
3165.380859	-119.971153
3166.053772	-120.252808
3166.726685	-120.494713
3167.399597	-120.167175
3168.072510	-120.347931
3168.745422	-120.860252
3169.418335	-121.108559
3170.091248	-120.652542
3170.764160	-121.170319
3171.437073	-120.802948
3172.109985	-120.489967
3172.782898	-120.178337
3173.455811	-120.740578
3174.128723	-120.503471
3174.801636	-120.918541
3175.474548	-120.911835
3176.147461	-120.058380
3176.820374	-120.244049
3177.493286	-121.055397
3178.166199	-121.180626
3178.839111	-120.363876
3179.512024	-120.568016
3180.184937	-119.943916
3180.857849	-119.724869
3181.530762	-120.024055
3182.203674	-121.651070
3182.876587	-121.098175
3183.549500	-120.653000
3184.222412	-120.185013
3184.895325	-120.716927
3185.568237	-120.684402
3186.241150	-120.131950
3186.914062	-120.436256
3187.586975	-120.793594
3188.259888	-120.611176
3188.932800	-120.598328
3189.605713	-120.655960
3190.278625	-120.234695
3190.951538	-119.756256
3191.624451	-120.205826
3192.297363	-120.943794
3192.970276	-120.368774
3193.643188	-120.828674
3194.316101	-120.479195
3194.989014	-120.310684
3195.661926	-119.599197
3196.334839	-119.807304
3197.007751	-120.279411
3197.680664	-120.599480
3198.353577	-120.246468
3199.026489	-121.401787
3199.699402	-120.754745
3200.372314	-119.869576
3201.045227	-119.595474
3201.718140	-120.657646
3202.391052	-120.891350
3203.063965	-120.505867
3203.736877	-120.845268
3204.409790	-120.484802
3205.082703	-121.284401
3205.755615	-121.675911
3206.428528	-121.653603
3207.101440	-120.990852
3207.774353	-120.832550
3208.447266	-120.620819
3209.120178	-120.297173
3209.793091	-120.239609
3210.466003	-119.899643
3211.138916	-120.021248
3211.811829	-119.838448
3212.484741	-120.614067
3213.157654	-121.333824
3213.830566	-121.078346
3214.503479	-121.205261
3215.176392	-121.448929
3215.849304	-122.164238
3216.522217	-121.613167
3217.195129	-121.313942
3217.868042	-121.130753
3218.540955	-120.545204
3219.213867	-120.377075
3219.886780	-119.904404
3220.559692	-120.110580
3221.232605	-121.125015
3221.905518	-121.724640
3222.578430	-121.636063
3223.251343	-121.444794
3223.924255	-121.062721
3224.597168	-121.643890
3225.270081	-120.514893
3225.942993	-120.442909
3226.615906	-120.694153
3227.288818	-120.969398
3227.961731	-121.000626
3228.634644	-120.800163
3229.307556	-120.317978
3229.980469	-120.188278
3230.653381	-120.013390
3231.326294	-120.359161
3231.999207	-120.914040
3232.672119	-121.143356
3233.345032	-121.081055
3234.017944	-120.536102
3234.690857	-119.917267
3235.363770	-119.532364
3236.036682	-120.358025
3236.709595	-120.673546
3237.382507	-119.830376
3238.055420	-119.905945
3238.728333	-120.372055
3239.401245	-120.927147
3240.074158	-121.491539
3240.747070	-121.080498
3241.419983	-120.484138
3242.092896	-120.711227
3242.765808	-120.912430
3243.438721	-120.522285
3244.111633	-120.565910
3244.784546	-120.450722
3245.457458	-120.210419
3246.130371	-121.014206
3246.803284	-120.871170
3247.476196	-120.469315
3248.149109	-120.524643
3248.822021	-121.635422
3249.494934	-121.046799
3250.167847	-120.659737
3250.840759	-120.777168
3251.513672	-120.736214
3252.186584	-119.854439
3252.859497	-119.651939
3253.532410	-120.295868
3254.205322	-121.778885
3254.878235	-121.760330
3255.551147	-120.920700
3256.224060	-120.082359
3256.896973	-120.440804
3257.569885	-121.010323
3258.242798	-120.959801
3258.915710	-120.172539
3259.588623	-121.003860
3260.261536	-122.377754
3260.934448	-121.620049
3261.607361	-121.260567
3262.280273	-120.323235
3262.953186	-120.052353
3263.626099	-121.061684
3264.299011	-120.983589
3264.971924	-120.232903
3265.644836	-120.850037
3266.317749	-121.660797
3266.990662	-121.910637
3267.663574	-121.501793
3268.336487	-120.586205
3269.009399	-120.367325
3269.682312	-120.908554
3270.355225	-120.990692
3271.028137	-120.334991
3271.701050	-120.219978
3272.373962	-120.343857
3273.046875	-121.034798
3273.719788	-120.890862
3274.392700	-120.783363
3275.065613	-120.715004
3275.738525	-120.951630
3276.411438	-121.022575
3277.084351	-121.199959
3277.757263	-120.602768
3278.430176	-121.571312
3279.103088	-121.529732
3279.776001	-121.758415
3280.448914	-121.724419
3281.121826	-121.841324
3281.794739	-121.116699
3282.467651	-120.816383
3283.140564	-120.792931
3283.813477	-121.181725
3284.486389	-121.773842
3285.159302	-121.510612
3285.832214	-121.516617
3286.505127	-121.710152
3287.178040	-120.848183
3287.850952	-120.650963
3288.523865	-120.931229
3289.196777	-120.271347
3289.869690	-120.702255
3290.542603	-121.848923
3291.215515	-121.184532
3291.888428	-120.106812
3292.561340	-119.682442
3293.234253	-120.360016
3293.907166	-120.849564
3294.580078	-120.852768
3295.252991	-120.254707
3295.925903	-120.471329
3296.598816	-120.521835
3297.271729	-120.797234
3297.944641	-121.467567
3298.617554	-120.985764
3299.290466	-119.685150
3299.963379	-120.148514
3300.636292	-120.423424
3301.309204	-120.446785
3301.982117	-120.730637
3302.655029	-120.338867
3303.327942	-119.750496
3304.000854	-119.287155
3304.673767	-120.028183
3305.346680	-121.175003
3306.019592	-119.612053
3306.692505	-119.725479
3307.365417	-120.495300
3308.038330	-121.134491
3308.711243	-120.331543
3309.384155	-120.408333
3310.057068	-120.891396
3310.729980	-121.162758
3311.402893	-120.974625
3312.075806	-120.597038
3312.748718	-121.340118
3313.421631	-120.999031
3314.094543	-120.977623
3314.767456	-119.998901
3315.440369	-120.526428
3316.113281	-120.565720
3316.786194	-120.119072
3317.459106	-120.856133
3318.132019	-120.345924
3318.804932	-120.320419
3319.477844	-120.267448
3320.150757	-119.969437
3320.823669	-121.066032
3321.496582	-120.911324
3322.169495	-120.310974
3322.842407	-120.574341
3323.515320	-121.329437
3324.188232	-121.057175
3324.861145	-120.451187
3325.534058	-120.471283
3326.206970	-120.941177
3326.879883	-121.104897
3327.552795	-120.953522
3328.225708	-119.975494
3328.898621	-120.501450
3329.571533	-119.997856
3330.244446	-120.005440
3330.917358	-120.720551
3331.590271	-120.503548
3332.263184	-120.861702
3332.936096	-121.263069
3333.609009	-120.846283
3334.281921	-121.288849
3334.954834	-120.829803
3335.627747	-119.803551
3336.300659	-119.834961
3336.973572	-120.298851
3337.646484	-120.431831
3338.319397	-120.282143
3338.992310	-120.635956
3339.665222	-120.276932
3340.338135	-120.591110
3341.011047	-121.167908
3341.683960	-120.989265
3342.356873	-121.594467
3343.029785	-121.618912
3343.702698	-121.176460
3344.375610	-120.758484
3345.048523	-120.929138
3345.721436	-120.160210
3346.394348	-120.748619
3347.067261	-120.440155
3347.740173	-120.057686
3348.413086	-120.004753
3349.085999	-119.746246
3349.758911	-119.999825
3350.431824	-120.088814
3351.104736	-120.019173
3351.777649	-120.907608
3352.450562	-120.570412
3353.123474	-120.000778
3353.796387	-121.161057
3354.469299	-121.251411
3355.142212	-120.137695
3355.815125	-120.562881
3356.488037	-120.844620
3357.160950	-119.983597
3357.833862	-120.408508
3358.506775	-120.282898
3359.179688	-121.205406
3359.852600	-121.451248
3360.525513	-120.906357
3361.198425	-121.017082
3361.871338	-121.666565
3362.544250	-120.334015
3363.217163	-120.358803
3363.890076	-120.483650
3364.562988	-120.777824
3365.235901	-121.202454
3365.908813	-121.064697
3366.581726	-120.455879
3367.254639	-120.846420
3367.927551	-121.205574
3368.600464	-120.998383
3369.273376	-120.093567
3369.946289	-120.292252
3370.619202	-120.444336
3371.292114	-120.255562
3371.965027	-120.522964
3372.637939	-120.807724
3373.310852	-120.471130
3373.983765	-120.503258
3374.656677	-120.301491
3375.329590	-121.776985
3376.002502	-121.397568
3376.675415	-120.763489
3377.348328	-119.760353
3378.021240	-119.841911
3378.694153	-120.219719
3379.367065	-121.247406
3380.039978	-121.183182
3380.712891	-121.171150
3381.385803	-120.446335
3382.058716	-119.745789
3382.731628	-120.923637
3383.404541	-121.727211
3384.077454	-121.387344
3384.750366	-120.883591
3385.423279	-121.259293
3386.096191	-121.439949
3386.769104	-121.032402
3387.442017	-120.396523
3388.114929	-120.490921
3388.787842	-121.117584
3389.460754	-120.145920
3390.133667	-120.791138
3390.806580	-120.320694
3391.479492	-120.213943
3392.152405	-120.693535
3392.825317	-120.692635
3393.498230	-120.145157
3394.171143	-118.881920
3394.844055	-118.902481
3395.516968	-120.568489
3396.189880	-120.179123
3396.862793	-120.881905
3397.535706	-120.661873
3398.208618	-120.994263
3398.881531	-121.383972
3399.554443	-120.896240
3400.227356	-120.766777
3400.900269	-120.535683
3401.573181	-119.610710
3402.246094	-120.654068
3402.919006	-121.868073
3403.591919	-121.174477
3404.264832	-120.590828
3404.937744	-121.256248
3405.610657	-121.360199
3406.283569	-121.158920
3406.956482	-121.556114
3407.629395	-120.946342
3408.302307	-120.806992
3408.975220	-121.291725
3409.648132	-120.992249
3410.321045	-121.165588
3410.993958	-120.855118
3411.666870	-120.645233
3412.339783	-120.181625
3413.012695	-119.995087
3413.685608	-121.057762
3414.358521	-120.860443
3415.031433	-120.695175
3415.704346	-120.131882
3416.377258	-120.396072
3417.050171	-121.155212
3417.723083	-121.447952
3418.395996	-121.776573
3419.068909	-121.034058
3419.741821	-120.604843
3420.414734	-120.411758
3421.087646	-120.593330
3421.760559	-120.525757
3422.433472	-120.006805
3423.106384	-120.325905
3423.779297	-119.825882
3424.452209	-119.933548
3425.125122	-120.471664
3425.798035	-120.680756
3426.470947	-120.981155
3427.143860	-120.099762
3427.816772	-120.144730
3428.489685	-121.412537
3429.162598	-121.948402
3429.835510	-121.736343
3430.508423	-120.674011
3431.181335	-120.313782
3431.854248	-120.150543
3432.527161	-120.181145
3433.200073	-120.345833
3433.872986	-120.695396
3434.545898	-120.583946
3435.218811	-120.807114
3435.891724	-120.628197
3436.564636	-119.798332
3437.237549	-119.512703
3437.910461	-119.396172
3438.583374	-120.533958
3439.256287	-120.963654
3439.929199	-120.914757
3440.602112	-121.828476
3441.275024	-121.205742
3441.947937	-121.099167
3442.620850	-121.439110
3443.293762	-120.514252
3443.966675	-121.089821
3444.639587	-120.922905
3445.312500	-120.629944
3445.985413	-120.605927
3446.658325	-120.448502
3447.331238	-119.863487
3448.004150	-120.803917
3448.677063	-120.969452
3449.349976	-120.505669
3450.022888	-120.712784
3450.695801	-120.898239
3451.368713	-120.879311
3452.041626	-121.045586
3452.714539	-121.177284
3453.387451	-122.035378
3454.060364	-121.423645
3454.733276	-120.047089
3455.406189	-120.699966
3456.079102	-121.319687
3456.752014	-120.384010
3457.424927	-120.929573
3458.097839	-120.271889
3458.770752	-118.996346
3459.443665	-119.945808
3460.116577	-120.553154
3460.789490	-120.985023
3461.462402	-120.803352
3462.135315	-121.676460
3462.808228	-120.428040
3463.481140	-120.073761
3464.154053	-121.226128
3464.826965	-121.188316
3465.499878	-120.265053
3466.172791	-120.590942
3466.845703	-121.935471
3467.518616	-121.990898
3468.191528	-121.198570
3468.864441	-120.659721
3469.537354	-120.705078
3470.210266	-120.771965
3470.883179	-120.543602
3471.556091	-121.132523
3472.229004	-121.029068
3472.901917	-120.661865
3473.574829	-120.824493
3474.247742	-120.992737
3474.920654	-120.413261
3475.593567	-120.315620
3476.266479	-120.259811
3476.939392	-120.306915
3477.612305	-120.268211
3478.285217	-120.858719
3478.958130	-120.630196
3479.631042	-119.597801
3480.303955	-119.618958
3480.976868	-120.964989
3481.649780	-121.082298
3482.322693	-121.079674
3482.995605	-120.057045
3483.668518	-119.917252
3484.341431	-120.189629
3485.014343	-120.460495
3485.687256	-120.882721
3486.360168	-120.524811
3487.033081	-120.402962
3487.705994	-121.412270
3488.378906	-120.684204
3489.051819	-121.105316
3489.724731	-121.543541
3490.397644	-121.067238
3491.070557	-120.692703
3491.743469	-121.068008
3492.416382	-120.726234
3493.089294	-120.146584
3493.762207	-120.354973
3494.435120	-120.742165
3495.108032	-121.342903
3495.780945	-121.108788
3496.453857	-120.298164
3497.126770	-120.053764
3497.799683	-121.460968
3498.472595	-121.289764
3499.145508	-120.585274
3499.818420	-120.836578
3500.491333	-121.450363
3501.164246	-121.525589
3501.837158	-121.609879
3502.510071	-120.983978
3503.182983	-121.103004
3503.855896	-121.393745
3504.528809	-121.311180
3505.201721	-120.068649
3505.874634	-120.221878
3506.547546	-120.698593
3507.220459	-121.148087
3507.893372	-121.780159
3508.566284	-121.155479
3509.239197	-120.208496
3509.912109	-120.375969
3510.585022	-120.888809
3511.257935	-121.200981
3511.930847	-120.895088
3512.603760	-120.929054
3513.276672	-120.385094
3513.949585	-121.186012
3514.622498	-122.048912
3515.295410	-121.700356
3515.968323	-121.122681
3516.641235	-120.874718
3517.314148	-120.928627
3517.987061	-121.094940
3518.659973	-121.202072
3519.332886	-121.653847
3520.005798	-121.441284
3520.678711	-120.365768
3521.351624	-120.088776
3522.024536	-120.830956
3522.697449	-120.829353
3523.370361	-121.244133
3524.043274	-121.082413
3524.716187	-119.871010
3525.389099	-119.467888
3526.062012	-120.238754
3526.734924	-120.834778
3527.407837	-120.784927
3528.080750	-121.055222
3528.753662	-120.916603
3529.426575	-121.079918
3530.099487	-121.349060
3530.772400	-121.691765
3531.445312	-121.078667
3532.118225	-120.774521
3532.791138	-120.220528
3533.464050	-120.574455
3534.136963	-119.887444
3534.809875	-119.885414
3535.482788	-120.092392
3536.155701	-121.194191
3536.828613	-121.856598
3537.501526	-121.098434
3538.174438	-120.337982
3538.847351	-120.565369
3539.520264	-120.755058
3540.193176	-121.412628
3540.866089	-121.186554
3541.539001	-121.957123
3542.211914	-121.454926
3542.884827	-120.326675
3543.557739	-120.518135
3544.230652	-120.851334
3544.903564	-121.001617
3545.576477	-120.528725
3546.249390	-120.435837
3546.922302	-121.887749
3547.595215	-122.454330
3548.268127	-121.980377
3548.941040	-121.800987
3549.613953	-121.739464
3550.286865	-121.185448
3550.959778	-121.301712
3551.632690	-121.062401
3552.305603	-120.982056
3552.978516	-121.145645
3553.651428	-120.981567
3554.324341	-120.987419
3554.997253	-121.569748
3555.670166	-121.232338
3556.343079	-121.069977
3557.015991	-120.696358
3557.688904	-119.551910
3558.361816	-120.605034
3559.034729	-121.312477
3559.707642	-120.302139
3560.380554	-120.975800
3561.053467	-121.748161
3561.726379	-120.764488
3562.399292	-120.800781
3563.072205	-120.449089
3563.745117	-120.149391
3564.418030	-121.511223
3565.090942	-121.558678
3565.763855	-120.864594
3566.436768	-120.888153
3567.109680	-120.946030
3567.782593	-121.879578
3568.455505	-121.502701
3569.128418	-121.660294
3569.801331	-121.637466
3570.474243	-121.128662
3571.147156	-121.085434
3571.820068	-120.291367
3572.492981	-120.573509
3573.165894	-121.431610
3573.838806	-120.981758
3574.511719	-120.548958
3575.184631	-121.412971
3575.857544	-121.446053
3576.530457	-120.764130
3577.203369	-121.883629
3577.876282	-121.939812
3578.549194	-121.640381
3579.222107	-121.357414
3579.895020	-120.593224
3580.567932	-120.786423
3581.240845	-121.180229
3581.913757	-120.975128
3582.586670	-120.817841
3583.259583	-120.927589
3583.932495	-120.732346
3584.605408	-121.478996
3585.278320	-121.028412
3585.951233	-120.519867
3586.624146	-120.648369
3587.297058	-120.948219
3587.969971	-121.383469
3588.642883	-121.144318
3589.315796	-120.635796
3589.988708	-120.058655
3590.661621	-120.748428
3591.334534	-121.271606
3592.007446	-121.109940
3592.680359	-121.362434
3593.353271	-121.172516
3594.026184	-121.788460
3594.699097	-121.632347
3595.372009	-121.123299
3596.044922	-120.896568
3596.717834	-121.090958
3597.390747	-121.509575
3598.063660	-121.649216
3598.736572	-121.299133
3599.409485	-121.421471
3600.082397	-120.340691
3600.755310	-121.240631
3601.428223	-121.316574
3602.101135	-120.757004
3602.774048	-120.711678
3603.446960	-120.935852
3604.119873	-120.915848
3604.792786	-121.086540
3605.465698	-120.472588
3606.138611	-120.407066
3606.811523	-120.146904
3607.484436	-120.321739
3608.157349	-121.098274
3608.830261	-121.616379
3609.503174	-120.990646
3610.176086	-121.734062
3610.848999	-120.939613
3611.521912	-120.103340
3612.194824	-120.535728
3612.867737	-120.620697
3613.540649	-121.021202
3614.213562	-121.099693
3614.886475	-121.343819
3615.559387	-121.782257
3616.232300	-121.366951
3616.905212	-120.934143
3617.578125	-121.380623
3618.251038	-121.036613
3618.923950	-120.592239
3619.596863	-120.462845
3620.269775	-121.172264
3620.942688	-121.117561
3621.615601	-120.693146
3622.288513	-120.595154
3622.961426	-121.190041
3623.634338	-121.225220
3624.307251	-121.249527
3624.980164	-121.200386
3625.653076	-120.848236
3626.325989	-120.858986
3626.998901	-121.172577
3627.671814	-121.195526
3628.344727	-121.041962
3629.017639	-121.221527
3629.690552	-121.274025
3630.363464	-120.684746
3631.036377	-120.448822
3631.709290	-121.019119
3632.382202	-122.445320
3633.055115	-121.098312
3633.728027	-120.911682
3634.400940	-121.187485
3635.073853	-121.850945
3635.746765	-121.289848
3636.419678	-120.550201
3637.092590	-121.067421
3637.765503	-121.532692
3638.438416	-120.937790
3639.111328	-121.165215
3639.784241	-121.403038
3640.457153	-120.723579
3641.130066	-121.025597
3641.802979	-121.069679
3642.475891	-120.709480
3643.148804	-120.821487
3643.821716	-121.327583
3644.494629	-121.429413
3645.167542	-121.243973
3645.840454	-121.618568
3646.513367	-121.413177
3647.186279	-121.400093
3647.859192	-121.521324
3648.532104	-121.626297
3649.205017	-121.182732
3649.877930	-120.641220
3650.550842	-121.422081
3651.223755	-121.640450
3651.896667	-120.366188
3652.569580	-120.637459
3653.242493	-120.844528
3653.915405	-120.563873
3654.588318	-120.053978
3655.261230	-121.008064
3655.934143	-121.244286
3656.607056	-121.356880
3657.279968	-120.987801
3657.952881	-120.707420
3658.625793	-121.117538
3659.298706	-121.817429
3659.971619	-121.697250
3660.644531	-121.681602
3661.317444	-121.090126
3661.990356	-121.028938
3662.663269	-120.729118
3663.336182	-121.082520
3664.009094	-121.822807
3664.682007	-122.227516
3665.354919	-122.087418
3666.027832	-121.403152
3666.700745	-120.884850
3667.373657	-120.656067
3668.046570	-121.074280
3668.719482	-120.490181
3669.392395	-120.316322
3670.065308	-121.030228
3670.738220	-121.307404
3671.411133	-120.576752
3672.084045	-120.576591
3672.756958	-121.311134
3673.429871	-120.840950
3674.102783	-120.403145
3674.775696	-120.854141
3675.448608	-120.487602
3676.121521	-120.350670
3676.794434	-121.080788
3677.467346	-121.178307
3678.140259	-121.397713
3678.813171	-121.485893
3679.486084	-121.643387
3680.158997	-121.724739
3680.831909	-120.607307
3681.504822	-119.836586
3682.177734	-120.769783
3682.850647	-121.447983
3683.523560	-120.668762
3684.196472	-120.847740
3684.869385	-120.383835
3685.542297	-120.368988
3686.215210	-120.979843
3686.888123	-121.573997
3687.561035	-121.161209
3688.233948	-119.494835
3688.906860	-119.879044
3689.579773	-120.560448
3690.252686	-120.279022
3690.925598	-120.511368
3691.598511	-120.203857
3692.271423	-120.740532
3692.944336	-120.221169
3693.617249	-119.956619
3694.290161	-119.806267
3694.963074	-119.908279
3695.635986	-120.176338
3696.308899	-120.968361
3696.981812	-121.125488
3697.654724	-121.324287
3698.327637	-121.570274
3699.000549	-121.360413
3699.673462	-120.946922
3700.346375	-121.029633
3701.019287	-121.036079
3701.692200	-121.173019
3702.365112	-121.031754
3703.038025	-121.289391
3703.710938	-121.487762
3704.383850	-120.736038
3705.056763	-120.460785
3705.729675	-119.977722
3706.402588	-120.326942
3707.075500	-120.947617
3707.748413	-121.147697
3708.421326	-121.547554
3709.094238	-121.415077
3709.767151	-121.533966
3710.440063	-121.402016
3711.112976	-121.234100
3711.785889	-120.766014
3712.458801	-120.646301
3713.131714	-119.707848
3713.804626	-119.861694
3714.477539	-121.044937
3715.150452	-120.667320
3715.823364	-120.178215
3716.496277	-120.206482
3717.169189	-120.366455
3717.842102	-120.442184
3718.515015	-120.843536
3719.187927	-121.456367
3719.860840	-120.706299
3720.533752	-120.327080
3721.206665	-121.227821
3721.879578	-120.878014
3722.552490	-120.915657
3723.225403	-120.627220
3723.898315	-120.676170
3724.571228	-121.193741
3725.244141	-122.193382
3725.917053	-121.250305
3726.589966	-120.356621
3727.262878	-120.479095
3727.935791	-120.563751
3728.608704	-121.916786
3729.281616	-121.494972
3729.954529	-121.768265
3730.627441	-120.964737
3731.300354	-120.542992
3731.973267	-120.374382
3732.646179	-120.067406
3733.319092	-120.298874
3733.992004	-121.187233
3734.664917	-121.315666
3735.337830	-120.437439
3736.010742	-120.746475
3736.683655	-120.796455
3737.356567	-121.145050
3738.029480	-122.268829
3738.702393	-121.521904
3739.375305	-121.108620
3740.048218	-120.887726
3740.721130	-120.763466
3741.394043	-120.263824
3742.066956	-120.226791
3742.739868	-120.619904
3743.412781	-120.664413
3744.085693	-120.616035
3744.758606	-120.454674
3745.431519	-120.588837
3746.104431	-120.518570
3746.777344	-120.740692
3747.450256	-121.320709
3748.123169	-121.246704
3748.796082	-121.565605
3749.468994	-121.214149
3750.141907	-121.171196
3750.814819	-120.420937
3751.487732	-119.776878
3752.160645	-120.007515
3752.833557	-121.020866
3753.506470	-121.261719
3754.179382	-120.792389
3754.852295	-120.061111
3755.525208	-120.012367
3756.198120	-120.764923
3756.871033	-120.639107
3757.543945	-120.295387
3758.216858	-121.194809
3758.889771	-120.607323
3759.562683	-120.357719
3760.235596	-120.734604
3760.908508	-121.138344
3761.581421	-120.791962
3762.254333	-121.737770
3762.927246	-122.883270
3763.600159	-122.002190
3764.273071	-121.053680
3764.945984	-120.634834
3765.618896	-121.319519
3766.291809	-121.184624
3766.964722	-121.643692
3767.637634	-121.944595
3768.310547	-121.046158
3768.983459	-119.864838
3769.656372	-120.970131
3770.329285	-121.662712
3771.002197	-122.028244
3771.675110	-121.604538
3772.348022	-120.793747
3773.020935	-120.143608
3773.693848	-120.642342
3774.366760	-121.499908
3775.039673	-121.209229
3775.712585	-120.932564
3776.385498	-121.272583
3777.058411	-121.729820
3777.731323	-121.359947
3778.404236	-120.829201
3779.077148	-120.284485
3779.750061	-120.984169
3780.422974	-120.879646
3781.095886	-120.497147
3781.768799	-120.767609
3782.441711	-121.604622
3783.114624	-121.800209
3783.787537	-121.219917
3784.460449	-121.191475
3785.133362	-121.488167
3785.806274	-121.340729
3786.479187	-121.144310
3787.152100	-121.488083
3787.825012	-121.389374
3788.497925	-121.223640
3789.170837	-121.161568
3789.843750	-121.848793
3790.516663	-121.507820
3791.189575	-120.751198
3791.862488	-120.364105
3792.535400	-121.578918
3793.208313	-121.573776
3793.881226	-120.762535
3794.554138	-120.858360
3795.227051	-121.025406
3795.899963	-121.114716
3796.572876	-120.749130
3797.245789	-121.189667
3797.918701	-121.278259
3798.591614	-120.789795
3799.264526	-121.107986
3799.937439	-121.594688
3800.610352	-121.127289
3801.283264	-121.404892
3801.956177	-120.644829
3802.629089	-120.903908
3803.302002	-121.943855
3803.974915	-121.105637
3804.647827	-121.026093
3805.320740	-120.939041
3805.993652	-120.382324
3806.666565	-121.191666
3807.339478	-121.523476
3808.012390	-120.658798
3808.685303	-120.538124
3809.358215	-121.575272
3810.031128	-120.617020
3810.704041	-120.322556
3811.376953	-120.818230
3812.049866	-121.365219
3812.722778	-120.917427
3813.395691	-121.147690
3814.068604	-121.474358
3814.741516	-121.156136
3815.414429	-121.049385
3816.087341	-120.944237
3816.760254	-121.487198
3817.433167	-121.948631
3818.106079	-120.876640
3818.778992	-121.080109
3819.451904	-120.781555
3820.124817	-121.055092
3820.797729	-122.227478
3821.470642	-121.419289
3822.143555	-120.490700
3822.816467	-120.077087
3823.489380	-121.059319
3824.162292	-122.078423
3824.835205	-121.479652
3825.508118	-121.053436
3826.181030	-120.594711
3826.853943	-120.447075
3827.526855	-121.041435
3828.199768	-120.868370
3828.872681	-121.382805
3829.545593	-120.930412
3830.218506	-120.256668
3830.891418	-121.092484
3831.564331	-120.456062
3832.237244	-120.594170
3832.910156	-120.917046
3833.583069	-121.136841
3834.255981	-121.419830
3834.928894	-121.544006
3835.601807	-121.417839
3836.274719	-121.735062
3836.947632	-120.915680
3837.620544	-120.333412
3838.293457	-120.583107
3838.966370	-121.173851
3839.639282	-121.880470
3840.312195	-121.313286
3840.985107	-121.412643
3841.658020	-121.509399
3842.330933	-121.466576
3843.003845	-121.328087
3843.676758	-121.622162
3844.349670	-121.448753
3845.022583	-121.420227
3845.695496	-122.393295
3846.368408	-120.896027
3847.041321	-121.749771
3847.714233	-121.990677
3848.387146	-121.414970
3849.060059	-121.078949
3849.732971	-121.039490
3850.405884	-121.857285
3851.078796	-121.994026
3851.751709	-121.571770
3852.424622	-121.470741
3853.097534	-120.936836
3853.770447	-121.015732
3854.443359	-121.257729
3855.116272	-121.154884
3855.789185	-121.108475
3856.462097	-120.805183
3857.135010	-121.035698
3857.807922	-121.755615
3858.480835	-122.199745
3859.153748	-122.110062
3859.826660	-121.706337
3860.499573	-121.752350
3861.172485	-121.717415
3861.845398	-121.105202
3862.518311	-120.783203
3863.191223	-120.794250
3863.864136	-121.175873
3864.537048	-121.427856
3865.209961	-121.536331
3865.882874	-120.642754
3866.555786	-121.435417
3867.228699	-121.822449
3867.901611	-121.761169
3868.574524	-120.865677
3869.247437	-121.035683
3869.920349	-121.448479
3870.593262	-121.270866
3871.266174	-121.540749
3871.939087	-121.466988
3872.612000	-121.561630
3873.284912	-120.922340
3873.957825	-120.685410
3874.630737	-120.455505
3875.303650	-120.863289
3875.976562	-121.503029
3876.649475	-121.849831
3877.322388	-121.549294
3877.995300	-121.467369
3878.668213	-121.033333
3879.341125	-120.369164
3880.014038	-120.296455
3880.686951	-120.610481
3881.359863	-121.002167
3882.032776	-120.515724
3882.705688	-121.965096
3883.378601	-121.343781
3884.051514	-121.038429
3884.724426	-121.218330
3885.397339	-121.183609
3886.070251	-121.517052
3886.743164	-121.853119
3887.416077	-121.100235
3888.088989	-121.350540
3888.761902	-121.221619
3889.434814	-121.788277
3890.107727	-122.400146
3890.780640	-121.403801
3891.453552	-121.553543
3892.126465	-122.398216
3892.799377	-121.552147
3893.472290	-121.290184
3894.145203	-122.096695
3894.818115	-122.524010
3895.491028	-122.141129
3896.163940	-122.051285
3896.836853	-121.618034
3897.509766	-121.139671
3898.182678	-121.106064
3898.855591	-121.181389
3899.528503	-121.427139
3900.201416	-121.376892
3900.874329	-120.939705
3901.547241	-120.830437
3902.220154	-121.265785
3902.893066	-121.297188
3903.565979	-121.059441
3904.238892	-121.081390
3904.911804	-121.659279
3905.584717	-121.497284
3906.257629	-121.652695
3906.930542	-121.675941
3907.603455	-121.341255
3908.276367	-121.141808
3908.949280	-121.190720
3909.622192	-120.790924
3910.295105	-121.050613
3910.968018	-121.339478
3911.640930	-120.897057
3912.313843	-121.166122
3912.986755	-121.982132
3913.659668	-121.852982
3914.332581	-121.228645
3915.005493	-121.013130
3915.678406	-121.878784
3916.351318	-121.388626
3917.024231	-121.256340
3917.697144	-120.590813
3918.370056	-121.279335
3919.042969	-120.632278
3919.715881	-120.199623
3920.388794	-120.668701
3921.061707	-120.174583
3921.734619	-120.426613
3922.407532	-120.614952
3923.080444	-120.702316
3923.753357	-120.873749
3924.426270	-120.887062
3925.099182	-120.835327
3925.772095	-120.707870
3926.445007	-120.698105
3927.117920	-121.175735
3927.790833	-121.555923
3928.463745	-120.479866
3929.136658	-120.559319
3929.809570	-120.390717
3930.482483	-120.430832
3931.155396	-121.201447
3931.828308	-120.424873
3932.501221	-120.571625
3933.174133	-120.825920
3933.847046	-120.928101
3934.519958	-120.630363
3935.192871	-120.654388
3935.865784	-121.213478
3936.538696	-120.945442
3937.211609	-121.252708
3937.884521	-121.575455
3938.557434	-121.327019
3939.230347	-122.058502
3939.903259	-121.556656
3940.576172	-120.701714
3941.249084	-120.386757
3941.921997	-120.426361
3942.594910	-121.285904
3943.267822	-121.263840
3943.940735	-121.106995
3944.613647	-121.232277
3945.286560	-120.519501
3945.959473	-121.011665
3946.632385	-120.861565
3947.305298	-121.160164
3947.978210	-121.352882
3948.651123	-121.852310
3949.324036	-121.044441
3949.996948	-121.099449
3950.669861	-121.114136
3951.342773	-121.124626
3952.015686	-121.422348
3952.688599	-122.250755
3953.361511	-122.034149
3954.034424	-120.829529
3954.707336	-121.183472
3955.380249	-122.178040
3956.053162	-121.737000
3956.726074	-120.545578
3957.398987	-120.569801
3958.071899	-120.906647
3958.744812	-120.961685
3959.417725	-121.221176
3960.090637	-121.053612
3960.763550	-121.248123
3961.436462	-121.915169
3962.109375	-121.965385
3962.782288	-121.932007
3963.455200	-121.785744
3964.128113	-121.335609
3964.801025	-122.059196
3965.473938	-121.329529
3966.146851	-121.133751
3966.819763	-121.586273
3967.492676	-121.151543
3968.165588	-121.264214
3968.838501	-121.182503
3969.511414	-122.082977
3970.184326	-122.279579
3970.857239	-120.784218
3971.530151	-120.797142
3972.203064	-121.384857
3972.875977	-121.388832
3973.548889	-121.329277
3974.221802	-121.871750
3974.894714	-121.728485
3975.567627	-120.354149
3976.240540	-120.805969
3976.913452	-121.506020
3977.586365	-121.372429
3978.259277	-121.257195
3978.932190	-121.417305
3979.605103	-121.172028
3980.278015	-121.462502
3980.950928	-121.567390
3981.623840	-120.738754
3982.296753	-120.456543
3982.969666	-119.328682
3983.642578	-120.384964
3984.315491	-121.157623
3984.988403	-120.201569
3985.661316	-120.622589
3986.334229	-121.455734
3987.007141	-120.758034
3987.680054	-120.690918
3988.352966	-121.395348
3989.025879	-120.619537
3989.698792	-120.269310
3990.371704	-122.204315
3991.044617	-121.594849
3991.717529	-121.560394
3992.390442	-121.081261
3993.063354	-120.492996
3993.736267	-120.416298
3994.409180	-121.254807
3995.082092	-121.753410
3995.755005	-121.191093
3996.427917	-120.961433
3997.100830	-121.475098
3997.773743	-120.839043
3998.446655	-120.387817
3999.119568	-121.226326
3999.792480	-121.573135
4000.465393	-121.072227
4001.138306	-121.707054
4001.811218	-122.050957
4002.484131	-121.462074
4003.157043	-121.621910
4003.829956	-121.774422
4004.502869	-120.780014
4005.175781	-120.697510
4005.848694	-120.846481
4006.521606	-120.554115
4007.194519	-120.449585
4007.867432	-120.567467
4008.540344	-119.935028
4009.213257	-120.488678
4009.886169	-121.429207
4010.559082	-121.304367
4011.231995	-121.015869
4011.904907	-121.135986
4012.577820	-121.822220
4013.250732	-121.369080
4013.923645	-121.523903
4014.596558	-121.165474
4015.269470	-121.053154
4015.942383	-120.399712
4016.615295	-121.081192
4017.288208	-121.874825
4017.961121	-122.293236
4018.634033	-121.038246
4019.306946	-121.443306
4019.979858	-121.375908
4020.652771	-121.716301
4021.325684	-122.401253
4021.998596	-121.632637
4022.671509	-121.316544
4023.344421	-122.174194
4024.017334	-122.153526
4024.690247	-121.295021
4025.363159	-121.321999
4026.036072	-121.224419
4026.708984	-121.514412
4027.381897	-121.233749
4028.054810	-121.663475
4028.727722	-122.039124
4029.400635	-121.131889
4030.073547	-120.820923
4030.746460	-120.940788
4031.419373	-120.836571
4032.092285	-121.769356
4032.765198	-122.102196
4033.438110	-121.263359
4034.111023	-120.814514
4034.783936	-120.844933
4035.456848	-121.313004
4036.129761	-121.761696
4036.802673	-121.340042
4037.475586	-120.391273
4038.148499	-120.602280
4038.821411	-121.039627
4039.494324	-121.821617
4040.167236	-121.378067
4040.840149	-119.963539
4041.513062	-119.657074
4042.185974	-120.213402
4042.858887	-120.540993
4043.531799	-120.503410
4044.204712	-120.849808
4044.877625	-121.457413
4045.550537	-120.947647
4046.223450	-120.679398
4046.896362	-120.677269
4047.569275	-121.380920
4048.242188	-120.782059
4048.915100	-120.766685
4049.588013	-120.880867
4050.260925	-121.154678
4050.933838	-121.438324
4051.606750	-120.493462
4052.279663	-120.860374
4052.952576	-121.264580
4053.625488	-121.185730
4054.298401	-120.386162
4054.971313	-120.375374
4055.644226	-120.413979
4056.317139	-121.310356
4056.990051	-121.126862
4057.662964	-121.851700
4058.335876	-120.510124
4059.008789	-121.046654
4059.681702	-121.871391
4060.354614	-121.404518
4061.027527	-121.400230
4061.700439	-120.988838
4062.373352	-121.223831
4063.046265	-121.233452
4063.719177	-121.543869
4064.392090	-121.523903
4065.065002	-121.350357
4065.737915	-121.703087
4066.410828	-120.296936
4067.083740	-121.209259
4067.756653	-121.840668
4068.429565	-120.713989
4069.102478	-120.773064
4069.775391	-121.760353
4070.448303	-121.437782
4071.121216	-121.914604
4071.794128	-122.469536
4072.467041	-121.105812
4073.139954	-120.675392
4073.812866	-121.035042
4074.485779	-122.228462
4075.158691	-121.575562
4075.831604	-120.825546
4076.504517	-120.840042
4077.177429	-121.026115
4077.850342	-121.341454
4078.523254	-121.129776
4079.196167	-120.084465
4079.869080	-120.687820
4080.541992	-121.375427
4081.214905	-122.297791
4081.887817	-122.473198
4082.560730	-122.086189
4083.233643	-121.709343
4083.906555	-120.778381
4084.579468	-120.923630
4085.252380	-120.786453
4085.925293	-121.304634
4086.598206	-121.021118
4087.271118	-121.213654
4087.944031	-121.367233
4088.616943	-121.028397
4089.289856	-121.047440
4089.962769	-121.345734
4090.635681	-120.906227
4091.308594	-120.891434
4091.981506	-121.574089
4092.654419	-122.095886
4093.327332	-122.681900
4094.000244	-121.558830
4094.673157	-120.958961
4095.346069	-120.942390
4096.018982	-120.391739
4096.691895	-121.378227
4097.364807	-121.238708
4098.037720	-120.757538
4098.710632	-121.040848
4099.383545	-121.508133
4100.056458	-121.602646
4100.729370	-121.328987
4101.402283	-120.548698
4102.075195	-121.782555
4102.748108	-121.512093
4103.421021	-121.608833
4104.093933	-122.319641
4104.766846	-121.492371
4105.439758	-121.707397
4106.112671	-121.368866
4106.785583	-121.082611
4107.458496	-120.885895
4108.131409	-120.669502
4108.804321	-120.582367
4109.477234	-121.029099
4110.150146	-121.481941
4110.823059	-121.062683
4111.495972	-120.672134
4112.168884	-121.364731
4112.841797	-122.401772
4113.514709	-121.518364
4114.187622	-121.401199
4114.860535	-121.038673
4115.533447	-121.134972
4116.206360	-121.234978
4116.879272	-121.561409
4117.552185	-121.097855
4118.225098	-121.439720
4118.898010	-121.781433
4119.570923	-121.377899
4120.243835	-120.585442
4120.916748	-121.014442
4121.589661	-121.568062
4122.262573	-120.866806
4122.935486	-120.790100
4123.608398	-120.506363
4124.281311	-121.177704
4124.954224	-121.396461
4125.627136	-121.395645
4126.300049	-121.448845
4126.972961	-120.667839
4127.645874	-121.239967
4128.318787	-121.614517
4128.991699	-121.440430
4129.664612	-121.425446
4130.337524	-120.897064
4131.010437	-121.517326
4131.683350	-121.603485
4132.356262	-121.682709
4133.029175	-120.859993
4133.702087	-121.222511
4134.375000	-120.875443
4135.047913	-120.933754
4135.720825	-120.655769
4136.393738	-121.110413
4137.066650	-121.803070
4137.739563	-121.398376
4138.412476	-121.414856
4139.085388	-121.450851
4139.758301	-121.407440
4140.431213	-121.304832
4141.104126	-121.850937
4141.777039	-122.347031
4142.449951	-121.047340
4143.122864	-120.450005
4143.795776	-121.057365
4144.468689	-121.574341
4145.141602	-122.755280
4145.814514	-122.285027
4146.487427	-121.640320
4147.160339	-122.071342
4147.833252	-122.475021
4148.506165	-120.843102
4149.179077	-120.743111
4149.851990	-121.813568
4150.524902	-121.337761
4151.197815	-121.282341
4151.870728	-121.374283
4152.543640	-121.963379
4153.216553	-122.212875
4153.889465	-120.969437
4154.562378	-120.554451
4155.235291	-120.991829
4155.908203	-121.410820
4156.581116	-121.763618
4157.254028	-122.035591
4157.926941	-121.181961
4158.599854	-121.066704
4159.272766	-121.936226
4159.945679	-121.286758
4160.618591	-121.500412
4161.291504	-122.208313
4161.964417	-121.764374
4162.637329	-120.792488
4163.310242	-121.152817
4163.983154	-120.612450
4164.656067	-120.894852
4165.328979	-121.486069
4166.001892	-121.806847
4166.674805	-120.398468
4167.347717	-120.703682
4168.020630	-121.561401
4168.693542	-121.148964
4169.366455	-120.597221
4170.039368	-121.129379
4170.712280	-121.767082
4171.385193	-121.707520
4172.058105	-121.935043
4172.731018	-121.897064
4173.403931	-121.275749
4174.076843	-121.010216
4174.749756	-120.719513
4175.422668	-120.289200
4176.095581	-121.176765
4176.768494	-120.211540
4177.441406	-120.912239
4178.114319	-121.183296
4178.787231	-121.310539
4179.460144	-121.092415
4180.133057	-120.283104
4180.805969	-121.143539
4181.478882	-121.524582
4182.151794	-120.833824
4182.824707	-120.919655
4183.497620	-120.686836
4184.170532	-120.915474
4184.843445	-122.059273
4185.516357	-122.164604
4186.189270	-121.981079
4186.862183	-122.191223
4187.535095	-122.543724
4188.208008	-122.732910
4188.880920	-122.451118
4189.553833	-120.911362
4190.226746	-120.759956
4190.899658	-121.646461
4191.572571	-121.031441
4192.245483	-121.836433
4192.918396	-122.274261
4193.591309	-121.543304
4194.264221	-120.838989
4194.937134	-121.010490
4195.610046	-121.302338
4196.282959	-121.756462
4196.955872	-121.376839
4197.628784	-121.596291
4198.301697	-121.143860
4198.974609	-121.978592
4199.647522	-121.463211
4200.320435	-121.684456
4200.993347	-122.826256
4201.666260	-121.637939
4202.339172	-121.324852
4203.012085	-120.749916
4203.684998	-120.766457
4204.357910	-121.689133
4205.030823	-121.271866
4205.703735	-120.945396
4206.376648	-121.239746
4207.049561	-122.198166
4207.722473	-120.691887
4208.395386	-121.243057
4209.068298	-122.350990
4209.741211	-121.474983
4210.414124	-121.244720
4211.087036	-121.663200
4211.759949	-121.185669
4212.432861	-120.895775
4213.105774	-120.476532
4213.778687	-120.464699
4214.451599	-120.403107
4215.124512	-121.430992
4215.797424	-121.234207
4216.470337	-121.205124
4217.143250	-120.559128
4217.816162	-120.416481
4218.489075	-120.946457
4219.161987	-121.936523
4219.834900	-121.734695
4220.507812	-121.575218
4221.180725	-120.823189
4221.853638	-120.362648
4222.526550	-121.210999
4223.199463	-121.285751
4223.872375	-120.256744
4224.545288	-120.359917
4225.218201	-120.841522
4225.891113	-121.631424
4226.564026	-121.733521
4227.236938	-121.019936
4227.909851	-120.953423
4228.582764	-120.898582
4229.255676	-120.738144
4229.928589	-121.913795
4230.601501	-121.424469
4231.274414	-121.348122
4231.947327	-121.073242
4232.620239	-121.139206
4233.293152	-121.432068
4233.966064	-121.150688
4234.638977	-121.163216
4235.311890	-120.935753
4235.984802	-121.306602
4236.657715	-121.793594
4237.330627	-122.266525
4238.003540	-120.754036
4238.676453	-120.731400
4239.349365	-121.178009
4240.022278	-121.235062
4240.695190	-120.781212
4241.368103	-121.450462
4242.041016	-122.282112
4242.713928	-121.435951
4243.386841	-121.068245
4244.059753	-121.181381
4244.732666	-121.100723
4245.405579	-121.047043
4246.078491	-121.163467
4246.751404	-121.184738
4247.424316	-121.320564
4248.097229	-121.610374
4248.770142	-120.700668
4249.443054	-120.721718
4250.115967	-121.320961
4250.788879	-122.134758
4251.461792	-121.443916
4252.134705	-120.973434
4252.807617	-120.649284
4253.480530	-121.073921
4254.153442	-121.352501
4254.826355	-120.946495
4255.499268	-120.757545
4256.172180	-121.002281
4256.845093	-121.042427
4257.518005	-120.727531
4258.190918	-120.809662
4258.863831	-121.342926
4259.536743	-121.437439
4260.209656	-121.889305
4260.882568	-121.547272
4261.555481	-120.766914
4262.228394	-120.968544
4262.901306	-121.468422
4263.574219	-121.453735
4264.247131	-121.298050
4264.920044	-121.066002
4265.592957	-121.587944
4266.265869	-121.001678
4266.938782	-121.410828
4267.611694	-121.336723
4268.284607	-121.081261
4268.957520	-121.274567
4269.630432	-122.133537
4270.303345	-121.254601
4270.976257	-121.266159
4271.649170	-120.595047
4272.322083	-121.323143
4272.994995	-121.804260
4273.667908	-121.783363
4274.340820	-121.045410
4275.013733	-122.007225
4275.686646	-122.423096
4276.359558	-121.646652
4277.032471	-121.270897
4277.705383	-122.279663
4278.378296	-121.619835
4279.051208	-121.282631
4279.724121	-121.737190
4280.397034	-121.754044
4281.069946	-121.460060
4281.742859	-120.988548
4282.415771	-121.134750
4283.088684	-121.628326
4283.761597	-122.002060
4284.434509	-121.922913
4285.107422	-122.549179
4285.780334	-122.227562
4286.453247	-122.248199
4287.126160	-122.522751
4287.799072	-121.474861
4288.471985	-121.553497
4289.144897	-122.064529
4289.817810	-122.335838
4290.490723	-121.395142
4291.163635	-121.880173
4291.836548	-122.217827
4292.509460	-120.875916
4293.182373	-121.206108
4293.855286	-122.062500
4294.528198	-122.150131
4295.201111	-121.270569
4295.874023	-121.657227
4296.546936	-122.467247
4297.219849	-122.140984
4297.892761	-122.719887
4298.565674	-121.761429
4299.238586	-120.785316
4299.911499	-121.499359
4300.584412	-121.732857
4301.257324	-120.950401
4301.930237	-122.168991
4302.603149	-122.239410
4303.276062	-121.004807
4303.948975	-120.927010
4304.621887	-119.940689
4305.294800	-120.235321
4305.967712	-120.454109
4306.640625	-120.744301
4307.313538	-121.028404
4307.986450	-120.631744
4308.659363	-120.469261
4309.332275	-120.951157
4310.005188	-121.269745
4310.678101	-121.254318
4311.351013	-121.541344
4312.023926	-121.522789
4312.696838	-121.002197
4313.369751	-120.598518
4314.042664	-121.479706
4314.715576	-121.590202
4315.388489	-120.864365
4316.061401	-120.702896
4316.734314	-120.823090
4317.407227	-120.746918
4318.080139	-120.861084
4318.753052	-121.734436
4319.425964	-121.781250
4320.098877	-121.690994
4320.771790	-122.326729
4321.444702	-122.041092
4322.117615	-122.153343
4322.790527	-122.538940
4323.463440	-122.658028
4324.136353	-122.497704
4324.809265	-121.056778
4325.482178	-120.716972
4326.155090	-121.323334
4326.828003	-122.177994
4327.500916	-121.818703
4328.173828	-120.638191
4328.846741	-120.824394
4329.519653	-121.596046
4330.192566	-122.223053
4330.865479	-122.869240
4331.538391	-122.318291
4332.211304	-121.926491
4332.884216	-121.479347
4333.557129	-121.774536
4334.230042	-122.550247
4334.902954	-122.737450
4335.575867	-122.257355
4336.248779	-122.015083
4336.921692	-121.803307
4337.594604	-121.837227
4338.267517	-122.036484
4338.940430	-122.158577
4339.613342	-122.034447
4340.286255	-121.130798
4340.959167	-121.360344
4341.632080	-121.881065
4342.304993	-121.334114
4342.977905	-121.247459
4343.650818	-121.875595
4344.323730	-122.500961
4344.996643	-121.917725
4345.669556	-121.225349
4346.342468	-121.823708
4347.015381	-121.504646
4347.688293	-121.481880
4348.361206	-121.502991
4349.034119	-121.017418
4349.707031	-120.978050
4350.379944	-120.966805
4351.052856	-120.689217
4351.725769	-119.973831
4352.398682	-121.197792
4353.071594	-122.474724
4353.744507	-121.736397
4354.417419	-120.772980
4355.090332	-121.468781
4355.763245	-122.073189
4356.436157	-121.599442
4357.109070	-121.721550
4357.781982	-122.074936
4358.454895	-121.429932
4359.127808	-121.097084
4359.800720	-121.385094
4360.473633	-122.393463
4361.146545	-121.600449
4361.819458	-120.910515
4362.492371	-121.987961
4363.165283	-122.081215
4363.838196	-121.037460
4364.511108	-120.699631
4365.184021	-121.177528
4365.856934	-122.050644
4366.529846	-122.108238
4367.202759	-122.040833
4367.875671	-121.861137
4368.548584	-121.648376
4369.221497	-121.456810
4369.894409	-121.884338
4370.567322	-121.935966
4371.240234	-122.219597
4371.913147	-120.643097
4372.586060	-120.625275
4373.258972	-120.840218
4373.931885	-120.978416
4374.604797	-121.064682
4375.277710	-121.205963
4375.950623	-121.634377
4376.623535	-120.770317
4377.296448	-121.644760
4377.969360	-121.380615
4378.642273	-121.684853
4379.315186	-121.305359
4379.988098	-121.060913
4380.661011	-121.713181
4381.333923	-120.934181
4382.006836	-121.262749
4382.679749	-121.422607
4383.352661	-121.643326
4384.025574	-121.487434
4384.698486	-121.372055
4385.371399	-121.213272
4386.044312	-121.223343
4386.717224	-120.713493
4387.390137	-119.889061
4388.063049	-120.150421
4388.735962	-120.249680
4389.408875	-121.911400
4390.081787	-122.103210
4390.754700	-121.147217
4391.427612	-120.981308
4392.100525	-121.619652
4392.773438	-122.741516
4393.446350	-122.565887
4394.119263	-121.505363
4394.792175	-121.156296
4395.465088	-121.732315
4396.138000	-121.681419
4396.810913	-121.378357
4397.483826	-121.087868
4398.156738	-121.084091
4398.829651	-121.497398
4399.502563	-121.454086
4400.175476	-121.178421
4400.848389	-121.679680
4401.521301	-121.558609
4402.194214	-122.123863
4402.867126	-121.876915
4403.540039	-121.099838
4404.212952	-121.337578
4404.885864	-121.648460
4405.558777	-122.156906
4406.231689	-120.914856
4406.904602	-120.585236
4407.577515	-120.768082
4408.250427	-121.252678
4408.923340	-121.297882
4409.596252	-121.301033
4410.269165	-120.934029
4410.942078	-121.486763
4411.614990	-120.718498
4412.287903	-121.033493
4412.960815	-121.374855
4413.633728	-122.061241
4414.306641	-121.923317
4414.979553	-122.547821
4415.652466	-122.320831
4416.325378	-121.789352
4416.998291	-120.857712
4417.671204	-120.522179
4418.344116	-121.407700
4419.017029	-121.403137
4419.689941	-120.690231
4420.362854	-120.704155
4421.035767	-121.195969
4421.708679	-120.764290
4422.381592	-121.201721
4423.054504	-121.413757
4423.727417	-121.235420
4424.400330	-120.961517
4425.073242	-121.545387
4425.746155	-121.852600
4426.419067	-121.837479
4427.091980	-121.348228
4427.764893	-120.723892
4428.437805	-122.283791
4429.110718	-122.068459
4429.783630	-121.273132
4430.456543	-121.601051
4431.129456	-121.943802
4431.802368	-121.328827
4432.475281	-121.221542
4433.148193	-120.819565
4433.821106	-121.143936
4434.494019	-121.124565
4435.166931	-121.257446
4435.839844	-121.275742
4436.512756	-121.442612
4437.185669	-121.220245
4437.858582	-121.310402
4438.531494	-121.939247
4439.204407	-122.542084
4439.877319	-121.045563
4440.550232	-121.860107
4441.223145	-121.332634
4441.896057	-121.608658
4442.568970	-121.627876
4443.241882	-121.499992
4443.914795	-121.397133
4444.587708	-121.034187
4445.260620	-121.431648
4445.933533	-121.296494
4446.606445	-121.205482
4447.279358	-121.177971
4447.952271	-121.916275
4448.625183	-122.228027
4449.298096	-122.292198
4449.971008	-121.437057
4450.643921	-121.150574
4451.316833	-121.803917
4451.989746	-121.853226
4452.662659	-121.318024
4453.335571	-121.557564
4454.008484	-121.133125
4454.681396	-120.602615
4455.354309	-120.444252
4456.027222	-121.137375
4456.700134	-122.396996
4457.373047	-122.685631
4458.045959	-121.799385
4458.718872	-121.444427
4459.391785	-121.422493
4460.064697	-122.032524
4460.737610	-122.348854
4461.410522	-122.090950
4462.083435	-122.412354
4462.756348	-122.147789
4463.429260	-121.521675
4464.102173	-121.055923
4464.775085	-120.965965
4465.447998	-121.749809
4466.120911	-121.797104
4466.793823	-122.021370
4467.466736	-122.137917
4468.139648	-121.911896
4468.812561	-121.775383
4469.485474	-121.011597
4470.158386	-120.841110
4470.831299	-121.738586
4471.504211	-121.019005
4472.177124	-120.978180
4472.850037	-121.156448
4473.522949	-121.374756
4474.195862	-121.181213
4474.868774	-121.368263
4475.541687	-122.180481
4476.214600	-121.857407
4476.887512	-121.181717
4477.560425	-121.315193
4478.233337	-122.152916
4478.906250	-122.541687
4479.579163	-121.657463
4480.252075	-121.416588
4480.924988	-122.173706
4481.597900	-122.748070
4482.270813	-122.825027
4482.943726	-122.272064
4483.616638	-121.579582
4484.289551	-121.309196
4484.962463	-121.564163
4485.635376	-121.473129
4486.308289	-121.714775
4486.981201	-121.833572
4487.654114	-122.335907
4488.327026	-121.439735
4488.999939	-120.902382
4489.672852	-120.775391
4490.345764	-120.915947
4491.018677	-120.886978
4491.691589	-121.358772
4492.364502	-121.565521
4493.037415	-121.331360
4493.710327	-121.207062
4494.383240	-121.481903
4495.056152	-121.483871
4495.729065	-121.169868
4496.401978	-121.605698
4497.074890	-121.664581
4497.747803	-121.502708
4498.420715	-120.716759
4499.093628	-120.772087
4499.766541	-122.157822
4500.439453	-122.478027
4501.112366	-121.747581
4501.785278	-121.904739
4502.458191	-122.176056
4503.131104	-122.190887
4503.804016	-121.855461
4504.476929	-122.295471
4505.149841	-121.811592
4505.822754	-122.151756
4506.495667	-121.799561
4507.168579	-121.882057
4507.841492	-122.402657
4508.514404	-122.137566
4509.187317	-121.936073
4509.860229	-122.066338
4510.533142	-121.336838
4511.206055	-121.272888
4511.878967	-121.661812
4512.551880	-121.363655
4513.224792	-121.467010
4513.897705	-121.409439
4514.570618	-121.434715
4515.243530	-121.431664
4515.916443	-121.355827
4516.589355	-122.280815
4517.262268	-121.930275
4517.935181	-122.110886
4518.608093	-122.296532
4519.281006	-122.682671
4519.953918	-122.333046
4520.626831	-121.636749
4521.299744	-121.442802
4521.972656	-121.189941
4522.645569	-120.592026
4523.318481	-121.068626
4523.991394	-121.081116
4524.664307	-120.860435
4525.337219	-120.852493
4526.010132	-120.906853
4526.683044	-121.291595
4527.355957	-121.540390
4528.028870	-121.098297
4528.701782	-120.927544
4529.374695	-120.975662
4530.047607	-121.700974
4530.720520	-121.999214
4531.393433	-122.827850
4532.066345	-121.957161
4532.739258	-120.995628
4533.412170	-121.186684
4534.085083	-120.931351
4534.757996	-120.571434
4535.430908	-120.597549
4536.103821	-121.432030
4536.776733	-122.727936
4537.449646	-121.548248
4538.122559	-122.008415
4538.795471	-121.669853
4539.468384	-121.372162
4540.141296	-121.395767
4540.814209	-121.179817
4541.487122	-122.265160
4542.160034	-123.070877
4542.832947	-122.480576
4543.505859	-121.019455
4544.178772	-121.410469
4544.851685	-122.314888
4545.524597	-121.269608
4546.197510	-120.062622
4546.870422	-120.777290
4547.543335	-122.269356
4548.216248	-122.296539
4548.889160	-121.262169
4549.562073	-121.637260
4550.234985	-122.195740
4550.907898	-121.907646
4551.580811	-122.151848
4552.253723	-121.998146
4552.926636	-122.381798
4553.599548	-122.263840
4554.272461	-121.961006
4554.945374	-121.849899
4555.618286	-121.732758
4556.291199	-121.271767
4556.964111	-121.627678
4557.637024	-121.674011
4558.309937	-121.523453
4558.982849	-121.889977
4559.655762	-121.815300
4560.328674	-121.603416
4561.001587	-121.931541
4561.674500	-121.226761
4562.347412	-121.310066
4563.020325	-121.618912
4563.693237	-121.298714
4564.366150	-120.602791
4565.039062	-120.714737
4565.711975	-121.699234
4566.384888	-120.889999
4567.057800	-121.114700
4567.730713	-121.578056
4568.403625	-121.420280
4569.076538	-121.605827
4569.749451	-121.591797
4570.422363	-121.506248
4571.095276	-121.463310
4571.768188	-121.766335
4572.441101	-121.418083
4573.114014	-121.042191
4573.786926	-121.930595
4574.459839	-121.266815
4575.132751	-121.733597
4575.805664	-122.219139
4576.478577	-122.066856
4577.151489	-122.320694
4577.824402	-122.108032
4578.497314	-121.188828
4579.170227	-121.178947
4579.843140	-122.085312
4580.516052	-122.307098
4581.188965	-122.073112
4581.861877	-121.280563
4582.534790	-121.533417
4583.207703	-121.480461
4583.880615	-120.937332
4584.553528	-120.844040
4585.226440	-120.603355
4585.899353	-120.920456
4586.572266	-122.117508
4587.245178	-122.587143
4587.918091	-121.806587
4588.591003	-121.385757
4589.263916	-121.738731
4589.936829	-121.794411
4590.609741	-122.059082
4591.282654	-121.886665
4591.955566	-121.847939
4592.628479	-121.685745
4593.301392	-121.852325
4593.974304	-121.255768
4594.647217	-121.844879
4595.320129	-122.359535
4595.993042	-121.275558
4596.665955	-121.130966
4597.338867	-121.925438
4598.011780	-121.855087
4598.684692	-121.614426
4599.357605	-120.953979
4600.030518	-121.054893
4600.703430	-121.252243
4601.376343	-121.379036
4602.049255	-121.571289
4602.722168	-121.741692
4603.395081	-121.563049
4604.067993	-121.147469
4604.740906	-121.132996
4605.413818	-121.369209
4606.086731	-121.776917
4606.759644	-121.938530
4607.432556	-121.517761
4608.105469	-121.433289
4608.778381	-122.034065
4609.451294	-122.251007
4610.124207	-122.890327
4610.797119	-122.391167
4611.470032	-121.332825
4612.142944	-121.874374
4612.815857	-121.469002
4613.488770	-121.773506
4614.161682	-121.080818
4614.834595	-121.302208
4615.507507	-121.792747
4616.180420	-121.789642
4616.853333	-121.664452
4617.526245	-121.456924
4618.199158	-122.178299
4618.872070	-121.403694
4619.544983	-120.571739
4620.217896	-121.106041
4620.890808	-121.084236
4621.563721	-121.672836
4622.236633	-122.142609
4622.909546	-121.488556
4623.582458	-121.776489
4624.255371	-121.876488
4624.928284	-121.516083
4625.601196	-121.991142
4626.274109	-122.125084
4626.947021	-121.942955
4627.619934	-121.536667
4628.292847	-121.768478
4628.965759	-121.758461
4629.638672	-121.115967
4630.311584	-121.346718
4630.984497	-122.674629
4631.657410	-121.793549
4632.330322	-121.990089
4633.003235	-121.850845
4633.676147	-121.166359
4634.349060	-121.907524
4635.021973	-121.426460
4635.694885	-121.512115
4636.367798	-122.287292
4637.040710	-121.377937
4637.713623	-121.646034
4638.386536	-121.288628
4639.059448	-120.708977
4639.732361	-121.657219
4640.405273	-121.691818
4641.078186	-121.351776
4641.751099	-121.427338
4642.424011	-121.337921
4643.096924	-121.414368
4643.769836	-121.195221
4644.442749	-121.325180
4645.115662	-122.132057
4645.788574	-121.734947
4646.461487	-121.376427
4647.134399	-121.298454
4647.807312	-122.040108
4648.480225	-122.270668
4649.153137	-121.945045
4649.826050	-121.415466
4650.498962	-120.205650
4651.171875	-120.315140
4651.844788	-121.742989
4652.517700	-122.329643
4653.190613	-121.800774
4653.863525	-121.188469
4654.536438	-121.384811
4655.209351	-121.457733
4655.882263	-121.848343
4656.555176	-120.707237
4657.228088	-120.821167
4657.901001	-120.764153
4658.573914	-121.463432
4659.246826	-121.992706
4659.919739	-122.330406
4660.592651	-121.694199
4661.265564	-121.665665
4661.938477	-120.824501
4662.611389	-121.468018
4663.284302	-120.769150
4663.957214	-120.795372
4664.630127	-121.119080
4665.303040	-120.922485
4665.975952	-121.697220
4666.648865	-121.282776
4667.321777	-121.457939
4667.994690	-121.773895
4668.667603	-121.871796
4669.340515	-122.107712
4670.013428	-122.215523
4670.686340	-121.871208
4671.359253	-121.747223
4672.032166	-121.054955
4672.705078	-121.305061
4673.377991	-121.590736
4674.050903	-121.958801
4674.723816	-122.648636
4675.396729	-121.324394
4676.069641	-121.423660
4676.742554	-121.965393
4677.415466	-121.837883
4678.088379	-121.023132
4678.761292	-121.146294
4679.434204	-122.356956
4680.107117	-122.932419
4680.780029	-122.077843
4681.452942	-122.311539
4682.125854	-122.565720
4682.798767	-121.829498
4683.471680	-121.390335
4684.144592	-121.219864
4684.817505	-121.504845
4685.490417	-120.415581
4686.163330	-121.312927
4686.836243	-122.122894
4687.509155	-122.021149
4688.182068	-121.587616
4688.854980	-121.678162
4689.527893	-121.672729
4690.200806	-122.193184
4690.873718	-121.262894
4691.546631	-121.528526
4692.219543	-121.521049
4692.892456	-120.915916
4693.565369	-121.588501
4694.238281	-121.635422
4694.911194	-121.343193
4695.584106	-121.874901
4696.257019	-122.080368
4696.929932	-122.516747
4697.602844	-121.510475
4698.275757	-121.523232
4698.948669	-121.464691
4699.621582	-121.471138
4700.294495	-121.289001
4700.967407	-121.680618
4701.640320	-121.704933
4702.313232	-120.627823
4702.986145	-121.153366
4703.659058	-121.798561
4704.331970	-121.216324
4705.004883	-121.915886
4705.677795	-121.205345
4706.350708	-121.203278
4707.023621	-121.422913
4707.696533	-121.722046
4708.369446	-121.728477
4709.042358	-121.466911
4709.715271	-121.581970
4710.388184	-122.540855
4711.061096	-121.690758
4711.734009	-120.750244
4712.406921	-120.949615
4713.079834	-121.559464
4713.752747	-120.744560
4714.425659	-121.829895
4715.098572	-122.435074
4715.771484	-121.881935
4716.444397	-121.778999
4717.117310	-121.456299
4717.790222	-121.469093
4718.463135	-121.638046
4719.136047	-122.269913
4719.808960	-121.446106
4720.481873	-121.488136
4721.154785	-120.871101
4721.827698	-121.079803
4722.500610	-121.463203
4723.173523	-121.575554
4723.846436	-120.571541
4724.519348	-121.676079
4725.192261	-122.036720
4725.865173	-121.702866
4726.538086	-120.659584
4727.210999	-121.128479
4727.883911	-121.426865
4728.556824	-121.495544
4729.229736	-121.798698
4729.902649	-120.883560
4730.575562	-120.417839
4731.248474	-120.546150
4731.921387	-121.307381
4732.594299	-121.537544
4733.267212	-121.702217
4733.940125	-121.278511
4734.613037	-120.764626
4735.285950	-121.617950
4735.958862	-121.392319
4736.631775	-121.926804
4737.304688	-121.717171
4737.977600	-121.563217
4738.650513	-122.059296
4739.323425	-121.493736
4739.996338	-121.783333
4740.669250	-121.891098
4741.342163	-122.253036
4742.015076	-121.305626
4742.687988	-121.658691
4743.360901	-122.056183
4744.033813	-121.620399
4744.706726	-121.940643
4745.379639	-122.234909
4746.052551	-121.617249
4746.725464	-121.007263
4747.398376	-120.863953
4748.071289	-121.290001
4748.744202	-121.058098
4749.417114	-121.615677
4750.090027	-122.317657
4750.762939	-122.917091
4751.435852	-122.338898
4752.108765	-122.250679
4752.781677	-120.757652
4753.454590	-122.055008
4754.127502	-121.492264
4754.800415	-121.588814
4755.473328	-122.131142
4756.146240	-121.145996
4756.819153	-120.690613
4757.492065	-121.330452
4758.164978	-121.925926
4758.837891	-121.721596
4759.510803	-121.791977
4760.183716	-122.546066
4760.856628	-122.229019
4761.529541	-121.607552
4762.202454	-121.583046
4762.875366	-121.636505
4763.548279	-122.022865
4764.221191	-121.224037
4764.894104	-121.086922
4765.567017	-121.967926
4766.239929	-121.829849
4766.912842	-121.860130
4767.585754	-122.756821
4768.258667	-121.561562
4768.931580	-121.546257
4769.604492	-121.497269
4770.277405	-122.075317
4770.950317	-121.865799
4771.623230	-121.203072
4772.296143	-121.843773
4772.969055	-121.606232
4773.641968	-121.868103
4774.314880	-122.378899
4774.987793	-121.994019
4775.660706	-121.182373
4776.333618	-122.151764
4777.006531	-123.025185
4777.679443	-122.408447
4778.352356	-122.014656
4779.025269	-122.307350
4779.698181	-122.826973
4780.371094	-122.486382
4781.044006	-122.446960
4781.716919	-121.685722
4782.389832	-121.576210
4783.062744	-121.212517
4783.735657	-121.543098
4784.408569	-121.821175
4785.081482	-121.181648
4785.754395	-120.704277
4786.427307	-120.622925
4787.100220	-120.572021
4787.773132	-120.922539
4788.446045	-121.889153
4789.118958	-121.732864
4789.791870	-122.246658
4790.464783	-122.281029
4791.137695	-122.311485
4791.810608	-120.764290
4792.483521	-120.708527
4793.156433	-121.695160
4793.829346	-122.611595
4794.502258	-122.031265
4795.175171	-121.993179
4795.848083	-122.299911
4796.520996	-121.875679
4797.193909	-121.578011
4797.866821	-120.674355
4798.539734	-121.119621
4799.212646	-121.810410
4799.885559	-121.543976
4800.558472	-121.013031
4801.231384	-121.983246
4801.904297	-123.208817
4802.577209	-121.958237
4803.250122	-121.544067
4803.923035	-122.459038
4804.595947	-122.451561
4805.268860	-122.311989
4805.941772	-122.310516
4806.614685	-121.669289
4807.287598	-122.579300
4807.960510	-122.525520
4808.633423	-121.701530
4809.306335	-121.072998
4809.979248	-120.941925
4810.652161	-122.006134
4811.325073	-121.632019
4811.997986	-121.257278
4812.670898	-121.118401
4813.343811	-121.420097
4814.016724	-121.862495
4814.689636	-120.991051
4815.362549	-121.237343
4816.035461	-121.746284
4816.708374	-122.608246
4817.381287	-122.136833
4818.054199	-121.089005
4818.727112	-120.994804
4819.400024	-121.565628
4820.072937	-122.004631
4820.745850	-122.027245
4821.418762	-122.096779
4822.091675	-121.652260
4822.764587	-121.592239
4823.437500	-121.704979
4824.110413	-122.084633
4824.783325	-121.152100
4825.456238	-121.544617
4826.129150	-121.652817
4826.802063	-122.166313
4827.474976	-122.218544
4828.147888	-122.153046
4828.820801	-120.817879
4829.493713	-121.539955
4830.166626	-121.871857
4830.839539	-121.795883
4831.512451	-121.304932
4832.185364	-121.198982
4832.858276	-121.744759
4833.531189	-121.835793
4834.204102	-121.680908
4834.877014	-121.566597
4835.549927	-121.471268
4836.222839	-122.060059
4836.895752	-122.089607
4837.568665	-121.793106
4838.241577	-120.872292
4838.914490	-120.959267
4839.587402	-121.525085
4840.260315	-122.195015
4840.933228	-121.730370
4841.606140	-121.028824
4842.279053	-120.679054
4842.951965	-120.808571
4843.624878	-121.908470
4844.297791	-121.481277
4844.970703	-122.014488
4845.643616	-122.069557
4846.316528	-121.676704
4846.989441	-122.242737
4847.662354	-121.152718
4848.335266	-121.087746
4849.008179	-121.120705
4849.681091	-121.126694
4850.354004	-122.573143
4851.026917	-122.294815
4851.699829	-121.911018
4852.372742	-121.341835
4853.045654	-120.742638
4853.718567	-121.544968
4854.391479	-122.280685
4855.064392	-121.992363
4855.737305	-121.916679
4856.410217	-122.184906
4857.083130	-122.356812
4857.756042	-122.559433
4858.428955	-121.921135
4859.101868	-121.968369
4859.774780	-122.524200
4860.447693	-121.831017
4861.120605	-121.094048
4861.793518	-121.039391
4862.466431	-121.172646
4863.139343	-121.284508
4863.812256	-121.196754
4864.485168	-122.099304
4865.158081	-121.212402
4865.830994	-121.117981
4866.503906	-120.835861
4867.176819	-121.349174
4867.849731	-122.233688
4868.522644	-122.255005
4869.195557	-120.896011
4869.868469	-121.106232
4870.541382	-122.092621
4871.214294	-121.459106
4871.887207	-121.244804
4872.560120	-121.625427
4873.233032	-121.872086
4873.905945	-121.878807
4874.578857	-121.504974
4875.251770	-121.710365
4875.924683	-122.741600
4876.597595	-121.894272
4877.270508	-120.728317
4877.943420	-120.910904
4878.616333	-123.163643
4879.289246	-122.157715
4879.962158	-123.252136
4880.635071	-122.238464
4881.307983	-121.074249
4881.980896	-120.909180
4882.653809	-121.368340
4883.326721	-121.243027
4883.999634	-121.001472
4884.672546	-121.028580
4885.345459	-121.649193
4886.018372	-121.765228
4886.691284	-122.059296
4887.364197	-122.138054
4888.037109	-121.448898
4888.710022	-121.386513
4889.382935	-121.426971
4890.055847	-121.505653
4890.728760	-121.471336
4891.401672	-121.234169
4892.074585	-121.035851
4892.747498	-121.237274
4893.420410	-121.069916
4894.093323	-120.969658
4894.766235	-121.712151
4895.439148	-121.843597
4896.112061	-121.120201
4896.784973	-121.821838
4897.457886	-122.866493
4898.130798	-122.817497
4898.803711	-122.068100
4899.476624	-121.312859
4900.149536	-122.232147
4900.822449	-121.803398
4901.495361	-121.765572
4902.168274	-121.442070
4902.841187	-122.050980
4903.514099	-122.360764
4904.187012	-121.949722
4904.859924	-121.973328
4905.532837	-121.233017
4906.205750	-121.304733
4906.878662	-121.513435
4907.551575	-121.145561
4908.224487	-121.178619
4908.897400	-122.279785
4909.570312	-121.611076
4910.243225	-122.010338
4910.916138	-122.989525
4911.589050	-122.414680
4912.261963	-121.283134
4912.934875	-121.454567
4913.607788	-122.453445
4914.280701	-122.406723
4914.953613	-121.500847
4915.626526	-121.912521
4916.299438	-121.689171
4916.972351	-121.608788
4917.645264	-121.588699
4918.318176	-121.120880
4918.991089	-121.987770
4919.664001	-121.053024
4920.336914	-121.174232
4921.009827	-121.555779
4921.682739	-122.127060
4922.355652	-121.688820
4923.028564	-121.305939
4923.701477	-121.609787
4924.374390	-121.371620
4925.047302	-121.366226
4925.720215	-121.095116
4926.393127	-121.568260
4927.066040	-121.626221
4927.738953	-120.898773
4928.411865	-121.189835
4929.084778	-121.331192
4929.757690	-120.970314
4930.430603	-121.153694
4931.103516	-120.948372
4931.776428	-120.759544
4932.449341	-122.183571
4933.122253	-122.284531
4933.795166	-121.783974
4934.468079	-122.623344
4935.140991	-122.596619
4935.813904	-121.566475
4936.486816	-121.686150
4937.159729	-121.744789
4937.832642	-121.422562
4938.505554	-121.275215
4939.178467	-122.339569
4939.851379	-122.411331
4940.524292	-121.825935
4941.197205	-121.328941
4941.870117	-121.267853
4942.543030	-121.743683
4943.215942	-122.439728
4943.888855	-122.890472
4944.561768	-121.695404
4945.234680	-122.630707
4945.907593	-122.798737
4946.580505	-122.052025
4947.253418	-121.769775
4947.926331	-122.293831
4948.599243	-122.291603
4949.272156	-121.403786
4949.945068	-121.462784
4950.617981	-121.488029
4951.290894	-121.107567
4951.963806	-120.934433
4952.636719	-121.473915
4953.309631	-121.423347
4953.982544	-121.069588
4954.655457	-121.259949
4955.328369	-121.732811
4956.001282	-122.711746
4956.674194	-122.633469
4957.347107	-122.055023
4958.020020	-121.608650
4958.692932	-120.884338
4959.365845	-121.492661
4960.038757	-122.049828
4960.711670	-121.161552
4961.384583	-120.733665
4962.057495	-121.570244
4962.730408	-120.937943
4963.403320	-121.159554
4964.076233	-122.012558
4964.749146	-121.767845
4965.422058	-120.886452
4966.094971	-121.162842
4966.767883	-121.604698
4967.440796	-121.487984
4968.113708	-120.982872
4968.786621	-121.104332
4969.459534	-121.745644
4970.132446	-120.777473
4970.805359	-121.046524
4971.478271	-121.334641
4972.151184	-121.373062
4972.824097	-121.807556
4973.497009	-122.087646
4974.169922	-121.738518
4974.842834	-121.304314
4975.515747	-121.345634
4976.188660	-121.327438
4976.861572	-121.087692
4977.534485	-122.391014
4978.207397	-122.148514
4978.880310	-122.031311
4979.553223	-122.931351
4980.226135	-121.902946
4980.899048	-121.048721
4981.571960	-120.488647
4982.244873	-120.565536
4982.917786	-121.551445
4983.590698	-122.078781
4984.263611	-121.352875
4984.936523	-121.048622
4985.609436	-121.923691
4986.282349	-122.172646
4986.955261	-121.853783
4987.628174	-121.811905
4988.301086	-122.646271
4988.973999	-122.254135
4989.646912	-121.651718
4990.319824	-121.428040
4990.992737	-121.661400
4991.665649	-121.960114
4992.338562	-122.399872
4993.011475	-122.118332
4993.684387	-122.051010
4994.357300	-122.070961
4995.030212	-121.744843
4995.703125	-121.379723
4996.376038	-121.117981
4997.048950	-121.366264
4997.721863	-121.609772
4998.394775	-121.833450
4999.067688	-120.887039
4999.740601	-120.911552
5000.413513	-120.879471
5001.086426	-121.078110
5001.759338	-121.258324
5002.432251	-121.320145
5003.105164	-121.224281
5003.778076	-121.595551
5004.450989	-121.738693
5005.123901	-121.432747
5005.796814	-121.698624
5006.469727	-122.198318
5007.142639	-122.670532
5007.815552	-122.928490
5008.488464	-122.727814
5009.161377	-123.211174
5009.834290	-122.439682
5010.507202	-122.192696
5011.180115	-121.673401
5011.853027	-121.609978
5012.525940	-121.371368
5013.198853	-121.980843
5013.871765	-121.743446
5014.544678	-121.138924
5015.217590	-122.031342
5015.890503	-121.965759
5016.563416	-121.424644
5017.236328	-120.885056
5017.909241	-121.052933
5018.582153	-121.709854
5019.255066	-122.051109
5019.927979	-121.566154
5020.600891	-122.559784
5021.273804	-121.914474
5021.946716	-121.126129
5022.619629	-122.030785
5023.292542	-121.751518
5023.965454	-122.019424
5024.638367	-121.955223
5025.311279	-121.673515
5025.984192	-121.134674
5026.657104	-121.870850
5027.330017	-122.062469
5028.002930	-121.843246
5028.675842	-122.457069
5029.348755	-121.952179
5030.021667	-121.929779
5030.694580	-122.130905
5031.367493	-122.444702
5032.040405	-123.586975
5032.713318	-122.408920
5033.386230	-121.886215
5034.059143	-121.429436
5034.732056	-122.048073
5035.404968	-121.540771
5036.077881	-122.014610
5036.750793	-122.225082
5037.423706	-122.398880
5038.096619	-121.777855
5038.769531	-122.127357
5039.442444	-121.480598
5040.115356	-120.489716
5040.788269	-121.106812
5041.461182	-120.706589
5042.134094	-121.716492
5042.807007	-122.339783
5043.479919	-122.158127
5044.152832	-121.635933
5044.825745	-122.457146
5045.498657	-122.248558
5046.171570	-122.308022
5046.844482	-121.651672
5047.517395	-121.612419
5048.190308	-121.965836
5048.863220	-121.813950
5049.536133	-121.516502
5050.209045	-122.408531
5050.881958	-122.086449
5051.554871	-122.450836
5052.227783	-122.938057
5052.900696	-121.970459
5053.573608	-121.191025
5054.246521	-121.423790
5054.919434	-121.715485
5055.592346	-122.283707
5056.265259	-121.681786
5056.938171	-121.331924
5057.611084	-121.365570
5058.283997	-121.740799
5058.956909	-121.316513
5059.629822	-121.473297
5060.302734	-120.912262
5060.975647	-120.661728
5061.648560	-121.577492
5062.321472	-122.712700
5062.994385	-121.925278
5063.667297	-121.902763
5064.340210	-121.324875
5065.013123	-121.781998
5065.686035	-122.540619
5066.358948	-121.581276
5067.031860	-121.725311
5067.704773	-120.963921
5068.377686	-120.946144
5069.050598	-121.655365
5069.723511	-122.408836
5070.396423	-122.098373
5071.069336	-121.879059
5071.742249	-121.889969
5072.415161	-121.633179
5073.088074	-122.102104
5073.760986	-121.065163
5074.433899	-120.717262
5075.106812	-121.343697
5075.779724	-120.742554
5076.452637	-120.891884
5077.125549	-121.038307
5077.798462	-121.566490
5078.471375	-122.581444
5079.144287	-122.249481
5079.817200	-121.780800
5080.490112	-121.584969
5081.163025	-121.520317
5081.835938	-121.188805
5082.508850	-121.560867
5083.181763	-121.864105
5083.854675	-122.258522
5084.527588	-121.995407
5085.200500	-122.337250
5085.873413	-122.214409
5086.546326	-122.525917
5087.219238	-122.150299
5087.892151	-121.462524
5088.565063	-121.200172
5089.237976	-121.134895
5089.910889	-122.594254
5090.583801	-122.736900
5091.256714	-121.558121
5091.929626	-122.003700
5092.602539	-121.725426
5093.275452	-122.114845
5093.948364	-122.064133
5094.621277	-121.144615
5095.294189	-121.217850
5095.967102	-121.033836
5096.640015	-121.319191
5097.312927	-121.589767
5097.985840	-120.914337
5098.658752	-121.222290
5099.331665	-121.589035
5100.004578	-122.331017
5100.677490	-122.141434
5101.350403	-121.742165
5102.023315	-122.349243
5102.696228	-122.390930
5103.369141	-121.509697
5104.042053	-121.715111
5104.714966	-121.788071
5105.387878	-121.217979
5106.060791	-120.732285
5106.733704	-121.570824
5107.406616	-121.210373
5108.079529	-121.314392
5108.752441	-121.461082
5109.425354	-121.403557
5110.098267	-121.194221
5110.771179	-121.951782
5111.444092	-122.183708
5112.117004	-122.344276
5112.789917	-121.818993
5113.462830	-121.453781
5114.135742	-121.396042
5114.808655	-121.207069
5115.481567	-121.474861
5116.154480	-122.000130
5116.827393	-121.423470
5117.500305	-121.404549
5118.173218	-121.650330
5118.846130	-121.681290
5119.519043	-121.674194
5120.191956	-121.382179
5120.864868	-122.033737
5121.537781	-122.437309
5122.210693	-121.922356
5122.883606	-121.799622
5123.556519	-121.991577
5124.229431	-122.447929
5124.902344	-123.369164
5125.575256	-122.942894
5126.248169	-122.198906
5126.921082	-121.261948
5127.593994	-120.848228
5128.266907	-121.515198
5128.939819	-122.178505
5129.612732	-122.312996
5130.285645	-121.960655
5130.958557	-121.426224
5131.631470	-121.211403
5132.304382	-121.565712
5132.977295	-121.730087
5133.650208	-121.421242
5134.323120	-121.755531
5134.996033	-122.442863
5135.668945	-121.309158
5136.341858	-121.867737
5137.014771	-121.923546
5137.687683	-121.374832
5138.360596	-120.868256
5139.033508	-120.628212
5139.706421	-120.970024
5140.379333	-121.462654
5141.052246	-121.971565
5141.725159	-121.486961
5142.398071	-121.363747
5143.070984	-122.192963
5143.743896	-122.185570
5144.416809	-122.309151
5145.089722	-123.749237
5145.762634	-122.680084
5146.435547	-121.504303
5147.108459	-120.523048
5147.781372	-120.797264
5148.454285	-122.424355
5149.127197	-122.200638
5149.800110	-122.387970
5150.473022	-121.157425
5151.145935	-122.073441
5151.818848	-121.820274
5152.491760	-121.743080
5153.164673	-121.598396
5153.837585	-122.522980
5154.510498	-122.913406
5155.183411	-122.413979
5155.856323	-121.613892
5156.529236	-121.920273
5157.202148	-121.853416
5157.875061	-121.438034
5158.547974	-121.238045
5159.220886	-121.168900
5159.893799	-121.717339
5160.566711	-122.139420
5161.239624	-122.588654
5161.912537	-122.622002
5162.585449	-121.782288
5163.258362	-121.187859
5163.931274	-121.661514
5164.604187	-121.615425
5165.277100	-121.259789
5165.950012	-121.161018
5166.622925	-121.260704
5167.295837	-121.756798
5167.968750	-121.295891
5168.641663	-121.432465
5169.314575	-122.457321
5169.987488	-122.078606
5170.660400	-121.980034
5171.333313	-121.802307
5172.006226	-122.003571
5172.679138	-121.811050
5173.352051	-121.824043
5174.024963	-121.384239
5174.697876	-120.946716
5175.370789	-120.871269
5176.043701	-121.257751
5176.716614	-121.170944
5177.389526	-122.277939
5178.062439	-122.021294
5178.735352	-121.422188
5179.408264	-120.879951
5180.081177	-121.348946
5180.754089	-121.587479
5181.427002	-122.124649
5182.099915	-121.996231
5182.772827	-122.540459
5183.445740	-122.397766
5184.118652	-120.755409
5184.791565	-120.792274
5185.464478	-121.811066
5186.137390	-122.022530
5186.810303	-121.919853
5187.483215	-121.595444
5188.156128	-122.306053
5188.829041	-121.538651
5189.501953	-121.837471
5190.174866	-121.999260
5190.847778	-121.799812
5191.520691	-121.854767
5192.193604	-122.631226
5192.866516	-122.679489
5193.539429	-121.948402
5194.212341	-123.033333
5194.885254	-122.064247
5195.558167	-121.624786
5196.231079	-121.739334
5196.903992	-121.408958
5197.576904	-121.082275
5198.249817	-121.356384
5198.922729	-121.306549
5199.595642	-121.187729
5200.268555	-121.765137
5200.941467	-120.667549
5201.614380	-121.212242
5202.287292	-121.584930
5202.960205	-122.511932
5203.633118	-122.262215
5204.306030	-121.608879
5204.978943	-121.236320
5205.651855	-120.790077
5206.324768	-121.380241
5206.997681	-121.353928
5207.670593	-121.918587
5208.343506	-122.598633
5209.016418	-121.994713
5209.689331	-121.319038
5210.362244	-122.022400
5211.035156	-121.791740
5211.708069	-121.443657
5212.380981	-121.122490
5213.053894	-121.305183
5213.726807	-121.573837
5214.399719	-121.298828
5215.072632	-122.007561
5215.745544	-121.704971
5216.418457	-121.596001
5217.091370	-121.350876
5217.764282	-121.883148
5218.437195	-122.425217
5219.110107	-122.191055
5219.783020	-120.789520
5220.455933	-120.866516
5221.128845	-121.885078
5221.801758	-122.798019
5222.474670	-121.985115
5223.147583	-121.233467
5223.820496	-121.106659
5224.493408	-121.136772
5225.166321	-120.769867
5225.839233	-121.543594
5226.512146	-122.099197
5227.185059	-122.604431
5227.857971	-121.385269
5228.530884	-121.463623
5229.203796	-121.494560
5229.876709	-120.988388
5230.549622	-121.770882
5231.222534	-121.568939
5231.895447	-121.192741
5232.568359	-121.402405
5233.241272	-121.848656
5233.914185	-121.984314
5234.587097	-121.884155
5235.260010	-122.339218
5235.932922	-121.958984
5236.605835	-122.082985
5237.278748	-121.900040
5237.951660	-121.578491
5238.624573	-120.876350
5239.297485	-121.348099
5239.970398	-121.960281
5240.643311	-121.083328
5241.316223	-121.789497
5241.989136	-121.498985
5242.662048	-121.585785
5243.334961	-121.626099
5244.007874	-121.575104
5244.680786	-121.967514
5245.353699	-121.760643
5246.026611	-121.398132
5246.699524	-121.852982
5247.372437	-122.617966
5248.045349	-122.427940
5248.718262	-122.775612
5249.391174	-122.806229
5250.064087	-122.127121
5250.737000	-121.828568
5251.409912	-121.894371
5252.082825	-122.728104
5252.755737	-121.462784
5253.428650	-121.871162
5254.101562	-122.537682
5254.774475	-121.591103
5255.447388	-121.338326
5256.120300	-121.233833
5256.793213	-121.051338
5257.466125	-120.882484
5258.139038	-121.756126
5258.811951	-121.658951
5259.484863	-121.969238
5260.157776	-122.022896
5260.830688	-121.760078
5261.503601	-122.062988
5262.176514	-121.568245
5262.849426	-122.029404
5263.522339	-122.114471
5264.195251	-122.337471
5264.868164	-122.249519
5265.541077	-121.071976
5266.213989	-121.866234
5266.886902	-121.550980
5267.559814	-121.516449
5268.232727	-121.642944
5268.905640	-122.100922
5269.578552	-121.911247
5270.251465	-122.351799
5270.924377	-122.619934
5271.597290	-122.249802
5272.270203	-121.314369
5272.943115	-121.639717
5273.616028	-121.532402
5274.288940	-121.411568
5274.961853	-121.489029
5275.634766	-121.533417
5276.307678	-121.702248
5276.980591	-121.905670
5277.653503	-121.961327
5278.326416	-122.017471
5278.999329	-121.507881
5279.672241	-121.565208
5280.345154	-122.018417
5281.018066	-122.658859
5281.690979	-122.032974
5282.363892	-121.514275
5283.036804	-121.721596
5283.709717	-121.948860
5284.382629	-121.938515
5285.055542	-122.272659
5285.728455	-121.729866
5286.401367	-122.721458
5287.074280	-122.794960
5287.747192	-121.638641
5288.420105	-121.728096
5289.093018	-121.427666
5289.765930	-121.588989
5290.438843	-121.491623
5291.111755	-121.363258
5291.784668	-120.552361
5292.457581	-120.639427
5293.130493	-120.925827
5293.803406	-121.286461
5294.476318	-122.157005
5295.149231	-121.475540
5295.822144	-121.017464
5296.495056	-121.857452
5297.167969	-121.309387
5297.840881	-121.142075
5298.513794	-121.534119
5299.186707	-121.096718
5299.859619	-121.631256
5300.532532	-121.451164
5301.205444	-121.196510
5301.878357	-121.658638
5302.551270	-121.751953
5303.224182	-121.756531
5303.897095	-121.381256
5304.570007	-121.972519
5305.242920	-121.935204
5305.915833	-121.345390
5306.588745	-121.425758
5307.261658	-121.856415
5307.934570	-122.196602
5308.607483	-121.938393
5309.280396	-121.956688
5309.953308	-121.438446
5310.626221	-121.711159
5311.299133	-122.345840
5311.972046	-121.938507
5312.644958	-121.826927
5313.317871	-121.682373
5313.990784	-121.846680
5314.663696	-122.291489
5315.336609	-121.664452
5316.009521	-122.002197
5316.682434	-121.753632
5317.355347	-121.446083
5318.028259	-121.291344
5318.701172	-121.688202
5319.374084	-121.601921
5320.046997	-121.766457
5320.719910	-121.812813
5321.392822	-121.258095
5322.065735	-122.216125
5322.738647	-122.135490
5323.411560	-121.900711
5324.084473	-122.653084
5324.757385	-121.893044
5325.430298	-122.106026
5326.103210	-121.792038
5326.776123	-121.453201
5327.449036	-121.781815
5328.121948	-121.394814
5328.794861	-120.976051
5329.467773	-121.093056
5330.140686	-121.447197
5330.813599	-122.098450
5331.486511	-121.601913
5332.159424	-122.568794
5332.832336	-121.567772
5333.505249	-121.410988
5334.178162	-121.974403
5334.851074	-121.390526
5335.523987	-121.674545
5336.196899	-121.868759
5336.869812	-122.147057
5337.542725	-122.186996
5338.215637	-122.344086
5338.888550	-121.388542
5339.561462	-121.303749
5340.234375	-122.004509
5340.907288	-121.698265
5341.580200	-121.186882
5342.253113	-121.307312
5342.926025	-122.587555
5343.598938	-122.128929
5344.271851	-122.077744
5344.944763	-122.968758
5345.617676	-121.547897
5346.290588	-121.282921
5346.963501	-121.801819
5347.636414	-122.266273
5348.309326	-121.419609
5348.982239	-121.566826
5349.655151	-121.577477
5350.328064	-122.627098
5351.000977	-122.890343
5351.673889	-123.682304
5352.346802	-122.493942
5353.019714	-121.848938
5353.692627	-121.854187
5354.365540	-122.180771
5355.038452	-121.663460
5355.711365	-121.761047
5356.384277	-121.829567
5357.057190	-121.323654
5357.730103	-120.895180
5358.403015	-121.182144
5359.075928	-121.912117
5359.748840	-122.341721
5360.421753	-121.918556
5361.094666	-121.683723
5361.767578	-121.803406
5362.440491	-122.380028
5363.113403	-122.318245
5363.786316	-121.367996
5364.459229	-121.821129
5365.132141	-122.238281
5365.805054	-121.578476
5366.477966	-121.688126
5367.150879	-122.097061
5367.823792	-121.390999
5368.496704	-121.377014
5369.169617	-121.755455
5369.842529	-122.396423
5370.515442	-121.424675
5371.188354	-122.005402
5371.861267	-122.395180
5372.534180	-121.361542
5373.207092	-122.031982
5373.880005	-122.216965
5374.552917	-122.226883
5375.225830	-121.381874
5375.898743	-122.237831
5376.571655	-122.318596
5377.244568	-122.041893
5377.917480	-122.123169
5378.590393	-122.265320
5379.263306	-122.112541
5379.936218	-122.678406
5380.609131	-122.564156
5381.282043	-122.612518
5381.954956	-121.787781
5382.627869	-121.280731
5383.300781	-121.558563
5383.973694	-122.320168
5384.646606	-123.115486
5385.319519	-121.835548
5385.992432	-120.836922
5386.665344	-121.828163
5387.338257	-122.433250
5388.011169	-121.795914
5388.684082	-121.790123
5389.356995	-121.775902
5390.029907	-122.111801
5390.702820	-121.818520
5391.375732	-121.524979
5392.048645	-123.173729
5392.721558	-122.047279
5393.394470	-121.860657
5394.067383	-121.715546
5394.740295	-121.911819
5395.413208	-121.445015
5396.086121	-120.881836
5396.759033	-121.945213
5397.431946	-122.590561
5398.104858	-121.769417
5398.777771	-120.939003
5399.450684	-120.969963
5400.123596	-121.692101
5400.796509	-121.597542
5401.469421	-120.753479
5402.142334	-121.381966
5402.815247	-121.207535
5403.488159	-121.278755
5404.161072	-121.341873
5404.833984	-121.367325
5405.506897	-121.388741
5406.179810	-120.797081
5406.852722	-122.045380
5407.525635	-122.104309
5408.198547	-121.867943
5408.871460	-122.155365
5409.544373	-122.418343
5410.217285	-122.354965
5410.890198	-122.172836
5411.563110	-121.505104
5412.236023	-122.477325
5412.908936	-122.581718
5413.581848	-122.083298
5414.254761	-121.720604
5414.927673	-121.981613
5415.600586	-122.078148
5416.273499	-121.980438
5416.946411	-121.742241
5417.619324	-121.658829
5418.292236	-121.981400
5418.965149	-121.972748
5419.638062	-121.745605
5420.310974	-121.353943
5420.983887	-122.423355
5421.656799	-122.273781
5422.329712	-122.381172
5423.002625	-121.981300
5423.675537	-121.786911
5424.348450	-121.530396
5425.021362	-121.289360
5425.694275	-122.017464
5426.367188	-122.817352
5427.040100	-123.177208
5427.713013	-122.048264
5428.385925	-121.392151
5429.058838	-121.896835
5429.731750	-122.272934
5430.404663	-121.427879
5431.077576	-121.343178
5431.750488	-121.955391
5432.423401	-122.188934
5433.096313	-122.120964
5433.769226	-122.019096
5434.442139	-122.157036
5435.115051	-122.087669
5435.787964	-122.429047
5436.460876	-122.168671
5437.133789	-122.381340
5437.806702	-121.764938
5438.479614	-121.402115
5439.152527	-121.543884
5439.825439	-121.290871
5440.498352	-121.510155
5441.171265	-121.445030
5441.844177	-121.215027
5442.517090	-121.644814
5443.190002	-122.339760
5443.862915	-121.833527
5444.535828	-121.709663
5445.208740	-121.414444
5445.881653	-121.240807
5446.554565	-121.565308
5447.227478	-121.696777
5447.900391	-121.707672
5448.573303	-122.230415
5449.246216	-122.364441
5449.919128	-121.822319
5450.592041	-121.705673
5451.264954	-122.071503
5451.937866	-122.376205
5452.610779	-122.622307
5453.283691	-122.321632
5453.956604	-121.961754
5454.629517	-122.061455
5455.302429	-122.758629
5455.975342	-122.412834
5456.648254	-121.638512
5457.321167	-121.931274
5457.994080	-122.213715
5458.666992	-121.806595
5459.339905	-121.766144
5460.012817	-121.415573
5460.685730	-121.218414
5461.358643	-121.899506
5462.031555	-121.367485
5462.704468	-121.512512
5463.377380	-122.119492
5464.050293	-122.134750
5464.723206	-122.807152
5465.396118	-121.767181
5466.069031	-121.893097
5466.741943	-122.030060
5467.414856	-121.535286
5468.087769	-121.919220
5468.760681	-121.937737
5469.433594	-122.205559
5470.106506	-122.534821
5470.779419	-122.472031
5471.452332	-121.838890
5472.125244	-121.619942
5472.798157	-122.034668
5473.471069	-122.427673
5474.143982	-122.356163
5474.816895	-121.828110
5475.489807	-122.059212
5476.162720	-121.169395
5476.835632	-121.645729
5477.508545	-122.341705
5478.181458	-122.890884
5478.854370	-122.928635
5479.527283	-122.276649
5480.200195	-122.455872
5480.873108	-121.994209
5481.546021	-121.493088
5482.218933	-121.778358
5482.891846	-121.903824
5483.564758	-122.474014
5484.237671	-120.915123
5484.910583	-120.390274
5485.583496	-121.250954
5486.256409	-121.696060
5486.929321	-121.571236
5487.602234	-121.878853
5488.275146	-121.492859
5488.948059	-121.790802
5489.620972	-122.202713
5490.293884	-121.801010
5490.966797	-121.517288
5491.639709	-122.089127
5492.312622	-122.221504
5492.985535	-121.841377
5493.658447	-122.368973
5494.331360	-122.407990
5495.004272	-122.029327
5495.677185	-122.139153
5496.350098	-122.724884
5497.023010	-122.760033
5497.695923	-122.289619
5498.368835	-122.205147
5499.041748	-121.773842
5499.714661	-122.793694
5500.387573	-122.482346
5501.060486	-121.443047
5501.733398	-121.852585
5502.406311	-122.140694
5503.079224	-122.187767
5503.752136	-122.577339
5504.425049	-121.598969
5505.097961	-121.359245
5505.770874	-121.052963
5506.443787	-121.540314
5507.116699	-121.985100
5507.789612	-121.920410
5508.462524	-121.790298
5509.135437	-121.870667
5509.808350	-122.516769
5510.481262	-122.565231
5511.154175	-122.071999
5511.827087	-121.263664
5512.500000	-120.831009
5513.172913	-121.088860
5513.845825	-121.340012
5514.518738	-121.454460
5515.191650	-121.453453
5515.864563	-121.582733
5516.537476	-121.364159
5517.210388	-121.431366
5517.883301	-121.989502
5518.556213	-121.667320
5519.229126	-121.581329
5519.902039	-122.955376
5520.574951	-122.590820
5521.247864	-121.547470
5521.920776	-120.767654
5522.593689	-120.673019
5523.266602	-121.660416
5523.939514	-122.244896
5524.612427	-121.442818
5525.285339	-121.177689
5525.958252	-121.971283
5526.631165	-122.923630
5527.304077	-122.114014
5527.976990	-122.464523
5528.649902	-122.154755
5529.322815	-122.251526
5529.995728	-122.227585
5530.668640	-122.155228
5531.341553	-121.630005
5532.014465	-121.424889
5532.687378	-121.704361
5533.360291	-122.448997
5534.033203	-121.730492
5534.706116	-121.669968
5535.379028	-121.962715
5536.051941	-121.849876
5536.724854	-121.797874
5537.397766	-121.634285
5538.070679	-122.467560
5538.743591	-121.935791
5539.416504	-121.195236
5540.089417	-121.727654
5540.762329	-122.131233
5541.435242	-120.997871
5542.108154	-120.815285
5542.781067	-120.999657
5543.453979	-121.249886
5544.126892	-122.055183
5544.799805	-122.460999
5545.472717	-122.069885
5546.145630	-121.798302
5546.818542	-122.600082
5547.491455	-122.725311
5548.164368	-121.968292
5548.837280	-121.709412
5549.510193	-122.093895
5550.183105	-121.667221
5550.856018	-122.165237
5551.528931	-121.704590
5552.201843	-122.120453
5552.874756	-122.427765
5553.547668	-121.619675
5554.220581	-121.515259
5554.893494	-121.948509
5555.566406	-121.962227
5556.239319	-122.101868
5556.912231	-122.222679
5557.585144	-121.464790
5558.258057	-121.530182
5558.930969	-122.072342
5559.603882	-123.303917
5560.276794	-123.346901
5560.949707	-122.167397
5561.622620	-121.475067
5562.295532	-121.898560
5562.968445	-121.929184
5563.641357	-121.730095
5564.314270	-121.611328
5564.987183	-121.723686
5565.660095	-122.131157
5566.333008	-122.495522
5567.005920	-122.024857
5567.678833	-122.227959
5568.351746	-121.915970
5569.024658	-122.860115
5569.697571	-122.002899
5570.370483	-121.436249
5571.043396	-122.344879
5571.716309	-121.894913
5572.389221	-121.459930
5573.062134	-123.016785
5573.735046	-122.442146
5574.407959	-121.734177
5575.080872	-122.594780
5575.753784	-121.984489
5576.426697	-121.795830
5577.099609	-121.685379
5577.772522	-121.741226
5578.445435	-122.161461
5579.118347	-121.283401
5579.791260	-120.875557
5580.464172	-120.888115
5581.137085	-121.615166
5581.809998	-122.166832
5582.482910	-121.697403
5583.155823	-121.881378
5583.828735	-121.432182
5584.501648	-121.798645
5585.174561	-121.494919
5585.847473	-121.349899
5586.520386	-121.505798
5587.193298	-121.451950
5587.866211	-121.729324
5588.539124	-122.028320
5589.212036	-121.759933
5589.884949	-121.277405
5590.557861	-121.734512
5591.230774	-122.046402
5591.903687	-121.831909
5592.576599	-122.702774
5593.249512	-121.793526
5593.922424	-122.136650
5594.595337	-122.445618
5595.268250	-121.768745
5595.941162	-122.046120
5596.614075	-122.154747
5597.286987	-122.846420
5597.959900	-122.564392
5598.632812	-121.893463
5599.305725	-122.095367
5599.978638	-122.635315
5600.651550	-122.189682
5601.324463	-121.793068
5601.997375	-122.767242
5602.670288	-122.466408
5603.343201	-122.618019
5604.016113	-122.397026
5604.689026	-121.411659
5605.361938	-121.161461
5606.034851	-121.384674
5606.707764	-121.672577
5607.380676	-121.519348
5608.053589	-122.250839
5608.726501	-121.604942
5609.399414	-121.128441
5610.072327	-121.686943
5610.745239	-122.725914
5611.418152	-122.251152
5612.091064	-122.028122
5612.763977	-121.151901
5613.436890	-120.760071
5614.109802	-121.469727
5614.782715	-122.276955
5615.455627	-122.239960
5616.128540	-121.346817
5616.801453	-121.716522
5617.474365	-121.665688
5618.147278	-121.618263
5618.820190	-122.025215
5619.493103	-122.565773
5620.166016	-122.473297
5620.838928	-121.447433
5621.511841	-121.088577
5622.184753	-121.707649
5622.857666	-121.383713
5623.530579	-121.820930
5624.203491	-121.848030
5624.876404	-122.498398
5625.549316	-122.628075
5626.222229	-122.099503
5626.895142	-121.660042
5627.568054	-121.654221
5628.240967	-121.645203
5628.913879	-122.248848
5629.586792	-122.120483
5630.259705	-121.554886
5630.932617	-122.097000
5631.605530	-121.943916
5632.278442	-121.210999
5632.951355	-122.270554
5633.624268	-122.181320
5634.297180	-122.258759
5634.970093	-121.635262
5635.643005	-121.865303
5636.315918	-122.276787
5636.988831	-122.193619
5637.661743	-121.289238
5638.334656	-121.856110
5639.007568	-122.120857
5639.680481	-121.870323
5640.353394	-122.479919
5641.026306	-121.522385
5641.699219	-121.684357
5642.372131	-122.427109
5643.045044	-121.789444
5643.717957	-122.425262
5644.390869	-123.332054
5645.063782	-122.755333
5645.736694	-122.525894
5646.409607	-121.529152
5647.082520	-121.043701
5647.755432	-121.577423
5648.428345	-121.699562
5649.101257	-121.755501
5649.774170	-122.132423
5650.447083	-122.342789
5651.119995	-122.626366
5651.792908	-121.984421
5652.465820	-122.052734
5653.138733	-122.134651
5653.811646	-121.482803
5654.484558	-121.428802
5655.157471	-122.425308
5655.830383	-122.700539
5656.503296	-122.260513
5657.176208	-122.256470
5657.849121	-122.316933
5658.522034	-122.154861
5659.194946	-123.008736
5659.867859	-123.909515
5660.540771	-122.754341
5661.213684	-121.114914
5661.886597	-121.122398
5662.559509	-121.886414
5663.232422	-121.526649
5663.905334	-121.371735
5664.578247	-121.178581
5665.251160	-120.932312
5665.924072	-121.304680
5666.596985	-121.618103
5667.269897	-121.790192
5667.942810	-122.581230
5668.615723	-122.266136
5669.288635	-121.051445
5669.961548	-121.168503
5670.634460	-121.452202
5671.307373	-121.971870
5671.980286	-122.389175
5672.653198	-122.266266
5673.326111	-121.683815
5673.999023	-121.846931
5674.671936	-122.256104
5675.344849	-121.470383
5676.017761	-121.124504
5676.690674	-121.279480
5677.363586	-122.262100
5678.036499	-121.632256
5678.709412	-121.373177
5679.382324	-121.641441
5680.055237	-121.340897
5680.728149	-122.179878
5681.401062	-122.073082
5682.073975	-121.770035
5682.746887	-120.980873
5683.419800	-120.936546
5684.092712	-120.764336
5684.765625	-122.430237
5685.438538	-122.513290
5686.111450	-122.013306
5686.784363	-121.340942
5687.457275	-121.815346
5688.130188	-122.470993
5688.803101	-122.275887
5689.476013	-122.056877
5690.148926	-122.134079
5690.821838	-122.394485
5691.494751	-121.945755
5692.167664	-122.360031
5692.840576	-121.709091
5693.513489	-122.148956
5694.186401	-123.235588
5694.859314	-122.278961
5695.532227	-121.844330
5696.205139	-122.298676
5696.878052	-121.767868
5697.550964	-122.021873
5698.223877	-122.270935
5698.896790	-122.038795
5699.569702	-122.180534
5700.242615	-121.926613
5700.915527	-121.946930
5701.588440	-121.798370
5702.261353	-121.723122
5702.934265	-121.661560
5703.607178	-122.084778
5704.280090	-122.196083
5704.953003	-121.387993
5705.625916	-122.076981
5706.298828	-122.328629
5706.971741	-121.025490
5707.644653	-121.231232
5708.317566	-122.368317
5708.990479	-122.794098
5709.663391	-122.010254
5710.336304	-121.886490
5711.009216	-122.372787
5711.682129	-122.147682
5712.355042	-122.056328
5713.027954	-121.749283
5713.700867	-121.559319
5714.373779	-121.754356
5715.046692	-121.442947
5715.719604	-121.754585
5716.392517	-122.090302
5717.065430	-121.780823
5717.738342	-121.246536
5718.411255	-122.576958
5719.084167	-123.224861
5719.757080	-121.886421
5720.429993	-121.275688
5721.102905	-121.257095
5721.775818	-122.187958
5722.448730	-121.756599
5723.121643	-121.829285
5723.794556	-121.974419
5724.467468	-121.916672
5725.140381	-121.958580
5725.813293	-122.034782
5726.486206	-122.088020
5727.159119	-122.292656
5727.832031	-121.378815
5728.504944	-120.600815
5729.177856	-122.206871
5729.850769	-123.183853
5730.523682	-122.966873
5731.196594	-122.031654
5731.869507	-121.207893
5732.542419	-121.330589
5733.215332	-122.216400
5733.888245	-122.178665
5734.561157	-121.809181
5735.234070	-121.341377
5735.906982	-121.362366
5736.579895	-121.225876
5737.252808	-122.232048
5737.925720	-121.794975
5738.598633	-122.013191
5739.271545	-122.068741
5739.944458	-121.778809
5740.617371	-121.882355
5741.290283	-122.112633
5741.963196	-122.531120
5742.636108	-122.390526
5743.309021	-121.976845
5743.981934	-122.189262
5744.654846	-121.529518
5745.327759	-121.263138
5746.000671	-120.960365
5746.673584	-121.728554
5747.346497	-122.458275
5748.019409	-121.313469
5748.692322	-120.389160
5749.365234	-121.339569
5750.038147	-122.228966
5750.711060	-121.824028
5751.383972	-121.622459
5752.056885	-121.648735
5752.729797	-123.036530
5753.402710	-122.915459
5754.075623	-123.061958
5754.748535	-121.677223
5755.421448	-121.820389
5756.094360	-122.274734
5756.767273	-121.209885
5757.440186	-121.216835
5758.113098	-121.402428
5758.786011	-121.191345
5759.458923	-121.350243
5760.131836	-122.118965
5760.804749	-121.691528
5761.477661	-121.294777
5762.150574	-121.917023
5762.823486	-123.526367
5763.496399	-122.877541
5764.169312	-121.975937
5764.842224	-122.719955
5765.515137	-122.158096
5766.188049	-121.447441
5766.860962	-121.285553
5767.533875	-121.504013
5768.206787	-121.723763
5768.879700	-120.901978
5769.552612	-120.559502
5770.225525	-121.209763
5770.898438	-121.747940
5771.571350	-122.127449
5772.244263	-121.754982
5772.917175	-121.397659
5773.590088	-121.281418
5774.263000	-121.189682
5774.935913	-121.530853
5775.608826	-122.289421
5776.281738	-122.519112
5776.954651	-122.043022
5777.627563	-121.696144
5778.300476	-122.395218
5778.973389	-122.699829
5779.646301	-122.389595
5780.319214	-122.116455
5780.992126	-122.874725
5781.665039	-122.000511
5782.337952	-121.689651
5783.010864	-122.317795
5783.683777	-121.393478
5784.356689	-121.836388
5785.029602	-122.073372
5785.702515	-121.948578
5786.375427	-121.742584
5787.048340	-121.156380
5787.721252	-122.032494
5788.394165	-123.028816
5789.067078	-122.642250
5789.739990	-121.544701
5790.412903	-121.368149
5791.085815	-122.306000
5791.758728	-122.337532
5792.431641	-122.541069
5793.104553	-123.284065
5793.777466	-122.420876
5794.450378	-121.938614
5795.123291	-122.084351
5795.796204	-121.340439
5796.469116	-121.845131
5797.142029	-121.995522
5797.814941	-122.543777
5798.487854	-123.141739
5799.160767	-122.142204
5799.833679	-122.171623
5800.506592	-122.454826
5801.179504	-122.201820
5801.852417	-122.104004
5802.525330	-121.898766
5803.198242	-122.739822
5803.871155	-122.659966
5804.544067	-122.577400
5805.216980	-122.436493
5805.889893	-122.060768
5806.562805	-121.819031
5807.235718	-121.624626
5807.908630	-121.390205
5808.581543	-122.002106
5809.254456	-122.339111
5809.927368	-122.644073
5810.600281	-122.250290
5811.273193	-121.251007
5811.946106	-121.720924
5812.619019	-121.990448
5813.291931	-121.897186
5813.964844	-121.970116
5814.637756	-121.823708
5815.310669	-121.586937
5815.983582	-121.735504
5816.656494	-121.425323
5817.329407	-121.948730
5818.002319	-121.353149
5818.675232	-121.566132
5819.348145	-121.306778
5820.021057	-122.222099
5820.693970	-122.102173
5821.366882	-121.268776
5822.039795	-121.753220
5822.712708	-121.550888
5823.385620	-122.059059
5824.058533	-123.069740
5824.731445	-122.687614
5825.404358	-122.787811
5826.077271	-122.887383
5826.750183	-122.588173
5827.423096	-121.702774
5828.096008	-121.205894
5828.768921	-122.451851
5829.441833	-122.906876
5830.114746	-122.217018
5830.787659	-122.109863
5831.460571	-122.317955
5832.133484	-122.042168
5832.806396	-122.007538
5833.479309	-122.277473
5834.152222	-122.099976
5834.825134	-121.677834
5835.498047	-122.485207
5836.170959	-122.302307
5836.843872	-121.636726
5837.516785	-121.883667
5838.189697	-122.440895
5838.862610	-122.385643
5839.535522	-122.947540
5840.208435	-122.847397
5840.881348	-122.155312
5841.554260	-121.945946
5842.227173	-121.069374
5842.900085	-121.947350
5843.572998	-122.826195
5844.245911	-122.161491
5844.918823	-123.232269
5845.591736	-122.377953
5846.264648	-122.437111
5846.937561	-122.310356
5847.610474	-121.701515
5848.283386	-121.583206
5848.956299	-121.211624
5849.629211	-121.072250
5850.302124	-122.252312
5850.975037	-122.140244
5851.647949	-122.008698
5852.320862	-122.012329
5852.993774	-122.280052
5853.666687	-122.343079
5854.339600	-122.631088
5855.012512	-121.894279
5855.685425	-121.341743
5856.358337	-121.750404
5857.031250	-121.628273
5857.704163	-122.034592
5858.377075	-122.600838
5859.049988	-122.404305
5859.722900	-122.768456
5860.395813	-122.680099
5861.068726	-122.695511
5861.741638	-122.238647
5862.414551	-121.086983
5863.087463	-121.335548
5863.760376	-122.711060
5864.433289	-122.296837
5865.106201	-122.296341
5865.779114	-122.736412
5866.452026	-121.838905
5867.124939	-121.824600
5867.797852	-121.431419
5868.470764	-121.662781
5869.143677	-121.655319
5869.816589	-121.731972
5870.489502	-121.511459
5871.162415	-121.384636
5871.835327	-121.700821
5872.508240	-122.013130
5873.181152	-121.748421
5873.854065	-121.861626
5874.526978	-121.830902
5875.199890	-121.939499
5875.872803	-122.270203
5876.545715	-121.784668
5877.218628	-121.803276
5877.891541	-121.625587
5878.564453	-122.184769
5879.237366	-121.998154
5879.910278	-121.399544
5880.583191	-122.497643
5881.256104	-122.651695
5881.929016	-122.312531
5882.601929	-122.089867
5883.274841	-121.747688
5883.947754	-121.185165
5884.620667	-122.073196
5885.293579	-122.854660
5885.966492	-122.443443
5886.639404	-121.980209
5887.312317	-122.254181
5887.985229	-122.819473
5888.658142	-121.900703
5889.331055	-121.178001
5890.003967	-121.455132
5890.676880	-122.197227
5891.349792	-122.027298
5892.022705	-122.102470
5892.695618	-122.439972
5893.368530	-121.011375
5894.041443	-121.362686
5894.714355	-121.837204
5895.387268	-121.863647
5896.060181	-122.481766
5896.733093	-121.318909
5897.406006	-120.724380
5898.078918	-121.871735
5898.751831	-121.861191
5899.424744	-121.766136
5900.097656	-122.335907
5900.770569	-121.861046
5901.443481	-121.691856
5902.116394	-121.854439
5902.789307	-122.025108
5903.462219	-123.117043
5904.135132	-122.423019
5904.808044	-123.207458
5905.480957	-122.329910
5906.153870	-121.742790
5906.826782	-121.759529
5907.499695	-122.078232
5908.172607	-122.662682
5908.845520	-122.287834
5909.518433	-121.925179
5910.191345	-122.192200
5910.864258	-121.717476
5911.537170	-121.403397
5912.210083	-122.419540
5912.882996	-122.748802
5913.555908	-122.120117
5914.228821	-121.091324
5914.901733	-122.206619
5915.574646	-121.958809
5916.247559	-122.051712
5916.920471	-122.336876
5917.593384	-122.147072
5918.266296	-121.799858
5918.939209	-122.252121
5919.612122	-122.000999
5920.285034	-121.639618
5920.957947	-121.297005
5921.630859	-121.688103
5922.303772	-121.854408
5922.976685	-121.593391
5923.649597	-121.366112
5924.322510	-121.757713
5924.995422	-122.205147
5925.668335	-121.855125
5926.341248	-121.241196
5927.014160	-121.220871
5927.687073	-121.858864
5928.359985	-122.126305
5929.032898	-122.298424
5929.705811	-122.556625
5930.378723	-122.924835
5931.051636	-122.722214
5931.724548	-122.652473
5932.397461	-122.137619
5933.070374	-121.424683
5933.743286	-121.841751
5934.416199	-121.405533
5935.089111	-121.521065
5935.762024	-121.118805
5936.434937	-121.090569
5937.107849	-122.561142
5937.780762	-123.001465
5938.453674	-122.211411
5939.126587	-122.551880
5939.799500	-122.117203
5940.472412	-121.911812
5941.145325	-122.289810
5941.818237	-121.835663
5942.491150	-121.837173
5943.164062	-121.962509
5943.836975	-121.655441
5944.509888	-121.821724
5945.182800	-121.316147
5945.855713	-122.264717
5946.528625	-121.989647
5947.201538	-121.992119
5947.874451	-121.820625
5948.547363	-121.589935
5949.220276	-122.180382
5949.893188	-122.582558
5950.566101	-122.081230
5951.239014	-122.064301
5951.911926	-121.653107
5952.584839	-122.070045
5953.257751	-122.577026
5953.930664	-122.237595
5954.603577	-121.641586
5955.276489	-121.936119
5955.949402	-121.358261
5956.622314	-121.350792
5957.295227	-122.170288
5957.968140	-121.511017
5958.641052	-121.264091
5959.313965	-121.482307
5959.986877	-121.530190
5960.659790	-122.536850
5961.332703	-123.179588
5962.005615	-122.718338
5962.678528	-122.691284
5963.351440	-122.731194
5964.024353	-121.876472
5964.697266	-122.409569
5965.370178	-123.119080
5966.043091	-122.320114
5966.716003	-121.761139
5967.388916	-121.477020
5968.061829	-122.241158
5968.734741	-122.663567
5969.407654	-122.352318
5970.080566	-121.771233
5970.753479	-121.240654
5971.426392	-121.201920
5972.099304	-121.843414
5972.772217	-121.594719
5973.445129	-121.437782
5974.118042	-121.790871
5974.790955	-122.154091
5975.463867	-121.725761
5976.136780	-121.509178
5976.809692	-122.029778
5977.482605	-121.855797
5978.155518	-121.398758
5978.828430	-122.031960
5979.501343	-122.520012
5980.174255	-121.693863
5980.847168	-121.831413
5981.520081	-121.367775
5982.192993	-122.096016
5982.865906	-122.337639
5983.538818	-122.119186
5984.211731	-122.094879
5984.884644	-122.263748
5985.557556	-121.872032
5986.230469	-121.572136
5986.903381	-122.016319
5987.576294	-121.989143
5988.249207	-121.917580
5988.922119	-122.618744
5989.595032	-123.051941
5990.267944	-122.872070
5990.940857	-123.264816
5991.613770	-122.646004
5992.286682	-121.780441
5992.959595	-120.887772
5993.632507	-122.614281
5994.305420	-122.326553
5994.978333	-121.700462
5995.651245	-122.208389
5996.324158	-122.623627
5996.997070	-122.127396
5997.669983	-121.955437
5998.342896	-121.202522
5999.015808	-121.113297
5999.688721	-121.411591
6000.361633	-121.536606
6001.034546	-121.527695
6001.707458	-122.434738
6002.380371	-122.711533
6003.053284	-122.251938
6003.726196	-122.279968
6004.399109	-121.809029
6005.072021	-121.385109
6005.744934	-121.441666
6006.417847	-121.825325
6007.090759	-121.705025
6007.763672	-121.849106
6008.436584	-121.905289
6009.109497	-121.534996
6009.782410	-121.696800
6010.455322	-122.234276
6011.128235	-122.250755
6011.801147	-122.425415
6012.474060	-121.834702
6013.146973	-122.226067
6013.819885	-122.483620
6014.492798	-121.507431
6015.165710	-121.728203
6015.838623	-122.631226
6016.511536	-122.289276
6017.184448	-121.733521
6017.857361	-121.921661
6018.530273	-121.957771
6019.203186	-121.847740
6019.876099	-121.850243
6020.549011	-123.138557
6021.221924	-122.528526
6021.894836	-121.350410
6022.567749	-121.811829
6023.240662	-121.943863
6023.913574	-122.452881
6024.586487	-122.848267
6025.259399	-123.768936
6025.932312	-122.877281
6026.605225	-122.661346
6027.278137	-122.272186
6027.951050	-121.900383
6028.623962	-121.415749
6029.296875	-122.184692
6029.969788	-122.872635
6030.642700	-122.300728
6031.315613	-122.423325
6031.988525	-122.685936
6032.661438	-122.210548
6033.334351	-122.514153
6034.007263	-122.025299
6034.680176	-122.185806
6035.353088	-121.817329
6036.026001	-123.184227
6036.698914	-123.256134
6037.371826	-122.591530
6038.044739	-122.743149
6038.717651	-122.520973
6039.390564	-121.758736
6040.063477	-121.811539
6040.736389	-122.154106
6041.409302	-121.512001
6042.082214	-122.020523
6042.755127	-122.354309
6043.428040	-122.055847
6044.100952	-121.774513
6044.773865	-121.803352
6045.446777	-122.322548
6046.119690	-122.688782
6046.792603	-122.122536
6047.465515	-121.622215
6048.138428	-121.385040
6048.811340	-121.324898
6049.484253	-121.507332
6050.157166	-121.473091
6050.830078	-122.708099
6051.502991	-122.090660
6052.175903	-121.955940
6052.848816	-122.285271
6053.521729	-122.576790
6054.194641	-122.328186
6054.867554	-122.256729
6055.540466	-121.769104
6056.213379	-122.186363
6056.886292	-122.366196
6057.559204	-121.542435
6058.232117	-122.081139
6058.905029	-122.271454
6059.577942	-121.473526
6060.250854	-121.712662
6060.923767	-121.995430
6061.596680	-121.832413
6062.269592	-121.250755
6062.942505	-121.729774
6063.615417	-122.374710
6064.288330	-122.111824
6064.961243	-121.937805
6065.634155	-121.639702
6066.307068	-121.305573
6066.979980	-121.272026
6067.652893	-121.745644
6068.325806	-121.725121
6068.998718	-121.596397
6069.671631	-122.326927
6070.344543	-122.424263
6071.017456	-122.121979
6071.690369	-122.063118
6072.363281	-122.412468
6073.036194	-122.029144
6073.709106	-122.802345
6074.382019	-121.946983
6075.054932	-121.880135
6075.727844	-123.030235
6076.400757	-123.160706
6077.073669	-122.627167
6077.746582	-122.807755
6078.419495	-121.982224
6079.092407	-121.665245
6079.765320	-122.152390
6080.438232	-121.646965
6081.111145	-121.965157
6081.784058	-122.154160
6082.456970	-121.150269
6083.129883	-121.494003
6083.802795	-121.835236
6084.475708	-121.669403
6085.148621	-122.749748
6085.821533	-122.409920
6086.494446	-121.930077
6087.167358	-122.189728
6087.840271	-121.468666
6088.513184	-121.778572
6089.186096	-121.412834
6089.859009	-121.575264
6090.531921	-122.183189
6091.204834	-121.735054
6091.877747	-121.043510
6092.550659	-122.135902
6093.223572	-122.662376
6093.896484	-122.283333
6094.569397	-122.071289
6095.242310	-121.645889
6095.915222	-121.639465
6096.588135	-122.233093
6097.261047	-122.346008
6097.933960	-122.039162
6098.606873	-122.068954
6099.279785	-121.558846
6099.952698	-121.888390
6100.625610	-122.741631
6101.298523	-122.341835
6101.971436	-121.871552
6102.644348	-122.316017
6103.317261	-122.970345
6103.990173	-121.652985
6104.663086	-121.910423
6105.335999	-122.291824
6106.008911	-121.637207
6106.681824	-122.366470
6107.354736	-122.659859
6108.027649	-122.460793
6108.700562	-121.644081
6109.373474	-121.948486
6110.046387	-122.514214
6110.719299	-122.364906
6111.392212	-122.161507
6112.065125	-121.893013
6112.738037	-121.390053
6113.410950	-122.377205
6114.083862	-122.500305
6114.756775	-122.255135
6115.429688	-122.328484
6116.102600	-122.138733
6116.775513	-122.060448
6117.448425	-122.375793
6118.121338	-122.270386
6118.794250	-121.812393
6119.467163	-121.880104
6120.140076	-121.943573
6120.812988	-122.548500
6121.485901	-121.986404
6122.158813	-121.533043
6122.831726	-121.643829
6123.504639	-121.996719
6124.177551	-123.110428
6124.850464	-122.314186
6125.523376	-122.492226
6126.196289	-121.973526
6126.869202	-121.793854
6127.542114	-121.958992
6128.215027	-122.506874
6128.887939	-122.082916
6129.560852	-122.213295
6130.233765	-121.181282
6130.906677	-121.909645
6131.579590	-122.558815
6132.252502	-122.871223
6132.925415	-122.193893
6133.598328	-122.315102
6134.271240	-122.606667
6134.944153	-122.105072
6135.617065	-122.182655
6136.289978	-122.299255
6136.962891	-121.251289
6137.635803	-121.205185
6138.308716	-122.026329
6138.981628	-122.244156
6139.654541	-121.509018
6140.327454	-121.963318
6141.000366	-122.018356
6141.673279	-122.483925
6142.346191	-122.204613
6143.019104	-121.978973
6143.692017	-123.125320
6144.364929	-123.006760
6145.037842	-121.879051
6145.710754	-121.053650
6146.383667	-121.742714
6147.056580	-121.793678
6147.729492	-121.559853
6148.402405	-122.599236
6149.075317	-122.524933
6149.748230	-123.015846
6150.421143	-123.085915
6151.094055	-122.607430
6151.766968	-122.700920
6152.439880	-122.428558
6153.112793	-121.706619
6153.785706	-122.124687
6154.458618	-121.642967
6155.131531	-121.288025
6155.804443	-121.882668
6156.477356	-122.100243
6157.150269	-121.915680
6157.823181	-121.657120
6158.496094	-121.997597
6159.169006	-122.592850
6159.841919	-122.506454
6160.514832	-121.702805
6161.187744	-121.253891
6161.860657	-121.319969
6162.533569	-121.717918
6163.206482	-120.922859
6163.879395	-120.642830
6164.552307	-121.862404
6165.225220	-121.544609
6165.898132	-121.792107
6166.571045	-122.454269
6167.243958	-122.598183
6167.916870	-121.875130
6168.589783	-122.210197
6169.262695	-122.342422
6169.935608	-122.847923
6170.608521	-121.746658
6171.281433	-121.690605
6171.954346	-122.414612
6172.627258	-121.965187
6173.300171	-121.434853
6173.973083	-121.323418
6174.645996	-121.828117
6175.318909	-122.065567
6175.991821	-121.500137
6176.664734	-122.527847
6177.337646	-121.375343
6178.010559	-121.621979
6178.683472	-121.956436
6179.356384	-121.570618
6180.029297	-121.230721
6180.702209	-121.706795
6181.375122	-121.896263
6182.048035	-121.778923
6182.720947	-121.515511
6183.393860	-122.349419
6184.066772	-121.574318
6184.739685	-120.857468
6185.412598	-121.810097
6186.085510	-122.114944
6186.758423	-122.059067
6187.431335	-121.678986
6188.104248	-121.779297
6188.777161	-122.242905
6189.450073	-122.310326
6190.122986	-121.981392
6190.795898	-122.127480
6191.468811	-122.093758
6192.141724	-121.693878
6192.814636	-121.411766
6193.487549	-122.291290
6194.160461	-122.296677
6194.833374	-122.074684
6195.506287	-122.069939
6196.179199	-122.168610
6196.852112	-122.366203
6197.525024	-121.655579
6198.197937	-121.912926
6198.870850	-121.968712
6199.543762	-122.167908
6200.216675	-122.653206
6200.889587	-122.528656
6201.562500	-121.833580
6202.235413	-121.509491
6202.908325	-121.556236
6203.581238	-121.599533
6204.254150	-122.031639
6204.927063	-121.955002
6205.599976	-121.841866
6206.272888	-121.992233
6206.945801	-122.316360
6207.618713	-122.128822
6208.291626	-121.969376
6208.964539	-121.552490
6209.637451	-122.236694
6210.310364	-122.768867
6210.983276	-122.302017
6211.656189	-121.990273
6212.329102	-121.879707
6213.002014	-122.026047
6213.674927	-121.547462
6214.347839	-121.897232
6215.020752	-122.008644
6215.693665	-121.789688
6216.366577	-122.026123
6217.039490	-121.748344
6217.712402	-121.766090
6218.385315	-122.351936
6219.058228	-121.612099
6219.731140	-121.672958
6220.404053	-121.581558
6221.076965	-121.637405
6221.749878	-122.132843
6222.422791	-121.836220
6223.095703	-122.102554
6223.768616	-122.330345
6224.441528	-122.864929
6225.114441	-123.009071
6225.787354	-122.551109
6226.460266	-121.331444
6227.133179	-121.993088
6227.806091	-121.843880
6228.479004	-121.462364
6229.151917	-121.514008
6229.824829	-121.665497
6230.497742	-122.420387
6231.170654	-123.045158
6231.843567	-121.479263
6232.516479	-121.040024
6233.189392	-121.695541
6233.862305	-122.136452
6234.535217	-122.221756
6235.208130	-122.678352
6235.881042	-122.994209
6236.553955	-122.928413
6237.226868	-122.835983
6237.899780	-122.399490
6238.572693	-122.163940
6239.245605	-121.419609
6239.918518	-121.006340
6240.591431	-120.825340
6241.264343	-122.146935
6241.937256	-123.345428
6242.610168	-122.596741
6243.283081	-122.157478
6243.955994	-122.633858
6244.628906	-122.193573
6245.301819	-121.812271
6245.974731	-122.003418
6246.647644	-121.932945
6247.320557	-121.125397
6247.993469	-121.514992
6248.666382	-122.833687
6249.339294	-122.252670
6250.012207	-121.634354
6250.685120	-122.502960
6251.358032	-122.933929
6252.030945	-122.458534
6252.703857	-122.592194
6253.376770	-122.480675
6254.049683	-122.737587
6254.722595	-121.781143
6255.395508	-121.189682
6256.068420	-122.337875
6256.741333	-121.827042
6257.414246	-122.666679
6258.087158	-123.464241
6258.760071	-123.085205
6259.432983	-122.264702
6260.105896	-121.959496
6260.778809	-121.549408
6261.451721	-121.822060
6262.124634	-122.169403
6262.797546	-121.880470
6263.470459	-121.969643
6264.143372	-121.231804
6264.816284	-121.512695
6265.489197	-122.472679
6266.162109	-122.690910
6266.835022	-122.346443
6267.507935	-122.722672
6268.180847	-122.036270
6268.853760	-121.230881
6269.526672	-121.390701
6270.199585	-121.788925
6270.872498	-121.949104
6271.545410	-120.720825
6272.218323	-121.559265
6272.891235	-122.531090
6273.564148	-121.910843
6274.237061	-121.241600
6274.909973	-121.620605
6275.582886	-122.239418
6276.255798	-122.062393
6276.928711	-123.098579
6277.601624	-122.164024
6278.274536	-122.066856
6278.947449	-122.396446
6279.620361	-122.024956
6280.293274	-121.711754
6280.966187	-121.256981
6281.639099	-122.096420
6282.312012	-122.011009
6282.984924	-122.609047
6283.657837	-122.993393
6284.330750	-121.848907
6285.003662	-121.555733
6285.676575	-121.671288
6286.349487	-121.639778
6287.022400	-122.248238
6287.695312	-122.463768
6288.368225	-122.363167
6289.041138	-122.298561
6289.714050	-122.288506
6290.386963	-122.208359
6291.059875	-122.198746
6291.732788	-121.910667
6292.405701	-122.176743
6293.078613	-122.686157
6293.751526	-122.375816
6294.424438	-121.261879
6295.097351	-121.659561
6295.770264	-121.848846
6296.443176	-121.626610
6297.116089	-121.439751
6297.789001	-121.437172
6298.461914	-121.196136
6299.134827	-121.469162
6299.807739	-121.967995
6300.480652	-121.143272
6301.153564	-121.434006
6301.826477	-122.374886
6302.499390	-121.971527
6303.172302	-122.057686
6303.845215	-121.895988
6304.518127	-121.351608
6305.191040	-121.983833
6305.863953	-122.999924
6306.536865	-123.124710
6307.209778	-122.363029
6307.882690	-122.672180
6308.555603	-122.832771
6309.228516	-122.252800
6309.901428	-121.325768
6310.574341	-122.613441
6311.247253	-121.679962
6311.920166	-121.030106
6312.593079	-121.560371
6313.265991	-121.437927
6313.938904	-121.565720
6314.611816	-122.029472
6315.284729	-122.074745
6315.957642	-122.936371
6316.630554	-121.329475
6317.303467	-121.550987
6317.976379	-120.838226
6318.649292	-120.884010
6319.322205	-121.921051
6319.995117	-121.881927
6320.668030	-121.785309
6321.340942	-121.808464
6322.013855	-122.459526
6322.686768	-121.962311
6323.359680	-122.346176
6324.032593	-122.411491
6324.705505	-121.707581
6325.378418	-121.285904
6326.051331	-122.490906
6326.724243	-122.076920
6327.397156	-122.626221
6328.070068	-122.997086
6328.742981	-122.949661
6329.415894	-121.972099
6330.088806	-121.701126
6330.761719	-121.904060
6331.434631	-122.486275
6332.107544	-122.383354
6332.780457	-122.053650
6333.453369	-121.696045
6334.126282	-122.786919
6334.799194	-122.619797
6335.472107	-122.140762
6336.145020	-122.909927
6336.817932	-122.119522
6337.490845	-122.318283
6338.163757	-122.482117
6338.836670	-122.200546
6339.509583	-122.483307
6340.182495	-122.878151
6340.855408	-122.448685
6341.528320	-121.857437
6342.201233	-121.504608
6342.874146	-121.718170
6343.547058	-121.407494
6344.219971	-121.303101
6344.892883	-122.216263
6345.565796	-122.122055
6346.238708	-122.044113
6346.911621	-122.334259
6347.584534	-121.316208
6348.257446	-122.355438
6348.930359	-122.556290
6349.603271	-122.429123
6350.276184	-122.328529
6350.949097	-122.312218
6351.622009	-121.788315
6352.294922	-121.668304
6352.967834	-121.778778
6353.640747	-121.442009
6354.313660	-121.264397
6354.986572	-121.530708
6355.659485	-121.396599
6356.332397	-121.378822
6357.005310	-121.900383
6357.678223	-121.772797
6358.351135	-122.406464
6359.024048	-122.577866
6359.696960	-122.327011
6360.369873	-121.996529
6361.042786	-122.016129
6361.715698	-122.120651
6362.388611	-122.147606
6363.061523	-122.528557
6363.734436	-122.140190
6364.407349	-121.910088
6365.080261	-121.545593
6365.753174	-121.885925
6366.426086	-121.428719
6367.098999	-121.455025
6367.771912	-122.079422
6368.444824	-121.740707
6369.117737	-121.562614
6369.790649	-122.057236
6370.463562	-121.733871
6371.136475	-121.557167
6371.809387	-121.945908
6372.482300	-122.419914
6373.155212	-122.243080
6373.828125	-121.539299
6374.501038	-122.045807
6375.173950	-122.133957
6375.846863	-121.749832
6376.519775	-122.485962
6377.192688	-122.014046
6377.865601	-121.555840
6378.538513	-121.826828
6379.211426	-122.045326
6379.884338	-121.497147
6380.557251	-120.947983
6381.230164	-122.311905
6381.903076	-122.099396
6382.575989	-122.139221
6383.248901	-121.564400
6383.921814	-121.623314
6384.594727	-121.687202
6385.267639	-122.275894
6385.940552	-121.404221
6386.613464	-121.762192
6387.286377	-122.042183
6387.959290	-121.553055
6388.632202	-121.757439
6389.305115	-121.997963
6389.978027	-122.741104
6390.650940	-123.598412
6391.323853	-122.526855
6391.996765	-122.195114
6392.669678	-122.385735
6393.342590	-121.970856
6394.015503	-122.155647
6394.688416	-122.821625
6395.361328	-122.303276
6396.034241	-122.688126
6396.707153	-122.694359
6397.380066	-121.793129
6398.052979	-121.464668
6398.725891	-121.564041
6399.398804	-122.575562
6400.071716	-122.707710
6400.744629	-121.796440
6401.417542	-121.950157
6402.090454	-122.527176
6402.763367	-121.979424
6403.436279	-122.287582
6404.109192	-122.615913
6404.782104	-121.985435
6405.455017	-122.857254
6406.127930	-121.843735
6406.800842	-121.726593
6407.473755	-122.423904
6408.146667	-122.127762
6408.819580	-122.363823
6409.492493	-121.710808
6410.165405	-122.697060
6410.838318	-122.553787
6411.511230	-122.717308
6412.184143	-122.398140
6412.857056	-122.383064
6413.529968	-122.657639
6414.202881	-121.981285
6414.875793	-122.039803
6415.548706	-121.761726
6416.221619	-121.325844
6416.894531	-121.161362
6417.567444	-121.184334
6418.240356	-121.491951
6418.913269	-122.019135
6419.586182	-122.327942
6420.259094	-121.823303
6420.932007	-122.264275
6421.604919	-121.998650
6422.277832	-121.811981
6422.950745	-121.836304
6423.623657	-121.423103
6424.296570	-121.515144
6424.969482	-122.327690
6425.642395	-122.815453
6426.315308	-122.798271
6426.988220	-122.591415
6427.661133	-121.663902
6428.334045	-122.107231
6429.006958	-122.417770
6429.679871	-122.308060
6430.352783	-122.526802
6431.025696	-122.761543
6431.698608	-121.397858
6432.371521	-121.136086
6433.044434	-122.235130
6433.717346	-121.405029
6434.390259	-121.465508
6435.063171	-121.525391
6435.736084	-122.519562
6436.408997	-122.525024
6437.081909	-122.443596
6437.754822	-122.905228
6438.427734	-122.231750
6439.100647	-121.599342
6439.773560	-121.274689
6440.446472	-122.127464
6441.119385	-122.258293
6441.792297	-122.854538
6442.465210	-123.221489
6443.138123	-121.837845
6443.811035	-121.766106
6444.483948	-122.223358
6445.156860	-122.613533
6445.829773	-122.220467
6446.502686	-122.733482
6447.175598	-123.784332
6447.848511	-122.853477
6448.521423	-122.312813
6449.194336	-122.584511
6449.867249	-122.086075
6450.540161	-121.396721
6451.213074	-122.088005
6451.885986	-121.668358
6452.558899	-120.860481
6453.231812	-121.791946
6453.904724	-122.557564
6454.577637	-122.337753
6455.250549	-121.572464
6455.923462	-122.283653
6456.596375	-122.690186
6457.269287	-122.285057
6457.942200	-122.297745
6458.615112	-121.358780
6459.288025	-122.486710
6459.960938	-122.770241
6460.633850	-123.264259
6461.306763	-123.031258
6461.979675	-121.989418
6462.652588	-122.349075
6463.325500	-122.565582
6463.998413	-122.311951
6464.671326	-121.872604
6465.344238	-121.789200
6466.017151	-122.358170
6466.690063	-122.164040
6467.362976	-122.398148
6468.035889	-122.373245
6468.708801	-121.820290
6469.381714	-121.183792
6470.054626	-121.930054
6470.727539	-121.208382
6471.400452	-121.278328
6472.073364	-121.818237
6472.746277	-122.139053
6473.419189	-122.387634
6474.092102	-122.918144
6474.765015	-122.764000
6475.437927	-122.317497
6476.110840	-121.426750
6476.783752	-121.574844
6477.456665	-122.109337
6478.129578	-122.665779
6478.802490	-122.808899
6479.475403	-122.889214
6480.148315	-122.464622
6480.821228	-122.221603
6481.494141	-122.037590
6482.167053	-122.207947
6482.839966	-122.226692
6483.512878	-122.367584
6484.185791	-121.988884
6484.858704	-122.457603
6485.531616	-123.122543
6486.204529	-122.430618
6486.877441	-121.070755
6487.550354	-121.394836
6488.223267	-122.299522
6488.896179	-121.805504
6489.569092	-122.544556
6490.242004	-122.816795
6490.914917	-121.561028
6491.587830	-121.687347
6492.260742	-121.630066
6492.933655	-121.817101
6493.606567	-122.108002
6494.279480	-122.586174
6494.952393	-122.298500
6495.625305	-122.228615
6496.298218	-122.469681
6496.971130	-122.413223
6497.644043	-121.895645
6498.316956	-122.340385
6498.989868	-121.862160
6499.662781	-121.822144
6500.335693	-122.433983
6501.008606	-122.179062
6501.681519	-121.121605
6502.354431	-120.781425
6503.027344	-121.168846
6503.700256	-121.510178
6504.373169	-122.801735
6505.046082	-122.313591
6505.718994	-121.423157
6506.391907	-121.910011
6507.064819	-121.943367
6507.737732	-121.510376
6508.410645	-121.762291
6509.083557	-122.427391
6509.756470	-121.846474
6510.429382	-122.288193
6511.102295	-121.868759
6511.775208	-120.916718
6512.448120	-121.354073
6513.121033	-121.879417
6513.793945	-122.145287
6514.466858	-121.827484
6515.139771	-122.077682
6515.812683	-122.773880
6516.485596	-121.824020
6517.158508	-122.437103
6517.831421	-121.596359
6518.504333	-121.507874
6519.177246	-122.844009
6519.850159	-122.254639
6520.523071	-121.642868
6521.195984	-122.138512
6521.868896	-122.183205
6522.541809	-122.438026
6523.214722	-121.178223
6523.887634	-121.870262
6524.560547	-122.790817
6525.233459	-123.007126
6525.906372	-122.376091
6526.579285	-121.710449
6527.252197	-121.860497
6527.925110	-122.425232
6528.598022	-122.637817
6529.270935	-122.988800
6529.943848	-122.482994
6530.616760	-121.265648
6531.289673	-121.376144
6531.962585	-122.091789
6532.635498	-121.357094
6533.308411	-120.978355
6533.981323	-121.629730
6534.654236	-122.166519
6535.327148	-121.688965
6536.000061	-121.960762
6536.672974	-122.061508
6537.345886	-121.537590
6538.018799	-121.655006
6538.691711	-122.073921
6539.364624	-122.231682
6540.037537	-122.708481
6540.710449	-122.662750
6541.383362	-121.796051
6542.056274	-121.940193
6542.729187	-122.055267
6543.402100	-122.423584
6544.075012	-122.037056
6544.747925	-121.715538
6545.420837	-122.110107
6546.093750	-122.318138
6546.766663	-121.819824
6547.439575	-122.379356
6548.112488	-121.745110
6548.785400	-121.585533
6549.458313	-121.778366
6550.131226	-121.702438
6550.804138	-121.682777
6551.477051	-121.914017
6552.149963	-122.842667
6552.822876	-122.674225
6553.495789	-122.819427
6554.168701	-122.179588
6554.841614	-122.383392
6555.514526	-121.829483
6556.187439	-121.571251
6556.860352	-121.736771
6557.533264	-122.232445
6558.206177	-122.399933
6558.879089	-122.550476
6559.552002	-121.546776
6560.224915	-121.768654
6560.897827	-122.064423
6561.570740	-121.447861
6562.243652	-120.896210
6562.916565	-121.039627
6563.589478	-121.234818
6564.262390	-121.437195
6564.935303	-122.011284
6565.608215	-121.432312
6566.281128	-121.463646
6566.954041	-121.444374
6567.626953	-122.133736
6568.299866	-122.179184
6568.972778	-121.260231
6569.645691	-121.338676
6570.318604	-122.608414
6570.991516	-122.707283
6571.664429	-122.015228
6572.337341	-121.654297
6573.010254	-122.113716
6573.683167	-122.464455
6574.356079	-122.444725
6575.028992	-121.723923
6575.701904	-122.042946
6576.374817	-122.215706
6577.047729	-122.968475
6577.720642	-122.660133
6578.393555	-122.022598
6579.066467	-121.523628
6579.739380	-121.441429
6580.412292	-120.750107
6581.085205	-122.195518
6581.758118	-122.238487
6582.431030	-122.039276
6583.103943	-122.092865
6583.776855	-122.952530
6584.449768	-123.016396
6585.122681	-121.897423
6585.795593	-121.627045
6586.468506	-122.137886
6587.141418	-122.330704
6587.814331	-122.552696
6588.487244	-122.401337
6589.160156	-122.491165
6589.833069	-122.622009
6590.505981	-122.370331
6591.178894	-121.678154
6591.851807	-121.760933
6592.524719	-121.420746
6593.197632	-121.305443
6593.870544	-121.784813
6594.543457	-122.143562
6595.216370	-122.115021
6595.889282	-122.222229
6596.562195	-122.650284
6597.235107	-122.979836
6597.908020	-122.842049
6598.580933	-121.759254
6599.253845	-122.295433
6599.926758	-122.809387
6600.599670	-122.851280
6601.272583	-122.924026
6601.945496	-121.277519
6602.618408	-121.832657
6603.291321	-121.916153
6603.964233	-121.725868
6604.637146	-121.716454
6605.310059	-121.704430
6605.982971	-122.702141
6606.655884	-122.542152
6607.328796	-121.903687
6608.001709	-122.171272
6608.674622	-122.065025
6609.347534	-121.278175
6610.020447	-121.299980
6610.693359	-121.519165
6611.366272	-121.300896
6612.039185	-121.888771
6612.712097	-121.468361
6613.385010	-120.799408
6614.057922	-121.284492
6614.730835	-121.752098
6615.403748	-121.933861
6616.076660	-121.831718
6616.749573	-121.477402
6617.422485	-122.147270
6618.095398	-121.566254
6618.768311	-122.239883
6619.441223	-121.957329
6620.114136	-121.243317
6620.787048	-122.047020
6621.459961	-122.337349
6622.132874	-121.860657
6622.805786	-121.716400
6623.478699	-121.654465
6624.151611	-122.504547
6624.824524	-122.142036
6625.497437	-121.215851
6626.170349	-121.653175
6626.843262	-121.777168
6627.516174	-121.441139
6628.189087	-122.336884
6628.862000	-122.232941
6629.534912	-122.575951
6630.207825	-122.184029
6630.880737	-122.057777
6631.553650	-122.209656
6632.226562	-122.055473
6632.899475	-122.203857
6633.572388	-122.133369
6634.245300	-122.128471
6634.918213	-121.975807
6635.591125	-122.123100
6636.264038	-121.844185
6636.936951	-121.915230
6637.609863	-122.358780
6638.282776	-122.738556
6638.955688	-121.839218
6639.628601	-121.984772
6640.301514	-122.112503
6640.974426	-122.692223
6641.647339	-122.981606
6642.320251	-122.063469
6642.993164	-121.449112
6643.666077	-122.174400
6644.338989	-122.235176
6645.011902	-122.331871
6645.684814	-122.283775
6646.357727	-122.453384
6647.030640	-122.529564
6647.703552	-122.109116
6648.376465	-121.338371
6649.049377	-121.553963
6649.722290	-122.095840
6650.395203	-122.530670
6651.068115	-122.479706
6651.741028	-122.317032
6652.413940	-121.716576
6653.086853	-120.934708
6653.759766	-121.034576
6654.432678	-122.062126
6655.105591	-122.920883
6655.778503	-123.278442
6656.451416	-121.763420
6657.124329	-121.848587
6657.797241	-122.432724
6658.470154	-122.127243
6659.143066	-121.577072
6659.815979	-121.552574
6660.488892	-121.860916
6661.161804	-122.686661
6661.834717	-122.587479
6662.507629	-121.945786
6663.180542	-122.309891
6663.853455	-122.825409
6664.526367	-121.447578
6665.199280	-121.139771
6665.872192	-121.185097
6666.545105	-122.228386
6667.218018	-121.257904
6667.890930	-121.981133
6668.563843	-123.163353
6669.236755	-122.825310
6669.909668	-122.346931
6670.582581	-121.908516
6671.255493	-121.764748
6671.928406	-121.224670
6672.601318	-121.188004
6673.274231	-121.882538
6673.947144	-121.941956
6674.620056	-121.584328
6675.292969	-121.900513
6675.965881	-122.308113
6676.638794	-122.367813
6677.311707	-121.954117
6677.984619	-121.783142
6678.657532	-122.200577
6679.330444	-121.948898
6680.003357	-120.847191
6680.676270	-120.620430
6681.349182	-121.475342
6682.022095	-122.406036
6682.695007	-122.248169
6683.367920	-121.870613
6684.040833	-121.892609
6684.713745	-121.448036
6685.386658	-122.254128
6686.059570	-122.062584
6686.732483	-122.304153
6687.405396	-122.740242
6688.078308	-122.875610
6688.751221	-122.018211
6689.424133	-121.796898
6690.097046	-121.188332
6690.769958	-122.058678
6691.442871	-122.382172
6692.115784	-122.374779
6692.788696	-121.589554
6693.461609	-121.961662
6694.134521	-122.613876
6694.807434	-123.248795
6695.480347	-122.439545
6696.153259	-122.307365
6696.826172	-122.578514
6697.499084	-122.056938
6698.171997	-122.008362
6698.844910	-122.564964
6699.517822	-123.003021
6700.190735	-122.679199
6700.863647	-122.321053
6701.536560	-121.951874
6702.209473	-121.963142
6702.882385	-122.457954
6703.555298	-122.490120
6704.228210	-122.276093
6704.901123	-121.649529
6705.574036	-121.285515
6706.246948	-121.519562
6706.919861	-121.074715
6707.592773	-121.464500
6708.265686	-121.990623
6708.938599	-122.278526
6709.611511	-120.957916
6710.284424	-121.248466
6710.957336	-122.194466
6711.630249	-122.397003
6712.303162	-121.647064
6712.976074	-121.896362
6713.648987	-122.392159
6714.321899	-122.019249
6714.994812	-120.588303
6715.667725	-121.945770
6716.340637	-122.477272
6717.013550	-122.344093
6717.686462	-122.756638
6718.359375	-122.714569
6719.032288	-122.060242
6719.705200	-121.830238
6720.378113	-121.323280
6721.051025	-122.283043
6721.723938	-122.242279
6722.396851	-121.693336
6723.069763	-123.153046
6723.742676	-122.566887
6724.415588	-122.995255
6725.088501	-122.718849
6725.761414	-122.153061
6726.434326	-122.138519
6727.107239	-121.675339
6727.780151	-121.881554
6728.453064	-121.645050
6729.125977	-122.101501
6729.798889	-122.185776
6730.471802	-122.201042
6731.144714	-122.199425
6731.817627	-122.033180
6732.490540	-122.672012
6733.163452	-122.481354
6733.836365	-122.600624
6734.509277	-122.395439
6735.182190	-122.568832
6735.855103	-121.392082
6736.528015	-122.061821
6737.200928	-123.021461
6737.873840	-121.443756
6738.546753	-120.598541
6739.219666	-121.886223
6739.892578	-122.133949
6740.565491	-122.147957
6741.238403	-121.970558
6741.911316	-121.608368
6742.584229	-122.311668
6743.257141	-122.555878
6743.930054	-122.126007
6744.602966	-121.957382
6745.275879	-121.462524
6745.948792	-121.639496
6746.621704	-121.786507
6747.294617	-122.085732
6747.967529	-121.449791
6748.640442	-121.104607
6749.313354	-121.752159
6749.986267	-122.026825
6750.659180	-121.569427
6751.332092	-121.016739
6752.005005	-120.744347
6752.677917	-121.056274
6753.350830	-121.868217
6754.023743	-121.952446
6754.696655	-121.395027
6755.369568	-121.479378
6756.042480	-122.147293
6756.715393	-121.443878
6757.388306	-122.181252
6758.061218	-122.609444
6758.734131	-122.408630
6759.407043	-122.086273
6760.079956	-121.250473
6760.752869	-121.223877
6761.425781	-121.770592
6762.098694	-121.973572
6762.771606	-122.702827
6763.444519	-122.666573
6764.117432	-121.819817
6764.790344	-122.059174
6765.463257	-121.959831
6766.136169	-121.881027
6766.809082	-122.826775
6767.481995	-121.783623
6768.154907	-121.162910
6768.827820	-121.821465
6769.500732	-122.005486
6770.173645	-121.302994
6770.846558	-121.298553
6771.519470	-122.207077
6772.192383	-122.988274
6772.865295	-122.411888
6773.538208	-121.574089
6774.211121	-122.002419
6774.884033	-122.167740
6775.556946	-122.628021
6776.229858	-122.444305
6776.902771	-122.204994
6777.575684	-122.556450
6778.248596	-121.973793
6778.921509	-122.171425
6779.594421	-122.773270
6780.267334	-122.170105
6780.940247	-121.837402
6781.613159	-121.312988
6782.286072	-121.054077
6782.958984	-121.616127
6783.631897	-122.402084
6784.304810	-121.964966
6784.977722	-122.678078
6785.650635	-122.309311
6786.323547	-121.181480
6786.996460	-122.324844
6787.669373	-122.662636
6788.342285	-122.614944
6789.015198	-122.003494
6789.688110	-122.138298
6790.361023	-123.081482
6791.033936	-122.681419
6791.706848	-121.300598
6792.379761	-121.176315
6793.052673	-121.853706
6793.725586	-122.816666
6794.398499	-122.597076
6795.071411	-122.684250
6795.744324	-123.210564
6796.417236	-122.517937
6797.090149	-122.038490
6797.763062	-121.773109
6798.435974	-122.344147
6799.108887	-122.930939
6799.781799	-123.548805
6800.454712	-122.895531
6801.127625	-122.525169
6801.800537	-122.634613
6802.473450	-122.586983
6803.146362	-122.186890
6803.819275	-121.893547
6804.492188	-122.240105
6805.165100	-122.432793
6805.838013	-121.994026
6806.510925	-121.981560
6807.183838	-122.221703
6807.856750	-122.141731
6808.529663	-122.276939
6809.202576	-122.026009
6809.875488	-122.378609
6810.548401	-121.592445
6811.221313	-122.291542
6811.894226	-121.715698
6812.567139	-121.601807
6813.240051	-122.503639
6813.912964	-122.267746
6814.585876	-120.970070
6815.258789	-121.136368
6815.931702	-122.467590
6816.604614	-122.278587
6817.277527	-121.935356
6817.950439	-122.186417
6818.623352	-122.174660
6819.296265	-121.011330
6819.969177	-121.671036
6820.642090	-121.071014
6821.315002	-121.157120
6821.987915	-121.535400
6822.660828	-121.418816
6823.333740	-120.965988
6824.006653	-122.133621
6824.679565	-122.415642
6825.352478	-121.961227
6826.025391	-122.179596
6826.698303	-122.688881
6827.371216	-122.088844
6828.044128	-121.856789
6828.717041	-122.797249
6829.389954	-123.307419
6830.062866	-122.952538
6830.735779	-122.739433
6831.408691	-122.301689
6832.081604	-122.171669
6832.754517	-121.895538
6833.427429	-121.314041
6834.100342	-121.243301
6834.773254	-121.864754
6835.446167	-121.529366
6836.119080	-121.926674
6836.791992	-121.781754
6837.464905	-121.231560
6838.137817	-121.400436
6838.810730	-122.123688
6839.483643	-122.377594
6840.156555	-122.056923
6840.829468	-121.635284
6841.502380	-121.105690
6842.175293	-121.824234
6842.848206	-121.620789
6843.521118	-122.267815
6844.194031	-122.610977
6844.866943	-121.911125
6845.539856	-122.420799
6846.212769	-122.568016
6846.885681	-122.571915
6847.558594	-123.272598
6848.231506	-122.671516
6848.904419	-121.682327
6849.577332	-121.674637
6850.250244	-122.238785
6850.923157	-122.963448
6851.596069	-121.568939
6852.268982	-121.950928
6852.941895	-121.781181
6853.614807	-121.851944
6854.287720	-122.549461
6854.960632	-122.339249
6855.633545	-122.804291
6856.306458	-121.978226
6856.979370	-121.935562
6857.652283	-122.569366
6858.325195	-122.054161
6858.998108	-122.245407
6859.671021	-121.822502
6860.343933	-121.781036
6861.016846	-122.259453
6861.689758	-121.973808
6862.362671	-122.102356
6863.035583	-121.922302
6863.708496	-121.787895
6864.381409	-122.182274
6865.054321	-121.881027
6865.727234	-121.705025
6866.400146	-122.094048
6867.073059	-122.148712
6867.745972	-122.166061
6868.418884	-122.457703
6869.091797	-121.711845
6869.764709	-121.195709
6870.437622	-122.497261
6871.110535	-121.845345
6871.783447	-121.193939
6872.456360	-121.804260
6873.129272	-122.131958
6873.802185	-122.731483
6874.475098	-122.621033
6875.148010	-122.381645
6875.820923	-121.952141
6876.493835	-122.690926
6877.166748	-122.244354
6877.839661	-121.943474
6878.512573	-122.875366
6879.185486	-122.136337
6879.858398	-122.164680
6880.531311	-122.711060
6881.204224	-122.453011
6881.877136	-122.848854
6882.550049	-122.245453
6883.222961	-122.385445
6883.895874	-122.271698
6884.568787	-122.592850
6885.241699	-121.731934
6885.914612	-121.359077
6886.587524	-122.683441
6887.260437	-122.016739
6887.933350	-121.598038
6888.606262	-122.425262
6889.279175	-122.895515
6889.952087	-122.963417
6890.625000	-122.836998
6891.297913	-121.749374
6891.970825	-122.148346
6892.643738	-121.671326
6893.316650	-121.822372
6893.989563	-121.325523
6894.662476	-121.388390
6895.335388	-122.546692
6896.008301	-123.062973
6896.681213	-122.337074
6897.354126	-122.218452
6898.027039	-122.149612
6898.699951	-121.819824
6899.372864	-122.435936
6900.045776	-122.368927
6900.718689	-122.429153
6901.391602	-122.585205
6902.064514	-122.526039
6902.737427	-121.803474
6903.410339	-121.943184
6904.083252	-122.042145
6904.756165	-120.921410
6905.429077	-121.256866
6906.101990	-121.981300
6906.774902	-121.633316
6907.447815	-121.332947
6908.120728	-121.581017
6908.793640	-121.798409
6909.466553	-121.136879
6910.139465	-121.876587
6910.812378	-121.924065
6911.485291	-122.995880
6912.158203	-122.646645
6912.831116	-121.838966
6913.504028	-122.598061
6914.176941	-122.230377
6914.849854	-121.523903
6915.522766	-121.619148
6916.195679	-122.812920
6916.868591	-122.390793
6917.541504	-122.302849
6918.214417	-121.447670
6918.887329	-121.430176
6919.560242	-121.745056
6920.233154	-122.521019
6920.906067	-122.300362
6921.578979	-122.224266
6922.251892	-122.796722
6922.924805	-122.596657
6923.597717	-122.489098
6924.270630	-121.703598
6924.943542	-122.722679
6925.616455	-123.176659
6926.289368	-121.963142
6926.962280	-121.599808
6927.635193	-121.991142
6928.308105	-122.101051
6928.981018	-122.202660
6929.653931	-122.356522
6930.326843	-122.052681
6930.999756	-121.870125
6931.672668	-121.485344
6932.345581	-122.030991
6933.018494	-122.532249
6933.691406	-120.885910
6934.364319	-120.717224
6935.037231	-121.575119
6935.710144	-121.803436
6936.383057	-123.898399
6937.055969	-122.634941
6937.728882	-122.128525
6938.401794	-121.950302
6939.074707	-121.616089
6939.747620	-121.456642
6940.420532	-122.326645
6941.093445	-123.444176
6941.766357	-122.502556
6942.439270	-121.726578
6943.112183	-122.290932
6943.785095	-122.092262
6944.458008	-120.901169
6945.130920	-121.239433
6945.803833	-121.434921
6946.476746	-121.293457
6947.149658	-121.753891
6947.822571	-122.561333
6948.495483	-122.582596
6949.168396	-122.650703
6949.841309	-122.767517
6950.514221	-122.275406
6951.187134	-122.107002
6951.860046	-121.860481
6952.532959	-120.866447
6953.205872	-121.145309
6953.878784	-122.022049
6954.551697	-122.567780
6955.224609	-121.729973
6955.897522	-120.671486
6956.570435	-120.889290
6957.243347	-122.117653
6957.916260	-123.128998
6958.589172	-122.858803
6959.262085	-122.737541
6959.934998	-122.465492
6960.607910	-123.032539
6961.280823	-122.868881
6961.953735	-122.455116
6962.626648	-122.528557
6963.299561	-121.956329
6963.972473	-122.213516
6964.645386	-122.243980
6965.318298	-121.942970
6965.991211	-122.303566
6966.664124	-122.595802
6967.337036	-121.974075
6968.009949	-122.487694
6968.682861	-121.783783
6969.355774	-121.605652
6970.028687	-121.542381
6970.701599	-122.011124
6971.374512	-121.791573
6972.047424	-121.645798
6972.720337	-121.695374
6973.393250	-121.461044
6974.066162	-121.680542
6974.739075	-122.077667
6975.411987	-121.919174
6976.084900	-121.699142
6976.757812	-122.694870
6977.430725	-122.767097
6978.103638	-122.101807
6978.776550	-122.057091
6979.449463	-122.269951
6980.122375	-122.690613
6980.795288	-123.198265
6981.468201	-122.829399
6982.141113	-122.032181
6982.814026	-121.439255
6983.486938	-122.092049
6984.159851	-121.825027
6984.832764	-122.541031
6985.505676	-122.232903
6986.178589	-122.826942
6986.851501	-122.118233
6987.524414	-122.477982
6988.197327	-122.384003
6988.870239	-122.236107
6989.543152	-123.050392
6990.216064	-121.985886
6990.888977	-122.687813
6991.561890	-122.786354
6992.234802	-122.388130
6992.907715	-121.864716
6993.580627	-121.668739
6994.253540	-121.975143
6994.926453	-121.962532
6995.599365	-122.501587
6996.272278	-121.291275
6996.945190	-121.722900
6997.618103	-121.948593
6998.291016	-121.771133
6998.963928	-122.099289
6999.636841	-122.556839
7000.309753	-122.482925
7000.982666	-122.221565
7001.655579	-121.789299
7002.328491	-121.831474
7003.001404	-121.906197
7003.674316	-122.326569
7004.347229	-122.385353
7005.020142	-122.395813
7005.693054	-121.743256
7006.365967	-122.344559
7007.038879	-122.361588
7007.711792	-122.510948
7008.384705	-123.284073
7009.057617	-123.108307
7009.730530	-122.430084
7010.403442	-121.830711
7011.076355	-121.570869
7011.749268	-121.622726
7012.422180	-122.517868
7013.095093	-122.996468
7013.768005	-122.513718
7014.440918	-121.988892
7015.113831	-122.204224
7015.786743	-122.228973
7016.459656	-121.752480
7017.132568	-121.422119
7017.805481	-122.043686
7018.478394	-123.417458
7019.151306	-123.060112
7019.824219	-122.137100
7020.497131	-122.149094
7021.170044	-121.567902
7021.842957	-121.777374
7022.515869	-122.707207
7023.188782	-122.499565
7023.861694	-122.441566
7024.534607	-121.859673
7025.207520	-122.039696
7025.880432	-121.755920
7026.553345	-121.746193
7027.226257	-121.656784
7027.899170	-121.445824
7028.572083	-122.006706
7029.244995	-122.810646
7029.917908	-123.042030
7030.590820	-122.007607
7031.263733	-121.635155
7031.936646	-122.126472
7032.609558	-122.457092
7033.282471	-121.420654
7033.955383	-122.436760
7034.628296	-122.593315
7035.301208	-122.296074
7035.974121	-121.928223
7036.647034	-122.652512
7037.319946	-122.683990
7037.992859	-121.942642
7038.665771	-122.731476
7039.338684	-122.572495
7040.011597	-122.470757
7040.684509	-122.340317
7041.357422	-122.461014
7042.030334	-122.237152
7042.703247	-122.443436
7043.376160	-122.146065
7044.049072	-121.804123
7044.721985	-122.299271
7045.394897	-122.044601
7046.067810	-122.180283
7046.740723	-122.442329
7047.413635	-122.224075
7048.086548	-122.431091
7048.759460	-122.289383
7049.432373	-122.224915
7050.105286	-121.560211
7050.778198	-122.400215
7051.451111	-122.569687
7052.124023	-122.128540
7052.796936	-122.039688
7053.469849	-122.243744
7054.142761	-122.018066
7054.815674	-122.257805
7055.488586	-121.921906
7056.161499	-121.772217
7056.834412	-122.636246
7057.507324	-122.322731
7058.180237	-122.166519
7058.853149	-122.455734
7059.526062	-122.473686
7060.198975	-120.959053
7060.871887	-120.504463
7061.544800	-122.206947
7062.217712	-122.237022
7062.890625	-122.723015
7063.563538	-121.547928
7064.236450	-121.138672
7064.909363	-122.187660
7065.582275	-122.189301
7066.255188	-121.367905
7066.928101	-122.008224
7067.601013	-121.629875
7068.273926	-121.135849
7068.946838	-120.703392
7069.619751	-121.631958
7070.292664	-121.982010
7070.965576	-121.457954
7071.638489	-121.631073
7072.311401	-121.600685
7072.984314	-121.747299
7073.657227	-121.901581
7074.330139	-121.861923
7075.003052	-122.511307
7075.675964	-122.353584
7076.348877	-122.812920
7077.021790	-122.778389
7077.694702	-121.750343
7078.367615	-122.006912
7079.040527	-122.661720
7079.713440	-122.282715
7080.386353	-123.105469
7081.059265	-121.707626
7081.732178	-121.750114
7082.405090	-121.734100
7083.078003	-121.754982
7083.750916	-121.756325
7084.423828	-121.543495
7085.096741	-122.298454
7085.769653	-122.520332
7086.442566	-122.102623
7087.115479	-122.088211
7087.788391	-122.305107
7088.461304	-122.489319
7089.134216	-122.767410
7089.807129	-121.815323
7090.480042	-121.465233
7091.152954	-121.096779
7091.825867	-121.570335
7092.498779	-121.641228
7093.171692	-121.271004
7093.844604	-121.465439
7094.517517	-122.760826
7095.190430	-122.804581
7095.863342	-122.375648
7096.536255	-121.893150
7097.209167	-122.262184
7097.882080	-121.793335
7098.554993	-122.241425
7099.227905	-122.312439
7099.900818	-121.125214
7100.573730	-121.371674
7101.246643	-121.463257
7101.919556	-121.890495
7102.592468	-121.609535
7103.265381	-121.115822
7103.938293	-121.549263
7104.611206	-121.660667
7105.284119	-121.972588
7105.957031	-121.923401
7106.629944	-121.523285
7107.302856	-122.045433
7107.975769	-122.255844
7108.648682	-122.723694
7109.321594	-122.000397
7109.994507	-121.753609
7110.667419	-121.438080
7111.340332	-122.094597
7112.013245	-121.726112
7112.686157	-121.662109
7113.359070	-122.083000
7114.031982	-122.019073
7114.704895	-122.105339
7115.377808	-122.721718
7116.050720	-121.604500
7116.723633	-120.764046
7117.396545	-121.262436
7118.069458	-121.128891
7118.742371	-121.068306
7119.415283	-121.738274
7120.088196	-122.748138
7120.761108	-121.596504
7121.434021	-122.118736
7122.106934	-122.230118
7122.779846	-121.647415
7123.452759	-122.366211
7124.125671	-122.800781
7124.798584	-122.492706
7125.471497	-122.445244
7126.144409	-122.238373
7126.817322	-122.126350
7127.490234	-121.836006
7128.163147	-122.595779
7128.836060	-122.498268
7129.508972	-121.910789
7130.181885	-121.839989
7130.854797	-122.296814
7131.527710	-122.742126
7132.200623	-122.019829
7132.873535	-122.013382
7133.546448	-122.711670
7134.219360	-122.158371
7134.892273	-122.241219
7135.565186	-122.495735
7136.238098	-121.514351
7136.911011	-121.350204
7137.583923	-122.113533
7138.256836	-122.685242
7138.929749	-122.170097
7139.602661	-121.662048
7140.275574	-121.748047
7140.948486	-121.445969
7141.621399	-121.462135
7142.294312	-122.398811
7142.967224	-122.671059
7143.640137	-122.190102
7144.313049	-122.191193
7144.985962	-122.319992
7145.658875	-122.138237
7146.331787	-121.296944
7147.004700	-121.322807
7147.677612	-122.382797
7148.350525	-122.244965
7149.023438	-121.800041
7149.696350	-122.597221
7150.369263	-122.806084
7151.042175	-122.111877
7151.715088	-121.757408
7152.388000	-122.257988
7153.060913	-121.904839
7153.733826	-122.371170
7154.406738	-123.139183
7155.079651	-121.874207
7155.752563	-120.993057
7156.425476	-121.323761
7157.098389	-121.434273
7157.771301	-121.585648
7158.444214	-121.822365
7159.117126	-121.760452
7159.790039	-122.596085
7160.462952	-123.001236
7161.135864	-122.509224
7161.808777	-122.049240
7162.481689	-122.685272
7163.154602	-122.634750
7163.827515	-122.076843
7164.500427	-122.558487
7165.173340	-122.490707
7165.846252	-121.446342
7166.519165	-122.287247
7167.192078	-121.452263
7167.864990	-120.661659
7168.537903	-121.311134
7169.210815	-122.320129
7169.883728	-122.156548
7170.556641	-121.551895
7171.229553	-121.732239
7171.902466	-122.269249
7172.575378	-121.584816
7173.248291	-122.368896
7173.921204	-122.572731
7174.594116	-122.095863
7175.267029	-121.795898
7175.939941	-121.231155
7176.612854	-121.526917
7177.285767	-122.446457
7177.958679	-122.486885
7178.631592	-123.361656
7179.304504	-121.707458
7179.977417	-121.800636
7180.650330	-122.889977
7181.323242	-123.072319
7181.996155	-122.500404
7182.669067	-122.431534
7183.341980	-122.042328
7184.014893	-121.700134
7184.687805	-121.849686
7185.360718	-122.652489
7186.033630	-122.249565
7186.706543	-122.187424
7187.379456	-121.990128
7188.052368	-122.175995
7188.725281	-121.974594
7189.398193	-122.083496
7190.071106	-121.324585
7190.744019	-120.629745
7191.416931	-121.411392
7192.089844	-122.995567
7192.762756	-122.294868
7193.435669	-121.746605
7194.108582	-121.684357
7194.781494	-121.954376
7195.454407	-121.846352
7196.127319	-122.481781
7196.800232	-122.330978
7197.473145	-121.934624
7198.146057	-122.707535
7198.818970	-122.191826
7199.491882	-122.154175
7200.164795	-123.257584
7200.837708	-121.862312
7201.510620	-121.706802
7202.183533	-121.496506
7202.856445	-122.209320
7203.529358	-121.695358
7204.202271	-121.660812
7204.875183	-122.608086
7205.548096	-122.893845
7206.221008	-122.113136
7206.893921	-122.227936
7207.566833	-122.832664
7208.239746	-123.849167
7208.912659	-122.581139
7209.585571	-122.251907
7210.258484	-123.040787
7210.931396	-122.107628
7211.604309	-121.029854
7212.277222	-121.405128
7212.950134	-121.361656
7213.623047	-122.282532
7214.295959	-122.749794
7214.968872	-122.475304
7215.641785	-122.353050
7216.314697	-121.965981
7216.987610	-122.502686
7217.660522	-122.780190
7218.333435	-122.355949
7219.006348	-122.086922
7219.679260	-122.003494
7220.352173	-121.295547
7221.025085	-122.030899
7221.697998	-122.319260
7222.370911	-122.177368
7223.043823	-122.091690
7223.716736	-122.483559
7224.389648	-122.185570
7225.062561	-122.254944
7225.735474	-122.733612
7226.408386	-122.082581
7227.081299	-122.304199
7227.754211	-122.260437
7228.427124	-122.538658
7229.100037	-122.838753
7229.772949	-122.022232
7230.445862	-122.471939
7231.118774	-122.909584
7231.791687	-122.092567
7232.464600	-122.072273
7233.137512	-122.838364
7233.810425	-122.519928
7234.483337	-122.079498
7235.156250	-121.305069
7235.829163	-121.666367
7236.502075	-121.234421
7237.174988	-122.256294
7237.847900	-122.003441
7238.520813	-121.357811
7239.193726	-121.505684
7239.866638	-122.480125
7240.539551	-121.784576
7241.212463	-121.333145
7241.885376	-121.030975
7242.558289	-121.137398
7243.231201	-122.354568
7243.904114	-122.903702
7244.577026	-122.936104
7245.249939	-121.850258
7245.922852	-122.098053
7246.595764	-122.212013
7247.268677	-121.921066
7247.941589	-121.452080
7248.614502	-121.529320
7249.287415	-122.527931
7249.960327	-122.545212
7250.633240	-122.047615
7251.306152	-122.465591
7251.979065	-122.685234
7252.651978	-121.443115
7253.324890	-121.822311
7253.997803	-122.285057
7254.670715	-122.719330
7255.343628	-121.844055
7256.016541	-121.396294
7256.689453	-121.860306
7257.362366	-122.043045
7258.035278	-122.510063
7258.708191	-121.971069
7259.381104	-121.647064
7260.054016	-121.732147
7260.726929	-121.087532
7261.399841	-121.628914
7262.072754	-121.556602
7262.745667	-121.813454
7263.418579	-121.692009
7264.091492	-122.273804
7264.764404	-123.634880
7265.437317	-123.739029
7266.110229	-122.692123
7266.783142	-121.744743
7267.456055	-122.312439
7268.128967	-122.490677
7268.801880	-121.790184
7269.474792	-122.231171
7270.147705	-122.582748
7270.820618	-122.213509
7271.493530	-121.768845
7272.166443	-121.583633
7272.839355	-121.961899
7273.512268	-122.142426
7274.185181	-122.075516
7274.858093	-121.559166
7275.531006	-121.610504
7276.203918	-122.240883
7276.876831	-121.937393
7277.549744	-121.217911
7278.222656	-120.804214
7278.895569	-121.569901
7279.568481	-121.463150
7280.241394	-122.091415
7280.914307	-121.664879
7281.587219	-121.953491
7282.260132	-121.549965
7282.933044	-121.566589
7283.605957	-121.522789
7284.278870	-121.792313
7284.951782	-121.487549
7285.624695	-122.311745
7286.297607	-122.699707
7286.970520	-122.754951
7287.643433	-122.680397
7288.316345	-121.716469
7288.989258	-121.829353
7289.662170	-121.896767
7290.335083	-122.208717
7291.007996	-122.120430
7291.680908	-122.238518
7292.353821	-122.027557
7293.026733	-122.405800
7293.699646	-121.668137
7294.372559	-121.879776
7295.045471	-122.247665
7295.718384	-122.565758
7296.391296	-121.985451
7297.064209	-121.408882
7297.737122	-121.680405
7298.410034	-121.510742
7299.082947	-122.289795
7299.755859	-122.281174
7300.428772	-122.345055
7301.101685	-121.465797
7301.774597	-121.023727
7302.447510	-121.549049
7303.120422	-121.771622
7303.793335	-121.883080
7304.466248	-121.921700
7305.139160	-122.466438
7305.812073	-121.863899
7306.484985	-121.778580
7307.157898	-122.560638
7307.830811	-122.565285
7308.503723	-122.121284
7309.176636	-122.351372
7309.849548	-121.541313
7310.522461	-121.120453
7311.195374	-121.797493
7311.868286	-122.408409
7312.541199	-123.269333
7313.214111	-123.396446
7313.887024	-122.263657
7314.559937	-121.528069
7315.232849	-122.098656
7315.905762	-122.890526
7316.578674	-122.935158
7317.251587	-122.197815
7317.924500	-121.963333
7318.597412	-122.202591
7319.270325	-122.865303
7319.943237	-121.475426
7320.616150	-121.766975
7321.289062	-122.352798
7321.961975	-122.239449
7322.634888	-122.135445
7323.307800	-122.374741
7323.980713	-122.155907
7324.653625	-122.191513
7325.326538	-122.103767
7325.999451	-122.544044
7326.672363	-121.984344
7327.345276	-121.643631
7328.018188	-121.710091
7328.691101	-122.204636
7329.364014	-122.671738
7330.036926	-121.822670
7330.709839	-122.035904
7331.382751	-122.266907
7332.055664	-122.073036
7332.728577	-122.844574
7333.401489	-122.878777
7334.074402	-123.212646
7334.747314	-123.342117
7335.420227	-122.230942
7336.093140	-121.182007
7336.766052	-121.314255
7337.438965	-121.787415
7338.111877	-121.804199
7338.784790	-121.970901
7339.457703	-121.745628
7340.130615	-122.283180
7340.803528	-122.395645
7341.476440	-121.889511
7342.149353	-122.156136
7342.822266	-122.114838
7343.495178	-122.147491
7344.168091	-122.333817
7344.841003	-122.588524
7345.513916	-121.655273
7346.186829	-121.563416
7346.859741	-121.833801
7347.532654	-122.471458
7348.205566	-122.726166
7348.878479	-122.062721
7349.551392	-121.976730
7350.224304	-122.133232
7350.897217	-121.726395
7351.570129	-121.875435
7352.243042	-122.336563
7352.915955	-122.252441
7353.588867	-122.689316
7354.261780	-121.678917
7354.934692	-121.248314
7355.607605	-121.809235
7356.280518	-122.016022
7356.953430	-122.851700
7357.626343	-123.029144
7358.299255	-122.028511
7358.972168	-121.317329
7359.645081	-121.584740
7360.317993	-121.591583
7360.990906	-121.507477
7361.663818	-121.914528
7362.336731	-122.261490
7363.009644	-122.347473
7363.682556	-121.234879
7364.355469	-121.383553
7365.028381	-121.997505
7365.701294	-122.746811
7366.374207	-122.442352
7367.047119	-122.442024
7367.720032	-122.167122
7368.392944	-122.068512
7369.065857	-122.248497
7369.738770	-121.616814
7370.411682	-121.850533
7371.084595	-122.529945
7371.757507	-122.473282
7372.430420	-122.878204
7373.103333	-122.463455
7373.776245	-122.396217
7374.449158	-122.173035
7375.122070	-121.526611
7375.794983	-122.139168
7376.467896	-121.944588
7377.140808	-122.523682
7377.813721	-123.017166
7378.486633	-121.891220
7379.159546	-122.239624
7379.832458	-121.884964
7380.505371	-121.886421
7381.178284	-122.725632
7381.851196	-122.288467
7382.524109	-122.730522
7383.197021	-122.363403
7383.869934	-122.526237
7384.542847	-122.479446
7385.215759	-121.808670
7385.888672	-121.303879
7386.561584	-121.640991
7387.234497	-121.644554
7387.907410	-122.623032
7388.580322	-122.688828
7389.253235	-121.732269
7389.926147	-121.977806
7390.599060	-122.589195
7391.271973	-122.549355
7391.944885	-122.362968
7392.617798	-122.767319
7393.290710	-122.402138
7393.963623	-121.665779
7394.636536	-122.245430
7395.309448	-124.278145
7395.982361	-122.729836
7396.655273	-121.648621
7397.328186	-122.427521
7398.001099	-122.219414
7398.674011	-122.338524
7399.346924	-122.187286
7400.019836	-121.675308
7400.692749	-121.450851
7401.365662	-122.159042
7402.038574	-121.844078
7402.711487	-121.330872
7403.384399	-120.819077
7404.057312	-120.980377
7404.730225	-121.326958
7405.403137	-121.314362
7406.076050	-121.795525
7406.748962	-121.849693
7407.421875	-122.495209
7408.094788	-122.666634
7408.767700	-122.192856
7409.440613	-122.293480
7410.113525	-122.630318
7410.786438	-122.694405
7411.459351	-121.981438
7412.132263	-122.957558
7412.805176	-122.361954
7413.478088	-122.638168
7414.151001	-121.911217
7414.823914	-121.525597
7415.496826	-121.477356
7416.169739	-121.584656
7416.842651	-121.696480
7417.515564	-122.038040
7418.188477	-121.653526
7418.861389	-122.313820
7419.534302	-121.638992
7420.207214	-122.161804
7420.880127	-122.131531
7421.553040	-121.767830
7422.225952	-121.243164
7422.898865	-120.914841
7423.571777	-122.426987
7424.244690	-122.730446
7424.917603	-122.162926
7425.590515	-122.568214
7426.263428	-122.309608
7426.936340	-121.935104
7427.609253	-123.050713
7428.282166	-122.358299
7428.955078	-123.094925
7429.627991	-123.134163
7430.300903	-122.738304
7430.973816	-122.040718
7431.646729	-122.118118
7432.319641	-122.744865
7432.992554	-122.210403
7433.665466	-122.424362
7434.338379	-122.782097
7435.011292	-121.776009
7435.684204	-122.230186
7436.357117	-122.062790
7437.030029	-122.206657
7437.702942	-122.547554
7438.375854	-122.002747
7439.048767	-122.543190
7439.721680	-122.163445
7440.394592	-122.624870
7441.067505	-121.698135
7441.740417	-121.123985
7442.413330	-121.930084
7443.086243	-121.656731
7443.759155	-121.355095
7444.432068	-121.104439
7445.104980	-122.456345
7445.777893	-122.031273
7446.450806	-121.880898
7447.123718	-121.873688
7447.796631	-122.316315
7448.469543	-122.516296
7449.142456	-122.682411
7449.815369	-122.559174
7450.488281	-121.778259
7451.161194	-121.898224
7451.834106	-121.433495
7452.507019	-122.623726
7453.179932	-122.800758
7453.852844	-122.191368
7454.525757	-122.423416
7455.198669	-122.912933
7455.871582	-122.251266
7456.544495	-121.663040
7457.217407	-122.360062
7457.890320	-122.296188
7458.563232	-121.837059
7459.236145	-122.438530
7459.909058	-121.680840
7460.581970	-121.480377
7461.254883	-121.974678
7461.927795	-121.870010
7462.600708	-121.948204
7463.273621	-121.714760
7463.946533	-121.637970
7464.619446	-122.312462
7465.292358	-122.524742
7465.965271	-122.869461
7466.638184	-122.174492
7467.311096	-122.522362
7467.984009	-122.229584
7468.656921	-122.167206
7469.329834	-122.238525
7470.002747	-121.887268
7470.675659	-122.368759
7471.348572	-121.954491
7472.021484	-121.387573
7472.694397	-121.640411
7473.367310	-122.585693
7474.040222	-122.255104
7474.713135	-122.238853
7475.386047	-122.959801
7476.058960	-121.505280
7476.731873	-120.446312
7477.404785	-120.592575
7478.077698	-121.546715
7478.750610	-122.057487
7479.423523	-122.643959
7480.096436	-123.093384
7480.769348	-123.323837
7481.442261	-123.677277
7482.115173	-122.628632
7482.788086	-121.380653
7483.460999	-121.649139
7484.133911	-122.644363
7484.806824	-122.225456
7485.479736	-121.607979
7486.152649	-121.609390
7486.825562	-122.206787
7487.498474	-122.467033
7488.171387	-121.401688
7488.844299	-120.960739
7489.517212	-121.688385
7490.190125	-123.131462
7490.863037	-123.109116
7491.535950	-122.070061
7492.208862	-122.293442
7492.881775	-122.483109
7493.554688	-122.271400
7494.227600	-122.126640
7494.900513	-121.895645
7495.573425	-121.448265
7496.246338	-121.580223
7496.919250	-121.351776
7497.592163	-121.897820
7498.265076	-123.076294
7498.937988	-123.031532
7499.610901	-121.960266
7500.283813	-122.778915
7500.956726	-122.832954
7501.629639	-122.328339
7502.302551	-122.001442
7502.975464	-122.579529
7503.648376	-122.663902
7504.321289	-122.986336
7504.994202	-122.838524
7505.667114	-121.986412
7506.340027	-121.936913
7507.012939	-121.660851
7507.685852	-122.086052
7508.358765	-122.330505
7509.031677	-121.233444
7509.704590	-121.213837
7510.377502	-121.255547
7511.050415	-122.868805
7511.723328	-123.075195
7512.396240	-121.986977
7513.069153	-120.723724
7513.742065	-120.742783
7514.414978	-121.575470
7515.087891	-122.916824
7515.760803	-122.770531
7516.433716	-122.498962
7517.106628	-121.771614
7517.779541	-121.116730
7518.452454	-121.924988
7519.125366	-122.924446
7519.798279	-122.725441
7520.471191	-122.101730
7521.144104	-121.534966
7521.817017	-121.454506
7522.489929	-121.920784
7523.162842	-122.193253
7523.835754	-122.210686
7524.508667	-121.247795
7525.181580	-120.638397
7525.854492	-121.560204
7526.527405	-122.682587
7527.200317	-122.718544
7527.873230	-123.466156
7528.546143	-123.221031
7529.219055	-122.376518
7529.891968	-122.686043
7530.564880	-122.284004
7531.237793	-121.536186
7531.910706	-122.300125
7532.583618	-121.689743
7533.256531	-121.849945
7533.929443	-122.273766
7534.602356	-122.393906
7535.275269	-122.921158
7535.948181	-122.593040
7536.621094	-123.374367
7537.294006	-123.033241
7537.966919	-122.467468
7538.639832	-122.123665
7539.312744	-122.249168
7539.985657	-121.235138
7540.658569	-121.270073
7541.331482	-121.341980
7542.004395	-121.711159
7542.677307	-122.603462
7543.350220	-122.359337
7544.023132	-121.214386
7544.696045	-122.604233
7545.368958	-122.897728
7546.041870	-122.421768
7546.714783	-122.800659
7547.387695	-122.406128
7548.060608	-122.754822
7548.733521	-122.746727
7549.406433	-122.075066
7550.079346	-122.142227
7550.752258	-122.617462
7551.425171	-122.448799
7552.098083	-122.491043
7552.770996	-121.808495
7553.443909	-121.578941
7554.116821	-121.796646
7554.789734	-123.189636
7555.462646	-122.497040
7556.135559	-121.579269
7556.808472	-121.609634
7557.481384	-121.444664
7558.154297	-121.799652
7558.827209	-121.449173
7559.500122	-121.667709
7560.173035	-121.796051
7560.845947	-122.126030
7561.518860	-122.311081
7562.191772	-121.502670
7562.864685	-121.003166
7563.537598	-121.629829
7564.210510	-121.537971
7564.883423	-121.360970
7565.556335	-121.520683
7566.229248	-122.155472
7566.902161	-122.327599
7567.575073	-122.217041
7568.247986	-122.533218
7568.920898	-121.993324
7569.593811	-121.964622
7570.266724	-121.336937
7570.939636	-121.203857
7571.612549	-121.825745
7572.285461	-121.489548
7572.958374	-121.571884
7573.631287	-122.168907
7574.304199	-122.355728
7574.977112	-122.942101
7575.650024	-123.046661
7576.322937	-122.795517
7576.995850	-121.397972
7577.668762	-122.023941
7578.341675	-122.086868
7579.014587	-122.355545
7579.687500	-121.333961
7580.360413	-120.779839
7581.033325	-121.491943
7581.706238	-121.444077
7582.379150	-122.098686
7583.052063	-121.529976
7583.724976	-121.155304
7584.397888	-121.809914
7585.070801	-121.670067
7585.743713	-121.497597
7586.416626	-120.982048
7587.089539	-121.343002
7587.762451	-121.635689
7588.435364	-121.490623
7589.108276	-121.545540
7589.781189	-122.072159
7590.454102	-121.775902
7591.127014	-122.120506
7591.799927	-123.147102
7592.472839	-122.539856
7593.145752	-121.983742
7593.818665	-121.265572
7594.491577	-121.608841
7595.164490	-122.950470
7595.837402	-121.580788
7596.510315	-120.760559
7597.183228	-121.420403
7597.856140	-122.010452
7598.529053	-121.881462
7599.201965	-122.064873
7599.874878	-122.138359
7600.547791	-121.932426
7601.220703	-122.761360
7601.893616	-122.045441
7602.566528	-121.691231
7603.239441	-122.911003
7603.912354	-122.737900
7604.585266	-122.033119
7605.258179	-121.672066
7605.931091	-121.304428
7606.604004	-121.563499
7607.276917	-122.043892
7607.949829	-121.793839
7608.622742	-121.345490
7609.295654	-122.023354
7609.968567	-121.645721
7610.641479	-121.668060
7611.314392	-121.758354
7611.987305	-122.099861
7612.660217	-122.199150
7613.333130	-122.381577
7614.006042	-122.529633
7614.678955	-122.565575
7615.351868	-122.726646
7616.024780	-123.033936
7616.697693	-122.372986
7617.370605	-122.871567
7618.043518	-121.773087
7618.716431	-121.603477
7619.389343	-121.586197
7620.062256	-122.134995
7620.735168	-122.053619
7621.408081	-122.031891
7622.080994	-121.969017
7622.753906	-122.729393
7623.426819	-123.329353
7624.099731	-122.131363
7624.772644	-120.842415
7625.445557	-121.479614
7626.118469	-121.548790
7626.791382	-121.606010
7627.464294	-121.939217
7628.137207	-121.273529
7628.810120	-121.530304
7629.483032	-121.854866
7630.155945	-121.303993
7630.828857	-121.874077
7631.501770	-122.438393
7632.174683	-121.701347
7632.847595	-121.954773
7633.520508	-122.138412
7634.193420	-122.425781
7634.866333	-121.975060
7635.539246	-122.012619
7636.212158	-122.860603
7636.885071	-123.436226
7637.557983	-122.333122
7638.230896	-121.734947
7638.903809	-122.337906
7639.576721	-122.591682
7640.249634	-122.201057
7640.922546	-122.563660
7641.595459	-121.217659
7642.268372	-121.444153
7642.941284	-121.759674
7643.614197	-122.204803
7644.287109	-122.263451
7644.960022	-121.852539
7645.632935	-122.121735
7646.305847	-122.401375
7646.978760	-122.449387
7647.651672	-121.405334
7648.324585	-122.076530
7648.997498	-122.756210
7649.670410	-122.944229
7650.343323	-122.165512
7651.016235	-121.862343
7651.689148	-122.040115
7652.362061	-121.585213
7653.034973	-122.298286
7653.707886	-122.539467
7654.380798	-122.117683
7655.053711	-121.834541
7655.726624	-122.923012
7656.399536	-122.682251
7657.072449	-122.525368
7657.745361	-122.060715
7658.418274	-121.865898
7659.091187	-122.280090
7659.764099	-122.408638
7660.437012	-121.705040
7661.109924	-122.119347
7661.782837	-122.374527
7662.455750	-122.061729
7663.128662	-121.450829
7663.801575	-121.499512
7664.474487	-122.155281
7665.147400	-121.724754
7665.820312	-121.089851
7666.493225	-121.119278
7667.166138	-122.143135
7667.839050	-122.148903
7668.511963	-121.980850
7669.184875	-121.876427
7669.857788	-121.621857
7670.530701	-122.793175
7671.203613	-122.838684
7671.876526	-122.371048
7672.549438	-122.779556
7673.222351	-122.620033
7673.895264	-122.872139
7674.568176	-123.684669
7675.241089	-122.499268
7675.914001	-121.691231
7676.586914	-121.970024
7677.259827	-122.575706
7677.932739	-122.225731
7678.605652	-122.407631
7679.278564	-121.341843
7679.951477	-122.394226
7680.624390	-123.406693
7681.297302	-122.509933
7681.970215	-122.409248
7682.643127	-121.954300
7683.316040	-121.982857
7683.988953	-122.225723
7684.661865	-121.635788
7685.334778	-121.875526
7686.007690	-122.257851
7686.680603	-122.094429
7687.353516	-121.916626
7688.026428	-121.839294
7688.699341	-121.716599
7689.372253	-121.450233
7690.045166	-121.631104
7690.718079	-121.896118
7691.390991	-121.676903
7692.063904	-121.568382
7692.736816	-122.382637
7693.409729	-122.446899
7694.082642	-122.155495
7694.755554	-122.914734
7695.428467	-121.969009
7696.101379	-121.715775
7696.774292	-121.347359
7697.447205	-121.026833
7698.120117	-122.298470
7698.793030	-122.204552
7699.465942	-122.298485
7700.138855	-123.036133
7700.811768	-122.425354
7701.484680	-122.399879
7702.157593	-122.441185
7702.830505	-122.448685
7703.503418	-122.423721
7704.176331	-122.076736
7704.849243	-121.886688
7705.522156	-121.455101
7706.195068	-121.657822
7706.867981	-122.514297
7707.540894	-122.347435
7708.213806	-122.054535
7708.886719	-122.273422
7709.559631	-122.523102
7710.232544	-122.396133
7710.905457	-122.153137
7711.578369	-122.158684
7712.251282	-122.028946
7712.924194	-122.871910
7713.597107	-122.185478
7714.270020	-121.804062
7714.942932	-121.566002
7715.615845	-122.391373
7716.288757	-122.377045
7716.961670	-121.995697
7717.634583	-121.640923
7718.307495	-121.066322
7718.980408	-120.630257
7719.653320	-121.460442
7720.326233	-121.451729
7720.999146	-121.505165
7721.672058	-122.840370
7722.344971	-122.087990
7723.017883	-121.143852
7723.690796	-121.223419
7724.363708	-121.194633
7725.036621	-121.416534
7725.709534	-121.960983
7726.382446	-122.558014
7727.055359	-121.905571
7727.728271	-121.482780
7728.401184	-122.138985
7729.074097	-122.003555
7729.747009	-121.124603
7730.419922	-121.313286
7731.092834	-122.646042
7731.765747	-121.762024
7732.438660	-121.392021
7733.111572	-122.073196
7733.784485	-123.002281
7734.457397	-122.558426
7735.130310	-121.723366
7735.803223	-122.070671
7736.476135	-121.175797
7737.149048	-120.901711
7737.821960	-121.587959
7738.494873	-122.410568
7739.167786	-122.047119
7739.840698	-123.203888
7740.513611	-123.615166
7741.186523	-122.727837
7741.859436	-122.440689
7742.532349	-122.084839
7743.205261	-121.615417
7743.878174	-121.659546
7744.551086	-121.977585
7745.223999	-121.258965
7745.896912	-121.364929
7746.569824	-121.961708
7747.242737	-121.784882
7747.915649	-122.972382
7748.588562	-122.285950
7749.261475	-122.037392
7749.934387	-121.987488
7750.607300	-121.461395
7751.280212	-121.014069
7751.953125	-121.391220
7752.626038	-122.036095
7753.298950	-122.495094
7753.971863	-122.036575
7754.644775	-122.559975
7755.317688	-122.941284
7755.990601	-122.195900
7756.663513	-121.872902
7757.336426	-122.223213
7758.009338	-121.526939
7758.682251	-121.018333
7759.355164	-122.181374
7760.028076	-122.929420
7760.700989	-121.989525
7761.373901	-121.300987
7762.046814	-121.942528
7762.719727	-122.553314
7763.392639	-122.864502
7764.065552	-121.862526
7764.738464	-121.582481
7765.411377	-121.332039
7766.084290	-122.312752
7766.757202	-122.880913
7767.430115	-122.183281
7768.103027	-121.303413
7768.775940	-121.656464
7769.448853	-121.519447
7770.121765	-120.996368
7770.794678	-121.834854
7771.467590	-122.420906
7772.140503	-122.189034
7772.813416	-122.979630
7773.486328	-122.583527
7774.159241	-122.442009
7774.832153	-122.661995
7775.505066	-122.670746
7776.177979	-121.973022
7776.850891	-122.513885
7777.523804	-122.012764
7778.196716	-121.891632
7778.869629	-121.867043
7779.542542	-122.742821
7780.215454	-122.523796
7780.888367	-122.967728
7781.561279	-122.158493
7782.234192	-122.048660
7782.907104	-121.949593
7783.580017	-122.342522
7784.252930	-122.817390
7784.925842	-121.833076
7785.598755	-121.165588
7786.271667	-121.330917
7786.944580	-121.980431
7787.617493	-121.316132
7788.290405	-121.292625
7788.963318	-121.829308
7789.636230	-122.272102
7790.309143	-122.499542
7790.982056	-121.739143
7791.654968	-121.590401
7792.327881	-122.412582
7793.000793	-122.754692
7793.673706	-122.808228
7794.346619	-122.839462
7795.019531	-122.859650
7795.692444	-122.618896
7796.365356	-122.440063
7797.038269	-121.708977
7797.711182	-121.242737
7798.384094	-121.280609
7799.057007	-121.721458
7799.729919	-122.583519
7800.402832	-122.493706
7801.075745	-121.869377
7801.748657	-121.747421
7802.421570	-122.174843
7803.094482	-122.061996
7803.767395	-122.215004
7804.440308	-122.907539
7805.113220	-122.412216
7805.786133	-122.351791
7806.459045	-123.068245
7807.131958	-122.952652
7807.804871	-122.727432
7808.477783	-122.598396
7809.150696	-122.665237
7809.823608	-122.316376
7810.496521	-122.247696
7811.169434	-122.200027
7811.842346	-122.510719
7812.515259	-122.246109
7813.188171	-121.890442
7813.861084	-121.683937
7814.533997	-120.931213
7815.206909	-121.136482
7815.879822	-121.680511
7816.552734	-121.755539
7817.225647	-122.091385
7817.898560	-121.868813
7818.571472	-122.082443
7819.244385	-121.351707
7819.917297	-122.179192
7820.590210	-122.470612
7821.263123	-121.728134
7821.936035	-121.438026
7822.608948	-122.263725
7823.281860	-122.616615
7823.954773	-122.971100
7824.627686	-122.535706
7825.300598	-121.768852
7825.973511	-121.743820
7826.646423	-121.702988
7827.319336	-122.330986
7827.992249	-122.424698
7828.665161	-122.423851
7829.338074	-122.541977
7830.010986	-122.297752
7830.683899	-122.165321
7831.356812	-122.290932
7832.029724	-124.007454
7832.702637	-123.155914
7833.375549	-122.090546
7834.048462	-121.813576
7834.721375	-121.398628
7835.394287	-121.328659
7836.067200	-122.278496
7836.740112	-122.526390
7837.413025	-122.011696
7838.085938	-121.334015
7838.758850	-121.601944
7839.431763	-121.498177
7840.104675	-121.725433
7840.777588	-123.096779
7841.450500	-123.480621
7842.123413	-122.006500
7842.796326	-121.495995
7843.469238	-121.842903
7844.142151	-121.595863
7844.815063	-122.012283
7845.487976	-121.435341
7846.160889	-121.863052
7846.833801	-121.544830
7847.506714	-121.920288
7848.179626	-122.386360
7848.852539	-122.682648
7849.525452	-122.966103
7850.198364	-122.013275
7850.871277	-122.639275
7851.544189	-122.889137
7852.217102	-122.478226
7852.890015	-122.195679
7853.562927	-121.395630
7854.235840	-121.694511
7854.908752	-122.342682
7855.581665	-122.245743
7856.254578	-121.267334
7856.927490	-121.508110
7857.600403	-122.723282
7858.273315	-121.994530
7858.946228	-121.376930
7859.619141	-122.077522
7860.292053	-123.217949
7860.964966	-122.941093
7861.637878	-122.477379
7862.310791	-122.049988
7862.983704	-122.496185
7863.656616	-122.097816
7864.329529	-121.410477
7865.002441	-122.023392
7865.675354	-122.418274
7866.348267	-122.269600
7867.021179	-122.601303
7867.694092	-122.214996
7868.367004	-121.295403
7869.039917	-122.242538
7869.712830	-122.391113
7870.385742	-121.579544
7871.058655	-120.889282
7871.731567	-121.630920
7872.404480	-122.954521
7873.077393	-122.507812
7873.750305	-122.055550
7874.423218	-121.618492
7875.096130	-120.418488
7875.769043	-120.333328
7876.441956	-121.044762
7877.114868	-121.747475
7877.787781	-121.769447
7878.460693	-122.656120
7879.133606	-123.176125
7879.806519	-123.218964
7880.479431	-123.343735
7881.152344	-121.724449
7881.825256	-121.079025
7882.498169	-121.224258
7883.171082	-121.202301
7883.843994	-121.441109
7884.516907	-122.317131
7885.189819	-121.735489
7885.862732	-121.664627
7886.535645	-122.128471
7887.208557	-122.186577
7887.881470	-121.840660
7888.554382	-123.186943
7889.227295	-122.935944
7889.900208	-122.267731
7890.573120	-122.510574
7891.246033	-122.554573
7891.918945	-122.634819
7892.591858	-122.018166
7893.264771	-121.339821
7893.937683	-122.742561
7894.610596	-122.548012
7895.283508	-122.048035
7895.956421	-122.012955
7896.629333	-121.625900
7897.302246	-121.471046
7897.975159	-122.535789
7898.648071	-121.548187
7899.320984	-122.151810
7899.993896	-122.384918
7900.666809	-122.297867
7901.339722	-122.755951
7902.012634	-121.899658
7902.685547	-122.098305
7903.358459	-122.113304
7904.031372	-122.462502
7904.704285	-122.181206
7905.377197	-122.140007
7906.050110	-121.753860
7906.723022	-122.260323
7907.395935	-121.637054
7908.068848	-121.734718
7908.741760	-122.748756
7909.414673	-122.162498
7910.087585	-121.288597
7910.760498	-122.044861
7911.433411	-122.483749
7912.106323	-122.627930
7912.779236	-122.419830
7913.452148	-121.887749
7914.125061	-121.734688
7914.797974	-121.430771
7915.470886	-122.725616
7916.143799	-122.435013
7916.816711	-123.167747
7917.489624	-123.261169
7918.162537	-122.060600
7918.835449	-121.220680
7919.508362	-121.355652
7920.181274	-122.037613
7920.854187	-122.504868
7921.527100	-122.721909
7922.200012	-121.983360
7922.872925	-121.290657
7923.545837	-121.956947
7924.218750	-121.739044
7924.891663	-121.930862
7925.564575	-122.887489
7926.237488	-122.087463
7926.910400	-121.215637
7927.583313	-121.837868
7928.256226	-122.161118
7928.929138	-122.428238
7929.602051	-122.420372
7930.274963	-122.433708
7930.947876	-122.469124
7931.620789	-122.443199
7932.293701	-122.317329
7932.966614	-122.040741
7933.639526	-122.595726
7934.312439	-121.831551
7934.985352	-122.405113
7935.658264	-122.449371
7936.331177	-121.883873
7937.004089	-121.567093
7937.677002	-123.031143
7938.349915	-122.115784
7939.022827	-121.155533
7939.695740	-122.005219
7940.368652	-122.091095
7941.041565	-122.115005
7941.714478	-122.406784
7942.387390	-121.691711
7943.060303	-121.832466
7943.733215	-122.350060
7944.406128	-122.858650
7945.079041	-122.045006
7945.751953	-121.647369
7946.424866	-122.032692
7947.097778	-122.135971
7947.770691	-122.365234
7948.443604	-121.723259
7949.116516	-122.029694
7949.789429	-122.238297
7950.462341	-122.164070
7951.135254	-122.399101
7951.808167	-122.172722
7952.481079	-121.994499
7953.153992	-122.013702
7953.826904	-122.620071
7954.499817	-122.616936
7955.172729	-121.834976
7955.845642	-121.624458
7956.518555	-122.097649
7957.191467	-122.239487
7957.864380	-122.240532
7958.537292	-121.473480
7959.210205	-122.834175
7959.883118	-122.701172
7960.556030	-122.573090
7961.228943	-121.584610
7961.901855	-121.561966
7962.574768	-122.501289
7963.247681	-122.673302
7963.920593	-122.073235
7964.593506	-122.373268
7965.266418	-121.999130
7965.939331	-122.567841
7966.612244	-122.674255
7967.285156	-121.926933
7967.958069	-121.443153
7968.630981	-121.822929
7969.303894	-122.311638
7969.976807	-121.651535
7970.649719	-121.605606
7971.322632	-121.933441
7971.995544	-121.881287
7972.668457	-122.154289
7973.341370	-121.383461
7974.014282	-121.775749
7974.687195	-122.221756
7975.360107	-122.403412
7976.033020	-122.950020
7976.705933	-122.667961
7977.378845	-122.394264
7978.051758	-121.408127
7978.724670	-121.101517
7979.397583	-122.145668
7980.070496	-122.437195
7980.743408	-122.066292
7981.416321	-122.134247
7982.089233	-122.968468
7982.762146	-122.045250
7983.435059	-122.221565
7984.107971	-122.978516
7984.780884	-121.833305
7985.453796	-121.891762
7986.126709	-121.698112
7986.799622	-121.900475
7987.472534	-122.807861
7988.145447	-123.300636
7988.818359	-122.072975
7989.491272	-121.803230
7990.164185	-121.543961
7990.837097	-121.578247
7991.510010	-121.330780
7992.182922	-122.036560
7992.855835	-122.131927
7993.528748	-121.317345
7994.201660	-121.852676
7994.874573	-122.100418
7995.547485	-121.881371
7996.220398	-121.380318
7996.893311	-122.120026
7997.566223	-122.324120
7998.239136	-122.084610
7998.912048	-121.576515
7999.584961	-121.926239
8000.257874	-122.299286
8000.930786	-121.747871
8001.603699	-121.789597
8002.276611	-122.651100
8002.949524	-122.038811
8003.622437	-122.506622
8004.295349	-122.661987
8004.968262	-122.628242
8005.641174	-122.178253
8006.314087	-121.505852
8006.987000	-121.748512
8007.659912	-121.812798
8008.332825	-123.259781
8009.005737	-121.788704
8009.678650	-121.906578
8010.351562	-122.363731
8011.024475	-122.307442
8011.697388	-121.842926
8012.370300	-121.242416
8013.043213	-121.412346
8013.716125	-121.669907
8014.389038	-122.045464
8015.061951	-122.461830
8015.734863	-122.440102
8016.407776	-122.256325
8017.080688	-122.650146
8017.753601	-122.103432
8018.426514	-121.479919
8019.099426	-121.916046
8019.772339	-121.558159
8020.445251	-121.442368
8021.118164	-122.267166
8021.791077	-122.516312
8022.463989	-121.867851
8023.136902	-121.288063
8023.809814	-121.198853
8024.482727	-121.771637
8025.155640	-121.851295
8025.828552	-121.668045
8026.501465	-121.919212
8027.174377	-122.070221
8027.847290	-121.481575
8028.520203	-121.721504
8029.193115	-121.959167
8029.866028	-122.608788
8030.538940	-122.583015
8031.211853	-122.261795
8031.884766	-121.792755
8032.557678	-121.726326
8033.230591	-121.707680
8033.903503	-121.979927
8034.576416	-121.577011
8035.249329	-122.221024
8035.922241	-123.008636
8036.595154	-122.453270
8037.268066	-121.888710
8037.940979	-122.642387
8038.613892	-122.634949
8039.286804	-122.035629
8039.959717	-122.451080
8040.632629	-122.287758
8041.305542	-122.285118
8041.978455	-123.072800
8042.651367	-122.861420
8043.324280	-122.499481
8043.997192	-121.937279
8044.670105	-121.851128
8045.343018	-122.910004
8046.015930	-122.619125
8046.688843	-121.400444
8047.361755	-122.264160
8048.034668	-122.247688
8048.707581	-121.399590
8049.380493	-121.572968
8050.053406	-121.465569
8050.726318	-121.360626
8051.399231	-121.993423
8052.072144	-122.376846
8052.745056	-122.997612
8053.417969	-122.514580
8054.090881	-121.395325
8054.763794	-122.102341
8055.436707	-121.582222
8056.109619	-121.569672
8056.782532	-121.788895
8057.455444	-121.257599
8058.128357	-121.627792
8058.801270	-121.466034
8059.474182	-121.999168
8060.147095	-122.318085
8060.820007	-121.719406
8061.492920	-121.481125
8062.165833	-122.003464
8062.838745	-122.466064
8063.511658	-122.384041
8064.184570	-122.452126
8064.857483	-122.143654
8065.530396	-121.760445
8066.203308	-122.016586
8066.876221	-122.485710
8067.549133	-122.269402
8068.222046	-122.141525
8068.894958	-122.093033
8069.567871	-121.653343
8070.240784	-121.958527
8070.913696	-122.287209
8071.586609	-122.260872
8072.259521	-122.393478
8072.932434	-122.731255
8073.605347	-122.101273
8074.278259	-122.188469
8074.951172	-121.903656
8075.624084	-122.107124
8076.296997	-121.673515
8076.969910	-122.258949
8077.642822	-122.308365
8078.315735	-121.727745
8078.988647	-121.384781
8079.661560	-121.906937
8080.334473	-121.953995
8081.007385	-121.627663
8081.680298	-121.992676
8082.353210	-121.617958
8083.026123	-121.110535
8083.699036	-121.166916
8084.371948	-121.444466
8085.044861	-122.112724
8085.717773	-121.721893
8086.390686	-122.097366
8087.063599	-122.355545
8087.736511	-122.750229
8088.409424	-122.228722
8089.082336	-122.245285
8089.755249	-122.482094
8090.428162	-121.796791
8091.101074	-122.076683
8091.773987	-122.631508
8092.446899	-123.245277
8093.119812	-123.170425
8093.792725	-121.558617
8094.465637	-122.186775
8095.138550	-122.214272
8095.811462	-121.991043
8096.484375	-121.796150
8097.157288	-122.202957
8097.830200	-122.679268
8098.503113	-122.847649
8099.176025	-122.058151
8099.848938	-122.393188
8100.521851	-122.780907
8101.194763	-122.088295
8101.867676	-121.935562
8102.540588	-121.827446
8103.213501	-121.973778
8103.886414	-121.372597
8104.559326	-121.378242
8105.232239	-122.553146
8105.905151	-122.720039
8106.578064	-121.614685
8107.250977	-122.382256
8107.923889	-122.536705
8108.596802	-121.848534
8109.269714	-121.707115
8109.942627	-122.611221
8110.615540	-121.823296
8111.288452	-121.671326
8111.961365	-122.701950
8112.634277	-122.762177
8113.307190	-121.836113
8113.980103	-121.801628
8114.653015	-122.368767
8115.325928	-122.514923
8115.998840	-121.869720
8116.671753	-122.064087
8117.344666	-122.573547
8118.017578	-121.940315
8118.690491	-121.830490
8119.363403	-122.272072
8120.036316	-121.733742
8120.709229	-122.213936
8121.382141	-122.026497
8122.055054	-122.192421
8122.727966	-122.812828
8123.400879	-122.065384
8124.073792	-121.979065
8124.746704	-122.444160
8125.419617	-122.454590
8126.092529	-123.242027
8126.765442	-122.211388
8127.438354	-122.092232
8128.111267	-121.837074
8128.784180	-121.879883
8129.457092	-122.733856
8130.130005	-122.324234
8130.802917	-122.123749
8131.475830	-122.507286
8132.148743	-122.698830
8132.821655	-121.756821
8133.494568	-121.916206
8134.167480	-121.756729
8134.840393	-122.158157
8135.513306	-122.926125
8136.186218	-122.359543
8136.859131	-122.906471
8137.532043	-122.543228
8138.204956	-121.963928
8138.877869	-121.711441
8139.550781	-121.594048
8140.223694	-121.134773
8140.896606	-121.265289
8141.569519	-122.131767
8142.242432	-121.975983
8142.915344	-121.963676
8143.588257	-122.747322
8144.261169	-122.612030
8144.934082	-122.784851
8145.606995	-122.439453
8146.279907	-122.068916
8146.952820	-122.131386
8147.625732	-122.193962
8148.298645	-122.747704
8148.971558	-122.592804
8149.644470	-122.456131
8150.317383	-122.315178
8150.990295	-120.699944
8151.663208	-121.389107
8152.336121	-122.222649
8153.009033	-121.445107
8153.681946	-121.310829
8154.354858	-121.786873
8155.027771	-122.432091
8155.700684	-122.537590
8156.373596	-121.975861
8157.046509	-122.023041
8157.719421	-121.940170
8158.392334	-121.591362
8159.065247	-122.368019
8159.738159	-122.291336
8160.411072	-121.904427
8161.083984	-121.731140
8161.756897	-122.552757
8162.429810	-122.778000
8163.102722	-121.767555
8163.775635	-121.377983
8164.448547	-121.678673
8165.121460	-121.113312
8165.794373	-121.514450
8166.467285	-121.988655
8167.140198	-121.561844
8167.813110	-121.924461
8168.486023	-121.648949
8169.158936	-122.561897
8169.831848	-123.096321
8170.504761	-122.590202
8171.177673	-123.173187
8171.850586	-123.312767
8172.523499	-122.796852
8173.196411	-121.680954
8173.869324	-121.319168
8174.542236	-122.022057
8175.215149	-122.219780
8175.888062	-121.788857
8176.560974	-121.602348
8177.233887	-121.147812
8177.906799	-121.010696
8178.579712	-122.371613
8179.252625	-121.654442
8179.925537	-121.803940
8180.598450	-122.199516
8181.271362	-121.773834
8181.944275	-121.552803
8182.617188	-121.955193
8183.290100	-122.714195
8183.963013	-122.675049
8184.635925	-122.227104
8185.308838	-122.090683
8185.981750	-122.077278
8186.654663	-121.839989
8187.327576	-122.034920
8188.000488	-122.576965
8188.673401	-122.761543
8189.346313	-122.685204
8190.019226	-122.074600
8190.692139	-121.205414
8191.365051	-121.991257
8192.037964	-122.373817
8192.710876	-121.628639
8193.383789	-121.518608
8194.056702	-122.319542
8194.729614	-122.031265
8195.402527	-120.782288
8196.075439	-120.785957
8196.748352	-121.353455
8197.421265	-121.895844
8198.094177	-122.585686
8198.767090	-121.966194
8199.440002	-121.722015
8200.112915	-122.692139
8200.785828	-123.187462
8201.458740	-122.813736
8202.131653	-122.313652
8202.804565	-122.300339
8203.477478	-121.812508
8204.150391	-121.983414
8204.823303	-121.793526
8205.496216	-122.378021
8206.169128	-122.436455
8206.842041	-122.898567
8207.514954	-122.421631
8208.187866	-122.442360
8208.860779	-122.753181
8209.533691	-123.567551
8210.206604	-122.714592
8210.879517	-122.396225
8211.552429	-122.135445
8212.225342	-121.489014
8212.898254	-121.987427
8213.571167	-122.618416
8214.244080	-121.873924
8214.916992	-123.436020
8215.589905	-123.099937
8216.262817	-122.662437
8216.935730	-123.027161
8217.608643	-122.796646
8218.281555	-121.965401
8218.954468	-121.922089
8219.627380	-121.863655
8220.300293	-121.464890
8220.973206	-122.088493
8221.646118	-122.209450
8222.319031	-122.343498
8222.991943	-122.710396
8223.664856	-122.738693
8224.337769	-121.806114
8225.010681	-121.475143
8225.683594	-120.960388
8226.356506	-121.531204
8227.029419	-122.295250
8227.702332	-122.457710
8228.375244	-121.966087
8229.048157	-121.617729
8229.721069	-121.524467
8230.393982	-122.303589
8231.066895	-121.657639
8231.739807	-121.472137
8232.412720	-121.922157
8233.085632	-121.385406
8233.758545	-121.703880
8234.431458	-122.220169
8235.104370	-121.888077
8235.777283	-121.312721
8236.450195	-121.428894
8237.123108	-121.723351
8237.796021	-121.665237
8238.468933	-121.890884
8239.141846	-121.393341
8239.814758	-122.229965
8240.487671	-121.421112
8241.160583	-121.756790
8241.833496	-122.035095
8242.506409	-121.786201
8243.179321	-121.787102
8243.852234	-121.825058
8244.525146	-122.338844
8245.198059	-122.564079
8245.870972	-122.663673
8246.543884	-121.969475
8247.216797	-122.678726
8247.889709	-122.861145
8248.562622	-123.356064
8249.235535	-121.937027
8249.908447	-121.493454
8250.581360	-121.486397
8251.254272	-121.832268
8251.927185	-122.095436
8252.600098	-121.789932
8253.273010	-122.236382
8253.945923	-122.882538
8254.618835	-121.694038
8255.291748	-121.268417
8255.964661	-121.899361
8256.637573	-122.166557
8257.310486	-122.325798
8257.983398	-122.105827
8258.656311	-121.535576
8259.329224	-121.017120
8260.002136	-121.743484
8260.675049	-122.033531
8261.347961	-122.305199
8262.020874	-122.338737
8262.693787	-122.352295
8263.366699	-122.289230
8264.039612	-121.857124
8264.712524	-121.808891
8265.385437	-122.245125
8266.058350	-122.996979
8266.731262	-122.697800
8267.404175	-122.256744
8268.077087	-122.086281
8268.750000	-122.232224
8269.422913	-122.016380
8270.095825	-122.051590
8270.768738	-122.146912
8271.441650	-121.629494
8272.114563	-121.519951
8272.787476	-121.643616
8273.460388	-122.021904
8274.133301	-122.145485
8274.806213	-122.181694
8275.479126	-122.161690
8276.152039	-122.170685
8276.824951	-121.464195
8277.497864	-120.318878
8278.170776	-120.619164
8278.843689	-121.782089
8279.516602	-122.425697
8280.189514	-122.333824
8280.862427	-122.460739
8281.535339	-123.239441
8282.208252	-122.586288
8282.881165	-122.263260
8283.554077	-121.949463
8284.226990	-121.920349
8284.899902	-122.474937
8285.572815	-122.571007
8286.245728	-122.020462
8286.918640	-121.440704
8287.591553	-122.052612
8288.264465	-121.819115
8288.937378	-122.058830
8289.610291	-122.539780
8290.283203	-121.831299
8290.956116	-121.576042
8291.629028	-121.795250
8292.301941	-121.903099
8292.974854	-121.967728
8293.647766	-121.584686
8294.320679	-121.569557
8294.993591	-121.430145
8295.666504	-122.457779
8296.339417	-122.427284
8297.012329	-122.125458
8297.685242	-121.709007
8298.358154	-121.745163
8299.031067	-121.644379
8299.703979	-121.766968
8300.376892	-121.325058
8301.049805	-121.291405
8301.722717	-122.235649
8302.395630	-122.512894
8303.068542	-121.299576
8303.741455	-121.403809
8304.414368	-121.553108
8305.087280	-121.896652
8305.760193	-123.001984
8306.433105	-121.595322
8307.106018	-121.673073
8307.778931	-121.552933
8308.451843	-121.518433
8309.124756	-121.875099
8309.797668	-122.652161
8310.470581	-121.572975
8311.143494	-122.615456
8311.816406	-123.385780
8312.489319	-122.573082
8313.162231	-121.849380
8313.835144	-121.623329
8314.508057	-121.977982
8315.180969	-121.718658
8315.853882	-121.067810
8316.526794	-121.382133
8317.199707	-122.510834
8317.872620	-121.242477
8318.545532	-121.312843
8319.218445	-121.856499
8319.891357	-121.193207
8320.564270	-121.198769
8321.237183	-121.315979
8321.910095	-121.440262
8322.583008	-120.848282
8323.255920	-120.895363
8323.928833	-121.140480
8324.601746	-121.628906
8325.274658	-121.122871
8325.947571	-121.067780
8326.620483	-121.386566
8327.293396	-121.777451
8327.966309	-121.112099
8328.639221	-122.409081
8329.312134	-122.478355
8329.985046	-122.130898
8330.657959	-121.583183
8331.330872	-122.004326
8332.003784	-122.452896
8332.676697	-121.327850
8333.349609	-121.207275
8334.022522	-122.250122
8334.695435	-121.902222
8335.368347	-121.634544
8336.041260	-122.037598
8336.714172	-122.979630
8337.387085	-123.049126
8338.059998	-121.952454
8338.732910	-122.499855
8339.405823	-122.044678
8340.078735	-122.446945
8340.751648	-122.305481
8341.424561	-122.500450
8342.097473	-122.125954
8342.770386	-121.855682
8343.443298	-122.551811
8344.116211	-122.580269
8344.789124	-122.546791
8345.462036	-121.410301
8346.134949	-121.314835
8346.807861	-121.683853
8347.480774	-121.169777
8348.153687	-121.501122
8348.826599	-122.235863
8349.499512	-121.598297
8350.172424	-121.647041
8350.845337	-121.869690
8351.518250	-121.628288
8352.191162	-121.506279
8352.864075	-121.731979
8353.536987	-122.099548
8354.209900	-121.873619
8354.882812	-122.468704
8355.555725	-122.027473
8356.228638	-122.304443
8356.901550	-122.399620
8357.574463	-122.117828
8358.247375	-121.500252
8358.920288	-121.916061
8359.593201	-122.624710
8360.266113	-122.634651
8360.939026	-122.212402
8361.611938	-121.787148
8362.284851	-121.757286
8362.957764	-122.180054
8363.630676	-123.251534
8364.303589	-122.548157
8364.976501	-122.210960
8365.649414	-122.765495
8366.322327	-122.607979
8366.995239	-122.565903
8367.668152	-121.642754
8368.341064	-121.448128
8369.013977	-122.058571
8369.686890	-121.587631
8370.359802	-121.593277
8371.032715	-122.215591
8371.705627	-122.121010
8372.378540	-121.592934
8373.051453	-121.315445
8373.724365	-121.657181
8374.397278	-123.014992
8375.070190	-122.520477
8375.743103	-122.249886
8376.416016	-122.748642
8377.088928	-122.698997
8377.761841	-122.184776
8378.434753	-122.163811
8379.107666	-121.737587
8379.780579	-121.586029
8380.453491	-121.533257
8381.126404	-121.464928
8381.799316	-121.749985
8382.472229	-121.877892
8383.145142	-121.644669
8383.818054	-121.748993
8384.490967	-121.692947
8385.163879	-121.035866
8385.836792	-121.430244
8386.509705	-121.474945
8387.182617	-121.468567
8387.855530	-121.427742
8388.528442	-121.288857
8389.201355	-122.503685
8389.874268	-122.676849
8390.547180	-122.127129
8391.220093	-121.556183
8391.893005	-121.563110
8392.565918	-122.067520
8393.238831	-121.707535
8393.911743	-121.622330
8394.584656	-122.194160
8395.257568	-122.430832
8395.930481	-122.246231
8396.603394	-121.899025
8397.276306	-121.507530
8397.949219	-121.549255
8398.622131	-121.845459
8399.295044	-122.828934
8399.967957	-122.811089
8400.640869	-122.857246
8401.313782	-121.928665
8401.986694	-121.146179
8402.659607	-121.786659
8403.332520	-122.090096
8404.005432	-120.895309
8404.678345	-121.655716
8405.351257	-120.930656
8406.024170	-120.879128
8406.697083	-121.692825
8407.369995	-122.005493
8408.042908	-122.123833
8408.715820	-122.553528
8409.388733	-122.398460
8410.061646	-121.147995
8410.734558	-121.320908
8411.407471	-121.768349
8412.080383	-122.131004
8412.753296	-121.948280
8413.426208	-121.832382
8414.099121	-121.299355
8414.772034	-122.019905
8415.444946	-122.159264
8416.117859	-122.636421
8416.790771	-121.887367
8417.463684	-121.452271
8418.136597	-121.774185
8418.809509	-122.711922
8419.482422	-122.054604
8420.155334	-122.154091
8420.828247	-122.490135
8421.501160	-122.698402
8422.174072	-122.144279
8422.846985	-121.776054
8423.519897	-122.116272
8424.192810	-121.644699
8424.865723	-121.516083
8425.538635	-121.686523
8426.211548	-121.836510
8426.884460	-121.190887
8427.557373	-121.593544
8428.230286	-122.861610
8428.903198	-122.632072
8429.576111	-121.131172
8430.249023	-122.074982
8430.921936	-121.518509
8431.594849	-121.366623
8432.267761	-122.454964
8432.940674	-121.949471
8433.613586	-122.264091
8434.286499	-121.585014
8434.959412	-121.549759
8435.632324	-122.280838
8436.305237	-123.271149
8436.978149	-122.739998
8437.651062	-121.710327
8438.323975	-122.707809
8438.996887	-122.252274
8439.669800	-121.741241
8440.342712	-122.171349
8441.015625	-122.307846
8441.688538	-122.292236
8442.361450	-121.265862
8443.034363	-121.214996
8443.707275	-121.576736
8444.380188	-121.220818
8445.053101	-120.977676
8445.726013	-121.549019
8446.398926	-121.686684
8447.071838	-121.305412
8447.744751	-121.995087
8448.417664	-122.135513
8449.090576	-122.227737
8449.763489	-122.347816
8450.436401	-122.105118
8451.109314	-121.657532
8451.782227	-121.933266
8452.455139	-121.836456
8453.128052	-121.865608
8453.800964	-121.119553
8454.473877	-121.382607
8455.146790	-121.333023
8455.819702	-121.366020
8456.492615	-121.886536
8457.165527	-122.289276
8457.838440	-122.749191
8458.511353	-121.599442
8459.184265	-121.246101
8459.857178	-122.527794
8460.530090	-121.527702
8461.203003	-120.967339
8461.875916	-121.487808
8462.548828	-122.189758
8463.221741	-122.123428
8463.894653	-122.073776
8464.567566	-122.329605
8465.240479	-122.373215
8465.913391	-122.509277
8466.586304	-122.661102
8467.259216	-122.249062
8467.932129	-121.682793
8468.605042	-121.411964
8469.277954	-122.336876
8469.950867	-122.172218
8470.623779	-120.680664
8471.296692	-121.898285
8471.969604	-121.334686
8472.642517	-120.845863
8473.315430	-121.598541
8473.988342	-121.283043
8474.661255	-121.589172
8475.334167	-121.730385
8476.007080	-120.320648
8476.679993	-120.737610
8477.352905	-121.210312
8478.025818	-121.520386
8478.698730	-122.118851
8479.371643	-122.522636
8480.044556	-122.045448
8480.717468	-122.476997
8481.390381	-122.129089
8482.063293	-121.590012
8482.736206	-121.413261
8483.409119	-122.145523
8484.082031	-121.806923
8484.754944	-121.701103
8485.427856	-121.744446
8486.100769	-121.771408
8486.773682	-122.411987
8487.446594	-121.589203
8488.119507	-120.984131
8488.792419	-121.845894
8489.465332	-121.094574
8490.138245	-120.834549
8490.811157	-120.854172
8491.484070	-121.472107
8492.156982	-122.117439
8492.829895	-122.831642
8493.502808	-121.810661
8494.175720	-121.392822
8494.848633	-121.498314
8495.521545	-121.730278
8496.194458	-121.858192
8496.867371	-122.427917
8497.540283	-122.098488
8498.213196	-121.679886
8498.886108	-121.229744
8499.559021	-121.947670
8500.231934	-121.866066
8500.904846	-122.195190
8501.577759	-122.502647
8502.250671	-122.641632
8502.923584	-121.863785
8503.596497	-121.425781
8504.269409	-120.859207
8504.942322	-121.294617
8505.615234	-121.189896
8506.288147	-121.630608
8506.961060	-121.963272
8507.633972	-122.107582
8508.306885	-121.506409
8508.979797	-122.229897
8509.652710	-122.266991
8510.325623	-122.997421
8510.998535	-123.172470
8511.671448	-122.239525
8512.344360	-121.966515
8513.017273	-122.207085
8513.690186	-121.785156
8514.363098	-121.707474
8515.036011	-121.906502
8515.708923	-122.673691
8516.381836	-122.424942
8517.054749	-122.375061
8517.727661	-121.397667
8518.400574	-121.831421
8519.073486	-122.690918
8519.746399	-122.290482
8520.419312	-122.178070
8521.092224	-122.276627
8521.765137	-122.077332
8522.438049	-121.695770
8523.110962	-121.821129
8523.783875	-121.561539
8524.456787	-122.250809
8525.129700	-122.469536
8525.802612	-123.201111
8526.475525	-122.943497
8527.148438	-122.034111
8527.821350	-121.655663
8528.494263	-122.621315
8529.167175	-122.432625
8529.840088	-121.760284
8530.513000	-122.115479
8531.185913	-122.127640
8531.858826	-121.872673
8532.531738	-122.086296
8533.204651	-122.969109
8533.877563	-122.101677
8534.550476	-122.482712
8535.223389	-121.911591
8535.896301	-121.588257
8536.569214	-121.355118
8537.242126	-121.043091
8537.915039	-121.045204
8538.587952	-122.046288
8539.260864	-121.648689
8539.933777	-121.898460
8540.606689	-121.763489
8541.279602	-122.135521
8541.952515	-122.060783
8542.625427	-122.490929
8543.298340	-122.330627
8543.971252	-122.745934
8544.644165	-122.819969
8545.317078	-122.239197
8545.989990	-121.500488
8546.662903	-121.765823
8547.335815	-121.918060
8548.008728	-121.952820
8548.681641	-122.509094
8549.354553	-122.508781
8550.027466	-121.620850
8550.700378	-121.580025
8551.373291	-121.066170
8552.046204	-121.796661
8552.719116	-121.813942
8553.392029	-121.834190
8554.064941	-122.223579
8554.737854	-122.587379
8555.410767	-122.130341
8556.083679	-121.635345
8556.756592	-121.777863
8557.429504	-121.728333
8558.102417	-121.943947
8558.775330	-121.047699
8559.448242	-121.531372
8560.121155	-122.190529
8560.794067	-121.737946
8561.466980	-122.249825
8562.139893	-121.265121
8562.812805	-120.663788
8563.485718	-121.159584
8564.158630	-120.867920
8564.831543	-121.913155
8565.504456	-122.186172
8566.177368	-122.172089
8566.850281	-122.801369
8567.523193	-121.419594
8568.196106	-121.293159
8568.869019	-122.027779
8569.541931	-122.339973
8570.214844	-121.361069
8570.887756	-121.260262
8571.560669	-121.606972
8572.233582	-122.213791
8572.906494	-121.354561
8573.579407	-121.555687
8574.252319	-121.526314
8574.925232	-121.358429
8575.598145	-121.800819
8576.271057	-122.844307
8576.943970	-123.104431
8577.616882	-122.474030
8578.289795	-121.626244
8578.962708	-121.860069
8579.635620	-121.786270
8580.308533	-122.098419
8580.981445	-121.764481
8581.654358	-121.854095
8582.327271	-121.631889
8583.000183	-120.678360
8583.673096	-120.633354
8584.346008	-121.930923
8585.018921	-122.245499
8585.691833	-121.481285
8586.364746	-121.415009
8587.037659	-122.335861
8587.710571	-122.365059
8588.383484	-120.852585
8589.056396	-121.613029
8589.729309	-122.686401
8590.402222	-122.280983
8591.075134	-122.637512
8591.748047	-122.921494
8592.420959	-122.917412
8593.093872	-122.389641
8593.766785	-122.607185
8594.439697	-121.639320
8595.112610	-120.933464
8595.785522	-121.012817
8596.458435	-121.077713
8597.131348	-121.873940
8597.804260	-122.398468
8598.477173	-121.656593
8599.150085	-120.985649
8599.822998	-121.286797
8600.495911	-122.025490
8601.168823	-122.294479
8601.841736	-121.725426
8602.514648	-122.969490
8603.187561	-122.894852
8603.860474	-121.739586
8604.533386	-121.778336
8605.206299	-121.585098
8605.879211	-121.355865
8606.552124	-121.639336
8607.225037	-121.020622
8607.897949	-120.879898
8608.570862	-121.372246
8609.243774	-121.838554
8609.916687	-121.705231
8610.589600	-121.591576
8611.262512	-122.260895
8611.935425	-122.998466
8612.608337	-122.262054
8613.281250	-121.945023
8613.954163	-122.508324
8614.627075	-121.777061
8615.299988	-121.631798
8615.972900	-121.458832
8616.645813	-121.955170
8617.318726	-122.098076
8617.991638	-121.665062
8618.664551	-121.366684
8619.337463	-122.344559
8620.010376	-121.851479
8620.683289	-122.051559
8621.356201	-121.967995
8622.029114	-121.490776
8622.702026	-121.614212
8623.374939	-121.858589
8624.047852	-122.035194
8624.720764	-121.918388
8625.393677	-121.976555
8626.066589	-122.667145
8626.739502	-122.259537
8627.412415	-122.480598
8628.085327	-121.941925
8628.758240	-121.328369
8629.431152	-120.504921
8630.104065	-120.553268
8630.776978	-121.071045
8631.449890	-122.005791
8632.122803	-122.019539
8632.795715	-122.028488
8633.468628	-121.546303
8634.141541	-121.416458
8634.814453	-121.482681
8635.487366	-121.629807
8636.160278	-121.415535
8636.833191	-122.112389
8637.506104	-121.539162
8638.179016	-121.075714
8638.851929	-121.301704
8639.524841	-121.335136
8640.197754	-122.063507
8640.870667	-122.093971
8641.543579	-122.516762
8642.216492	-121.367020
8642.889404	-122.420189
8643.562317	-122.654259
8644.235229	-122.135185
8644.908142	-121.443848
8645.581055	-121.271255
8646.253967	-121.802788
8646.926880	-121.901741
8647.599792	-122.452919
8648.272705	-121.737198
8648.945618	-121.912994
8649.618530	-122.352600
8650.291443	-122.409645
8650.964355	-121.810303
8651.637268	-121.475853
8652.310181	-120.845215
8652.983093	-121.175797
8653.656006	-122.495506
8654.328918	-121.741249
8655.001831	-121.473656
8655.674744	-121.501556
8656.347656	-122.220703
8657.020569	-122.187706
8657.693481	-122.294380
8658.366394	-121.878471
8659.039307	-121.876404
8659.712219	-122.010117
8660.385132	-121.354980
8661.058044	-120.643127
8661.730957	-121.597511
8662.403870	-121.869240
8663.076782	-121.812645
8663.749695	-122.063560
8664.422607	-121.329262
8665.095520	-121.522247
8665.768433	-122.148689
8666.441345	-121.896614
8667.114258	-122.937576
8667.787170	-122.842262
8668.460083	-121.730637
8669.132996	-122.349228
8669.805908	-122.855194
8670.478821	-122.486313
8671.151733	-122.372452
8671.824646	-122.471916
8672.497559	-121.829956
8673.170471	-121.896667
8673.843384	-122.390381
8674.516296	-122.025925
8675.189209	-121.851990
8675.862122	-121.549324
8676.535034	-122.131889
8677.207947	-122.891243
8677.880859	-122.271957
8678.553772	-122.502083
8679.226685	-122.292564
8679.899597	-122.141441
8680.572510	-122.246765
8681.245422	-121.944519
8681.918335	-121.190765
8682.591248	-121.472450
8683.264160	-121.551651
8683.937073	-120.997093
8684.609985	-121.463753
8685.282898	-121.458496
8685.955811	-121.928612
8686.628723	-122.236046
8687.301636	-122.409386
8687.974548	-122.812180
8688.647461	-122.450439
8689.320374	-122.369751
8689.993286	-122.366592
8690.666199	-122.764687
8691.339111	-122.306732
8692.012024	-121.369507
8692.684937	-121.270210
8693.357849	-122.602127
8694.030762	-122.100807
8694.703674	-121.333809
8695.376587	-121.984940
8696.049500	-122.169327
8696.722412	-122.369728
8697.395325	-121.621872
8698.068237	-121.833473
8698.741150	-121.994286
8699.414062	-121.268372
8700.086975	-122.373734
8700.759888	-122.439240
8701.432800	-122.294350
8702.105713	-121.818085
8702.778625	-121.911583
8703.451538	-121.752045
8704.124451	-121.909286
8704.797363	-121.605522
8705.470276	-121.625282
8706.143188	-121.394447
8706.816101	-122.289673
8707.489014	-122.067200
8708.161926	-121.655006
8708.834839	-122.058739
8709.507751	-121.891586
8710.180664	-121.595726
8710.853577	-121.991867
8711.526489	-122.344673
8712.199402	-122.681320
8712.872314	-122.023750
8713.545227	-121.446762
8714.218140	-121.886772
8714.891052	-121.673294
8715.563965	-121.728401
8716.236877	-122.943596
8716.909790	-122.799431
8717.582703	-121.784607
8718.255615	-121.132324
8718.928528	-121.266571
8719.601440	-121.635429
8720.274353	-121.242531
8720.947266	-121.544456
8721.620178	-122.053566
8722.293091	-121.842567
8722.966003	-121.656029
8723.638916	-121.591248
8724.311829	-122.043770
8724.984741	-122.071129
8725.657654	-121.730476
8726.330566	-121.004189
8727.003479	-121.335892
8727.676392	-122.205620
8728.349304	-121.638939
8729.022217	-121.713295
8729.695129	-121.849564
8730.368042	-122.043823
8731.040955	-121.952011
8731.713867	-122.233505
8732.386780	-121.887314
8733.059692	-121.882477
8733.732605	-122.588402
8734.405518	-121.264801
8735.078430	-121.538742
8735.751343	-122.591049
8736.424255	-121.847183
8737.097168	-121.584846
8737.770081	-121.690598
8738.442993	-121.696419
8739.115906	-122.178009
8739.788818	-121.979019
8740.461731	-122.745148
8741.134644	-122.366249
8741.807556	-121.688004
8742.480469	-121.237686
8743.153381	-122.233643
8743.826294	-121.489082
8744.499207	-122.028778
8745.172119	-121.956070
8745.845032	-121.320030
8746.517944	-121.145157
8747.190857	-120.997795
8747.863770	-121.768517
8748.536682	-121.972694
8749.209595	-122.193504
8749.882507	-121.648834
8750.555420	-121.541832
8751.228333	-121.575645
8751.901245	-121.674500
8752.574158	-121.547844
8753.247070	-121.678406
8753.919983	-122.311882
8754.592896	-122.466782
8755.265808	-121.126038
8755.938721	-120.781548
8756.611633	-121.637238
8757.284546	-121.846283
8757.957458	-120.834511
8758.630371	-120.719681
8759.303284	-121.244637
8759.976196	-121.504784
8760.649109	-121.847076
8761.322021	-121.357460
8761.994934	-122.307625
8762.667847	-121.834785
8763.340759	-121.265785
8764.013672	-122.666733
8764.686584	-122.603027
8765.359497	-121.934814
8766.032410	-121.237396
8766.705322	-121.827568
8767.378235	-121.059448
8768.051147	-121.332542
8768.724060	-122.015846
8769.396973	-122.193993
8770.069885	-121.882484
8770.742798	-121.714851
8771.415710	-122.578018
8772.088623	-122.009972
8772.761536	-120.712776
8773.434448	-120.495674
8774.107361	-121.881493
8774.780273	-122.218842
8775.453186	-121.615044
8776.126099	-120.939598
8776.799011	-121.574089
8777.471924	-121.981079
8778.144836	-121.658066
8778.817749	-122.272003
8779.490662	-121.446259
8780.163574	-121.051750
8780.836487	-121.438919
8781.509399	-121.647789
8782.182312	-122.397400
8782.855225	-122.296921
8783.528137	-122.568092
8784.201050	-122.192795
8784.873962	-121.807144
8785.546875	-121.718193
8786.219788	-121.814537
8786.892700	-121.437187
8787.565613	-121.917450
8788.238525	-120.955093
8788.911438	-120.839287
8789.584351	-122.233200
8790.257263	-122.642578
8790.930176	-122.164047
8791.603088	-121.186829
8792.276001	-120.747047
8792.948914	-121.166985
8793.621826	-121.850761
8794.294739	-121.765839
8794.967651	-121.130905
8795.640564	-122.212036
8796.313477	-123.048279
8796.986389	-122.542587
8797.659302	-122.478699
8798.332214	-122.277794
8799.005127	-122.370583
8799.678040	-121.364243
8800.350952	-122.067169
8801.023865	-122.801590
8801.696777	-122.732170
8802.369690	-123.522781
8803.042603	-122.883713
8803.715515	-122.283203
8804.388428	-121.650604
8805.061340	-121.552208
8805.734253	-121.575005
8806.407166	-122.145081
8807.080078	-122.300896
8807.752991	-122.089516
8808.425903	-121.505478
8809.098816	-121.256706
8809.771729	-121.588989
8810.444641	-122.103508
8811.117554	-122.047546
8811.790466	-121.970963
8812.463379	-122.468765
8813.136292	-121.745361
8813.809204	-121.558456
8814.482117	-122.098724
8815.155029	-121.915726
8815.827942	-121.439896
8816.500854	-121.080299
8817.173767	-121.693886
8817.846680	-122.256020
8818.519592	-121.932037
8819.192505	-121.931236
8819.865417	-122.221741
8820.538330	-122.167328
8821.211243	-122.260742
8821.884155	-121.752869
8822.557068	-121.795624
8823.229980	-122.103592
8823.902893	-121.792984
8824.575806	-121.524376
8825.248718	-122.187660
8825.921631	-121.990494
8826.594543	-122.389229
8827.267456	-122.394119
8827.940369	-122.432526
8828.613281	-122.059578
8829.286194	-121.054031
8829.959106	-120.531441
8830.632019	-121.199127
8831.304932	-121.390404
8831.977844	-121.374321
8832.650757	-122.344055
8833.323669	-121.967087
8833.996582	-122.268097
8834.669495	-122.113647
8835.342407	-121.631950
8836.015320	-121.496223
8836.688232	-121.350647
8837.361145	-122.601746
8838.034058	-121.829948
8838.706970	-122.639793
8839.379883	-123.246872
8840.052795	-122.389946
8840.725708	-121.916344
8841.398621	-121.446480
8842.071533	-121.791344
8842.744446	-121.701683
8843.417358	-121.630562
8844.090271	-122.252792
8844.763184	-122.262054
8845.436096	-121.986374
8846.109009	-122.796364
8846.781921	-121.342796
8847.454834	-120.802025
8848.127747	-120.746101
8848.800659	-121.446289
8849.473572	-121.225517
8850.146484	-121.471588
8850.819397	-120.851715
8851.492310	-120.419769
8852.165222	-121.187881
8852.838135	-121.947830
8853.511047	-122.348061
8854.183960	-121.863274
8854.856873	-121.984512
8855.529785	-121.443092
8856.202698	-121.248566
8856.875610	-122.245705
8857.548523	-121.869789
8858.221436	-121.085495
8858.894348	-121.871071
8859.567261	-121.146355
8860.240173	-120.822227
8860.913086	-122.074318
8861.585999	-121.923370
8862.258911	-120.650543
8862.931824	-121.471199
8863.604736	-121.396263
8864.277649	-121.843781
8864.950562	-122.786064
8865.623474	-121.923523
8866.296387	-120.914307
8866.969299	-121.837997
8867.642212	-122.114624
8868.315125	-121.554878
8868.988037	-121.977585
8869.660950	-122.159615
8870.333862	-121.606819
8871.006775	-121.637367
8871.679688	-122.170258
8872.352600	-121.855133
8873.025513	-121.692230
8873.698425	-121.710083
8874.371338	-121.754044
8875.044250	-120.636734
8875.717163	-120.776497
8876.390076	-121.552223
8877.062988	-121.459053
8877.735901	-121.975212
8878.408813	-122.027931
8879.081726	-121.724274
8879.754639	-121.230804
8880.427551	-121.197876
8881.100464	-121.667969
8881.773376	-121.829796
8882.446289	-122.287560
8883.119202	-122.253990
8883.792114	-121.306740
8884.465027	-120.992607
8885.137939	-121.505333
8885.810852	-122.024033
8886.483765	-122.023224
8887.156677	-122.419777
8887.829590	-122.720039
8888.502502	-122.118401
8889.175415	-121.172417
8889.848328	-121.435799
8890.521240	-121.136978
8891.194153	-120.792328
8891.867065	-120.999825
8892.539978	-121.250954
8893.212891	-121.827553
8893.885803	-121.766434
8894.558716	-122.067078
8895.231628	-122.134575
8895.904541	-121.705956
8896.577454	-121.145538
8897.250366	-121.840073
8897.923279	-121.544403
8898.596191	-121.982529
8899.269104	-122.021904
8899.942017	-122.080872
8900.614929	-122.093971
8901.287842	-121.846977
8901.960754	-121.578262
8902.633667	-121.891022
8903.306580	-121.886429
8903.979492	-122.389740
8904.652405	-121.762970
8905.325317	-121.803177
8905.998230	-121.753403
8906.671143	-122.065598
8907.344055	-122.157883
8908.016968	-122.251251
8908.689880	-121.862930
8909.362793	-120.961220
8910.035706	-121.123856
8910.708618	-121.057152
8911.381531	-121.974358
8912.054443	-122.119820
8912.727356	-122.131157
8913.400269	-121.606125
8914.073181	-122.217667
8914.746094	-121.701744
8915.419006	-121.491150
8916.091919	-121.450676
8916.764832	-120.957787
8917.437744	-121.083832
8918.110657	-122.155602
8918.783569	-121.633293
8919.456482	-121.379990
8920.129395	-121.343422
8920.802307	-121.523170
8921.475220	-121.399551
8922.148132	-121.081718
8922.821045	-120.785164
8923.493958	-120.817368
8924.166870	-121.383682
8924.839783	-120.984566
8925.512695	-121.550690
8926.185608	-121.676834
8926.858521	-121.418976
8927.531433	-122.141335
8928.204346	-122.412735
8928.877258	-122.444801
8929.550171	-121.850143
8930.223083	-121.019066
8930.895996	-121.206398
8931.568909	-121.543343
8932.241821	-121.708809
8932.914734	-121.632439
8933.587646	-122.583687
8934.260559	-122.493683
8934.933472	-121.844002
8935.606384	-121.396957
8936.279297	-121.889427
8936.952209	-121.750832
8937.625122	-121.240883
8938.298035	-121.446350
8938.970947	-122.070404
8939.643860	-121.837524
8940.316772	-120.665260
8940.989685	-121.331726
8941.662598	-121.963867
8942.335510	-122.445946
8943.008423	-122.496658
8943.681335	-122.124207
8944.354248	-121.840744
8945.027161	-122.958328
8945.700073	-122.352951
8946.372986	-121.143349
8947.045898	-121.952332
8947.718811	-122.739075
8948.391724	-122.129478
8949.064636	-121.999542
8949.737549	-122.336929
8950.410461	-122.705925
8951.083374	-121.612968
8951.756287	-121.689644
8952.429199	-121.598312
8953.102112	-121.204193
8953.775024	-122.129662
8954.447937	-122.485039
8955.120850	-122.230644
8955.793762	-122.730003
8956.466675	-122.208138
8957.139587	-121.237732
8957.812500	-120.969299
8958.485413	-120.948067
8959.158325	-121.388420
8959.831238	-121.848267
8960.504150	-121.868935
8961.177063	-122.276314
8961.849976	-121.383354
8962.522888	-121.501518
8963.195801	-121.698219
8963.868713	-122.116570
8964.541626	-121.725655
8965.214539	-121.573891
8965.887451	-122.234467
8966.560364	-122.251556
8967.233276	-121.541847
8967.906189	-121.632599
8968.579102	-121.279366
8969.252014	-121.125481
8969.924927	-121.590118
8970.597839	-122.284393
8971.270752	-122.836456
8971.943665	-121.985481
8972.616577	-121.008934
8973.289490	-120.963814
8973.962402	-121.754845
8974.635315	-121.826202
8975.308228	-121.342331
8975.981140	-121.416275
8976.654053	-121.834122
8977.326965	-121.786880
8977.999878	-121.690468
8978.672791	-122.213776
8979.345703	-122.137833
8980.018616	-121.890930
8980.691528	-121.709831
8981.364441	-121.627625
8982.037354	-121.454620
8982.710266	-121.608154
8983.383179	-121.276421
8984.056091	-121.838303
8984.729004	-121.589073
8985.401917	-121.867691
8986.074829	-121.600243
8986.747742	-121.739113
8987.420654	-121.717010
8988.093567	-121.880043
8988.766479	-121.691498
8989.439392	-121.479050
8990.112305	-121.706825
8990.785217	-122.228195
8991.458130	-121.060776
8992.131042	-122.069122
8992.803955	-122.201347
8993.476868	-121.520874
8994.149780	-121.478783
8994.822693	-121.916603
8995.495605	-122.091850
8996.168518	-121.717674
8996.841431	-121.652199
8997.514343	-121.155708
8998.187256	-121.180603
8998.860168	-121.956024
8999.533081	-122.499001
9000.205994	-121.300735
9000.878906	-121.320343
9001.551819	-122.325623
9002.224731	-122.353172
9002.897644	-121.158157
9003.570557	-121.645805
9004.243469	-122.313881
9004.916382	-122.177818
9005.589294	-121.172310
9006.262207	-121.315636
9006.935120	-121.011452
9007.608032	-121.271759
9008.280945	-122.245972
9008.953857	-122.469803
9009.626770	-121.735901
9010.299683	-121.221252
9010.972595	-121.753189
9011.645508	-121.765335
9012.318420	-121.926254
9012.991333	-121.899429
9013.664246	-121.857765
9014.337158	-122.503624
9015.010071	-121.654861
9015.682983	-121.835793
9016.355896	-122.163506
9017.028809	-121.767609
9017.701721	-122.078812
9018.374634	-122.078751
9019.047546	-122.118729
9019.720459	-121.819542
9020.393372	-121.755959
9021.066284	-122.144119
9021.739197	-121.668655
9022.412109	-122.087517
9023.085022	-122.202812
9023.757935	-122.344490
9024.430847	-122.164597
9025.103760	-121.638580
9025.776672	-121.316643
9026.449585	-122.368515
9027.122498	-122.453850
9027.795410	-121.208351
9028.468323	-122.067238
9029.141235	-122.448997
9029.814148	-122.089172
9030.487061	-122.089813
9031.159973	-121.843384
9031.832886	-121.909584
9032.505798	-122.607780
9033.178711	-122.689346
9033.851624	-122.529747
9034.524536	-122.041130
9035.197449	-121.480049
9035.870361	-121.558441
9036.543274	-121.967209
9037.216187	-122.365677
9037.889099	-122.293594
9038.562012	-121.829933
9039.234924	-121.390343
9039.907837	-120.763405
9040.580750	-120.839104
9041.253662	-122.622528
9041.926575	-122.802528
9042.599487	-121.319542
9043.272400	-121.485329
9043.945312	-121.771469
9044.618225	-121.858078
9045.291138	-121.189331
9045.964050	-121.082909
9046.636963	-121.580307
9047.309875	-122.069984
9047.982788	-122.308350
9048.655701	-121.766853
9049.328613	-121.267479
9050.001526	-121.957596
9050.674438	-121.581902
9051.347351	-122.373901
9052.020264	-123.136955
9052.693176	-122.469162
9053.366089	-121.680687
9054.039001	-121.938110
9054.711914	-122.420517
9055.384827	-122.362755
9056.057739	-121.960609
9056.730652	-121.952431
9057.403564	-121.691353
9058.076477	-121.676552
9058.749390	-122.154480
9059.422302	-122.104088
9060.095215	-121.733528
9060.768127	-121.597557
9061.441040	-121.316315
9062.113953	-121.280388
9062.786865	-122.331985
9063.459778	-120.842987
9064.132690	-120.341766
9064.805603	-120.856125
9065.478516	-122.052734
9066.151428	-121.806816
9066.824341	-121.113304
9067.497253	-121.500725
9068.170166	-121.578575
9068.843079	-121.091080
9069.515991	-121.063446
9070.188904	-121.306664
9070.861816	-121.962135
9071.534729	-121.950668
9072.207642	-121.656784
9072.880554	-121.588783
9073.553467	-121.328697
9074.226379	-121.891624
9074.899292	-121.667328
9075.572205	-121.168060
9076.245117	-121.455132
9076.918030	-122.191460
9077.590942	-122.172241
9078.263855	-121.740097
9078.936768	-121.355659
9079.609680	-121.816582
9080.282593	-122.129639
9080.955505	-121.747543
9081.628418	-121.168159
9082.301331	-122.331375
9082.974243	-122.064438
9083.647156	-121.414589
9084.320068	-121.259705
9084.992981	-121.750191
9085.665894	-122.967522
9086.338806	-123.209534
9087.011719	-122.208809
9087.684631	-121.662628
9088.357544	-121.240822
9089.030457	-121.143753
9089.703369	-121.664917
9090.376282	-122.279182
9091.049194	-122.037605
9091.722107	-121.244545
9092.395020	-121.131355
9093.067932	-120.862091
9093.740845	-121.278984
9094.413757	-121.525963
9095.086670	-121.810768
9095.759583	-121.603661
9096.432495	-122.535316
9097.105408	-123.137688
9097.778320	-122.030258
9098.451233	-121.305130
9099.124146	-121.060928
9099.797058	-121.371071
9100.469971	-122.180061
9101.142883	-121.875458
9101.815796	-121.243439
9102.488708	-122.356110
9103.161621	-122.981606
9103.834534	-121.868919
9104.507446	-121.334221
9105.180359	-122.033264
9105.853271	-122.156349
9106.526184	-121.257072
9107.199097	-121.290260
9107.872009	-121.625053
9108.544922	-121.697792
9109.217834	-121.604919
9109.890747	-121.733788
9110.563660	-121.976059
9111.236572	-122.899651
9111.909485	-121.705956
9112.582397	-121.447098
9113.255310	-121.643829
9113.928223	-121.334175
9114.601135	-121.042412
9115.274048	-121.997414
9115.946960	-121.582657
9116.619873	-122.102859
9117.292786	-122.988945
9117.965698	-122.584915
9118.638611	-120.835213
9119.311523	-121.115723
9119.984436	-121.522385
9120.657349	-122.035446
9121.330261	-121.761810
9122.003174	-120.911011
9122.676086	-120.660286
9123.348999	-120.852699
9124.021912	-121.396004
9124.694824	-121.437180
9125.367737	-121.612671
9126.040649	-121.896378
9126.713562	-121.755005
9127.386475	-121.421249
9128.059387	-121.725700
9128.732300	-121.658401
9129.405212	-121.483269
9130.078125	-121.521004
9130.751038	-121.545898
9131.423950	-121.543892
9132.096863	-120.945015
9132.769775	-121.435616
9133.442688	-121.889618
9134.115601	-121.686920
9134.788513	-122.371628
9135.461426	-121.549133
9136.134338	-121.199196
9136.807251	-121.740898
9137.480164	-121.318810
9138.153076	-120.976562
9138.825989	-121.159828
9139.498901	-121.386566
9140.171814	-121.067619
9140.844727	-121.304985
9141.517639	-121.666878
9142.190552	-122.058830
9142.863464	-122.414024
9143.536377	-121.077095
9144.209290	-121.286446
9144.882202	-121.253937
9145.555115	-120.951248
9146.228027	-120.908936
9146.900940	-121.415619
9147.573853	-121.376167
9148.246765	-121.618248
9148.919678	-121.424904
9149.592590	-121.386848
9150.265503	-121.576881
9150.938416	-121.900070
9151.611328	-121.855080
9152.284241	-121.899986
9152.957153	-121.285217
9153.630066	-121.990631
9154.302979	-121.786560
9154.975891	-121.901131
9155.648804	-121.273697
9156.321716	-121.696136
9156.994629	-122.030136
9157.667542	-122.459991
9158.340454	-122.995384
9159.013367	-121.918205
9159.686279	-122.027122
9160.359192	-121.644020
9161.032104	-121.702782
9161.705017	-121.844566
9162.377930	-122.110786
9163.050842	-122.062599
9163.723755	-121.505806
9164.396667	-121.679565
9165.069580	-121.713394
9165.742493	-121.368233
9166.415405	-121.479416
9167.088318	-120.667778
9167.761230	-120.845787
9168.434143	-121.668243
9169.107056	-122.097580
9169.779968	-123.577042
9170.452881	-122.600334
9171.125793	-122.247360
9171.798706	-121.783173
9172.471619	-122.098907
9173.144531	-121.785454
9173.817444	-121.523941
9174.490356	-121.194893
9175.163269	-122.031517
9175.836182	-121.632225
9176.509094	-121.782379
9177.182007	-121.931763
9177.854919	-121.663582
9178.527832	-121.588799
9179.200745	-121.975868
9179.873657	-122.755051
9180.546570	-122.370605
9181.219482	-122.514328
9181.892395	-122.204498
9182.565308	-121.058769
9183.238220	-121.517342
9183.911133	-121.397842
9184.584045	-120.954163
9185.256958	-121.699738
9185.929871	-121.653015
9186.602783	-121.788223
9187.275696	-122.113068
9187.948608	-121.281395
9188.621521	-121.406662
9189.294434	-121.847267
9189.967346	-121.692711
9190.640259	-120.945099
9191.313171	-120.999115
9191.986084	-120.802742
9192.658997	-121.940933
9193.331909	-121.493782
9194.004822	-121.243973
9194.677734	-121.102074
9195.350647	-121.844566
9196.023560	-122.271049
9196.696472	-122.366905
9197.369385	-121.598129
9198.042297	-122.196823
9198.715210	-122.707748
9199.388123	-121.679909
9200.061035	-121.512398
9200.733948	-121.274284
9201.406860	-121.600975
9202.079773	-121.737312
9202.752686	-121.819008
9203.425598	-121.547836
9204.098511	-121.596222
9204.771423	-122.458542
9205.444336	-121.332787
9206.117249	-120.806511
9206.790161	-121.388252
9207.463074	-121.785866
9208.135986	-121.873413
9208.808899	-121.605408
9209.481812	-121.561356
9210.154724	-121.418808
9210.827637	-122.239464
9211.500549	-122.013474
9212.173462	-122.202820
9212.846375	-122.547356
9213.519287	-121.788383
9214.192200	-121.123116
9214.865112	-121.358391
9215.538025	-121.631035
9216.210938	-122.126297
9216.883850	-121.068314
9217.556763	-121.969955
9218.229675	-121.821182
9218.902588	-121.962944
9219.575500	-121.357323
9220.248413	-121.423485
9220.921326	-122.009766
9221.594238	-122.078194
9222.267151	-121.051247
9222.940063	-121.362045
9223.612976	-121.217613
9224.285889	-122.211678
9224.958801	-121.515633
9225.631714	-121.044441
9226.304626	-121.967438
9226.977539	-122.106514
9227.650452	-121.690567
9228.323364	-122.512978
9228.996277	-122.885979
9229.669189	-121.674721
9230.342102	-121.647781
9231.015015	-121.439964
9231.687927	-120.325310
9232.360840	-121.031883
9233.033752	-121.264992
9233.706665	-121.811020
9234.379578	-122.212448
9235.052490	-121.636810
9235.725403	-122.218201
9236.398315	-121.153358
9237.071228	-120.512665
9237.744141	-121.238510
9238.417053	-121.481384
9239.089966	-121.369423
9239.762878	-122.140625
9240.435791	-122.008644
9241.108704	-122.390266
9241.781616	-122.023148
9242.454529	-121.990356
9243.127441	-121.291534
9243.800354	-121.626488
9244.473267	-121.247284
9245.146179	-121.859375
9245.819092	-122.263611
9246.492004	-122.358437
9247.164917	-122.061913
9247.837830	-122.151047
9248.510742	-122.343048
9249.183655	-123.254143
9249.856567	-122.578781
9250.529480	-122.527420
9251.202393	-122.383408
9251.875305	-121.810272
9252.548218	-121.769554
9253.221130	-122.048187
9253.894043	-122.517982
9254.566956	-122.673325
9255.239868	-122.094513
9255.912781	-122.079903
9256.585693	-122.153587
9257.258606	-121.367294
9257.931519	-121.487709
9258.604431	-121.595863
9259.277344	-122.432175
9259.950256	-122.679878
9260.623169	-121.519592
9261.296082	-120.741608
9261.968994	-121.531563
9262.641907	-121.145767
9263.314819	-120.838203
9263.987732	-121.108612
9264.660645	-121.661781
9265.333557	-121.407059
9266.006470	-122.307892
9266.679382	-121.715797
9267.352295	-120.921524
9268.025208	-121.484589
9268.698120	-122.597771
9269.371033	-122.420830
9270.043945	-121.339973
9270.716858	-122.275063
9271.389771	-122.489830
9272.062683	-121.870125
9272.735596	-122.286339
9273.408508	-122.139626
9274.081421	-121.205338
9274.754333	-120.755890
9275.427246	-122.357979
9276.100159	-122.425766
9276.773071	-121.351891
9277.445984	-121.190193
9278.118896	-122.101128
9278.791809	-121.210648
9279.464722	-120.536957
9280.137634	-121.287064
9280.810547	-121.166420
9281.483459	-121.626671
9282.156372	-122.052071
9282.829285	-121.807533
9283.502197	-121.476509
9284.175110	-121.204292
9284.848022	-121.173378
9285.520935	-121.007690
9286.193848	-121.185577
9286.866760	-121.935127
9287.539673	-121.769203
9288.212585	-122.107948
9288.885498	-122.378799
9289.558411	-121.490807
9290.231323	-121.947166
9290.904236	-122.329681
9291.577148	-121.904716
9292.250061	-121.699768
9292.922974	-121.699486
9293.595886	-121.404129
9294.268799	-121.315964
9294.941711	-121.280228
9295.614624	-121.872116
9296.287537	-121.295334
9296.960449	-120.690407
9297.633362	-121.232018
9298.306274	-122.626404
9298.979187	-121.713989
9299.652100	-121.435654
9300.325012	-121.935043
9300.997925	-121.603188
9301.670837	-121.589256
9302.343750	-121.381279
9303.016663	-120.976784
9303.689575	-121.140076
9304.362488	-121.553459
9305.035400	-121.093460
9305.708313	-121.663300
9306.381226	-121.730347
9307.054138	-121.457176
9307.727051	-121.833687
9308.399963	-121.173981
9309.072876	-120.978378
9309.745789	-121.343971
9310.418701	-121.313614
9311.091614	-121.155632
9311.764526	-121.490555
9312.437439	-121.637085
9313.110352	-121.358986
9313.783264	-121.875511
9314.456177	-122.287239
9315.129089	-122.768578
9315.802002	-122.005806
9316.474915	-121.708282
9317.147827	-121.411522
9317.820740	-121.506287
9318.493652	-121.056274
9319.166565	-120.780533
9319.839478	-121.551208
9320.512390	-121.839912
9321.185303	-122.172211
9321.858215	-122.057884
9322.531128	-121.603264
9323.204041	-121.844826
9323.876953	-121.627563
9324.549866	-121.583145
9325.222778	-121.801613
9325.895691	-121.203407
9326.568604	-121.635368
9327.241516	-121.349304
9327.914429	-121.667381
9328.587341	-121.095108
9329.260254	-121.922859
9329.933167	-121.961945
9330.606079	-121.936676
9331.278992	-121.778786
9331.951904	-121.307465
9332.624817	-120.980263
9333.297729	-121.479179
9333.970642	-121.484230
9334.643555	-122.268974
9335.316467	-123.455086
9335.989380	-122.379646
9336.662292	-122.486214
9337.335205	-122.021873
9338.008118	-122.436836
9338.681030	-122.448601
9339.353943	-121.614723
9340.026855	-121.609253
9340.699768	-121.811935
9341.372681	-122.123917
9342.045593	-122.679718
9342.718506	-122.079742
9343.391418	-122.038834
9344.064331	-122.559761
9344.737244	-122.449379
9345.410156	-121.723625
9346.083069	-120.741959
9346.755981	-121.925751
9347.428894	-122.787643
9348.101807	-122.181274
9348.774719	-121.903336
9349.447632	-121.373192
9350.120544	-121.382637
9350.793457	-122.385399
9351.466370	-121.550766
9352.139282	-121.292557
9352.812195	-120.729027
9353.485107	-120.112213
9354.158020	-120.389412
9354.830933	-120.767570
9355.503845	-121.356796
9356.176758	-120.868179
9356.849670	-121.356720
9357.522583	-120.590439
9358.195496	-121.147652
9358.868408	-121.850525
9359.541321	-121.176926
9360.214233	-121.155960
9360.887146	-122.278320
9361.560059	-121.416557
9362.232971	-121.559212
9362.905884	-121.963913
9363.578796	-121.357887
9364.251709	-121.630898
9364.924622	-121.289673
9365.597534	-121.995033
9366.270447	-122.778358
9366.943359	-121.566475
9367.616272	-121.709976
9368.289185	-121.842918
9368.962097	-121.437325
9369.635010	-121.877090
9370.307922	-122.452324
9370.980835	-121.423325
9371.653748	-120.943062
9372.326660	-122.179115
9372.999573	-121.871361
9373.672485	-121.682198
9374.345398	-121.635544
9375.018311	-121.461601
9375.691223	-121.006393
9376.364136	-122.005211
9377.037048	-122.851044
9377.709961	-121.493469
9378.382874	-122.503555
9379.055786	-122.230255
9379.728699	-122.460709
9380.401611	-122.044052
9381.074524	-121.160011
9381.747437	-121.491959
9382.420349	-122.291313
9383.093262	-121.713470
9383.766174	-121.954422
9384.439087	-122.112640
9385.112000	-120.832916
9385.784912	-120.722336
9386.457825	-121.722923
9387.130737	-122.248314
9387.803650	-120.786758
9388.476562	-121.629631
9389.149475	-122.148705
9389.822388	-121.051071
9390.495300	-121.845757
9391.168213	-122.508316
9391.841125	-122.489517
9392.514038	-121.820320
9393.186951	-122.504753
9393.859863	-122.272705
9394.532776	-121.514122
9395.205688	-121.854576
9395.878601	-122.019295
9396.551514	-121.197021
9397.224426	-120.850883
9397.897339	-121.925629
9398.570251	-121.794426
9399.243164	-121.299911
9399.916077	-122.457359
9400.588989	-121.938110
9401.261902	-121.153946
9401.934814	-120.704758
9402.607727	-120.584579
9403.280640	-121.098236
9403.953552	-121.600220
9404.626465	-122.003265
9405.299377	-121.384262
9405.972290	-121.500488
9406.645203	-121.443848
9407.318115	-121.054253
9407.991028	-121.794739
9408.663940	-122.099670
9409.336853	-121.601570
9410.009766	-121.250366
9410.682678	-121.502197
9411.355591	-122.371124
9412.028503	-122.647873
9412.701416	-122.554001
9413.374329	-121.904778
9414.047241	-121.797836
9414.720154	-121.654442
9415.393066	-120.856560
9416.065979	-121.009995
9416.738892	-121.530815
9417.411804	-122.111153
9418.084717	-121.519920
9418.757629	-121.163467
9419.430542	-121.020538
9420.103455	-122.234688
9420.776367	-122.429390
9421.449280	-121.423149
9422.122192	-121.792862
9422.795105	-122.283524
9423.468018	-121.976425
9424.140930	-121.955185
9424.813843	-120.509293
9425.486755	-121.530777
9426.159668	-121.124825
9426.832581	-121.725998
9427.505493	-122.549133
9428.178406	-121.886696
9428.851318	-121.135345
9429.524231	-121.443138
9430.197144	-121.906631
9430.870056	-122.232056
9431.542969	-121.847359
9432.215881	-121.814804
9432.888794	-121.395264
9433.561707	-121.988586
9434.234619	-121.693115
9434.907532	-121.681694
9435.580444	-121.655663
9436.253357	-121.472771
9436.926270	-121.359406
9437.599182	-121.551651
9438.272095	-121.831375
9438.945007	-122.206108
9439.617920	-122.337212
9440.290833	-121.702545
9440.963745	-120.902489
9441.636658	-121.586281
9442.309570	-122.025070
9442.982483	-121.754028
9443.655396	-122.277145
9444.328308	-122.173126
9445.001221	-122.322121
9445.674133	-121.590263
9446.347046	-121.774590
9447.019958	-121.258537
9447.692871	-120.884537
9448.365784	-121.685661
9449.038696	-121.431923
9449.711609	-122.006760
9450.384521	-121.698723
9451.057434	-122.119362
9451.730347	-122.164871
9452.403259	-121.031006
9453.076172	-121.614487
9453.749084	-121.497467
9454.421997	-121.312302
9455.094910	-121.860512
9455.767822	-122.332649
9456.440735	-121.410469
9457.113647	-121.758514
9457.786560	-122.505524
9458.459473	-122.394852
9459.132385	-122.680191
9459.805298	-121.700111
9460.478210	-120.635468
9461.151123	-121.096504
9461.824036	-122.231956
9462.496948	-121.839622
9463.169861	-120.652893
9463.842773	-121.056496
9464.515686	-122.751839
9465.188599	-121.783539
9465.861511	-121.697708
9466.534424	-120.910965
9467.207336	-121.605522
9467.880249	-122.426033
9468.553162	-121.173584
9469.226074	-121.179153
9469.898987	-121.537910
9470.571899	-121.803436
9471.244812	-121.449150
9471.917725	-122.075554
9472.590637	-121.963516
9473.263550	-122.381325
9473.936462	-122.163078
9474.609375	-123.058266
9475.282288	-122.343109
9475.955200	-122.442421
9476.628113	-121.286621
9477.301025	-121.117416
9477.973938	-121.660431
9478.646851	-121.299774
9479.319763	-121.854477
9479.992676	-121.942093
9480.665588	-121.359108
9481.338501	-120.341362
9482.011414	-121.504532
9482.684326	-121.809258
9483.357239	-121.246956
9484.030151	-122.047974
9484.703064	-122.349281
9485.375977	-122.133171
9486.048889	-122.083977
9486.721802	-122.447205
9487.394714	-122.360435
9488.067627	-121.684998
9488.740540	-121.648132
9489.413452	-122.060822
9490.086365	-121.654846
9490.759277	-121.566933
9491.432190	-122.362831
9492.105103	-122.485329
9492.778015	-121.601860
9493.450928	-121.697945
9494.123840	-122.188133
9494.796753	-122.449837
9495.469666	-121.515038
9496.142578	-120.791222
9496.815491	-121.131073
9497.488403	-121.774132
9498.161316	-122.107613
9498.834229	-121.569511
9499.507141	-121.121826
9500.180054	-121.674530
9500.852966	-122.932419
9501.525879	-123.301247
9502.198792	-122.863823
9502.871704	-122.415688
9503.544617	-121.987389
9504.217529	-121.784546
9504.890442	-121.255272
9505.563354	-121.602798
9506.236267	-122.624550
9506.909180	-123.231041
9507.582092	-121.806679
9508.255005	-121.471352
9508.927917	-122.080086
9509.600830	-121.104767
9510.273743	-121.432365
9510.946655	-121.827530
9511.619568	-121.186775
9512.292480	-122.106415
9512.965393	-122.784821
9513.638306	-122.409508
9514.311218	-122.432556
9514.984131	-121.990913
9515.657043	-122.131584
9516.329956	-121.610046
9517.002869	-121.509911
9517.675781	-121.688522
9518.348694	-121.899429
9519.021606	-121.582512
9519.694519	-120.681992
9520.367432	-120.745667
9521.040344	-121.583626
9521.713257	-121.736969
9522.386169	-122.130051
9523.059082	-122.064384
9523.731995	-122.230171
9524.404907	-122.109940
9525.077820	-121.554680
9525.750732	-120.664307
9526.423645	-120.526535
9527.096558	-120.769569
9527.769470	-120.741310
9528.442383	-120.442963
9529.115295	-120.963448
9529.788208	-121.027252
9530.461121	-120.637405
9531.134033	-121.612808
9531.806946	-121.924118
9532.479858	-121.289749
9533.152771	-121.632782
9533.825684	-122.061951
9534.498596	-121.479164
9535.171509	-121.273163
9535.844421	-121.877441
9536.517334	-121.281708
9537.190247	-122.033188
9537.863159	-122.314880
9538.536072	-121.875389
9539.208984	-120.661118
9539.881897	-120.662483
9540.554810	-122.060997
9541.227722	-122.102051
9541.900635	-122.126244
9542.573547	-121.782112
9543.246460	-120.637543
9543.919373	-120.465828
9544.592285	-120.889519
9545.265198	-121.618011
9545.938110	-121.034172
9546.611023	-121.833298
9547.283936	-122.241714
9547.956848	-122.473557
9548.629761	-121.492828
9549.302673	-121.484390
9549.975586	-122.309998
9550.648499	-121.743851
9551.321411	-121.520538
9551.994324	-121.078346
9552.667236	-121.392525
9553.340149	-121.582283
9554.013062	-121.191528
9554.685974	-120.948898
9555.358887	-120.397324
9556.031799	-121.263046
9556.704712	-121.672005
9557.377625	-122.648674
9558.050537	-123.413498
9558.723450	-122.741722
9559.396362	-121.630905
9560.069275	-121.740135
9560.742188	-122.514641
9561.415100	-122.420090
9562.088013	-121.700699
9562.760925	-120.979950
9563.433838	-121.608490
9564.106750	-121.903824
9564.779663	-121.776039
9565.452576	-122.808403
9566.125488	-122.041550
9566.798401	-121.582741
9567.471313	-122.395905
9568.144226	-121.772545
9568.817139	-121.314095
9569.490051	-121.375137
9570.162964	-121.351227
9570.835876	-122.370155
9571.508789	-122.344833
9572.181702	-121.464760
9572.854614	-120.081551
9573.527527	-120.758209
9574.200439	-121.491135
9574.873352	-121.400734
9575.546265	-121.606285
9576.219177	-121.288887
9576.892090	-121.304756
9577.565002	-121.076538
9578.237915	-120.999878
9578.910828	-121.761261
9579.583740	-122.063423
9580.256653	-121.885971
9580.929565	-121.821144
9581.602478	-121.655525
9582.275391	-121.491600
9582.948303	-122.352768
9583.621216	-122.800316
9584.294128	-123.012695
9584.967041	-121.924110
9585.639954	-121.633865
9586.312866	-122.667801
9586.985779	-122.653297
9587.658691	-122.745644
9588.331604	-122.110275
9589.004517	-121.382782
9589.677429	-122.168167
9590.350342	-122.571945
9591.023254	-122.305344
9591.696167	-121.784752
9592.369080	-121.447777
9593.041992	-121.956528
9593.714905	-122.447983
9594.387817	-122.458626
9595.060730	-122.066116
9595.733643	-121.500488
9596.406555	-122.023201
9597.079468	-122.023468
9597.752380	-121.854805
9598.425293	-122.339272
9599.098206	-121.830048
9599.771118	-121.905205
9600.444031	-121.545830
9601.116943	-122.092110
9601.789856	-121.473351
9602.462769	-121.702606
9603.135681	-122.066231
9603.808594	-121.855339
9604.481506	-122.166275
9605.154419	-121.679871
9605.827332	-121.181328
9606.500244	-121.442810
9607.173157	-121.743172
9607.846069	-121.610626
9608.518982	-121.074013
9609.191895	-120.901344
9609.864807	-121.111343
9610.537720	-121.891434
9611.210632	-121.536606
9611.883545	-122.185173
9612.556458	-122.269821
9613.229370	-122.082169
9613.902283	-122.338913
9614.575195	-122.131943
9615.248108	-121.907074
9615.921021	-121.384895
9616.593933	-121.082436
9617.266846	-121.830994
9617.939758	-121.810760
9618.612671	-121.353821
9619.285583	-121.533234
9619.958496	-121.880928
9620.631409	-122.042328
9621.304321	-122.491638
9621.977234	-122.569092
9622.650146	-121.654785
9623.323059	-121.686569
9623.995972	-121.904846
9624.668884	-122.234909
9625.341797	-121.645592
9626.014709	-121.299774
9626.687622	-121.539696
9627.360535	-121.810577
9628.033447	-122.165863
9628.706360	-122.269005
9629.379272	-122.045631
9630.052185	-121.459351
9630.725098	-122.529686
9631.398010	-121.920822
9632.070923	-120.900345
9632.743835	-122.140617
9633.416748	-121.337326
9634.089661	-121.543198
9634.762573	-122.195152
9635.435486	-121.655968
9636.108398	-122.415794
9636.781311	-122.282967
9637.454224	-121.375565
9638.127136	-121.505714
9638.800049	-121.439278
9639.472961	-121.618950
9640.145874	-121.592720
9640.818787	-121.515556
9641.491699	-120.998795
9642.164612	-121.038567
9642.837524	-122.025291
9643.510437	-121.886742
9644.183350	-122.039261
9644.856262	-121.317436
9645.529175	-121.607277
9646.202087	-121.533173
9646.875000	-121.510254
9647.547913	-121.443031
9648.220825	-121.183723
9648.893738	-122.582756
9649.566650	-122.268044
9650.239563	-121.829353
9650.912476	-121.758049
9651.585388	-121.522644
9652.258301	-122.252266
9652.931213	-122.653442
9653.604126	-121.780418
9654.277039	-121.236572
9654.949951	-121.316681
9655.622864	-121.292534
9656.295776	-121.058243
9656.968689	-121.508064
9657.641602	-121.485390
9658.314514	-121.532082
9658.987427	-121.591805
9659.660339	-121.454842
9660.333252	-120.935745
9661.006165	-121.289940
9661.679077	-121.321098
9662.351990	-121.407516
9663.024902	-121.482582
9663.697815	-121.485489
9664.370728	-121.713867
9665.043640	-121.056129
9665.716553	-121.469070
9666.389465	-121.219025
9667.062378	-121.617928
9667.735291	-121.463646
9668.408203	-121.727783
9669.081116	-121.997787
9669.754028	-121.413757
9670.426941	-121.272888
9671.099854	-121.736084
9671.772766	-121.935890
9672.445679	-121.264641
9673.118591	-121.076118
9673.791504	-121.219681
9674.464417	-121.621315
9675.137329	-121.672745
9675.810242	-122.244034
9676.483154	-121.727722
9677.156067	-121.970322
9677.828979	-122.506889
9678.501892	-121.606644
9679.174805	-121.458824
9679.847717	-121.348938
9680.520630	-121.999733
9681.193542	-121.746620
9681.866455	-121.521088
9682.539368	-122.639679
9683.212280	-121.597771
9683.885193	-121.192780
9684.558105	-121.823067
9685.231018	-122.777519
9685.903931	-122.642418
9686.576843	-121.659790
9687.249756	-121.426331
9687.922668	-121.738693
9688.595581	-122.009094
9689.268494	-122.170013
9689.941406	-122.353889
9690.614319	-122.027588
9691.287231	-122.970352
9691.960144	-122.312012
9692.633057	-122.000267
9693.305969	-122.455772
9693.978882	-121.653831
9694.651794	-121.309502
9695.324707	-121.491165
9695.997620	-122.046112
9696.670532	-122.670189
9697.343445	-121.885315
9698.016357	-121.621628
9698.689270	-121.659851
9699.362183	-121.607552
9700.035095	-121.378197
9700.708008	-121.282944
9701.380920	-121.091957
9702.053833	-121.629440
9702.726746	-122.348831
9703.399658	-122.325249
9704.072571	-121.642082
9704.745483	-121.488274
9705.418396	-121.518242
9706.091309	-121.928970
9706.764221	-120.961952
9707.437134	-121.261398
9708.110046	-121.371887
9708.782959	-121.982048
9709.455872	-122.738754
9710.128784	-122.775375
9710.801697	-121.919022
9711.474609	-121.892670
9712.147522	-122.957535
9712.820435	-121.961815
9713.493347	-121.797211
9714.166260	-121.534134
9714.839172	-121.522522
9715.512085	-122.190933
9716.184998	-122.642899
9716.857910	-121.704002
9717.530823	-121.360428
9718.203735	-121.444183
9718.876648	-121.269302
9719.549561	-121.648438
9720.222473	-122.493149
9720.895386	-121.469521
9721.568298	-120.963074
9722.241211	-121.504181
9722.914124	-121.366188
9723.587036	-121.762871
9724.259949	-121.879776
9724.932861	-122.002205
9725.605774	-122.017448
9726.278687	-121.471085
9726.951599	-121.403343
9727.624512	-120.912964
9728.297424	-120.849487
9728.970337	-121.017944
9729.643250	-121.572075
9730.316162	-122.206459
9730.989075	-122.699570
9731.661987	-122.443291
9732.334900	-122.301682
9733.007812	-122.090843
9733.680725	-122.457573
9734.353638	-122.145256
9735.026550	-122.677780
9735.699463	-122.675583
9736.372375	-122.848961
9737.045288	-122.000900
9737.718201	-121.535652
9738.391113	-122.481514
9739.064026	-122.254066
9739.736938	-122.065269
9740.409851	-122.298294
9741.082764	-122.504890
9741.755676	-122.511673
9742.428589	-122.209465
9743.101501	-122.769501
9743.774414	-121.983833
9744.447327	-121.668884
9745.120239	-120.632561
9745.793152	-120.756958
9746.466064	-121.649261
9747.138977	-122.633705
9747.811890	-122.511337
9748.484802	-121.969025
9749.157715	-121.724037
9749.830627	-122.096008
9750.503540	-121.633148
9751.176453	-121.743004
9751.849365	-121.843231
9752.522278	-121.096802
9753.195190	-121.402466
9753.868103	-121.259644
9754.541016	-122.274323
9755.213928	-122.296310
9755.886841	-121.821152
9756.559753	-121.931915
9757.232666	-122.525642
9757.905579	-122.313499
9758.578491	-121.246605
9759.251404	-121.643150
9759.924316	-122.679474
9760.597229	-121.464005
9761.270142	-121.961845
9761.943054	-122.086456
9762.615967	-121.451508
9763.288879	-122.234947
9763.961792	-121.764977
9764.634705	-121.967896
9765.307617	-121.524635
9765.980530	-122.026299
9766.653442	-122.626122
9767.326355	-122.585068
9767.999268	-121.767014
9768.672180	-121.371086
9769.345093	-121.431969
9770.018005	-121.132660
9770.690918	-122.025749
9771.363831	-121.220238
9772.036743	-121.113007
9772.709656	-121.269821
9773.382568	-121.574089
9774.055481	-121.054115
9774.728394	-122.033676
9775.401306	-121.858749
9776.074219	-121.749237
9776.747131	-122.792320
9777.420044	-122.401772
9778.092957	-122.637825
9778.765869	-122.223351
9779.438782	-121.658714
9780.111694	-121.879623
9780.784607	-122.787445
9781.457520	-122.517326
9782.130432	-121.986595
9782.803345	-121.762871
9783.476257	-121.904961
9784.149170	-122.030624
9784.822083	-122.605316
9785.494995	-123.544006
9786.167908	-123.036949
9786.840820	-122.796494
9787.513733	-121.854317
9788.186646	-121.431435
9788.859558	-121.383743
9789.532471	-121.578476
9790.205383	-122.123978
9790.878296	-121.972069
9791.551208	-121.280945
9792.224121	-121.246124
9792.897034	-121.632538
9793.569946	-121.997307
9794.242859	-122.506638
9794.915771	-121.862167
9795.588684	-121.993080
9796.261597	-121.781822
9796.934509	-122.332291
9797.607422	-122.699715
9798.280334	-121.979080
9798.953247	-122.634171
9799.626160	-122.191360
9800.299072	-121.845299
9800.971985	-122.185921
9801.644897	-122.270927
9802.317810	-122.313210
9802.990723	-121.624893
9803.663635	-121.637817
9804.336548	-121.162666
9805.009460	-121.432381
9805.682373	-121.571236
9806.355286	-122.224770
9807.028198	-121.381653
9807.701111	-121.435112
9808.374023	-122.189735
9809.046936	-123.225525
9809.719849	-122.671928
9810.392761	-121.437248
9811.065674	-121.351891
9811.738586	-121.820343
9812.411499	-122.400726
9813.084412	-121.877007
9813.757324	-121.510391
9814.430237	-122.115181
9815.103149	-122.257462
9815.776062	-122.597725
9816.448975	-123.085464
9817.121887	-122.622711
9817.794800	-121.675835
9818.467712	-122.475670
9819.140625	-122.360100
9819.813538	-122.127502
9820.486450	-122.013405
9821.159363	-122.532188
9821.832275	-123.768318
9822.505188	-122.800217
9823.178101	-122.149063
9823.851013	-121.493362
9824.523926	-121.285866
9825.196838	-122.350151
9825.869751	-121.039413
9826.542664	-121.685257
9827.215576	-122.527481
9827.888489	-122.666229
9828.561401	-122.113510
9829.234314	-122.425880
9829.907227	-122.760658
9830.580139	-122.151077
9831.253052	-121.656311
9831.925964	-121.773262
9832.598877	-122.476219
9833.271790	-122.227493
9833.944702	-121.960655
9834.617615	-122.318069
9835.290527	-122.605087
9835.963440	-121.498222
9836.636353	-122.151161
9837.309265	-123.274078
9837.982178	-121.852570
9838.655090	-121.419754
9839.328003	-122.236153
9840.000916	-122.607094
9840.673828	-121.860512
9841.346741	-122.068329
9842.019653	-122.490227
9842.692566	-122.237053
9843.365479	-122.227570
9844.038391	-122.585342
9844.711304	-122.610428
9845.384216	-122.851089
9846.057129	-122.476982
9846.730042	-121.748650
9847.402954	-122.012489
9848.075867	-122.443054
9848.748779	-122.434799
9849.421692	-121.512871
9850.094604	-120.697746
9850.767517	-121.159378
9851.440430	-122.743797
9852.113342	-123.362267
9852.786255	-122.179871
9853.459167	-122.446953
9854.132080	-123.325165
9854.804993	-122.468994
9855.477905	-121.324219
9856.150818	-121.898621
9856.823730	-122.021103
9857.496643	-121.821259
9858.169556	-121.777260
9858.842468	-121.982712
9859.515381	-121.651863
9860.188293	-121.319931
9860.861206	-121.069534
9861.534119	-122.195908
9862.207031	-123.186111
9862.879944	-123.013039
9863.552856	-122.021156
9864.225769	-121.713799
9864.898682	-121.776535
9865.571594	-121.583794
9866.244507	-123.517204
9866.917419	-123.546463
9867.590332	-122.530251
9868.263245	-122.117386
9868.936157	-122.132401
9869.609070	-122.190056
9870.281982	-122.468925
9870.954895	-122.509224
9871.627808	-122.655548
9872.300720	-122.034096
9872.973633	-121.716423
9873.646545	-120.920090
9874.319458	-121.032104
9874.992371	-122.352509
9875.665283	-122.192657
9876.338196	-120.847023
9877.011108	-122.235672
9877.684021	-121.948944
9878.356934	-121.636551
9879.029846	-122.599670
9879.702759	-122.435715
9880.375671	-122.187447
9881.048584	-122.253654
9881.721497	-121.693695
9882.394409	-121.839951
9883.067322	-121.369087
9883.740234	-121.860893
9884.413147	-122.234268
9885.086060	-122.100578
9885.758972	-122.589287
9886.431885	-122.669205
9887.104797	-122.563850
9887.777710	-122.850227
9888.450623	-123.143967
9889.123535	-122.619911
9889.796448	-122.393188
9890.469360	-122.942642
9891.142273	-122.608452
9891.815186	-122.489479
9892.488098	-123.253746
9893.161011	-123.039886
9893.833923	-122.354294
9894.506836	-122.289345
9895.179749	-122.061142
9895.852661	-122.500008
9896.525574	-122.076744
9897.198486	-121.309509
9897.871399	-121.248955
9898.544312	-121.629120
9899.217224	-121.674004
9899.890137	-121.930725
9900.563049	-121.194679
9901.235962	-121.550270
9901.908875	-122.040497
9902.581787	-122.451370
9903.254700	-122.233810
9903.927612	-122.157181
9904.600525	-121.946198
9905.273438	-121.936287
9905.946350	-121.915344
9906.619263	-122.129890
9907.292175	-122.247063
9907.965088	-121.936272
9908.638000	-121.780975
9909.310913	-121.503517
9909.983826	-122.165092
9910.656738	-122.059937
9911.329651	-122.210190
9912.002563	-121.903030
9912.675476	-122.314438
9913.348389	-122.603104
9914.021301	-123.191315
9914.694214	-122.304466
9915.367126	-121.856583
9916.040039	-122.016518
9916.712952	-121.951096
9917.385864	-122.214882
9918.058777	-122.237228
9918.731689	-122.362999
9919.404602	-122.203522
9920.077515	-122.337563
9920.750427	-122.249954
9921.423340	-122.450630
9922.096252	-121.983124
9922.769165	-122.113991
9923.442078	-121.945633
9924.114990	-121.917328
9924.787903	-122.405235
9925.460815	-122.748459
9926.133728	-122.359543
9926.806641	-122.319046
9927.479553	-121.996262
9928.152466	-122.325394
9928.825378	-121.685249
9929.498291	-121.853760
9930.171204	-122.073845
9930.844116	-121.453011
9931.517029	-121.562744
9932.189941	-122.115921
9932.862854	-122.282883
9933.535767	-122.402992
9934.208679	-122.365837
9934.881592	-121.438248
9935.554504	-121.444412
9936.227417	-122.154419
9936.900330	-122.915413
9937.573242	-122.663521
9938.246155	-122.961678
9938.919067	-122.099358
9939.591980	-122.124031
9940.264893	-122.415909
9940.937805	-122.606300
9941.610718	-122.337555
9942.283630	-121.997231
9942.956543	-121.456841
9943.629456	-121.069939
9944.302368	-121.659027
9944.975281	-121.825539
9945.648193	-121.305969
9946.321106	-121.114815
9946.994019	-122.650932
9947.666931	-123.332535
9948.339844	-122.084015
9949.012756	-121.673920
9949.685669	-121.678131
9950.358582	-121.679237
9951.031494	-121.993477
9951.704407	-121.770599
9952.377319	-122.029068
9953.050232	-122.378174
9953.723145	-122.602211
9954.396057	-122.756645
9955.068970	-122.651512
9955.741882	-122.638779
9956.414795	-122.421555
9957.087708	-121.999893
9957.760620	-121.938118
9958.433533	-122.677437
9959.106445	-123.307854
9959.779358	-122.891258
9960.452271	-122.934708
9961.125183	-123.072830
9961.798096	-122.330162
9962.471008	-121.945038
9963.143921	-122.408134
9963.816833	-122.653580
9964.489746	-121.740692
9965.162659	-122.129395
9965.835571	-122.019035
9966.508484	-121.428009
9967.181396	-121.190155
9967.854309	-121.228264
9968.527222	-122.593201
9969.200134	-123.000710
9969.873047	-122.364227
9970.545959	-122.694427
9971.218872	-122.723312
9971.891785	-122.540054
9972.564697	-122.663742
9973.237610	-122.356720
9973.910522	-122.328743
9974.583435	-122.864441
9975.256348	-122.555489
9975.929260	-122.750626
9976.602173	-122.958344
9977.275085	-121.990463
9977.947998	-122.126411
9978.620911	-122.300041
9979.293823	-122.251755
9979.966736	-122.797272
9980.639648	-122.489029
9981.312561	-122.577049
9981.985474	-122.246773
9982.658386	-122.248680
9983.331299	-121.772575
9984.004211	-121.435867
9984.677124	-121.716034
9985.350037	-121.834778
9986.022949	-122.124550
9986.695862	-121.653328
9987.368774	-122.412628
9988.041687	-121.607117
9988.714600	-121.392891
9989.387512	-122.232079
9990.060425	-122.405197
9990.733337	-122.516380
9991.406250	-122.671646
9992.079163	-123.586258
9992.752075	-122.554123
9993.424988	-122.604446
9994.097900	-122.918854
9994.770813	-123.404678
9995.443726	-123.090462
9996.116638	-122.017654
9996.789551	-121.748734
9997.462463	-122.250610
9998.135376	-122.071121
9998.808289	-121.645973
9999.481201	-121.744026
10000.154114	-121.968979
10000.827026	-122.401871
10001.499939	-122.851768
10002.172852	-122.863579
10002.845764	-123.061279
10003.518677	-122.546791
10004.191589	-122.175331
10004.864502	-122.152504
10005.537415	-122.485558
10006.210327	-122.148972
10006.883240	-121.884529
10007.556152	-122.592056
10008.229065	-122.592781
10008.901978	-122.594543
10009.574890	-122.417580
10010.247803	-122.168404
10010.920715	-122.182404
10011.593628	-121.634750
10012.266541	-121.509689
10012.939453	-122.019951
10013.612366	-122.298523
10014.285278	-122.584511
10014.958191	-122.220970
10015.631104	-121.985046
10016.304016	-122.294212
10016.976929	-122.806717
10017.649841	-122.956314
10018.322754	-122.639191
10018.995667	-122.136299
10019.668579	-121.478882
10020.341492	-122.112724
10021.014404	-122.664261
10021.687317	-123.222153
10022.360229	-122.882484
10023.033142	-122.322731
10023.706055	-121.646065
10024.378967	-122.828758
10025.051880	-123.408150
10025.724792	-122.252785
10026.397705	-123.390167
10027.070618	-123.070282
10027.743530	-122.472321
10028.416443	-122.188866
10029.089355	-122.588104
10029.762268	-123.130806
10030.435181	-123.069199
10031.108093	-123.296661
10031.781006	-122.472107
10032.453918	-121.385178
10033.126831	-122.196678
10033.799744	-122.566254
10034.472656	-122.498978
10035.145569	-122.892441
10035.818481	-122.838837
10036.491394	-123.020058
10037.164307	-122.372849
10037.837219	-122.613785
10038.510132	-122.469170
10039.183044	-122.426315
10039.855957	-122.530266
10040.528870	-122.199760
10041.201782	-121.230499
10041.874695	-122.168869
10042.547607	-123.154266
10043.220520	-123.027397
10043.893433	-122.329338
10044.566345	-121.817749
10045.239258	-122.275078
10045.912170	-122.613029
10046.585083	-122.358307
10047.257996	-122.256744
10047.930908	-122.924034
10048.603821	-123.361778
10049.276733	-122.855255
10049.949646	-122.590912
10050.622559	-122.720299
10051.295471	-122.567642
10051.968384	-122.277939
10052.641296	-122.760216
10053.314209	-122.704697
10053.987122	-122.656128
10054.660034	-122.350983
10055.332947	-122.792053
10056.005859	-121.824768
10056.678772	-121.603401
10057.351685	-122.089172
10058.024597	-123.133728
10058.697510	-123.531860
10059.370422	-122.294510
10060.043335	-121.987381
10060.716248	-121.661575
10061.389160	-122.000404
10062.062073	-122.003990
10062.734985	-122.529449
10063.407898	-122.996185
10064.080811	-122.260223
10064.753723	-122.388466
10065.426636	-122.028397
10066.099548	-122.118416
10066.772461	-122.518661
10067.445374	-122.313148
10068.118286	-123.336578
10068.791199	-122.606178
10069.464111	-122.122734
10070.137024	-123.299240
10070.809937	-123.291641
10071.482849	-122.421844
10072.155762	-121.754906
10072.828674	-122.464119
10073.501587	-123.330757
10074.174500	-122.519188
10074.847412	-122.121941
10075.520325	-121.960220
10076.193237	-121.921883
10076.866150	-122.339653
10077.539062	-123.602966
10078.211975	-123.614204
10078.884888	-123.406555
10079.557800	-121.980408
10080.230713	-121.630096
10080.903625	-123.503113
10081.576538	-122.849495
10082.249451	-122.835800
10082.922363	-122.858490
10083.595276	-122.602585
10084.268188	-122.651901
10084.941101	-123.412430
10085.614014	-124.157959
10086.286926	-123.997910
10086.959839	-122.763901
10087.632751	-122.860054
10088.305664	-123.245430
10088.978577	-122.244720
10089.651489	-122.382942
10090.324402	-121.843987
10090.997314	-121.520210
10091.670227	-122.255096
10092.343140	-122.457664
10093.016052	-123.080849
10093.688965	-123.121201
10094.361877	-122.205688
10095.034790	-122.568062
10095.707703	-122.587204
10096.380615	-121.391632
10097.053528	-122.472275
10097.726440	-123.020889
10098.399353	-122.040779
10099.072266	-122.543747
10099.745178	-122.710632
10100.418091	-121.776634
10101.091003	-122.257133
10101.763916	-122.151657
10102.436829	-123.226532
10103.109741	-123.751350
10103.782654	-122.618103
10104.455566	-122.129807
10105.128479	-122.337273
10105.801392	-122.044167
10106.474304	-122.553146
10107.147217	-122.699028
10107.820129	-121.765083
10108.493042	-122.445045
10109.165955	-123.391273
10109.838867	-122.584518
10110.511780	-121.535942
10111.184692	-122.675430
10111.857605	-122.886635
10112.530518	-122.157158
10113.203430	-122.598434
10113.876343	-121.916695
10114.549255	-122.360970
10115.222168	-123.267151
10115.895081	-123.391899
10116.567993	-122.494591
10117.240906	-122.860390
10117.913818	-122.395966
10118.586731	-122.904045
10119.259644	-122.898384
10119.932556	-122.482079
10120.605469	-123.296791
10121.278381	-123.449989
10121.951294	-122.950531
10122.624207	-123.476784
10123.297119	-123.909286
10123.970032	-122.976944
10124.642944	-122.336876
10125.315857	-122.448914
10125.988770	-123.370934
10126.661682	-124.196594
10127.334595	-123.981087
10128.007507	-123.018875
10128.680420	-122.457603
10129.353333	-122.798576
10130.026245	-122.605606
10130.699158	-122.393341
10131.372070	-122.228310
10132.044983	-122.481552
10132.717896	-122.897415
10133.390808	-122.830757
10134.063721	-122.050095
10134.736633	-121.860985
10135.409546	-122.544418
10136.082458	-122.319504
10136.755371	-122.161087
10137.428284	-122.860199
10138.101196	-122.932663
10138.774109	-122.535645
10139.447021	-122.394005
10140.119934	-122.565445
10140.792847	-122.425110
10141.465759	-122.552956
10142.138672	-122.550209
10142.811584	-122.827835
10143.484497	-122.502220
10144.157410	-121.868385
10144.830322	-122.445145
10145.503235	-122.431747
10146.176147	-122.134132
10146.849060	-122.637451
10147.521973	-123.472717
10148.194885	-124.201187
10148.867798	-123.839439
10149.540710	-122.621262
10150.213623	-122.955460
10150.886536	-123.599190
10151.559448	-123.720947
10152.232361	-122.804070
10152.905273	-122.301880
10153.578186	-123.434608
10154.251099	-122.989799
10154.924011	-121.812302
10155.596924	-122.556129
10156.269836	-122.823090
10156.942749	-122.370163
10157.615662	-122.865028
10158.288574	-123.062271
10158.961487	-122.628181
10159.634399	-122.488472
10160.307312	-123.027290
10160.980225	-123.150261
10161.653137	-122.278786
10162.326050	-121.936829
10162.998962	-122.872414
10163.671875	-123.506676
10164.344788	-123.290558
10165.017700	-122.144829
10165.690613	-122.532410
10166.363525	-124.105309
10167.036438	-123.703209
10167.709351	-123.241478
10168.382263	-122.213318
10169.055176	-121.996803
10169.728088	-122.740601
10170.401001	-123.074280
10171.073914	-123.390007
10171.746826	-122.487854
10172.419739	-122.031410
10173.092651	-122.253990
10173.765564	-122.239937
10174.438477	-123.000198
10175.111389	-122.863022
10175.784302	-123.330948
10176.457214	-122.793213
10177.130127	-123.672684
10177.803040	-124.370880
10178.475952	-124.781586
10179.148865	-124.161652
10179.821777	-123.217659
10180.494690	-123.695747
10181.167603	-123.496696
10181.840515	-123.650795
10182.513428	-123.665672
10183.186340	-123.577652
10183.859253	-123.011299
10184.532166	-122.565559
10185.205078	-122.261803
10185.877991	-122.958954
10186.550903	-122.788574
10187.223816	-122.831490
10187.896729	-123.031059
10188.569641	-123.604759
10189.242554	-122.965401
10189.915466	-123.033295
10190.588379	-123.173256
10191.261292	-123.101746
10191.934204	-123.824432
10192.607117	-122.986153
10193.280029	-122.367218
10193.952942	-122.398071
10194.625854	-122.193161
10195.298767	-122.001266
10195.971680	-121.920876
10196.644592	-123.111382
10197.317505	-123.855690
10197.990417	-123.733299
10198.663330	-122.928032
10199.336243	-122.159492
10200.009155	-121.856903
10200.682068	-122.195847
10201.354980	-122.864708
10202.027893	-122.238426
10202.700806	-122.742722
10203.373718	-122.463081
10204.046631	-122.974030
10204.719543	-123.598091
10205.392456	-122.851959
10206.065369	-123.433273
10206.738281	-124.087364
10207.411194	-123.853531
10208.084106	-123.085045
10208.757019	-123.290688
10209.429932	-122.965927
10210.102844	-123.287605
10210.775757	-123.200264
10211.448669	-123.172127
10212.121582	-123.733177
10212.794495	-122.996300
10213.467407	-122.737816
10214.140320	-123.157646
10214.813232	-123.525291
10215.486145	-123.370255
10216.159058	-123.344765
10216.831970	-123.559006
10217.504883	-123.256226
10218.177795	-122.604340
10218.850708	-123.732346
10219.523621	-122.774986
10220.196533	-122.095490
10220.869446	-123.301208
10221.542358	-123.639320
10222.215271	-123.066429
10222.888184	-123.245110
10223.561096	-123.443398
10224.234009	-122.858536
10224.906921	-122.680573
10225.579834	-122.353035
10226.252747	-122.795685
10226.925659	-123.043121
10227.598572	-123.026466
10228.271484	-123.094559
10228.944397	-123.602936
10229.617310	-122.794434
10230.290222	-122.814087
10230.963135	-123.247009
10231.636047	-123.333511
10232.308960	-123.855988
10232.981873	-124.181404
10233.654785	-124.249367
10234.327698	-123.988152
10235.000610	-123.371719
10235.673523	-122.851357
10236.346436	-122.683815
10237.019348	-122.923279
10237.692261	-122.643372
10238.365173	-122.474113
10239.038086	-122.198425
10239.710999	-123.292725
10240.383911	-123.280060
10241.056824	-123.991486
10241.729736	-123.151543
10242.402649	-122.490181
10243.075562	-123.017464
10243.748474	-122.397858
10244.421387	-122.161018
10245.094299	-122.554253
10245.767212	-122.460983
10246.440125	-122.908958
10247.113037	-123.286758
10247.785950	-123.016083
10248.458862	-123.014687
10249.131775	-123.385643
10249.804688	-123.729156
10250.477600	-123.853592
10251.150513	-123.119408
10251.823425	-123.316238
10252.496338	-122.811066
10253.169250	-122.090309
10253.842163	-122.651405
10254.515076	-123.175339
10255.187988	-122.917549
10255.860901	-123.146614
10256.533813	-123.331215
10257.206726	-123.483612
10257.879639	-123.687431
10258.552551	-124.019852
10259.225464	-123.244598
10259.898376	-122.739067
10260.571289	-122.894379
10261.244202	-123.477478
10261.917114	-122.588058
10262.590027	-122.853951
10263.262939	-122.561172
10263.935852	-122.194557
10264.608765	-122.935112
10265.281677	-123.120712
10265.954590	-122.775955
10266.627502	-122.690765
10267.300415	-122.891693
10267.973328	-122.404747
10268.646240	-122.966187
10269.319153	-123.744354
10269.992065	-124.211853
10270.664978	-124.050102
10271.337891	-123.208282
10272.010803	-122.930336
10272.683716	-123.375992
10273.356628	-123.297958
10274.029541	-123.234062
10274.702454	-122.514397
10275.375366	-122.541290
10276.048279	-122.307869
10276.721191	-123.477493
10277.394104	-123.910622
10278.067017	-123.733719
10278.739929	-123.558434
10279.412842	-123.478874
10280.085754	-123.731804
10280.758667	-123.562782
10281.431580	-123.351212
10282.104492	-123.229103
10282.777405	-123.988472
10283.450317	-123.753654
10284.123230	-123.894684
10284.796143	-124.122780
10285.469055	-123.368393
10286.141968	-123.798859
10286.814880	-123.709084
10287.487793	-123.896591
10288.160706	-123.821411
10288.833618	-124.273293
10289.506531	-124.294357
10290.179443	-123.872131
10290.852356	-122.958412
10291.525269	-122.844063
10292.198181	-123.205742
10292.871094	-123.883766
10293.544006	-124.325020
10294.216919	-124.197662
10294.889832	-122.882339
10295.562744	-123.104050
10296.235657	-123.862984
10296.908569	-123.376396
10297.581482	-123.628151
10298.254395	-124.223335
10298.927307	-123.933151
10299.600220	-123.394539
10300.273132	-123.876305
10300.946045	-124.081917
10301.618958	-123.742851
10302.291870	-123.649323
10302.964783	-122.755943
10303.637695	-123.337387
10304.310608	-123.496078
10304.983521	-123.362358
10305.656433	-123.135857
10306.329346	-122.873749
10307.002258	-123.291084
10307.675171	-123.537506
10308.348083	-123.058586
10309.020996	-122.973183
10309.693909	-123.321587
10310.366821	-123.996620
10311.039734	-123.662262
10311.712646	-123.366486
10312.385559	-123.217087
10313.058472	-123.289635
10313.731384	-122.845825
10314.404297	-123.706093
10315.077209	-122.962082
10315.750122	-122.417656
10316.423035	-122.559074
10317.095947	-123.486061
10317.768860	-124.360748
10318.441772	-124.458977
10319.114685	-124.133186
10319.787598	-123.658035
10320.460510	-123.799988
10321.133423	-124.238670
10321.806335	-123.703644
10322.479248	-123.911003
10323.152161	-123.533958
10323.825073	-123.677719
10324.497986	-124.166611
10325.170898	-123.626389
10325.843811	-123.098213
10326.516724	-122.611275
10327.189636	-123.726845
10327.862549	-124.394524
10328.535461	-124.293205
10329.208374	-124.296616
10329.881287	-123.489944
10330.554199	-122.774780
10331.227112	-123.454636
10331.900024	-123.577721
10332.572937	-123.954720
10333.245850	-123.494591
10333.918762	-123.196388
10334.591675	-123.924606
10335.264587	-123.889137
10335.937500	-124.908356
10336.610413	-125.227570
10337.283325	-124.949699
10337.956238	-124.251144
10338.629150	-124.103943
10339.302063	-123.769196
10339.974976	-123.913078
10340.647888	-124.159042
10341.320801	-123.963150
10341.993713	-123.829323
10342.666626	-123.950813
10343.339539	-123.201324
10344.012451	-123.321022
10344.685364	-123.527458
10345.358276	-123.048607
10346.031189	-122.986710
10346.704102	-123.708267
10347.377014	-124.130562
10348.049927	-124.133339
10348.722839	-123.456703
10349.395752	-123.646248
10350.068665	-123.522163
10350.741577	-123.300095
10351.414490	-123.747276
10352.087402	-123.444031
10352.760315	-123.611244
10353.433228	-124.119965
10354.106140	-123.875648
10354.779053	-124.015900
10355.451965	-123.577438
10356.124878	-123.642975
10356.797791	-124.133354
10357.470703	-123.962234
10358.143616	-123.980698
10358.816528	-123.953461
10359.489441	-122.842445
10360.162354	-123.239716
10360.835266	-124.303886
10361.508179	-123.950478
10362.181091	-123.945679
10362.854004	-123.715050
10363.526917	-123.505737
10364.199829	-123.172371
10364.872742	-123.762924
10365.545654	-123.752083
10366.218567	-124.313263
10366.891479	-124.665581
10367.564392	-124.704132
10368.237305	-124.473145
10368.910217	-124.008011
10369.583130	-124.296082
10370.256042	-124.078041
10370.928955	-123.758842
10371.601868	-124.280533
10372.274780	-124.082840
10372.947693	-124.514900
10373.620605	-123.755493
10374.293518	-124.258934
10374.966431	-123.895683
10375.639343	-123.543800
10376.312256	-123.297966
10376.985168	-124.082901
10377.658081	-123.846474
10378.330994	-123.694626
10379.003906	-123.376633
10379.676819	-123.950996
10380.349731	-123.860298
10381.022644	-123.719841
10381.695557	-123.152039
10382.368469	-122.984993
10383.041382	-123.202744
10383.714294	-122.804123
10384.387207	-122.992966
10385.060120	-123.418427
10385.733032	-124.090157
10386.405945	-124.292664
10387.078857	-124.343742
10387.751770	-123.760117
10388.424683	-123.579025
10389.097595	-124.633820
10389.770508	-124.795013
10390.443420	-123.622406
10391.116333	-123.700073
10391.789246	-124.479515
10392.462158	-124.580208
10393.135071	-124.038719
10393.807983	-123.317757
10394.480896	-123.565292
10395.153809	-123.762230
10395.826721	-123.378525
10396.499634	-123.297302
10397.172546	-123.240662
10397.845459	-123.981651
10398.518372	-124.115334
10399.191284	-124.600380
10399.864197	-124.275032
10400.537109	-123.630424
10401.210022	-124.442886
10401.882935	-124.533897
10402.555847	-123.860855
10403.228760	-123.829140
10403.901672	-123.495674
10404.574585	-123.801376
10405.247498	-124.067009
10405.920410	-124.360153
10406.593323	-124.833900
10407.266235	-124.915123
10407.939148	-124.559120
10408.612061	-123.311356
10409.284973	-123.175385
10409.957886	-123.694275
10410.630798	-124.213356
10411.303711	-123.525085
10411.976624	-123.428879
10412.649536	-123.498505
10413.322449	-124.481392
10413.995361	-124.570724
10414.668274	-124.087082
10415.341187	-124.524406
10416.014099	-124.168785
10416.687012	-124.350082
10417.359924	-124.368874
10418.032837	-124.653183
10418.705750	-124.800644
10419.378662	-124.469345
10420.051575	-123.539314
10420.724487	-124.305740
10421.397400	-124.614395
10422.070312	-124.481201
10422.743225	-124.094490
10423.416138	-123.910667
10424.089050	-124.048286
10424.761963	-124.160103
10425.434875	-124.338959
10426.107788	-124.196976
10426.780701	-124.804337
10427.453613	-125.156509
10428.126526	-124.146194
10428.799438	-124.405388
10429.472351	-124.968826
10430.145264	-124.743599
10430.818176	-125.452866
10431.491089	-125.202431
10432.164001	-124.051590
10432.836914	-124.181732
10433.509827	-123.670807
10434.182739	-123.519875
10434.855652	-123.502289
10435.528564	-123.716080
10436.201477	-123.581581
10436.874390	-123.243210
10437.547302	-124.239944
10438.220215	-123.652428
10438.893127	-123.639877
10439.566040	-124.330399
10440.238953	-124.877640
10440.911865	-124.892128
10441.584778	-124.591644
10442.257690	-125.382523
10442.930603	-125.099319
10443.603516	-124.236984
10444.276428	-123.437134
10444.949341	-123.969276
10445.622253	-124.830399
10446.295166	-124.260765
10446.968079	-124.782593
10447.640991	-125.495491
10448.313904	-124.729141
10448.986816	-124.914421
10449.659729	-124.557281
10450.332642	-124.554710
10451.005554	-124.732208
10451.678467	-124.480614
10452.351379	-124.237076
10453.024292	-124.816116
10453.697205	-124.570503
10454.370117	-123.932594
10455.043030	-123.659630
10455.715942	-122.917252
10456.388855	-123.985260
10457.061768	-124.152580
10457.734680	-123.539017
10458.407593	-124.110680
10459.080505	-124.302246
10459.753418	-123.742355
10460.426331	-123.936714
10461.099243	-124.409943
10461.772156	-124.925087
10462.445068	-124.070107
10463.117981	-123.764465
10463.790894	-123.944931
10464.463806	-124.132141
10465.136719	-125.075607
10465.809631	-123.979256
10466.482544	-123.404755
10467.155457	-123.382889
10467.828369	-124.396858
10468.501282	-124.144577
10469.174194	-125.076202
10469.847107	-124.224655
10470.520020	-124.179398
10471.192932	-124.169785
10471.865845	-123.699745
10472.538757	-124.456566
10473.211670	-125.284218
10473.884583	-125.055313
10474.557495	-124.987015
10475.230408	-124.211685
10475.903320	-123.754341
10476.576233	-124.326164
10477.249146	-124.904495
10477.922058	-124.474083
10478.594971	-123.757904
10479.267883	-124.198685
10479.940796	-125.611923
10480.613708	-125.070221
10481.286621	-123.896744
10481.959534	-124.758507
10482.632446	-125.078346
10483.305359	-125.431366
10483.978271	-124.289810
10484.651184	-125.039497
10485.324097	-126.372276
10485.997009	-126.191223
10486.669922	-125.043221
10487.342834	-124.598381
10488.015747	-124.982353
10488.688660	-124.488068
10489.361572	-124.678040
10490.034485	-124.916389
10490.707397	-124.661453
10491.380310	-123.880447
10492.053223	-123.997986
10492.726135	-123.877197
10493.399048	-124.237419
10494.071960	-125.107964
10494.744873	-125.003754
10495.417786	-124.794586
10496.090698	-124.788536
10496.763611	-125.108345
10497.436523	-125.500313
10498.109436	-126.222969
10498.782349	-125.277016
10499.455261	-124.252281
10500.128174	-124.071548
10500.801086	-124.215515
10501.473999	-123.719025
10502.146912	-124.563728
10502.819824	-125.257195
10503.492737	-125.084251
10504.165649	-125.298851
10504.838562	-124.663383
10505.511475	-124.213921
10506.184387	-123.760353
10506.857300	-124.655548
10507.530212	-125.254974
10508.203125	-125.302246
10508.876038	-125.461731
10509.548950	-125.387138
10510.221863	-124.063583
10510.894775	-124.068192
10511.567688	-124.588661
10512.240601	-124.730957
10512.913513	-125.228310
10513.586426	-124.935593
10514.259338	-125.029976
10514.932251	-125.544472
10515.605164	-125.077850
10516.278076	-124.084129
10516.950989	-124.131218
10517.623901	-124.513763
10518.296814	-125.636185
10518.969727	-125.283279
10519.642639	-124.784332
10520.315552	-125.417580
10520.988464	-124.985611
10521.661377	-125.456528
10522.334290	-124.940109
10523.007202	-124.830093
10523.680115	-124.918091
10524.353027	-124.661171
10525.025940	-124.668495
10525.698853	-124.941948
10526.371765	-125.487747
10527.044678	-124.806595
10527.717590	-124.698326
10528.390503	-125.357864
10529.063416	-125.421616
10529.736328	-125.282066
10530.409241	-124.994736
10531.082153	-124.802856
10531.755066	-124.534920
10532.427979	-124.822166
10533.100891	-124.537468
10533.773804	-124.748878
10534.446716	-125.436424
10535.119629	-125.076073
10535.792542	-124.411949
10536.465454	-124.392891
10537.138367	-125.707626
10537.811279	-125.805885
10538.484192	-125.584137
10539.157104	-125.095276
10539.830017	-124.054001
10540.502930	-124.233719
10541.175842	-125.018700
10541.848755	-125.300011
10542.521667	-125.763100
10543.194580	-124.719833
10543.867493	-125.097580
10544.540405	-125.312050
10545.213318	-125.092880
10545.886230	-125.063103
10546.559143	-125.767815
10547.232056	-126.135956
10547.904968	-125.610672
10548.577881	-125.520866
10549.250793	-125.091354
10549.923706	-125.370819
10550.596619	-125.190338
10551.269531	-125.540688
10551.942444	-125.299706
10552.615356	-124.702538
10553.288269	-125.209480
10553.961182	-125.193962
10554.634094	-124.966362
10555.307007	-124.966103
10555.979919	-125.437386
10556.652832	-124.949921
10557.325745	-125.359596
10557.998657	-125.074318
10558.671570	-124.297546
10559.344482	-124.270012
10560.017395	-123.968285
10560.690308	-124.737030
10561.363220	-125.058952
10562.036133	-124.530327
10562.709045	-124.240669
10563.381958	-125.018661
10564.054871	-126.176643
10564.727783	-125.114311
10565.400696	-124.729713
10566.073608	-125.074036
10566.746521	-124.994453
10567.419434	-124.423409
10568.092346	-125.061607
10568.765259	-125.545273
10569.438171	-125.097015
10570.111084	-125.377487
10570.783997	-124.940750
10571.456909	-125.348526
10572.129822	-124.994835
10572.802734	-124.815346
10573.475647	-124.487114
10574.148560	-124.240517
10574.821472	-125.655197
10575.494385	-125.378342
10576.167297	-124.427574
10576.840210	-124.603325
10577.513123	-124.639168
10578.186035	-125.795082
10578.858948	-125.359032
10579.531860	-124.700493
10580.204773	-124.841469
10580.877686	-124.568649
10581.550598	-124.861816
10582.223511	-124.903023
10582.896423	-124.280312
10583.569336	-124.835045
10584.242249	-125.452919
10584.915161	-125.999779
10585.588074	-125.474861
10586.260986	-124.594032
10586.933899	-124.419983
10587.606812	-124.838196
10588.279724	-125.770020
10588.952637	-125.321365
10589.625549	-124.863586
10590.298462	-124.819511
10590.971375	-125.167137
10591.644287	-124.995361
10592.317200	-125.383522
10592.990112	-125.662338
10593.663025	-124.883423
10594.335938	-125.466141
10595.008850	-126.136864
10595.681763	-125.869164
10596.354675	-125.612526
10597.027588	-124.915031
10597.700500	-125.463745
10598.373413	-126.006096
10599.046326	-125.220100
10599.719238	-125.644279
10600.392151	-125.515572
10601.065063	-125.810394
10601.737976	-124.940567
10602.410889	-124.893089
10603.083801	-125.374748
10603.756714	-125.758034
10604.429626	-124.905991
10605.102539	-125.287254
10605.775452	-124.685776
10606.448364	-125.065056
10607.121277	-125.667297
10607.794189	-124.749001
10608.467102	-124.448807
10609.140015	-125.445686
10609.812927	-125.605850
10610.485840	-125.177345
10611.158752	-125.213173
10611.831665	-125.062515
10612.504578	-125.046791
10613.177490	-125.988342
10613.850403	-126.008202
10614.523315	-126.030510
10615.196228	-125.931519
10615.869141	-125.491547
10616.542053	-125.098946
10617.214966	-125.324440
10617.887878	-125.533936
10618.560791	-125.421028
10619.233704	-125.208366
10619.906616	-125.022339
10620.579529	-125.047646
10621.252441	-125.474083
10621.925354	-126.057327
10622.598267	-125.256813
10623.271179	-123.465248
10623.944092	-123.645195
10624.617004	-124.237846
10625.289917	-124.984161
10625.962830	-124.634621
10626.635742	-124.664864
10627.308655	-124.987030
10627.981567	-124.887726
10628.654480	-125.893074
10629.327393	-125.423714
10630.000305	-126.314842
10630.673218	-125.870056
10631.346130	-126.380768
10632.019043	-125.787163
10632.691956	-125.359894
10633.364868	-125.085182
10634.037781	-126.009712
10634.710693	-126.490364
10635.383606	-124.775810
10636.056519	-124.726219
10636.729431	-126.359924
10637.402344	-125.932999
10638.075256	-126.334641
10638.748169	-126.178261
10639.421082	-125.814415
10640.093994	-125.931969
10640.766907	-126.374863
10641.439819	-125.230850
10642.112732	-126.065926
10642.785645	-126.159569
10643.458557	-125.135078
10644.131470	-125.118668
10644.804382	-125.075233
10645.477295	-124.997871
10646.150208	-124.769096
10646.823120	-124.305511
10647.496033	-125.458626
10648.168945	-125.057167
10648.841858	-124.796158
10649.514771	-125.384163
10650.187683	-126.492462
10650.860596	-127.039169
10651.533508	-126.845695
10652.206421	-126.623581
10652.879333	-126.188194
10653.552246	-125.467911
10654.225159	-124.849281
10654.898071	-125.113152
10655.570984	-125.342293
10656.243896	-125.211411
10656.916809	-124.893814
10657.589722	-125.912193
10658.262634	-125.198341
10658.935547	-125.092072
10659.608459	-126.048523
10660.281372	-125.925552
10660.954285	-126.110992
10661.627197	-125.463951
10662.300110	-124.989189
10662.973022	-125.809517
10663.645935	-126.028732
10664.318848	-125.806480
10664.991760	-125.377213
10665.664673	-125.334335
10666.337585	-125.675568
10667.010498	-125.477623
10667.683411	-125.091820
10668.356323	-125.594711
10669.029236	-126.239876
10669.702148	-125.780212
10670.375061	-125.549744
10671.047974	-125.993187
10671.720886	-125.609970
10672.393799	-125.774132
10673.066711	-125.916023
10673.739624	-125.925537
10674.412537	-125.995842
10675.085449	-126.384888
10675.758362	-126.728745
10676.431274	-125.536873
10677.104187	-126.076370
10677.777100	-127.317024
10678.450012	-126.238297
10679.122925	-126.364799
10679.795837	-126.413803
10680.468750	-125.073540
10681.141663	-125.087372
10681.814575	-125.689034
10682.487488	-125.834305
10683.160400	-126.926598
10683.833313	-126.672470
10684.506226	-125.293320
10685.179138	-125.494301
10685.852051	-125.828468
10686.524963	-126.097549
10687.197876	-125.864517
10687.870789	-125.628418
10688.543701	-126.376305
10689.216614	-127.124886
10689.889526	-126.716400
10690.562439	-125.724365
10691.235352	-125.920517
10691.908264	-127.104614
10692.581177	-126.263992
10693.254089	-125.875175
10693.927002	-126.583519
10694.599915	-126.977196
10695.272827	-125.982414
10695.945740	-125.585526
10696.618652	-125.754288
10697.291565	-126.432114
10697.964478	-126.782616
10698.637390	-126.097176
10699.310303	-125.155022
10699.983215	-124.657249
10700.656128	-125.675125
10701.329041	-124.985542
10702.001953	-125.870056
10702.674866	-126.452080
10703.347778	-126.488960
10704.020691	-126.389198
10704.693604	-127.068878
10705.366516	-125.861588
10706.039429	-125.906357
10706.712341	-126.578079
10707.385254	-126.733643
10708.058167	-126.057465
10708.731079	-125.644745
10709.403992	-126.644974
10710.076904	-126.435249
10710.749817	-125.782883
10711.422729	-126.802635
10712.095642	-126.305267
10712.768555	-126.722504
10713.441467	-126.202049
10714.114380	-124.839462
10714.787292	-124.810638
10715.460205	-125.993919
10716.133118	-125.905380
10716.806030	-126.336960
10717.478943	-125.684189
10718.151855	-125.302444
10718.824768	-125.757126
10719.497681	-126.346672
10720.170593	-125.965096
10720.843506	-126.200523
10721.516418	-126.841560
10722.189331	-125.988045
10722.862244	-125.466888
10723.535156	-125.996300
10724.208069	-126.206543
10724.880981	-125.487267
10725.553894	-125.605164
10726.226807	-125.379189
10726.899719	-126.149437
10727.572632	-125.618782
10728.245544	-126.200798
10728.918457	-126.431786
10729.591370	-125.588814
10730.264282	-124.833748
10730.937195	-125.537086
10731.610107	-126.056900
10732.283020	-125.976051
10732.955933	-125.845764
10733.628845	-125.499954
10734.301758	-125.784485
10734.974670	-126.026024
10735.647583	-126.218994
10736.320496	-125.611488
10736.993408	-124.883545
10737.666321	-124.865730
10738.339233	-125.130356
10739.012146	-126.537331
10739.685059	-126.520981
10740.357971	-125.738396
10741.030884	-125.911667
10741.703796	-125.824562
10742.376709	-125.874779
10743.049622	-126.284401
10743.722534	-126.407852
10744.395447	-126.625137
10745.068359	-126.543266
10745.741272	-126.751839
10746.414185	-126.319138
10747.087097	-125.814888
10747.760010	-126.468300
10748.432922	-126.699760
10749.105835	-125.625229
10749.778748	-125.421364
10750.451660	-126.074181
10751.124573	-126.681923
10751.797485	-126.678070
10752.470398	-126.879074
10753.143311	-126.283691
10753.816223	-126.660774
10754.489136	-126.934204
10755.162048	-127.160240
10755.834961	-126.178009
10756.507874	-126.345612
10757.180786	-125.990646
10757.853699	-127.228142
10758.526611	-127.011810
10759.199524	-126.961769
10759.872437	-126.681007
10760.545349	-126.229858
10761.218262	-125.937317
10761.891174	-126.257286
10762.564087	-127.026184
10763.237000	-125.994003
10763.909912	-126.601112
10764.582825	-126.883339
10765.255737	-126.773346
10765.928650	-126.413338
10766.601562	-126.672188
10767.274475	-126.005142
10767.947388	-126.278679
10768.620300	-125.828346
10769.293213	-126.025932
10769.966125	-125.238297
10770.639038	-125.357765
10771.311951	-126.038452
10771.984863	-126.565628
10772.657776	-127.102638
10773.330688	-126.066681
10774.003601	-125.844208
10774.676514	-125.779816
10775.349426	-126.298386
10776.022339	-126.659393
10776.695251	-126.491463
10777.368164	-126.746803
10778.041077	-126.216805
10778.713989	-126.487709
10779.386902	-126.541878
10780.059814	-125.978622
10780.732727	-126.066994
10781.405640	-126.531860
10782.078552	-126.416718
10782.751465	-125.669357
10783.424377	-126.205322
10784.097290	-126.991432
10784.770203	-127.014366
10785.443115	-125.738144
10786.116028	-125.730644
10786.788940	-125.443283
10787.461853	-126.211510
10788.134766	-126.568558
10788.807678	-125.914314
10789.480591	-125.590576
10790.153503	-125.203552
10790.826416	-125.501740
10791.499329	-125.939873
10792.172241	-126.224892
10792.845154	-126.146561
10793.518066	-126.314125
10794.190979	-126.051590
10794.863892	-125.765884
10795.536804	-125.366829
10796.209717	-126.593773
10796.882629	-127.069908
10797.555542	-127.127220
10798.228455	-126.707909
10798.901367	-127.031746
10799.574280	-126.972298
10800.247192	-126.390495
10800.920105	-126.546349
10801.593018	-125.949699
10802.265930	-125.928032
10802.938843	-127.016174
10803.611755	-127.468071
10804.284668	-127.602043
10804.957581	-127.387611
10805.630493	-126.411690
10806.303406	-126.596947
10806.976318	-126.210037
10807.649231	-126.332634
10808.322144	-126.617615
10808.995056	-126.424667
10809.667969	-126.501587
10810.340881	-126.056557
10811.013794	-125.764847
10811.686707	-125.445900
10812.359619	-125.212921
10813.032532	-125.056389
10813.705444	-125.925415
10814.378357	-126.698517
10815.051270	-126.493568
10815.724182	-126.227791
10816.397095	-125.880501
10817.070007	-126.368912
10817.742920	-127.124802
10818.415833	-127.058220
10819.088745	-125.762627
10819.761658	-126.449127
10820.434570	-126.847038
10821.107483	-126.941490
10821.780396	-126.516983
10822.453308	-126.780945
10823.126221	-127.050926
10823.799133	-126.504288
10824.472046	-125.964661
10825.144958	-126.432991
10825.817871	-125.494324
10826.490784	-125.733932
10827.163696	-127.093437
10827.836609	-127.320366
10828.509521	-127.558189
10829.182434	-126.343201
10829.855347	-126.389107
10830.528259	-127.160683
10831.201172	-126.945137
10831.874084	-126.770401
10832.546997	-126.993515
10833.219910	-127.075821
10833.892822	-126.306961
10834.565735	-126.593208
10835.238647	-126.481201
10835.911560	-127.035446
10836.584473	-126.388664
10837.257385	-126.493744
10837.930298	-126.337456
10838.603210	-127.070938
10839.276123	-126.444290
10839.949036	-125.911896
10840.621948	-126.049988
10841.294861	-126.103096
10841.967773	-126.357361
10842.640686	-126.446297
10843.313599	-126.523170
10843.986511	-127.224648
10844.659424	-127.068069
10845.332336	-127.149445
10846.005249	-126.755280
10846.678162	-126.628990
10847.351074	-126.216248
10848.023987	-126.037109
10848.696899	-125.942413
10849.369812	-126.498322
10850.042725	-126.480743
10850.715637	-126.172623
10851.388550	-125.647202
10852.061462	-126.456055
10852.734375	-127.073769
10853.407288	-126.466057
10854.080200	-125.944206
10854.753113	-126.810806
10855.426025	-126.178131
10856.098938	-125.333328
10856.771851	-125.697762
10857.444763	-127.124474
10858.117676	-126.926994
10858.790588	-126.371994
10859.463501	-126.459030
10860.136414	-126.839752
10860.809326	-126.050117
10861.482239	-125.604797
10862.155151	-126.839783
10862.828064	-126.980759
10863.500977	-127.498138
10864.173889	-127.466232
10864.846802	-127.912956
10865.519714	-127.697952
10866.192627	-127.074692
10866.865540	-127.579811
10867.538452	-126.962349
10868.211365	-126.937454
10868.884277	-127.165924
10869.557190	-126.501732
10870.230103	-126.344734
10870.903015	-126.472954
10871.575928	-127.152321
10872.248840	-126.797203
10872.921753	-126.833054
10873.594666	-126.582184
10874.267578	-126.397408
10874.940491	-126.755798
10875.613403	-127.501884
10876.286316	-127.527901
10876.959229	-127.462112
10877.632141	-126.773270
10878.305054	-126.104828
10878.977966	-126.391083
10879.650879	-126.909332
10880.323792	-128.123230
10880.996704	-127.560493
10881.669617	-126.212135
10882.342529	-126.452812
10883.015442	-126.282936
10883.688354	-127.059242
10884.361267	-127.491386
10885.034180	-127.563049
10885.707092	-127.281296
10886.380005	-127.210457
10887.052917	-126.952477
10887.725830	-126.952805
10888.398743	-127.283974
10889.071655	-127.340965
10889.744568	-127.360741
10890.417480	-127.159454
10891.090393	-127.307762
10891.763306	-126.588188
10892.436218	-126.749168
10893.109131	-127.171135
10893.782043	-127.156990
10894.454956	-126.281456
10895.127869	-126.146156
10895.800781	-126.260635
10896.473694	-126.608833
10897.146606	-127.929657
10897.819519	-127.457680
10898.492432	-127.307892
10899.165344	-126.969742
10899.838257	-126.804886
10900.511169	-127.095757
10901.184082	-127.253563
10901.856995	-126.683029
10902.529907	-126.667458
10903.202820	-126.645882
10903.875732	-126.741760
10904.548645	-127.417992
10905.221558	-126.775047
10905.894470	-126.655922
10906.567383	-126.872704
10907.240295	-127.333099
10907.913208	-127.111298
10908.586121	-126.988472
10909.259033	-127.378365
10909.931946	-127.989754
10910.604858	-126.916367
10911.277771	-126.676231
10911.950684	-126.682434
10912.623596	-127.410942
10913.296509	-127.320412
10913.969421	-127.153313
10914.642334	-127.155693
10915.315247	-127.247887
10915.988159	-126.891388
10916.661072	-126.912933
10917.333984	-127.269424
10918.006897	-126.941856
10918.679810	-126.873619
10919.352722	-126.512650
10920.025635	-126.067482
10920.698547	-126.056442
10921.371460	-126.663231
10922.044373	-126.717598
10922.717285	-126.781471
10923.390198	-126.443115
10924.063110	-127.464142
10924.736023	-127.912285
10925.408936	-127.254570
10926.081848	-126.937935
10926.754761	-127.001060
10927.427673	-126.602089
10928.100586	-127.353966
10928.773499	-127.487434
10929.446411	-126.468132
10930.119324	-126.094894
10930.792236	-126.494301
10931.465149	-126.155739
10932.138062	-126.612442
10932.810974	-126.606140
10933.483887	-126.827965
10934.156799	-126.598915
10934.829712	-126.132736
10935.502625	-126.847252
10936.175537	-127.085129
10936.848450	-127.690445
10937.521362	-127.508583
10938.194275	-127.212456
10938.867188	-126.941467
10939.540100	-126.653145
10940.213013	-126.590149
10940.885925	-126.327766
10941.558838	-126.685066
10942.231750	-127.310806
10942.904663	-127.479149
10943.577576	-128.098785
10944.250488	-127.932541
10944.923401	-127.938202
10945.596313	-126.868042
10946.269226	-127.597298
10946.942139	-127.881401
10947.615051	-126.815804
10948.287964	-126.725449
10948.960876	-125.876602
10949.633789	-126.962296
10950.306702	-126.949928
10950.979614	-126.398155
10951.652527	-127.101822
10952.325439	-126.397598
10952.998352	-127.053604
10953.671265	-127.516655
10954.344177	-127.330299
10955.017090	-128.028839
10955.690002	-127.118446
10956.362915	-126.279747
10957.035828	-126.592796
10957.708740	-126.752899
10958.381653	-126.465897
10959.054565	-126.706093
10959.727478	-127.058876
10960.400391	-127.863754
10961.073303	-128.160141
10961.746216	-127.188660
10962.419128	-127.315804
10963.092041	-127.653694
10963.764954	-128.175842
10964.437866	-127.886719
10965.110779	-127.189552
10965.783691	-126.608482
10966.456604	-126.853363
10967.129517	-127.133553
10967.802429	-126.843483
10968.475342	-126.889702
10969.148254	-125.987190
10969.821167	-125.835365
10970.494080	-126.902855
10971.166992	-127.216331
10971.839905	-127.750984
10972.512817	-127.552109
10973.185730	-127.188141
10973.858643	-126.728142
10974.531555	-127.407059
10975.204468	-128.358932
10975.877380	-127.938774
10976.550293	-128.540833
10977.223206	-128.685303
10977.896118	-126.966141
10978.569031	-127.387833
10979.241943	-127.019440
10979.914856	-127.250763
10980.587769	-126.707329
10981.260681	-127.352493
10981.933594	-126.738518
10982.606506	-126.136406
10983.279419	-127.393089
10983.952332	-127.254997
10984.625244	-127.212677
10985.298157	-127.225456
10985.971069	-127.368408
10986.643982	-127.731506
10987.316895	-127.682861
10987.989807	-127.628464
10988.662720	-127.504677
10989.335632	-127.129005
10990.008545	-126.526459
10990.681458	-127.390289
10991.354370	-126.635506
10992.027283	-127.385788
10992.700195	-127.077171
10993.373108	-127.158691
10994.046021	-127.361488
10994.718933	-127.068047
10995.391846	-126.882065
10996.064758	-126.620850
10996.737671	-126.662659
10997.410583	-126.061348
10998.083496	-126.963120
10998.756409	-127.312737
10999.429321	-126.931473
11000.102234	-126.888527
11000.775146	-127.160118
11001.448059	-126.504013
11002.120972	-126.352654
11002.793884	-126.902481
11003.466797	-127.327156
11004.139709	-127.594299
11004.812622	-126.497658
11005.485535	-126.855026
11006.158447	-127.325317
11006.831360	-127.234894
11007.504272	-126.884193
11008.177185	-127.383377
11008.850098	-127.547440
11009.523010	-127.006424
11010.195923	-126.582306
11010.868835	-125.988083
11011.541748	-126.800957
11012.214661	-127.148262
11012.887573	-128.247330
11013.560486	-127.616478
11014.233398	-127.110939
11014.906311	-126.447388
11015.579224	-126.800232
11016.252136	-127.281723
11016.925049	-127.094772
11017.597961	-126.908989
11018.270874	-126.847954
11018.943787	-127.223145
11019.616699	-126.432304
11020.289612	-126.619461
11020.962524	-126.357933
11021.635437	-126.549408
11022.308350	-126.748383
11022.981262	-126.894180
11023.654175	-127.059235
11024.327087	-128.213989
