Frequency (Hz)	Level (dB)
0.672913	-95.200813
1.345825	-119.368042
2.018738	-119.311745
2.691650	-118.816887
3.364563	-117.559532
4.037476	-112.757103
4.710388	-111.824844
5.383301	-113.117302
6.056213	-112.649261
6.729126	-111.038269
7.402039	-109.206703
8.074951	-109.479965
8.747864	-109.166550
9.420776	-107.712891
10.093689	-105.286346
10.766602	-102.815132
11.439514	-101.722885
12.112427	-100.969803
12.785339	-99.680656
13.458252	-95.190544
14.131165	-90.463425
14.804077	-84.998657
15.476990	-82.506691
16.149902	-86.463913
16.822815	-91.848152
17.495728	-94.241066
18.168640	-97.520851
18.841553	-98.625114
19.514465	-96.304695
20.187378	-96.282585
20.860291	-95.519485
21.533203	-94.721237
22.206116	-94.329964
22.879028	-93.895088
23.551941	-94.652199
24.224854	-97.029083
24.897766	-95.310486
25.570679	-94.997894
26.243591	-92.931129
26.916504	-92.072037
27.589417	-94.039154
28.262329	-96.785172
28.935242	-98.670822
29.608154	-98.260216
30.281067	-98.676804
30.953979	-98.190689
31.626892	-97.544113
32.299805	-97.150894
32.972717	-98.439514
33.645630	-98.737854
34.318542	-98.129700
34.991455	-97.374847
35.664368	-97.108215
36.337280	-96.833885
37.010193	-96.498802
37.683105	-95.588890
38.356018	-94.576645
39.028931	-93.581543
39.701843	-91.976234
40.374756	-90.796120
41.047668	-89.680077
41.720581	-87.846092
42.393494	-86.088036
43.066406	-84.281914
43.739319	-82.065552
44.412231	-79.695969
45.085144	-75.206856
45.758057	-71.294968
46.430969	-68.668396
47.103882	-66.554428
47.776794	-65.909523
48.449707	-67.238342
49.122620	-68.955032
49.795532	-69.205605
50.468445	-68.698769
51.141357	-69.097343
51.814270	-70.841743
52.487183	-73.170769
53.160095	-74.871460
53.833008	-76.689125
54.505920	-79.392426
55.178833	-82.092705
55.851746	-82.277176
56.524658	-81.711815
57.197571	-81.216698
57.870483	-80.770622
58.543396	-80.585968
59.216309	-81.459190
59.889221	-81.766846
60.562134	-81.066582
61.235046	-81.034500
61.907959	-81.297554
62.580872	-80.516396
63.253784	-79.621490
63.926697	-79.056030
64.599609	-78.177208
65.272522	-77.344826
65.945435	-76.970909
66.618347	-77.159447
67.291260	-77.450439
67.964172	-77.626526
68.637085	-78.272591
69.309998	-79.956917
69.982910	-82.046501
70.655823	-83.795296
71.328735	-85.415260
72.001648	-86.140160
72.674561	-84.718338
73.347473	-82.465157
74.020386	-82.437920
74.693298	-84.196358
75.366211	-87.480042
76.039124	-90.726280
76.712036	-94.346733
77.384949	-95.582870
78.057861	-96.776833
78.730774	-97.151405
79.403687	-97.437500
80.076599	-98.201431
80.749512	-97.230301
81.422424	-97.525658
82.095337	-97.371628
82.768250	-97.067314
83.441162	-95.747292
84.114075	-96.050987
84.786987	-96.358894
85.459900	-95.993843
86.132812	-95.173752
86.805725	-95.342850
87.478638	-93.722130
88.151550	-92.712631
88.824463	-91.937431
89.497375	-88.839554
90.170288	-86.958214
90.843201	-86.842964
91.516113	-87.143272
92.189026	-87.569145
92.861938	-89.162041
93.534851	-89.515182
94.207764	-87.713440
94.880676	-87.141243
95.553589	-87.010284
96.226501	-86.587608
96.899414	-86.198624
97.572327	-86.388474
98.245239	-87.009460
98.918152	-88.316299
99.591064	-89.747787
100.263977	-91.432381
100.936890	-93.869278
101.609802	-96.308540
102.282715	-97.069923
102.955627	-95.899948
103.628540	-94.674263
104.301453	-93.353790
104.974365	-91.758408
105.647278	-90.715309
106.320190	-90.832359
106.993103	-91.363022
107.666016	-91.368225
108.338928	-90.377419
109.011841	-88.845810
109.684753	-87.015778
110.357666	-85.787140
111.030579	-85.500389
111.703491	-86.021729
112.376404	-87.221230
113.049316	-89.405128
113.722229	-92.360031
114.395142	-96.506340
115.068054	-100.181229
115.740967	-99.937370
116.413879	-98.811745
117.086792	-97.572693
117.759705	-96.959274
118.432617	-96.681633
119.105530	-95.833809
119.778442	-94.767647
120.451355	-93.105286
121.124268	-91.781662
121.797180	-91.514328
122.470093	-91.790817
123.143005	-92.542931
123.815918	-93.638474
124.488831	-95.253868
125.161743	-96.583473
125.834656	-98.211052
126.507568	-98.427437
127.180481	-97.929558
127.853394	-98.117958
128.526306	-97.800179
129.199219	-97.574432
129.872131	-96.696884
130.545044	-96.278076
131.217957	-96.806496
131.890869	-97.797562
132.563782	-97.814545
133.236694	-98.397644
133.909607	-98.723495
134.582520	-98.474091
135.255432	-98.316696
135.928345	-96.882927
136.601257	-94.912170
137.274170	-93.710922
137.947083	-92.895439
138.619995	-92.434921
139.292908	-92.461494
139.965820	-92.547752
140.638733	-92.603889
141.311646	-92.463982
141.984558	-91.597931
142.657471	-89.701599
143.330383	-87.965614
144.003296	-87.082176
144.676208	-87.680336
145.349121	-89.301514
146.022034	-91.380646
146.694946	-94.041290
147.367859	-97.100082
148.040771	-99.582130
148.713684	-100.894714
149.386597	-103.239243
150.059509	-105.707588
150.732422	-104.157539
151.405334	-101.810249
152.078247	-101.874474
152.751160	-102.318810
153.424072	-103.677795
154.096985	-103.539047
154.769897	-103.184883
155.442810	-102.229462
156.115723	-100.342468
156.788635	-98.419624
157.461548	-95.228645
158.134460	-92.496452
158.807373	-91.557953
159.480286	-91.804016
160.153198	-92.744240
160.826111	-92.481781
161.499023	-91.147156
162.171936	-90.601547
162.844849	-91.102036
163.517761	-92.197815
164.190674	-93.706032
164.863586	-95.435669
165.536499	-97.124901
166.209412	-98.944862
166.882324	-100.243423
167.555237	-99.051270
168.228149	-97.414200
168.901062	-96.834717
169.573975	-96.551735
170.246887	-96.149559
170.919800	-95.298103
171.592712	-94.272934
172.265625	-93.520378
172.938538	-93.231544
173.611450	-93.861443
174.284363	-94.612846
174.957275	-95.385658
175.630188	-95.420357
176.303101	-94.468941
176.976013	-93.110977
177.648926	-91.851456
178.321838	-90.932793
178.994751	-90.688286
179.667664	-91.257141
180.340576	-92.663010
181.013489	-95.728096
181.686401	-99.195328
182.359314	-98.967201
183.032227	-97.151634
183.705139	-95.445305
184.378052	-95.174995
185.050964	-95.131386
185.723877	-94.865044
186.396790	-93.928642
187.069702	-92.827736
187.742615	-92.853310
188.415527	-93.028732
189.088440	-92.409683
189.761353	-91.488182
190.434265	-91.035606
191.107178	-90.503510
191.780090	-89.565155
192.453003	-89.166206
193.125916	-89.498009
193.798828	-91.121132
194.471741	-92.494751
195.144653	-92.341560
195.817566	-91.101822
196.490479	-89.791817
197.163391	-89.717796
197.836304	-90.865936
198.509216	-92.529785
199.182129	-94.233994
199.855042	-90.757027
200.527954	-92.936272
201.200867	-95.884399
201.873779	-94.926285
202.546692	-94.025940
203.219604	-93.477356
203.892517	-93.143089
204.565430	-93.405502
205.238342	-94.446228
205.911255	-95.837311
206.584167	-98.325600
207.257080	-102.019363
207.929993	-102.372238
208.602905	-99.023750
209.275818	-97.225067
209.948730	-97.241295
210.621643	-98.757469
211.294556	-100.829185
211.967468	-101.852722
212.640381	-101.376228
213.313293	-100.073418
213.986206	-98.980850
214.659119	-98.331215
215.332031	-98.061684
216.004944	-97.261063
216.677856	-97.017006
217.350769	-97.747185
218.023682	-98.933945
218.696594	-99.436371
219.369507	-100.215363
220.042419	-100.151283
220.715332	-99.406670
221.388245	-99.339165
222.061157	-100.180817
222.734070	-101.775642
223.406982	-102.502663
224.079895	-104.362366
224.752808	-106.675522
225.425720	-105.820259
226.098633	-103.532402
226.771545	-101.504356
227.444458	-101.219879
228.117371	-102.260727
228.790283	-102.496582
229.463196	-102.982101
230.136108	-103.117424
230.809021	-103.509369
231.481934	-103.741486
232.154846	-102.652855
232.827759	-101.117943
233.500671	-100.032822
234.173584	-99.074608
234.846497	-98.189751
235.519409	-97.492569
236.192322	-97.312248
236.865234	-96.794289
237.538147	-96.004250
238.211060	-95.983887
238.883972	-96.747559
239.556885	-97.543533
240.229797	-97.709549
240.902710	-96.212341
241.575623	-95.101982
242.248535	-95.163490
242.921448	-95.220779
243.594360	-94.986809
244.267273	-95.451668
244.940186	-96.443550
245.613098	-97.756676
246.286011	-99.149368
246.958923	-100.384743
247.631836	-103.004120
248.304749	-103.598434
248.977661	-100.864136
249.650574	-100.615677
250.323486	-100.751076
250.996399	-101.434715
251.669312	-101.406830
252.342224	-100.972748
253.015137	-100.419937
253.688049	-100.436714
254.360962	-100.923973
255.033875	-100.842033
255.706787	-98.826485
256.379700	-96.890015
257.052612	-95.301964
257.725525	-94.817520
258.398438	-94.382233
259.071350	-94.492310
259.744263	-94.140236
260.417175	-93.690048
261.090088	-93.643677
261.763000	-93.641891
262.435913	-94.103119
263.108826	-94.937462
263.781738	-96.231552
264.454651	-97.770126
265.127563	-99.058372
265.800476	-99.413300
266.473389	-98.993599
267.146301	-97.913574
267.819214	-97.050034
268.492126	-96.852470
269.165039	-96.839745
269.837952	-97.597321
270.510864	-99.448174
271.183777	-99.402412
271.856689	-97.746109
272.529602	-96.428375
273.202515	-94.691887
273.875427	-93.238831
274.548340	-92.893478
275.221252	-93.185661
275.894165	-93.650002
276.567078	-93.735535
277.239990	-93.753662
277.912903	-93.644791
278.585815	-94.361504
279.258728	-94.995880
279.931641	-95.414093
280.604553	-95.578842
281.277466	-96.828918
281.950378	-98.415504
282.623291	-99.073524
283.296204	-98.828194
283.969116	-98.962387
284.642029	-98.593796
285.314941	-98.279503
285.987854	-97.550507
286.660767	-96.691010
287.333679	-95.941750
288.006592	-95.367210
288.679504	-95.845322
289.352417	-97.491730
290.025330	-98.931442
290.698242	-99.725868
291.371155	-101.265450
292.044067	-103.553246
292.716980	-104.579224
293.389893	-103.442795
294.062805	-102.341866
294.735718	-102.093857
295.408630	-101.049820
296.081543	-100.277954
296.754456	-99.187874
297.427368	-98.141273
298.100281	-97.676514
298.773193	-96.954880
299.446106	-96.582115
300.119019	-96.459488
300.791931	-96.340508
301.464844	-96.318687
302.137756	-96.312302
302.810669	-95.865105
303.483582	-95.354156
304.156494	-95.180946
304.829407	-94.745285
305.502319	-94.047691
306.175232	-93.642441
306.848145	-93.565353
307.521057	-94.178627
308.193970	-95.421501
308.866882	-97.417496
309.539795	-100.619118
310.212708	-103.264679
310.885620	-104.341454
311.558533	-103.823608
312.231445	-103.449280
312.904358	-103.108612
313.577271	-103.233437
314.250183	-103.968346
314.923096	-104.245262
315.596008	-102.952156
316.268921	-102.705925
316.941833	-101.535706
317.614746	-100.412064
318.287659	-99.816368
318.960571	-99.210663
319.633484	-99.999741
320.306396	-101.105988
320.979309	-100.661453
321.652222	-99.510338
322.325134	-97.791679
322.998047	-96.239441
323.670959	-95.636719
324.343872	-96.009911
325.016785	-96.837479
325.689697	-96.595207
326.362610	-95.788101
327.035522	-95.991852
327.708435	-97.226578
328.381348	-98.421669
329.054260	-98.804245
329.727173	-99.315384
330.400085	-100.083023
331.072998	-99.738350
331.745911	-99.741455
332.418823	-100.063812
333.091736	-99.916306
333.764648	-99.686958
334.437561	-99.328903
335.110474	-98.253891
335.783386	-97.527657
336.456299	-97.738487
337.129211	-97.870560
337.802124	-98.103073
338.475037	-98.622360
339.147949	-99.732582
339.820862	-100.930695
340.493774	-101.780006
341.166687	-102.402687
341.839600	-103.008720
342.512512	-102.768410
343.185425	-102.495247
343.858337	-102.098785
344.531250	-100.833549
345.204163	-100.187592
345.877075	-99.396881
346.549988	-97.814255
347.222900	-96.272758
347.895813	-95.845009
348.568726	-95.463715
349.241638	-94.352119
349.914551	-93.334831
350.587463	-93.483086
351.260376	-93.343742
351.933289	-93.050583
352.606201	-92.952072
353.279114	-92.105431
353.952026	-90.948769
354.624939	-89.984344
355.297852	-89.723694
355.970764	-89.949150
356.643677	-89.743454
357.316589	-89.436989
357.989502	-89.647163
358.662415	-90.487083
359.335327	-91.989342
360.008240	-94.191872
360.681152	-96.620049
361.354065	-98.013290
362.026978	-99.514641
362.699890	-101.218140
363.372803	-102.237831
364.045715	-103.491142
364.718628	-102.990150
365.391541	-102.823982
366.064453	-103.146133
366.737366	-102.446747
367.410278	-103.185730
368.083191	-102.564384
368.756104	-102.674683
369.429016	-102.123703
370.101929	-102.012115
370.774841	-102.887688
371.447754	-102.509209
372.120667	-101.243477
372.793579	-99.421776
373.466492	-98.958961
374.139404	-98.436081
374.812317	-98.136131
375.485229	-98.347328
376.158142	-98.047661
376.831055	-98.268250
377.503967	-98.560730
378.176880	-98.510841
378.849792	-99.485237
379.522705	-99.342865
380.195618	-100.304176
380.868530	-100.324486
381.541443	-100.215324
382.214355	-100.624802
382.887268	-101.390190
383.560181	-101.736603
384.233093	-103.446236
384.906006	-103.699234
385.578918	-103.219902
386.251831	-101.636597
386.924744	-100.540604
387.597656	-101.429329
388.270569	-101.616829
388.943481	-101.049294
389.616394	-101.729675
390.289307	-100.186440
390.962219	-99.229256
391.635132	-99.517006
392.308044	-99.798866
392.980957	-99.626648
393.653870	-99.386223
394.326782	-99.475586
394.999695	-100.693748
395.672607	-102.659874
396.345520	-103.689201
397.018433	-104.588387
397.691345	-105.956161
398.364258	-105.241226
399.037170	-103.455940
399.710083	-102.019852
400.382996	-100.989174
401.055908	-100.832764
401.728821	-101.260193
402.401733	-101.940132
403.074646	-102.815369
403.747559	-102.726784
404.420471	-102.440849
405.093384	-102.291145
405.766296	-100.499969
406.439209	-99.028893
407.112122	-98.934044
407.785034	-99.625053
408.457947	-100.272980
409.130859	-101.572105
409.803772	-102.525215
410.476685	-103.166374
411.149597	-103.743782
411.822510	-104.573563
412.495422	-103.860771
413.168335	-104.195045
413.841248	-103.432137
414.514160	-102.397820
415.187073	-102.348389
415.859985	-102.223396
416.532898	-101.978134
417.205811	-101.714851
417.878723	-101.153168
418.551636	-100.817795
419.224548	-100.423904
419.897461	-100.096428
420.570374	-100.308128
421.243286	-100.735352
421.916199	-101.178589
422.589111	-101.341118
423.262024	-101.679863
423.934937	-102.784630
424.607849	-102.727669
425.280762	-103.806915
425.953674	-104.583252
426.626587	-104.424675
427.299500	-104.081856
427.972412	-103.947899
428.645325	-104.448898
429.318237	-104.252312
429.991150	-102.996628
430.664062	-102.809486
431.336975	-102.204941
432.009888	-101.114090
432.682800	-100.734665
433.355713	-100.356422
434.028625	-100.735458
434.701538	-100.299698
435.374451	-99.923447
436.047363	-100.327522
436.720276	-101.062004
437.393188	-101.605049
438.066101	-103.184311
438.739014	-102.466225
439.411926	-101.074471
440.084839	-101.229820
440.757751	-101.851433
441.430664	-102.002876
442.103577	-102.916466
442.776489	-102.214401
443.449402	-102.137329
444.122314	-102.728523
444.795227	-103.197845
445.468140	-103.838684
446.141052	-102.741165
446.813965	-101.942825
447.486877	-101.782593
448.159790	-102.346512
448.832703	-102.879913
449.505615	-102.565079
450.178528	-102.250801
450.851440	-102.614403
451.524353	-102.886269
452.197266	-102.088509
452.870178	-101.272423
453.543091	-102.174202
454.216003	-103.177742
454.888916	-101.419090
455.561829	-99.957085
456.234741	-99.125809
456.907654	-100.370659
457.580566	-101.943901
458.253479	-102.871506
458.926392	-102.222816
459.599304	-102.865547
460.272217	-103.476868
460.945129	-103.491219
461.618042	-104.010010
462.290955	-104.174789
462.963867	-105.224693
463.636780	-104.671852
464.309692	-105.217834
464.982605	-105.753685
465.655518	-106.092667
466.328430	-105.877327
467.001343	-106.363716
467.674255	-106.030701
468.347168	-105.344498
469.020081	-105.777100
469.692993	-105.895859
470.365906	-106.163589
471.038818	-105.415657
471.711731	-104.704262
472.384644	-103.980644
473.057556	-104.188927
473.730469	-104.820213
474.403381	-105.209465
475.076294	-105.091202
475.749207	-105.067810
476.422119	-105.259087
477.095032	-104.633286
477.767944	-104.354347
478.440857	-104.484741
479.113770	-105.264046
479.786682	-105.436729
480.459595	-104.518112
481.132507	-105.083015
481.805420	-105.092545
482.478333	-104.692627
483.151245	-103.461037
483.824158	-104.689529
484.497070	-104.412621
485.169983	-104.783005
485.842896	-104.347893
486.515808	-103.950180
487.188721	-104.602722
487.861633	-104.920372
488.534546	-105.383759
489.207458	-105.806892
489.880371	-105.150894
490.553284	-104.857864
491.226196	-104.962807
491.899109	-104.695549
492.572021	-104.024193
493.244934	-103.579979
493.917847	-103.161873
494.590759	-102.869675
495.263672	-102.514656
495.936584	-102.233887
496.609497	-102.108322
497.282410	-101.540970
497.955322	-102.018761
498.628235	-102.825264
499.301147	-102.190216
499.974060	-102.732697
500.646973	-104.559441
501.319885	-104.394821
501.992798	-103.751556
502.665710	-103.930931
503.338623	-104.274727
504.011536	-104.715103
504.684448	-104.313622
505.357361	-104.898346
506.030273	-104.770325
506.703186	-105.224693
507.376099	-105.752846
508.049011	-105.428001
508.721924	-104.230469
509.394836	-102.934120
510.067749	-102.178894
510.740662	-101.824455
511.413574	-102.295174
512.086487	-101.966812
512.759399	-102.474556
513.432312	-102.977905
514.105225	-102.901543
514.778137	-102.485855
515.451050	-102.012703
516.123962	-101.864685
516.796875	-101.573227
517.469788	-101.768631
518.142700	-102.290466
518.815613	-102.295044
519.488525	-102.714180
520.161438	-102.467430
520.834351	-102.401695
521.507263	-101.540649
522.180176	-101.293869
522.853088	-102.842331
523.526001	-102.775230
524.198914	-103.400162
524.871826	-103.961227
525.544739	-104.970222
526.217651	-105.864876
526.890564	-105.089447
527.563477	-105.302956
528.236389	-105.213486
528.909302	-104.933540
529.582214	-105.589081
530.255127	-105.829208
530.928040	-105.111298
531.600952	-105.197746
532.273865	-105.404716
532.946777	-104.553780
533.619690	-105.342102
534.292603	-105.442612
534.965515	-105.995766
535.638428	-106.213814
536.311340	-105.544693
536.984253	-105.687462
537.657166	-104.574219
538.330078	-104.417419
539.002991	-104.345779
539.675903	-104.105988
540.348816	-104.683304
541.021729	-104.826622
541.694641	-105.590576
542.367554	-105.371078
543.040466	-105.026917
543.713379	-104.147125
544.386292	-104.299667
545.059204	-104.431099
545.732117	-104.702965
546.405029	-105.351555
547.077942	-104.767120
547.750854	-105.217621
548.423767	-104.597824
549.096680	-104.638924
549.769592	-105.615677
550.442505	-105.844971
551.115417	-105.581558
551.788330	-105.783066
552.461243	-106.171135
553.134155	-105.242363
553.807068	-105.143845
554.479980	-105.510841
555.152893	-105.522331
555.825806	-104.958763
556.498718	-104.442017
557.171631	-104.336342
557.844543	-104.387703
558.517456	-104.390900
559.190369	-104.390709
559.863281	-104.895340
560.536194	-105.865791
561.209106	-106.311829
561.882019	-106.574867
562.554932	-106.251274
563.227844	-106.384483
563.900757	-106.734314
564.573669	-107.279327
565.246582	-107.771172
565.919495	-108.836205
566.592407	-109.295944
567.265320	-109.085457
567.938232	-108.622078
568.611145	-108.876633
569.284058	-108.440659
569.956970	-108.345078
570.629883	-108.074219
571.302795	-107.579361
571.975708	-107.224899
572.648621	-107.547897
573.321533	-106.993195
573.994446	-106.647255
574.667358	-106.851898
575.340271	-107.231964
576.013184	-107.059853
576.686096	-107.269356
577.359009	-108.712769
578.031921	-110.095016
578.704834	-109.206650
579.377747	-109.031448
580.050659	-109.152023
580.723572	-108.767975
581.396484	-108.083290
582.069397	-107.660126
582.742310	-106.902596
583.415222	-106.643829
584.088135	-107.105400
584.761047	-107.183563
585.433960	-107.569084
586.106873	-109.527054
586.779785	-111.074814
587.452698	-111.801086
588.125610	-111.902206
588.798523	-111.012512
589.471436	-110.612793
590.144348	-109.103584
590.817261	-107.229874
591.490173	-105.739716
592.163086	-104.641472
592.835999	-103.735916
593.508911	-102.926025
594.181824	-102.302605
594.854736	-102.031799
595.527649	-101.775261
596.200562	-101.088173
596.873474	-100.735870
597.546387	-101.247719
598.219299	-102.361763
598.892212	-103.325996
599.565125	-103.807640
600.238037	-104.694611
600.910950	-106.333687
601.583862	-107.077278
602.256775	-107.315132
602.929688	-107.565453
603.602600	-108.142632
604.275513	-109.391899
604.948425	-110.212349
605.621338	-111.110176
606.294250	-110.478058
606.967163	-110.337074
607.640076	-110.483406
608.312988	-110.259171
608.985901	-109.839935
609.658813	-108.475006
610.331726	-108.139420
611.004639	-109.130600
611.677551	-109.069473
612.350464	-108.930733
613.023376	-108.545372
613.696289	-109.153687
614.369202	-110.718124
615.042114	-111.519409
615.715027	-111.262329
616.387939	-110.570351
617.060852	-110.269623
617.733765	-109.607483
618.406677	-109.645050
619.079590	-109.091667
619.752502	-108.943222
620.425415	-110.719589
621.098328	-110.812294
621.771240	-111.733727
622.444153	-111.628563
623.117065	-111.394096
623.789978	-112.534119
624.462891	-111.908928
625.135803	-110.580482
625.808716	-110.794441
626.481628	-110.580872
627.154541	-110.731331
627.827454	-110.603333
628.500366	-109.974121
629.173279	-109.977882
629.846191	-110.040169
630.519104	-109.523933
631.192017	-109.985786
631.864929	-110.200920
632.537842	-109.434357
633.210754	-109.241943
633.883667	-108.901253
634.556580	-108.978012
635.229492	-109.011635
635.902405	-109.278816
636.575317	-109.703575
637.248230	-110.687202
637.921143	-110.847359
638.594055	-111.887787
639.266968	-113.232124
639.939880	-112.963806
640.612793	-112.471382
641.285706	-113.441833
641.958618	-114.209732
642.631531	-112.710236
643.304443	-111.299614
643.977356	-111.097343
644.650269	-111.100571
645.323181	-110.682709
645.996094	-111.314514
646.669006	-111.521301
647.341919	-111.953049
648.014832	-112.242615
648.687744	-111.417252
649.360657	-110.196930
650.033569	-110.156914
650.706482	-110.356094
651.379395	-110.578957
652.052307	-109.929863
652.725220	-109.831223
653.398132	-110.983345
654.071045	-110.250145
654.743958	-109.940857
655.416870	-109.506569
656.089783	-109.399071
656.762695	-109.903183
657.435608	-109.667976
658.108521	-109.305267
658.781433	-110.505470
659.454346	-110.768333
660.127258	-111.649574
660.800171	-111.882202
661.473083	-111.030594
662.145996	-110.309433
662.818909	-109.110764
663.491821	-108.954567
664.164734	-108.916611
664.837646	-109.007538
665.510559	-110.161499
666.183472	-112.038246
666.856384	-112.509026
667.529297	-112.522560
668.202209	-112.278885
668.875122	-111.583099
669.548035	-111.819695
670.220947	-112.234749
670.893860	-111.726135
671.566772	-111.199837
672.239685	-112.036026
672.912598	-111.318665
673.585510	-109.663788
674.258423	-109.098190
674.931335	-110.053070
675.604248	-110.267303
676.277161	-110.576477
676.950073	-110.056030
677.622986	-110.964111
678.295898	-111.681412
678.968811	-111.191345
679.641724	-111.550186
680.314636	-112.350868
680.987549	-110.423470
681.660461	-109.978767
682.333374	-109.167648
683.006287	-108.473053
683.679199	-107.742111
684.352112	-107.378029
685.025024	-106.564713
685.697937	-105.685928
686.370850	-105.390419
687.043762	-106.027802
687.716675	-106.974640
688.389587	-107.455132
689.062500	-107.617966
689.735413	-108.621902
690.408325	-109.629616
691.081238	-110.433846
691.754150	-111.605804
692.427063	-112.372635
693.099976	-112.761070
693.772888	-113.132843
694.445801	-113.969719
695.118713	-114.031494
695.791626	-113.610619
696.464539	-114.325638
697.137451	-115.669304
697.810364	-115.009193
698.483276	-114.820793
699.156189	-114.653465
699.829102	-114.694351
700.502014	-115.025925
701.174927	-114.679451
701.847839	-113.756500
702.520752	-113.504593
703.193665	-112.223022
703.866577	-111.685677
704.539490	-112.247139
705.212402	-112.198502
705.885315	-111.749283
706.558228	-110.991768
707.231140	-111.146568
707.904053	-111.167908
708.576965	-110.572937
709.249878	-111.033195
709.922791	-112.836334
710.595703	-112.502441
711.268616	-112.445168
711.941528	-112.163666
712.614441	-112.257057
713.287354	-114.176620
713.960266	-114.296051
714.633179	-114.611259
715.306091	-113.442978
715.979004	-112.188072
716.651917	-112.775215
717.324829	-112.891808
717.997742	-112.864693
718.670654	-112.481834
719.343567	-111.538689
720.016479	-112.726830
720.689392	-113.795364
721.362305	-112.806976
722.035217	-112.363541
722.708130	-112.259766
723.381042	-112.695480
724.053955	-111.618782
724.726868	-111.310799
725.399780	-110.746613
726.072693	-109.397354
726.745605	-108.096504
727.418518	-107.711273
728.091431	-107.752296
728.764343	-107.459846
729.437256	-107.875237
730.110168	-108.624229
730.783081	-109.490166
731.455994	-110.242081
732.128906	-111.041115
732.801819	-111.190674
733.474731	-110.896950
734.147644	-111.584496
734.820557	-111.793045
735.493469	-111.580574
736.166382	-111.027496
736.839294	-110.985992
737.512207	-112.647110
738.185120	-112.591171
738.858032	-112.721092
739.530945	-112.594315
740.203857	-111.961777
740.876770	-111.459740
741.549683	-111.995338
742.222595	-112.391037
742.895508	-111.305557
743.568420	-111.142502
744.241333	-110.582939
744.914246	-112.431335
745.587158	-112.629227
746.260071	-113.537506
746.932983	-113.659470
747.605896	-113.626198
748.278809	-113.844589
748.951721	-112.561790
749.624634	-111.872917
750.297546	-111.426514
750.970459	-111.583908
751.643372	-111.232903
752.316284	-110.808655
752.989197	-110.893730
753.662109	-110.564789
754.335022	-110.680565
755.007935	-111.554764
755.680847	-111.736748
756.353760	-112.677643
757.026672	-113.261002
757.699585	-113.404503
758.372498	-113.809052
759.045410	-113.536240
759.718323	-113.149696
760.391235	-112.737846
761.064148	-112.213867
761.737061	-112.540665
762.409973	-112.747223
763.082886	-113.146339
763.755798	-112.914925
764.428711	-112.728607
765.101624	-113.061501
765.774536	-113.572701
766.447449	-115.075630
767.120361	-115.923500
767.793274	-115.473770
768.466187	-113.419533
769.139099	-113.096436
769.812012	-113.149849
770.484924	-112.939064
771.157837	-112.906853
771.830750	-112.485268
772.503662	-112.503326
773.176575	-112.736870
773.849487	-112.486214
774.522400	-112.369507
775.195312	-111.451660
775.868225	-112.063614
776.541138	-112.423912
777.214050	-112.390053
777.886963	-111.906799
778.559875	-111.735405
779.232788	-112.079643
779.905701	-112.338120
780.578613	-112.792580
781.251526	-112.159370
781.924438	-111.354279
782.597351	-111.790894
783.270264	-111.581306
783.943176	-110.385551
784.616089	-109.137444
785.289001	-108.168999
785.961914	-108.216438
786.634827	-108.818466
787.307739	-109.124672
787.980652	-109.299049
788.653564	-109.953758
789.326477	-110.303520
789.999390	-111.063271
790.672302	-111.700722
791.345215	-110.933472
792.018127	-109.899857
792.691040	-109.946037
793.363953	-110.146339
794.036865	-110.657951
794.709778	-110.305969
795.382690	-111.408691
796.055603	-112.449234
796.728516	-111.606178
797.401428	-111.728355
798.074341	-110.935638
798.747253	-109.546501
799.420166	-109.282661
800.093079	-109.383919
800.765991	-109.517540
801.438904	-110.357788
802.111816	-111.272339
802.784729	-111.241074
803.457642	-111.786636
804.130554	-111.925125
804.803467	-111.002113
805.476379	-110.986336
806.149292	-110.748589
806.822205	-111.400917
807.495117	-111.415955
808.168030	-112.132141
808.840942	-113.338730
809.513855	-113.995651
810.186768	-113.415138
810.859680	-113.658234
811.532593	-113.788277
812.205505	-114.038834
812.878418	-115.410255
813.551331	-115.028687
814.224243	-114.676598
814.897156	-114.102577
815.570068	-114.793343
816.242981	-113.687996
816.915894	-113.630013
817.588806	-113.896622
818.261719	-113.284470
818.934631	-113.323196
819.607544	-113.088943
820.280457	-113.701370
820.953369	-114.031372
821.626282	-113.740822
822.299194	-114.129486
822.972107	-114.018051
823.645020	-114.039513
824.317932	-112.319580
824.990845	-113.091438
825.663757	-113.050552
826.336670	-111.729324
827.009583	-111.777267
827.682495	-111.742073
828.355408	-112.096634
829.028320	-113.380684
829.701233	-113.725037
830.374146	-113.436081
831.047058	-113.457291
831.719971	-113.169983
832.392883	-113.380318
833.065796	-112.994621
833.738708	-112.453629
834.411621	-112.333344
835.084534	-111.813866
835.757446	-111.487099
836.430359	-111.492104
837.103271	-112.572716
837.776184	-112.973259
838.449097	-113.196365
839.122009	-113.099098
839.794922	-113.315323
840.467834	-112.778923
841.140747	-114.161591
841.813660	-114.309715
842.486572	-114.718491
843.159485	-114.487587
843.832397	-114.532837
844.505310	-114.407707
845.178223	-113.158150
845.851135	-114.504211
846.524048	-114.846123
847.196960	-114.619370
847.869873	-114.391045
848.542786	-114.358955
849.215698	-113.758476
849.888611	-114.325874
850.561523	-114.609993
851.234436	-115.789757
851.907349	-114.634109
852.580261	-113.226601
853.253174	-113.693466
853.926086	-115.049362
854.598999	-114.041245
855.271912	-112.999809
855.944824	-113.513405
856.617737	-113.782372
857.290649	-114.222847
857.963562	-113.350098
858.636475	-112.750931
859.309387	-112.878700
859.982300	-114.098022
860.655212	-113.647743
861.328125	-114.298744
862.001038	-113.463348
862.673950	-113.194511
863.346863	-114.766312
864.019775	-114.697884
864.692688	-114.483620
865.365601	-115.534706
866.038513	-115.063461
866.711426	-114.504196
867.384338	-115.567451
868.057251	-114.045715
868.730164	-112.671577
869.403076	-113.012619
870.075989	-113.944206
870.748901	-114.021271
871.421814	-114.102356
872.094727	-114.304710
872.767639	-114.457100
873.440552	-114.508621
874.113464	-114.092812
874.786377	-114.736229
875.459290	-114.211502
876.132202	-114.887512
876.805115	-113.887238
877.478027	-114.380096
878.150940	-115.489777
878.823853	-115.975288
879.496765	-114.846214
880.169678	-113.909912
880.842590	-114.443253
881.515503	-115.257111
882.188416	-115.611076
882.861328	-115.030045
883.534241	-115.045509
884.207153	-115.522614
884.880066	-115.525818
885.552979	-114.966789
886.225891	-116.021568
886.898804	-115.067322
887.571716	-114.550362
888.244629	-114.522453
888.917542	-116.140755
889.590454	-115.382523
890.263367	-115.154961
890.936279	-114.161018
891.609192	-114.011200
892.282104	-113.553062
892.955017	-113.215485
893.627930	-113.611366
894.300842	-114.642433
894.973755	-113.824226
895.646667	-112.716255
896.319580	-114.148384
896.992493	-113.766205
897.665405	-112.915726
898.338318	-112.818909
899.011230	-112.314545
899.684143	-112.892181
900.357056	-112.947487
901.029968	-113.681969
901.702881	-114.375778
902.375793	-113.637016
903.048706	-112.489914
903.721619	-112.938446
904.394531	-113.099037
905.067444	-114.007294
905.740356	-113.479584
906.413269	-113.236076
907.086182	-114.853317
907.759094	-113.079956
908.432007	-113.129982
909.104919	-113.997559
909.777832	-114.362999
910.450745	-115.146225
911.123657	-115.169777
911.796570	-113.634872
912.469482	-113.429710
913.142395	-112.651543
913.815308	-111.938461
914.488220	-110.881218
915.161133	-110.441589
915.834045	-110.306404
916.506958	-109.841019
917.179871	-110.260216
917.852783	-111.161179
918.525696	-111.329872
919.198608	-111.448891
919.871521	-112.631172
920.544434	-114.105827
921.217346	-114.333664
921.890259	-114.916687
922.563171	-115.570419
923.236084	-115.462944
923.908997	-115.500244
924.581909	-115.689888
925.254822	-115.494682
925.927734	-115.202553
926.600647	-114.349976
927.273560	-113.886154
927.946472	-114.036682
928.619385	-113.028259
929.292297	-112.668465
929.965210	-112.673210
930.638123	-112.521072
931.311035	-113.437309
931.983948	-114.155830
932.656860	-113.694496
933.329773	-113.263283
934.002686	-113.877899
934.675598	-114.032951
935.348511	-113.615898
936.021423	-113.356621
936.694336	-113.625854
937.367249	-113.661308
938.040161	-114.932083
938.713074	-115.345367
939.385986	-115.990669
940.058899	-115.937714
940.731812	-115.427086
941.404724	-115.068008
942.077637	-115.295929
942.750549	-115.133911
943.423462	-115.829735
944.096375	-116.094772
944.769287	-116.362320
945.442200	-115.310051
946.115112	-115.094315
946.788025	-115.833229
947.460938	-115.733162
948.133850	-115.127983
948.806763	-114.116661
949.479675	-114.748627
950.152588	-114.051483
950.825500	-113.821678
951.498413	-113.839951
952.171326	-114.018295
952.844238	-114.547379
953.517151	-114.152855
954.190063	-114.007477
954.862976	-114.076714
955.535889	-112.900200
956.208801	-113.360832
956.881714	-113.900352
957.554626	-113.676849
958.227539	-113.937241
958.900452	-112.857330
959.573364	-114.523148
960.246277	-115.153397
960.919189	-114.654228
961.592102	-115.636940
962.265015	-114.927551
962.937927	-115.168503
963.610840	-115.664001
964.283752	-115.285851
964.956665	-115.626778
965.629578	-114.525673
966.302490	-114.184113
966.975403	-113.687668
967.648315	-114.266167
968.321228	-114.408707
968.994141	-113.856979
969.667053	-112.936874
970.339966	-113.833443
971.012878	-114.736946
971.685791	-114.356323
972.358704	-113.655693
973.031616	-113.505898
973.704529	-113.627144
974.377441	-113.610260
975.050354	-113.690765
975.723267	-114.778496
976.396179	-115.252823
977.069092	-115.175362
977.742004	-114.030197
978.414917	-112.976906
979.087830	-113.240021
979.760742	-112.934830
980.433655	-113.357483
981.106567	-114.341110
981.779480	-115.016518
982.452393	-114.585350
983.125305	-114.651100
983.798218	-114.295677
984.471130	-113.774529
985.144043	-115.276520
985.816956	-116.305084
986.489868	-115.649124
987.162781	-116.108299
987.835693	-116.182167
988.508606	-115.883812
989.181519	-116.766495
989.854431	-117.109711
990.527344	-116.454910
991.200256	-116.875938
991.873169	-116.968246
992.546082	-115.623230
993.218994	-115.933685
993.891907	-116.138916
994.564819	-115.980759
995.237732	-115.109169
995.910645	-115.640114
996.583557	-116.704620
997.256470	-116.350998
997.929382	-116.276001
998.602295	-116.569199
999.275208	-116.349579
999.948120	-115.626358
1000.621033	-116.856071
1001.293945	-117.592148
1001.966858	-116.284172
1002.639771	-117.130623
1003.312683	-116.322632
1003.985596	-115.726433
1004.658508	-116.317024
1005.331421	-115.786942
1006.004333	-115.269730
1006.677246	-114.818184
1007.350159	-115.282898
1008.023071	-115.107155
1008.695984	-114.388100
1009.368896	-115.157310
1010.041809	-116.193840
1010.714722	-115.592270
1011.387634	-115.099052
1012.060547	-116.548080
1012.733459	-116.750359
1013.406372	-116.621788
1014.079285	-115.789024
1014.752197	-115.867569
1015.425110	-117.024055
1016.098022	-115.893166
1016.770935	-115.497337
1017.443848	-115.628525
1018.116760	-115.813988
1018.789673	-115.966187
1019.462585	-116.330910
1020.135498	-116.954765
1020.808411	-116.604431
1021.481323	-116.880440
1022.154236	-116.301247
1022.827148	-115.969643
1023.500061	-115.825615
1024.172974	-114.591682
1024.845886	-114.618469
1025.518799	-114.476463
1026.191711	-115.494461
1026.864624	-115.400406
1027.537537	-116.407883
1028.210449	-116.542366
1028.883362	-115.797394
1029.556274	-115.648300
1030.229187	-115.118210
1030.902100	-115.046837
1031.575012	-115.529984
1032.247925	-116.777885
1032.920837	-117.448807
1033.593750	-116.994019
1034.266663	-116.118637
1034.939575	-117.190720
1035.612488	-116.275139
1036.285400	-115.031937
1036.958313	-116.598877
1037.631226	-116.451187
1038.304138	-116.070755
1038.977051	-115.281128
1039.649963	-115.017143
1040.322876	-116.097664
1040.995789	-116.077110
1041.668701	-115.176811
1042.341614	-115.065819
1043.014526	-115.695801
1043.687439	-117.235588
1044.360352	-116.336876
1045.033264	-115.326958
1045.706177	-115.528381
1046.379089	-116.295479
1047.052002	-116.012909
1047.724915	-116.201599
1048.397827	-115.766891
1049.070740	-115.368477
1049.743652	-115.816368
1050.416565	-114.421944
1051.089478	-113.972961
1051.762390	-114.980499
1052.435303	-115.162582
1053.108215	-114.194756
1053.781128	-114.257133
1054.454041	-115.208168
1055.126953	-114.670135
1055.799866	-114.742805
1056.472778	-115.109070
1057.145691	-115.208763
1057.818604	-114.566864
1058.491516	-114.099922
1059.164429	-114.379745
1059.837341	-115.393196
1060.510254	-115.556320
1061.183167	-114.287346
1061.856079	-114.062706
1062.528992	-114.821129
1063.201904	-115.633911
1063.874817	-116.851662
1064.547729	-116.879967
1065.220642	-116.264519
1065.893555	-116.596222
1066.566467	-116.367111
1067.239380	-116.049683
1067.912292	-115.675270
1068.585205	-115.895866
1069.258118	-115.254219
1069.931030	-115.567276
1070.603943	-116.651253
1071.276855	-116.889130
1071.949768	-116.210602
1072.622681	-116.434639
1073.295593	-116.239952
1073.968506	-116.901161
1074.641418	-116.193733
1075.314331	-115.909271
1075.987244	-116.968208
1076.660156	-116.039940
1077.333069	-115.868210
1078.005981	-116.081406
1078.678894	-116.309090
1079.351807	-116.405128
1080.024719	-116.438934
1080.697632	-116.922485
1081.370544	-116.172729
1082.043457	-115.160103
1082.716370	-115.023354
1083.389282	-115.472679
1084.062195	-114.329597
1084.735107	-113.724251
1085.408020	-114.300034
1086.080933	-114.191010
1086.753845	-113.281807
1087.426758	-113.208969
1088.099670	-114.003853
1088.772583	-113.424515
1089.445496	-114.849571
1090.118408	-114.117096
1090.791321	-113.869087
1091.464233	-113.704407
1092.137146	-113.581604
1092.810059	-114.112793
1093.482971	-114.387894
1094.155884	-114.633827
1094.828796	-115.054001
1095.501709	-115.152214
1096.174622	-114.978592
1096.847534	-114.868614
1097.520447	-114.224068
1098.193359	-115.178230
1098.866272	-115.315010
1099.539185	-114.165466
1100.212097	-114.491936
1100.885010	-115.560402
1101.557922	-114.748459
1102.230835	-114.634315
1102.903748	-115.342834
1103.576660	-114.127731
1104.249573	-112.899101
1104.922485	-113.537186
1105.595398	-113.960457
1106.268311	-114.195503
1106.941223	-114.546013
1107.614136	-114.320023
1108.287048	-114.596489
1108.959961	-115.171021
1109.632874	-114.870491
1110.305786	-114.860855
1110.978699	-115.556076
1111.651611	-115.403816
1112.324524	-115.584053
1112.997437	-114.950310
1113.670349	-116.240646
1114.343262	-117.226463
1115.016174	-117.085625
1115.689087	-116.718971
1116.362000	-116.314293
1117.034912	-116.476486
1117.707825	-115.747375
1118.380737	-116.161423
1119.053650	-115.753883
1119.726562	-116.073380
1120.399475	-116.282997
1121.072388	-116.400833
1121.745300	-116.973503
1122.418213	-117.193611
1123.091125	-116.028038
1123.764038	-116.100060
1124.436951	-115.781075
1125.109863	-116.351700
1125.782776	-115.976364
1126.455688	-116.038452
1127.128601	-115.348701
1127.801514	-116.467865
1128.474426	-116.203308
1129.147339	-116.658890
1129.820251	-116.585625
1130.493164	-116.790962
1131.166077	-115.847679
1131.838989	-115.369148
1132.511902	-115.965042
1133.184814	-115.432106
1133.857727	-115.947289
1134.530640	-116.505013
1135.203552	-116.642052
1135.876465	-115.606911
1136.549377	-115.870239
1137.222290	-116.717354
1137.895203	-116.054008
1138.568115	-115.802742
1139.241028	-116.546387
1139.913940	-118.046791
1140.586853	-117.411980
1141.259766	-116.182739
1141.932678	-116.133614
1142.605591	-115.755272
1143.278503	-115.730782
1143.951416	-115.800453
1144.624329	-117.060036
1145.297241	-117.065331
1145.970154	-117.257530
1146.643066	-117.784042
1147.315979	-118.047699
1147.988892	-117.023102
1148.661804	-116.044449
1149.334717	-116.332245
1150.007629	-115.823647
1150.680542	-116.414192
1151.353455	-116.029625
1152.026367	-115.915161
1152.699280	-116.068115
1153.372192	-116.348076
1154.045105	-117.024757
1154.718018	-117.719536
1155.390930	-117.830963
1156.063843	-116.821198
1156.736755	-116.438332
1157.409668	-115.634453
1158.082581	-116.300163
1158.755493	-116.703667
1159.428406	-116.612907
1160.101318	-116.697487
1160.774231	-116.748566
1161.447144	-116.499153
1162.120056	-116.331749
1162.792969	-116.224319
1163.465881	-117.967308
1164.138794	-116.640450
1164.811707	-116.800240
1165.484619	-117.024635
1166.157532	-117.220551
1166.830444	-118.456558
1167.503357	-117.710571
1168.176270	-117.534256
1168.849182	-117.424164
1169.522095	-117.621819
1170.195007	-117.089706
1170.867920	-116.144653
1171.540833	-117.037079
1172.213745	-116.732094
1172.886658	-116.279617
1173.559570	-116.229477
1174.232483	-115.500931
1174.905396	-115.166695
1175.578308	-116.039101
1176.251221	-116.345894
1176.924133	-116.960968
1177.597046	-116.945145
1178.269958	-115.602768
1178.942871	-116.094650
1179.615784	-115.858986
1180.288696	-115.758911
1180.961609	-116.188362
1181.634521	-115.713531
1182.307434	-116.416832
1182.980347	-116.172874
1183.653259	-115.856308
1184.326172	-115.326210
1184.999084	-115.932602
1185.671997	-117.231499
1186.344910	-116.904106
1187.017822	-117.059334
1187.690735	-117.391228
1188.363647	-117.781761
1189.036560	-116.804977
1189.709473	-116.109322
1190.382385	-117.089577
1191.055298	-116.300529
1191.728210	-115.740730
1192.401123	-115.918785
1193.074036	-116.466568
1193.746948	-117.174843
1194.419861	-116.027977
1195.092773	-115.662758
1195.765686	-116.029648
1196.438599	-116.139908
1197.111511	-115.631828
1197.784424	-115.763588
1198.457336	-116.090179
1199.130249	-116.356033
1199.803162	-116.256248
1200.476074	-116.142319
1201.148987	-116.394241
1201.821899	-117.051277
1202.494812	-115.978249
1203.167725	-115.582031
1203.840637	-115.903290
1204.513550	-116.548080
1205.186462	-115.984894
1205.859375	-116.291191
1206.532288	-117.727150
1207.205200	-116.926918
1207.878113	-116.992630
1208.551025	-116.121613
1209.223938	-116.909576
1209.896851	-117.367722
1210.569763	-116.295219
1211.242676	-115.708946
1211.915588	-116.787346
1212.588501	-117.061455
1213.261414	-117.023407
1213.934326	-117.041756
1214.607239	-117.439400
1215.280151	-116.682518
1215.953064	-117.230972
1216.625977	-117.207184
1217.298889	-117.456413
1217.971802	-117.021629
1218.644714	-117.151688
1219.317627	-117.138794
1219.990540	-116.089584
1220.663452	-116.072044
1221.336365	-116.306648
1222.009277	-116.412918
1222.682190	-117.347191
1223.355103	-116.978065
1224.028015	-117.279121
1224.700928	-116.790894
1225.373840	-115.958420
1226.046753	-116.377686
1226.719666	-117.118843
1227.392578	-117.251297
1228.065491	-117.533966
1228.738403	-117.536438
1229.411316	-117.310440
1230.084229	-116.385956
1230.757141	-116.342674
1231.430054	-117.738251
1232.102966	-116.968475
1232.775879	-117.610664
1233.448792	-117.362396
1234.121704	-117.301933
1234.794617	-116.980164
1235.467529	-116.700165
1236.140442	-116.857681
1236.813354	-116.581406
1237.486267	-117.452621
1238.159180	-116.625450
1238.832092	-116.327423
1239.505005	-115.217743
1240.177917	-115.624832
1240.850830	-116.658058
1241.523743	-116.539757
1242.196655	-117.162956
1242.869568	-116.999458
1243.542480	-117.173004
1244.215393	-117.797874
1244.888306	-117.492416
1245.561218	-117.847740
1246.234131	-117.947258
1246.907043	-117.514946
1247.579956	-117.035324
1248.252869	-117.066917
1248.925781	-117.333305
1249.598694	-117.343567
1250.271606	-117.017174
1250.944519	-117.856041
1251.617432	-118.102371
1252.290344	-117.544922
1252.963257	-117.409554
1253.636169	-118.317253
1254.309082	-116.543091
1254.981995	-116.114906
1255.654907	-117.676559
1256.327820	-117.251427
1257.000732	-117.280525
1257.673645	-117.248367
1258.346558	-116.400734
1259.019470	-116.746941
1259.692383	-116.928162
1260.365295	-116.482353
1261.038208	-116.367668
1261.711121	-117.141518
1262.384033	-118.094086
1263.056946	-117.384605
1263.729858	-117.176193
1264.402771	-118.121651
1265.075684	-116.914001
1265.748596	-116.771599
1266.421509	-116.978096
1267.094421	-117.629211
1267.767334	-117.483894
1268.440247	-116.328156
1269.113159	-117.002403
1269.786072	-117.617371
1270.458984	-118.045677
1271.131897	-118.023621
1271.804810	-117.505669
1272.477722	-117.279167
1273.150635	-117.673416
1273.823547	-116.962868
1274.496460	-117.667236
1275.169373	-116.812180
1275.842285	-116.694565
1276.515198	-118.294624
1277.188110	-118.379639
1277.861023	-119.142227
1278.533936	-118.732101
1279.206848	-116.951553
1279.879761	-116.280724
1280.552673	-117.453728
1281.225586	-118.002945
1281.898499	-117.422714
1282.571411	-117.379654
1283.244324	-117.616592
1283.917236	-117.292519
1284.590149	-116.686829
1285.263062	-117.257225
1285.935974	-117.749252
1286.608887	-118.190247
1287.281799	-117.245514
1287.954712	-117.204117
1288.627625	-118.267113
1289.300537	-117.136047
1289.973450	-117.540230
1290.646362	-117.706718
1291.319275	-117.768524
1291.992188	-117.400047
1292.665100	-117.623367
1293.338013	-117.389076
1294.010925	-116.346756
1294.683838	-116.190178
1295.356750	-116.007782
1296.029663	-117.358063
1296.702576	-116.644798
1297.375488	-117.419441
1298.048401	-118.099182
1298.721313	-118.302353
1299.394226	-118.250130
1300.067139	-116.935295
1300.740051	-116.924149
1301.412964	-117.771317
1302.085876	-117.203743
1302.758789	-116.216293
1303.431702	-116.547745
1304.104614	-116.913376
1304.777527	-117.787216
1305.450439	-117.122650
1306.123352	-117.039841
1306.796265	-116.384735
1307.469177	-116.963936
1308.142090	-117.329010
1308.815002	-118.268837
1309.487915	-118.524506
1310.160828	-117.900627
1310.833740	-118.088310
1311.506653	-117.054382
1312.179565	-117.039841
1312.852478	-117.647598
1313.525391	-117.545410
1314.198303	-117.877556
1314.871216	-117.462143
1315.544128	-117.006958
1316.217041	-116.499054
1316.889954	-116.939964
1317.562866	-116.947380
1318.235779	-117.082390
1318.908691	-116.722839
1319.581604	-117.139542
1320.254517	-117.584396
1320.927429	-116.717041
1321.600342	-116.530830
1322.273254	-117.558861
1322.946167	-117.131653
1323.619080	-116.530029
1324.291992	-117.858841
1324.964905	-118.286995
1325.637817	-118.210007
1326.310730	-117.125618
1326.983643	-116.687057
1327.656555	-116.142517
1328.329468	-116.382820
1329.002380	-117.374031
1329.675293	-117.364639
1330.348206	-117.083214
1331.021118	-117.112717
1331.694031	-116.752693
1332.366943	-117.387314
1333.039856	-117.922295
1333.712769	-117.183632
1334.385681	-117.946854
1335.058594	-117.820770
1335.731506	-117.854012
1336.404419	-117.327225
1337.077332	-117.394272
1337.750244	-119.069611
1338.423157	-118.517982
1339.096069	-118.271912
1339.768982	-118.902145
1340.441895	-117.843491
1341.114807	-117.683846
1341.787720	-118.610352
1342.460632	-118.907669
1343.133545	-118.715469
1343.806458	-118.325455
1344.479370	-117.612526
1345.152283	-117.005524
1345.825195	-117.478363
1346.498108	-117.416412
1347.171021	-118.005730
1347.843933	-118.578003
1348.516846	-117.033516
1349.189758	-117.106049
1349.862671	-117.750740
1350.535583	-117.412857
1351.208496	-117.492249
1351.881409	-117.343803
1352.554321	-117.764381
1353.227234	-118.219940
1353.900146	-117.807411
1354.573059	-117.411217
1355.245972	-116.852997
1355.918884	-117.405327
1356.591797	-116.935043
1357.264709	-116.913811
1357.937622	-118.412521
1358.610535	-118.081398
1359.283447	-117.738739
1359.956360	-118.011726
1360.629272	-118.192444
1361.302185	-117.136734
1361.975098	-117.261757
1362.648010	-117.400612
1363.320923	-116.829964
1363.993835	-117.864723
1364.666748	-119.045769
1365.339661	-118.332932
1366.012573	-117.494469
1366.685486	-117.375717
1367.358398	-117.297493
1368.031311	-116.581955
1368.704224	-117.680000
1369.377136	-117.698563
1370.050049	-116.774033
1370.722961	-116.351891
1371.395874	-117.556236
1372.068787	-117.498741
1372.741699	-117.116379
1373.414612	-116.738991
1374.087524	-117.105286
1374.760437	-116.370026
1375.433350	-115.800011
1376.106262	-116.796356
1376.779175	-117.577446
1377.452087	-117.055008
1378.125000	-116.741219
1378.797913	-116.826088
1379.470825	-117.096237
1380.143738	-117.029007
1380.816650	-117.813370
1381.489563	-118.415535
1382.162476	-117.989594
1382.835388	-118.492310
1383.508301	-118.492867
1384.181213	-118.320274
1384.854126	-117.853302
1385.527039	-118.006775
1386.199951	-117.874794
1386.872864	-118.313080
1387.545776	-117.704086
1388.218689	-118.139946
1388.891602	-118.370628
1389.564514	-118.207291
1390.237427	-117.214836
1390.910339	-117.695053
1391.583252	-117.516899
1392.256165	-117.214050
1392.929077	-118.665680
1393.601990	-118.233177
1394.274902	-118.759796
1394.947815	-118.484230
1395.620728	-118.113663
1396.293640	-117.569199
1396.966553	-118.160736
1397.639465	-118.153229
1398.312378	-118.205002
1398.985291	-117.506470
1399.658203	-118.140938
1400.331116	-117.696556
1401.004028	-118.763336
1401.676941	-118.883675
1402.349854	-119.318718
1403.022766	-118.234215
1403.695679	-117.288742
1404.368591	-117.092644
1405.041504	-118.319565
1405.714417	-118.470238
1406.387329	-117.237167
1407.060242	-116.474777
1407.733154	-117.686142
1408.406067	-118.529747
1409.078979	-118.636894
1409.751892	-118.045891
1410.424805	-118.320580
1411.097717	-118.917061
1411.770630	-118.554604
1412.443542	-117.837318
1413.116455	-117.527626
1413.789368	-117.767540
1414.462280	-118.107162
1415.135193	-117.900215
1415.808105	-117.952118
1416.481018	-116.424454
1417.153931	-116.742180
1417.826843	-117.602654
1418.499756	-117.436546
1419.172668	-116.816254
1419.845581	-117.464386
1420.518494	-118.419693
1421.191406	-118.036140
1421.864319	-119.197762
1422.537231	-118.521950
1423.210144	-117.499588
1423.883057	-117.383980
1424.555969	-118.270317
1425.228882	-117.231758
1425.901794	-117.582947
1426.574707	-118.255539
1427.247620	-118.739197
1427.920532	-119.217445
1428.593445	-117.654457
1429.266357	-117.328072
1429.939270	-117.848167
1430.612183	-117.138687
1431.285095	-117.643265
1431.958008	-117.606827
1432.630920	-117.089645
1433.303833	-117.838600
1433.976746	-117.353203
1434.649658	-117.476875
1435.322571	-118.083855
1435.995483	-117.812263
1436.668396	-117.062935
1437.341309	-118.521057
1438.014221	-117.860558
1438.687134	-117.367821
1439.360046	-116.866806
1440.032959	-116.908997
1440.705872	-117.974426
1441.378784	-118.129227
1442.051697	-118.152069
1442.724609	-118.607811
1443.397522	-119.122116
1444.070435	-118.094955
1444.743347	-117.835037
1445.416260	-117.481644
1446.089172	-117.311317
1446.762085	-117.654633
1447.434998	-117.390877
1448.107910	-116.953835
1448.780823	-117.916801
1449.453735	-117.508240
1450.126648	-117.035812
1450.799561	-116.998039
1451.472473	-118.458611
1452.145386	-117.637039
1452.818298	-117.604568
1453.491211	-118.421890
1454.164124	-118.970093
1454.837036	-118.448959
1455.509949	-117.728989
1456.182861	-116.799469
1456.855774	-116.908691
1457.528687	-116.890465
1458.201599	-116.085686
1458.874512	-116.501930
1459.547424	-116.891617
1460.220337	-117.740280
1460.893250	-116.478477
1461.566162	-116.275436
1462.239075	-117.796394
1462.911987	-118.343536
1463.584900	-117.870483
1464.257812	-118.362762
1464.930725	-118.515205
1465.603638	-117.105087
1466.276550	-116.803604
1466.949463	-117.017662
1467.622375	-117.388565
1468.295288	-118.451340
1468.968201	-119.419502
1469.641113	-118.129318
1470.314026	-117.145752
1470.986938	-116.285957
1471.659851	-116.937714
1472.332764	-116.993134
1473.005676	-116.782562
1473.678589	-116.636932
1474.351501	-117.556938
1475.024414	-117.861855
1475.697327	-118.058044
1476.370239	-118.906403
1477.043152	-118.509605
1477.716064	-117.988609
1478.388977	-117.686951
1479.061890	-118.191772
1479.734802	-117.623352
1480.407715	-116.458755
1481.080627	-116.748535
1481.753540	-117.432922
1482.426453	-117.568398
1483.099365	-116.765236
1483.772278	-116.789406
1484.445190	-116.458611
1485.118103	-117.562294
1485.791016	-118.121796
1486.463928	-118.227066
1487.136841	-117.335953
1487.809753	-117.714073
1488.482666	-117.530136
1489.155579	-117.030190
1489.828491	-117.089851
1490.501404	-118.534698
1491.174316	-117.523514
1491.847229	-117.506813
1492.520142	-117.807899
1493.193054	-118.382462
1493.865967	-118.051323
1494.538879	-116.914452
1495.211792	-117.271301
1495.884705	-117.275169
1496.557617	-117.067497
1497.230530	-117.148628
1497.903442	-117.613869
1498.576355	-116.911377
1499.249268	-116.333344
1499.922180	-116.791420
1500.595093	-116.819458
1501.268005	-116.842751
1501.940918	-116.952492
1502.613831	-117.791817
1503.286743	-117.756714
1503.959656	-117.676323
1504.632568	-117.843895
1505.305481	-116.623520
1505.978394	-116.693237
1506.651306	-117.896881
1507.324219	-117.686241
1507.997131	-117.045555
1508.670044	-117.825272
1509.342957	-118.102028
1510.015869	-116.813042
1510.688782	-117.375015
1511.361694	-117.713448
1512.034607	-116.121063
1512.707520	-116.575882
1513.380432	-117.066940
1514.053345	-117.470886
1514.726257	-117.279510
1515.399170	-116.666283
1516.072083	-116.456619
1516.744995	-116.926048
1517.417908	-117.800171
1518.090820	-118.701103
1518.763733	-117.445236
1519.436646	-117.773262
1520.109558	-117.887939
1520.782471	-116.979675
1521.455383	-117.563652
1522.128296	-117.911240
1522.801208	-118.016167
1523.474121	-117.797714
1524.147034	-118.794548
1524.819946	-117.792511
1525.492859	-116.886452
1526.165771	-117.919266
1526.838684	-117.915672
1527.511597	-117.666618
1528.184509	-118.155098
1528.857422	-118.592110
1529.530334	-117.354218
1530.203247	-117.128563
1530.876160	-117.170273
1531.549072	-116.706673
1532.221985	-117.201332
1532.894897	-117.301056
1533.567810	-116.994492
1534.240723	-117.439796
1534.913635	-117.503075
1535.586548	-117.739319
1536.259460	-117.590324
1536.932373	-116.728737
1537.605286	-116.565178
1538.278198	-116.547012
1538.951111	-117.222610
1539.624023	-118.946686
1540.296936	-118.138229
1540.969849	-116.749977
1541.642761	-117.444481
1542.315674	-117.718857
1542.988586	-117.314903
1543.661499	-117.848129
1544.334412	-118.867393
1545.007324	-118.120338
1545.680237	-117.147743
1546.353149	-117.617928
1547.026062	-117.700478
1547.698975	-118.010811
1548.371887	-117.219818
1549.044800	-118.250282
1549.717712	-118.128799
1550.390625	-118.191582
1551.063538	-118.651466
1551.736450	-117.859093
1552.409363	-118.273300
1553.082275	-119.576965
1553.755188	-119.656876
1554.428101	-118.379936
1555.101013	-117.601936
1555.773926	-117.932854
1556.446838	-118.225708
1557.119751	-118.184349
1557.792664	-117.391357
1558.465576	-116.482559
1559.138489	-117.180206
1559.811401	-118.562424
1560.484314	-119.027512
1561.157227	-118.402435
1561.830139	-116.893021
1562.503052	-116.861664
1563.175964	-117.952690
1563.848877	-118.315414
1564.521790	-117.787056
1565.194702	-117.320671
1565.867615	-118.111870
1566.540527	-118.690674
1567.213440	-117.383049
1567.886353	-118.007523
1568.559265	-118.579391
1569.232178	-118.255135
1569.905090	-118.713264
1570.578003	-118.464699
1571.250916	-118.741142
1571.923828	-118.678230
1572.596741	-117.991905
1573.269653	-118.601288
1573.942566	-118.665123
1574.615479	-118.313614
1575.288391	-118.549675
1575.961304	-117.388237
1576.634216	-116.877380
1577.307129	-118.181137
1577.980042	-118.145523
1578.652954	-117.381073
1579.325867	-117.758087
1579.998779	-118.010605
1580.671692	-117.813560
1581.344604	-118.163559
1582.017517	-117.851349
1582.690430	-117.569733
1583.363342	-118.007103
1584.036255	-118.057625
1584.709167	-118.455994
1585.382080	-117.409882
1586.054993	-117.509079
1586.727905	-118.514038
1587.400818	-117.812744
1588.073730	-118.991631
1588.746643	-119.039322
1589.419556	-117.801140
1590.092468	-118.146698
1590.765381	-118.774879
1591.438293	-118.229477
1592.111206	-118.172829
1592.784119	-118.523056
1593.457031	-118.366882
1594.129944	-118.644112
1594.802856	-118.792000
1595.475769	-117.194717
1596.148682	-116.991508
1596.821594	-118.731514
1597.494507	-118.217880
1598.167419	-116.745972
1598.840332	-117.932991
1599.513245	-118.558975
1600.186157	-118.982010
1600.859070	-118.788307
1601.531982	-119.104408
1602.204895	-119.488739
1602.877808	-118.095100
1603.550720	-118.326393
1604.223633	-118.169815
1604.896545	-118.416229
1605.569458	-118.735985
1606.242371	-118.037331
1606.915283	-117.945465
1607.588196	-118.752945
1608.261108	-119.503510
1608.934021	-118.530724
1609.606934	-118.908646
1610.279846	-118.446907
1610.952759	-117.724113
1611.625671	-117.748878
1612.298584	-118.178970
1612.971497	-119.210052
1613.644409	-119.630554
1614.317322	-119.250893
1614.990234	-118.568298
1615.663147	-119.700897
1616.336060	-119.095108
1617.008972	-118.270012
1617.681885	-118.837372
1618.354797	-119.336769
1619.027710	-118.794441
1619.700623	-118.366196
1620.373535	-117.857170
1621.046448	-117.936485
1621.719360	-117.990799
1622.392273	-118.211098
1623.065186	-117.733009
1623.738098	-119.019257
1624.411011	-118.124832
1625.083923	-118.338760
1625.756836	-118.453560
1626.429749	-117.939888
1627.102661	-117.715698
1627.775574	-117.905128
1628.448486	-117.260468
1629.121399	-117.228912
1629.794312	-117.461281
1630.467224	-118.058167
1631.140137	-117.289070
1631.813049	-117.096756
1632.485962	-117.274330
1633.158875	-117.353531
1633.831787	-117.157867
1634.504700	-117.352127
1635.177612	-118.145699
1635.850525	-118.360863
1636.523438	-117.535904
1637.196350	-118.154915
1637.869263	-117.803757
1638.542175	-118.647400
1639.215088	-118.220749
1639.888000	-118.843842
1640.560913	-118.915062
1641.233826	-118.352379
1641.906738	-118.990273
1642.579651	-118.701012
1643.252563	-119.312881
1643.925476	-118.189751
1644.598389	-118.852081
1645.271301	-119.148331
1645.944214	-118.509766
1646.617126	-118.584038
1647.290039	-117.793381
1647.962952	-117.093376
1648.635864	-117.632889
1649.308777	-117.738281
1649.981689	-118.573753
1650.654602	-118.309837
1651.327515	-117.734108
1652.000427	-117.969872
1652.673340	-117.616982
1653.346252	-117.633430
1654.019165	-118.561707
1654.692078	-119.035492
1655.364990	-119.489738
1656.037903	-118.078278
1656.710815	-117.915848
1657.383728	-118.483719
1658.056641	-118.636894
1658.729553	-117.132912
1659.402466	-117.583122
1660.075378	-117.755783
1660.748291	-118.364433
1661.421204	-117.170670
1662.094116	-117.637054
1662.767029	-119.603905
1663.439941	-119.283470
1664.112854	-119.138710
1664.785767	-119.340805
1665.458679	-118.948196
1666.131592	-118.472702
1666.804504	-117.879501
1667.477417	-118.470497
1668.150330	-118.227715
1668.823242	-117.957932
1669.496155	-118.246346
1670.169067	-117.999535
1670.841980	-118.171791
1671.514893	-118.181602
1672.187805	-118.661568
1672.860718	-118.272369
1673.533630	-116.632317
1674.206543	-116.596939
1674.879456	-117.307755
1675.552368	-117.063774
1676.225281	-118.645607
1676.898193	-118.651733
1677.571106	-118.774826
1678.244019	-118.425842
1678.916931	-117.923180
1679.589844	-118.220116
1680.262756	-117.527962
1680.935669	-118.062958
1681.608582	-118.104477
1682.281494	-117.178581
1682.954407	-117.101700
1683.627319	-118.634659
1684.300232	-119.016777
1684.973145	-117.199272
1685.646057	-116.309700
1686.318970	-117.103706
1686.991882	-117.091370
1687.664795	-117.126228
1688.337708	-117.418373
1689.010620	-117.000893
1689.683533	-117.778702
1690.356445	-117.461349
1691.029358	-117.950920
1691.702271	-118.621574
1692.375183	-118.769218
1693.048096	-118.732414
1693.721008	-118.617523
1694.393921	-119.113449
1695.066833	-118.687500
1695.739746	-118.330917
1696.412659	-118.769440
1697.085571	-117.400620
1697.758484	-117.313828
1698.431396	-117.671356
1699.104309	-117.793449
1699.777222	-117.550133
1700.450134	-116.933914
1701.123047	-118.692215
1701.795959	-119.037086
1702.468872	-119.543747
1703.141785	-118.826874
1703.814697	-118.344803
1704.487610	-119.719803
1705.160522	-119.570366
1705.833435	-117.979797
1706.506348	-118.641602
1707.179260	-120.004478
1707.852173	-119.527298
1708.525085	-119.545082
1709.197998	-119.310066
1709.870911	-120.575394
1710.543823	-119.062477
1711.216736	-118.036270
1711.889648	-118.040970
1712.562561	-118.317093
1713.235474	-119.477318
1713.908386	-119.041710
1714.581299	-118.729080
1715.254211	-118.748405
1715.927124	-118.688538
1716.600037	-119.413429
1717.272949	-119.844131
1717.945862	-118.616119
1718.618774	-118.374275
1719.291687	-118.794022
1719.964600	-118.074852
1720.637512	-117.599960
1721.310425	-118.270203
1721.983337	-117.973152
1722.656250	-118.459068
1723.329163	-118.970848
1724.002075	-118.242706
1724.674988	-118.744865
1725.347900	-117.984154
1726.020813	-118.151894
1726.693726	-118.806000
1727.366638	-117.918594
1728.039551	-117.811546
1728.712463	-118.279472
1729.385376	-119.474113
1730.058289	-119.045647
1730.731201	-118.355972
1731.404114	-118.200829
1732.077026	-118.702888
1732.749939	-117.841766
1733.422852	-118.708824
1734.095764	-119.758606
1734.768677	-119.459641
1735.441589	-119.721687
1736.114502	-119.274353
1736.787415	-118.662331
1737.460327	-117.620026
1738.133240	-117.809738
1738.806152	-119.103523
1739.479065	-119.099472
1740.151978	-119.252792
1740.824890	-118.985176
1741.497803	-119.108047
1742.170715	-118.797531
1742.843628	-119.878555
1743.516541	-118.634384
1744.189453	-119.019188
1744.862366	-118.190140
1745.535278	-117.999992
1746.208191	-119.031006
1746.881104	-118.295883
1747.554016	-118.199577
1748.226929	-119.000046
1748.899841	-119.532715
1749.572754	-118.312592
1750.245667	-118.041847
1750.918579	-119.273849
1751.591492	-119.217163
1752.264404	-118.699005
1752.937317	-117.969818
1753.610229	-117.858437
1754.283142	-118.126167
1754.956055	-118.100746
1755.628967	-118.835625
1756.301880	-119.112358
1756.974792	-118.114212
1757.647705	-118.681999
1758.320618	-118.577599
1758.993530	-118.576431
1759.666443	-118.820572
1760.339355	-118.330849
1761.012268	-118.582321
1761.685181	-118.202614
1762.358093	-118.898109
1763.031006	-119.354301
1763.703918	-118.281090
1764.376831	-117.933670
1765.049744	-118.633675
1765.722656	-118.904221
1766.395569	-118.567467
1767.068481	-118.878014
1767.741394	-118.544464
1768.414307	-118.839920
1769.087219	-118.999199
1769.760132	-119.146545
1770.433044	-118.465614
1771.105957	-117.894310
1771.778870	-117.953369
1772.451782	-117.309952
1773.124695	-118.792419
1773.797607	-118.859131
1774.470520	-118.443512
1775.143433	-118.919121
1775.816345	-119.632538
1776.489258	-118.124077
1777.162170	-119.515961
1777.835083	-118.918762
1778.507996	-118.386681
1779.180908	-118.104362
1779.853821	-119.986862
1780.526733	-119.570244
1781.199646	-118.581421
1781.872559	-118.290886
1782.545471	-118.113052
1783.218384	-118.093010
1783.891296	-118.394470
1784.564209	-119.046631
1785.237122	-119.708298
1785.910034	-119.764191
1786.582947	-119.128052
1787.255859	-117.971481
1787.928772	-119.145485
1788.601685	-118.565102
1789.274597	-118.832619
1789.947510	-120.188644
1790.620422	-119.104683
1791.293335	-118.325371
1791.966248	-118.699028
1792.639160	-118.863060
1793.312073	-118.500069
1793.984985	-118.008316
1794.657898	-118.534012
1795.330811	-117.807014
1796.003723	-117.029800
1796.676636	-118.413544
1797.349548	-119.523254
1798.022461	-119.486176
1798.695374	-118.399994
1799.368286	-118.520546
1800.041199	-118.237228
1800.714111	-118.914551
1801.387024	-119.634857
1802.059937	-119.880211
1802.732849	-119.916451
1803.405762	-118.514618
1804.078674	-118.216583
1804.751587	-118.264526
1805.424500	-117.989334
1806.097412	-118.512016
1806.770325	-119.538315
1807.443237	-119.400879
1808.116150	-119.135231
1808.789062	-119.181160
1809.461975	-117.980751
1810.134888	-118.211876
1810.807800	-118.284683
1811.480713	-118.360413
1812.153625	-118.339943
1812.826538	-118.413406
1813.499451	-118.724586
1814.172363	-118.476921
1814.845276	-118.695145
1815.518188	-118.673813
1816.191101	-118.805481
1816.864014	-118.755241
1817.536926	-117.817268
1818.209839	-118.610245
1818.882751	-119.263924
1819.555664	-118.922462
1820.228577	-118.814491
1820.901489	-119.455353
1821.574402	-118.619255
1822.247314	-117.828979
1822.920227	-118.015656
1823.593140	-118.426537
1824.266052	-119.290482
1824.938965	-119.679665
1825.611877	-118.908035
1826.284790	-118.999710
1826.957703	-118.989899
1827.630615	-118.231262
1828.303528	-118.696922
1828.976440	-119.954834
1829.649353	-118.713173
1830.322266	-118.717773
1830.995178	-119.591171
1831.668091	-118.515938
1832.341003	-119.223053
1833.013916	-118.756638
1833.686829	-118.383446
1834.359741	-119.507988
1835.032654	-119.130272
1835.705566	-118.767120
1836.378479	-120.021469
1837.051392	-119.188690
1837.724304	-118.300262
1838.397217	-118.971497
1839.070129	-118.859177
1839.743042	-118.942307
1840.415955	-118.805946
1841.088867	-119.187065
1841.761780	-119.416618
1842.434692	-118.884254
1843.107605	-119.323952
1843.780518	-119.490730
1844.453430	-118.764267
1845.126343	-118.581291
1845.799255	-119.328064
1846.472168	-118.664421
1847.145081	-118.573624
1847.817993	-118.826149
1848.490906	-117.927010
1849.163818	-118.840706
1849.836731	-119.532440
1850.509644	-119.614113
1851.182556	-119.001427
1851.855469	-117.818939
1852.528381	-117.957634
1853.201294	-120.121010
1853.874207	-119.216827
1854.547119	-118.402435
1855.220032	-119.130493
1855.892944	-119.007774
1856.565857	-119.294731
1857.238770	-118.520691
1857.911682	-118.201065
1858.584595	-118.184036
1859.257507	-118.935844
1859.930420	-118.555435
1860.603333	-118.440300
1861.276245	-119.442932
1861.949158	-119.350983
1862.622070	-120.655563
1863.294983	-120.653450
1863.967896	-120.540787
1864.640808	-119.524551
1865.313721	-118.140076
1865.986633	-118.433731
1866.659546	-118.529701
1867.332458	-118.706726
1868.005371	-118.572655
1868.678284	-118.714981
1869.351196	-120.299370
1870.024109	-120.913422
1870.697021	-119.407974
1871.369934	-118.574074
1872.042847	-119.285965
1872.715759	-119.524963
1873.388672	-120.049301
1874.061584	-120.195770
1874.734497	-120.133553
1875.407410	-119.145065
1876.080322	-118.815102
1876.753235	-117.774239
1877.426147	-118.683029
1878.099060	-118.902870
1878.771973	-118.702438
1879.444885	-118.086739
1880.117798	-118.396202
1880.790710	-118.468147
1881.463623	-119.115692
1882.136536	-119.066467
1882.809448	-119.232590
1883.482361	-119.155838
1884.155273	-118.369057
1884.828186	-118.313667
1885.501099	-119.038719
1886.174011	-119.147537
1886.846924	-118.626175
1887.519836	-117.769241
1888.192749	-118.010628
1888.865662	-118.551712
1889.538574	-117.804565
1890.211487	-118.240952
1890.884399	-118.575508
1891.557312	-118.894699
1892.230225	-119.476372
1892.903137	-120.256371
1893.576050	-120.226166
1894.248962	-118.729645
1894.921875	-118.361473
1895.594788	-118.338760
1896.267700	-118.533699
1896.940613	-119.395988
1897.613525	-119.659454
1898.286438	-118.076210
1898.959351	-119.496506
1899.632263	-119.998405
1900.305176	-118.416977
1900.978088	-119.239273
1901.651001	-119.480522
1902.323914	-118.706215
1902.996826	-118.233536
1903.669739	-118.560371
1904.342651	-118.487778
1905.015564	-118.533203
1905.688477	-119.085968
1906.361389	-118.049675
1907.034302	-117.923782
1907.707214	-119.064865
1908.380127	-119.551979
1909.053040	-119.428429
1909.725952	-119.934265
1910.398865	-118.807327
1911.071777	-118.752892
1911.744690	-118.552681
1912.417603	-118.288269
1913.090515	-118.745979
1913.763428	-119.529022
1914.436340	-119.467354
1915.109253	-119.064659
1915.782166	-119.008125
1916.455078	-119.917992
1917.127991	-118.243484
1917.800903	-118.031265
1918.473816	-119.509636
1919.146729	-118.711311
1919.819641	-119.577789
1920.492554	-120.161980
1921.165466	-119.283043
1921.838379	-119.213890
1922.511292	-119.180260
1923.184204	-118.456619
1923.857117	-117.607376
1924.530029	-118.896980
1925.202942	-118.832985
1925.875854	-118.319916
1926.548767	-118.216881
1927.221680	-118.681290
1927.894592	-118.686722
1928.567505	-118.400620
1929.240417	-117.993240
1929.913330	-118.840950
1930.586243	-117.941833
1931.259155	-117.664268
1931.932068	-118.659485
1932.604980	-118.821533
1933.277893	-119.133247
1933.950806	-119.511436
1934.623718	-118.311256
1935.296631	-117.868744
1935.969543	-118.606712
1936.642456	-119.409622
1937.315369	-118.991287
1937.988281	-118.549126
1938.661194	-119.226746
1939.334106	-119.275795
1940.007019	-119.525589
1940.679932	-118.849777
1941.352844	-118.471260
1942.025757	-118.238075
1942.698669	-118.201004
1943.371582	-118.360313
1944.044495	-118.341072
1944.717407	-117.862732
1945.390320	-118.259773
1946.063232	-118.334244
1946.736145	-119.054520
1947.409058	-120.299553
1948.081970	-119.599197
1948.754883	-119.137199
1949.427795	-119.350815
1950.100708	-119.099525
1950.773621	-118.897461
1951.446533	-119.178513
1952.119446	-119.335960
1952.792358	-119.329247
1953.465271	-118.991539
1954.138184	-118.602684
1954.811096	-117.885445
1955.484009	-119.029526
1956.156921	-119.193062
1956.829834	-119.005295
1957.502747	-118.192604
1958.175659	-119.440742
1958.848572	-119.498032
1959.521484	-118.800758
1960.194397	-119.171982
1960.867310	-119.213943
1961.540222	-117.481659
1962.213135	-117.588470
1962.886047	-118.609100
1963.558960	-118.309700
1964.231873	-117.881264
1964.904785	-118.783577
1965.577698	-118.790100
1966.250610	-118.717491
1966.923523	-118.810509
1967.596436	-119.484077
1968.269348	-119.432709
1968.942261	-119.268250
1969.615173	-119.163414
1970.288086	-118.866875
1970.960999	-118.834282
1971.633911	-119.386711
1972.306824	-119.698929
1972.979736	-119.717628
1973.652649	-120.409187
1974.325562	-120.477219
1974.998474	-118.404968
1975.671387	-118.484200
1976.344299	-119.153214
1977.017212	-118.788406
1977.690125	-118.902321
1978.363037	-119.588478
1979.035950	-119.124985
1979.708862	-118.967155
1980.381775	-119.487167
1981.054688	-119.040329
1981.727600	-119.752869
1982.400513	-119.540993
1983.073425	-119.050987
1983.746338	-118.484276
1984.419250	-118.722588
1985.092163	-118.877777
1985.765076	-119.087021
1986.437988	-118.293594
1987.110901	-118.855453
1987.783813	-119.240150
1988.456726	-119.675529
1989.129639	-120.134705
1989.802551	-119.881577
1990.475464	-118.917328
1991.148376	-119.202888
1991.821289	-118.911995
1992.494202	-119.575859
1993.167114	-118.361099
1993.840027	-117.105103
1994.512939	-118.775749
1995.185852	-118.966248
1995.858765	-119.321671
1996.531677	-119.214500
1997.204590	-118.610870
1997.877502	-118.488068
1998.550415	-118.560165
1999.223328	-118.354149
1999.896240	-118.455139
2000.569153	-118.599380
2001.242065	-119.151871
2001.914978	-118.195656
2002.587891	-118.263618
2003.260803	-119.584984
2003.933716	-119.433243
2004.606628	-118.786461
2005.279541	-118.707062
2005.952454	-119.010162
2006.625366	-119.840454
2007.298279	-119.565285
2007.971191	-119.010986
2008.644104	-118.319313
2009.317017	-118.128723
2009.989929	-118.407845
2010.662842	-119.216240
2011.335754	-119.570839
2012.008667	-118.707260
2012.681580	-118.898521
2013.354492	-118.911224
2014.027405	-119.698349
2014.700317	-119.776932
2015.373230	-119.432762
2016.046143	-119.000565
2016.719055	-118.401543
2017.391968	-118.476532
2018.064880	-118.548271
2018.737793	-118.593483
2019.410706	-118.052170
2020.083618	-117.776817
2020.756531	-118.972710
2021.429443	-119.375839
2022.102356	-119.674095
2022.775269	-119.236610
2023.448181	-118.799370
2024.121094	-119.230583
2024.794006	-118.544205
2025.466919	-119.171738
2026.139832	-119.373146
2026.812744	-118.394165
2027.485657	-118.898399
2028.158569	-119.804916
2028.831482	-119.197327
2029.504395	-118.791832
2030.177307	-117.797089
2030.850220	-117.812355
2031.523132	-119.126442
2032.196045	-120.154472
2032.868958	-119.385063
2033.541870	-119.276505
2034.214783	-118.876221
2034.887695	-119.050766
2035.560608	-118.973824
2036.233521	-119.273232
2036.906433	-119.200897
2037.579346	-118.544014
2038.252258	-118.486290
2038.925171	-119.219902
2039.598083	-119.081924
2040.270996	-119.261467
2040.943909	-119.687950
2041.616821	-118.242996
2042.289734	-119.238182
2042.962646	-119.450821
2043.635559	-118.498611
2044.308472	-119.201714
2044.981384	-118.578308
2045.654297	-118.900940
2046.327209	-118.550018
2047.000122	-118.649193
2047.673035	-118.969612
2048.345947	-118.996475
2049.018860	-118.959221
2049.691772	-119.671089
2050.364685	-118.270912
2051.037598	-118.968185
2051.710510	-119.822021
2052.383423	-120.413986
2053.056335	-120.738815
2053.729248	-119.183403
2054.402161	-118.962898
2055.075073	-118.914322
2055.747986	-119.749756
2056.420898	-119.484749
2057.093811	-118.553375
2057.766724	-118.420364
2058.439636	-118.916260
2059.112549	-119.466560
2059.785461	-119.863083
2060.458374	-119.639862
2061.131287	-119.579147
2061.804199	-118.937813
2062.477112	-118.579895
2063.150024	-119.761917
2063.822937	-118.681427
2064.495850	-118.491035
2065.168762	-119.344872
2065.841675	-118.827820
2066.514587	-119.019669
2067.187500	-118.895393
2067.860413	-118.264046
2068.533325	-118.461212
2069.206238	-119.546921
2069.879150	-120.049812
2070.552063	-119.432373
2071.224976	-118.785881
2071.897888	-119.671684
2072.570801	-118.947266
2073.243713	-118.614090
2073.916626	-118.664169
2074.589539	-118.881439
2075.262451	-120.349068
2075.935364	-119.578804
2076.608276	-118.831886
2077.281189	-118.423264
2077.954102	-118.186806
2078.627014	-118.624306
2079.299927	-119.284142
2079.972839	-118.818527
2080.645752	-119.058205
2081.318665	-119.080345
2081.991577	-119.883568
2082.664490	-120.437874
2083.337402	-119.405586
2084.010315	-119.383560
2084.683228	-118.527672
2085.356140	-119.339638
2086.029053	-119.506927
2086.701965	-120.151794
2087.374878	-118.845741
2088.047791	-118.366013
2088.720703	-119.674782
2089.393616	-119.375992
2090.066528	-119.352516
2090.739441	-118.768936
2091.412354	-118.925652
2092.085266	-119.831367
2092.758179	-120.065460
2093.431091	-120.309647
2094.104004	-119.639046
2094.776917	-119.478973
2095.449829	-118.882423
2096.122742	-119.296494
2096.795654	-119.785240
2097.468567	-119.601791
2098.141479	-119.630280
2098.814392	-120.526344
2099.487305	-120.191605
2100.160217	-119.228149
2100.833130	-119.086990
2101.506042	-117.819023
2102.178955	-117.610085
2102.851868	-119.337860
2103.524780	-119.788582
2104.197693	-119.874741
2104.870605	-119.230705
2105.543518	-119.138000
2106.216431	-118.675995
2106.889343	-118.836266
2107.562256	-119.687561
2108.235168	-120.280449
2108.908081	-120.064888
2109.580994	-119.833542
2110.253906	-119.067017
2110.926819	-118.792114
2111.599731	-119.595627
2112.272644	-119.678474
2112.945557	-118.959709
2113.618469	-118.554344
2114.291382	-118.799995
2114.964294	-118.885262
2115.637207	-118.351814
2116.310120	-118.069237
2116.983032	-117.877617
2117.655945	-118.720665
2118.328857	-120.023178
2119.001770	-118.589478
2119.674683	-118.332611
2120.347595	-118.929245
2121.020508	-118.350883
2121.693420	-118.576668
2122.366333	-118.493042
2123.039246	-118.394356
2123.712158	-118.724564
2124.385071	-118.863724
2125.057983	-118.904388
2125.730896	-118.085838
2126.403809	-118.830582
2127.076721	-119.955383
2127.749634	-120.265854
2128.422546	-119.396774
2129.095459	-118.752762
2129.768372	-118.875336
2130.441284	-118.576866
2131.114197	-118.704865
2131.787109	-119.078743
2132.460022	-119.164536
2133.132935	-118.395561
2133.805847	-118.927475
2134.478760	-119.401466
2135.151672	-120.353546
2135.824585	-118.813782
2136.497498	-118.416206
2137.170410	-118.892113
2137.843323	-117.752914
2138.516235	-117.439323
2139.189148	-117.954384
2139.862061	-118.501427
2140.534973	-119.540947
2141.207886	-118.824280
2141.880798	-118.358322
2142.553711	-118.900978
2143.226624	-118.450272
2143.899536	-118.080864
2144.572449	-118.188988
2145.245361	-119.217697
2145.918274	-118.348694
2146.591187	-118.188393
2147.264099	-118.483688
2147.937012	-119.342888
2148.609924	-118.723686
2149.282837	-118.065277
2149.955750	-119.040321
2150.628662	-118.764481
2151.301575	-118.831833
2151.974487	-118.326309
2152.647400	-118.903732
2153.320312	-118.697769
2153.993225	-118.518715
2154.666138	-118.952057
2155.339050	-118.629463
2156.011963	-118.464211
2156.684875	-118.831345
2157.357788	-119.436043
2158.030701	-119.522942
2158.703613	-119.609894
2159.376526	-119.330124
2160.049438	-118.193954
2160.722351	-118.231697
2161.395264	-119.714493
2162.068176	-120.044205
2162.741089	-119.020218
2163.414001	-118.906982
2164.086914	-120.616516
2164.759827	-120.158142
2165.432739	-118.806396
2166.105652	-118.899796
2166.778564	-119.022774
2167.451477	-119.279953
2168.124390	-120.172897
2168.797302	-119.905945
2169.470215	-119.986771
2170.143127	-119.740501
2170.816040	-119.067207
2171.488953	-118.977135
2172.161865	-118.751595
2172.834778	-118.300461
2173.507690	-119.260040
2174.180603	-118.588936
2174.853516	-118.469574
2175.526428	-118.809685
2176.199341	-119.040634
2176.872253	-118.041893
2177.545166	-118.453316
2178.218079	-118.445992
2178.890991	-118.482788
2179.563904	-119.965919
2180.236816	-120.297913
2180.909729	-120.107010
2181.582642	-119.837646
2182.255554	-119.400246
2182.928467	-119.277580
2183.601379	-119.576118
2184.274292	-120.246758
2184.947205	-119.749321
2185.620117	-119.384834
2186.293030	-120.357330
2186.965942	-119.472610
2187.638855	-119.080009
2188.311768	-119.917366
2188.984680	-119.604851
2189.657593	-119.210289
2190.330505	-119.668144
2191.003418	-118.961922
2191.676331	-119.168259
2192.349243	-120.191643
2193.022156	-120.860451
2193.695068	-119.293419
2194.367981	-119.310616
2195.040894	-119.971840
2195.713806	-119.573578
2196.386719	-119.602760
2197.059631	-118.665756
2197.732544	-118.990982
2198.405457	-119.428856
2199.078369	-118.826630
2199.751282	-118.570503
2200.424194	-118.158417
2201.097107	-119.357574
2201.770020	-120.104118
2202.442932	-120.042633
2203.115845	-120.125046
2203.788757	-120.018425
2204.461670	-120.442513
2205.134583	-119.255997
2205.807495	-118.956963
2206.480408	-118.740837
2207.153320	-118.234543
2207.826233	-119.105614
2208.499146	-120.241730
2209.172058	-118.882751
2209.844971	-118.955284
2210.517883	-119.041374
2211.190796	-119.365082
2211.863708	-119.554825
2212.536621	-119.964119
2213.209534	-120.324554
2213.882446	-121.466591
2214.555359	-120.930504
2215.228271	-118.655235
2215.901184	-118.564209
2216.574097	-118.862564
2217.247009	-118.889908
2217.919922	-118.899231
2218.592834	-118.958839
2219.265747	-119.628021
2219.938660	-119.627769
2220.611572	-120.043472
2221.284485	-119.302887
2221.957397	-119.147629
2222.630310	-119.653236
2223.303223	-118.467659
2223.976135	-118.924561
2224.649048	-119.366684
2225.321960	-118.586777
2225.994873	-118.675301
2226.667786	-119.492172
2227.340698	-118.503433
2228.013611	-119.379776
2228.686523	-119.089157
2229.359436	-119.837181
2230.032349	-119.979530
2230.705261	-119.431107
2231.378174	-119.155907
2232.051086	-119.322853
2232.723999	-119.390762
2233.396912	-119.000954
2234.069824	-119.031677
2234.742737	-119.496857
2235.415649	-118.779274
2236.088562	-118.584991
2236.761475	-120.356621
2237.434387	-119.931763
2238.107300	-119.015877
2238.780212	-118.578560
2239.453125	-118.163368
2240.126038	-119.546486
2240.798950	-120.320335
2241.471863	-119.450508
2242.144775	-118.662888
2242.817688	-118.964828
2243.490601	-119.434608
2244.163513	-120.495453
2244.836426	-119.532806
2245.509338	-118.755577
2246.182251	-118.711632
2246.855164	-118.429001
2247.528076	-120.019829
2248.200989	-119.960625
2248.873901	-119.873024
2249.546814	-120.156952
2250.219727	-120.761261
2250.892639	-119.713608
2251.565552	-118.807121
2252.238464	-119.257301
2252.911377	-119.512680
2253.584290	-119.485558
2254.257202	-119.296700
2254.930115	-118.844673
2255.603027	-118.609306
2256.275940	-119.353737
2256.948853	-119.349014
2257.621765	-119.682396
2258.294678	-120.930298
2258.967590	-119.523445
2259.640503	-119.451775
2260.313416	-119.761597
2260.986328	-119.534920
2261.659241	-119.258698
2262.332153	-118.501587
2263.005066	-118.672249
2263.677979	-119.123405
2264.350891	-120.352211
2265.023804	-120.317734
2265.696716	-119.536110
2266.369629	-119.668175
2267.042542	-119.992325
2267.715454	-120.097649
2268.388367	-118.869614
2269.061279	-118.894600
2269.734192	-119.065765
2270.407104	-118.408035
2271.080017	-118.634315
2271.752930	-118.928589
2272.425842	-119.356491
2273.098755	-120.168625
2273.771667	-119.801651
2274.444580	-120.416023
2275.117493	-120.119263
2275.790405	-119.669403
2276.463318	-119.143555
2277.136230	-118.812538
2277.809143	-118.966934
2278.482056	-119.358559
2279.154968	-119.194672
2279.827881	-118.593658
2280.500793	-119.730484
2281.173706	-119.845016
2281.846619	-120.008110
2282.519531	-119.459694
2283.192444	-119.173828
2283.865356	-119.255257
2284.538269	-119.139336
2285.211182	-120.228470
2285.884094	-119.630966
2286.557007	-119.987473
2287.229919	-120.834007
2287.902832	-118.477211
2288.575745	-118.504044
2289.248657	-119.818260
2289.921570	-120.473442
2290.594482	-119.912201
2291.267395	-118.817001
2291.940308	-118.754318
2292.613220	-119.623138
2293.286133	-120.171547
2293.959045	-118.586548
2294.631958	-118.845192
2295.304871	-118.831642
2295.977783	-118.699959
2296.650696	-118.416191
2297.323608	-117.706123
2297.996521	-118.512932
2298.669434	-118.631279
2299.342346	-118.703094
2300.015259	-118.625137
2300.688171	-118.999413
2301.361084	-118.553078
2302.033997	-119.115463
2302.706909	-120.662964
2303.379822	-119.873459
2304.052734	-119.240547
2304.725647	-119.246841
2305.398560	-119.254707
2306.071472	-119.831444
2306.744385	-118.873070
2307.417297	-120.514847
2308.090210	-120.463150
2308.763123	-119.568405
2309.436035	-119.039169
2310.108948	-118.853439
2310.781860	-119.143578
2311.454773	-119.062782
2312.127686	-119.521767
2312.800598	-118.490913
2313.473511	-118.721268
2314.146423	-119.794037
2314.819336	-119.291817
2315.492249	-119.494469
2316.165161	-119.886986
2316.838074	-119.584244
2317.510986	-119.352936
2318.183899	-119.727722
2318.856812	-119.908836
2319.529724	-119.771301
2320.202637	-120.219582
2320.875549	-121.268997
2321.548462	-119.126587
2322.221375	-117.942673
2322.894287	-118.673859
2323.567200	-119.828545
2324.240112	-119.393631
2324.913025	-118.526108
2325.585938	-118.955879
2326.258850	-118.939980
2326.931763	-120.515991
2327.604675	-119.938347
2328.277588	-118.880104
2328.950500	-119.364655
2329.623413	-119.578392
2330.296326	-120.603256
2330.969238	-120.085297
2331.642151	-119.864899
2332.315063	-119.810089
2332.987976	-120.070557
2333.660889	-119.422829
2334.333801	-120.246284
2335.006714	-120.438454
2335.679626	-119.353149
2336.352539	-118.767357
2337.025452	-119.110825
2337.698364	-118.679588
2338.371277	-119.348213
2339.044189	-120.736496
2339.717102	-119.178200
2340.390015	-118.588387
2341.062927	-119.430283
2341.735840	-119.728714
2342.408752	-120.747627
2343.081665	-119.746246
2343.754578	-119.203079
2344.427490	-120.241165
2345.100403	-120.597374
2345.773315	-120.038368
2346.446228	-119.613060
2347.119141	-118.995384
2347.792053	-118.800446
2348.464966	-119.592316
2349.137878	-118.601509
2349.810791	-118.317947
2350.483704	-119.001236
2351.156616	-119.451828
2351.829529	-119.358559
2352.502441	-119.357025
2353.175354	-118.989998
2353.848267	-118.794853
2354.521179	-119.284332
2355.194092	-118.796417
2355.867004	-118.772728
2356.539917	-119.845245
2357.212830	-119.616211
2357.885742	-118.053490
2358.558655	-118.328796
2359.231567	-119.763618
2359.904480	-119.471184
2360.577393	-118.421082
2361.250305	-119.360603
2361.923218	-119.498985
2362.596130	-119.037834
2363.269043	-118.944725
2363.941956	-120.158134
2364.614868	-120.514587
2365.287781	-119.449135
2365.960693	-119.133606
2366.633606	-119.231712
2367.306519	-118.902161
2367.979431	-119.161201
2368.652344	-118.225273
2369.325256	-118.791687
2369.998169	-118.126328
2370.671082	-117.850258
2371.343994	-118.831917
2372.016907	-120.014404
2372.689819	-119.633865
2373.362732	-118.716103
2374.035645	-118.976929
2374.708557	-118.692482
2375.381470	-118.487434
2376.054382	-118.573112
2376.727295	-118.927155
2377.400208	-119.486748
2378.073120	-118.976494
2378.746033	-119.716621
2379.418945	-119.795509
2380.091858	-118.470970
2380.764771	-118.858147
2381.437683	-118.289017
2382.110596	-118.586197
2382.783508	-119.868935
2383.456421	-119.724976
2384.129333	-118.835831
2384.802246	-119.689606
2385.475159	-119.399796
2386.148071	-118.678345
2386.820984	-119.258759
2387.493896	-119.478874
2388.166809	-119.491226
2388.839722	-119.437759
2389.512634	-119.187653
2390.185547	-119.934196
2390.858459	-120.429344
2391.531372	-120.131386
2392.204285	-120.127853
2392.877197	-118.929291
2393.550110	-120.002182
2394.223022	-119.669121
2394.895935	-118.511765
2395.568848	-119.764137
2396.241760	-119.167046
2396.914673	-119.320259
2397.587585	-119.172997
2398.260498	-119.452644
2398.933411	-120.945824
2399.606323	-119.869644
2400.279236	-118.990639
2400.952148	-119.421036
2401.625061	-119.811333
2402.297974	-119.666992
2402.970886	-119.433807
2403.643799	-118.906593
2404.316711	-118.630074
2404.989624	-118.796059
2405.662537	-119.523369
2406.335449	-119.295288
2407.008362	-117.920197
2407.681274	-117.526985
2408.354187	-118.676399
2409.027100	-119.529099
2409.700012	-119.437881
2410.372925	-119.037788
2411.045837	-118.849678
2411.718750	-119.405739
2412.391663	-119.693687
2413.064575	-120.334282
2413.737488	-119.602448
2414.410400	-118.830063
2415.083313	-119.177605
2415.756226	-119.826645
2416.429138	-120.152084
2417.102051	-120.602402
2417.774963	-121.042709
2418.447876	-120.429230
2419.120789	-120.372375
2419.793701	-119.159607
2420.466614	-118.949371
2421.139526	-119.319939
2421.812439	-120.381691
2422.485352	-121.067200
2423.158264	-119.818207
2423.831177	-118.105164
2424.504089	-118.813927
2425.177002	-119.783722
2425.849915	-119.171860
2426.522827	-119.572273
2427.195740	-119.254631
2427.868652	-118.437752
2428.541565	-118.848389
2429.214478	-119.729530
2429.887390	-119.767990
2430.560303	-119.285164
2431.233215	-119.613174
2431.906128	-119.555229
2432.579041	-119.288597
2433.251953	-119.158073
2433.924866	-118.920700
2434.597778	-118.307579
2435.270691	-118.585197
2435.943604	-119.313995
2436.616516	-119.233139
2437.289429	-118.900681
2437.962341	-118.462517
2438.635254	-118.132957
2439.308167	-119.316032
2439.981079	-119.685173
2440.653992	-119.212440
2441.326904	-119.616432
2441.999817	-120.274590
2442.672729	-120.133408
2443.345642	-119.837303
2444.018555	-119.227470
2444.691467	-118.978363
2445.364380	-120.156151
2446.037292	-119.878082
2446.710205	-118.830078
2447.383118	-118.900291
2448.056030	-118.605484
2448.728943	-119.120392
2449.401855	-120.129280
2450.074768	-120.377899
2450.747681	-119.133972
2451.420593	-119.539566
2452.093506	-119.979935
2452.766418	-119.296661
2453.439331	-120.169624
2454.112244	-119.459587
2454.785156	-119.962830
2455.458069	-119.902061
2456.130981	-120.057068
2456.803894	-119.155403
2457.476807	-118.936180
2458.149719	-118.871231
2458.822632	-120.119583
2459.495544	-121.322655
2460.168457	-119.071831
2460.841370	-117.888947
2461.514282	-118.836029
2462.187195	-119.121101
2462.860107	-119.565346
2463.533020	-119.419052
2464.205933	-120.216843
2464.878845	-119.092575
2465.551758	-118.562851
2466.224670	-118.988937
2466.897583	-119.142921
2467.570496	-119.595505
2468.243408	-120.729622
2468.916321	-120.416122
2469.589233	-119.531570
2470.262146	-119.663757
2470.935059	-120.868629
2471.607971	-119.619675
2472.280884	-119.466812
2472.953796	-118.919479
2473.626709	-119.163368
2474.299622	-119.179565
2474.972534	-119.400024
2475.645447	-118.802170
2476.318359	-118.290466
2476.991272	-118.699013
2477.664185	-119.603127
2478.337097	-119.932404
2479.010010	-119.710655
2479.682922	-118.224213
2480.355835	-118.981972
2481.028748	-119.560806
2481.701660	-119.470413
2482.374573	-119.120049
2483.047485	-119.295204
2483.720398	-120.295601
2484.393311	-119.201157
2485.066223	-119.331757
2485.739136	-120.014870
2486.412048	-120.139282
2487.084961	-119.020203
2487.757874	-119.253128
2488.430786	-119.840042
2489.103699	-118.196678
2489.776611	-118.631599
2490.449524	-119.694489
2491.122437	-119.249535
2491.795349	-118.805351
2492.468262	-119.559090
2493.141174	-119.164703
2493.814087	-118.965897
2494.487000	-118.846390
2495.159912	-119.003448
2495.832825	-119.206665
2496.505737	-119.527496
2497.178650	-119.595879
2497.851562	-120.127121
2498.524475	-118.593452
2499.197388	-118.768425
2499.870300	-119.027054
2500.543213	-119.308548
2501.216125	-120.720551
2501.889038	-119.529671
2502.561951	-119.760757
2503.234863	-119.218636
2503.907776	-118.424576
2504.580688	-118.764954
2505.253601	-119.667717
2505.926514	-119.522720
2506.599426	-119.090988
2507.272339	-118.373917
2507.945251	-118.661278
2508.618164	-119.624748
2509.291077	-118.992439
2509.963989	-118.866005
2510.636902	-119.429825
2511.309814	-119.095032
2511.982727	-119.452698
2512.655640	-119.747025
2513.328552	-119.211143
2514.001465	-119.493538
2514.674377	-120.457619
2515.347290	-119.854446
2516.020203	-119.454567
2516.693115	-119.715179
2517.366028	-118.768837
2518.038940	-119.225365
2518.711853	-119.570671
2519.384766	-119.161057
2520.057678	-119.323975
2520.730591	-119.002106
2521.403503	-119.461250
2522.076416	-120.460098
2522.749329	-119.913605
2523.422241	-119.810768
2524.095154	-120.107597
2524.768066	-119.336792
2525.440979	-119.378845
2526.113892	-119.131454
2526.786804	-119.473984
2527.459717	-118.617828
2528.132629	-118.645912
2528.805542	-119.180077
2529.478455	-119.573563
2530.151367	-119.376122
2530.824280	-118.787811
2531.497192	-119.462227
2532.170105	-120.035385
2532.843018	-120.443214
2533.515930	-119.400200
2534.188843	-120.500130
2534.861755	-120.583778
2535.534668	-120.000618
2536.207581	-119.673271
2536.880493	-119.741524
2537.553406	-119.574158
2538.226318	-119.550819
2538.899231	-119.073715
2539.572144	-118.835373
2540.245056	-118.403419
2540.917969	-119.063011
2541.590881	-119.732964
2542.263794	-119.950760
2542.936707	-118.490448
2543.609619	-118.796555
2544.282532	-119.349930
2544.955444	-119.849945
2545.628357	-119.129013
2546.301270	-118.453438
2546.974182	-117.959129
2547.647095	-119.358643
2548.320007	-120.824532
2548.992920	-120.922363
2549.665833	-119.558807
2550.338745	-119.705696
2551.011658	-119.301682
2551.684570	-118.304390
2552.357483	-118.894737
2553.030396	-119.584984
2553.703308	-119.576355
2554.376221	-118.909958
2555.049133	-119.535057
2555.722046	-119.401657
2556.394958	-119.758850
2557.067871	-120.416824
2557.740784	-119.839348
2558.413696	-119.438530
2559.086609	-119.103821
2559.759521	-118.064468
2560.432434	-117.908661
2561.105347	-118.738403
2561.778259	-118.628090
2562.451172	-118.374657
2563.124084	-118.758316
2563.796997	-119.831337
2564.469910	-120.667824
2565.142822	-120.107712
2565.815735	-120.122787
2566.488647	-120.307144
2567.161560	-118.801292
2567.834473	-118.968521
2568.507385	-120.176804
2569.180298	-120.205002
2569.853210	-119.322701
2570.526123	-119.660652
2571.199036	-119.764130
2571.871948	-120.155472
2572.544861	-120.218666
2573.217773	-119.939194
2573.890686	-119.314049
2574.563599	-118.502563
2575.236511	-119.849197
2575.909424	-120.375534
2576.582336	-120.307953
2577.255249	-118.953812
2577.928162	-118.257271
2578.601074	-119.038063
2579.273987	-120.237129
2579.946899	-118.438187
2580.619812	-118.512344
2581.292725	-119.243958
2581.965637	-119.456795
2582.638550	-120.587532
2583.311462	-120.582535
2583.984375	-120.948532
2584.657288	-119.149033
2585.330200	-119.333511
2586.003113	-119.433235
2586.676025	-119.656555
2587.348938	-119.710762
2588.021851	-119.735832
2588.694763	-119.595573
2589.367676	-120.306564
2590.040588	-119.755623
2590.713501	-120.348480
2591.386414	-121.120743
2592.059326	-121.485825
2592.732239	-120.383232
2593.405151	-120.052742
2594.078064	-119.546272
2594.750977	-118.705490
2595.423889	-120.007797
2596.096802	-119.119568
2596.769714	-117.848030
2597.442627	-118.231972
2598.115540	-118.765244
2598.788452	-119.381653
2599.461365	-118.809380
2600.134277	-118.655121
2600.807190	-118.455505
2601.480103	-119.148659
2602.153015	-118.777504
2602.825928	-119.376518
2603.498840	-119.983253
2604.171753	-120.096123
2604.844666	-119.544159
2605.517578	-119.471985
2606.190491	-119.272217
2606.863403	-119.780525
2607.536316	-120.017891
2608.209229	-119.412483
2608.882141	-119.682144
2609.555054	-119.628326
2610.227966	-119.322487
2610.900879	-119.520027
2611.573792	-119.316635
2612.246704	-120.201271
2612.919617	-119.703491
2613.592529	-118.686142
2614.265442	-119.166306
2614.938354	-119.059937
2615.611267	-119.410599
2616.284180	-119.139641
2616.957092	-119.131577
2617.630005	-119.737259
2618.302917	-119.293694
2618.975830	-119.182724
2619.648743	-119.150276
2620.321655	-120.179497
2620.994568	-120.334442
2621.667480	-119.177315
2622.340393	-119.095772
2623.013306	-118.837181
2623.686218	-119.192543
2624.359131	-120.209969
2625.032043	-121.198730
2625.704956	-120.706482
2626.377869	-120.154366
2627.050781	-120.175087
2627.723694	-119.659157
2628.396606	-119.142509
2629.069519	-120.421951
2629.742432	-119.884354
2630.415344	-119.339531
2631.088257	-119.168037
2631.761169	-120.072365
2632.434082	-120.561104
2633.106995	-120.561508
2633.779907	-119.834602
2634.452820	-119.669418
2635.125732	-118.863670
2635.798645	-119.721016
2636.471558	-119.371147
2637.144470	-119.733391
2637.817383	-119.854469
2638.490295	-119.183357
2639.163208	-118.836273
2639.836121	-118.968727
2640.509033	-119.175438
2641.181946	-120.823997
2641.854858	-119.605766
2642.527771	-118.761299
2643.200684	-119.431648
2643.873596	-120.050125
2644.546509	-121.046341
2645.219421	-121.542587
2645.892334	-120.115433
2646.565247	-119.649834
2647.238159	-119.597565
2647.911072	-119.506149
2648.583984	-119.325951
2649.256897	-119.478119
2649.929810	-119.949699
2650.602722	-119.838531
2651.275635	-119.684547
2651.948547	-120.064690
2652.621460	-119.711571
2653.294373	-119.132812
2653.967285	-119.361092
2654.640198	-119.835152
2655.313110	-119.034851
2655.986023	-118.959038
2656.658936	-119.133614
2657.331848	-119.958298
2658.004761	-120.391998
2658.677673	-119.900742
2659.350586	-119.507385
2660.023499	-119.442375
2660.696411	-119.528374
2661.369324	-119.767212
2662.042236	-120.105461
2662.715149	-120.355980
2663.388062	-119.887398
2664.060974	-120.123390
2664.733887	-120.645935
2665.406799	-120.122673
2666.079712	-120.317566
2666.752625	-120.321625
2667.425537	-119.575790
2668.098450	-119.729195
2668.771362	-119.663292
2669.444275	-119.890350
2670.117188	-119.505173
2670.790100	-120.655724
2671.463013	-120.667152
2672.135925	-119.014259
2672.808838	-119.799576
2673.481750	-119.907082
2674.154663	-119.774506
2674.827576	-118.834511
2675.500488	-118.323402
2676.173401	-119.761711
2676.846313	-118.781593
2677.519226	-118.937119
2678.192139	-119.081329
2678.865051	-119.033531
2679.537964	-119.650864
2680.210876	-120.279373
2680.883789	-120.821045
2681.556702	-119.915161
2682.229614	-119.461212
2682.902527	-118.943382
2683.575439	-119.313339
2684.248352	-119.569557
2684.921265	-120.849190
2685.594177	-119.588890
2686.267090	-119.096107
2686.940002	-118.639153
2687.612915	-119.058365
2688.285828	-119.320778
2688.958740	-118.907822
2689.631653	-119.650238
2690.304565	-119.266640
2690.977478	-119.667709
2691.650391	-119.220131
2692.323303	-119.441681
2692.996216	-120.096931
2693.669128	-120.672302
2694.342041	-120.657013
2695.014954	-119.528206
2695.687866	-118.724464
2696.360779	-119.152962
2697.033691	-119.700188
2697.706604	-119.946228
2698.379517	-119.185455
2699.052429	-118.794693
2699.725342	-119.435616
2700.398254	-119.310547
2701.071167	-119.497856
2701.744080	-119.094940
2702.416992	-119.026093
2703.089905	-120.162773
2703.762817	-119.980118
2704.435730	-119.680016
2705.108643	-119.817230
2705.781555	-119.474388
2706.454468	-119.977592
2707.127380	-119.786194
2707.800293	-119.785828
2708.473206	-120.591789
2709.146118	-119.795883
2709.819031	-119.534935
2710.491943	-120.565025
2711.164856	-120.210922
2711.837769	-118.793541
2712.510681	-119.232262
2713.183594	-119.545067
2713.856506	-120.389465
2714.529419	-120.809555
2715.202332	-119.897888
2715.875244	-119.141426
2716.548157	-119.073883
2717.221069	-120.308640
2717.893982	-120.042694
2718.566895	-118.979515
2719.239807	-118.911743
2719.912720	-119.237099
2720.585632	-119.300987
2721.258545	-118.798332
2721.931458	-119.193329
2722.604370	-119.578362
2723.277283	-119.493980
2723.950195	-118.231125
2724.623108	-117.924965
2725.296021	-119.040413
2725.968933	-119.960228
2726.641846	-120.737450
2727.314758	-121.003860
2727.987671	-120.261993
2728.660583	-120.499672
2729.333496	-120.026749
2730.006409	-120.488083
2730.679321	-120.509567
2731.352234	-120.578384
2732.025146	-120.287552
2732.698059	-120.613350
2733.370972	-119.763855
2734.043884	-119.191452
2734.716797	-120.153488
2735.389709	-120.082497
2736.062622	-118.952751
2736.735535	-119.029305
2737.408447	-120.807724
2738.081360	-120.211586
2738.754272	-120.665459
2739.427185	-120.688286
2740.100098	-120.783340
2740.773010	-119.980125
2741.445923	-120.442940
2742.118835	-120.570946
2742.791748	-119.640823
2743.464661	-120.355034
2744.137573	-120.083549
2744.810486	-119.749855
2745.483398	-120.520622
2746.156311	-119.795341
2746.829224	-119.093437
2747.502136	-118.901382
2748.175049	-119.593613
2748.847961	-118.942131
2749.520874	-118.982246
2750.193787	-119.417213
2750.866699	-119.496162
2751.539612	-118.394592
2752.212524	-119.090630
2752.885437	-119.123329
2753.558350	-118.954933
2754.231262	-119.958183
2754.904175	-120.245117
2755.577087	-119.606453
2756.250000	-118.607254
2756.922913	-118.972305
2757.595825	-120.174660
2758.268738	-119.693916
2758.941650	-119.113472
2759.614563	-119.267746
2760.287476	-119.672615
2760.960388	-120.310562
2761.633301	-120.626144
2762.306213	-120.318001
2762.979126	-118.794319
2763.652039	-119.138992
2764.324951	-118.926575
2764.997864	-118.440262
2765.670776	-118.959213
2766.343689	-119.850807
2767.016602	-119.485710
2767.689514	-120.337402
2768.362427	-120.504921
2769.035339	-121.136612
2769.708252	-120.684059
2770.381165	-120.008423
2771.054077	-119.588318
2771.726990	-119.422447
2772.399902	-119.837585
2773.072815	-119.170898
2773.745728	-119.335724
2774.418640	-119.398300
2775.091553	-119.726074
2775.764465	-120.185913
2776.437378	-118.604759
2777.110291	-118.324791
2777.783203	-118.969269
2778.456116	-119.516075
2779.129028	-120.897331
2779.801941	-120.798393
2780.474854	-119.165642
2781.147766	-119.188759
2781.820679	-120.548309
2782.493591	-119.355362
2783.166504	-119.148613
2783.839417	-119.618591
2784.512329	-119.175529
2785.185242	-119.623520
2785.858154	-119.685379
2786.531067	-119.711525
2787.203979	-119.808884
2787.876892	-119.178444
2788.549805	-118.611580
2789.222717	-119.349236
2789.895630	-119.587822
2790.568542	-119.972649
2791.241455	-119.637215
2791.914368	-119.268524
2792.587280	-119.849510
2793.260193	-119.879730
2793.933105	-120.721138
2794.606018	-119.770943
2795.278931	-120.478104
2795.951843	-120.176880
2796.624756	-119.139641
2797.297668	-119.098480
2797.970581	-119.479118
2798.643494	-119.758804
2799.316406	-119.885475
2799.989319	-118.893181
2800.662231	-119.073601
2801.335144	-119.169273
2802.008057	-119.306862
2802.680969	-119.429741
2803.353882	-120.157349
2804.026794	-119.776321
2804.699707	-119.574547
2805.372620	-119.358528
2806.045532	-119.194221
2806.718445	-119.039963
2807.391357	-119.930969
2808.064270	-120.017616
2808.737183	-120.122330
2809.410095	-119.248497
2810.083008	-119.769890
2810.755920	-120.382851
2811.428833	-120.069054
2812.101746	-119.330444
2812.774658	-119.379028
2813.447571	-118.978905
2814.120483	-119.028732
2814.793396	-119.843140
2815.466309	-119.305031
2816.139221	-119.496178
2816.812134	-119.779411
2817.485046	-119.579758
2818.157959	-119.693344
2818.830872	-119.546982
2819.503784	-119.330833
2820.176697	-119.875412
2820.849609	-119.256569
2821.522522	-119.484200
2822.195435	-119.718857
2822.868347	-119.403778
2823.541260	-119.829514
2824.214172	-119.101410
2824.887085	-119.502663
2825.559998	-120.087273
2826.232910	-119.755669
2826.905823	-119.798035
2827.578735	-119.835739
2828.251648	-120.403091
2828.924561	-120.252762
2829.597473	-120.772423
2830.270386	-120.843689
2830.943298	-120.245613
2831.616211	-119.961098
2832.289124	-119.260246
2832.962036	-119.310463
2833.634949	-119.203590
2834.307861	-118.916977
2834.980774	-119.346077
2835.653687	-119.262535
2836.326599	-119.675499
2836.999512	-119.420059
2837.672424	-120.042839
2838.345337	-119.087212
2839.018250	-119.270798
2839.691162	-119.492584
2840.364075	-119.900490
2841.036987	-119.729691
2841.709900	-119.224182
2842.382812	-119.089760
2843.055725	-118.918907
2843.728638	-120.154175
2844.401550	-119.726593
2845.074463	-119.386429
2845.747375	-118.153000
2846.420288	-119.193047
2847.093201	-119.114952
2847.766113	-118.680138
2848.439026	-118.654076
2849.111938	-119.679893
2849.784851	-119.271652
2850.457764	-119.183990
2851.130676	-119.274826
2851.803589	-118.464630
2852.476501	-118.473686
2853.149414	-118.991600
2853.822327	-119.557991
2854.495239	-119.830711
2855.168152	-119.962914
2855.841064	-119.139641
2856.513977	-119.696724
2857.186890	-119.722328
2857.859802	-119.723557
2858.532715	-119.025764
2859.205627	-117.938339
2859.878540	-118.512619
2860.551453	-119.339760
2861.224365	-119.073799
2861.897278	-119.401321
2862.570190	-119.869804
2863.243103	-118.936516
2863.916016	-119.085793
2864.588928	-120.213226
2865.261841	-120.653328
2865.934753	-120.467766
2866.607666	-120.232864
2867.280579	-119.454422
2867.953491	-119.570671
2868.626404	-119.976669
2869.299316	-119.401344
2869.972229	-118.676758
2870.645142	-118.548134
2871.318054	-118.990387
2871.990967	-118.927887
2872.663879	-118.393005
2873.336792	-118.918144
2874.009705	-119.412674
2874.682617	-119.507721
2875.355530	-119.217926
2876.028442	-118.442886
2876.701355	-119.221992
2877.374268	-120.090149
2878.047180	-118.880028
2878.720093	-118.424583
2879.393005	-119.154335
2880.065918	-119.661438
2880.738831	-119.362144
2881.411743	-119.337425
2882.084656	-119.979561
2882.757568	-119.380882
2883.430481	-119.382088
2884.103394	-120.038246
2884.776306	-119.367348
2885.449219	-118.708611
2886.122131	-119.260933
2886.795044	-119.858948
2887.467957	-119.911720
2888.140869	-119.886017
2888.813782	-120.123672
2889.486694	-119.336845
2890.159607	-119.573364
2890.832520	-119.352699
2891.505432	-118.549805
2892.178345	-119.839790
2892.851257	-120.349030
2893.524170	-120.835251
2894.197083	-120.441826
2894.869995	-120.665436
2895.542908	-118.846573
2896.215820	-119.321861
2896.888733	-119.748924
2897.561646	-120.531509
2898.234558	-120.483200
2898.907471	-119.311691
2899.580383	-119.327911
2900.253296	-118.624275
2900.926208	-119.105446
2901.599121	-118.938683
2902.272034	-119.093719
2902.944946	-119.305412
2903.617859	-120.305702
2904.290771	-119.173599
2904.963684	-119.556015
2905.636597	-120.125984
2906.309509	-120.033516
2906.982422	-119.310585
2907.655334	-118.686378
2908.328247	-118.408783
2909.001160	-119.292786
2909.674072	-120.216393
2910.346985	-120.087196
2911.019897	-119.908043
2911.692810	-119.416801
2912.365723	-119.774864
2913.038635	-119.028679
2913.711548	-119.437233
2914.384460	-120.244209
2915.057373	-119.991753
2915.730286	-119.399673
2916.403198	-119.261894
2917.076111	-119.763992
2917.749023	-119.442406
2918.421936	-118.995270
2919.094849	-119.933907
2919.767761	-120.324005
2920.440674	-120.237068
2921.113586	-119.790779
2921.786499	-118.626038
2922.459412	-119.070007
2923.132324	-118.757790
2923.805237	-119.776146
2924.478149	-121.150169
2925.151062	-120.719238
2925.823975	-119.751549
2926.496887	-119.441612
2927.169800	-119.557831
2927.842712	-118.980011
2928.515625	-119.443123
2929.188538	-119.280579
2929.861450	-119.257942
2930.534363	-118.004799
2931.207275	-117.456917
2931.880188	-119.049271
2932.553101	-119.982430
2933.226013	-120.092674
2933.898926	-120.175049
2934.571838	-120.134445
2935.244751	-120.391525
2935.917664	-119.701309
2936.590576	-119.768723
2937.263489	-119.827278
2937.936401	-120.491005
2938.609314	-119.634163
2939.282227	-118.847633
2939.955139	-119.524101
2940.628052	-120.022697
2941.300964	-119.811615
2941.973877	-119.698616
2942.646790	-118.944344
2943.319702	-118.497108
2943.992615	-118.477730
2944.665527	-119.305801
2945.338440	-119.099289
2946.011353	-118.709732
2946.684265	-118.547173
2947.357178	-119.318733
2948.030090	-119.456192
2948.703003	-119.736412
2949.375916	-119.775894
2950.048828	-119.444412
2950.721741	-118.595634
2951.394653	-118.545296
2952.067566	-119.846680
2952.740479	-119.862869
2953.413391	-120.052536
2954.086304	-119.915405
2954.759216	-119.470238
2955.432129	-118.550095
2956.105042	-118.979462
2956.777954	-119.268707
2957.450867	-119.132324
2958.123779	-118.779053
2958.796692	-118.439407
2959.469604	-118.610138
2960.142517	-118.885826
2960.815430	-119.336105
2961.488342	-119.787132
2962.161255	-119.288857
2962.834167	-118.668060
2963.507080	-118.611725
2964.179993	-119.385452
2964.852905	-119.536819
2965.525818	-118.827225
2966.198730	-119.394005
2966.871643	-119.967308
2967.544556	-119.521622
2968.217468	-119.532928
2968.890381	-119.129669
2969.563293	-119.543190
2970.236206	-120.874306
2970.909119	-120.703232
2971.582031	-119.944489
2972.254944	-119.047592
2972.927856	-118.993484
2973.600769	-119.092262
2974.273682	-119.453148
2974.946594	-119.753815
2975.619507	-119.613029
2976.292419	-120.360649
2976.965332	-120.130798
2977.638245	-120.003273
2978.311157	-119.949127
2978.984070	-120.454010
2979.656982	-119.594315
2980.329895	-119.444519
2981.002808	-121.041451
2981.675720	-120.709724
2982.348633	-120.139732
2983.021545	-119.641754
2983.694458	-118.707283
2984.367371	-119.318230
2985.040283	-119.619431
2985.713196	-119.961082
2986.386108	-120.354034
2987.059021	-119.780655
2987.731934	-120.311356
2988.404846	-121.384605
2989.077759	-119.387848
2989.750671	-118.721107
2990.423584	-119.214699
2991.096497	-119.519096
2991.769409	-119.959251
2992.442322	-119.453430
2993.115234	-118.746666
2993.788147	-118.621063
2994.461060	-120.220695
2995.133972	-120.297714
2995.806885	-119.726166
2996.479797	-119.271278
2997.152710	-119.694717
2997.825623	-120.109253
2998.498535	-119.588501
2999.171448	-119.334816
2999.844360	-118.296700
3000.517273	-118.955315
3001.190186	-119.502281
3001.863098	-119.689041
3002.536011	-119.904579
3003.208923	-120.119682
3003.881836	-120.348289
3004.554749	-119.348900
3005.227661	-119.276909
3005.900574	-120.019714
3006.573486	-119.357681
3007.246399	-119.783897
3007.919312	-119.869087
3008.592224	-119.747261
3009.265137	-120.190979
3009.938049	-120.173401
3010.610962	-119.882980
3011.283875	-121.069183
3011.956787	-120.038147
3012.629700	-119.596077
3013.302612	-119.300003
3013.975525	-119.942696
3014.648438	-119.009712
3015.321350	-119.847061
3015.994263	-120.892555
3016.667175	-120.854256
3017.340088	-119.876343
3018.013000	-119.361923
3018.685913	-119.209755
3019.358826	-120.360603
3020.031738	-119.705940
3020.704651	-118.508408
3021.377563	-119.083000
3022.050476	-118.855125
3022.723389	-119.558472
3023.396301	-119.587372
3024.069214	-119.716423
3024.742126	-119.813057
3025.415039	-119.747093
3026.087952	-119.009865
3026.760864	-119.024849
3027.433777	-119.538864
3028.106689	-119.024811
3028.779602	-118.814018
3029.452515	-119.425629
3030.125427	-119.300117
3030.798340	-119.707161
3031.471252	-119.937477
3032.144165	-119.438881
3032.817078	-120.380478
3033.489990	-121.208977
3034.162903	-120.645172
3034.835815	-119.562698
3035.508728	-119.594070
3036.181641	-119.237785
3036.854553	-119.446503
3037.527466	-119.507500
3038.200378	-118.743172
3038.873291	-118.463158
3039.546204	-119.455574
3040.219116	-118.699356
3040.892029	-118.878105
3041.564941	-118.825546
3042.237854	-118.486862
3042.910767	-119.305023
3043.583679	-119.133186
3044.256592	-119.271057
3044.929504	-119.935104
3045.602417	-120.929886
3046.275330	-119.910042
3046.948242	-119.866081
3047.621155	-118.954300
3048.294067	-118.590111
3048.966980	-118.890152
3049.639893	-119.921036
3050.312805	-120.389374
3050.985718	-120.102913
3051.658630	-120.176567
3052.331543	-119.113785
3053.004456	-118.870506
3053.677368	-120.431915
3054.350281	-120.472801
3055.023193	-120.772034
3055.696106	-119.473618
3056.369019	-120.632721
3057.041931	-120.691910
3057.714844	-119.619644
3058.387756	-118.860489
3059.060669	-119.091484
3059.733582	-119.111984
3060.406494	-118.970207
3061.079407	-119.547234
3061.752319	-120.225464
3062.425232	-119.254486
3063.098145	-118.768814
3063.771057	-118.825020
3064.443970	-119.497246
3065.116882	-119.579590
3065.789795	-120.500221
3066.462708	-120.839333
3067.135620	-119.133812
3067.808533	-119.074013
3068.481445	-118.839661
3069.154358	-119.294029
3069.827271	-118.482552
3070.500183	-119.499756
3071.173096	-120.725807
3071.846008	-118.995636
3072.518921	-118.530983
3073.191833	-119.518776
3073.864746	-120.515816
3074.537659	-119.379799
3075.210571	-118.378098
3075.883484	-119.511024
3076.556396	-119.107231
3077.229309	-119.687607
3077.902222	-118.835930
3078.575134	-118.554222
3079.248047	-119.272247
3079.920959	-118.893745
3080.593872	-119.406532
3081.266785	-120.262222
3081.939697	-119.181969
3082.612610	-118.723480
3083.285522	-119.640938
3083.958435	-118.943817
3084.631348	-118.853546
3085.304260	-119.130875
3085.977173	-117.983131
3086.650085	-119.307671
3087.322998	-120.002861
3087.995911	-120.173782
3088.668823	-118.583885
3089.341736	-118.851196
3090.014648	-119.184998
3090.687561	-119.632088
3091.360474	-120.156555
3092.033386	-119.115585
3092.706299	-119.335167
3093.379211	-119.232559
3094.052124	-118.306694
3094.725037	-119.414024
3095.397949	-119.329735
3096.070862	-118.995300
3096.743774	-119.072296
3097.416687	-118.841515
3098.089600	-119.486420
3098.762512	-119.928085
3099.435425	-120.377922
3100.108337	-119.931442
3100.781250	-119.260605
3101.454163	-119.083321
3102.127075	-119.462654
3102.799988	-119.842041
3103.472900	-119.985863
3104.145813	-120.079521
3104.818726	-119.277756
3105.491638	-119.117920
3106.164551	-119.933380
3106.837463	-118.901024
3107.510376	-118.687988
3108.183289	-119.375565
3108.856201	-119.410477
3109.529114	-119.733749
3110.202026	-119.231346
3110.874939	-118.260361
3111.547852	-118.746269
3112.220764	-119.614555
3112.893677	-119.070175
3113.566589	-119.365364
3114.239502	-120.187080
3114.912415	-119.933434
3115.585327	-120.060150
3116.258240	-119.577682
3116.931152	-118.441231
3117.604065	-118.519035
3118.276978	-119.835281
3118.949890	-120.017082
3119.622803	-119.507317
3120.295715	-119.823517
3120.968628	-119.502937
3121.641541	-119.072182
3122.314453	-118.813568
3122.987366	-118.905991
3123.660278	-119.324890
3124.333191	-120.170654
3125.006104	-119.079048
3125.679016	-118.592796
3126.351929	-118.425842
3127.024841	-119.897697
3127.697754	-118.975929
3128.370667	-119.025467
3129.043579	-119.252434
3129.716492	-118.154465
3130.389404	-119.054634
3131.062317	-118.718185
3131.735229	-118.718750
3132.408142	-118.997314
3133.081055	-119.716354
3133.753967	-119.281418
3134.426880	-119.171913
3135.099792	-119.693596
3135.772705	-119.738602
3136.445618	-120.117500
3137.118530	-121.108757
3137.791443	-120.033119
3138.464355	-119.358795
3139.137268	-119.084747
3139.810181	-119.493019
3140.483093	-119.973465
3141.156006	-119.288643
3141.828918	-119.883148
3142.501831	-120.106064
3143.174744	-120.253624
3143.847656	-120.069328
3144.520569	-119.415604
3145.193481	-120.316750
3145.866394	-120.098076
3146.539307	-119.601295
3147.212219	-119.224350
3147.885132	-119.998123
3148.558044	-119.927544
3149.230957	-120.116180
3149.903870	-120.217773
3150.576782	-119.902328
3151.249695	-120.573158
3151.922607	-119.302788
3152.595520	-119.634857
3153.268433	-120.220711
3153.941345	-119.989609
3154.614258	-120.918785
3155.287170	-120.620445
3155.960083	-120.092773
3156.632996	-120.077049
3157.305908	-119.714874
3157.978821	-119.568855
3158.651733	-119.121803
3159.324646	-119.504997
3159.997559	-119.429893
3160.670471	-119.471268
3161.343384	-119.698456
3162.016296	-119.231087
3162.689209	-119.212524
3163.362122	-119.351395
3164.035034	-120.131622
3164.707947	-119.382500
3165.380859	-118.048965
3166.053772	-118.161934
3166.726685	-118.478523
3167.399597	-120.026634
3168.072510	-120.248955
3168.745422	-120.101700
3169.418335	-119.943748
3170.091248	-119.535347
3170.764160	-120.023628
3171.437073	-120.986992
3172.109985	-120.907204
3172.782898	-119.145134
3173.455811	-118.863800
3174.128723	-118.938896
3174.801636	-119.612045
3175.474548	-118.569321
3176.147461	-119.063187
3176.820374	-120.440559
3177.493286	-120.697906
3178.166199	-119.994270
3178.839111	-120.021828
3179.512024	-120.034851
3180.184937	-118.957031
3180.857849	-119.901207
3181.530762	-119.954422
3182.203674	-119.718086
3182.876587	-119.365036
3183.549500	-119.488083
3184.222412	-119.542427
3184.895325	-119.601952
3185.568237	-119.353767
3186.241150	-119.681946
3186.914062	-120.914207
3187.586975	-119.725517
3188.259888	-119.119781
3188.932800	-119.616920
3189.605713	-119.752205
3190.278625	-119.091026
3190.951538	-118.871819
3191.624451	-119.665955
3192.297363	-119.669716
3192.970276	-120.025551
3193.643188	-119.242790
3194.316101	-119.738625
3194.989014	-119.629608
3195.661926	-119.029243
3196.334839	-118.911934
3197.007751	-118.187607
3197.680664	-118.677811
3198.353577	-119.947754
3199.026489	-119.166466
3199.699402	-117.762711
3200.372314	-117.408295
3201.045227	-119.217087
3201.718140	-119.619110
3202.391052	-120.263885
3203.063965	-120.614151
3203.736877	-119.899765
3204.409790	-120.909325
3205.082703	-120.449753
3205.755615	-119.970322
3206.428528	-119.397919
3207.101440	-118.836288
3207.774353	-118.312447
3208.447266	-118.550880
3209.120178	-119.081062
3209.793091	-119.244934
3210.466003	-119.547607
3211.138916	-120.048592
3211.811829	-119.667496
3212.484741	-119.206528
3213.157654	-118.917603
3213.830566	-119.402550
3214.503479	-119.579071
3215.176392	-119.789459
3215.849304	-119.497177
3216.522217	-119.638680
3217.195129	-120.378700
3217.868042	-119.785683
3218.540955	-119.620575
3219.213867	-119.575378
3219.886780	-119.127899
3220.559692	-119.923798
3221.232605	-119.957848
3221.905518	-120.183266
3222.578430	-119.721970
3223.251343	-120.351967
3223.924255	-119.928734
3224.597168	-118.560913
3225.270081	-119.369736
3225.942993	-120.756561
3226.615906	-120.672684
3227.288818	-119.253288
3227.961731	-118.625908
3228.634644	-119.275185
3229.307556	-118.306671
3229.980469	-118.980759
3230.653381	-119.303375
3231.326294	-119.422661
3231.999207	-119.836624
3232.672119	-119.568047
3233.345032	-120.022339
3234.017944	-120.645210
3234.690857	-120.287407
3235.363770	-118.770012
3236.036682	-119.031723
3236.709595	-118.714813
3237.382507	-120.186913
3238.055420	-119.853416
3238.728333	-119.640167
3239.401245	-119.579514
3240.074158	-120.326729
3240.747070	-120.363281
3241.419983	-119.977333
3242.092896	-120.440521
3242.765808	-119.668709
3243.438721	-118.485245
3244.111633	-118.780693
3244.784546	-119.698288
3245.457458	-119.281761
3246.130371	-119.918373
3246.803284	-119.457733
3247.476196	-119.889328
3248.149109	-119.659462
3248.822021	-118.772820
3249.494934	-119.183945
3250.167847	-119.101982
3250.840759	-119.267929
3251.513672	-119.395630
3252.186584	-118.724533
3252.859497	-119.250206
3253.532410	-119.612961
3254.205322	-118.568329
3254.878235	-118.856339
3255.551147	-120.130196
3256.224060	-120.302757
3256.896973	-120.287872
3257.569885	-120.717392
3258.242798	-121.697998
3258.915710	-120.510330
3259.588623	-119.147682
3260.261536	-118.540756
3260.934448	-119.460510
3261.607361	-120.012497
3262.280273	-119.696442
3262.953186	-119.704773
3263.626099	-119.200378
3264.299011	-118.791534
3264.971924	-118.720406
3265.644836	-119.909943
3266.317749	-119.831863
3266.990662	-119.308464
3267.663574	-119.623611
3268.336487	-119.376427
3269.009399	-119.636719
3269.682312	-120.075890
3270.355225	-119.214333
3271.028137	-119.008781
3271.701050	-119.155548
3272.373962	-119.034660
3273.046875	-120.417160
3273.719788	-120.659950
3274.392700	-119.197357
3275.065613	-118.233238
3275.738525	-119.577072
3276.411438	-119.939278
3277.084351	-119.604797
3277.757263	-119.687759
3278.430176	-120.482903
3279.103088	-119.780785
3279.776001	-120.182335
3280.448914	-119.720833
3281.121826	-119.100769
3281.794739	-118.986305
3282.467651	-119.389198
3283.140564	-120.275978
3283.813477	-120.108353
3284.486389	-119.220985
3285.159302	-119.851425
3285.832214	-120.737236
3286.505127	-120.297043
3287.178040	-120.007790
3287.850952	-119.189240
3288.523865	-119.377365
3289.196777	-119.983231
3289.869690	-118.653099
3290.542603	-118.646217
3291.215515	-119.058624
3291.888428	-119.509880
3292.561340	-120.011444
3293.234253	-120.094215
3293.907166	-118.350365
3294.580078	-119.119148
3295.252991	-119.669518
3295.925903	-118.873215
3296.598816	-119.852928
3297.271729	-118.976349
3297.944641	-119.137177
3298.617554	-119.736847
3299.290466	-120.401367
3299.963379	-120.329727
3300.636292	-120.348480
3301.309204	-120.401054
3301.982117	-119.714348
3302.655029	-120.125397
3303.327942	-121.739975
3304.000854	-121.452263
3304.673767	-119.922424
3305.346680	-120.116608
3306.019592	-121.041542
3306.692505	-120.419106
3307.365417	-120.053955
3308.038330	-119.769638
3308.711243	-119.174026
3309.384155	-118.986183
3310.057068	-119.125725
3310.729980	-118.043930
3311.402893	-118.526695
3312.075806	-118.960503
3312.748718	-119.599281
3313.421631	-120.420151
3314.094543	-120.240089
3314.767456	-120.120392
3315.440369	-119.842957
3316.113281	-120.449142
3316.786194	-121.083954
3317.459106	-120.784630
3318.132019	-120.885468
3318.804932	-120.272003
3319.477844	-119.687057
3320.150757	-119.312218
3320.823669	-120.103241
3321.496582	-120.814850
3322.169495	-118.996605
3322.842407	-120.102348
3323.515320	-119.432640
3324.188232	-119.139793
3324.861145	-120.479523
3325.534058	-120.022972
3326.206970	-119.767769
3326.879883	-119.438904
3327.552795	-119.133438
3328.225708	-119.030029
3328.898621	-119.410950
3329.571533	-120.271072
3330.244446	-121.129860
3330.917358	-120.009621
3331.590271	-119.644264
3332.263184	-120.320824
3332.936096	-121.238495
3333.609009	-121.417290
3334.281921	-119.962761
3334.954834	-119.417938
3335.627747	-120.242943
3336.300659	-120.069107
3336.973572	-119.404465
3337.646484	-120.383972
3338.319397	-119.665321
3338.992310	-118.317245
3339.665222	-118.533333
3340.338135	-119.417252
3341.011047	-119.015289
3341.683960	-119.929237
3342.356873	-119.937508
3343.029785	-119.299118
3343.702698	-119.751854
3344.375610	-120.618324
3345.048523	-120.805290
3345.721436	-120.715240
3346.394348	-120.405350
3347.067261	-119.997719
3347.740173	-119.201385
3348.413086	-118.600922
3349.085999	-119.107658
3349.758911	-118.364120
3350.431824	-119.581970
3351.104736	-119.655205
3351.777649	-119.997971
3352.450562	-120.539383
3353.123474	-119.544800
3353.796387	-120.029915
3354.469299	-120.028641
3355.142212	-119.314453
3355.815125	-119.108475
3356.488037	-119.264236
3357.160950	-120.122597
3357.833862	-120.397438
3358.506775	-119.768677
3359.179688	-120.442177
3359.852600	-119.542030
3360.525513	-118.771042
3361.198425	-119.502792
3361.871338	-120.725334
3362.544250	-119.827339
3363.217163	-120.829735
3363.890076	-120.723312
3364.562988	-120.016388
3365.235901	-120.324028
3365.908813	-119.860931
3366.581726	-119.623856
3367.254639	-118.841698
3367.927551	-119.751465
3368.600464	-119.820656
3369.273376	-119.044029
3369.946289	-120.000771
3370.619202	-119.686272
3371.292114	-121.060020
3371.965027	-120.612289
3372.637939	-119.547684
3373.310852	-119.609329
3373.983765	-120.258804
3374.656677	-119.207932
3375.329590	-119.388680
3376.002502	-120.508705
3376.675415	-120.648727
3377.348328	-120.032692
3378.021240	-119.492554
3378.694153	-119.591187
3379.367065	-120.050285
3380.039978	-119.614616
3380.712891	-119.636314
3381.385803	-119.630615
3382.058716	-119.349792
3382.731628	-119.864822
3383.404541	-120.108955
3384.077454	-120.094002
3384.750366	-119.926186
3385.423279	-119.397438
3386.096191	-119.765701
3386.769104	-119.693909
3387.442017	-119.716034
3388.114929	-120.075592
3388.787842	-120.417450
3389.460754	-120.149925
3390.133667	-120.115730
3390.806580	-120.023987
3391.479492	-119.876053
3392.152405	-120.046318
3392.825317	-119.787445
3393.498230	-119.911736
3394.171143	-119.531975
3394.844055	-119.225502
3395.516968	-120.219849
3396.189880	-120.367317
3396.862793	-119.368973
3397.535706	-118.922569
3398.208618	-118.682175
3398.881531	-119.500687
3399.554443	-120.372040
3400.227356	-119.793892
3400.900269	-119.508072
3401.573181	-119.451645
3402.246094	-120.095589
3402.919006	-119.044106
3403.591919	-119.160187
3404.264832	-120.027252
3404.937744	-120.396362
3405.610657	-119.310577
3406.283569	-119.344963
3406.956482	-119.632416
3407.629395	-119.587769
3408.302307	-120.596352
3408.975220	-120.146103
3409.648132	-120.402527
3410.321045	-120.792877
3410.993958	-120.578468
3411.666870	-120.174789
3412.339783	-120.147728
3413.012695	-120.159546
3413.685608	-121.080757
3414.358521	-120.035721
3415.031433	-120.060287
3415.704346	-119.704269
3416.377258	-120.732628
3417.050171	-120.911430
3417.723083	-120.071930
3418.395996	-119.982994
3419.068909	-120.397125
3419.741821	-120.773293
3420.414734	-119.694443
3421.087646	-120.259323
3421.760559	-121.242203
3422.433472	-121.073677
3423.106384	-120.246140
3423.779297	-120.420555
3424.452209	-120.030174
3425.125122	-120.373871
3425.798035	-120.634750
3426.470947	-120.741035
3427.143860	-120.113297
3427.816772	-120.194008
3428.489685	-120.575089
3429.162598	-121.128189
3429.835510	-119.481468
3430.508423	-119.309258
3431.181335	-120.542267
3431.854248	-119.880898
3432.527161	-119.048912
3433.200073	-119.851959
3433.872986	-119.292862
3434.545898	-120.480896
3435.218811	-121.251160
3435.891724	-120.099998
3436.564636	-119.318237
3437.237549	-119.235382
3437.910461	-120.522873
3438.583374	-120.386971
3439.256287	-120.403412
3439.929199	-119.829742
3440.602112	-119.422539
3441.275024	-119.785965
3441.947937	-119.996475
3442.620850	-119.739960
3443.293762	-120.236755
3443.966675	-119.753021
3444.639587	-119.902977
3445.312500	-120.287315
3445.985413	-120.673790
3446.658325	-121.594711
3447.331238	-120.433784
3448.004150	-120.244301
3448.677063	-120.619873
3449.349976	-120.906151
3450.022888	-119.711220
3450.695801	-119.680046
3451.368713	-119.815613
3452.041626	-119.993675
3452.714539	-119.967812
3453.387451	-120.734390
3454.060364	-121.037079
3454.733276	-119.358047
3455.406189	-119.727142
3456.079102	-120.332840
3456.752014	-119.943100
3457.424927	-120.383003
3458.097839	-120.033432
3458.770752	-120.091873
3459.443665	-120.743477
3460.116577	-119.542778
3460.789490	-119.340340
3461.462402	-119.469185
3462.135315	-120.050552
3462.808228	-120.434792
3463.481140	-119.508331
3464.154053	-119.367752
3464.826965	-119.065399
3465.499878	-119.474808
3466.172791	-120.512711
3466.845703	-119.882973
3467.518616	-118.959572
3468.191528	-118.672348
3468.864441	-120.157700
3469.537354	-119.637939
3470.210266	-119.598717
3470.883179	-120.657326
3471.556091	-120.671120
3472.229004	-119.607582
3472.901917	-119.490608
3473.574829	-119.763962
3474.247742	-120.021309
3474.920654	-119.319168
3475.593567	-120.071159
3476.266479	-120.644180
3476.939392	-120.861809
3477.612305	-120.609062
3478.285217	-120.271317
3478.958130	-119.670311
3479.631042	-120.395317
3480.303955	-120.134781
3480.976868	-119.380478
3481.649780	-119.976151
3482.322693	-120.932785
3482.995605	-120.492828
3483.668518	-120.410957
3484.341431	-120.484695
3485.014343	-119.352425
3485.687256	-118.945747
3486.360168	-119.946701
3487.033081	-120.046913
3487.705994	-119.001038
3488.378906	-118.990578
3489.051819	-119.794357
3489.724731	-119.522278
3490.397644	-119.385361
3491.070557	-119.272408
3491.743469	-119.807693
3492.416382	-119.387657
3493.089294	-119.461823
3493.762207	-120.513214
3494.435120	-120.662750
3495.108032	-120.241669
3495.780945	-119.340538
3496.453857	-119.714310
3497.126770	-120.431961
3497.799683	-120.473991
3498.472595	-121.399780
3499.145508	-120.519768
3499.818420	-119.415703
3500.491333	-118.903214
3501.164246	-119.849632
3501.837158	-120.255486
3502.510071	-119.956047
3503.182983	-120.665512
3503.855896	-119.431839
3504.528809	-119.341133
3505.201721	-119.883568
3505.874634	-120.950119
3506.547546	-120.433037
3507.220459	-119.395927
3507.893372	-119.704163
3508.566284	-120.249695
3509.239197	-120.225121
3509.912109	-120.048706
3510.585022	-120.126747
3511.257935	-120.669594
3511.930847	-120.661522
3512.603760	-119.626961
3513.276672	-119.047531
3513.949585	-119.415009
3514.622498	-120.545906
3515.295410	-120.459251
3515.968323	-119.778725
3516.641235	-119.565414
3517.314148	-120.142494
3517.987061	-120.892242
3518.659973	-120.675415
3519.332886	-121.110390
3520.005798	-120.287766
3520.678711	-119.406364
3521.351624	-119.188927
3522.024536	-119.548866
3522.697449	-120.017921
3523.370361	-119.463165
3524.043274	-119.966354
3524.716187	-120.868103
3525.389099	-120.079536
3526.062012	-120.082054
3526.734924	-120.468216
3527.407837	-119.453415
3528.080750	-119.442726
3528.753662	-119.719162
3529.426575	-119.876518
3530.099487	-120.472160
3530.772400	-120.913353
3531.445312	-120.453285
3532.118225	-119.862000
3532.791138	-119.485275
3533.464050	-120.199059
3534.136963	-120.575661
3534.809875	-120.708084
3535.482788	-119.512894
3536.155701	-118.982513
3536.828613	-119.910248
3537.501526	-120.397591
3538.174438	-119.974358
3538.847351	-119.665001
3539.520264	-119.713959
3540.193176	-119.964088
3540.866089	-119.575691
3541.539001	-119.827019
3542.211914	-119.356819
3542.884827	-119.174294
3543.557739	-120.624245
3544.230652	-121.080948
3544.903564	-120.581009
3545.576477	-120.086914
3546.249390	-119.849464
3546.922302	-120.350464
3547.595215	-119.543648
3548.268127	-119.867371
3548.941040	-120.018234
3549.613953	-120.849228
3550.286865	-120.970787
3550.959778	-120.000237
3551.632690	-119.042114
3552.305603	-119.342110
3552.978516	-120.242813
3553.651428	-120.603989
3554.324341	-120.492798
3554.997253	-120.505859
3555.670166	-121.519379
3556.343079	-121.012497
3557.015991	-120.139488
3557.688904	-119.556374
3558.361816	-120.012260
3559.034729	-119.675407
3559.707642	-120.335312
3560.380554	-121.356415
3561.053467	-120.639992
3561.726379	-120.364403
3562.399292	-120.523506
3563.072205	-120.614929
3563.745117	-120.524200
3564.418030	-121.068687
3565.090942	-119.872131
3565.763855	-119.150429
3566.436768	-120.119087
3567.109680	-121.047142
3567.782593	-120.331291
3568.455505	-120.286369
3569.128418	-120.294235
3569.801331	-119.907547
3570.474243	-120.207535
3571.147156	-119.955063
3571.820068	-120.374702
3572.492981	-120.757065
3573.165894	-120.467453
3573.838806	-119.647125
3574.511719	-119.319717
3575.184631	-119.548950
3575.857544	-119.345879
3576.530457	-120.062675
3577.203369	-119.341827
3577.876282	-119.896080
3578.549194	-120.030540
3579.222107	-119.468834
3579.895020	-119.350609
3580.567932	-119.511612
3581.240845	-119.970505
3581.913757	-120.273254
3582.586670	-119.393578
3583.259583	-119.572037
3583.932495	-120.612381
3584.605408	-119.643570
3585.278320	-120.021683
3585.951233	-119.494278
3586.624146	-119.996490
3587.297058	-120.855110
3587.969971	-120.340240
3588.642883	-120.228310
3589.315796	-120.084686
3589.988708	-119.969574
3590.661621	-119.888153
3591.334534	-119.497566
3592.007446	-119.626442
3592.680359	-120.551643
3593.353271	-120.499634
3594.026184	-120.907822
3594.699097	-119.896431
3595.372009	-119.697960
3596.044922	-119.759644
3596.717834	-119.694832
3597.390747	-120.229202
3598.063660	-119.811714
3598.736572	-119.860870
3599.409485	-118.714813
3600.082397	-118.899017
3600.755310	-119.260925
3601.428223	-120.114120
3602.101135	-119.902641
3602.774048	-119.563095
3603.446960	-119.497314
3604.119873	-119.850891
3604.792786	-119.084976
3605.465698	-119.786285
3606.138611	-119.374451
3606.811523	-119.610306
3607.484436	-119.124489
3608.157349	-119.567108
3608.830261	-119.864174
3609.503174	-118.932068
3610.176086	-119.183105
3610.848999	-119.056404
3611.521912	-120.445473
3612.194824	-120.708748
3612.867737	-120.397224
3613.540649	-120.365608
3614.213562	-120.281212
3614.886475	-119.590202
3615.559387	-119.372520
3616.232300	-118.997169
3616.905212	-120.611580
3617.578125	-120.557381
3618.251038	-121.071053
3618.923950	-120.987305
3619.596863	-120.818680
3620.269775	-119.973213
3620.942688	-120.380707
3621.615601	-120.175224
3622.288513	-119.890594
3622.961426	-120.093987
3623.634338	-119.964241
3624.307251	-119.257416
3624.980164	-119.390297
3625.653076	-120.208740
3626.325989	-120.552361
3626.998901	-120.095032
3627.671814	-119.597618
3628.344727	-119.328148
3629.017639	-120.252182
3629.690552	-119.964676
3630.363464	-119.803139
3631.036377	-119.696907
3631.709290	-120.049889
3632.382202	-120.601486
3633.055115	-121.062180
3633.728027	-120.652580
3634.400940	-119.779770
3635.073853	-119.614311
3635.746765	-120.521378
3636.419678	-120.920944
3637.092590	-121.184906
3637.765503	-120.144394
3638.438416	-120.090492
3639.111328	-119.502975
3639.784241	-119.193657
3640.457153	-118.991737
3641.130066	-119.160431
3641.802979	-119.156479
3642.475891	-119.707748
3643.148804	-119.220276
3643.821716	-119.292633
3644.494629	-120.102631
3645.167542	-119.313606
3645.840454	-119.247490
3646.513367	-119.632965
3647.186279	-118.896782
3647.859192	-119.321754
3648.532104	-119.381714
3649.205017	-119.798233
3649.877930	-119.425156
3650.550842	-120.542862
3651.223755	-119.028992
3651.896667	-120.079453
3652.569580	-120.863670
3653.242493	-120.426964
3653.915405	-120.435997
3654.588318	-120.661095
3655.261230	-120.527046
3655.934143	-120.753967
3656.607056	-120.854027
3657.279968	-120.588448
3657.952881	-120.852890
3658.625793	-120.212761
3659.298706	-120.527901
3659.971619	-120.681480
3660.644531	-120.304955
3661.317444	-119.956818
3661.990356	-119.770096
3662.663269	-119.506042
3663.336182	-120.152161
3664.009094	-120.739914
3664.682007	-120.190155
3665.354919	-120.651604
3666.027832	-120.452576
3666.700745	-119.683563
3667.373657	-119.647873
3668.046570	-119.552879
3668.719482	-119.874794
3669.392395	-119.356216
3670.065308	-119.845482
3670.738220	-119.742493
3671.411133	-119.091133
3672.084045	-119.184044
3672.756958	-119.768745
3673.429871	-120.119293
3674.102783	-119.503670
3674.775696	-119.205742
3675.448608	-118.718399
3676.121521	-118.239899
3676.794434	-118.997917
3677.467346	-119.496712
3678.140259	-119.338387
3678.813171	-119.659241
3679.486084	-119.472992
3680.158997	-120.600151
3680.831909	-120.037735
3681.504822	-119.700478
3682.177734	-119.436768
3682.850647	-120.000679
3683.523560	-121.067329
3684.196472	-119.819740
3684.869385	-119.433968
3685.542297	-119.732292
3686.215210	-120.243080
3686.888123	-120.556450
3687.561035	-120.898621
3688.233948	-120.582512
3688.906860	-120.176239
3689.579773	-120.483040
3690.252686	-119.862907
3690.925598	-120.076080
3691.598511	-120.305489
3692.271423	-120.121841
3692.944336	-120.648071
3693.617249	-121.024330
3694.290161	-119.805527
3694.963074	-119.470436
3695.635986	-119.505684
3696.308899	-120.165222
3696.981812	-119.590485
3697.654724	-119.500412
3698.327637	-120.232948
3699.000549	-120.857765
3699.673462	-121.222466
3700.346375	-120.438057
3701.019287	-120.467567
3701.692200	-120.442566
3702.365112	-120.609291
3703.038025	-119.960129
3703.710938	-119.784523
3704.383850	-119.054565
3705.056763	-119.761002
3705.729675	-119.953026
3706.402588	-120.050262
3707.075500	-120.108368
3707.748413	-119.241417
3708.421326	-119.474579
3709.094238	-119.877037
3709.767151	-120.485390
3710.440063	-120.140350
3711.112976	-119.867302
3711.785889	-119.659195
3712.458801	-119.938095
3713.131714	-120.150345
3713.804626	-119.745262
3714.477539	-120.412292
3715.150452	-119.859062
3715.823364	-119.605751
3716.496277	-119.713242
3717.169189	-119.763412
3717.842102	-119.910362
3718.515015	-121.044479
3719.187927	-120.207504
3719.860840	-119.387627
3720.533752	-120.294029
3721.206665	-119.878380
3721.879578	-119.215195
3722.552490	-119.972000
3723.225403	-120.233093
3723.898315	-119.406517
3724.571228	-119.379318
3725.244141	-120.247307
3725.917053	-120.269081
3726.589966	-119.082077
3727.262878	-119.684662
3727.935791	-120.632042
3728.608704	-119.754234
3729.281616	-119.801834
3729.954529	-119.827774
3730.627441	-120.232788
3731.300354	-120.868202
3731.973267	-120.326103
3732.646179	-120.030426
3733.319092	-120.579178
3733.992004	-120.098038
3734.664917	-119.655083
3735.337830	-119.995781
3736.010742	-120.049316
3736.683655	-119.218849
3737.356567	-120.241402
3738.029480	-119.611046
3738.702393	-119.256645
3739.375305	-120.141991
3740.048218	-120.175713
3740.721130	-120.118874
3741.394043	-120.020737
3742.066956	-119.950981
3742.739868	-120.338135
3743.412781	-119.540421
3744.085693	-119.312798
3744.758606	-120.192200
3745.431519	-120.442230
3746.104431	-120.839600
3746.777344	-120.291672
3747.450256	-119.490051
3748.123169	-120.541832
3748.796082	-121.087112
3749.468994	-120.912590
3750.141907	-119.947792
3750.814819	-120.520576
3751.487732	-120.270164
3752.160645	-120.561935
3752.833557	-120.704338
3753.506470	-119.612038
3754.179382	-120.020256
3754.852295	-120.001801
3755.525208	-120.704117
3756.198120	-120.561234
3756.871033	-119.824196
3757.543945	-120.432968
3758.216858	-120.111664
3758.889771	-118.802544
3759.562683	-119.707230
3760.235596	-120.870796
3760.908508	-121.408623
3761.581421	-121.090614
3762.254333	-120.819809
3762.927246	-120.586555
3763.600159	-119.984108
3764.273071	-119.926300
3764.945984	-120.394005
3765.618896	-120.613419
3766.291809	-120.173904
3766.964722	-119.999863
3767.637634	-120.324631
3768.310547	-120.778061
3768.983459	-120.568283
3769.656372	-120.396339
3770.329285	-119.715210
3771.002197	-119.777092
3771.675110	-120.918808
3772.348022	-119.235100
3773.020935	-118.500969
3773.693848	-120.734741
3774.366760	-120.768242
3775.039673	-120.465187
3775.712585	-119.357788
3776.385498	-119.108345
3777.058411	-119.936905
3777.731323	-119.833435
3778.404236	-119.799988
3779.077148	-120.173050
3779.750061	-119.967926
3780.422974	-119.779686
3781.095886	-119.435059
3781.768799	-120.360611
3782.441711	-120.721664
3783.114624	-120.742264
3783.787537	-119.927139
3784.460449	-120.198380
3785.133362	-120.018295
3785.806274	-120.511940
3786.479187	-120.034920
3787.152100	-120.013733
3787.825012	-119.960243
3788.497925	-120.137741
3789.170837	-120.317986
3789.843750	-120.172119
3790.516663	-119.700478
3791.189575	-118.910683
3791.862488	-119.810036
3792.535400	-119.887085
3793.208313	-121.564705
3793.881226	-120.206078
3794.554138	-119.334778
3795.227051	-119.223373
3795.899963	-119.329727
3796.572876	-119.833427
3797.245789	-120.565575
3797.918701	-120.540520
3798.591614	-120.418915
3799.264526	-120.966621
3799.937439	-120.422112
3800.610352	-120.454430
3801.283264	-120.323250
3801.956177	-120.612206
3802.629089	-121.219223
3803.302002	-120.436119
3803.974915	-119.671822
3804.647827	-120.759758
3805.320740	-120.477936
3805.993652	-120.214279
3806.666565	-120.591537
3807.339478	-120.242378
3808.012390	-119.559906
3808.685303	-119.701057
3809.358215	-120.013901
3810.031128	-121.011375
3810.704041	-120.758835
3811.376953	-120.214226
3812.049866	-119.819420
3812.722778	-119.486794
3813.395691	-119.540573
3814.068604	-120.163719
3814.741516	-121.038376
3815.414429	-120.249115
3816.087341	-119.331635
3816.760254	-119.331062
3817.433167	-119.256569
3818.106079	-119.877579
3818.778992	-120.541855
3819.451904	-120.785698
3820.124817	-120.271088
3820.797729	-119.039825
3821.470642	-119.691437
3822.143555	-119.936035
3822.816467	-120.042923
3823.489380	-119.892593
3824.162292	-119.232849
3824.835205	-119.151352
3825.508118	-118.791924
3826.181030	-120.420982
3826.853943	-121.374634
3827.526855	-121.449547
3828.199768	-121.651016
3828.872681	-120.328705
3829.545593	-120.180550
3830.218506	-120.478767
3830.891418	-121.090698
3831.564331	-120.583656
3832.237244	-119.552979
3832.910156	-120.205635
3833.583069	-119.357826
3834.255981	-119.092712
3834.928894	-119.670509
3835.601807	-119.954765
3836.274719	-120.157631
3836.947632	-119.267075
3837.620544	-120.420067
3838.293457	-120.037704
3838.966370	-118.693039
3839.639282	-119.228104
3840.312195	-120.089012
3840.985107	-120.606773
3841.658020	-119.308754
3842.330933	-119.068665
3843.003845	-120.464310
3843.676758	-119.934937
3844.349670	-119.406235
3845.022583	-119.641678
3845.695496	-119.963837
3846.368408	-120.334015
3847.041321	-120.721863
3847.714233	-120.876694
3848.387146	-120.105698
3849.060059	-119.566170
3849.732971	-119.902443
3850.405884	-119.275757
3851.078796	-119.646111
3851.751709	-120.344810
3852.424622	-120.124451
3853.097534	-120.004807
3853.770447	-119.698715
3854.443359	-119.634628
3855.116272	-120.058434
3855.789185	-121.022667
3856.462097	-121.545753
3857.135010	-121.274307
3857.807922	-120.548431
3858.480835	-120.888260
3859.153748	-121.000298
3859.826660	-120.185944
3860.499573	-119.986061
3861.172485	-120.280960
3861.845398	-119.065361
3862.518311	-120.094925
3863.191223	-121.164337
3863.864136	-120.543671
3864.537048	-119.305496
3865.209961	-120.042297
3865.882874	-120.400764
3866.555786	-120.258766
3867.228699	-120.289825
3867.901611	-120.780067
3868.574524	-120.568542
3869.247437	-121.199539
3869.920349	-119.980606
3870.593262	-119.574959
3871.266174	-120.034462
3871.939087	-120.148209
3872.612000	-119.928337
3873.284912	-119.463982
3873.957825	-120.327065
3874.630737	-121.148598
3875.303650	-121.059700
3875.976562	-119.771049
3876.649475	-120.481758
3877.322388	-119.925583
3877.995300	-119.447899
3878.668213	-119.648537
3879.341125	-119.773170
3880.014038	-119.647591
3880.686951	-120.457565
3881.359863	-120.144363
3882.032776	-120.708557
3882.705688	-120.007614
3883.378601	-119.774818
3884.051514	-120.648308
3884.724426	-121.283966
3885.397339	-120.663681
3886.070251	-119.691536
3886.743164	-118.729195
3887.416077	-119.498138
3888.088989	-120.560310
3888.761902	-120.278358
3889.434814	-120.515404
3890.107727	-120.129997
3890.780640	-120.561943
3891.453552	-121.732452
3892.126465	-119.980087
3892.799377	-120.332214
3893.472290	-119.774399
3894.145203	-119.497726
3894.818115	-120.541618
3895.491028	-121.027626
3896.163940	-120.865944
3896.836853	-119.760468
3897.509766	-120.367714
3898.182678	-120.678307
3898.855591	-119.645172
3899.528503	-119.612389
3900.201416	-119.795776
3900.874329	-120.131729
3901.547241	-119.679039
3902.220154	-119.183243
3902.893066	-118.870453
3903.565979	-119.601944
3904.238892	-120.242020
3904.911804	-120.578331
3905.584717	-121.178261
3906.257629	-120.996719
3906.930542	-120.647575
3907.603455	-119.639969
3908.276367	-119.317375
3908.949280	-120.885910
3909.622192	-121.033707
3910.295105	-120.992401
3910.968018	-119.936584
3911.640930	-119.608650
3912.313843	-119.600006
3912.986755	-119.169792
3913.659668	-118.823845
3914.332581	-119.462692
3915.005493	-119.854759
3915.678406	-119.891037
3916.351318	-120.262550
3917.024231	-120.468498
3917.697144	-121.759125
3918.370056	-121.561058
3919.042969	-120.897415
3919.715881	-119.458244
3920.388794	-119.178444
3921.061707	-120.266502
3921.734619	-120.428177
3922.407532	-120.229607
3923.080444	-119.888962
3923.753357	-120.777084
3924.426270	-120.969521
3925.099182	-119.374123
3925.772095	-120.230247
3926.445007	-121.040222
3927.117920	-120.518761
3927.790833	-120.199722
3928.463745	-119.688942
3929.136658	-120.179527
3929.809570	-120.359154
3930.482483	-119.123116
3931.155396	-118.952232
3931.828308	-119.794281
3932.501221	-119.669327
3933.174133	-120.725166
3933.847046	-119.936203
3934.519958	-120.506523
3935.192871	-120.956329
3935.865784	-120.478348
3936.538696	-119.164940
3937.211609	-119.680084
3937.884521	-119.690468
3938.557434	-119.441231
3939.230347	-119.752357
3939.903259	-120.232460
3940.576172	-119.607407
3941.249084	-119.831741
3941.921997	-119.990273
3942.594910	-119.011192
3943.267822	-119.428291
3943.940735	-120.372269
3944.613647	-120.871208
3945.286560	-121.191345
3945.959473	-119.641640
3946.632385	-119.085052
3947.305298	-120.527817
3947.978210	-120.312157
3948.651123	-120.171715
3949.324036	-119.699844
3949.996948	-119.376404
3950.669861	-118.959969
3951.342773	-119.546776
3952.015686	-120.218048
3952.688599	-120.113640
3953.361511	-119.829010
3954.034424	-120.278496
3954.707336	-119.369949
3955.380249	-118.923332
3956.053162	-120.929924
3956.726074	-120.425339
3957.398987	-119.568169
3958.071899	-121.069275
3958.744812	-121.947197
3959.417725	-120.929161
3960.090637	-120.092880
3960.763550	-119.497253
3961.436462	-119.424187
3962.109375	-120.886597
3962.782288	-120.344948
3963.455200	-120.688751
3964.128113	-119.178833
3964.801025	-119.403725
3965.473938	-121.045845
3966.146851	-121.975174
3966.819763	-120.602089
3967.492676	-119.535843
3968.165588	-119.394600
3968.838501	-119.903191
3969.511414	-120.066109
3970.184326	-119.929443
3970.857239	-121.242493
3971.530151	-120.701508
3972.203064	-120.513611
3972.875977	-119.783554
3973.548889	-119.505623
3974.221802	-121.365166
3974.894714	-119.271111
3975.567627	-119.741142
3976.240540	-120.933563
3976.913452	-119.245529
3977.586365	-120.018570
3978.259277	-120.554794
3978.932190	-120.114815
3979.605103	-120.723763
3980.278015	-120.788162
3980.950928	-120.318832
3981.623840	-119.804649
3982.296753	-119.854515
3982.969666	-119.946846
3983.642578	-119.757721
3984.315491	-119.522369
3984.988403	-120.490608
3985.661316	-121.386276
3986.334229	-121.517448
3987.007141	-120.862068
3987.680054	-120.201805
3988.352966	-120.539459
3989.025879	-120.261223
3989.698792	-119.909523
3990.371704	-119.494789
3991.044617	-120.437904
3991.717529	-120.761162
3992.390442	-120.798645
3993.063354	-119.580238
3993.736267	-120.090225
3994.409180	-120.945702
3995.082092	-121.189255
3995.755005	-120.706474
3996.427917	-119.944839
3997.100830	-120.808815
3997.773743	-122.533844
3998.446655	-120.856544
3999.119568	-120.157951
3999.792480	-119.520592
4000.465393	-118.829041
4001.138306	-119.650261
4001.811218	-119.724632
4002.484131	-119.838867
4003.157043	-120.898193
4003.829956	-120.765244
4004.502869	-120.139816
4005.175781	-119.128517
4005.848694	-119.960960
4006.521606	-119.955627
4007.194519	-120.678253
4007.867432	-121.189598
4008.540344	-119.997185
4009.213257	-120.144142
4009.886169	-118.947350
4010.559082	-119.069626
4011.231995	-119.584099
4011.904907	-120.347359
4012.577820	-120.569458
4013.250732	-119.520607
4013.923645	-119.708267
4014.596558	-121.029678
4015.269470	-120.842491
4015.942383	-120.620239
4016.615295	-120.254395
4017.288208	-119.579308
4017.961121	-120.438255
4018.634033	-122.062904
4019.306946	-120.485252
4019.979858	-120.138206
4020.652771	-118.756958
4021.325684	-120.051964
4021.998596	-120.605362
4022.671509	-119.991127
4023.344421	-119.540825
4024.017334	-119.997978
4024.690247	-120.205757
4025.363159	-120.553970
4026.036072	-120.423866
4026.708984	-119.468933
4027.381897	-119.306038
4028.054810	-119.519470
4028.727722	-119.857605
4029.400635	-120.768616
4030.073547	-120.076096
4030.746460	-119.408142
4031.419373	-119.638786
4032.092285	-120.611916
4032.765198	-119.862762
4033.438110	-119.503365
4034.111023	-119.373604
4034.783936	-119.747551
4035.456848	-119.541817
4036.129761	-119.763817
4036.802673	-119.841545
4037.475586	-119.373947
4038.148499	-119.538551
4038.821411	-120.239845
4039.494324	-120.118805
4040.167236	-120.137627
4040.840149	-119.391304
4041.513062	-119.197685
4042.185974	-120.289017
4042.858887	-120.420364
4043.531799	-118.841637
4044.204712	-118.297203
4044.877625	-119.155998
4045.550537	-118.829620
4046.223450	-119.290398
4046.896362	-120.753723
4047.569275	-120.002426
4048.242188	-120.433380
4048.915100	-119.432724
4049.588013	-120.153587
4050.260925	-120.598083
4050.933838	-120.319687
4051.606750	-120.009560
4052.279663	-120.435600
4052.952576	-120.801552
4053.625488	-120.341522
4054.298401	-119.734337
4054.971313	-119.945305
4055.644226	-119.355186
4056.317139	-119.747055
4056.990051	-119.653572
4057.662964	-118.967659
4058.335876	-118.563339
4059.008789	-119.097900
4059.681702	-119.830093
4060.354614	-118.717506
4061.027527	-118.670250
4061.700439	-119.861069
4062.373352	-119.480339
4063.046265	-120.187729
4063.719177	-119.613853
4064.392090	-119.530838
4065.065002	-119.349266
4065.737915	-119.619438
4066.410828	-119.286194
4067.083740	-119.158928
4067.756653	-120.322716
4068.429565	-120.037949
4069.102478	-119.999863
4069.775391	-120.256516
4070.448303	-121.621941
4071.121216	-121.277817
4071.794128	-120.145950
4072.467041	-120.278351
4073.139954	-119.609138
4073.812866	-119.499657
4074.485779	-120.923714
4075.158691	-121.176216
4075.831604	-119.310265
4076.504517	-119.221802
4077.177429	-119.981384
4077.850342	-119.946327
4078.523254	-119.582169
4079.196167	-119.204536
4079.869080	-119.384277
4080.541992	-119.645859
4081.214905	-119.239670
4081.887817	-120.457115
4082.560730	-121.425522
4083.233643	-120.516304
4083.906555	-119.186501
4084.579468	-119.316597
4085.252380	-120.042633
4085.925293	-120.155121
4086.598206	-121.478806
4087.271118	-121.790489
4087.944031	-120.534241
4088.616943	-120.646385
4089.289856	-119.798752
4089.962769	-118.944786
4090.635681	-118.816055
4091.308594	-119.671593
4091.981506	-120.579163
4092.654419	-119.682632
4093.327332	-119.557678
4094.000244	-120.154289
4094.673157	-119.809349
4095.346069	-120.650604
4096.018982	-120.509109
4096.691895	-119.168396
4097.364807	-120.073586
4098.037720	-120.381477
4098.710632	-120.561180
4099.383545	-120.247772
4100.056458	-119.950081
4100.729370	-119.903610
4101.402283	-119.649765
4102.075195	-119.728584
4102.748108	-120.751030
4103.421021	-120.435448
4104.093933	-119.445282
4104.766846	-119.389702
4105.439758	-121.057312
4106.112671	-120.789742
4106.785583	-119.838478
4107.458496	-119.744804
4108.131409	-120.237015
4108.804321	-120.261192
4109.477234	-120.445259
4110.150146	-119.649017
4110.823059	-119.957741
4111.495972	-121.574478
4112.168884	-120.154602
4112.841797	-120.141922
4113.514709	-120.309097
4114.187622	-119.625542
4114.860535	-119.519646
4115.533447	-119.497421
4116.206360	-119.626434
4116.879272	-119.770683
4117.552185	-121.524841
4118.225098	-121.097458
4118.898010	-120.537636
4119.570923	-121.468491
4120.243835	-121.092224
4120.916748	-120.655891
4121.589661	-119.727844
4122.262573	-120.454643
4122.935486	-120.936111
4123.608398	-120.671562
4124.281311	-120.226898
4124.954224	-119.903259
4125.627136	-119.275154
4126.300049	-119.833130
4126.972961	-120.352814
4127.645874	-120.018745
4128.318787	-120.338539
4128.991699	-119.825722
4129.664612	-119.696022
4130.337524	-120.164436
4131.010437	-119.467888
4131.683350	-120.379166
4132.356262	-121.089500
4133.029175	-119.895760
4133.702087	-119.387825
4134.375000	-120.344940
4135.047913	-120.572411
4135.720825	-119.610779
4136.393738	-120.203949
4137.066650	-120.564621
4137.739563	-120.516289
4138.412476	-120.389053
4139.085388	-120.148880
4139.758301	-119.945618
4140.431213	-120.901604
4141.104126	-119.931847
4141.777039	-119.597542
4142.449951	-119.674980
4143.122864	-119.548622
4143.795776	-120.270821
4144.468689	-120.418678
4145.141602	-120.444702
4145.814514	-120.065559
4146.487427	-120.468613
4147.160339	-119.858940
4147.833252	-120.077789
4148.506165	-120.244492
4149.179077	-120.167023
4149.851990	-120.797295
4150.524902	-120.544136
4151.197815	-120.137360
4151.870728	-120.202896
4152.543640	-120.641388
4153.216553	-119.195587
4153.889465	-119.405998
4154.562378	-121.151550
4155.235291	-119.726761
4155.908203	-118.723999
4156.581116	-119.416710
4157.254028	-120.036514
4157.926941	-119.203056
4158.599854	-119.226906
4159.272766	-119.453102
4159.945679	-119.946030
4160.618591	-118.554123
4161.291504	-118.966476
4161.964417	-120.032410
4162.637329	-119.674438
4163.310242	-119.811104
4163.983154	-119.553833
4164.656067	-119.599014
4165.328979	-119.962334
4166.001892	-119.339058
4166.674805	-119.817047
4167.347717	-120.724411
4168.020630	-119.990189
4168.693542	-120.097977
4169.366455	-120.673714
4170.039368	-119.820946
4170.712280	-119.951698
4171.385193	-119.749489
4172.058105	-119.672989
4172.731018	-119.847847
4173.403931	-120.502708
4174.076843	-120.017876
4174.749756	-118.707924
4175.422668	-119.572029
4176.095581	-120.388672
4176.768494	-120.510254
4177.441406	-120.582031
4178.114319	-120.251152
4178.787231	-119.740074
4179.460144	-119.728798
4180.133057	-120.069847
4180.805969	-119.931686
4181.478882	-119.741707
4182.151794	-120.410332
4182.824707	-120.242012
4183.497620	-119.875595
4184.170532	-119.743889
4184.843445	-120.868843
4185.516357	-120.171150
4186.189270	-119.710449
4186.862183	-120.185844
4187.535095	-120.070969
4188.208008	-120.629471
4188.880920	-121.347466
4189.553833	-119.284309
4190.226746	-119.062996
4190.899658	-119.539894
4191.572571	-120.281433
4192.245483	-119.602715
4192.918396	-118.762589
4193.591309	-119.563805
4194.264221	-119.717110
4194.937134	-119.733620
4195.610046	-120.051086
4196.282959	-119.776695
4196.955872	-118.880585
4197.628784	-118.279343
4198.301697	-118.665001
4198.974609	-120.247856
4199.647522	-119.593208
4200.320435	-119.410698
4200.993347	-120.159637
4201.666260	-121.357124
4202.339172	-120.063026
4203.012085	-120.035904
4203.684998	-120.243355
4204.357910	-119.012077
4205.030823	-119.792442
4205.703735	-119.637199
4206.376648	-118.597923
4207.049561	-119.717926
4207.722473	-120.436760
4208.395386	-120.491318
4209.068298	-119.502129
4209.741211	-119.099762
4210.414124	-119.671410
4211.087036	-119.314224
4211.759949	-118.867180
4212.432861	-120.230316
4213.105774	-119.993324
4213.778687	-119.433838
4214.451599	-119.249008
4215.124512	-119.211052
4215.797424	-120.173523
4216.470337	-120.177353
4217.143250	-120.407043
4217.816162	-120.106468
4218.489075	-119.908600
4219.161987	-119.333412
4219.834900	-120.384262
4220.507812	-120.083046
4221.180725	-119.054649
4221.853638	-119.365494
4222.526550	-119.671310
4223.199463	-119.673134
4223.872375	-119.018417
4224.545288	-119.885902
4225.218201	-119.278244
4225.891113	-119.707336
4226.564026	-120.369026
4227.236938	-120.405388
4227.909851	-120.422729
4228.582764	-121.036263
4229.255676	-121.026840
4229.928589	-120.932259
4230.601501	-121.125549
4231.274414	-119.694214
4231.947327	-119.742943
4232.620239	-119.788223
4233.293152	-119.644516
4233.966064	-119.990089
4234.638977	-119.139801
4235.311890	-118.970078
4235.984802	-119.815453
4236.657715	-120.000786
4237.330627	-119.733887
4238.003540	-119.875488
4238.676453	-120.542671
4239.349365	-119.865189
4240.022278	-119.809135
4240.695190	-120.652008
4241.368103	-120.129272
4242.041016	-120.313148
4242.713928	-120.516335
4243.386841	-120.513809
4244.059753	-120.751022
4244.732666	-120.239784
4245.405579	-120.261337
4246.078491	-120.485466
4246.751404	-119.744690
4247.424316	-118.610512
4248.097229	-119.167320
4248.770142	-119.670464
4249.443054	-120.103065
4250.115967	-119.394447
4250.788879	-119.122665
4251.461792	-119.160934
4252.134705	-120.097893
4252.807617	-119.874908
4253.480530	-119.444847
4254.153442	-118.939339
4254.826355	-118.775780
4255.499268	-120.210243
4256.172180	-120.652298
4256.845093	-120.604172
4257.518005	-120.978683
4258.190918	-120.600578
4258.863831	-120.709076
4259.536743	-119.799599
4260.209656	-119.649605
4260.882568	-119.476112
4261.555481	-119.299561
4262.228394	-120.087189
4262.901306	-120.064125
4263.574219	-119.581520
4264.247131	-119.983711
4264.920044	-120.638634
4265.592957	-119.942284
4266.265869	-119.850105
4266.938782	-120.712608
4267.611694	-120.613472
4268.284607	-119.391510
4268.957520	-120.106758
4269.630432	-120.702538
4270.303345	-120.796631
4270.976257	-120.142967
4271.649170	-119.912476
4272.322083	-120.670174
4272.994995	-121.100945
4273.667908	-120.380920
4274.340820	-120.147507
4275.013733	-119.036171
4275.686646	-120.079025
4276.359558	-119.851433
4277.032471	-119.844269
4277.705383	-119.498154
4278.378296	-120.340813
4279.051208	-120.534409
4279.724121	-120.037056
4280.397034	-119.962067
4281.069946	-120.337372
4281.742859	-119.630447
4282.415771	-119.440407
4283.088684	-119.970192
4283.761597	-119.828262
4284.434509	-119.189392
4285.107422	-119.426666
4285.780334	-119.830833
4286.453247	-119.169441
4287.126160	-118.805267
4287.799072	-119.428734
4288.471985	-119.346344
4289.144897	-118.770149
4289.817810	-118.946632
4290.490723	-118.692917
4291.163635	-119.658104
4291.836548	-119.039375
4292.509460	-119.084320
4293.182373	-120.085144
4293.855286	-119.854721
4294.528198	-119.545128
4295.201111	-120.125153
4295.874023	-120.360329
4296.546936	-120.162476
4297.219849	-119.821465
4297.892761	-119.963684
4298.565674	-119.908386
4299.238586	-119.683701
4299.911499	-119.074799
4300.584412	-120.176613
4301.257324	-120.485931
4301.930237	-119.856911
4302.603149	-120.488319
4303.276062	-119.934425
4303.948975	-119.727592
4304.621887	-120.081619
4305.294800	-119.827423
4305.967712	-120.794029
4306.640625	-120.335716
4307.313538	-120.436661
4307.986450	-119.689575
4308.659363	-119.848656
4309.332275	-120.384727
4310.005188	-121.115181
4310.678101	-120.896881
4311.351013	-120.208481
4312.023926	-119.304176
4312.696838	-119.410225
4313.369751	-119.106544
4314.042664	-119.238541
4314.715576	-120.025291
4315.388489	-119.358498
4316.061401	-118.818069
4316.734314	-119.466034
4317.407227	-120.169746
4318.080139	-119.331604
4318.753052	-119.590485
4319.425964	-119.268539
4320.098877	-119.388176
4320.771790	-120.270767
4321.444702	-119.066185
4322.117615	-119.663673
4322.790527	-119.989334
4323.463440	-120.040413
4324.136353	-119.993652
4324.809265	-120.010475
4325.482178	-119.950874
4326.155090	-120.431725
4326.828003	-119.388474
4327.500916	-119.977913
4328.173828	-120.566185
4328.846741	-120.338501
4329.519653	-120.403366
4330.192566	-120.648407
4330.865479	-120.554428
4331.538391	-119.888016
4332.211304	-120.475639
4332.884216	-121.031425
4333.557129	-120.980064
4334.230042	-120.762131
4334.902954	-120.248886
4335.575867	-119.571022
4336.248779	-119.080132
4336.921692	-119.321342
4337.594604	-119.247299
4338.267517	-119.641762
4338.940430	-120.153458
4339.613342	-119.524719
4340.286255	-120.056831
4340.959167	-119.744637
4341.632080	-120.503410
4342.304993	-121.054123
4342.977905	-120.159912
4343.650818	-120.474686
4344.323730	-120.347435
4344.996643	-120.015076
4345.669556	-120.674980
4346.342468	-120.344810
4347.015381	-121.234711
4347.688293	-120.556297
4348.361206	-120.074387
4349.034119	-120.940796
4349.707031	-120.077606
4350.379944	-120.105148
4351.052856	-120.016182
4351.725769	-119.564095
4352.398682	-119.779289
4353.071594	-119.849312
4353.744507	-120.711708
4354.417419	-120.267380
4355.090332	-119.422638
4355.763245	-119.123039
4356.436157	-120.229729
4357.109070	-120.575584
4357.781982	-120.529427
4358.454895	-121.097054
4359.127808	-120.945900
4359.800720	-120.719658
4360.473633	-121.201805
4361.146545	-120.128227
4361.819458	-120.419807
4362.492371	-121.515251
4363.165283	-121.304588
4363.838196	-119.436737
4364.511108	-119.808495
4365.184021	-120.556892
4365.856934	-119.729485
4366.529846	-119.136391
4367.202759	-118.676811
4367.875671	-119.538322
4368.548584	-120.067863
4369.221497	-120.181236
4369.894409	-119.664757
4370.567322	-120.740166
4371.240234	-120.612366
4371.913147	-121.703102
4372.586060	-121.350670
4373.258972	-120.630692
4373.931885	-120.019661
4374.604797	-119.030396
4375.277710	-119.180550
4375.950623	-118.588478
4376.623535	-119.964539
4377.296448	-120.635681
4377.969360	-121.421684
4378.642273	-121.728363
4379.315186	-120.318573
4379.988098	-119.824661
4380.661011	-120.340973
4381.333923	-119.861900
4382.006836	-119.875443
4382.679749	-120.624771
4383.352661	-120.307831
4384.025574	-119.331604
4384.698486	-120.229240
4385.371399	-121.154800
4386.044312	-121.514473
4386.717224	-119.103043
4387.390137	-118.513954
4388.063049	-119.158951
4388.735962	-120.592911
4389.408875	-121.176704
4390.081787	-120.429848
4390.754700	-121.888367
4391.427612	-122.174362
4392.100525	-120.877197
4392.773438	-121.063896
4393.446350	-121.155869
4394.119263	-120.010902
4394.792175	-119.840668
4395.465088	-120.035988
4396.138000	-119.426910
4396.810913	-119.618103
4397.483826	-119.041077
4398.156738	-120.231438
4398.829651	-120.201149
4399.502563	-120.073853
4400.175476	-120.500549
4400.848389	-120.125031
4401.521301	-119.989761
4402.194214	-120.479889
4402.867126	-119.579094
4403.540039	-120.551857
4404.212952	-121.662788
4404.885864	-120.135452
4405.558777	-119.691704
4406.231689	-119.758972
4406.904602	-119.151932
4407.577515	-119.862198
4408.250427	-119.688232
4408.923340	-120.294334
4409.596252	-120.759201
4410.269165	-120.556946
4410.942078	-120.246086
4411.614990	-120.610497
4412.287903	-120.565231
4412.960815	-120.222160
4413.633728	-120.004486
4414.306641	-120.303665
4414.979553	-120.668106
4415.652466	-118.947395
4416.325378	-119.753777
4416.998291	-120.051628
4417.671204	-120.003960
4418.344116	-119.931992
4419.017029	-119.767761
4419.689941	-119.108574
4420.362854	-118.989410
4421.035767	-119.596848
4421.708679	-119.668785
4422.381592	-119.205338
4423.054504	-119.764687
4423.727417	-120.235863
4424.400330	-119.535255
4425.073242	-120.074799
4425.746155	-120.392754
4426.419067	-119.556938
4427.091980	-120.513374
4427.764893	-121.853424
4428.437805	-120.639023
4429.110718	-119.805046
4429.783630	-120.039528
4430.456543	-120.203537
4431.129456	-119.816177
4431.802368	-119.377274
4432.475281	-119.337379
4433.148193	-119.976601
4433.821106	-120.305305
4434.494019	-120.278221
4435.166931	-119.365685
4435.839844	-119.843689
4436.512756	-120.042854
4437.185669	-120.127075
4437.858582	-120.487442
4438.531494	-120.068367
4439.204407	-120.806892
4439.877319	-121.343948
4440.550232	-120.380424
4441.223145	-120.414497
4441.896057	-119.913185
4442.568970	-120.239563
4443.241882	-120.203392
4443.914795	-119.935860
4444.587708	-119.765167
4445.260620	-120.173454
4445.933533	-120.575783
4446.606445	-120.544655
4447.279358	-120.198059
4447.952271	-119.586006
4448.625183	-118.518997
4449.298096	-119.657623
4449.971008	-120.760735
4450.643921	-120.580132
4451.316833	-119.183922
4451.989746	-119.558945
4452.662659	-119.200233
4453.335571	-119.933678
4454.008484	-120.768456
4454.681396	-119.964005
4455.354309	-119.762260
4456.027222	-119.422928
4456.700134	-119.274597
4457.373047	-119.053101
4458.045959	-119.819611
4458.718872	-121.023483
4459.391785	-121.001511
4460.064697	-119.721283
4460.737610	-119.165894
4461.410522	-118.861122
4462.083435	-119.708305
4462.756348	-120.329628
4463.429260	-119.747131
4464.102173	-120.177322
4464.775085	-119.559540
4465.447998	-119.204979
4466.120911	-120.134880
4466.793823	-120.681351
4467.466736	-120.972023
4468.139648	-121.657211
4468.812561	-120.701591
4469.485474	-120.240082
4470.158386	-120.212395
4470.831299	-120.636787
4471.504211	-119.955269
4472.177124	-119.631958
4472.850037	-119.663513
4473.522949	-120.132187
4474.195862	-120.514763
4474.868774	-120.488464
4475.541687	-121.649055
4476.214600	-121.356674
4476.887512	-119.877579
4477.560425	-119.586502
4478.233337	-119.969490
4478.906250	-120.305603
4479.579163	-120.149536
4480.252075	-120.233276
4480.924988	-121.272369
4481.597900	-121.059235
4482.270813	-119.286797
4482.943726	-120.089951
4483.616638	-120.691521
4484.289551	-121.002167
4484.962463	-121.125977
4485.635376	-119.935280
4486.308289	-120.057083
4486.981201	-120.093491
4487.654114	-119.764259
4488.327026	-119.549049
4488.999939	-120.166321
4489.672852	-120.418388
4490.345764	-120.792557
4491.018677	-120.600037
4491.691589	-120.250885
4492.364502	-119.962631
4493.037415	-119.936058
4493.710327	-119.105095
4494.383240	-118.899445
4495.056152	-119.173805
4495.729065	-118.841187
4496.401978	-118.812004
4497.074890	-120.273392
4497.747803	-120.855278
4498.420715	-120.458633
4499.093628	-121.027931
4499.766541	-120.421616
4500.439453	-119.876305
4501.112366	-120.023773
4501.785278	-120.580124
4502.458191	-120.997330
4503.131104	-121.870789
4503.804016	-121.356400
4504.476929	-120.502762
4505.149841	-120.377678
4505.822754	-121.063965
4506.495667	-121.204475
4507.168579	-120.392967
4507.841492	-119.354591
4508.514404	-119.223534
4509.187317	-119.412552
4509.860229	-119.487137
4510.533142	-120.330055
4511.206055	-120.813293
4511.878967	-121.065659
4512.551880	-120.504501
4513.224792	-119.897415
4513.897705	-119.769836
4514.570618	-120.693893
4515.243530	-120.184685
4515.916443	-119.945763
4516.589355	-119.958069
4517.262268	-120.031029
4517.935181	-120.041740
4518.608093	-119.851715
4519.281006	-120.413208
4519.953918	-121.126472
4520.626831	-120.397385
4521.299744	-121.149506
4521.972656	-121.275871
4522.645569	-121.113503
4523.318481	-120.782295
4523.991394	-120.954086
4524.664307	-121.011894
4525.337219	-120.552017
4526.010132	-120.151047
4526.683044	-119.619598
4527.355957	-119.150299
4528.028870	-119.490021
4528.701782	-119.973900
4529.374695	-119.694839
4530.047607	-121.784615
4530.720520	-121.295891
4531.393433	-121.166115
4532.066345	-120.963112
4532.739258	-121.054123
4533.412170	-120.301224
4534.085083	-120.041183
4534.757996	-120.371979
4535.430908	-120.030937
4536.103821	-120.511345
4536.776733	-120.489601
4537.449646	-120.300140
4538.122559	-120.510040
4538.795471	-120.711411
4539.468384	-120.987289
4540.141296	-120.539352
4540.814209	-121.019241
4541.487122	-120.302750
4542.160034	-120.295334
4542.832947	-120.707916
4543.505859	-121.132805
4544.178772	-120.209572
4544.851685	-120.642548
4545.524597	-120.466011
4546.197510	-119.641792
4546.870422	-119.564087
4547.543335	-120.662704
4548.216248	-120.311768
4548.889160	-119.503319
4549.562073	-119.722092
4550.234985	-120.948875
4550.907898	-120.995796
4551.580811	-121.545052
4552.253723	-121.042824
4552.926636	-120.707527
4553.599548	-120.903625
4554.272461	-120.901123
4554.945374	-120.800476
4555.618286	-120.796379
4556.291199	-120.083405
4556.964111	-120.622231
4557.637024	-120.352898
4558.309937	-119.025909
4558.982849	-119.374298
4559.655762	-119.740166
4560.328674	-120.998299
4561.001587	-119.940498
4561.674500	-119.584305
4562.347412	-119.721886
4563.020325	-119.641640
4563.693237	-119.979851
4564.366150	-121.606064
4565.039062	-120.845451
4565.711975	-120.371986
4566.384888	-119.835495
4567.057800	-119.770477
4567.730713	-120.188454
4568.403625	-119.921021
4569.076538	-119.378807
4569.749451	-119.640320
4570.422363	-119.013130
4571.095276	-119.758728
4571.768188	-120.875008
4572.441101	-120.762611
4573.114014	-120.862289
4573.786926	-121.004547
4574.459839	-121.160721
4575.132751	-120.460388
4575.805664	-119.108459
4576.478577	-119.542587
4577.151489	-119.539627
4577.824402	-119.535614
4578.497314	-120.163445
4579.170227	-119.831108
4579.843140	-119.988930
4580.516052	-119.622490
4581.188965	-120.887352
4581.861877	-120.798584
4582.534790	-120.289528
4583.207703	-119.876228
4583.880615	-120.100121
4584.553528	-120.106339
4585.226440	-119.637825
4585.899353	-119.095665
4586.572266	-119.529663
4587.245178	-119.579697
4587.918091	-120.542107
4588.591003	-121.028389
4589.263916	-121.033646
4589.936829	-119.034828
4590.609741	-118.735069
4591.282654	-119.437866
4591.955566	-120.516731
4592.628479	-119.696045
4593.301392	-119.435158
4593.974304	-119.972008
4594.647217	-120.486786
4595.320129	-120.925552
4595.993042	-120.710411
4596.665955	-121.161896
4597.338867	-119.637093
4598.011780	-119.482506
4598.684692	-119.890808
4599.357605	-119.667252
4600.030518	-120.250710
4600.703430	-119.825264
4601.376343	-120.068184
4602.049255	-120.741821
4602.722168	-120.174950
4603.395081	-120.496170
4604.067993	-120.842804
4604.740906	-120.500397
4605.413818	-120.524124
4606.086731	-120.257736
4606.759644	-120.454941
4607.432556	-121.273529
4608.105469	-121.126999
4608.778381	-120.771088
4609.451294	-120.339172
4610.124207	-118.906792
4610.797119	-118.733910
4611.470032	-118.980980
4612.142944	-120.021721
4612.815857	-120.335121
4613.488770	-120.139656
4614.161682	-119.904854
4614.834595	-119.855583
4615.507507	-119.955132
4616.180420	-120.472466
4616.853333	-120.057602
4617.526245	-120.555756
4618.199158	-120.035172
4618.872070	-120.456711
4619.544983	-121.692451
4620.217896	-120.489952
4620.890808	-119.294029
4621.563721	-119.954460
4622.236633	-120.102150
4622.909546	-120.221535
4623.582458	-120.680168
4624.255371	-120.785835
4624.928284	-119.717499
4625.601196	-119.898827
4626.274109	-120.354378
4626.947021	-119.347939
4627.619934	-120.514076
4628.292847	-120.211838
4628.965759	-120.125084
4629.638672	-120.958176
4630.311584	-121.401031
4630.984497	-121.066071
4631.657410	-120.336296
4632.330322	-120.317734
4633.003235	-120.234825
4633.676147	-120.444199
4634.349060	-120.105736
4635.021973	-120.396568
4635.694885	-121.511833
4636.367798	-120.959557
4637.040710	-121.145508
4637.713623	-120.580879
4638.386536	-121.047112
4639.059448	-120.862656
4639.732361	-120.740669
4640.405273	-120.181053
4641.078186	-120.604233
4641.751099	-120.106956
4642.424011	-118.937614
4643.096924	-119.336700
4643.769836	-120.997070
4644.442749	-120.594719
4645.115662	-119.579430
4645.788574	-119.726410
4646.461487	-120.456657
4647.134399	-119.817314
4647.807312	-119.932350
4648.480225	-120.408745
4649.153137	-120.176994
4649.826050	-119.621239
4650.498962	-119.327614
4651.171875	-118.721275
4651.844788	-120.428024
4652.517700	-120.536774
4653.190613	-120.504883
4653.863525	-120.251976
4654.536438	-120.518181
4655.209351	-120.163734
4655.882263	-120.498909
4656.555176	-120.799843
4657.228088	-120.711143
4657.901001	-119.793648
4658.573914	-120.040451
4659.246826	-120.248848
4659.919739	-119.814209
4660.592651	-120.471687
4661.265564	-119.883247
4661.938477	-119.946747
4662.611389	-120.574104
4663.284302	-119.906578
4663.957214	-120.246857
4664.630127	-120.406960
4665.303040	-120.043861
4665.975952	-119.894852
4666.648865	-120.030327
4667.321777	-120.538719
4667.994690	-121.024498
4668.667603	-121.686317
4669.340515	-120.468208
4670.013428	-119.072533
4670.686340	-120.001389
4671.359253	-120.509354
4672.032166	-120.487007
4672.705078	-119.050323
4673.377991	-120.065636
4674.050903	-119.873573
4674.723816	-119.486633
4675.396729	-120.648849
4676.069641	-121.054260
4676.742554	-120.928116
4677.415466	-120.166603
4678.088379	-120.421509
4678.761292	-120.139107
4679.434204	-120.017975
4680.107117	-120.343040
4680.780029	-120.344681
4681.452942	-119.819397
4682.125854	-120.524498
4682.798767	-121.017838
4683.471680	-119.428078
4684.144592	-119.748260
4684.817505	-120.525513
4685.490417	-120.425858
4686.163330	-121.164665
4686.836243	-119.844467
4687.509155	-119.058929
4688.182068	-119.825752
4688.854980	-119.649223
4689.527893	-120.278732
4690.200806	-120.276695
4690.873718	-119.114830
4691.546631	-119.194687
4692.219543	-119.678276
4692.892456	-120.490387
4693.565369	-121.811722
4694.238281	-121.932480
4694.911194	-120.822800
4695.584106	-121.156372
4696.257019	-120.833672
4696.929932	-120.555420
4697.602844	-120.362907
4698.275757	-119.251610
4698.948669	-120.229820
4699.621582	-120.487190
4700.294495	-119.794014
4700.967407	-119.038986
4701.640320	-118.594299
4702.313232	-119.956009
4702.986145	-120.944572
4703.659058	-119.708733
4704.331970	-119.493530
4705.004883	-119.976608
4705.677795	-119.517090
4706.350708	-120.353737
4707.023621	-120.415672
4707.696533	-120.876785
4708.369446	-119.589569
4709.042358	-119.745300
4709.715271	-120.680428
4710.388184	-121.070534
4711.061096	-119.962013
4711.734009	-121.469566
4712.406921	-120.603645
4713.079834	-120.684456
4713.752747	-120.996712
4714.425659	-120.011276
4715.098572	-119.903328
4715.771484	-120.247238
4716.444397	-120.127480
4717.117310	-120.019516
4717.790222	-120.769463
4718.463135	-121.020416
4719.136047	-120.709930
4719.808960	-120.688789
4720.481873	-119.956047
4721.154785	-120.254105
4721.827698	-119.810181
4722.500610	-119.361481
4723.173523	-120.090889
4723.846436	-120.792656
4724.519348	-121.314415
4725.192261	-120.258171
4725.865173	-120.294991
4726.538086	-120.326202
4727.210999	-119.592293
4727.883911	-119.621887
4728.556824	-119.971581
4729.229736	-119.978424
4729.902649	-120.684631
4730.575562	-120.351700
4731.248474	-120.036278
4731.921387	-121.140884
4732.594299	-120.067558
4733.267212	-119.215866
4733.940125	-119.465485
4734.613037	-119.915115
4735.285950	-119.407074
4735.958862	-119.848007
4736.631775	-119.414536
4737.304688	-120.987831
4737.977600	-121.516197
4738.650513	-120.374748
4739.323425	-120.335732
4739.996338	-119.640472
4740.669250	-119.764114
4741.342163	-120.513474
4742.015076	-120.524330
4742.687988	-120.147705
4743.360901	-120.582016
4744.033813	-120.656387
4744.706726	-120.469002
4745.379639	-120.323586
4746.052551	-120.356102
4746.725464	-120.605667
4747.398376	-120.673965
4748.071289	-120.416534
4748.744202	-119.882362
4749.417114	-120.259834
4750.090027	-120.155258
4750.762939	-120.772827
4751.435852	-120.658905
4752.108765	-119.906868
4752.781677	-119.934692
4753.454590	-119.797958
4754.127502	-120.803047
4754.800415	-121.159866
4755.473328	-120.532867
4756.146240	-120.005371
4756.819153	-119.656891
4757.492065	-119.314507
4758.164978	-120.106392
4758.837891	-120.159805
4759.510803	-120.261314
4760.183716	-120.482147
4760.856628	-119.900002
4761.529541	-120.097397
4762.202454	-121.820404
4762.875366	-121.160851
4763.548279	-119.672379
4764.221191	-119.608177
4764.894104	-120.273468
4765.567017	-119.923653
4766.239929	-120.121056
4766.912842	-118.997543
4767.585754	-119.147247
4768.258667	-119.865700
4768.931580	-120.216919
4769.604492	-120.327156
4770.277405	-120.422981
4770.950317	-120.268669
4771.623230	-119.679962
4772.296143	-120.156242
4772.969055	-119.965195
4773.641968	-120.263390
4774.314880	-120.383369
4774.987793	-119.907562
4775.660706	-119.882599
4776.333618	-119.538376
4777.006531	-120.296417
4777.679443	-121.221642
4778.352356	-121.116859
4779.025269	-121.074509
4779.698181	-120.507889
4780.371094	-120.400642
4781.044006	-119.635963
4781.716919	-119.255341
4782.389832	-119.827049
4783.062744	-120.692688
4783.735657	-121.266884
4784.408569	-121.486679
4785.081482	-119.630859
4785.754395	-119.867401
4786.427307	-120.388252
4787.100220	-119.257133
4787.773132	-120.069511
4788.446045	-120.010353
4789.118958	-119.737274
4789.791870	-120.951645
4790.464783	-121.325867
4791.137695	-120.795509
4791.810608	-119.637192
4792.483521	-119.897652
4793.156433	-120.748093
4793.829346	-120.079132
4794.502258	-118.830589
4795.175171	-119.606621
4795.848083	-120.181618
4796.520996	-120.028168
4797.193909	-120.632492
4797.866821	-120.732567
4798.539734	-119.155762
4799.212646	-119.348854
4799.885559	-120.967720
4800.558472	-121.261932
4801.231384	-122.338661
4801.904297	-120.815826
4802.577209	-119.382645
4803.250122	-120.890022
4803.923035	-120.338509
4804.595947	-119.164276
4805.268860	-119.991096
4805.941772	-120.545227
4806.614685	-119.610924
4807.287598	-120.472450
4807.960510	-120.489540
4808.633423	-120.038864
4809.306335	-120.134399
4809.979248	-121.020973
4810.652161	-119.908989
4811.325073	-119.445618
4811.997986	-120.177986
4812.670898	-119.764656
4813.343811	-119.682777
4814.016724	-119.519882
4814.689636	-119.848083
4815.362549	-119.865677
4816.035461	-119.929291
4816.708374	-120.746162
4817.381287	-120.699799
4818.054199	-121.603256
4818.727112	-121.965668
4819.400024	-121.728256
4820.072937	-120.721367
4820.745850	-119.773338
4821.418762	-119.324669
4822.091675	-119.460541
4822.764587	-119.748741
4823.437500	-119.686394
4824.110413	-119.861710
4824.783325	-119.757225
4825.456238	-120.098961
4826.129150	-120.613724
4826.802063	-119.974998
4827.474976	-119.860985
4828.147888	-120.671486
4828.820801	-120.396538
4829.493713	-119.656944
4830.166626	-118.899406
4830.839539	-119.121063
4831.512451	-121.077515
4832.185364	-119.384415
4832.858276	-119.047310
4833.531189	-119.376823
4834.204102	-120.042259
4834.877014	-121.569969
4835.549927	-120.406822
4836.222839	-120.768501
4836.895752	-119.894646
4837.568665	-119.471924
4838.241577	-120.004990
4838.914490	-119.760979
4839.587402	-120.338005
4840.260315	-120.932266
4840.933228	-120.855331
4841.606140	-120.349968
4842.279053	-119.925011
4842.951965	-120.437851
4843.624878	-121.007835
4844.297791	-120.240280
4844.970703	-119.559608
4845.643616	-119.413734
4846.316528	-119.725983
4846.989441	-120.313515
4847.662354	-119.694321
4848.335266	-120.215302
4849.008179	-120.744560
4849.681091	-120.453468
4850.354004	-120.909737
4851.026917	-119.993019
4851.699829	-120.351746
4852.372742	-119.820152
4853.045654	-119.494446
4853.718567	-119.876564
4854.391479	-120.237556
4855.064392	-119.919044
4855.737305	-119.749062
4856.410217	-119.839607
4857.083130	-120.027237
4857.756042	-119.483070
4858.428955	-119.684395
4859.101868	-119.686409
4859.774780	-120.660416
4860.447693	-120.619675
4861.120605	-120.662071
4861.793518	-119.922050
4862.466431	-120.204590
4863.139343	-120.718742
4863.812256	-120.261566
4864.485168	-120.422737
4865.158081	-120.323952
4865.830994	-120.647820
4866.503906	-120.873558
4867.176819	-119.717781
4867.849731	-120.417801
4868.522644	-120.784470
4869.195557	-121.067062
4869.868469	-120.559029
4870.541382	-119.924210
4871.214294	-120.135788
4871.887207	-119.953087
4872.560120	-120.225479
4873.233032	-121.047005
4873.905945	-119.509720
4874.578857	-119.153610
4875.251770	-120.046631
4875.924683	-120.819069
4876.597595	-120.878250
4877.270508	-120.578690
4877.943420	-120.989082
4878.616333	-120.762131
4879.289246	-120.160553
4879.962158	-119.786896
4880.635071	-120.507957
4881.307983	-119.994514
4881.980896	-119.777328
4882.653809	-119.008446
4883.326721	-119.455864
4883.999634	-119.661949
4884.672546	-120.131287
4885.345459	-119.953590
4886.018372	-120.870361
4886.691284	-120.396477
4887.364197	-120.645355
4888.037109	-119.364037
4888.710022	-119.789871
4889.382935	-120.709251
4890.055847	-120.411476
4890.728760	-120.079292
4891.401672	-120.427483
4892.074585	-119.760536
4892.747498	-119.707947
4893.420410	-119.797104
4894.093323	-119.812126
4894.766235	-120.112251
4895.439148	-120.253365
4896.112061	-120.212898
4896.784973	-120.018425
4897.457886	-119.820267
4898.130798	-120.446083
4898.803711	-119.723083
4899.476624	-119.607994
4900.149536	-119.487579
4900.822449	-120.187576
4901.495361	-119.772636
4902.168274	-119.099831
4902.841187	-119.495033
4903.514099	-120.395096
4904.187012	-120.179260
4904.859924	-119.891174
4905.532837	-120.326874
4906.205750	-120.527664
4906.878662	-120.176460
4907.551575	-121.166893
4908.224487	-120.797913
4908.897400	-120.021240
4909.570312	-119.975471
4910.243225	-120.304169
4910.916138	-120.241791
4911.589050	-120.952354
4912.261963	-120.959320
4912.934875	-120.779312
4913.607788	-119.838448
4914.280701	-120.221222
4914.953613	-121.366859
4915.626526	-121.043098
4916.299438	-119.858330
4916.972351	-119.413994
4917.645264	-120.412865
4918.318176	-120.580727
4918.991089	-120.663162
4919.664001	-120.896469
4920.336914	-120.341217
4921.009827	-118.954430
4921.682739	-119.971626
4922.355652	-120.890549
4923.028564	-120.791618
4923.701477	-119.649536
4924.374390	-119.958099
4925.047302	-120.474915
4925.720215	-121.066483
4926.393127	-119.894661
4927.066040	-119.468300
4927.738953	-119.552124
4928.411865	-119.848480
4929.084778	-119.345375
4929.757690	-120.480919
4930.430603	-121.246284
4931.103516	-119.748932
4931.776428	-119.803238
4932.449341	-119.934402
4933.122253	-120.251434
4933.795166	-120.166245
4934.468079	-120.307098
4935.140991	-120.711716
4935.813904	-119.790237
4936.486816	-119.694916
4937.159729	-120.004715
4937.832642	-120.046600
4938.505554	-120.736778
4939.178467	-121.854401
4939.851379	-120.458931
4940.524292	-120.143356
4941.197205	-119.652573
4941.870117	-119.853096
4942.543030	-120.725906
4943.215942	-120.846230
4943.888855	-120.681671
4944.561768	-121.061302
4945.234680	-120.550484
4945.907593	-119.325386
4946.580505	-119.906845
4947.253418	-121.514221
4947.926331	-120.559654
4948.599243	-120.091705
4949.272156	-120.921051
4949.945068	-120.461525
4950.617981	-120.042191
4951.290894	-119.555992
4951.963806	-119.475327
4952.636719	-120.756775
4953.309631	-120.602531
4953.982544	-120.003990
4954.655457	-119.488785
4955.328369	-120.241287
4956.001282	-120.396080
4956.674194	-119.979294
4957.347107	-119.940247
4958.020020	-121.048256
4958.692932	-121.235046
4959.365845	-120.013313
4960.038757	-120.162865
4960.711670	-121.493126
4961.384583	-121.319611
4962.057495	-119.727631
4962.730408	-119.751808
4963.403320	-120.096001
4964.076233	-120.727402
4964.749146	-120.316231
4965.422058	-119.690529
4966.094971	-118.573914
4966.767883	-119.134781
4967.440796	-119.891525
4968.113708	-120.356857
4968.786621	-120.313148
4969.459534	-120.720581
4970.132446	-119.541687
4970.805359	-120.190002
4971.478271	-121.220070
4972.151184	-121.695656
4972.824097	-119.582855
4973.497009	-119.680077
4974.169922	-120.264946
4974.842834	-120.873108
4975.515747	-119.927795
4976.188660	-119.814621
4976.861572	-120.350937
4977.534485	-120.657051
4978.207397	-119.938980
4978.880310	-119.793999
4979.553223	-120.109848
4980.226135	-120.783829
4980.899048	-120.824715
4981.571960	-121.387978
4982.244873	-120.282242
4982.917786	-119.716698
4983.590698	-119.762054
4984.263611	-120.228516
4984.936523	-119.823181
4985.609436	-118.653076
4986.282349	-119.733360
4986.955261	-121.541954
4987.628174	-121.062553
4988.301086	-120.002098
4988.973999	-119.593605
4989.646912	-119.742691
4990.319824	-119.928146
4990.992737	-120.352913
4991.665649	-119.875404
4992.338562	-119.796257
4993.011475	-120.371185
4993.684387	-121.154015
4994.357300	-120.950058
4995.030212	-120.807312
4995.703125	-120.276901
4996.376038	-120.557251
4997.048950	-120.556801
4997.721863	-120.021591
4998.394775	-119.446838
4999.067688	-119.981392
4999.740601	-120.555946
5000.413513	-121.440453
5001.086426	-121.149963
5001.759338	-119.994598
5002.432251	-119.542778
5003.105164	-119.591309
5003.778076	-119.880554
5004.450989	-119.849709
5005.123901	-119.613716
5005.796814	-119.108170
5006.469727	-119.436333
5007.142639	-120.042168
5007.815552	-120.983292
5008.488464	-120.831223
5009.161377	-120.438553
5009.834290	-119.479370
5010.507202	-119.200722
5011.180115	-119.933723
5011.853027	-120.056450
5012.525940	-120.695404
5013.198853	-120.444954
5013.871765	-120.455086
5014.544678	-119.968422
5015.217590	-120.157249
5015.890503	-120.552940
5016.563416	-120.711540
5017.236328	-120.972099
5017.909241	-120.397064
5018.582153	-119.680580
5019.255066	-119.405197
5019.927979	-119.758453
5020.600891	-119.292007
5021.273804	-119.504524
5021.946716	-120.238396
5022.619629	-119.757011
5023.292542	-120.469780
5023.965454	-120.644714
5024.638367	-120.469902
5025.311279	-121.670708
5025.984192	-120.446930
5026.657104	-121.426041
5027.330017	-121.945686
5028.002930	-119.958252
5028.675842	-120.607002
5029.348755	-120.757011
5030.021667	-121.646812
5030.694580	-121.012383
5031.367493	-120.463486
5032.040405	-120.425171
5032.713318	-121.303093
5033.386230	-120.268158
5034.059143	-120.138954
5034.732056	-120.914734
5035.404968	-121.112869
5036.077881	-120.125992
5036.750793	-119.394768
5037.423706	-120.123055
5038.096619	-120.339417
5038.769531	-120.034859
5039.442444	-120.253899
5040.115356	-120.219925
5040.788269	-119.751915
5041.461182	-118.796677
5042.134094	-118.635002
5042.807007	-118.792831
5043.479919	-120.112244
5044.152832	-121.070679
5044.825745	-120.685028
5045.498657	-119.679985
5046.171570	-119.728386
5046.844482	-119.907616
5047.517395	-120.130196
5048.190308	-120.662788
5048.863220	-120.599380
5049.536133	-120.833878
5050.209045	-120.300339
5050.881958	-120.428345
5051.554871	-120.989952
5052.227783	-120.425346
5052.900696	-120.391869
5053.573608	-120.081665
5054.246521	-119.390465
5054.919434	-120.728134
5055.592346	-120.685738
5056.265259	-120.497444
5056.938171	-120.475090
5057.611084	-120.675980
5058.283997	-119.198303
5058.956909	-119.640831
5059.629822	-119.745552
5060.302734	-119.627205
5060.975647	-118.964737
5061.648560	-119.565193
5062.321472	-119.664139
5062.994385	-120.377846
5063.667297	-121.327911
5064.340210	-120.359573
5065.013123	-119.306053
5065.686035	-119.432899
5066.358948	-120.398994
5067.031860	-120.506248
5067.704773	-120.508194
5068.377686	-120.477890
5069.050598	-119.725136
5069.723511	-120.283463
5070.396423	-120.735542
5071.069336	-120.013954
5071.742249	-120.574791
5072.415161	-120.575119
5073.088074	-120.514053
5073.760986	-119.184799
5074.433899	-119.731743
5075.106812	-121.251663
5075.779724	-120.857689
5076.452637	-120.337440
5077.125549	-119.851410
5077.798462	-119.696297
5078.471375	-121.136612
5079.144287	-121.280724
5079.817200	-119.629356
5080.490112	-119.391273
5081.163025	-119.855965
5081.835938	-120.826271
5082.508850	-119.948830
5083.181763	-119.781067
5083.854675	-121.288933
5084.527588	-121.385963
5085.200500	-120.961685
5085.873413	-120.957253
5086.546326	-120.087410
5087.219238	-120.444649
5087.892151	-119.863228
5088.565063	-120.305077
5089.237976	-120.456314
5089.910889	-121.174477
5090.583801	-121.640129
5091.256714	-121.016197
5091.929626	-121.164696
5092.602539	-121.470299
5093.275452	-121.055084
5093.948364	-119.931175
5094.621277	-120.246735
5095.294189	-120.235313
5095.967102	-120.395805
5096.640015	-120.920677
5097.312927	-121.259499
5097.985840	-121.711670
5098.658752	-121.430603
5099.331665	-120.176109
5100.004578	-119.940277
5100.677490	-120.759354
5101.350403	-120.235085
5102.023315	-120.176575
5102.696228	-119.564430
5103.369141	-120.125839
5104.042053	-120.546600
5104.714966	-119.684639
5105.387878	-119.993561
5106.060791	-119.882057
5106.733704	-119.679504
5107.406616	-119.815681
5108.079529	-120.409088
5108.752441	-120.109245
5109.425354	-120.566277
5110.098267	-119.679039
5110.771179	-119.239998
5111.444092	-118.437172
5112.117004	-118.641754
5112.789917	-119.805611
5113.462830	-120.653114
5114.135742	-121.081978
5114.808655	-121.020737
5115.481567	-120.538139
5116.154480	-120.239014
5116.827393	-120.259048
5117.500305	-120.197968
5118.173218	-120.556274
5118.846130	-122.087257
5119.519043	-121.910187
5120.191956	-121.399422
5120.864868	-121.191666
5121.537781	-121.263870
5122.210693	-121.219444
5122.883606	-121.318962
5123.556519	-120.690605
5124.229431	-119.647705
5124.902344	-120.207840
5125.575256	-120.259621
5126.248169	-120.313057
5126.921082	-120.323677
5127.593994	-119.912704
5128.266907	-120.374474
5128.939819	-121.118515
5129.612732	-120.662590
5130.285645	-121.230766
5130.958557	-120.438232
5131.631470	-120.805435
5132.304382	-120.424179
5132.977295	-120.580742
5133.650208	-119.645477
5134.323120	-119.851082
5134.996033	-120.401459
5135.668945	-120.341423
5136.341858	-120.039536
5137.014771	-119.738747
5137.687683	-119.946419
5138.360596	-120.225426
5139.033508	-120.023544
5139.706421	-120.478874
5140.379333	-121.472359
5141.052246	-121.043159
5141.725159	-120.137962
5142.398071	-119.896347
5143.070984	-119.457748
5143.743896	-120.325142
5144.416809	-120.339226
5145.089722	-120.490479
5145.762634	-120.428856
5146.435547	-120.842155
5147.108459	-120.493942
5147.781372	-121.133926
5148.454285	-120.417641
5149.127197	-120.581688
5149.800110	-120.815498
5150.473022	-121.608727
5151.145935	-121.515999
5151.818848	-121.163330
5152.491760	-120.317261
5153.164673	-119.876923
5153.837585	-120.484993
5154.510498	-120.483101
5155.183411	-120.271698
5155.856323	-120.472755
5156.529236	-121.145493
5157.202148	-120.738052
5157.875061	-121.157295
5158.547974	-121.019058
5159.220886	-120.525742
5159.893799	-120.973900
5160.566711	-120.478806
5161.239624	-119.127281
5161.912537	-119.554893
5162.585449	-120.933540
5163.258362	-121.069122
5163.931274	-120.547783
5164.604187	-120.157562
5165.277100	-120.330833
5165.950012	-120.546036
5166.622925	-120.290184
5167.295837	-120.253540
5167.968750	-121.197792
5168.641663	-120.470406
5169.314575	-119.924583
5169.987488	-120.083046
5170.660400	-119.281487
5171.333313	-119.095726
5172.006226	-118.907753
5172.679138	-119.112930
5173.352051	-119.824074
5174.024963	-120.998329
5174.697876	-120.344856
5175.370789	-119.860382
5176.043701	-119.977989
5176.716614	-120.957260
5177.389526	-121.129440
5178.062439	-121.014702
5178.735352	-119.869164
5179.408264	-119.737389
5180.081177	-119.990242
5180.754089	-120.077629
5181.427002	-119.651436
5182.099915	-120.063255
5182.772827	-120.147667
5183.445740	-120.029068
5184.118652	-120.155716
5184.791565	-121.163689
5185.464478	-121.384872
5186.137390	-120.596481
5186.810303	-119.656708
5187.483215	-119.754349
5188.156128	-119.975822
5188.829041	-119.523277
5189.501953	-120.442253
5190.174866	-120.474632
5190.847778	-120.049728
5191.520691	-121.070900
5192.193604	-120.787437
5192.866516	-120.726547
5193.539429	-120.157227
5194.212341	-119.427223
5194.885254	-119.675697
5195.558167	-119.437950
5196.231079	-119.308746
5196.903992	-119.578979
5197.576904	-120.320648
5198.249817	-120.077690
5198.922729	-119.537682
5199.595642	-119.363930
5200.268555	-119.879463
5200.941467	-120.029015
5201.614380	-121.047813
5202.287292	-120.938965
5202.960205	-121.297470
5203.633118	-121.440697
5204.306030	-120.394051
5204.978943	-119.803841
5205.651855	-120.122978
5206.324768	-121.017120
5206.997681	-120.527176
5207.670593	-121.388588
5208.343506	-121.699425
5209.016418	-120.603462
5209.689331	-119.689018
5210.362244	-119.740356
5211.035156	-120.193451
5211.708069	-120.208214
5212.380981	-120.304184
5213.053894	-119.293388
5213.726807	-118.847435
5214.399719	-119.706818
5215.072632	-120.723358
5215.745544	-119.844284
5216.418457	-119.655457
5217.091370	-121.002174
5217.764282	-121.003227
5218.437195	-120.273987
5219.110107	-120.681114
5219.783020	-120.522820
5220.455933	-119.542557
5221.128845	-119.554863
5221.801758	-119.892815
5222.474670	-120.815521
5223.147583	-120.086609
5223.820496	-120.294525
5224.493408	-120.295364
5225.166321	-120.042122
5225.839233	-121.330368
5226.512146	-121.057884
5227.185059	-120.367340
5227.857971	-119.449257
5228.530884	-119.291977
5229.203796	-120.138481
5229.876709	-120.679619
5230.549622	-120.513443
5231.222534	-121.229538
5231.895447	-120.435471
5232.568359	-119.721710
5233.241272	-120.377380
5233.914185	-120.439781
5234.587097	-120.639854
5235.260010	-121.349403
5235.932922	-119.706993
5236.605835	-119.958916
5237.278748	-120.060257
5237.951660	-119.789497
5238.624573	-121.190010
5239.297485	-120.227394
5239.970398	-119.449867
5240.643311	-118.999046
5241.316223	-119.480034
5241.989136	-120.260826
5242.662048	-119.563629
5243.334961	-120.317001
5244.007874	-120.501404
5244.680786	-120.280029
5245.353699	-119.650055
5246.026611	-119.945419
5246.699524	-120.559837
5247.372437	-120.762016
5248.045349	-120.792015
5248.718262	-120.442734
5249.391174	-120.103912
5250.064087	-120.101135
5250.737000	-120.159264
5251.409912	-120.469048
5252.082825	-119.616394
5252.755737	-119.711044
5253.428650	-120.144508
5254.101562	-119.907562
5254.774475	-121.166679
5255.447388	-120.657913
5256.120300	-119.909996
5256.793213	-121.118835
5257.466125	-120.924049
5258.139038	-120.875641
5258.811951	-121.045479
5259.484863	-120.438850
5260.157776	-121.335686
5260.830688	-120.754189
5261.503601	-120.662491
5262.176514	-120.906609
5262.849426	-121.510567
5263.522339	-120.119423
5264.195251	-120.574120
5264.868164	-120.001495
5265.541077	-120.081253
5266.213989	-120.786339
5266.886902	-120.784737
5267.559814	-120.179420
5268.232727	-119.650085
5268.905640	-119.262688
5269.578552	-119.780632
5270.251465	-119.822052
5270.924377	-120.897011
5271.597290	-121.175156
5272.270203	-121.455872
5272.943115	-121.474785
5273.616028	-120.908493
5274.288940	-121.118004
5274.961853	-120.094238
5275.634766	-119.467163
5276.307678	-120.404655
5276.980591	-119.772621
5277.653503	-119.655777
5278.326416	-119.820358
5278.999329	-119.702797
5279.672241	-120.127914
5280.345154	-119.659836
5281.018066	-119.862762
5281.690979	-120.260666
5282.363892	-120.382393
5283.036804	-120.521019
5283.709717	-120.222786
5284.382629	-120.185196
5285.055542	-120.981911
5285.728455	-119.959198
5286.401367	-121.317406
5287.074280	-120.664146
5287.747192	-120.447487
5288.420105	-120.231750
5289.093018	-120.361328
5289.765930	-120.906891
5290.438843	-120.136078
5291.111755	-119.607780
5291.784668	-119.265175
5292.457581	-120.455681
5293.130493	-120.796562
5293.803406	-121.623116
5294.476318	-122.157448
5295.149231	-121.560844
5295.822144	-120.806366
5296.495056	-119.573006
5297.167969	-119.915894
5297.840881	-120.293892
5298.513794	-120.236443
5299.186707	-120.759651
5299.859619	-120.753143
5300.532532	-120.528908
5301.205444	-120.093552
5301.878357	-120.381256
5302.551270	-120.687431
5303.224182	-121.024117
5303.897095	-119.961884
5304.570007	-119.625290
5305.242920	-120.141243
5305.915833	-120.914253
5306.588745	-121.518646
5307.261658	-121.112068
5307.934570	-120.718918
5308.607483	-120.829277
5309.280396	-120.738693
5309.953308	-119.883965
5310.626221	-120.430534
5311.299133	-120.340103
5311.972046	-120.356209
5312.644958	-119.739426
5313.317871	-120.362526
5313.990784	-120.425362
5314.663696	-120.714455
5315.336609	-120.834625
5316.009521	-120.518593
5316.682434	-121.361656
5317.355347	-119.654778
5318.028259	-119.663651
5318.701172	-120.033470
5319.374084	-120.110985
5320.046997	-120.838791
5320.719910	-120.950081
5321.392822	-120.252861
5322.065735	-119.625977
5322.738647	-120.058189
5323.411560	-121.092651
5324.084473	-120.424210
5324.757385	-120.309128
5325.430298	-120.649094
5326.103210	-120.707832
5326.776123	-120.972572
5327.449036	-120.446785
5328.121948	-119.892448
5328.794861	-120.977829
5329.467773	-120.783714
5330.140686	-119.409760
5330.813599	-119.700264
5331.486511	-120.456245
5332.159424	-119.919487
5332.832336	-120.137878
5333.505249	-120.652069
5334.178162	-120.990784
5334.851074	-119.645439
5335.523987	-119.201050
5336.196899	-119.449181
5336.869812	-119.890694
5337.542725	-120.203186
5338.215637	-121.101791
5338.888550	-121.431725
5339.561462	-120.766075
5340.234375	-120.609329
5340.907288	-120.074982
5341.580200	-120.022621
5342.253113	-120.716003
5342.926025	-120.004860
5343.598938	-119.558548
5344.271851	-118.933067
5344.944763	-119.519089
5345.617676	-120.522514
5346.290588	-119.719810
5346.963501	-120.085220
5347.636414	-120.663116
5348.309326	-120.528732
5348.982239	-120.657539
5349.655151	-119.399918
5350.328064	-119.437675
5351.000977	-120.454605
5351.673889	-120.334106
5352.346802	-121.331139
5353.019714	-119.963295
5353.692627	-119.178619
5354.365540	-119.233482
5355.038452	-121.360863
5355.711365	-120.166687
5356.384277	-120.209343
5357.057190	-120.190460
5357.730103	-120.265160
5358.403015	-119.394661
5359.075928	-118.933640
5359.748840	-119.948387
5360.421753	-120.574982
5361.094666	-120.408730
5361.767578	-120.149559
5362.440491	-119.971008
5363.113403	-120.229935
5363.786316	-119.029922
5364.459229	-118.957413
5365.132141	-119.671875
5365.805054	-120.226242
5366.477966	-120.519501
5367.150879	-120.257202
5367.823792	-120.312500
5368.496704	-120.683754
5369.169617	-120.429459
5369.842529	-120.327797
5370.515442	-120.479523
5371.188354	-120.649513
5371.861267	-120.544174
5372.534180	-120.604767
5373.207092	-119.673851
5373.880005	-120.802582
5374.552917	-120.738037
5375.225830	-120.162399
5375.898743	-120.272453
5376.571655	-120.383209
5377.244568	-120.237450
5377.917480	-121.456421
5378.590393	-121.130959
5379.263306	-120.144073
5379.936218	-120.676918
5380.609131	-121.086121
5381.282043	-121.466034
5381.954956	-121.459251
5382.627869	-120.802681
5383.300781	-120.579071
5383.973694	-121.244987
5384.646606	-120.302605
5385.319519	-120.270981
5385.992432	-120.744865
5386.665344	-120.184212
5387.338257	-120.328316
5388.011169	-120.923615
5388.684082	-120.492004
5389.356995	-119.797600
5390.029907	-120.500137
5390.702820	-121.071716
5391.375732	-121.203125
5392.048645	-119.963448
5392.721558	-120.194405
5393.394470	-121.303749
5394.067383	-120.091316
5394.740295	-119.671600
5395.413208	-120.260529
5396.086121	-120.719727
5396.759033	-120.561279
5397.431946	-120.125961
5398.104858	-120.242165
5398.777771	-120.587135
5399.450684	-120.832565
5400.123596	-119.593163
5400.796509	-118.512657
5401.469421	-120.541183
5402.142334	-121.762466
5402.815247	-121.006775
5403.488159	-120.578491
5404.161072	-119.578667
5404.833984	-120.253647
5405.506897	-120.544807
5406.179810	-120.687950
5406.852722	-121.468399
5407.525635	-119.381523
5408.198547	-119.013046
5408.871460	-120.383888
5409.544373	-120.026146
5410.217285	-120.025078
5410.890198	-120.333420
5411.563110	-120.470215
5412.236023	-120.525215
5412.908936	-120.372375
5413.581848	-120.376129
5414.254761	-120.943878
5414.927673	-120.394569
5415.600586	-119.848587
5416.273499	-120.729515
5416.946411	-120.335678
5417.619324	-120.253281
5418.292236	-120.641754
5418.965149	-119.879341
5419.638062	-120.726227
5420.310974	-120.987602
5420.983887	-120.226219
5421.656799	-119.742119
5422.329712	-120.649406
5423.002625	-120.530945
5423.675537	-120.352974
5424.348450	-120.652359
5425.021362	-120.700378
5425.694275	-119.913879
5426.367188	-120.271004
5427.040100	-120.967850
5427.713013	-120.379257
5428.385925	-120.009903
5429.058838	-120.168953
5429.731750	-120.551323
5430.404663	-119.752365
5431.077576	-119.482727
5431.750488	-119.811501
5432.423401	-119.723274
5433.096313	-119.675743
5433.769226	-120.511208
5434.442139	-121.324120
5435.115051	-120.281738
5435.787964	-120.201210
5436.460876	-120.018501
5437.133789	-120.845268
5437.806702	-121.245682
5438.479614	-120.005074
5439.152527	-119.747673
5439.825439	-119.664528
5440.498352	-119.988434
5441.171265	-120.866158
5441.844177	-121.925659
5442.517090	-121.143234
5443.190002	-120.298141
5443.862915	-120.000008
5444.535828	-120.059387
5445.208740	-120.505981
5445.881653	-119.343506
5446.554565	-120.412880
5447.227478	-120.995628
5447.900391	-121.157913
5448.573303	-120.478012
5449.246216	-120.199318
5449.919128	-120.066154
5450.592041	-119.908630
5451.264954	-120.474709
5451.937866	-120.437447
5452.610779	-120.150490
5453.283691	-120.383499
5453.956604	-120.500740
5454.629517	-119.063690
5455.302429	-119.945320
5455.975342	-120.254784
5456.648254	-120.519142
5457.321167	-120.696999
5457.994080	-120.043777
5458.666992	-120.081001
5459.339905	-119.609261
5460.012817	-120.296989
5460.685730	-120.331139
5461.358643	-120.531425
5462.031555	-121.062050
5462.704468	-120.150764
5463.377380	-120.042030
5464.050293	-121.466011
5464.723206	-122.048828
5465.396118	-121.175560
5466.069031	-119.669373
5466.741943	-120.054031
5467.414856	-120.065575
5468.087769	-119.267899
5468.760681	-119.904610
5469.433594	-120.497650
5470.106506	-121.344894
5470.779419	-121.493591
5471.452332	-120.539024
5472.125244	-119.416595
5472.798157	-119.256805
5473.471069	-119.679161
5474.143982	-119.719337
5474.816895	-120.309471
5475.489807	-119.615921
5476.162720	-119.648178
5476.835632	-119.942719
5477.508545	-119.730766
5478.181458	-119.880814
5478.854370	-119.544395
5479.527283	-118.896400
5480.200195	-119.889557
5480.873108	-120.196762
5481.546021	-120.499084
5482.218933	-119.077240
5482.891846	-119.194374
5483.564758	-119.779366
5484.237671	-120.044640
5484.910583	-121.341293
5485.583496	-121.177391
5486.256409	-120.434731
5486.929321	-119.741211
5487.602234	-120.125595
5488.275146	-122.019707
5488.948059	-120.790771
5489.620972	-119.587692
5490.293884	-120.203644
5490.966797	-119.612190
5491.639709	-119.815224
5492.312622	-120.429337
5492.985535	-120.239082
5493.658447	-119.825256
5494.331360	-120.103432
5495.004272	-120.006889
5495.677185	-120.591850
5496.350098	-119.778526
5497.023010	-120.676903
5497.695923	-122.020012
5498.368835	-121.047409
5499.041748	-121.348061
5499.714661	-120.380249
5500.387573	-119.009003
5501.060486	-119.583374
5501.733398	-121.436523
5502.406311	-121.493790
5503.079224	-120.873451
5503.752136	-121.093437
5504.425049	-119.923134
5505.097961	-119.980019
5505.770874	-122.048912
5506.443787	-121.013817
5507.116699	-119.848328
5507.789612	-120.053635
5508.462524	-120.155426
5509.135437	-119.997528
5509.808350	-120.373764
5510.481262	-121.269745
5511.154175	-120.305634
5511.827087	-119.418388
5512.500000	-120.220314
5513.172913	-120.612350
5513.845825	-120.220619
5514.518738	-120.090729
5515.191650	-119.887489
5515.864563	-120.841141
5516.537476	-120.063622
5517.210388	-120.105385
5517.883301	-120.672707
5518.556213	-120.750320
5519.229126	-120.574890
5519.902039	-120.322258
5520.574951	-119.798615
5521.247864	-119.632324
5521.920776	-120.548485
5522.593689	-120.390175
5523.266602	-120.893616
5523.939514	-120.392082
5524.612427	-120.711983
5525.285339	-120.441017
5525.958252	-119.618752
5526.631165	-120.264664
5527.304077	-121.028519
5527.976990	-120.937927
5528.649902	-120.671394
5529.322815	-120.836449
5529.995728	-119.494560
5530.668640	-119.278564
5531.341553	-120.650253
5532.014465	-119.505310
5532.687378	-120.275703
5533.360291	-120.161949
5534.033203	-119.470955
5534.706116	-118.558388
5535.379028	-119.385979
5536.051941	-120.064453
5536.724854	-119.839668
5537.397766	-119.152000
5538.070679	-119.337303
5538.743591	-119.480934
5539.416504	-120.079597
5540.089417	-119.950363
5540.762329	-120.039680
5541.435242	-120.944527
5542.108154	-121.021706
5542.781067	-120.170967
5543.453979	-118.736549
5544.126892	-118.999115
5544.799805	-120.918709
5545.472717	-121.051056
5546.145630	-121.028236
5546.818542	-120.812180
5547.491455	-120.871971
5548.164368	-120.560158
5548.837280	-120.489861
5549.510193	-120.965431
5550.183105	-120.284187
5550.856018	-120.090157
5551.528931	-120.800545
5552.201843	-120.394608
5552.874756	-119.465469
5553.547668	-119.763535
5554.220581	-119.466446
5554.893494	-119.645523
5555.566406	-119.076851
5556.239319	-119.967445
5556.912231	-120.748718
5557.585144	-120.936478
5558.258057	-120.178596
5558.930969	-120.049240
5559.603882	-121.334381
5560.276794	-120.111839
5560.949707	-121.113083
5561.622620	-120.185776
5562.295532	-119.853020
5562.968445	-120.135986
5563.641357	-119.725624
5564.314270	-120.616600
5564.987183	-120.323532
5565.660095	-120.374107
5566.333008	-120.701248
5567.005920	-120.429993
5567.678833	-119.701767
5568.351746	-119.399445
5569.024658	-120.608269
5569.697571	-119.979935
5570.370483	-119.862175
5571.043396	-120.701805
5571.716309	-120.399544
5572.389221	-120.427055
5573.062134	-120.958176
5573.735046	-120.104027
5574.407959	-120.351852
5575.080872	-121.242996
5575.753784	-119.994240
5576.426697	-119.981621
5577.099609	-120.531502
5577.772522	-119.951927
5578.445435	-119.173363
5579.118347	-119.686195
5579.791260	-120.042313
5580.464172	-120.175117
5581.137085	-120.923462
5581.809998	-122.152672
5582.482910	-120.643341
5583.155823	-121.290749
5583.828735	-120.131393
5584.501648	-119.882141
5585.174561	-119.932175
5585.847473	-119.685272
5586.520386	-119.809845
5587.193298	-120.740921
5587.866211	-120.601822
5588.539124	-120.703773
5589.212036	-121.001640
5589.884949	-120.909042
5590.557861	-120.512276
5591.230774	-120.715073
5591.903687	-120.360909
5592.576599	-120.178741
5593.249512	-120.556023
5593.922424	-120.150406
5594.595337	-119.554474
5595.268250	-120.123055
5595.941162	-120.225685
5596.614075	-119.629272
5597.286987	-120.620926
5597.959900	-120.223404
5598.632812	-119.225105
5599.305725	-119.873993
5599.978638	-119.188522
5600.651550	-118.949493
5601.324463	-119.790092
5601.997375	-121.079712
5602.670288	-120.438713
5603.343201	-120.113991
5604.016113	-120.887505
5604.689026	-121.397209
5605.361938	-120.549683
5606.034851	-120.369797
5606.707764	-119.786911
5607.380676	-119.357170
5608.053589	-119.147919
5608.726501	-119.668213
5609.399414	-119.629692
5610.072327	-119.699318
5610.745239	-119.226570
5611.418152	-120.192558
5612.091064	-120.259308
5612.763977	-120.182495
5613.436890	-120.455070
5614.109802	-120.759132
5614.782715	-121.184410
5615.455627	-121.346169
5616.128540	-121.438278
5616.801453	-120.805733
5617.474365	-119.685867
5618.147278	-120.249237
5618.820190	-120.324043
5619.493103	-119.419182
5620.166016	-120.569893
5620.838928	-120.082932
5621.511841	-119.728119
5622.184753	-120.596092
5622.857666	-121.139053
5623.530579	-121.884941
5624.203491	-120.586815
5624.876404	-119.548721
5625.549316	-119.737747
5626.222229	-120.134773
5626.895142	-119.922768
5627.568054	-120.063034
5628.240967	-120.209976
5628.913879	-120.070763
5629.586792	-120.322670
5630.259705	-120.476234
5630.932617	-120.480186
5631.605530	-119.597763
5632.278442	-119.915421
5632.951355	-119.336365
5633.624268	-120.077011
5634.297180	-120.955322
5634.970093	-120.383415
5635.643005	-119.787804
5636.315918	-120.147339
5636.988831	-120.136047
5637.661743	-121.388794
5638.334656	-121.545586
5639.007568	-120.641312
5639.680481	-120.596443
5640.353394	-120.909477
5641.026306	-120.505943
5641.699219	-120.513123
5642.372131	-120.441338
5643.045044	-121.457230
5643.717957	-121.604904
5644.390869	-120.571114
5645.063782	-119.950623
5645.736694	-119.256477
5646.409607	-119.509819
5647.082520	-119.882019
5647.755432	-119.777954
5648.428345	-120.415604
5649.101257	-120.682091
5649.774170	-120.459717
5650.447083	-120.489838
5651.119995	-119.959351
5651.792908	-120.461479
5652.465820	-120.289169
5653.138733	-120.368919
5653.811646	-120.909698
5654.484558	-119.793556
5655.157471	-120.295212
5655.830383	-119.390465
5656.503296	-119.551659
5657.176208	-119.392578
5657.849121	-119.593018
5658.522034	-120.779549
5659.194946	-121.038589
5659.867859	-121.479858
5660.540771	-121.179672
5661.213684	-120.686745
5661.886597	-120.929688
5662.559509	-120.362122
5663.232422	-120.284973
5663.905334	-119.356812
5664.578247	-120.022240
5665.251160	-120.588814
5665.924072	-119.951065
5666.596985	-120.503372
5667.269897	-120.825897
5667.942810	-120.762856
5668.615723	-120.939842
5669.288635	-120.587509
5669.961548	-119.800194
5670.634460	-119.666862
5671.307373	-120.519157
5671.980286	-121.126099
5672.653198	-121.198792
5673.326111	-120.241638
5673.999023	-120.908516
5674.671936	-120.560440
5675.344849	-120.671440
5676.017761	-121.198845
5676.690674	-120.872665
5677.363586	-121.026894
5678.036499	-120.258400
5678.709412	-121.068611
5679.382324	-120.197716
5680.055237	-120.067963
5680.728149	-120.065826
5681.401062	-119.921852
5682.073975	-120.838394
5682.746887	-120.208046
5683.419800	-119.886276
5684.092712	-119.010773
5684.765625	-119.210991
5685.438538	-119.479286
5686.111450	-119.938721
5686.784363	-119.768242
5687.457275	-120.492508
5688.130188	-120.564590
5688.803101	-119.954559
5689.476013	-119.904007
5690.148926	-120.797913
5690.821838	-120.435951
5691.494751	-120.486496
5692.167664	-120.897102
5692.840576	-120.859360
5693.513489	-120.362328
5694.186401	-119.827873
5694.859314	-121.023346
5695.532227	-119.958580
5696.205139	-119.947075
5696.878052	-120.581612
5697.550964	-120.469070
5698.223877	-120.276810
5698.896790	-120.847183
5699.569702	-120.712601
5700.242615	-120.492851
5700.915527	-119.743835
5701.588440	-119.455864
5702.261353	-120.631500
5702.934265	-120.426788
5703.607178	-120.764687
5704.280090	-120.627739
5704.953003	-120.380180
5705.625916	-119.873131
5706.298828	-119.484718
5706.971741	-119.797302
5707.644653	-120.709129
5708.317566	-120.437645
5708.990479	-120.845032
5709.663391	-121.561119
5710.336304	-120.616821
5711.009216	-120.236519
5711.682129	-120.372299
5712.355042	-120.707352
5713.027954	-121.038918
5713.700867	-120.783363
5714.373779	-120.762276
5715.046692	-120.271935
5715.719604	-120.033524
5716.392517	-120.414574
5717.065430	-120.615288
5717.738342	-120.280106
5718.411255	-119.955070
5719.084167	-119.547844
5719.757080	-119.338928
5720.429993	-120.151634
5721.102905	-120.063606
5721.775818	-120.187927
5722.448730	-120.018486
5723.121643	-120.628540
5723.794556	-121.254013
5724.467468	-120.077660
5725.140381	-120.842445
5725.813293	-120.379585
5726.486206	-120.238037
5727.159119	-119.401711
5727.832031	-120.275589
5728.504944	-121.419991
5729.177856	-120.802696
5729.850769	-120.719940
5730.523682	-120.880623
5731.196594	-121.511635
5731.869507	-120.515007
5732.542419	-120.362686
5733.215332	-120.237251
5733.888245	-120.432068
5734.561157	-120.830154
5735.234070	-121.550407
5735.906982	-120.870789
5736.579895	-120.566193
5737.252808	-120.588631
5737.925720	-120.353493
5738.598633	-120.767479
5739.271545	-120.942123
5739.944458	-119.967361
5740.617371	-119.360207
5741.290283	-120.630287
5741.963196	-119.648895
5742.636108	-119.035973
5743.309021	-120.141022
5743.981934	-120.857872
5744.654846	-118.642776
5745.327759	-118.766251
5746.000671	-120.199608
5746.673584	-121.004776
5747.346497	-120.045067
5748.019409	-119.487427
5748.692322	-119.478745
5749.365234	-120.228363
5750.038147	-120.110634
5750.711060	-119.838913
5751.383972	-120.119774
5752.056885	-120.529984
5752.729797	-119.644829
5753.402710	-119.513161
5754.075623	-121.203392
5754.748535	-123.253578
5755.421448	-121.150780
5756.094360	-119.902153
5756.767273	-120.052963
5757.440186	-120.186737
5758.113098	-120.283157
5758.786011	-119.465202
5759.458923	-120.739670
5760.131836	-120.628098
5760.804749	-120.074135
5761.477661	-120.261726
5762.150574	-121.049782
5762.823486	-120.577347
5763.496399	-120.461700
5764.169312	-120.026978
5764.842224	-120.169601
5765.515137	-121.024597
5766.188049	-121.020012
5766.860962	-120.464355
5767.533875	-120.782913
5768.206787	-120.784752
5768.879700	-119.230980
5769.552612	-119.293976
5770.225525	-119.752655
5770.898438	-119.725945
5771.571350	-120.330933
5772.244263	-119.826309
5772.917175	-119.759911
5773.590088	-121.031120
5774.263000	-120.622276
5774.935913	-120.848854
5775.608826	-121.481239
5776.281738	-120.655212
5776.954651	-120.322014
5777.627563	-121.406235
5778.300476	-121.425201
5778.973389	-120.514931
5779.646301	-120.702095
5780.319214	-120.867508
5780.992126	-119.325714
5781.665039	-119.223846
5782.337952	-119.527962
5783.010864	-119.579590
5783.683777	-119.841591
5784.356689	-120.505821
5785.029602	-120.661133
5785.702515	-120.883263
5786.375427	-121.099571
5787.048340	-120.235962
5787.721252	-119.782799
5788.394165	-120.572342
5789.067078	-120.641968
5789.739990	-120.075699
5790.412903	-120.085709
5791.085815	-120.256569
5791.758728	-119.956635
5792.431641	-120.456886
5793.104553	-120.453079
5793.777466	-120.867401
5794.450378	-121.693298
5795.123291	-120.892921
5795.796204	-120.666237
5796.469116	-119.529037
5797.142029	-119.545059
5797.814941	-120.013031
5798.487854	-120.121330
5799.160767	-120.705559
5799.833679	-120.575706
5800.506592	-120.069954
5801.179504	-119.749405
5801.852417	-120.232132
5802.525330	-121.550354
5803.198242	-119.928284
5803.871155	-120.242035
5804.544067	-120.218788
5805.216980	-120.825867
5805.889893	-120.510269
5806.562805	-120.810570
5807.235718	-121.447624
5807.908630	-121.025558
5808.581543	-120.616219
5809.254456	-120.738472
5809.927368	-120.458954
5810.600281	-121.284386
5811.273193	-120.101540
5811.946106	-120.185600
5812.619019	-120.081841
5813.291931	-120.656029
5813.964844	-120.044479
5814.637756	-119.237862
5815.310669	-120.189629
5815.983582	-121.728271
5816.656494	-120.925285
5817.329407	-119.909233
5818.002319	-119.483864
5818.675232	-120.193565
5819.348145	-120.281639
5820.021057	-119.352272
5820.693970	-119.252800
5821.366882	-119.686607
5822.039795	-121.123871
5822.712708	-121.221565
5823.385620	-121.191223
5824.058533	-120.155342
5824.731445	-120.555344
5825.404358	-121.474564
5826.077271	-120.459579
5826.750183	-120.678673
5827.423096	-120.303383
5828.096008	-119.514687
5828.768921	-119.112167
5829.441833	-120.095825
5830.114746	-119.130013
5830.787659	-119.314316
5831.460571	-121.203064
5832.133484	-119.632759
5832.806396	-119.952499
5833.479309	-121.426895
5834.152222	-121.256607
5834.825134	-120.541321
5835.498047	-121.252792
5836.170959	-121.190079
5836.843872	-121.234879
5837.516785	-120.458466
5838.189697	-120.290916
5838.862610	-120.618149
5839.535522	-120.166962
5840.208435	-120.677277
5840.881348	-120.181206
5841.554260	-120.082664
5842.227173	-119.542763
5842.900085	-120.207787
5843.572998	-120.965988
5844.245911	-120.183846
5844.918823	-120.867905
5845.591736	-119.428696
5846.264648	-120.164139
5846.937561	-119.821739
5847.610474	-119.478294
5848.283386	-120.584351
5848.956299	-120.693459
5849.629211	-120.045761
5850.302124	-120.063690
5850.975037	-119.802208
5851.647949	-119.704933
5852.320862	-120.176208
5852.993774	-119.848999
5853.666687	-120.355743
5854.339600	-120.294792
5855.012512	-120.204422
5855.685425	-120.579170
5856.358337	-121.039406
5857.031250	-120.810280
5857.704163	-120.327156
5858.377075	-120.155899
5859.049988	-120.067245
5859.722900	-120.913193
5860.395813	-121.248230
5861.068726	-119.180717
5861.741638	-119.320084
5862.414551	-120.957748
5863.087463	-120.416695
5863.760376	-119.720192
5864.433289	-120.194855
5865.106201	-120.488113
5865.779114	-121.187775
5866.452026	-121.023361
5867.124939	-120.435318
5867.797852	-119.818657
5868.470764	-119.863068
5869.143677	-120.375961
5869.816589	-120.662590
5870.489502	-120.539589
5871.162415	-120.415573
5871.835327	-120.853233
5872.508240	-120.758682
5873.181152	-119.681145
5873.854065	-119.078804
5874.526978	-119.579712
5875.199890	-120.401138
5875.872803	-121.530052
5876.545715	-119.630249
5877.218628	-120.361458
5877.891541	-120.578232
5878.564453	-119.934380
5879.237366	-120.770172
5879.910278	-121.548538
5880.583191	-120.295280
5881.256104	-119.827705
5881.929016	-121.039001
5882.601929	-121.280098
5883.274841	-120.985779
5883.947754	-120.902206
5884.620667	-120.605446
5885.293579	-120.223351
5885.966492	-120.973381
5886.639404	-120.110489
5887.312317	-120.260185
5887.985229	-120.482323
5888.658142	-120.135376
5889.331055	-120.194832
5890.003967	-120.447327
5890.676880	-120.797386
5891.349792	-119.835213
5892.022705	-120.570847
5892.695618	-120.950356
5893.368530	-120.549980
5894.041443	-120.080498
5894.714355	-120.071175
5895.387268	-119.753738
5896.060181	-120.189392
5896.733093	-120.078568
5897.406006	-119.632874
5898.078918	-121.207520
5898.751831	-120.052177
5899.424744	-120.354401
5900.097656	-120.514420
5900.770569	-120.702339
5901.443481	-119.731819
5902.116394	-119.861298
5902.789307	-120.610397
5903.462219	-120.248329
5904.135132	-119.330040
5904.808044	-119.789917
5905.480957	-119.900154
5906.153870	-120.373985
5906.826782	-121.344551
5907.499695	-120.753006
5908.172607	-119.291229
5908.845520	-119.414207
5909.518433	-120.765503
5910.191345	-120.993401
5910.864258	-120.381485
5911.537170	-120.298058
5912.210083	-120.136658
5912.882996	-120.185959
5913.555908	-119.754761
5914.228821	-119.628990
5914.901733	-119.878868
5915.574646	-120.245201
5916.247559	-119.489250
5916.920471	-120.177017
5917.593384	-120.541740
5918.266296	-121.006271
5918.939209	-120.917297
5919.612122	-120.355141
5920.285034	-120.961975
5920.957947	-121.843353
5921.630859	-121.156570
5922.303772	-120.075554
5922.976685	-121.425591
5923.649597	-120.312378
5924.322510	-119.513382
5924.995422	-120.960709
5925.668335	-120.870705
5926.341248	-121.488327
5927.014160	-121.025604
5927.687073	-120.013718
5928.359985	-120.401794
5929.032898	-120.493835
5929.705811	-120.706360
5930.378723	-121.247864
5931.051636	-120.365479
5931.724548	-119.697006
5932.397461	-119.838478
5933.070374	-119.639702
5933.743286	-120.529503
5934.416199	-121.044945
5935.089111	-120.920883
5935.762024	-120.287048
5936.434937	-119.678543
5937.107849	-121.394859
5937.780762	-121.489975
5938.453674	-121.048401
5939.126587	-120.552498
5939.799500	-119.970688
5940.472412	-119.983650
5941.145325	-121.060768
5941.818237	-121.252998
5942.491150	-121.067375
5943.164062	-120.290985
5943.836975	-120.808083
5944.509888	-121.472397
5945.182800	-122.251404
5945.855713	-120.303894
5946.528625	-119.539246
5947.201538	-120.480064
5947.874451	-120.100288
5948.547363	-120.786705
5949.220276	-120.907860
5949.893188	-119.354362
5950.566101	-120.267876
5951.239014	-120.431282
5951.911926	-119.627357
5952.584839	-119.871986
5953.257751	-120.319588
5953.930664	-120.488174
5954.603577	-120.724358
5955.276489	-120.282120
5955.949402	-119.781219
5956.622314	-120.645531
5957.295227	-121.292496
5957.968140	-121.284210
5958.641052	-121.060272
5959.313965	-121.564857
5959.986877	-120.317184
5960.659790	-119.484177
5961.332703	-120.101448
5962.005615	-120.941597
5962.678528	-120.763184
5963.351440	-120.401939
5964.024353	-120.818329
5964.697266	-121.177292
5965.370178	-119.764732
5966.043091	-120.078331
5966.716003	-120.658707
5967.388916	-121.033127
5968.061829	-120.633438
5968.734741	-120.900208
5969.407654	-120.687462
5970.080566	-119.738289
5970.753479	-119.596703
5971.426392	-119.769394
5972.099304	-120.954521
5972.772217	-120.484268
5973.445129	-119.721603
5974.118042	-119.623001
5974.790955	-120.911995
5975.463867	-120.644722
5976.136780	-121.112289
5976.809692	-121.636513
5977.482605	-121.418213
5978.155518	-120.903580
5978.828430	-120.522804
5979.501343	-120.449135
5980.174255	-120.058907
5980.847168	-120.476707
5981.520081	-120.156143
5982.192993	-119.659668
5982.865906	-120.259613
5983.538818	-120.475296
5984.211731	-119.556381
5984.884644	-119.933762
5985.557556	-121.730461
5986.230469	-121.690186
5986.903381	-120.302177
5987.576294	-119.949333
5988.249207	-119.689232
5988.922119	-119.552353
5989.595032	-119.770744
5990.267944	-120.215523
5990.940857	-119.446289
5991.613770	-121.075523
5992.286682	-119.652611
5992.959595	-119.769127
5993.632507	-120.849190
5994.305420	-119.949593
5994.978333	-119.737633
5995.651245	-120.492569
5996.324158	-121.270256
5996.997070	-120.491638
5997.669983	-119.630394
5998.342896	-118.541237
5999.015808	-119.153061
5999.688721	-120.325653
6000.361633	-120.689735
6001.034546	-120.190010
6001.707458	-120.190796
6002.380371	-119.930611
6003.053284	-120.049637
6003.726196	-120.594162
6004.399109	-120.520508
6005.072021	-119.992050
6005.744934	-120.090034
6006.417847	-119.776375
6007.090759	-120.070549
6007.763672	-119.551224
6008.436584	-119.339546
6009.109497	-120.618462
6009.782410	-121.281219
6010.455322	-120.699333
6011.128235	-119.534904
6011.801147	-118.802132
6012.474060	-119.235886
6013.146973	-119.606522
6013.819885	-119.928909
6014.492798	-121.197655
6015.165710	-120.590706
6015.838623	-119.916916
6016.511536	-119.679184
6017.184448	-119.527565
6017.857361	-120.070969
6018.530273	-121.312370
6019.203186	-120.978333
6019.876099	-120.746643
6020.549011	-120.264900
6021.221924	-119.904358
6021.894836	-121.218193
6022.567749	-120.762970
6023.240662	-119.393044
6023.913574	-118.728317
6024.586487	-119.568420
6025.259399	-120.344971
6025.932312	-121.599968
6026.605225	-121.094193
6027.278137	-120.275002
6027.951050	-119.249268
6028.623962	-119.681908
6029.296875	-119.728630
6029.969788	-120.155472
6030.642700	-120.941414
6031.315613	-121.537117
6031.988525	-121.525566
6032.661438	-121.165375
6033.334351	-120.462776
6034.007263	-120.101486
6034.680176	-120.321167
6035.353088	-119.615532
6036.026001	-119.570610
6036.698914	-119.509567
6037.371826	-119.706024
6038.044739	-119.777893
6038.717651	-120.038597
6039.390564	-120.824059
6040.063477	-121.127686
6040.736389	-120.310310
6041.409302	-120.358864
6042.082214	-120.344559
6042.755127	-119.910652
6043.428040	-120.138855
6044.100952	-120.040207
6044.773865	-120.248291
6045.446777	-121.041946
6046.119690	-120.200623
6046.792603	-120.843193
6047.465515	-121.110176
6048.138428	-119.962326
6048.811340	-119.570671
6049.484253	-119.351921
6050.157166	-119.098045
6050.830078	-119.616684
6051.502991	-119.872467
6052.175903	-119.540100
6052.848816	-119.582901
6053.521729	-120.873589
6054.194641	-121.065811
6054.867554	-120.623718
6055.540466	-120.090874
6056.213379	-119.862335
6056.886292	-120.454895
6057.559204	-120.243637
6058.232117	-120.878334
6058.905029	-120.182877
6059.577942	-119.527092
6060.250854	-119.139267
6060.923767	-120.325531
6061.596680	-121.469498
6062.269592	-121.368484
6062.942505	-121.744598
6063.615417	-121.733528
6064.288330	-120.989471
6064.961243	-120.693687
6065.634155	-120.696617
6066.307068	-120.253593
6066.979980	-120.165802
6067.652893	-119.914551
6068.325806	-119.046394
6068.998718	-120.547890
6069.671631	-120.709488
6070.344543	-119.636871
6071.017456	-120.195961
6071.690369	-120.148827
6072.363281	-120.927818
6073.036194	-121.204437
6073.709106	-120.757370
6074.382019	-120.062332
6075.054932	-119.552368
6075.727844	-119.342003
6076.400757	-119.643707
6077.073669	-119.634827
6077.746582	-120.434219
6078.419495	-121.041847
6079.092407	-119.809738
6079.765320	-119.691582
6080.438232	-120.445122
6081.111145	-120.605705
6081.784058	-120.528656
6082.456970	-120.141914
6083.129883	-119.639366
6083.802795	-119.760445
6084.475708	-120.599869
6085.148621	-120.687157
6085.821533	-120.872543
6086.494446	-120.597092
6087.167358	-120.084526
6087.840271	-120.016418
6088.513184	-121.020866
6089.186096	-121.660423
6089.859009	-121.648598
6090.531921	-120.319611
6091.204834	-120.609390
6091.877747	-121.323685
6092.550659	-120.917107
6093.223572	-120.081306
6093.896484	-119.632584
6094.569397	-120.228828
6095.242310	-120.846451
6095.915222	-121.324448
6096.588135	-121.024475
6097.261047	-119.377914
6097.933960	-119.755661
6098.606873	-120.563828
6099.279785	-119.903183
6099.952698	-120.236832
6100.625610	-120.509232
6101.298523	-121.049461
6101.971436	-121.331116
6102.644348	-121.229713
6103.317261	-120.700859
6103.990173	-120.229599
6104.663086	-120.292999
6105.335999	-119.834503
6106.008911	-120.859787
6106.681824	-120.558701
6107.354736	-120.449554
6108.027649	-120.167633
6108.700562	-119.941605
6109.373474	-120.641365
6110.046387	-119.675255
6110.719299	-119.906212
6111.392212	-120.515762
6112.065125	-120.531807
6112.738037	-120.588486
6113.410950	-119.992432
6114.083862	-119.909698
6114.756775	-120.518906
6115.429688	-120.170624
6116.102600	-119.644760
6116.775513	-120.345001
6117.448425	-121.425278
6118.121338	-121.729675
6118.794250	-121.280136
6119.467163	-120.910294
6120.140076	-120.607559
6120.812988	-121.014320
6121.485901	-120.958893
6122.158813	-121.145073
6122.831726	-121.067009
6123.504639	-120.676018
6124.177551	-120.065239
6124.850464	-121.007553
6125.523376	-119.953522
6126.196289	-119.696472
6126.869202	-119.806885
6127.542114	-119.866295
6128.215027	-120.332253
6128.887939	-120.353745
6129.560852	-120.742462
6130.233765	-120.799278
6130.906677	-121.066963
6131.579590	-120.734390
6132.252502	-120.344406
6132.925415	-120.068916
6133.598328	-120.184319
6134.271240	-120.613335
6134.944153	-120.133362
6135.617065	-119.703384
6136.289978	-121.149635
6136.962891	-120.896523
6137.635803	-119.480995
6138.308716	-120.007179
6138.981628	-120.323723
6139.654541	-119.847443
6140.327454	-121.293449
6141.000366	-120.448875
6141.673279	-119.435081
6142.346191	-119.945786
6143.019104	-120.137810
6143.692017	-119.927986
6144.364929	-119.619827
6145.037842	-119.071381
6145.710754	-120.104065
6146.383667	-120.513596
6147.056580	-119.973373
6147.729492	-120.932526
6148.402405	-121.841949
6149.075317	-120.138214
6149.748230	-119.545273
6150.421143	-119.646408
6151.094055	-119.700905
6151.766968	-120.250931
6152.439880	-120.662781
6153.112793	-119.423859
6153.785706	-119.864876
6154.458618	-119.862732
6155.131531	-120.946152
6155.804443	-121.525352
6156.477356	-120.831146
6157.150269	-120.370972
6157.823181	-119.833565
6158.496094	-119.338593
6159.169006	-119.709648
6159.841919	-119.372887
6160.514832	-119.868996
6161.187744	-120.753952
6161.860657	-120.114304
6162.533569	-120.170197
6163.206482	-120.718285
6163.879395	-121.135933
6164.552307	-121.074310
6165.225220	-120.209946
6165.898132	-119.559677
6166.571045	-119.897446
6167.243958	-119.907631
6167.916870	-118.811592
6168.589783	-118.971054
6169.262695	-119.685959
6169.935608	-119.310509
6170.608521	-121.700836
6171.281433	-121.296783
6171.954346	-121.253761
6172.627258	-121.602921
6173.300171	-121.377113
6173.973083	-120.153397
6174.645996	-119.359787
6175.318909	-120.415840
6175.991821	-119.491997
6176.664734	-120.073967
6177.337646	-119.895065
6178.010559	-120.520218
6178.683472	-119.919228
6179.356384	-119.838211
6180.029297	-120.190491
6180.702209	-120.521454
6181.375122	-120.650452
6182.048035	-120.598419
6182.720947	-119.873421
6183.393860	-119.941147
6184.066772	-120.289848
6184.739685	-120.433456
6185.412598	-120.153381
6186.085510	-119.870728
6186.758423	-120.815666
6187.431335	-120.491493
6188.104248	-121.341042
6188.777161	-121.350952
6189.450073	-120.861313
6190.122986	-120.504616
6190.795898	-119.513481
6191.468811	-119.444382
6192.141724	-120.433052
6192.814636	-120.389847
6193.487549	-119.447945
6194.160461	-119.626266
6194.833374	-119.975632
6195.506287	-120.238144
6196.179199	-121.224388
6196.852112	-121.073456
6197.525024	-120.373802
6198.197937	-118.701157
6198.870850	-119.826546
6199.543762	-120.726768
6200.216675	-120.602821
6200.889587	-120.515091
6201.562500	-120.753517
6202.235413	-120.328728
6202.908325	-119.084923
6203.581238	-119.671539
6204.254150	-121.333557
6204.927063	-121.058479
6205.599976	-120.441399
6206.272888	-119.689240
6206.945801	-119.746681
6207.618713	-120.226570
6208.291626	-120.238945
6208.964539	-120.870361
6209.637451	-120.595284
6210.310364	-120.422470
6210.983276	-120.395210
6211.656189	-120.435791
6212.329102	-120.379204
6213.002014	-119.601578
6213.674927	-119.379021
6214.347839	-119.038246
6215.020752	-119.770409
6215.693665	-120.062950
6216.366577	-119.829025
6217.039490	-120.515442
6217.712402	-120.699638
6218.385315	-119.679001
6219.058228	-119.644249
6219.731140	-119.158470
6220.404053	-119.428856
6221.076965	-120.410217
6221.749878	-121.099228
6222.422791	-120.816895
6223.095703	-120.544380
6223.768616	-120.516251
6224.441528	-119.876030
6225.114441	-119.885002
6225.787354	-119.652641
6226.460266	-119.593689
6227.133179	-120.282936
6227.806091	-120.592979
6228.479004	-120.718208
6229.151917	-121.143402
6229.824829	-120.773834
6230.497742	-119.798790
6231.170654	-120.241913
6231.843567	-119.507095
6232.516479	-119.789757
6233.189392	-120.947052
6233.862305	-120.398643
6234.535217	-119.742668
6235.208130	-120.334679
6235.881042	-119.493835
6236.553955	-119.775948
6237.226868	-119.598640
6237.899780	-118.843803
6238.572693	-118.799866
6239.245605	-120.049500
6239.918518	-120.554794
6240.591431	-120.450935
6241.264343	-119.849190
6241.937256	-119.529892
6242.610168	-120.286674
6243.283081	-119.715851
6243.955994	-119.372826
6244.628906	-120.063324
6245.301819	-119.929153
6245.974731	-120.143021
6246.647644	-120.168571
6247.320557	-120.168709
6247.993469	-120.701439
6248.666382	-120.219612
6249.339294	-120.563492
6250.012207	-121.451347
6250.685120	-120.206131
6251.358032	-119.347122
6252.030945	-119.799095
6252.703857	-119.730026
6253.376770	-119.567719
6254.049683	-119.977570
6254.722595	-119.413757
6255.395508	-119.220612
6256.068420	-120.949944
6256.741333	-120.450150
6257.414246	-119.926804
6258.087158	-119.552155
6258.760071	-119.942726
6259.432983	-120.028427
6260.105896	-120.317451
6260.778809	-119.397697
6261.451721	-119.580460
6262.124634	-120.161674
6262.797546	-120.467896
6263.470459	-120.993340
6264.143372	-120.162613
6264.816284	-120.255280
6265.489197	-119.275383
6266.162109	-119.655937
6266.835022	-119.128983
6267.507935	-119.616470
6268.180847	-120.829453
6268.853760	-120.266014
6269.526672	-120.650078
6270.199585	-121.196304
6270.872498	-120.605080
6271.545410	-120.865295
6272.218323	-120.161751
6272.891235	-120.544807
6273.564148	-120.243607
6274.237061	-120.439651
6274.909973	-120.166145
6275.582886	-120.617287
6276.255798	-120.166328
6276.928711	-120.032455
6277.601624	-118.429146
6278.274536	-119.357841
6278.947449	-120.605240
6279.620361	-120.336670
6280.293274	-120.063377
6280.966187	-119.431274
6281.639099	-120.741333
6282.312012	-120.882683
6282.984924	-121.316490
6283.657837	-121.149300
6284.330750	-121.071587
6285.003662	-119.973373
6285.676575	-119.233261
6286.349487	-119.507462
6287.022400	-119.618103
6287.695312	-119.446503
6288.368225	-119.647484
6289.041138	-119.687523
6289.714050	-120.122002
6290.386963	-119.155350
6291.059875	-119.113205
6291.732788	-120.455070
6292.405701	-120.820946
6293.078613	-119.884445
6293.751526	-120.980507
6294.424438	-120.310410
6295.097351	-119.641380
6295.770264	-120.229614
6296.443176	-120.370743
6297.116089	-120.874893
6297.789001	-121.654510
6298.461914	-120.755257
6299.134827	-120.622009
6299.807739	-119.984787
6300.480652	-120.691040
6301.153564	-120.183891
6301.826477	-119.437141
6302.499390	-119.965187
6303.172302	-120.356232
6303.845215	-120.931969
6304.518127	-121.280884
6305.191040	-119.930824
6305.863953	-118.894119
6306.536865	-119.847595
6307.209778	-121.193939
6307.882690	-120.922829
6308.555603	-120.521599
6309.228516	-120.545433
6309.901428	-121.139160
6310.574341	-121.465607
6311.247253	-121.766121
6311.920166	-120.703262
6312.593079	-120.550400
6313.265991	-120.891014
6313.938904	-120.682320
6314.611816	-119.923378
6315.284729	-119.947350
6315.957642	-120.181091
6316.630554	-120.457710
6317.303467	-121.172188
6317.976379	-120.635376
6318.649292	-119.362404
6319.322205	-120.397919
6319.995117	-120.601730
6320.668030	-119.803352
6321.340942	-119.436920
6322.013855	-119.409050
6322.686768	-119.746834
6323.359680	-119.728783
6324.032593	-119.847542
6324.705505	-119.312775
6325.378418	-119.613640
6326.051331	-120.099464
6326.724243	-120.432289
6327.397156	-119.755402
6328.070068	-119.702057
6328.742981	-119.342949
6329.415894	-120.212486
6330.088806	-120.644905
6330.761719	-121.335609
6331.434631	-120.814201
6332.107544	-119.419891
6332.780457	-119.055717
6333.453369	-119.798225
6334.126282	-119.229614
6334.799194	-119.387497
6335.472107	-120.458809
6336.145020	-119.463905
6336.817932	-119.247086
6337.490845	-119.823685
6338.163757	-120.370560
6338.836670	-119.451424
6339.509583	-120.322990
6340.182495	-120.910797
6340.855408	-119.329735
6341.528320	-119.688721
6342.201233	-121.101112
6342.874146	-119.756554
6343.547058	-120.294022
6344.219971	-120.686203
6344.892883	-119.704369
6345.565796	-119.829720
6346.238708	-121.130928
6346.911621	-121.022697
6347.584534	-121.469284
6348.257446	-121.432014
6348.930359	-120.929390
6349.603271	-120.952766
6350.276184	-120.410957
6350.949097	-118.997208
6351.622009	-119.598305
6352.294922	-120.590981
6352.967834	-119.949829
6353.640747	-120.767281
6354.313660	-120.995712
6354.986572	-121.738258
6355.659485	-121.258911
6356.332397	-120.015022
6357.005310	-119.481178
6357.678223	-119.097443
6358.351135	-119.580452
6359.024048	-119.058876
6359.696960	-119.135521
6360.369873	-119.630150
6361.042786	-121.194290
6361.715698	-120.822250
6362.388611	-121.098625
6363.061523	-120.136795
6363.734436	-118.455894
6364.407349	-118.861786
6365.080261	-119.830025
6365.753174	-119.539398
6366.426086	-119.805672
6367.098999	-119.526863
6367.771912	-119.052925
6368.444824	-119.395218
6369.117737	-120.198944
6369.790649	-119.372658
6370.463562	-119.695251
6371.136475	-119.743874
6371.809387	-119.532837
6372.482300	-119.439621
6373.155212	-119.793770
6373.828125	-119.608711
6374.501038	-120.804199
6375.173950	-120.839165
6375.846863	-121.208618
6376.519775	-120.898445
6377.192688	-120.284386
6377.865601	-120.480835
6378.538513	-120.135735
6379.211426	-120.544891
6379.884338	-119.979691
6380.557251	-120.173683
6381.230164	-120.935410
6381.903076	-121.430977
6382.575989	-120.736908
6383.248901	-119.730705
6383.921814	-119.247009
6384.594727	-119.937370
6385.267639	-121.076332
6385.940552	-122.075417
6386.613464	-121.252533
6387.286377	-121.412277
6387.959290	-120.590569
6388.632202	-120.113602
6389.305115	-119.660820
6389.978027	-119.642700
6390.650940	-119.472794
6391.323853	-119.737572
6391.996765	-119.836319
6392.669678	-120.226105
6393.342590	-120.205147
6394.015503	-120.426186
6394.688416	-120.219292
6395.361328	-119.651337
6396.034241	-119.891396
6396.707153	-120.104965
6397.380066	-120.755081
6398.052979	-120.736801
6398.725891	-119.976051
6399.398804	-120.109230
6400.071716	-119.497459
6400.744629	-120.076630
6401.417542	-119.199615
6402.090454	-118.839081
6402.763367	-119.695084
6403.436279	-120.458794
6404.109192	-120.845688
6404.782104	-120.412010
6405.455017	-120.365303
6406.127930	-120.594460
6406.800842	-121.435188
6407.473755	-120.880142
6408.146667	-120.157455
6408.819580	-119.460144
6409.492493	-118.509544
6410.165405	-119.137489
6410.838318	-120.392509
6411.511230	-120.248528
6412.184143	-120.089684
6412.857056	-120.539505
6413.529968	-121.254265
6414.202881	-120.469780
6414.875793	-120.742111
6415.548706	-120.837273
6416.221619	-121.752846
6416.894531	-120.045029
6417.567444	-119.770279
6418.240356	-120.579468
6418.913269	-119.978249
6419.586182	-119.259109
6420.259094	-119.128929
6420.932007	-119.437805
6421.604919	-120.684906
6422.277832	-120.995537
6422.950745	-120.589394
6423.623657	-120.518204
6424.296570	-120.399330
6424.969482	-121.377472
6425.642395	-121.524780
6426.315308	-121.126114
6426.988220	-121.313988
6427.661133	-121.465996
6428.334045	-120.592751
6429.006958	-119.909653
6429.679871	-120.291611
6430.352783	-120.480103
6431.025696	-120.405678
6431.698608	-119.990761
6432.371521	-120.054771
6433.044434	-119.360756
6433.717346	-119.745537
6434.390259	-120.147697
6435.063171	-120.484863
6435.736084	-120.158150
6436.408997	-119.681114
6437.081909	-118.455971
6437.754822	-119.088539
6438.427734	-119.584747
6439.100647	-119.982460
6439.773560	-119.745201
6440.446472	-119.635475
6441.119385	-119.917114
6441.792297	-119.930305
6442.465210	-119.718231
6443.138123	-120.143204
6443.811035	-120.541420
6444.483948	-120.601707
6445.156860	-119.657776
6445.829773	-119.328087
6446.502686	-119.671867
6447.175598	-119.796364
6447.848511	-118.504578
6448.521423	-119.183594
6449.194336	-119.918221
6449.867249	-119.766991
6450.540161	-120.469185
6451.213074	-121.476723
6451.885986	-120.149719
6452.558899	-121.060616
6453.231812	-120.039536
6453.904724	-120.721390
6454.577637	-120.223236
6455.250549	-119.465607
6455.923462	-120.724960
6456.596375	-120.973679
6457.269287	-120.401009
6457.942200	-120.216881
6458.615112	-120.745308
6459.288025	-119.229385
6459.960938	-119.470062
6460.633850	-120.680046
6461.306763	-119.719803
6461.979675	-119.960373
6462.652588	-120.010574
6463.325500	-120.392799
6463.998413	-120.384911
6464.671326	-120.461266
6465.344238	-120.992157
6466.017151	-120.520470
6466.690063	-119.612595
6467.362976	-119.850433
6468.035889	-120.205116
6468.708801	-119.831284
6469.381714	-120.014542
6470.054626	-120.705696
6470.727539	-119.772537
6471.400452	-120.025520
6472.073364	-120.629173
6472.746277	-120.885124
6473.419189	-120.131607
6474.092102	-119.764946
6474.765015	-120.156387
6475.437927	-120.201828
6476.110840	-120.345055
6476.783752	-120.424881
6477.456665	-120.570618
6478.129578	-121.085342
6478.802490	-120.326782
6479.475403	-120.574326
6480.148315	-120.483528
6480.821228	-121.340797
6481.494141	-120.968918
6482.167053	-119.926758
6482.839966	-120.818802
6483.512878	-120.185913
6484.185791	-119.686821
6484.858704	-119.964462
6485.531616	-120.312492
6486.204529	-120.065582
6486.877441	-120.041794
6487.550354	-121.118187
6488.223267	-120.745850
6488.896179	-120.383492
6489.569092	-119.583893
6490.242004	-120.422089
6490.914917	-120.400520
6491.587830	-120.046448
6492.260742	-119.720070
6492.933655	-119.840569
6493.606567	-119.957932
6494.279480	-120.345200
6494.952393	-120.389565
6495.625305	-120.761017
6496.298218	-120.353065
6496.971130	-120.357010
6497.644043	-120.347137
6498.316956	-120.620872
6498.989868	-120.096786
6499.662781	-120.585129
6500.335693	-121.113617
6501.008606	-119.959320
6501.681519	-121.121246
6502.354431	-121.192711
6503.027344	-121.311470
6503.700256	-120.797592
6504.373169	-119.458763
6505.046082	-120.414024
6505.718994	-120.330803
6506.391907	-119.951370
6507.064819	-119.575371
6507.737732	-119.792778
6508.410645	-120.890182
6509.083557	-120.336555
6509.756470	-119.438797
6510.429382	-119.903366
6511.102295	-120.436798
6511.775208	-120.412994
6512.448120	-121.501915
6513.121033	-120.698158
6513.793945	-119.411423
6514.466858	-119.838188
6515.139771	-120.057587
6515.812683	-119.733192
6516.485596	-119.871040
6517.158508	-120.026215
6517.831421	-120.490898
6518.504333	-120.328690
6519.177246	-119.769974
6519.850159	-120.751923
6520.523071	-121.111664
6521.195984	-120.665108
6521.868896	-120.979202
6522.541809	-121.489868
6523.214722	-121.063332
6523.887634	-120.321358
6524.560547	-120.417542
6525.233459	-119.877045
6525.906372	-119.112076
6526.579285	-119.446335
6527.252197	-119.951828
6527.925110	-120.027954
6528.598022	-120.230690
6529.270935	-121.078323
6529.943848	-120.524445
6530.616760	-119.623604
6531.289673	-119.435432
6531.962585	-119.943214
6532.635498	-118.955391
6533.308411	-119.517448
6533.981323	-120.724388
6534.654236	-120.585442
6535.327148	-119.849464
6536.000061	-119.515015
6536.672974	-120.191299
6537.345886	-120.588715
6538.018799	-119.863365
6538.691711	-120.505676
6539.364624	-119.306969
6540.037537	-118.854225
6540.710449	-118.888817
6541.383362	-119.709175
6542.056274	-120.823532
6542.729187	-121.547638
6543.402100	-120.755264
6544.075012	-119.490555
6544.747925	-120.173912
6545.420837	-120.613609
6546.093750	-120.755333
6546.766663	-120.443497
6547.439575	-119.957069
6548.112488	-119.792091
6548.785400	-119.101151
6549.458313	-119.407700
6550.131226	-120.041893
6550.804138	-120.760872
6551.477051	-120.668587
6552.149963	-119.806152
6552.822876	-119.472054
6553.495789	-119.136780
6554.168701	-119.751335
6554.841614	-120.657227
6555.514526	-121.313591
6556.187439	-120.031616
6556.860352	-119.783638
6557.533264	-119.958305
6558.206177	-120.719513
6558.879089	-120.172997
6559.552002	-119.664146
6560.224915	-120.917305
6560.897827	-120.844734
6561.570740	-119.777069
6562.243652	-118.901810
6562.916565	-119.712379
6563.589478	-121.094795
6564.262390	-120.703957
6564.935303	-121.199936
6565.608215	-120.458527
6566.281128	-119.947357
6566.954041	-120.167152
6567.626953	-120.538040
6568.299866	-120.951332
6568.972778	-119.446938
6569.645691	-118.843361
6570.318604	-119.818230
6570.991516	-120.206406
6571.664429	-120.328903
6572.337341	-120.676285
6573.010254	-120.906563
6573.683167	-121.014832
6574.356079	-120.108749
6575.028992	-120.746666
6575.701904	-119.840546
6576.374817	-119.447815
6577.047729	-119.818169
6577.720642	-120.964020
6578.393555	-120.395508
6579.066467	-120.571556
6579.739380	-121.321030
6580.412292	-120.770767
6581.085205	-119.783295
6581.758118	-119.886070
6582.431030	-119.604393
6583.103943	-120.187897
6583.776855	-119.733864
6584.449768	-120.769951
6585.122681	-121.098740
6585.795593	-121.552345
6586.468506	-121.139236
6587.141418	-119.344826
6587.814331	-119.418755
6588.487244	-120.803673
6589.160156	-120.249199
6589.833069	-119.721779
6590.505981	-120.275116
6591.178894	-119.760880
6591.851807	-120.264618
6592.524719	-120.961662
6593.197632	-120.317360
6593.870544	-119.201752
6594.543457	-120.251976
6595.216370	-121.303383
6595.889282	-121.029892
6596.562195	-119.839020
6597.235107	-119.388443
6597.908020	-119.801361
6598.580933	-120.284988
6599.253845	-120.369530
6599.926758	-120.827278
6600.599670	-120.275139
6601.272583	-121.344223
6601.945496	-120.382256
6602.618408	-119.140724
6603.291321	-120.043404
6603.964233	-120.938545
6604.637146	-119.938049
6605.310059	-121.431252
6605.982971	-120.432777
6606.655884	-119.739326
6607.328796	-120.487053
6608.001709	-120.445770
6608.674622	-120.264122
6609.347534	-119.954033
6610.020447	-118.870537
6610.693359	-119.157448
6611.366272	-119.850845
6612.039185	-120.282166
6612.712097	-120.290649
6613.385010	-119.438469
6614.057922	-118.821472
6614.730835	-119.138283
6615.403748	-120.036499
6616.076660	-120.790405
6616.749573	-119.949081
6617.422485	-119.636238
6618.095398	-119.429626
6618.768311	-119.828903
6619.441223	-120.339905
6620.114136	-119.788475
6620.787048	-120.719337
6621.459961	-120.926208
6622.132874	-120.058258
6622.805786	-119.438057
6623.478699	-118.963593
6624.151611	-119.944611
6624.824524	-119.925774
6625.497437	-119.934120
6626.170349	-120.123329
6626.843262	-119.872795
6627.516174	-119.821594
6628.189087	-119.268105
6628.862000	-119.115616
6629.534912	-119.743896
6630.207825	-120.313606
6630.880737	-120.335258
6631.553650	-119.601456
6632.226562	-119.070038
6632.899475	-119.908737
6633.572388	-120.458946
6634.245300	-120.131653
6634.918213	-120.077644
6635.591125	-120.417122
6636.264038	-120.862137
6636.936951	-120.756851
6637.609863	-120.262543
6638.282776	-120.954651
6638.955688	-120.734787
6639.628601	-120.933571
6640.301514	-121.108170
6640.974426	-121.388351
6641.647339	-119.485886
6642.320251	-119.476524
6642.993164	-120.618187
6643.666077	-120.124237
6644.338989	-119.189980
6645.011902	-118.831970
6645.684814	-120.346329
6646.357727	-119.619415
6647.030640	-119.190437
6647.703552	-119.780174
6648.376465	-120.142448
6649.049377	-120.190140
6649.722290	-119.525208
6650.395203	-120.712357
6651.068115	-120.464081
6651.741028	-120.807747
6652.413940	-119.891357
6653.086853	-120.202126
6653.759766	-120.698837
6654.432678	-120.350304
6655.105591	-119.114380
6655.778503	-120.036568
6656.451416	-119.871017
6657.124329	-119.196800
6657.797241	-120.968819
6658.470154	-121.095459
6659.143066	-119.955551
6659.815979	-120.206245
6660.488892	-120.730797
6661.161804	-120.797966
6661.834717	-120.157333
6662.507629	-120.896339
6663.180542	-120.863686
6663.853455	-121.036774
6664.526367	-121.248337
6665.199280	-119.647125
6665.872192	-119.360420
6666.545105	-120.316963
6667.218018	-119.967735
6667.890930	-119.617950
6668.563843	-118.985123
6669.236755	-120.242104
6669.909668	-120.559761
6670.582581	-119.973640
6671.255493	-120.690918
6671.928406	-121.298790
6672.601318	-121.618317
6673.274231	-121.467743
6673.947144	-121.053795
6674.620056	-120.705917
6675.292969	-120.153183
6675.965881	-120.114189
6676.638794	-120.800224
6677.311707	-120.204735
6677.984619	-120.167641
6678.657532	-120.728828
6679.330444	-119.529961
6680.003357	-118.519447
6680.676270	-119.899239
6681.349182	-120.992081
6682.022095	-120.889778
6682.695007	-119.985046
6683.367920	-118.722977
6684.040833	-119.647758
6684.713745	-120.292854
6685.386658	-120.111107
6686.059570	-119.137650
6686.732483	-119.165070
6687.405396	-119.940735
6688.078308	-120.811012
6688.751221	-121.721970
6689.424133	-121.531685
6690.097046	-120.706970
6690.769958	-120.955780
6691.442871	-120.095367
6692.115784	-119.846779
6692.788696	-120.481964
6693.461609	-120.954399
6694.134521	-120.270210
6694.807434	-119.559547
6695.480347	-119.364510
6696.153259	-120.696800
6696.826172	-121.367516
6697.499084	-120.786201
6698.171997	-120.034058
6698.844910	-120.328789
6699.517822	-120.057617
6700.190735	-119.767235
6700.863647	-119.952438
6701.536560	-120.045715
6702.209473	-121.259895
6702.882385	-120.425797
6703.555298	-119.954048
6704.228210	-120.089378
6704.901123	-119.808540
6705.574036	-119.791023
6706.246948	-119.417175
6706.919861	-120.179939
6707.592773	-120.380196
6708.265686	-119.716515
6708.938599	-120.491211
6709.611511	-120.114037
6710.284424	-119.680618
6710.957336	-120.135704
6711.630249	-120.457367
6712.303162	-119.784264
6712.976074	-120.572662
6713.648987	-120.634872
6714.321899	-120.307228
6714.994812	-121.440758
6715.667725	-120.380745
6716.340637	-120.520912
6717.013550	-120.065178
6717.686462	-120.298531
6718.359375	-119.741913
6719.032288	-119.343712
6719.705200	-119.355797
6720.378113	-121.159447
6721.051025	-120.019775
6721.723938	-120.309959
6722.396851	-120.214989
6723.069763	-119.792480
6723.742676	-120.349396
6724.415588	-120.919884
6725.088501	-119.871216
6725.761414	-120.000763
6726.434326	-120.525345
6727.107239	-120.126968
6727.780151	-119.920517
6728.453064	-120.219040
6729.125977	-120.592438
6729.798889	-120.196800
6730.471802	-119.895576
6731.144714	-119.784195
6731.817627	-119.177551
6732.490540	-118.975220
6733.163452	-119.281235
6733.836365	-119.647209
6734.509277	-120.016479
6735.182190	-120.239357
6735.855103	-120.363686
6736.528015	-120.010521
6737.200928	-119.479744
6737.873840	-120.069870
6738.546753	-120.652931
6739.219666	-120.735573
6739.892578	-120.633789
6740.565491	-120.293953
6741.238403	-120.308289
6741.911316	-119.975563
6742.584229	-119.982979
6743.257141	-121.034027
6743.930054	-121.641487
6744.602966	-120.596214
6745.275879	-120.736664
6745.948792	-120.637970
6746.621704	-120.432213
6747.294617	-120.313828
6747.967529	-120.703606
6748.640442	-120.677330
6749.313354	-121.463387
6749.986267	-120.014374
6750.659180	-119.843704
6751.332092	-121.051132
6752.005005	-120.565010
6752.677917	-121.140579
6753.350830	-119.463539
6754.023743	-120.517731
6754.696655	-121.779755
6755.369568	-121.050903
6756.042480	-120.011375
6756.715393	-120.351959
6757.388306	-120.444489
6758.061218	-120.044762
6758.734131	-119.891441
6759.407043	-120.228073
6760.079956	-119.549500
6760.752869	-119.999336
6761.425781	-119.232948
6762.098694	-120.036690
6762.771606	-120.169174
6763.444519	-119.733856
6764.117432	-119.833183
6764.790344	-119.950722
6765.463257	-119.559593
6766.136169	-119.041084
6766.809082	-119.076202
6767.481995	-119.660408
6768.154907	-119.691483
6768.827820	-120.331680
6769.500732	-120.221329
6770.173645	-120.166481
6770.846558	-120.494408
6771.519470	-119.522354
6772.192383	-119.339630
6772.865295	-120.307106
6773.538208	-119.731247
6774.211121	-119.904877
6774.884033	-119.793114
6775.556946	-120.162170
6776.229858	-120.503899
6776.902771	-120.474281
6777.575684	-119.572762
6778.248596	-118.859398
6778.921509	-120.220612
6779.594421	-119.095001
6780.267334	-118.854546
6780.940247	-119.036270
6781.613159	-118.854790
6782.286072	-118.947914
6782.958984	-119.588013
6783.631897	-120.169472
6784.304810	-120.057373
6784.977722	-120.365028
6785.650635	-119.955734
6786.323547	-119.875488
6786.996460	-119.779602
6787.669373	-119.467415
6788.342285	-119.420013
6789.015198	-120.333061
6789.688110	-119.586472
6790.361023	-118.739449
6791.033936	-119.237762
6791.706848	-119.818153
6792.379761	-120.255333
6793.052673	-120.892944
6793.725586	-120.429337
6794.398499	-120.759102
6795.071411	-121.162758
6795.744324	-119.935257
6796.417236	-120.101608
6797.090149	-120.257278
6797.763062	-120.014595
6798.435974	-121.317673
6799.108887	-120.546104
6799.781799	-119.725121
6800.454712	-120.045250
6801.127625	-119.988998
6801.800537	-120.305290
6802.473450	-120.208549
6803.146362	-119.707863
6803.819275	-119.451561
6804.492188	-119.772011
6805.165100	-120.639244
6805.838013	-121.561172
6806.510925	-121.013672
6807.183838	-120.156227
6807.856750	-120.171448
6808.529663	-120.339485
6809.202576	-119.806427
6809.875488	-118.717354
6810.548401	-119.384415
6811.221313	-120.070862
6811.894226	-121.552628
6812.567139	-120.740417
6813.240051	-120.032341
6813.912964	-119.823143
6814.585876	-119.556389
6815.258789	-119.472084
6815.931702	-119.440697
6816.604614	-119.979164
6817.277527	-120.088623
6817.950439	-119.652206
6818.623352	-120.332283
6819.296265	-119.794922
6819.969177	-119.482574
6820.642090	-119.589218
6821.315002	-119.040985
6821.987915	-120.294510
6822.660828	-120.468681
6823.333740	-119.967056
6824.006653	-120.323471
6824.679565	-119.208336
6825.352478	-118.119141
6826.025391	-118.969299
6826.698303	-120.399841
6827.371216	-120.176880
6828.044128	-120.482918
6828.717041	-121.970764
6829.389954	-120.733269
6830.062866	-119.960114
6830.735779	-120.289825
6831.408691	-120.090561
6832.081604	-119.478401
6832.754517	-119.845596
6833.427429	-120.283257
6834.100342	-120.283195
6834.773254	-119.298225
6835.446167	-119.772812
6836.119080	-121.012596
6836.791992	-120.161514
6837.464905	-120.145546
6838.137817	-119.958061
6838.810730	-119.762726
6839.483643	-119.903694
6840.156555	-119.851959
6840.829468	-119.941887
6841.502380	-119.310471
6842.175293	-120.224831
6842.848206	-119.710350
6843.521118	-118.784035
6844.194031	-119.446457
6844.866943	-120.467979
6845.539856	-120.213875
6846.212769	-120.169899
6846.885681	-119.555222
6847.558594	-119.608551
6848.231506	-120.575722
6848.904419	-119.888138
6849.577332	-119.360275
6850.250244	-119.707649
6850.923157	-120.497055
6851.596069	-120.543053
6852.268982	-120.651649
6852.941895	-119.498360
6853.614807	-119.181404
6854.287720	-119.250847
6854.960632	-119.094353
6855.633545	-119.158188
6856.306458	-119.786804
6856.979370	-120.515587
6857.652283	-120.352715
6858.325195	-119.599174
6858.998108	-119.639915
6859.671021	-119.982910
6860.343933	-119.711403
6861.016846	-119.422966
6861.689758	-119.136040
6862.362671	-120.212524
6863.035583	-120.505493
6863.708496	-120.015533
6864.381409	-119.736130
6865.054321	-120.067261
6865.727234	-120.302467
6866.400146	-120.327721
6867.073059	-120.548706
6867.745972	-120.391441
6868.418884	-119.537102
6869.091797	-120.980835
6869.764709	-121.116005
6870.437622	-120.950241
6871.110535	-118.849709
6871.783447	-118.194733
6872.456360	-118.809761
6873.129272	-119.431351
6873.802185	-119.846878
6874.475098	-120.451637
6875.148010	-120.513382
6875.820923	-119.716469
6876.493835	-119.523781
6877.166748	-119.875511
6877.839661	-120.337189
6878.512573	-120.455917
6879.185486	-120.781181
6879.858398	-120.505150
6880.531311	-119.963600
6881.204224	-119.749893
6881.877136	-119.575668
6882.550049	-120.856339
6883.222961	-119.775795
6883.895874	-119.645210
6884.568787	-119.873642
6885.241699	-119.729256
6885.914612	-119.462433
6886.587524	-120.556480
6887.260437	-120.265709
6887.933350	-119.811363
6888.606262	-119.451927
6889.279175	-119.783554
6889.952087	-119.384583
6890.625000	-120.385735
6891.297913	-120.371475
6891.970825	-120.141846
6892.643738	-120.149055
6893.316650	-120.820068
6893.989563	-120.320831
6894.662476	-118.540703
6895.335388	-119.778412
6896.008301	-120.727882
6896.681213	-120.942551
6897.354126	-121.277115
6898.027039	-119.498596
6898.699951	-118.803467
6899.372864	-119.334381
6900.045776	-119.191856
6900.718689	-120.176857
6901.391602	-120.746109
6902.064514	-120.604156
6902.737427	-120.399742
6903.410339	-119.338303
6904.083252	-118.783394
6904.756165	-118.782349
6905.429077	-119.390617
6906.101990	-119.463844
6906.774902	-119.958977
6907.447815	-120.164436
6908.120728	-119.730858
6908.793640	-119.637566
6909.466553	-119.427322
6910.139465	-120.019745
6910.812378	-120.428772
6911.485291	-119.549965
6912.158203	-119.114792
6912.831116	-119.862450
6913.504028	-119.790619
6914.176941	-118.883713
6914.849854	-119.850075
6915.522766	-120.248688
6916.195679	-120.533882
6916.868591	-120.960564
6917.541504	-120.038040
6918.214417	-120.089142
6918.887329	-120.437050
6919.560242	-120.174675
6920.233154	-120.169228
6920.906067	-119.174171
6921.578979	-119.155838
6922.251892	-120.715775
6922.924805	-119.137169
6923.597717	-119.288719
6924.270630	-120.512474
6924.943542	-120.376411
6925.616455	-119.480911
6926.289368	-120.782143
6926.962280	-119.958488
6927.635193	-119.830048
6928.308105	-120.680115
6928.981018	-120.867142
6929.653931	-120.852341
6930.326843	-120.822449
6930.999756	-120.614288
6931.672668	-120.658722
6932.345581	-120.673508
6933.018494	-119.614311
6933.691406	-119.152466
6934.364319	-120.528336
6935.037231	-120.799416
6935.710144	-119.708061
6936.383057	-118.613243
6937.055969	-119.874062
6937.728882	-120.963600
6938.401794	-119.938797
6939.074707	-119.248680
6939.747620	-119.859558
6940.420532	-119.517433
6941.093445	-118.692917
6941.766357	-119.378082
6942.439270	-120.579048
6943.112183	-120.266197
6943.785095	-119.465126
6944.458008	-119.866951
6945.130920	-119.878128
6945.803833	-120.235420
6946.476746	-120.379280
6947.149658	-120.617767
6947.822571	-120.332504
6948.495483	-120.437531
6949.168396	-120.054176
6949.841309	-119.137253
6950.514221	-120.030319
6951.187134	-120.124352
6951.860046	-120.180389
6952.532959	-119.787315
6953.205872	-119.930092
6953.878784	-121.493309
6954.551697	-120.357407
6955.224609	-119.848602
6955.897522	-119.848442
6956.570435	-120.179352
6957.243347	-120.240662
6957.916260	-119.264107
6958.589172	-119.360558
6959.262085	-119.981606
6959.934998	-120.273613
6960.607910	-120.194824
6961.280823	-120.572495
6961.953735	-120.347000
6962.626648	-119.827766
6963.299561	-121.469795
6963.972473	-121.452866
6964.645386	-121.434807
6965.318298	-119.595253
6965.991211	-119.352036
6966.664124	-119.629501
6967.337036	-119.904602
6968.009949	-120.351112
6968.682861	-120.494240
6969.355774	-120.060196
6970.028687	-119.413651
6970.701599	-119.091568
6971.374512	-119.413055
6972.047424	-120.084572
6972.720337	-120.164650
6973.393250	-119.997849
6974.066162	-119.895508
6974.739075	-119.452324
6975.411987	-119.554939
6976.084900	-120.074928
6976.757812	-119.551468
6977.430725	-119.621010
6978.103638	-119.155914
6978.776550	-119.757126
6979.449463	-119.973015
6980.122375	-120.552483
6980.795288	-120.692337
6981.468201	-120.200172
6982.141113	-119.716110
6982.814026	-119.426888
6983.486938	-119.195999
6984.159851	-119.583397
6984.832764	-120.053238
6985.505676	-120.398735
6986.178589	-121.846428
6986.851501	-121.383530
6987.524414	-120.737595
6988.197327	-119.885712
6988.870239	-121.198242
6989.543152	-121.035576
6990.216064	-119.971970
6990.888977	-118.955978
6991.561890	-118.756355
6992.234802	-119.154167
6992.907715	-119.382561
6993.580627	-119.159119
6994.253540	-120.424820
6994.926453	-119.806938
6995.599365	-118.464821
6996.272278	-119.355530
6996.945190	-119.809898
6997.618103	-120.162178
6998.291016	-119.248383
6998.963928	-119.721359
6999.636841	-120.668739
7000.309753	-120.668198
7000.982666	-120.638519
7001.655579	-119.725197
7002.328491	-120.317749
7003.001404	-120.640800
7003.674316	-119.675484
7004.347229	-120.124199
7005.020142	-120.686539
7005.693054	-120.550003
7006.365967	-119.943939
7007.038879	-119.425026
7007.711792	-119.737679
7008.384705	-119.805069
7009.057617	-119.347763
7009.730530	-120.018105
7010.403442	-121.048485
7011.076355	-120.234421
7011.749268	-120.005318
7012.422180	-119.306717
7013.095093	-118.306496
7013.768005	-119.183006
7014.440918	-120.041206
7015.113831	-120.493568
7015.786743	-120.564255
7016.459656	-120.062706
7017.132568	-119.786469
7017.805481	-120.393318
7018.478394	-120.002579
7019.151306	-119.417793
7019.824219	-120.066788
7020.497131	-120.752480
7021.170044	-120.186195
7021.842957	-119.441673
7022.515869	-118.632980
7023.188782	-119.642426
7023.861694	-119.432907
7024.534607	-120.491005
7025.207520	-120.480446
7025.880432	-119.696594
7026.553345	-119.400009
7027.226257	-118.975494
7027.899170	-119.250107
7028.572083	-120.167938
7029.244995	-120.296455
7029.917908	-120.202919
7030.590820	-118.724663
7031.263733	-119.777840
7031.936646	-119.837006
7032.609558	-120.740250
7033.282471	-119.700905
7033.955383	-120.087311
7034.628296	-119.978378
7035.301208	-120.261261
7035.974121	-120.512833
7036.647034	-119.856636
7037.319946	-120.450722
7037.992859	-120.699783
7038.665771	-120.437500
7039.338684	-120.302986
7040.011597	-120.155602
7040.684509	-119.549927
7041.357422	-120.180458
7042.030334	-120.488289
7042.703247	-118.776016
7043.376160	-119.139442
7044.049072	-119.998787
7044.721985	-119.548309
7045.394897	-119.875397
7046.067810	-119.836197
7046.740723	-119.783829
7047.413635	-119.398735
7048.086548	-120.163971
7048.759460	-120.752129
7049.432373	-120.260941
7050.105286	-119.360138
7050.778198	-119.087158
7051.451111	-118.882919
7052.124023	-119.122658
7052.796936	-118.897552
7053.469849	-119.223991
7054.142761	-120.612434
7054.815674	-120.601196
7055.488586	-120.080643
7056.161499	-120.145424
7056.834412	-121.129959
7057.507324	-120.297485
7058.180237	-119.683250
7058.853149	-120.314255
7059.526062	-119.064568
7060.198975	-119.644348
7060.871887	-120.348221
7061.544800	-119.867027
7062.217712	-119.751495
7062.890625	-120.083549
7063.563538	-120.523056
7064.236450	-120.558830
7064.909363	-120.275505
7065.582275	-120.152336
7066.255188	-120.136253
7066.928101	-120.553864
7067.601013	-120.596245
7068.273926	-120.668526
7068.946838	-120.886292
7069.619751	-120.432777
7070.292664	-119.827301
7070.965576	-118.873871
7071.638489	-119.433929
7072.311401	-119.460999
7072.984314	-119.066223
7073.657227	-120.280647
7074.330139	-120.030540
7075.003052	-119.723671
7075.675964	-119.382736
7076.348877	-119.074951
7077.021790	-120.344025
7077.694702	-121.122292
7078.367615	-120.165718
7079.040527	-120.601570
7079.713440	-120.747589
7080.386353	-120.921448
7081.059265	-119.479462
7081.732178	-118.520782
7082.405090	-119.287033
7083.078003	-119.304863
7083.750916	-118.822731
7084.423828	-118.925262
7085.096741	-119.822235
7085.769653	-120.437248
7086.442566	-120.020515
7087.115479	-120.050201
7087.788391	-119.231247
7088.461304	-119.994919
7089.134216	-120.426910
7089.807129	-119.320122
7090.480042	-120.979607
7091.152954	-121.487495
7091.825867	-121.163719
7092.498779	-121.906067
7093.171692	-120.065475
7093.844604	-118.860840
7094.517517	-118.807022
7095.190430	-119.125519
7095.863342	-119.278374
7096.536255	-119.309875
7097.209167	-119.982498
7097.882080	-119.351212
7098.554993	-118.751671
7099.227905	-119.100777
7099.900818	-120.289215
7100.573730	-120.550720
7101.246643	-120.349136
7101.919556	-118.621887
7102.592468	-119.372604
7103.265381	-120.390282
7103.938293	-120.446976
7104.611206	-120.773422
7105.284119	-120.257126
7105.957031	-119.516670
7106.629944	-119.087700
7107.302856	-119.970764
7107.975769	-120.922539
7108.648682	-120.152649
7109.321594	-119.777756
7109.994507	-119.900757
7110.667419	-119.948601
7111.340332	-119.210846
7112.013245	-119.609756
7112.686157	-119.879791
7113.359070	-120.405441
7114.031982	-120.044464
7114.704895	-119.435417
7115.377808	-119.214699
7116.050720	-119.638130
7116.723633	-119.696671
7117.396545	-119.488548
7118.069458	-119.551628
7118.742371	-119.842545
7119.415283	-119.888901
7120.088196	-119.859467
7120.761108	-120.045998
7121.434021	-120.531143
7122.106934	-119.902107
7122.779846	-119.528175
7123.452759	-119.611679
7124.125671	-119.689926
7124.798584	-119.866913
7125.471497	-119.898293
7126.144409	-120.593124
7126.817322	-120.736168
7127.490234	-120.885445
7128.163147	-119.590424
7128.836060	-119.298019
7129.508972	-119.300102
7130.181885	-119.862289
7130.854797	-120.731873
7131.527710	-121.272552
7132.200623	-120.091187
7132.873535	-119.483704
7133.546448	-119.741966
7134.219360	-119.443329
7134.892273	-118.932144
7135.565186	-118.803581
7136.238098	-119.912933
7136.911011	-118.251289
7137.583923	-118.567802
7138.256836	-119.797310
7138.929749	-120.058281
7139.602661	-120.193108
7140.275574	-119.791367
7140.948486	-119.743576
7141.621399	-119.709000
7142.294312	-118.606537
7142.967224	-119.275215
7143.640137	-119.918701
7144.313049	-120.520294
7144.985962	-119.555962
7145.658875	-120.407967
7146.331787	-120.390038
7147.004700	-121.038177
7147.677612	-119.873184
7148.350525	-119.705414
7149.023438	-119.350395
7149.696350	-119.333717
7150.369263	-120.015465
7151.042175	-119.195488
7151.715088	-119.333107
7152.388000	-119.562813
7153.060913	-118.910019
7153.733826	-119.140137
7154.406738	-119.702171
7155.079651	-119.725647
7155.752563	-119.439339
7156.425476	-119.190834
7157.098389	-118.833397
7157.771301	-119.245560
7158.444214	-120.558052
7159.117126	-120.858757
7159.790039	-119.876877
7160.462952	-119.621071
7161.135864	-119.338066
7161.808777	-120.031151
7162.481689	-119.729836
7163.154602	-119.221214
7163.827515	-120.021614
7164.500427	-120.557274
7165.173340	-119.915512
7165.846252	-120.665672
7166.519165	-120.206993
7167.192078	-119.561661
7167.864990	-119.101379
7168.537903	-118.983299
7169.210815	-119.881065
7169.883728	-120.086647
7170.556641	-119.982117
7171.229553	-119.669090
7171.902466	-120.071938
7172.575378	-120.049629
7173.248291	-119.402718
7173.921204	-120.258881
7174.594116	-119.809174
7175.267029	-119.388870
7175.939941	-120.054924
7176.612854	-120.173042
7177.285767	-119.940590
7177.958679	-119.442703
7178.631592	-119.680504
7179.304504	-121.101913
7179.977417	-119.858589
7180.650330	-119.443054
7181.323242	-119.796707
7181.996155	-120.059082
7182.669067	-119.328987
7183.341980	-118.428787
7184.014893	-119.308281
7184.687805	-120.489426
7185.360718	-120.252777
7186.033630	-120.609100
7186.706543	-121.160202
7187.379456	-121.410080
7188.052368	-119.602562
7188.725281	-120.137360
7189.398193	-121.048904
7190.071106	-121.061211
7190.744019	-120.121208
7191.416931	-119.710373
7192.089844	-120.001076
7192.762756	-118.866913
7193.435669	-118.725113
7194.108582	-119.719337
7194.781494	-120.107254
7195.454407	-119.872223
7196.127319	-120.498917
7196.800232	-119.950340
7197.473145	-120.192436
7198.146057	-118.783714
7198.818970	-118.322563
7199.491882	-119.658363
7200.164795	-119.624954
7200.837708	-120.097267
7201.510620	-119.778564
7202.183533	-119.913002
7202.856445	-120.906334
7203.529358	-119.976234
7204.202271	-119.315918
7204.875183	-120.132423
7205.548096	-119.589912
7206.221008	-119.274841
7206.893921	-119.631554
7207.566833	-120.088661
7208.239746	-120.621193
7208.912659	-120.265129
7209.585571	-120.203354
7210.258484	-119.427910
7210.931396	-119.315872
7211.604309	-119.435356
7212.277222	-119.882645
7212.950134	-120.089569
7213.623047	-119.543762
7214.295959	-120.602715
7214.968872	-120.246277
7215.641785	-119.950142
7216.314697	-120.059311
7216.987610	-119.620049
7217.660522	-119.747574
7218.333435	-119.914772
7219.006348	-120.429298
7219.679260	-119.738510
7220.352173	-119.545418
7221.025085	-119.972786
7221.697998	-120.848122
7222.370911	-120.647301
7223.043823	-119.720078
7223.716736	-119.637497
7224.389648	-119.244438
7225.062561	-119.144211
7225.735474	-119.591423
7226.408386	-119.818443
7227.081299	-120.215141
7227.754211	-120.220818
7228.427124	-119.440964
7229.100037	-119.175865
7229.772949	-120.600464
7230.445862	-119.362747
7231.118774	-119.383926
7231.791687	-119.948860
7232.464600	-120.521072
7233.137512	-120.128899
7233.810425	-118.758163
7234.483337	-118.953323
7235.156250	-119.942741
7235.829163	-119.883270
7236.502075	-119.288864
7237.174988	-119.480087
7237.847900	-119.192841
7238.520813	-119.416191
7239.193726	-119.523819
7239.866638	-119.662224
7240.539551	-120.264725
7241.212463	-120.289467
7241.885376	-120.346596
7242.558289	-120.045219
7243.231201	-120.192711
7243.904114	-119.593483
7244.577026	-119.787918
7245.249939	-118.920776
7245.922852	-119.215851
7246.595764	-119.857040
7247.268677	-119.563438
7247.941589	-119.577194
7248.614502	-119.386497
7249.287415	-120.235184
7249.960327	-120.710533
7250.633240	-119.925858
7251.306152	-119.958466
7251.979065	-119.731377
7252.651978	-119.625046
7253.324890	-119.755852
7253.997803	-120.202866
7254.670715	-120.251251
7255.343628	-120.761757
7256.016541	-119.806961
7256.689453	-119.285751
7257.362366	-119.829369
7258.035278	-119.356453
7258.708191	-120.667435
7259.381104	-120.082825
7260.054016	-119.636375
7260.726929	-119.354805
7261.399841	-119.715370
7262.072754	-120.177299
7262.745667	-119.000648
7263.418579	-119.376190
7264.091492	-119.903542
7264.764404	-119.853806
7265.437317	-119.566368
7266.110229	-119.430603
7266.783142	-119.619019
7267.456055	-119.550987
7268.128967	-120.169861
7268.801880	-120.287857
7269.474792	-119.988121
7270.147705	-119.900269
7270.820618	-119.142494
7271.493530	-119.482330
7272.166443	-120.550049
7272.839355	-119.324997
7273.512268	-120.478622
7274.185181	-120.331558
7274.858093	-120.264252
7275.531006	-119.886795
7276.203918	-119.441757
7276.876831	-121.177254
7277.549744	-120.126541
7278.222656	-118.953926
7278.895569	-118.809029
7279.568481	-120.343292
7280.241394	-119.587349
7280.914307	-119.830574
7281.587219	-120.415276
7282.260132	-120.089363
7282.933044	-119.964310
7283.605957	-119.779694
7284.278870	-120.480568
7284.951782	-119.884972
7285.624695	-119.217476
7286.297607	-119.895615
7286.970520	-120.305687
7287.643433	-119.438126
7288.316345	-119.176231
7288.989258	-119.340126
7289.662170	-119.763268
7290.335083	-119.528671
7291.007996	-119.701645
7291.680908	-119.881798
7292.353821	-120.814972
7293.026733	-120.369469
7293.699646	-120.228561
7294.372559	-120.536568
7295.045471	-120.053841
7295.718384	-119.408440
7296.391296	-120.214767
7297.064209	-119.589828
7297.737122	-118.534531
7298.410034	-118.354912
7299.082947	-118.932404
7299.755859	-119.142296
7300.428772	-119.714996
7301.101685	-119.011086
7301.774597	-119.106949
7302.447510	-119.134933
7303.120422	-119.253990
7303.793335	-118.935295
7304.466248	-119.163834
7305.139160	-119.605927
7305.812073	-120.821358
7306.484985	-120.410988
7307.157898	-119.260178
7307.830811	-119.281471
7308.503723	-118.910065
7309.176636	-118.946129
7309.849548	-118.955528
7310.522461	-119.802864
7311.195374	-119.731667
7311.868286	-119.732994
7312.541199	-118.993843
7313.214111	-118.349976
7313.887024	-119.249428
7314.559937	-119.518913
7315.232849	-119.202255
7315.905762	-119.498520
7316.578674	-118.548798
7317.251587	-119.652748
7317.924500	-119.650146
7318.597412	-119.591782
7319.270325	-119.581940
7319.943237	-119.697975
7320.616150	-119.991165
7321.289062	-119.744537
7321.961975	-119.568016
7322.634888	-120.076523
7323.307800	-120.424194
7323.980713	-119.468262
7324.653625	-120.066368
7325.326538	-120.768242
7325.999451	-120.931107
7326.672363	-120.846741
7327.345276	-121.756561
7328.018188	-121.657166
7328.691101	-121.063667
7329.364014	-119.611122
7330.036926	-119.531212
7330.709839	-119.698418
7331.382751	-119.740417
7332.055664	-119.751114
7332.728577	-120.216576
7333.401489	-120.878418
7334.074402	-119.490952
7334.747314	-119.568321
7335.420227	-119.586617
7336.093140	-119.866249
7336.766052	-119.406700
7337.438965	-119.411064
7338.111877	-121.067345
7338.784790	-120.792747
7339.457703	-119.950127
7340.130615	-119.703766
7340.803528	-120.337723
7341.476440	-120.947685
7342.149353	-119.872261
7342.822266	-119.700203
7343.495178	-119.812912
7344.168091	-119.925278
7344.841003	-120.880760
7345.513916	-120.391418
7346.186829	-120.276497
7346.859741	-119.374619
7347.532654	-119.766296
7348.205566	-120.776352
7348.878479	-120.365997
7349.551392	-119.666565
7350.224304	-119.552567
7350.897217	-119.516045
7351.570129	-119.654228
7352.243042	-120.055206
7352.915955	-119.796555
7353.588867	-120.211884
7354.261780	-119.674278
7354.934692	-118.884201
7355.607605	-119.167831
7356.280518	-119.496040
7356.953430	-119.968353
7357.626343	-119.567909
7358.299255	-118.800369
7358.972168	-119.044006
7359.645081	-118.824059
7360.317993	-119.761017
7360.990906	-119.388573
7361.663818	-119.386505
7362.336731	-119.350662
7363.009644	-120.325539
7363.682556	-120.024155
7364.355469	-119.317734
7365.028381	-119.621025
7365.701294	-120.458519
7366.374207	-120.434288
7367.047119	-119.255066
7367.720032	-119.734596
7368.392944	-120.426712
7369.065857	-120.136658
7369.738770	-120.091629
7370.411682	-118.986320
7371.084595	-118.837013
7371.757507	-118.702858
7372.430420	-118.728149
7373.103333	-119.182816
7373.776245	-120.124512
7374.449158	-119.658417
7375.122070	-119.229988
7375.794983	-118.915421
7376.467896	-119.379578
7377.140808	-120.232742
7377.813721	-119.524948
7378.486633	-120.044250
7379.159546	-119.826653
7379.832458	-119.906281
7380.505371	-120.683769
7381.178284	-120.673126
7381.851196	-119.751823
7382.524109	-119.950874
7383.197021	-118.557083
7383.869934	-119.185532
7384.542847	-119.737076
7385.215759	-119.442574
7385.888672	-120.115891
7386.561584	-121.655464
7387.234497	-121.181877
7387.907410	-119.203651
7388.580322	-119.372887
7389.253235	-120.467216
7389.926147	-120.305763
7390.599060	-120.837761
7391.271973	-120.201088
7391.944885	-120.352829
7392.617798	-120.483498
7393.290710	-119.698166
7393.963623	-119.355995
7394.636536	-119.676521
7395.309448	-120.194862
7395.982361	-119.153099
7396.655273	-119.526192
7397.328186	-119.404625
7398.001099	-119.528954
7398.674011	-120.314163
7399.346924	-120.298004
7400.019836	-120.492630
7400.692749	-120.243790
7401.365662	-120.021156
7402.038574	-119.699997
7402.711487	-120.240227
7403.384399	-119.885559
7404.057312	-119.284241
7404.730225	-118.888870
7405.403137	-118.814453
7406.076050	-119.081619
7406.748962	-119.163857
7407.421875	-119.784164
7408.094788	-120.137985
7408.767700	-120.269775
7409.440613	-119.186455
7410.113525	-118.892227
7410.786438	-120.009338
7411.459351	-120.519402
7412.132263	-121.714729
7412.805176	-120.213181
7413.478088	-118.791061
7414.151001	-119.306152
7414.823914	-119.654320
7415.496826	-119.907944
7416.169739	-119.760666
7416.842651	-119.637184
7417.515564	-119.188087
7418.188477	-120.584816
7418.861389	-120.644737
7419.534302	-120.724190
7420.207214	-120.479309
7420.880127	-120.549980
7421.553040	-119.787498
7422.225952	-119.509277
7422.898865	-119.731300
7423.571777	-119.404991
7424.244690	-120.241608
7424.917603	-119.652946
7425.590515	-118.625633
7426.263428	-118.976013
7426.936340	-120.223679
7427.609253	-120.783813
7428.282166	-120.658440
7428.955078	-119.875023
7429.627991	-119.212296
7430.300903	-119.463707
7430.973816	-119.956795
7431.646729	-119.713760
7432.319641	-119.488503
7432.992554	-120.740173
7433.665466	-120.737808
7434.338379	-120.236710
7435.011292	-120.195541
7435.684204	-120.525902
7436.357117	-119.088905
7437.030029	-119.026276
7437.702942	-121.016899
7438.375854	-121.369972
7439.048767	-120.283638
7439.721680	-119.478851
7440.394592	-119.764427
7441.067505	-119.196907
7441.740417	-119.790695
7442.413330	-119.635056
7443.086243	-119.781235
7443.759155	-120.298729
7444.432068	-120.412079
7445.104980	-120.764542
7445.777893	-120.712730
7446.450806	-120.014427
7447.123718	-121.013359
7447.796631	-119.915611
7448.469543	-119.383720
7449.142456	-120.317436
7449.815369	-120.809776
7450.488281	-120.197891
7451.161194	-119.569397
7451.834106	-119.601891
7452.507019	-119.659615
7453.179932	-119.531273
7453.852844	-119.936890
7454.525757	-120.049370
7455.198669	-119.921791
7455.871582	-119.598129
7456.544495	-118.594124
7457.217407	-118.902458
7457.890320	-119.723862
7458.563232	-120.115837
7459.236145	-120.076057
7459.909058	-119.545013
7460.581970	-119.093582
7461.254883	-119.249107
7461.927795	-119.448448
7462.600708	-119.847031
7463.273621	-120.242088
7463.946533	-119.221100
7464.619446	-119.469818
7465.292358	-120.061157
7465.965271	-120.351494
7466.638184	-119.788620
7467.311096	-120.316040
7467.984009	-120.927071
7468.656921	-119.340828
7469.329834	-119.499100
7470.002747	-119.392235
7470.675659	-120.115913
7471.348572	-119.426277
7472.021484	-119.609947
7472.694397	-120.790825
7473.367310	-120.772850
7474.040222	-120.464607
7474.713135	-119.463524
7475.386047	-120.149368
7476.058960	-119.644012
7476.731873	-120.556946
7477.404785	-120.880882
7478.077698	-118.911400
7478.750610	-117.660362
7479.423523	-118.763474
7480.096436	-119.491074
7480.769348	-118.864952
7481.442261	-119.096970
7482.115173	-120.488167
7482.788086	-120.032898
7483.460999	-119.366531
7484.133911	-119.333000
7484.806824	-119.993416
7485.479736	-120.431343
7486.152649	-120.122307
7486.825562	-120.198242
7487.498474	-119.524467
7488.171387	-119.851212
7488.844299	-119.946144
7489.517212	-119.029022
7490.190125	-118.558395
7490.863037	-119.574120
7491.535950	-119.948166
7492.208862	-120.127655
7492.881775	-119.461922
7493.554688	-118.725258
7494.227600	-119.128098
7494.900513	-119.461235
7495.573425	-120.085182
7496.246338	-119.226959
7496.919250	-119.519386
7497.592163	-120.491463
7498.265076	-119.766060
7498.937988	-119.691612
7499.610901	-119.105324
7500.283813	-119.021866
7500.956726	-118.981697
7501.629639	-119.159966
7502.302551	-119.439064
7502.975464	-120.008972
7503.648376	-119.591461
7504.321289	-119.777290
7504.994202	-119.943161
7505.667114	-119.405937
7506.340027	-119.680534
7507.012939	-119.668709
7507.685852	-119.288528
7508.358765	-119.855881
7509.031677	-120.600868
7509.704590	-120.765839
7510.377502	-120.281067
7511.050415	-120.411789
7511.723328	-118.939789
7512.396240	-118.462135
7513.069153	-119.477356
7513.742065	-119.907082
7514.414978	-119.470184
7515.087891	-120.047104
7515.760803	-120.169724
7516.433716	-118.979996
7517.106628	-120.596626
7517.779541	-120.592155
7518.452454	-120.434952
7519.125366	-119.839813
7519.798279	-120.057755
7520.471191	-119.797638
7521.144104	-120.928299
7521.817017	-119.314461
7522.489929	-119.573738
7523.162842	-120.179665
7523.835754	-119.063843
7524.508667	-118.435905
7525.181580	-119.850792
7525.854492	-119.309273
7526.527405	-119.194504
7527.200317	-119.402306
7527.873230	-118.996063
7528.546143	-119.621307
7529.219055	-120.453049
7529.891968	-120.608307
7530.564880	-120.486221
7531.237793	-121.178566
7531.910706	-121.018669
7532.583618	-118.846039
7533.256531	-118.472099
7533.929443	-119.314003
7534.602356	-119.490349
7535.275269	-120.243088
7535.948181	-120.605812
7536.621094	-120.245071
7537.294006	-119.641273
7537.966919	-119.361938
7538.639832	-119.493729
7539.312744	-119.711952
7539.985657	-120.297241
7540.658569	-120.380424
7541.331482	-120.591263
7542.004395	-120.259048
7542.677307	-120.093956
7543.350220	-120.944084
7544.023132	-120.466553
7544.696045	-120.602875
7545.368958	-119.625854
7546.041870	-119.102058
7546.714783	-117.505150
7547.387695	-117.408134
7548.060608	-118.885559
7548.733521	-119.243782
7549.406433	-118.874260
7550.079346	-119.578957
7550.752258	-121.015022
7551.425171	-119.206688
7552.098083	-118.464577
7552.770996	-119.837517
7553.443909	-118.857834
7554.116821	-117.126183
7554.789734	-117.113449
7555.462646	-117.132507
7556.135559	-116.483673
7556.808472	-117.307701
7557.481384	-116.664284
7558.154297	-116.029518
7558.827209	-117.457245
7559.500122	-118.090210
7560.173035	-118.399475
7560.845947	-117.833847
7561.518860	-117.879349
7562.191772	-120.935616
7562.864685	-120.136818
7563.537598	-119.475548
7564.210510	-118.535889
7564.883423	-118.250389
7565.556335	-120.203079
7566.229248	-120.304390
7566.902161	-119.841087
7567.575073	-119.151543
7568.247986	-120.026512
7568.920898	-120.603859
7569.593811	-120.782043
7570.266724	-120.107712
7570.939636	-120.078506
7571.612549	-119.835098
7572.285461	-120.775780
7572.958374	-121.194359
7573.631287	-120.457069
7574.304199	-119.966087
7574.977112	-119.003952
7575.650024	-119.503502
7576.322937	-119.808952
7576.995850	-118.917099
7577.668762	-119.549171
7578.341675	-118.770767
7579.014587	-119.068260
7579.687500	-120.015953
7580.360413	-119.754684
7581.033325	-120.938911
7581.706238	-120.457039
7582.379150	-119.303757
7583.052063	-118.739143
7583.724976	-119.207588
7584.397888	-119.774254
7585.070801	-119.995514
7585.743713	-119.972511
7586.416626	-119.256729
7587.089539	-118.880859
7587.762451	-119.605743
7588.435364	-120.184113
7589.108276	-121.195404
7589.781189	-121.244141
7590.454102	-120.131111
7591.127014	-119.048553
7591.799927	-118.568344
7592.472839	-119.279213
7593.145752	-119.200844
7593.818665	-119.393295
7594.491577	-119.633270
7595.164490	-121.013405
7595.837402	-120.339203
7596.510315	-120.838005
7597.183228	-120.738686
7597.856140	-119.988564
7598.529053	-119.783035
7599.201965	-119.227745
7599.874878	-120.150848
7600.547791	-120.171608
7601.220703	-119.753639
7601.893616	-120.141449
7602.566528	-119.466972
7603.239441	-118.924187
7603.912354	-119.590347
7604.585266	-120.398514
7605.258179	-120.097549
7605.931091	-119.613548
7606.604004	-119.252075
7607.276917	-119.493813
7607.949829	-119.779404
7608.622742	-119.349251
7609.295654	-119.142967
7609.968567	-119.091690
7610.641479	-119.959427
7611.314392	-119.754890
7611.987305	-118.582977
7612.660217	-118.982948
7613.333130	-119.164040
7614.006042	-119.562653
7614.678955	-119.267891
7615.351868	-119.063934
7616.024780	-119.120667
7616.697693	-119.081215
7617.370605	-118.898392
7618.043518	-118.437752
7618.716431	-120.065742
7619.389343	-120.179932
7620.062256	-119.351631
7620.735168	-119.894798
7621.408081	-120.465950
7622.080994	-120.511230
7622.753906	-119.668495
7623.426819	-119.799576
7624.099731	-119.725189
7624.772644	-118.868828
7625.445557	-118.352188
7626.118469	-119.300026
7626.791382	-119.301971
7627.464294	-119.496826
7628.137207	-118.622513
7628.810120	-119.075806
7629.483032	-118.965866
7630.155945	-118.232231
7630.828857	-118.776695
7631.501770	-118.743240
7632.174683	-118.849831
7632.847595	-118.998901
7633.520508	-119.647179
7634.193420	-119.880730
7634.866333	-118.577408
7635.539246	-118.441353
7636.212158	-118.868629
7636.885071	-119.554550
7637.557983	-118.888695
7638.230896	-118.528648
7638.903809	-119.068153
7639.576721	-119.843124
7640.249634	-119.687599
7640.922546	-120.073555
7641.595459	-120.653175
7642.268372	-120.522865
7642.941284	-119.903412
7643.614197	-119.326248
7644.287109	-119.025772
7644.960022	-118.859673
7645.632935	-119.443710
7646.305847	-120.500420
7646.978760	-119.854233
7647.651672	-120.726822
7648.324585	-120.178955
7648.997498	-119.872963
7649.670410	-119.135475
7650.343323	-119.627472
7651.016235	-119.614395
7651.689148	-119.114120
7652.362061	-119.448708
7653.034973	-119.192848
7653.707886	-119.126190
7654.380798	-120.269539
7655.053711	-119.964684
7655.726624	-119.782494
7656.399536	-119.631821
7657.072449	-119.089294
7657.745361	-119.611115
7658.418274	-120.006584
7659.091187	-120.033455
7659.764099	-120.267883
7660.437012	-120.002220
7661.109924	-120.146111
7661.782837	-121.095131
7662.455750	-119.562523
7663.128662	-119.088669
7663.801575	-119.800415
7664.474487	-120.261246
7665.147400	-121.339348
7665.820312	-120.864555
7666.493225	-119.626099
7667.166138	-119.394653
7667.839050	-118.723724
7668.511963	-119.358879
7669.184875	-120.238266
7669.857788	-119.835266
7670.530701	-119.034409
7671.203613	-119.119316
7671.876526	-118.511215
7672.549438	-118.713684
7673.222351	-119.438484
7673.895264	-119.697281
7674.568176	-119.131363
7675.241089	-118.985985
7675.914001	-119.685272
7676.586914	-119.152054
7677.259827	-119.445274
7677.932739	-120.383202
7678.605652	-119.802773
7679.278564	-119.272652
7679.951477	-119.843414
7680.624390	-119.815041
7681.297302	-119.275993
7681.970215	-119.586884
7682.643127	-120.635933
7683.316040	-121.112526
7683.988953	-120.252235
7684.661865	-119.008408
7685.334778	-118.908066
7686.007690	-119.541420
7686.680603	-121.139549
7687.353516	-120.589127
7688.026428	-119.250877
7688.699341	-119.057983
7689.372253	-119.352570
7690.045166	-120.883080
7690.718079	-121.208771
7691.390991	-120.829056
7692.063904	-119.635101
7692.736816	-118.970268
7693.409729	-119.034462
7694.082642	-119.181816
7694.755554	-119.297523
7695.428467	-119.564323
7696.101379	-119.232773
7696.774292	-119.587105
7697.447205	-120.171349
7698.120117	-119.116150
7698.793030	-119.549370
7699.465942	-120.278152
7700.138855	-119.474213
7700.811768	-119.092926
7701.484680	-119.456665
7702.157593	-118.702400
7702.830505	-118.318832
7703.503418	-118.724205
7704.176331	-118.190315
7704.849243	-117.961754
7705.522156	-118.308762
7706.195068	-117.282593
7706.867981	-117.433395
7707.540894	-118.033081
7708.213806	-118.288483
7708.886719	-118.773117
7709.559631	-117.898552
7710.232544	-117.306046
7710.905457	-117.275558
7711.578369	-118.158112
7712.251282	-118.003136
7712.924194	-119.867699
7713.597107	-119.606041
7714.270020	-118.531830
7714.942932	-118.593483
7715.615845	-119.230942
7716.288757	-118.772316
7716.961670	-118.753380
7717.634583	-119.719704
7718.307495	-120.114540
7718.980408	-119.924553
7719.653320	-119.559837
7720.326233	-119.741409
7720.999146	-118.825859
7721.672058	-119.116844
7722.344971	-119.329979
7723.017883	-118.679642
7723.690796	-119.574570
7724.363708	-119.837883
7725.036621	-119.996712
7725.709534	-120.090622
7726.382446	-119.828629
7727.055359	-118.874718
7727.728271	-119.268501
7728.401184	-118.878723
7729.074097	-118.879219
7729.747009	-119.514450
7730.419922	-119.995361
7731.092834	-120.582008
7731.765747	-120.511368
7732.438660	-121.043701
7733.111572	-120.068611
7733.784485	-118.828201
7734.457397	-118.185158
7735.130310	-118.997940
7735.803223	-119.664536
7736.476135	-119.698997
7737.149048	-119.978157
7737.821960	-118.771706
7738.494873	-119.708984
7739.167786	-119.719513
7739.840698	-119.528786
7740.513611	-119.765602
7741.186523	-120.567497
7741.859436	-119.281738
7742.532349	-119.838585
7743.205261	-119.127625
7743.878174	-119.504158
7744.551086	-120.059708
7745.223999	-119.101402
7745.896912	-118.180122
7746.569824	-118.818405
7747.242737	-120.421188
7747.915649	-119.764679
7748.588562	-120.177216
7749.261475	-120.611649
7749.934387	-119.558144
7750.607300	-119.929543
7751.280212	-119.996918
7751.953125	-120.292603
7752.626038	-118.790169
7753.298950	-119.499397
7753.971863	-120.388962
7754.644775	-119.951385
7755.317688	-119.207962
7755.990601	-119.286232
7756.663513	-119.206818
7757.336426	-119.341103
7758.009338	-119.978340
7758.682251	-119.567780
7759.355164	-119.087234
7760.028076	-119.115883
7760.700989	-119.147095
7761.373901	-120.209999
7762.046814	-120.181442
7762.719727	-119.273247
7763.392639	-119.554497
7764.065552	-119.561211
7764.738464	-119.168365
7765.411377	-119.341713
7766.084290	-119.274902
7766.757202	-121.300522
7767.430115	-120.471634
7768.103027	-119.698708
7768.775940	-119.422104
7769.448853	-118.957176
7770.121765	-118.914520
7770.794678	-119.157318
7771.467590	-119.825912
7772.140503	-120.300392
7772.813416	-119.373436
7773.486328	-119.850815
7774.159241	-118.640648
7774.832153	-119.021873
7775.505066	-118.985680
7776.177979	-119.768562
7776.850891	-119.552956
7777.523804	-118.904572
7778.196716	-118.883804
7778.869629	-118.930031
7779.542542	-119.688705
7780.215454	-120.054153
7780.888367	-120.681122
7781.561279	-120.265686
7782.234192	-119.726959
7782.907104	-119.603516
7783.580017	-119.713753
7784.252930	-120.010597
7784.925842	-119.651505
7785.598755	-119.033424
7786.271667	-119.565575
7786.944580	-118.800034
7787.617493	-118.403435
7788.290405	-118.774864
7788.963318	-119.621780
7789.636230	-118.426613
7790.309143	-119.308708
7790.982056	-119.625122
7791.654968	-120.045074
7792.327881	-120.149841
7793.000793	-120.021545
7793.673706	-120.506050
7794.346619	-119.708931
7795.019531	-119.090179
7795.692444	-119.373932
7796.365356	-120.526199
7797.038269	-119.810005
7797.711182	-119.127892
7798.384094	-119.723846
7799.057007	-119.130829
7799.729919	-118.448463
7800.402832	-118.673828
7801.075745	-118.958176
7801.748657	-119.183113
7802.421570	-119.908684
7803.094482	-117.949089
7803.767395	-118.075676
7804.440308	-119.931694
7805.113220	-118.992714
7805.786133	-119.243065
7806.459045	-119.155190
7807.131958	-120.085609
7807.804871	-120.423729
7808.477783	-120.069771
7809.150696	-120.012276
7809.823608	-120.073738
7810.496521	-119.545914
7811.169434	-120.759109
7811.842346	-119.481361
7812.515259	-118.901833
7813.188171	-118.585228
7813.861084	-119.255180
7814.533997	-120.859642
7815.206909	-120.903931
7815.879822	-120.010178
7816.552734	-119.523201
7817.225647	-119.722687
7817.898560	-119.787178
7818.571472	-119.027672
7819.244385	-119.118217
7819.917297	-119.525215
7820.590210	-119.893257
7821.263123	-119.166328
7821.936035	-118.080421
7822.608948	-118.769485
7823.281860	-119.342384
7823.954773	-119.250938
7824.627686	-119.379204
7825.300598	-118.363556
7825.973511	-117.773659
7826.646423	-119.507904
7827.319336	-120.114189
7827.992249	-118.469185
7828.665161	-118.552948
7829.338074	-119.330765
7830.010986	-119.721062
7830.683899	-118.891708
7831.356812	-119.032143
7832.029724	-120.150734
7832.702637	-119.060349
7833.375549	-118.720520
7834.048462	-119.073471
7834.721375	-118.807701
7835.394287	-120.534210
7836.067200	-120.504227
7836.740112	-119.434288
7837.413025	-119.729607
7838.085938	-120.388435
7838.758850	-119.298019
7839.431763	-119.410057
7840.104675	-119.610947
7840.777588	-120.087379
7841.450500	-120.753036
7842.123413	-120.389397
7842.796326	-119.414238
7843.469238	-120.647682
7844.142151	-120.092995
7844.815063	-120.318527
7845.487976	-120.058090
7846.160889	-120.472313
7846.833801	-119.808960
7847.506714	-118.255096
7848.179626	-118.876434
7848.852539	-118.932777
7849.525452	-119.510033
7850.198364	-119.937256
7850.871277	-120.197792
7851.544189	-120.831734
7852.217102	-119.064705
7852.890015	-118.659325
7853.562927	-118.839432
7854.235840	-119.576454
7854.908752	-118.745949
7855.581665	-118.335388
7856.254578	-118.704941
7856.927490	-118.556084
7857.600403	-118.956711
7858.273315	-118.303261
7858.946228	-119.023743
7859.619141	-118.723946
7860.292053	-119.370209
7860.964966	-119.458130
7861.637878	-118.604736
7862.310791	-118.647301
7862.983704	-119.498688
7863.656616	-119.658989
7864.329529	-119.322578
7865.002441	-119.673820
7865.675354	-119.346268
7866.348267	-119.176926
7867.021179	-120.319138
7867.694092	-119.985909
7868.367004	-118.670982
7869.039917	-118.588905
7869.712830	-119.610817
7870.385742	-119.228409
7871.058655	-118.420967
7871.731567	-118.391769
7872.404480	-119.384567
7873.077393	-120.683075
7873.750305	-119.618576
7874.423218	-119.349426
7875.096130	-119.425835
7875.769043	-120.121925
7876.441956	-119.967102
7877.114868	-118.721611
7877.787781	-118.607483
7878.460693	-119.784439
7879.133606	-120.110168
7879.806519	-120.301361
7880.479431	-119.073151
7881.152344	-119.447395
7881.825256	-120.156517
7882.498169	-120.097626
7883.171082	-119.719650
7883.843994	-120.264107
7884.516907	-119.963257
7885.189819	-119.869987
7885.862732	-120.870422
7886.535645	-120.024643
7887.208557	-118.837601
7887.881470	-118.400612
7888.554382	-118.151321
7889.227295	-119.789268
7889.900208	-119.054245
7890.573120	-118.306885
7891.246033	-118.942314
7891.918945	-119.074562
7892.591858	-119.466316
7893.264771	-118.739792
7893.937683	-120.193405
7894.610596	-119.380959
7895.283508	-118.366615
7895.956421	-119.228767
7896.629333	-119.543571
7897.302246	-119.836571
7897.975159	-120.099770
7898.648071	-120.002960
7899.320984	-119.158348
7899.993896	-119.460236
7900.666809	-120.432594
7901.339722	-119.720146
7902.012634	-120.364586
7902.685547	-121.278259
7903.358459	-120.663116
7904.031372	-119.195114
7904.704285	-119.049576
7905.377197	-118.893211
7906.050110	-119.450340
7906.723022	-119.413246
7907.395935	-119.443573
7908.068848	-119.142090
7908.741760	-118.887772
7909.414673	-118.578697
7910.087585	-119.208122
7910.760498	-118.782486
7911.433411	-118.872643
7912.106323	-120.333809
7912.779236	-119.606415
7913.452148	-119.482750
7914.125061	-120.056694
7914.797974	-120.117767
7915.470886	-118.729813
7916.143799	-119.241524
7916.816711	-119.415436
7917.489624	-119.187950
7918.162537	-118.852547
7918.835449	-120.406937
7919.508362	-119.658554
7920.181274	-119.177277
7920.854187	-118.426064
7921.527100	-118.713280
7922.200012	-119.262703
7922.872925	-118.535294
7923.545837	-118.725250
7924.218750	-119.274574
7924.891663	-119.807854
7925.564575	-119.654663
7926.237488	-119.767990
7926.910400	-119.444519
7927.583313	-120.104996
7928.256226	-119.752007
7928.929138	-119.135147
7929.602051	-119.346237
7930.274963	-119.482643
7930.947876	-120.203018
7931.620789	-119.491043
7932.293701	-119.108734
7932.966614	-119.547630
7933.639526	-119.856483
7934.312439	-119.992500
7934.985352	-118.521965
7935.658264	-118.662621
7936.331177	-119.350014
7937.004089	-118.827934
7937.677002	-118.487106
7938.349915	-118.951424
7939.022827	-118.602341
7939.695740	-118.783318
7940.368652	-119.239838
7941.041565	-119.372192
7941.714478	-118.784355
7942.387390	-119.213234
7943.060303	-120.088844
7943.733215	-120.512611
7944.406128	-119.507301
7945.079041	-120.351624
7945.751953	-119.992905
7946.424866	-119.380005
7947.097778	-119.008209
7947.770691	-119.368790
7948.443604	-119.274765
7949.116516	-120.185097
7949.789429	-120.228073
7950.462341	-120.415184
7951.135254	-120.893433
7951.808167	-120.074509
7952.481079	-120.295151
7953.153992	-118.911339
7953.826904	-119.604156
7954.499817	-120.015251
7955.172729	-119.451111
7955.845642	-119.411461
7956.518555	-118.691734
7957.191467	-118.492653
7957.864380	-118.560928
7958.537292	-119.034729
7959.210205	-119.202644
7959.883118	-119.499222
7960.556030	-120.199608
7961.228943	-119.121414
7961.901855	-118.408432
7962.574768	-118.321175
7963.247681	-118.691620
7963.920593	-118.638962
7964.593506	-117.832680
7965.266418	-119.356514
7965.939331	-120.243408
7966.612244	-119.193840
7967.285156	-118.526627
7967.958069	-118.469696
7968.630981	-119.347801
7969.303894	-119.114235
7969.976807	-119.497917
7970.649719	-119.058723
7971.322632	-118.589798
7971.995544	-119.739098
7972.668457	-119.277267
7973.341370	-119.582794
7974.014282	-119.746735
7974.687195	-118.393616
7975.360107	-118.571823
7976.033020	-118.720993
7976.705933	-119.565323
7977.378845	-118.231850
7978.051758	-118.608597
7978.724670	-119.077652
7979.397583	-119.854927
7980.070496	-119.727478
7980.743408	-118.839569
7981.416321	-119.462364
7982.089233	-119.291916
7982.762146	-119.026558
7983.435059	-118.876114
7984.107971	-118.421043
7984.780884	-120.136215
7985.453796	-118.913612
7986.126709	-119.658226
7986.799622	-120.413925
7987.472534	-119.469849
7988.145447	-119.869125
7988.818359	-120.066040
7989.491272	-119.526176
7990.164185	-118.379066
7990.837097	-118.908218
7991.510010	-120.026062
7992.182922	-120.650711
7992.855835	-119.770966
7993.528748	-119.984756
7994.201660	-119.885429
7994.874573	-120.485626
7995.547485	-120.521248
7996.220398	-119.194077
7996.893311	-118.691986
7997.566223	-119.357307
7998.239136	-120.694992
7998.912048	-119.951775
7999.584961	-119.248833
8000.257874	-118.842377
8000.930786	-119.358093
8001.603699	-119.889481
8002.276611	-119.097580
8002.949524	-119.269806
8003.622437	-118.937370
8004.295349	-118.938126
8004.968262	-119.083183
8005.641174	-119.301262
8006.314087	-119.655777
8006.987000	-118.879509
8007.659912	-118.609680
8008.332825	-119.824295
8009.005737	-120.244774
8009.678650	-119.531265
8010.351562	-119.718285
8011.024475	-118.926346
8011.697388	-118.128441
8012.370300	-119.429985
8013.043213	-119.678932
8013.716125	-119.960205
8014.389038	-119.149681
8015.061951	-119.185722
8015.734863	-119.563347
8016.407776	-119.297165
8017.080688	-119.250191
8017.753601	-119.609482
8018.426514	-120.671967
8019.099426	-119.552277
8019.772339	-118.816452
8020.445251	-117.931313
8021.118164	-118.938538
8021.791077	-119.442650
8022.463989	-119.684647
8023.136902	-118.850609
8023.809814	-118.417923
8024.482727	-119.348221
8025.155640	-119.090172
8025.828552	-118.486656
8026.501465	-119.656685
8027.174377	-119.086594
8027.847290	-118.742592
8028.520203	-119.565575
8029.193115	-120.238625
8029.866028	-120.061501
8030.538940	-119.159874
8031.211853	-118.663399
8031.884766	-119.627167
8032.557678	-119.342430
8033.230591	-118.591148
8033.903503	-117.234268
8034.576416	-117.828705
8035.249329	-119.540321
8035.922241	-120.039078
8036.595154	-119.463486
8037.268066	-119.191933
8037.940979	-120.025085
8038.613892	-119.633713
8039.286804	-119.251564
8039.959717	-117.820541
8040.632629	-118.409126
8041.305542	-119.781784
8041.978455	-119.922813
8042.651367	-119.248116
8043.324280	-118.898224
8043.997192	-119.380936
8044.670105	-119.194366
8045.343018	-118.164833
8046.015930	-119.390869
8046.688843	-119.663925
8047.361755	-120.150887
8048.034668	-120.318794
8048.707581	-119.077065
8049.380493	-118.941528
8050.053406	-120.289230
8050.726318	-120.025970
8051.399231	-119.942612
8052.072144	-118.931282
8052.745056	-119.595978
8053.417969	-120.042076
8054.090881	-118.483833
8054.763794	-118.166695
8055.436707	-119.768753
8056.109619	-119.066322
8056.782532	-118.294205
8057.455444	-118.358467
8058.128357	-118.905098
8058.801270	-119.699837
8059.474182	-119.777344
8060.147095	-119.677849
8060.820007	-119.688545
8061.492920	-118.908356
8062.165833	-119.491547
8062.838745	-118.699081
8063.511658	-119.310066
8064.184570	-119.231209
8064.857483	-119.282387
8065.530396	-118.575966
8066.203308	-118.879852
8066.876221	-119.429947
8067.549133	-119.072723
8068.222046	-119.327042
8068.894958	-119.153831
8069.567871	-118.700058
8070.240784	-118.815269
8070.913696	-118.841820
8071.586609	-119.409317
8072.259521	-119.142601
8072.932434	-118.491035
8073.605347	-118.376114
8074.278259	-118.713310
8074.951172	-119.070496
8075.624084	-120.341095
8076.296997	-119.498924
8076.969910	-118.691612
8077.642822	-118.418938
8078.315735	-118.695030
8078.988647	-118.728081
8079.661560	-119.028969
8080.334473	-119.418327
8081.007385	-119.413490
8081.680298	-120.076164
8082.353210	-119.992752
8083.026123	-119.149559
8083.699036	-118.835831
8084.371948	-118.896301
8085.044861	-119.953262
8085.717773	-119.757057
8086.390686	-120.009529
8087.063599	-119.842140
8087.736511	-119.633820
8088.409424	-120.052513
8089.082336	-119.002174
8089.755249	-119.357765
8090.428162	-119.964073
8091.101074	-119.836784
8091.773987	-119.646965
8092.446899	-119.724358
8093.119812	-119.032120
8093.792725	-118.192627
8094.465637	-119.196823
8095.138550	-120.036583
8095.811462	-119.816269
8096.484375	-119.769424
8097.157288	-118.830925
8097.830200	-117.656723
8098.503113	-118.870537
8099.176025	-119.855370
8099.848938	-119.658195
8100.521851	-119.436661
8101.194763	-119.795021
8101.867676	-119.502136
8102.540588	-119.546524
8103.213501	-121.017418
8103.886414	-120.562218
8104.559326	-119.109589
8105.232239	-118.698845
8105.905151	-118.861427
8106.578064	-120.329018
8107.250977	-120.461639
8107.923889	-120.500664
8108.596802	-119.932655
8109.269714	-119.256607
8109.942627	-119.612610
8110.615540	-119.341911
8111.288452	-118.494736
8111.961365	-118.571259
8112.634277	-119.326752
8113.307190	-119.331757
8113.980103	-119.021553
8114.653015	-119.011047
8115.325928	-119.759819
8115.998840	-119.308647
8116.671753	-118.378426
8117.344666	-118.447182
8118.017578	-119.233246
8118.690491	-119.198303
8119.363403	-119.014175
8120.036316	-119.671936
8120.709229	-119.714752
8121.382141	-120.036903
8122.055054	-119.561272
8122.727966	-119.530106
8123.400879	-118.882057
8124.073792	-118.182449
8124.746704	-119.265747
8125.419617	-119.404427
8126.092529	-119.428474
8126.765442	-119.500244
8127.438354	-119.714272
8128.111267	-120.065308
8128.784180	-119.692886
8129.457092	-119.002968
8130.130005	-118.743073
8130.802917	-118.379684
8131.475830	-118.002502
8132.148743	-118.857788
8132.821655	-119.534065
8133.494568	-118.372940
8134.167480	-118.148842
8134.840393	-119.164345
8135.513306	-119.530846
8136.186218	-118.343155
8136.859131	-118.851707
8137.532043	-118.332939
8138.204956	-119.301651
8138.877869	-118.993179
8139.550781	-119.570343
8140.223694	-119.024315
8140.896606	-119.791000
8141.569519	-119.299965
8142.242432	-118.136597
8142.915344	-118.831329
8143.588257	-118.272232
8144.261169	-119.059601
8144.934082	-120.249786
8145.606995	-119.456474
8146.279907	-118.877632
8146.952820	-118.676010
8147.625732	-118.569313
8148.298645	-118.489311
8148.971558	-118.888947
8149.644470	-118.819824
8150.317383	-118.951721
8150.990295	-119.324562
8151.663208	-119.736275
8152.336121	-119.773720
8153.009033	-119.500092
8153.681946	-120.193024
8154.354858	-119.907578
8155.027771	-119.663460
8155.700684	-119.124313
8156.373596	-118.592812
8157.046509	-118.721291
8157.719421	-119.791252
8158.392334	-118.898415
8159.065247	-118.806351
8159.738159	-119.841049
8160.411072	-120.353516
8161.083984	-120.875351
8161.756897	-120.412689
8162.429810	-119.844803
8163.102722	-120.087784
8163.775635	-119.680412
8164.448547	-119.757355
8165.121460	-119.306213
8165.794373	-119.052261
8166.467285	-119.801895
8167.140198	-120.088905
8167.813110	-119.909599
8168.486023	-119.538544
8169.158936	-118.926399
8169.831848	-118.818222
8170.504761	-118.817200
8171.177673	-118.573997
8171.850586	-118.581505
8172.523499	-118.704185
8173.196411	-118.503395
8173.869324	-119.105072
8174.542236	-120.077408
8175.215149	-119.835716
8175.888062	-121.077423
8176.560974	-119.950142
8177.233887	-119.841843
8177.906799	-119.844002
8178.579712	-118.156082
8179.252625	-118.787971
8179.925537	-120.656830
8180.598450	-119.442802
8181.271362	-119.872398
8181.944275	-118.693420
8182.617188	-118.843040
8183.290100	-118.542686
8183.963013	-117.967194
8184.635925	-117.981575
8185.308838	-119.375587
8185.981750	-120.160393
8186.654663	-119.248749
8187.327576	-118.893677
8188.000488	-119.541573
8188.673401	-119.229408
8189.346313	-119.323326
8190.019226	-118.319473
8190.692139	-118.007042
8191.365051	-118.520790
8192.037964	-119.673615
8192.710876	-119.982864
8193.383789	-121.291656
8194.056702	-120.650925
8194.729614	-119.252869
8195.402527	-119.182106
8196.075439	-120.263138
8196.748352	-120.029991
8197.421265	-119.161263
8198.094177	-119.814293
8198.767090	-119.015060
8199.440002	-118.708916
8200.112915	-118.872314
8200.785828	-119.090431
8201.458740	-118.979752
8202.131653	-119.246597
8202.804565	-119.020309
8203.477478	-119.447456
8204.150391	-119.258438
8204.823303	-118.299896
8205.496216	-119.267136
8206.169128	-120.299515
8206.842041	-119.411133
8207.514954	-119.089355
8208.187866	-119.325562
8208.860779	-119.052361
8209.533691	-118.633942
8210.206604	-119.111755
8210.879517	-119.138504
8211.552429	-118.835869
8212.225342	-120.274178
8212.898254	-119.310982
8213.571167	-118.591408
8214.244080	-118.352440
8214.916992	-118.814102
8215.589905	-119.073799
8216.262817	-118.764893
8216.935730	-118.848976
8217.608643	-118.788406
8218.281555	-118.499359
8218.954468	-118.967949
8219.627380	-119.816673
8220.300293	-119.694870
8220.973206	-119.407913
8221.646118	-119.958923
8222.319031	-118.733505
8222.991943	-118.648293
8223.664856	-119.171112
8224.337769	-119.295937
8225.010681	-119.125870
8225.683594	-119.468582
8226.356506	-119.441727
8227.029419	-119.405365
8227.702332	-118.989700
8228.375244	-119.123863
8229.048157	-120.329338
8229.721069	-119.854507
8230.393982	-119.119873
8231.066895	-119.335785
8231.739807	-119.749054
8232.412720	-119.351479
8233.085632	-119.131996
8233.758545	-118.367432
8234.431458	-119.006500
8235.104370	-119.524506
8235.777283	-118.086662
8236.450195	-118.754623
8237.123108	-120.021019
8237.796021	-119.682457
8238.468933	-118.703949
8239.141846	-118.974197
8239.814758	-118.968689
8240.487671	-119.711189
8241.160583	-120.314171
8241.833496	-119.736900
8242.506409	-119.044792
8243.179321	-118.649445
8243.852234	-119.695038
8244.525146	-119.404572
8245.198059	-118.837875
8245.870972	-119.866600
8246.543884	-119.703659
8247.216797	-119.360657
8247.889709	-119.861244
8248.562622	-120.034782
8249.235535	-119.233925
8249.908447	-120.180000
8250.581360	-120.317703
8251.254272	-119.757423
8251.927185	-119.924637
8252.600098	-119.753036
8253.273010	-118.934052
8253.945923	-118.757767
8254.618835	-118.857437
8255.291748	-119.612862
8255.964661	-120.371376
8256.637573	-119.395058
8257.310486	-120.028122
8257.983398	-119.283569
8258.656311	-119.111549
8259.329224	-119.885605
8260.002136	-119.732353
8260.675049	-119.619461
8261.347961	-119.329071
8262.020874	-118.005081
8262.693787	-119.271515
8263.366699	-119.921364
8264.039612	-119.670692
8264.712524	-118.877304
8265.385437	-119.977058
8266.058350	-119.712402
8266.731262	-118.660011
8267.404175	-118.161575
8268.077087	-118.936935
8268.750000	-120.546387
8269.422913	-119.760597
8270.095825	-119.177917
8270.768738	-119.244843
8271.441650	-118.801094
8272.114563	-119.124588
8272.787476	-119.838089
8273.460388	-119.431755
8274.133301	-119.934807
8274.806213	-119.478600
8275.479126	-118.809357
8276.152039	-119.366348
8276.824951	-119.178307
8277.497864	-119.055176
8278.170776	-119.466377
8278.843689	-119.281128
8279.516602	-119.281380
8280.189514	-119.657219
8280.862427	-119.286301
8281.535339	-118.876289
8282.208252	-117.925262
8282.881165	-118.722206
8283.554077	-118.899925
8284.226990	-118.940483
8284.899902	-118.857941
8285.572815	-119.295837
8286.245728	-118.972916
8286.918640	-118.144211
8287.591553	-118.113945
8288.264465	-119.203545
8288.937378	-119.176376
8289.610291	-119.211357
8290.283203	-119.267868
8290.956116	-118.684654
8291.629028	-118.889511
8292.301941	-119.762398
8292.974854	-119.367775
8293.647766	-118.574646
8294.320679	-118.532448
8294.993591	-119.016846
8295.666504	-119.277145
8296.339417	-118.926651
8297.012329	-118.348320
8297.685242	-119.383881
8298.358154	-118.578400
8299.031067	-118.020805
8299.703979	-119.315895
8300.376892	-119.872215
8301.049805	-119.187462
8301.722717	-119.251160
8302.395630	-118.747414
8303.068542	-118.495537
8303.741455	-119.356827
8304.414368	-119.487679
8305.087280	-120.125374
8305.760193	-118.982330
8306.433105	-119.205780
8307.106018	-119.164764
8307.778931	-118.441895
8308.451843	-119.553780
8309.124756	-120.642990
8309.797668	-119.534485
8310.470581	-120.081108
8311.143494	-119.867188
8311.816406	-119.512032
8312.489319	-119.307823
8313.162231	-119.742409
8313.835144	-118.974487
8314.508057	-118.908493
8315.180969	-118.561790
8315.853882	-118.689049
8316.526794	-118.970406
8317.199707	-119.556267
8317.872620	-119.548233
8318.545532	-118.898331
8319.218445	-118.768990
8319.891357	-120.320808
8320.564270	-119.992912
8321.237183	-119.310112
8321.910095	-119.778221
8322.583008	-120.136955
8323.255920	-119.553864
8323.928833	-119.146118
8324.601746	-119.406410
8325.274658	-119.262703
8325.947571	-119.045761
8326.620483	-118.812447
8327.293396	-120.143951
8327.966309	-120.501724
8328.639221	-119.464989
8329.312134	-118.727798
8329.985046	-117.644112
8330.657959	-117.541351
8331.330872	-118.383781
8332.003784	-118.680763
8332.676697	-119.044579
8333.349609	-118.872307
8334.022522	-119.438774
8334.695435	-119.219643
8335.368347	-117.987587
8336.041260	-118.335800
8336.714172	-119.268753
8337.387085	-119.222816
8338.059998	-118.942101
8338.732910	-118.441353
8339.405823	-118.022026
8340.078735	-118.687286
8340.751648	-118.553711
8341.424561	-117.842026
8342.097473	-118.358643
8342.770386	-118.478539
8343.443298	-119.323776
8344.116211	-119.983078
8344.789124	-119.363861
8345.462036	-119.789574
8346.134949	-119.144989
8346.807861	-118.838387
8347.480774	-119.286133
8348.153687	-118.903519
8348.826599	-118.655312
8349.499512	-119.488380
8350.172424	-119.743164
8350.845337	-119.468636
8351.518250	-120.352692
8352.191162	-120.556557
8352.864075	-120.272484
8353.536987	-120.485054
8354.209900	-120.525070
8354.882812	-119.512352
8355.555725	-119.387512
8356.228638	-118.952507
8356.901550	-118.438721
8357.574463	-118.635712
8358.247375	-119.906281
8358.920288	-119.293571
8359.593201	-118.668106
8360.266113	-117.728401
8360.939026	-117.687317
8361.611938	-118.700806
8362.284851	-118.786453
8362.957764	-118.928909
8363.630676	-118.841316
8364.303589	-119.272789
8364.976501	-119.551003
8365.649414	-119.846642
8366.322327	-119.552162
8366.995239	-119.494118
8367.668152	-119.981674
8368.341064	-118.902679
8369.013977	-118.992508
8369.686890	-119.531868
8370.359802	-119.452240
8371.032715	-118.673569
8371.705627	-119.221367
8372.378540	-119.124886
8373.051453	-119.085411
8373.724365	-120.075447
8374.397278	-119.873199
8375.070190	-118.626968
8375.743103	-119.435661
8376.416016	-119.003853
8377.088928	-119.186638
8377.761841	-118.919975
8378.434753	-118.938667
8379.107666	-118.223770
8379.780579	-119.379662
8380.453491	-120.547295
8381.126404	-119.332878
8381.799316	-118.546600
8382.472229	-117.893837
8383.145142	-118.478439
8383.818054	-119.595261
8384.490967	-119.872948
8385.163879	-120.311623
8385.836792	-119.630104
8386.509705	-119.103348
8387.182617	-119.169815
8387.855530	-118.855659
8388.528442	-118.945137
8389.201355	-119.818108
8389.874268	-120.856056
8390.547180	-119.756180
8391.220093	-118.928009
8391.893005	-119.669807
8392.565918	-120.322388
8393.238831	-118.536583
8393.911743	-118.680115
8394.584656	-119.451736
8395.257568	-119.904602
8395.930481	-119.316666
8396.603394	-119.047531
8397.276306	-118.507278
8397.949219	-118.105957
8398.622131	-118.123299
8399.295044	-118.277977
8399.967957	-119.194641
8400.640869	-119.273407
8401.313782	-119.055481
8401.986694	-118.742981
8402.659607	-119.212578
8403.332520	-119.785767
8404.005432	-119.467361
8404.678345	-118.922844
8405.351257	-119.172462
8406.024170	-119.207764
8406.697083	-118.800545
8407.369995	-118.821106
8408.042908	-118.903084
8408.715820	-118.711876
8409.388733	-119.701324
8410.061646	-119.836670
8410.734558	-119.391556
8411.407471	-119.901077
8412.080383	-118.618576
8412.753296	-119.879799
8413.426208	-119.951691
8414.099121	-119.753029
8414.772034	-119.149086
8415.444946	-117.982628
8416.117859	-118.295181
8416.790771	-119.734512
8417.463684	-119.024010
8418.136597	-118.750511
8418.809509	-118.529694
8419.482422	-118.439453
8420.155334	-117.976524
8420.828247	-118.222206
8421.501160	-118.627808
8422.174072	-119.009079
8422.846985	-118.960365
8423.519897	-117.942192
8424.192810	-118.496208
8424.865723	-118.716721
8425.538635	-119.099022
8426.211548	-118.446144
8426.884460	-118.227654
8427.557373	-118.872223
8428.230286	-119.010330
8428.903198	-119.096382
8429.576111	-118.659203
8430.249023	-118.224640
8430.921936	-117.976326
8431.594849	-119.261017
8432.267761	-118.485168
8432.940674	-118.717514
8433.613586	-120.008385
8434.286499	-118.676056
8434.959412	-118.767723
8435.632324	-119.399193
8436.305237	-119.517509
8436.978149	-119.109947
8437.651062	-118.630875
8438.323975	-119.170769
8438.996887	-119.353394
8439.669800	-119.488029
8440.342712	-118.861252
8441.015625	-118.770622
8441.688538	-119.009720
8442.361450	-119.170113
8443.034363	-118.976105
8443.707275	-119.444893
8444.380188	-119.105148
8445.053101	-118.706879
8445.726013	-119.151405
8446.398926	-118.659309
8447.071838	-118.633003
8447.744751	-119.184586
8448.417664	-119.443993
8449.090576	-118.897774
8449.763489	-118.998772
8450.436401	-118.971954
8451.109314	-119.428635
8451.782227	-120.248840
8452.455139	-119.065048
8453.128052	-118.959396
8453.800964	-119.267258
8454.473877	-118.904381
8455.146790	-118.262833
8455.819702	-117.713120
8456.492615	-118.568787
8457.165527	-118.568764
8457.838440	-118.714302
8458.511353	-119.755196
8459.184265	-119.829605
8459.857178	-119.392494
8460.530090	-119.346123
8461.203003	-118.380829
8461.875916	-118.917320
8462.548828	-118.280113
8463.221741	-118.087654
8463.894653	-119.101120
8464.567566	-119.474983
8465.240479	-118.754051
8465.913391	-118.026253
8466.586304	-119.072845
8467.259216	-119.362541
8467.932129	-119.888390
8468.605042	-119.997871
8469.277954	-118.128319
8469.950867	-118.344482
8470.623779	-118.908005
8471.296692	-119.354691
8471.969604	-118.519958
8472.642517	-118.855934
8473.315430	-118.831589
8473.988342	-118.699615
8474.661255	-118.919830
8475.334167	-119.474213
8476.007080	-119.660553
8476.679993	-119.479515
8477.352905	-118.841789
8478.025818	-119.794647
8478.698730	-120.098320
8479.371643	-120.561226
8480.044556	-120.264297
8480.717468	-119.845329
8481.390381	-119.455963
8482.063293	-120.332703
8482.736206	-118.973137
8483.409119	-118.407616
8484.082031	-118.954529
8484.754944	-119.067688
8485.427856	-119.298126
8486.100769	-119.166382
8486.773682	-118.870651
8487.446594	-118.048630
8488.119507	-118.881416
8488.792419	-120.709839
8489.465332	-120.242218
8490.138245	-119.123993
8490.811157	-118.400650
8491.484070	-119.499420
8492.156982	-119.261414
8492.829895	-118.898720
8493.502808	-119.033104
8494.175720	-118.384651
8494.848633	-118.888344
8495.521545	-120.004311
8496.194458	-119.328102
8496.867371	-119.112328
8497.540283	-118.691399
8498.213196	-118.963478
8498.886108	-120.829124
8499.559021	-119.552338
8500.231934	-118.725166
8500.904846	-119.443245
8501.577759	-119.925865
8502.250671	-119.486519
8502.923584	-119.839577
8503.596497	-119.803947
8504.269409	-119.221779
8504.942322	-119.191383
8505.615234	-119.066895
8506.288147	-118.891396
8506.961060	-119.656097
8507.633972	-118.814171
8508.306885	-119.559319
8508.979797	-119.151451
8509.652710	-118.153061
8510.325623	-117.986221
8510.998535	-118.981300
8511.671448	-119.662094
8512.344360	-120.281189
8513.017273	-119.863266
8513.690186	-118.662102
8514.363098	-119.359650
8515.036011	-118.058220
8515.708923	-118.419876
8516.381836	-119.086845
8517.054749	-119.110390
8517.727661	-120.189384
8518.400574	-119.814583
8519.073486	-118.749306
8519.746399	-117.827843
8520.419312	-118.132156
8521.092224	-118.513603
8521.765137	-117.726387
8522.438049	-119.002716
8523.110962	-119.708015
8523.783875	-118.930717
8524.456787	-118.559753
8525.129700	-118.750648
8525.802612	-120.262886
8526.475525	-119.637886
8527.148438	-118.951607
8527.821350	-118.872566
8528.494263	-119.146149
8529.167175	-119.019974
8529.840088	-119.148071
8530.513000	-119.112206
8531.185913	-119.284523
8531.858826	-118.184158
8532.531738	-119.210655
8533.204651	-118.962517
8533.877563	-119.062874
8534.550476	-119.348083
8535.223389	-119.012001
8535.896301	-116.844292
8536.569214	-117.012016
8537.242126	-118.658806
8537.915039	-119.491158
8538.587952	-119.270584
8539.260864	-118.491615
8539.933777	-118.772293
8540.606689	-119.258957
8541.279602	-118.762741
8541.952515	-119.104729
8542.625427	-118.349236
8543.298340	-118.783165
8543.971252	-120.795143
8544.644165	-119.199585
8545.317078	-119.810043
8545.989990	-119.382080
8546.662903	-119.335770
8547.335815	-119.180161
8548.008728	-118.970757
8548.681641	-118.723320
8549.354553	-119.660126
8550.027466	-121.082222
8550.700378	-120.438522
8551.373291	-119.572762
8552.046204	-119.152657
8552.719116	-119.276123
8553.392029	-119.186295
8554.064941	-119.075920
8554.737854	-119.478653
8555.410767	-118.738327
8556.083679	-118.505630
8556.756592	-119.020332
8557.429504	-119.375458
8558.102417	-120.354492
8558.775330	-119.667328
8559.448242	-119.009010
8560.121155	-119.242332
8560.794067	-118.440414
8561.466980	-118.950188
8562.139893	-119.619202
8562.812805	-119.474945
8563.485718	-119.337975
8564.158630	-120.000000
8564.831543	-118.760056
8565.504456	-118.922516
8566.177368	-119.196136
8566.850281	-118.830780
8567.523193	-117.436745
8568.196106	-118.897438
8568.869019	-119.742569
8569.541931	-119.595963
8570.214844	-119.864845
8570.887756	-119.467941
8571.560669	-119.414406
8572.233582	-119.376816
8572.906494	-120.248123
8573.579407	-119.354279
8574.252319	-119.868698
8574.925232	-119.510712
8575.598145	-118.065567
8576.271057	-118.358101
8576.943970	-118.860794
8577.616882	-118.279099
8578.289795	-118.492393
8578.962708	-118.939659
8579.635620	-118.588882
8580.308533	-118.682419
8580.981445	-119.031517
8581.654358	-119.105751
8582.327271	-118.782166
8583.000183	-119.412262
8583.673096	-118.503807
8584.346008	-119.480881
8585.018921	-118.613579
8585.691833	-118.824684
8586.364746	-118.735519
8587.037659	-118.415421
8587.710571	-119.298378
8588.383484	-119.605843
8589.056396	-119.538971
8589.729309	-120.506508
8590.402222	-119.898018
8591.075134	-119.441986
8591.748047	-118.984329
8592.420959	-118.560249
8593.093872	-118.846725
8593.766785	-118.066467
8594.439697	-118.852135
8595.112610	-118.811691
8595.785522	-119.399086
8596.458435	-119.407028
8597.131348	-118.849609
8597.804260	-117.906174
8598.477173	-118.959259
8599.150085	-118.480637
8599.822998	-118.038376
8600.495911	-118.920952
8601.168823	-118.731117
8601.841736	-119.082809
8602.514648	-118.847176
8603.187561	-119.523613
8603.860474	-119.179031
8604.533386	-118.391365
8605.206299	-118.424858
8605.879211	-118.265282
8606.552124	-117.976822
8607.225037	-118.506577
8607.897949	-119.356934
8608.570862	-119.216248
8609.243774	-118.948448
8609.916687	-117.965302
8610.589600	-117.621109
8611.262512	-117.598495
8611.935425	-118.527992
8612.608337	-118.792961
8613.281250	-119.336288
8613.954163	-119.437241
8614.627075	-118.680122
8615.299988	-119.315269
8615.972900	-119.558327
8616.645813	-119.159309
8617.318726	-120.031181
8617.991638	-119.339096
8618.664551	-117.954315
8619.337463	-118.879448
8620.010376	-118.537514
8620.683289	-117.902199
8621.356201	-118.740631
8622.029114	-118.772621
8622.702026	-118.608253
8623.374939	-118.885399
8624.047852	-118.333481
8624.720764	-118.291916
8625.393677	-118.524147
8626.066589	-118.548744
8626.739502	-118.432228
8627.412415	-119.369911
8628.085327	-119.072075
8628.758240	-119.857140
8629.431152	-119.210541
8630.104065	-118.197166
8630.776978	-118.003868
8631.449890	-117.712662
8632.122803	-118.002953
8632.795715	-118.590637
8633.468628	-118.489273
8634.141541	-119.630486
8634.814453	-120.323303
8635.487366	-119.128960
8636.160278	-119.269104
8636.833191	-118.662498
8637.506104	-118.827110
8638.179016	-119.521164
8638.851929	-120.515717
8639.524841	-119.547714
8640.197754	-119.540771
8640.870667	-119.404060
8641.543579	-118.959572
8642.216492	-117.867165
8642.889404	-117.720970
8643.562317	-119.252945
8644.235229	-118.653366
8644.908142	-118.108498
8645.581055	-119.246246
8646.253967	-118.302544
8646.926880	-118.692696
8647.599792	-118.465790
8648.272705	-118.445953
8648.945618	-118.865860
8649.618530	-119.017540
8650.291443	-119.611572
8650.964355	-119.282387
8651.637268	-118.565704
8652.310181	-118.506752
8652.983093	-118.272476
8653.656006	-118.571053
8654.328918	-119.771805
8655.001831	-119.874413
8655.674744	-120.352043
8656.347656	-119.677689
8657.020569	-119.635239
8657.693481	-118.603104
8658.366394	-119.312614
8659.039307	-120.502045
8659.712219	-118.924919
8660.385132	-119.358246
8661.058044	-119.619682
8661.730957	-118.747375
8662.403870	-119.082954
8663.076782	-119.138214
8663.749695	-117.804031
8664.422607	-119.085571
8665.095520	-119.551208
8665.768433	-118.404816
8666.441345	-117.745247
8667.114258	-118.131966
8667.787170	-117.785728
8668.460083	-118.167015
8669.132996	-118.779739
8669.805908	-117.464745
8670.478821	-118.567795
8671.151733	-119.893661
8671.824646	-119.346436
8672.497559	-119.679115
8673.170471	-119.124603
8673.843384	-118.283867
8674.516296	-117.932007
8675.189209	-117.557693
8675.862122	-119.109856
8676.535034	-119.200668
8677.207947	-119.315758
8677.880859	-119.727722
8678.553772	-120.102676
8679.226685	-119.701080
8679.899597	-119.762093
8680.572510	-118.940422
8681.245422	-118.786758
8681.918335	-117.650864
8682.591248	-117.353218
8683.264160	-117.368324
8683.937073	-120.162796
8684.609985	-119.702522
8685.282898	-119.866745
8685.955811	-118.639969
8686.628723	-119.442154
8687.301636	-119.500969
8687.974548	-118.387871
8688.647461	-118.406105
8689.320374	-118.583069
8689.993286	-118.998047
8690.666199	-118.673027
8691.339111	-118.205162
8692.012024	-117.869186
8692.684937	-117.651886
8693.357849	-118.404266
8694.030762	-119.416832
8694.703674	-119.146957
8695.376587	-119.351700
8696.049500	-118.794907
8696.722412	-118.709816
8697.395325	-118.964455
8698.068237	-119.207718
8698.741150	-118.753464
8699.414062	-119.165718
8700.086975	-118.328972
8700.759888	-119.075325
8701.432800	-118.162605
8702.105713	-118.044243
8702.778625	-118.800446
8703.451538	-119.639816
8704.124451	-119.143433
8704.797363	-119.234497
8705.470276	-119.223007
8706.143188	-118.611671
8706.816101	-118.762840
8707.489014	-119.191109
8708.161926	-118.953880
8708.834839	-119.143730
8709.507751	-118.312462
8710.180664	-118.192787
8710.853577	-118.820839
8711.526489	-118.981972
8712.199402	-119.174736
8712.872314	-118.505547
8713.545227	-118.555290
8714.218140	-119.232811
8714.891052	-117.792030
8715.563965	-117.851440
8716.236877	-118.885223
8716.909790	-119.326065
8717.582703	-118.752808
8718.255615	-118.159798
8718.928528	-118.287231
8719.601440	-118.283501
8720.274353	-118.538773
8720.947266	-119.585945
8721.620178	-119.353233
8722.293091	-118.757729
8722.966003	-118.172638
8723.638916	-118.123344
8724.311829	-118.939369
8724.984741	-119.315826
8725.657654	-118.999321
8726.330566	-118.310081
8727.003479	-118.843262
8727.676392	-119.295563
8728.349304	-119.366783
8729.022217	-119.591797
8729.695129	-118.511353
8730.368042	-117.709297
8731.040955	-118.117569
8731.713867	-119.380669
8732.386780	-118.927444
8733.059692	-118.255249
8733.732605	-117.695824
8734.405518	-118.722939
8735.078430	-118.889793
8735.751343	-118.574577
8736.424255	-118.888779
8737.097168	-118.402237
8737.770081	-118.837776
8738.442993	-119.262901
8739.115906	-118.541405
8739.788818	-119.596298
8740.461731	-119.514160
8741.134644	-118.684479
8741.807556	-117.782043
8742.480469	-118.479889
8743.153381	-119.065285
8743.826294	-118.859764
8744.499207	-119.154884
8745.172119	-119.417274
8745.845032	-119.070793
8746.517944	-119.065903
8747.190857	-118.243065
8747.863770	-118.932022
8748.536682	-119.648521
8749.209595	-118.833794
8749.882507	-118.326035
8750.555420	-118.788857
8751.228333	-119.053162
8751.901245	-118.478706
8752.574158	-119.261528
8753.247070	-119.363304
8753.919983	-118.760513
8754.592896	-118.448929
8755.265808	-118.691612
8755.938721	-119.476524
8756.611633	-119.721474
8757.284546	-119.536377
8757.957458	-119.304840
8758.630371	-118.751968
8759.303284	-118.345078
8759.976196	-118.684982
8760.649109	-119.137177
8761.322021	-119.019043
8761.994934	-118.688667
8762.667847	-117.965645
8763.340759	-118.414230
8764.013672	-118.093880
8764.686584	-118.119583
8765.359497	-118.742973
8766.032410	-119.476677
8766.705322	-119.596367
8767.378235	-118.623611
8768.051147	-117.750046
8768.724060	-118.638542
8769.396973	-119.489304
8770.069885	-119.152428
8770.742798	-118.180023
8771.415710	-118.557236
8772.088623	-119.377617
8772.761536	-120.593979
8773.434448	-118.340034
8774.107361	-118.493744
8774.780273	-118.654922
8775.453186	-118.375504
8776.126099	-118.354874
8776.799011	-118.219696
8777.471924	-118.013428
8778.144836	-118.897125
8778.817749	-118.417183
8779.490662	-118.503960
8780.163574	-119.272163
8780.836487	-119.403038
8781.509399	-118.952240
8782.182312	-119.101196
8782.855225	-118.383186
8783.528137	-117.748268
8784.201050	-118.113258
8784.873962	-118.625916
8785.546875	-118.795151
8786.219788	-118.476669
8786.892700	-118.346291
8787.565613	-118.678177
8788.238525	-119.358269
8788.911438	-117.253044
8789.584351	-117.741379
8790.257263	-117.432182
8790.930176	-118.079239
8791.603088	-119.254333
8792.276001	-119.758125
8792.948914	-118.830879
8793.621826	-118.844795
8794.294739	-118.625732
8794.967651	-118.951797
8795.640564	-119.279938
8796.313477	-119.492653
8796.986389	-117.959465
8797.659302	-117.571846
8798.332214	-118.198174
8799.005127	-118.394508
8799.678040	-119.103622
8800.350952	-119.618896
8801.023865	-118.972954
8801.696777	-117.657448
8802.369690	-118.877457
8803.042603	-119.857765
8803.715515	-120.048889
8804.388428	-120.054787
8805.061340	-119.038734
8805.734253	-118.702316
8806.407166	-119.178337
8807.080078	-118.715782
8807.752991	-118.014557
8808.425903	-119.259201
8809.098816	-119.006302
8809.771729	-118.853157
8810.444641	-118.788208
8811.117554	-119.437347
8811.790466	-119.318474
8812.463379	-119.432152
8813.136292	-119.743340
8813.809204	-118.912262
8814.482117	-118.419388
8815.155029	-119.240097
8815.827942	-118.806862
8816.500854	-118.148613
8817.173767	-117.623695
8817.846680	-117.415230
8818.519592	-118.340034
8819.192505	-118.990135
8819.865417	-118.536110
8820.538330	-119.593132
8821.211243	-119.101212
8821.884155	-119.091660
8822.557068	-119.818802
8823.229980	-118.633759
8823.902893	-118.481636
8824.575806	-119.288010
8825.248718	-119.340309
8825.921631	-118.575630
8826.594543	-118.416702
8827.267456	-118.802254
8827.940369	-118.673981
8828.613281	-118.334557
8829.286194	-118.771240
8829.959106	-120.085854
8830.632019	-119.641312
8831.304932	-119.285538
8831.977844	-119.565834
8832.650757	-118.658821
8833.323669	-118.047348
8833.996582	-118.122780
8834.669495	-118.614197
8835.342407	-118.264557
8836.015320	-118.630966
8836.688232	-118.757126
8837.361145	-119.239090
8838.034058	-119.256729
8838.706970	-118.441849
8839.379883	-118.458145
8840.052795	-118.529160
8840.725708	-118.267227
8841.398621	-117.987473
8842.071533	-118.071297
8842.744446	-118.059090
8843.417358	-118.645233
8844.090271	-118.305626
8844.763184	-118.228401
8845.436096	-118.787926
8846.109009	-118.735855
8846.781921	-118.600456
8847.454834	-119.705055
8848.127747	-119.880913
8848.800659	-119.107956
8849.473572	-118.700211
8850.146484	-118.936417
8850.819397	-119.608879
8851.492310	-120.438286
8852.165222	-121.270355
8852.838135	-119.185043
8853.511047	-118.422325
8854.183960	-118.591499
8854.856873	-118.371910
8855.529785	-118.280945
8856.202698	-118.586166
8856.875610	-118.353226
8857.548523	-118.043152
8858.221436	-118.364937
8858.894348	-119.181267
8859.567261	-119.494972
8860.240173	-119.514557
8860.913086	-118.760063
8861.585999	-118.867409
8862.258911	-118.890167
8862.931824	-118.814049
8863.604736	-118.427933
8864.277649	-118.809097
8864.950562	-119.384796
8865.623474	-119.963791
8866.296387	-119.233582
8866.969299	-119.708298
8867.642212	-119.274139
8868.315125	-118.965172
8868.988037	-118.823006
8869.660950	-117.011879
8870.333862	-118.021461
8871.006775	-118.385841
8871.679688	-118.205452
8872.352600	-118.619759
8873.025513	-119.186874
8873.698425	-119.103264
8874.371338	-118.492241
8875.044250	-119.236229
8875.717163	-118.619331
8876.390076	-118.053535
8877.062988	-118.764259
8877.735901	-118.980003
8878.408813	-118.710236
8879.081726	-118.188522
8879.754639	-118.458466
8880.427551	-118.349312
8881.100464	-118.935173
8881.773376	-118.677406
8882.446289	-118.363068
8883.119202	-118.735497
8883.792114	-118.094559
8884.465027	-119.296684
8885.137939	-118.610306
8885.810852	-118.166977
8886.483765	-119.130066
8887.156677	-119.562515
8887.829590	-118.818687
8888.502502	-118.967735
8889.175415	-118.883209
8889.848328	-119.076317
8890.521240	-118.799110
8891.194153	-118.745735
8891.867065	-117.404869
8892.539978	-116.832222
8893.212891	-117.560127
8893.885803	-118.005692
8894.558716	-118.301880
8895.231628	-119.472527
8895.904541	-118.135841
8896.577454	-117.999611
8897.250366	-119.038597
8897.923279	-120.173912
8898.596191	-118.367523
8899.269104	-118.846497
8899.942017	-118.779884
8900.614929	-118.478394
8901.287842	-119.442955
8901.960754	-119.542168
8902.633667	-119.837219
8903.306580	-119.611938
8903.979492	-119.817696
8904.652405	-118.338669
8905.325317	-118.212624
8905.998230	-118.872421
8906.671143	-119.574051
8907.344055	-118.844749
8908.016968	-119.068832
8908.689880	-118.962677
8909.362793	-118.808037
8910.035706	-118.686607
8910.708618	-118.951721
8911.381531	-118.403900
8912.054443	-118.126343
8912.727356	-118.623672
8913.400269	-118.986031
8914.073181	-119.502136
8914.746094	-119.626785
8915.419006	-119.660492
8916.091919	-118.199371
8916.764832	-117.349686
8917.437744	-117.964439
8918.110657	-117.859016
8918.783569	-118.508797
8919.456482	-119.563431
8920.129395	-118.987160
8920.802307	-117.802483
8921.475220	-117.742210
8922.148132	-116.733475
8922.821045	-117.101936
8923.493958	-118.486580
8924.166870	-119.279686
8924.839783	-119.422119
8925.512695	-120.107742
8926.185608	-119.058578
8926.858521	-118.768761
8927.531433	-118.824738
8928.204346	-119.057701
8928.877258	-118.613457
8929.550171	-119.122704
8930.223083	-118.651283
8930.895996	-117.889885
8931.568909	-118.074982
8932.241821	-117.986008
8932.914734	-118.479546
8933.587646	-119.217072
8934.260559	-118.795357
8934.933472	-119.107254
8935.606384	-119.475578
8936.279297	-119.030281
8936.952209	-118.641159
8937.625122	-118.663986
8938.298035	-119.300659
8938.970947	-120.398651
8939.643860	-118.814453
8940.316772	-118.262077
8940.989685	-117.587631
8941.662598	-118.547432
8942.335510	-119.608627
8943.008423	-119.741493
8943.681335	-119.991562
8944.354248	-119.473892
8945.027161	-117.938347
8945.700073	-118.397163
8946.372986	-118.935791
8947.045898	-118.780502
8947.718811	-118.303215
8948.391724	-118.273445
8949.064636	-118.519646
8949.737549	-118.039871
8950.410461	-118.042625
8951.083374	-118.915558
8951.756287	-119.043938
8952.429199	-118.518600
8953.102112	-118.549973
8953.775024	-118.438828
8954.447937	-118.847519
8955.120850	-118.291122
8955.793762	-119.004745
8956.466675	-118.928596
8957.139587	-119.267700
8957.812500	-119.336571
8958.485413	-118.740433
8959.158325	-118.648781
8959.831238	-118.634933
8960.504150	-118.064796
8961.177063	-118.464241
8961.849976	-118.199272
8962.522888	-118.955482
8963.195801	-118.971619
8963.868713	-118.440041
8964.541626	-118.606094
8965.214539	-119.885651
8965.887451	-119.025520
8966.560364	-118.301208
8967.233276	-118.864731
8967.906189	-119.951553
8968.579102	-119.779442
8969.252014	-119.718529
8969.924927	-119.373222
8970.597839	-118.689232
8971.270752	-118.172058
8971.943665	-118.489906
8972.616577	-119.197922
8973.289490	-118.898285
8973.962402	-119.574249
8974.635315	-118.949814
8975.308228	-118.931664
8975.981140	-119.109947
8976.654053	-120.255203
8977.326965	-119.111298
8977.999878	-119.778725
8978.672791	-118.624275
8979.345703	-117.987877
8980.018616	-119.107574
8980.691528	-119.036697
8981.364441	-118.375000
8982.037354	-118.437088
8982.710266	-119.021080
8983.383179	-118.456314
8984.056091	-118.385864
8984.729004	-119.550095
8985.401917	-119.062035
8986.074829	-119.016106
8986.747742	-118.702019
8987.420654	-119.013603
8988.093567	-118.274666
8988.766479	-119.161201
8989.439392	-119.242393
8990.112305	-119.754356
8990.785217	-119.480743
8991.458130	-118.633141
8992.131042	-118.284592
8992.803955	-118.268036
8993.476868	-119.808662
8994.149780	-120.287338
8994.822693	-118.941162
8995.495605	-119.409668
8996.168518	-119.795349
8996.841431	-119.677696
8997.514343	-118.991043
8998.187256	-118.599045
8998.860168	-119.243607
8999.533081	-118.953529
9000.205994	-118.666489
9000.878906	-118.795197
9001.551819	-118.983856
9002.224731	-118.644379
9002.897644	-118.707840
9003.570557	-118.913406
9004.243469	-118.970146
9004.916382	-118.584534
9005.589294	-117.814728
9006.262207	-117.319450
9006.935120	-118.559303
9007.608032	-119.655342
9008.280945	-120.149666
9008.953857	-119.056190
9009.626770	-118.665810
9010.299683	-118.122284
9010.972595	-117.823669
9011.645508	-118.206635
9012.318420	-119.506599
9012.991333	-119.844925
9013.664246	-118.208710
9014.337158	-118.252937
9015.010071	-118.812164
9015.682983	-119.180809
9016.355896	-118.994431
9017.028809	-119.080261
9017.701721	-119.464439
9018.374634	-118.575867
9019.047546	-118.685516
9019.720459	-118.972046
9020.393372	-118.605507
9021.066284	-118.528580
9021.739197	-119.369492
9022.412109	-118.734299
9023.085022	-118.207359
9023.757935	-118.527679
9024.430847	-118.212181
9025.103760	-118.952019
9025.776672	-118.760498
9026.449585	-119.290810
9027.122498	-118.680977
9027.795410	-118.590416
9028.468323	-119.660812
9029.141235	-119.205185
9029.814148	-118.875099
9030.487061	-118.245148
9031.159973	-118.045662
9031.832886	-118.127174
9032.505798	-118.896484
9033.178711	-119.166542
9033.851624	-119.659393
9034.524536	-118.655716
9035.197449	-118.556816
9035.870361	-118.787369
9036.543274	-118.971031
9037.216187	-118.533051
9037.889099	-119.405891
9038.562012	-120.336838
9039.234924	-120.048080
9039.907837	-119.551018
9040.580750	-119.125793
9041.253662	-118.685326
9041.926575	-117.650558
9042.599487	-118.391991
9043.272400	-118.952934
9043.945312	-119.214699
9044.618225	-119.387962
9045.291138	-118.374779
9045.964050	-118.688721
9046.636963	-118.042290
9047.309875	-118.250381
9047.982788	-118.234268
9048.655701	-118.482864
9049.328613	-118.261635
9050.001526	-118.580200
9050.674438	-118.104523
9051.347351	-117.503654
9052.020264	-118.135094
9052.693176	-118.465401
9053.366089	-118.646873
9054.039001	-118.220444
9054.711914	-119.110359
9055.384827	-118.823677
9056.057739	-118.992805
9056.730652	-119.516502
9057.403564	-118.876091
9058.076477	-118.951569
9058.749390	-118.548424
9059.422302	-117.836739
9060.095215	-117.691498
9060.768127	-119.180885
9061.441040	-119.405724
9062.113953	-119.354286
9062.786865	-118.512985
9063.459778	-118.038834
9064.132690	-117.881958
9064.805603	-118.327278
9065.478516	-118.504936
9066.151428	-118.807396
9066.824341	-119.201462
9067.497253	-119.604507
9068.170166	-119.875023
9068.843079	-119.074165
9069.515991	-118.993935
9070.188904	-118.628906
9070.861816	-118.611549
9071.534729	-118.138412
9072.207642	-118.344864
9072.880554	-119.590424
9073.553467	-118.758354
9074.226379	-118.126205
9074.899292	-118.458565
9075.572205	-119.261322
9076.245117	-119.656853
9076.918030	-119.482147
9077.590942	-118.969589
9078.263855	-118.756302
9078.936768	-118.578979
9079.609680	-117.986259
9080.282593	-118.416435
9080.955505	-118.492607
9081.628418	-117.888664
9082.301331	-118.473236
9082.974243	-118.550415
9083.647156	-117.420570
9084.320068	-118.234802
9084.992981	-117.957649
9085.665894	-118.035934
9086.338806	-118.276054
9087.011719	-118.121117
9087.684631	-118.007523
9088.357544	-118.404144
9089.030457	-117.981644
9089.703369	-118.960045
9090.376282	-118.710152
9091.049194	-118.688347
9091.722107	-119.064407
9092.395020	-118.795341
9093.067932	-119.083557
9093.740845	-119.656982
9094.413757	-119.649269
9095.086670	-120.266594
9095.759583	-119.688820
9096.432495	-118.458878
9097.105408	-118.765640
9097.778320	-117.999161
9098.451233	-117.805916
9099.124146	-118.108055
9099.797058	-118.706184
9100.469971	-118.117737
9101.142883	-118.163246
9101.815796	-118.674538
9102.488708	-118.635979
9103.161621	-118.548531
9103.834534	-118.295822
9104.507446	-118.341904
9105.180359	-118.834732
9105.853271	-119.286903
9106.526184	-118.971664
9107.199097	-119.060066
9107.872009	-118.714836
9108.544922	-119.761871
9109.217834	-120.213745
9109.890747	-118.788979
9110.563660	-117.880325
9111.236572	-118.248383
9111.909485	-118.445229
9112.582397	-118.663490
9113.255310	-117.872375
9113.928223	-117.266655
9114.601135	-118.069847
9115.274048	-117.320824
9115.946960	-117.905609
9116.619873	-118.716400
9117.292786	-118.569214
9117.965698	-119.079903
9118.638611	-119.251259
9119.311523	-118.821579
9119.984436	-119.153336
9120.657349	-119.409447
9121.330261	-117.626297
9122.003174	-117.918640
9122.676086	-118.705284
9123.348999	-119.392448
9124.021912	-118.826401
9124.694824	-117.885635
9125.367737	-118.163864
9126.040649	-119.838898
9126.713562	-119.428902
9127.386475	-118.301254
9128.059387	-118.466469
9128.732300	-118.857834
9129.405212	-118.830902
9130.078125	-118.030006
9130.751038	-118.651138
9131.423950	-118.192780
9132.096863	-118.002670
9132.769775	-117.793221
9133.442688	-117.986450
9134.115601	-117.603508
9134.788513	-118.674583
9135.461426	-118.517647
9136.134338	-119.071266
9136.807251	-118.848434
9137.480164	-118.874329
9138.153076	-119.644577
9138.825989	-119.353828
9139.498901	-119.161781
9140.171814	-118.703140
9140.844727	-117.821800
9141.517639	-118.680336
9142.190552	-119.042282
9142.863464	-118.403328
9143.536377	-118.854614
9144.209290	-118.665390
9144.882202	-117.664413
9145.555115	-118.232719
9146.228027	-118.776367
9146.900940	-118.946877
9147.573853	-118.937279
9148.246765	-118.185745
9148.919678	-117.598862
9149.592590	-117.914436
9150.265503	-118.688232
9150.938416	-118.658211
9151.611328	-118.715248
9152.284241	-118.126007
9152.957153	-118.200409
9153.630066	-118.510139
9154.302979	-118.616592
9154.975891	-119.052605
9155.648804	-118.382568
9156.321716	-118.426826
9156.994629	-118.294197
9157.667542	-117.777977
9158.340454	-118.725655
9159.013367	-118.396797
9159.686279	-118.460052
9160.359192	-119.266457
9161.032104	-118.489357
9161.705017	-117.853867
9162.377930	-117.920441
9163.050842	-119.106758
9163.723755	-118.870895
9164.396667	-119.605812
9165.069580	-119.870453
9165.742493	-119.632805
9166.415405	-119.009651
9167.088318	-118.222878
9167.761230	-119.471581
9168.434143	-119.836174
9169.107056	-118.922379
9169.779968	-118.235237
9170.452881	-118.893250
9171.125793	-118.212410
9171.798706	-117.358902
9172.471619	-118.251076
9173.144531	-117.896187
9173.817444	-117.610779
9174.490356	-118.490868
9175.163269	-118.237122
9175.836182	-118.098969
9176.509094	-118.568718
9177.182007	-119.776489
9177.854919	-119.264885
9178.527832	-119.248566
9179.200745	-118.977318
9179.873657	-117.964737
9180.546570	-118.641029
9181.219482	-118.682152
9181.892395	-118.833008
9182.565308	-117.608856
9183.238220	-117.869598
9183.911133	-118.191254
9184.584045	-117.246620
9185.256958	-118.182335
9185.929871	-119.392387
9186.602783	-118.923584
9187.275696	-118.860512
9187.948608	-118.332359
9188.621521	-119.245636
9189.294434	-119.019081
9189.967346	-118.116783
9190.640259	-118.586777
9191.313171	-118.587784
9191.986084	-118.489914
9192.658997	-118.943031
9193.331909	-117.189270
9194.004822	-116.855354
9194.677734	-117.992203
9195.350647	-118.765930
9196.023560	-119.078575
9196.696472	-118.039803
9197.369385	-118.433548
9198.042297	-118.530525
9198.715210	-117.970001
9199.388123	-117.998634
9200.061035	-117.915901
9200.733948	-118.264885
9201.406860	-118.611137
9202.079773	-118.123451
9202.752686	-117.591072
9203.425598	-118.277199
9204.098511	-118.375084
9204.771423	-118.423592
9205.444336	-118.690567
9206.117249	-118.810280
9206.790161	-118.308350
9207.463074	-117.566704
9208.135986	-117.924812
9208.808899	-117.456764
9209.481812	-117.133003
9210.154724	-116.136757
9210.827637	-116.607407
9211.500549	-116.674446
9212.173462	-115.306808
9212.846375	-115.636246
9213.519287	-116.361092
9214.192200	-117.298561
9214.865112	-117.708092
9215.538025	-118.443382
9216.210938	-118.368233
9216.883850	-118.088600
9217.556763	-117.841560
9218.229675	-117.453667
9218.902588	-118.609566
9219.575500	-118.667328
9220.248413	-118.215721
9220.921326	-117.894958
9221.594238	-118.037003
9222.267151	-118.305130
9222.940063	-118.114754
9223.612976	-119.447510
9224.285889	-119.402275
9224.958801	-119.026512
9225.631714	-118.808968
9226.304626	-118.156647
9226.977539	-117.317299
9227.650452	-118.264343
9228.323364	-118.187073
9228.996277	-117.675346
9229.669189	-119.266205
9230.342102	-119.245087
9231.015015	-118.395187
9231.687927	-118.377396
9232.360840	-118.304176
9233.033752	-118.529823
9233.706665	-117.732353
9234.379578	-116.515640
9235.052490	-116.604919
9235.725403	-117.418571
9236.398315	-117.987793
9237.071228	-117.592201
9237.744141	-118.101334
9238.417053	-118.679764
9239.089966	-118.532112
9239.762878	-118.747368
9240.435791	-118.836952
9241.108704	-118.782623
9241.781616	-118.433601
9242.454529	-118.970192
9243.127441	-118.590576
9243.800354	-117.662575
9244.473267	-117.920128
9245.146179	-118.139267
9245.819092	-118.123512
9246.492004	-118.675156
9247.164917	-118.519279
9247.837830	-117.937462
9248.510742	-117.584015
9249.183655	-118.905472
9249.856567	-119.049026
9250.529480	-118.151428
9251.202393	-118.809502
9251.875305	-118.249428
9252.548218	-117.513626
9253.221130	-118.545349
9253.894043	-118.242676
9254.566956	-117.662468
9255.239868	-118.807602
9255.912781	-118.611900
9256.585693	-117.965347
9257.258606	-118.225044
9257.931519	-118.074631
9258.604431	-117.549194
9259.277344	-117.796532
9259.950256	-117.650520
9260.623169	-118.104454
9261.296082	-118.405830
9261.968994	-118.416962
9262.641907	-118.244133
9263.314819	-118.489845
9263.987732	-117.849213
9264.660645	-119.174934
9265.333557	-118.383720
9266.006470	-117.477547
9266.679382	-118.190269
9267.352295	-118.565125
9268.025208	-119.011108
9268.698120	-118.308990
9269.371033	-118.378044
9270.043945	-119.159683
9270.716858	-118.271965
9271.389771	-117.861916
9272.062683	-117.175034
9272.735596	-118.167648
9273.408508	-118.333504
9274.081421	-117.952576
9274.754333	-118.420685
9275.427246	-119.329643
9276.100159	-118.242043
9276.773071	-118.083954
9277.445984	-118.568489
9278.118896	-117.800346
9278.791809	-117.736824
9279.464722	-118.589546
9280.137634	-118.781281
9280.810547	-118.928619
9281.483459	-119.250862
9282.156372	-118.823502
9282.829285	-117.984756
9283.502197	-117.786713
9284.175110	-117.897331
9284.848022	-118.094749
9285.520935	-117.777885
9286.193848	-118.204277
9286.866760	-118.693642
9287.539673	-118.763893
9288.212585	-118.453979
9288.885498	-118.102585
9289.558411	-117.959808
9290.231323	-118.442093
9290.904236	-119.251144
9291.577148	-118.509163
9292.250061	-117.753395
9292.922974	-118.171104
9293.595886	-117.350296
9294.268799	-117.714531
9294.941711	-119.029320
9295.614624	-118.478546
9296.287537	-117.499580
9296.960449	-117.262238
9297.633362	-117.141205
9298.306274	-116.949387
9298.979187	-115.763939
9299.652100	-115.273964
9300.325012	-116.392662
9300.997925	-118.127640
9301.670837	-118.302109
9302.343750	-117.990883
9303.016663	-117.367065
9303.689575	-118.510002
9304.362488	-117.939827
9305.035400	-117.555176
9305.708313	-118.115623
9306.381226	-117.851013
9307.054138	-117.464645
9307.727051	-118.277901
9308.399963	-118.598289
9309.072876	-118.727547
9309.745789	-118.067223
9310.418701	-118.233421
9311.091614	-119.106964
9311.764526	-120.168068
9312.437439	-119.380608
9313.110352	-118.654617
9313.783264	-118.448990
9314.456177	-118.367165
9315.129089	-117.716240
9315.802002	-117.958542
9316.474915	-117.422714
9317.147827	-117.809494
9317.820740	-118.946930
9318.493652	-117.513718
9319.166565	-117.144211
9319.839478	-118.578102
9320.512390	-119.056366
9321.185303	-119.290649
9321.858215	-118.557579
9322.531128	-117.340767
9323.204041	-117.391052
9323.876953	-118.424461
9324.549866	-119.012756
9325.222778	-118.913574
9325.895691	-118.260490
9326.568604	-117.622971
9327.241516	-118.110802
9327.914429	-118.690720
9328.587341	-118.441231
9329.260254	-118.131378
9329.933167	-118.597427
9330.606079	-119.037506
9331.278992	-119.511230
9331.951904	-118.550850
9332.624817	-118.482788
9333.297729	-118.667809
9333.970642	-118.649475
9334.643555	-118.080376
9335.316467	-118.042175
9335.989380	-119.442345
9336.662292	-119.354034
9337.335205	-119.953690
9338.008118	-118.794762
9338.681030	-117.494781
9339.353943	-118.619003
9340.026855	-118.524750
9340.699768	-118.184914
9341.372681	-119.210426
9342.045593	-120.120171
9342.718506	-117.936317
9343.391418	-117.937546
9344.064331	-118.432648
9344.737244	-118.807297
9345.410156	-118.770645
9346.083069	-119.005829
9346.755981	-118.687378
9347.428894	-118.316620
9348.101807	-119.024391
9348.774719	-119.474442
9349.447632	-118.690674
9350.120544	-118.883209
9350.793457	-119.470528
9351.466370	-118.946228
9352.139282	-118.774658
9352.812195	-118.203751
9353.485107	-117.896729
9354.158020	-118.355621
9354.830933	-118.256584
9355.503845	-119.735336
9356.176758	-119.037384
9356.849670	-118.094368
9357.522583	-116.909119
9358.195496	-117.530640
9358.868408	-118.040039
9359.541321	-118.628799
9360.214233	-118.775322
9360.887146	-118.834198
9361.560059	-119.151497
9362.232971	-120.258057
9362.905884	-119.337616
9363.578796	-119.158875
9364.251709	-118.978371
9364.924622	-118.946381
9365.597534	-118.585526
9366.270447	-117.831627
9366.943359	-117.557274
9367.616272	-117.962700
9368.289185	-116.912376
9368.962097	-117.563576
9369.635010	-119.099403
9370.307922	-118.231682
9370.980835	-117.290512
9371.653748	-117.980675
9372.326660	-118.272690
9372.999573	-118.437065
9373.672485	-118.515572
9374.345398	-118.076874
9375.018311	-117.941566
9375.691223	-118.395325
9376.364136	-117.968674
9377.037048	-118.186005
9377.709961	-118.027946
9378.382874	-118.889168
9379.055786	-118.952934
9379.728699	-119.039650
9380.401611	-118.151810
9381.074524	-117.536903
9381.747437	-118.090057
9382.420349	-118.640862
9383.093262	-118.521515
9383.766174	-118.654984
9384.439087	-117.164078
9385.112000	-116.796913
9385.784912	-117.962845
9386.457825	-118.317078
9387.130737	-118.061417
9387.803650	-118.003838
9388.476562	-118.116753
9389.149475	-117.254982
9389.822388	-118.216103
9390.495300	-118.312828
9391.168213	-119.042473
9391.841125	-119.995583
9392.514038	-119.306595
9393.186951	-120.255997
9393.859863	-118.980408
9394.532776	-118.269684
9395.205688	-118.787674
9395.878601	-118.572159
9396.551514	-119.048561
9397.224426	-119.346359
9397.897339	-118.600647
9398.570251	-118.184875
9399.243164	-118.659355
9399.916077	-117.583580
9400.588989	-118.406227
9401.261902	-118.700188
9401.934814	-117.847969
9402.607727	-117.226395
9403.280640	-116.999313
9403.953552	-117.685188
9404.626465	-118.322838
9405.299377	-118.214165
9405.972290	-118.887764
9406.645203	-118.173233
9407.318115	-117.996605
9407.991028	-117.712494
9408.663940	-118.640472
9409.336853	-119.803787
9410.009766	-119.782845
9410.682678	-118.954231
9411.355591	-118.621849
9412.028503	-118.796608
9412.701416	-119.215935
9413.374329	-118.408928
9414.047241	-117.833679
9414.720154	-118.468185
9415.393066	-118.038483
9416.065979	-118.791061
9416.738892	-118.537903
9417.411804	-118.060020
9418.084717	-118.229599
9418.757629	-118.962257
9419.430542	-118.962685
9420.103455	-118.727966
9420.776367	-118.410713
9421.449280	-118.612083
9422.122192	-118.619560
9422.795105	-118.930107
9423.468018	-118.199364
9424.140930	-118.416656
9424.813843	-118.640556
9425.486755	-119.213905
9426.159668	-119.703560
9426.832581	-119.688110
9427.505493	-119.197296
9428.178406	-118.509422
9428.851318	-118.436798
9429.524231	-118.910210
9430.197144	-119.006882
9430.870056	-118.384705
9431.542969	-117.710037
9432.215881	-117.832550
9432.888794	-119.785858
9433.561707	-118.647087
9434.234619	-119.581528
9434.907532	-119.728706
9435.580444	-119.565308
9436.253357	-118.533165
9436.926270	-119.273071
9437.599182	-119.274353
9438.272095	-118.672066
9438.945007	-118.132660
9439.617920	-117.936188
9440.290833	-118.301773
9440.963745	-119.717995
9441.636658	-119.689011
9442.309570	-119.820671
9442.982483	-118.493370
9443.655396	-119.269882
9444.328308	-119.147629
9445.001221	-119.291100
9445.674133	-118.803566
9446.347046	-118.985451
9447.019958	-118.320572
9447.692871	-116.953537
9448.365784	-116.728424
9449.038696	-118.242844
9449.711609	-118.038094
9450.384521	-117.940163
9451.057434	-118.179901
9451.730347	-118.843994
9452.403259	-118.291641
9453.076172	-117.793175
9453.749084	-117.361862
9454.421997	-118.018654
9455.094910	-117.803314
9455.767822	-118.851288
9456.440735	-118.205292
9457.113647	-118.409050
9457.786560	-119.295807
9458.459473	-117.679047
9459.132385	-118.614983
9459.805298	-118.073540
9460.478210	-118.137024
9461.151123	-117.668907
9461.824036	-118.794998
9462.496948	-118.141983
9463.169861	-118.495941
9463.842773	-118.695953
9464.515686	-118.168587
9465.188599	-119.122467
9465.861511	-118.090576
9466.534424	-118.633141
9467.207336	-118.525551
9467.880249	-118.207771
9468.553162	-118.500305
9469.226074	-118.139305
9469.898987	-118.329582
9470.571899	-118.662125
9471.244812	-119.139603
9471.917725	-118.033173
9472.590637	-117.497101
9473.263550	-118.415779
9473.936462	-118.503571
9474.609375	-118.535774
9475.282288	-118.085724
9475.955200	-119.108810
9476.628113	-119.026161
9477.301025	-119.407433
9477.973938	-118.698883
9478.646851	-118.217529
9479.319763	-118.496056
9479.992676	-118.789413
9480.665588	-118.891273
9481.338501	-118.392502
9482.011414	-119.226318
9482.684326	-119.207443
9483.357239	-118.365677
9484.030151	-118.534142
9484.703064	-118.631821
9485.375977	-118.567795
9486.048889	-118.153702
9486.721802	-119.448128
9487.394714	-118.662857
9488.067627	-118.012619
9488.740540	-120.019852
9489.413452	-119.910271
9490.086365	-118.324829
9490.759277	-118.669220
9491.432190	-119.563171
9492.105103	-119.451881
9492.778015	-117.829468
9493.450928	-118.480377
9494.123840	-119.033356
9494.796753	-119.127502
9495.469666	-118.758278
9496.142578	-117.946030
9496.815491	-117.911758
9497.488403	-117.562569
9498.161316	-118.062592
9498.834229	-118.491295
9499.507141	-119.208382
9500.180054	-119.541313
9500.852966	-118.634682
9501.525879	-118.940369
9502.198792	-118.497673
9502.871704	-119.169556
9503.544617	-119.437531
9504.217529	-118.218445
9504.890442	-117.707237
9505.563354	-118.575821
9506.236267	-118.398819
9506.909180	-117.759895
9507.582092	-117.906708
9508.255005	-118.024055
9508.927917	-118.332954
9509.600830	-117.535713
9510.273743	-118.091187
9510.946655	-118.242088
9511.619568	-118.302765
9512.292480	-118.858978
9512.965393	-119.529358
9513.638306	-119.106499
9514.311218	-118.140961
9514.984131	-117.829231
9515.657043	-118.414940
9516.329956	-119.059860
9517.002869	-119.170074
9517.675781	-118.533417
9518.348694	-117.836197
9519.021606	-118.726395
9519.694519	-117.977974
9520.367432	-118.229736
9521.040344	-119.296715
9521.713257	-119.115593
9522.386169	-119.589256
9523.059082	-119.599449
9523.731995	-119.390709
9524.404907	-119.549789
9525.077820	-120.095825
9525.750732	-119.384529
9526.423645	-119.828247
9527.096558	-118.749725
9527.769470	-117.894821
9528.442383	-118.244865
9529.115295	-117.964104
9529.788208	-118.580299
9530.461121	-119.379120
9531.134033	-118.835846
9531.806946	-118.509361
9532.479858	-118.274338
9533.152771	-118.509193
9533.825684	-118.068054
9534.498596	-116.995384
9535.171509	-117.035110
9535.844421	-118.389442
9536.517334	-119.337173
9537.190247	-120.112259
9537.863159	-119.678726
9538.536072	-119.200943
9539.208984	-117.533836
9539.881897	-117.753296
9540.554810	-118.927879
9541.227722	-118.651337
9541.900635	-119.046638
9542.573547	-119.140869
9543.246460	-118.486542
9543.919373	-119.189522
9544.592285	-120.448151
9545.265198	-119.791405
9545.938110	-118.301865
9546.611023	-118.731926
9547.283936	-119.470955
9547.956848	-118.681465
9548.629761	-119.286690
9549.302673	-119.887268
9549.975586	-118.905281
9550.648499	-118.188492
9551.321411	-118.662628
9551.994324	-119.029121
9552.667236	-118.808113
9553.340149	-117.917580
9554.013062	-118.435738
9554.685974	-119.036400
9555.358887	-118.765495
9556.031799	-117.732239
9556.704712	-118.282928
9557.377625	-118.857262
9558.050537	-119.144173
9558.723450	-118.938454
9559.396362	-118.948433
9560.069275	-118.395317
9560.742188	-118.500069
9561.415100	-118.582672
9562.088013	-118.074471
9562.760925	-118.435318
9563.433838	-118.966255
9564.106750	-117.973297
9564.779663	-118.666405
9565.452576	-119.498428
9566.125488	-118.801720
9566.798401	-118.560982
9567.471313	-118.808792
9568.144226	-118.823853
9568.817139	-119.848389
9569.490051	-119.515099
9570.162964	-118.348145
9570.835876	-117.520203
9571.508789	-118.294891
9572.181702	-118.473518
9572.854614	-118.302773
9573.527527	-117.574219
9574.200439	-118.079369
9574.873352	-117.697212
9575.546265	-117.759026
9576.219177	-117.758743
9576.892090	-117.915955
9577.565002	-119.040573
9578.237915	-120.073082
9578.910828	-119.901138
9579.583740	-119.052490
9580.256653	-119.066360
9580.929565	-119.693405
9581.602478	-119.268112
9582.275391	-118.872169
9582.948303	-118.965172
9583.621216	-119.580185
9584.294128	-119.106125
9584.967041	-118.672935
9585.639954	-118.229195
9586.312866	-119.029839
9586.985779	-118.227448
9587.658691	-118.105659
9588.331604	-118.252922
9589.004517	-117.550018
9589.677429	-118.351761
9590.350342	-118.312477
9591.023254	-119.181892
9591.696167	-119.497665
9592.369080	-119.513939
9593.041992	-119.693344
9593.714905	-118.454689
9594.387817	-119.665222
9595.060730	-120.403343
9595.733643	-119.068398
9596.406555	-118.270180
9597.079468	-118.517014
9597.752380	-118.317986
9598.425293	-118.331139
9599.098206	-118.706474
9599.771118	-118.967987
9600.444031	-119.130402
9601.116943	-118.787720
9601.789856	-118.670868
9602.462769	-119.011002
9603.135681	-119.310883
9603.808594	-119.135971
9604.481506	-118.367500
9605.154419	-117.687775
9605.827332	-118.196632
9606.500244	-118.572197
9607.173157	-119.399368
9607.846069	-119.660942
9608.518982	-119.970436
9609.191895	-118.195030
9609.864807	-118.078583
9610.537720	-118.779121
9611.210632	-118.088753
9611.883545	-119.077530
9612.556458	-118.800667
9613.229370	-118.115639
9613.902283	-118.677872
9614.575195	-117.963341
9615.248108	-118.356644
9615.921021	-119.318901
9616.593933	-118.937279
9617.266846	-119.530739
9617.939758	-118.832848
9618.612671	-118.053894
9619.285583	-118.091576
9619.958496	-118.273071
9620.631409	-118.376923
9621.304321	-118.239189
9621.977234	-118.754555
9622.650146	-118.646286
9623.323059	-119.468811
9623.995972	-118.570145
9624.668884	-118.755501
9625.341797	-118.553413
9626.014709	-118.545929
9626.687622	-118.672195
9627.360535	-118.635246
9628.033447	-119.463470
9628.706360	-119.105629
9629.379272	-118.932045
9630.052185	-118.883492
9630.725098	-120.065399
9631.398010	-118.844086
9632.070923	-119.968597
9632.743835	-118.928734
9633.416748	-117.368492
9634.089661	-118.685760
9634.762573	-119.611595
9635.435486	-119.309814
9636.108398	-118.959076
9636.781311	-119.175423
9637.454224	-118.970901
9638.127136	-119.154449
9638.800049	-119.172539
9639.472961	-119.354965
9640.145874	-118.973907
9640.818787	-119.859665
9641.491699	-119.518219
9642.164612	-119.010048
9642.837524	-119.313309
9643.510437	-118.137932
9644.183350	-118.146332
9644.856262	-119.243446
9645.529175	-119.473885
9646.202087	-119.236092
9646.875000	-118.304817
9647.547913	-118.266914
9648.220825	-118.886787
9648.893738	-118.699738
9649.566650	-118.718170
9650.239563	-118.883301
9650.912476	-118.545029
9651.585388	-118.785774
9652.258301	-118.980377
9652.931213	-118.248390
9653.604126	-119.096909
9654.277039	-118.746201
9654.949951	-118.598831
9655.622864	-119.337311
9656.295776	-118.379837
9656.968689	-117.877342
9657.641602	-117.293228
9658.314514	-117.464592
9658.987427	-118.779198
9659.660339	-119.096191
9660.333252	-118.823792
9661.006165	-118.477882
9661.679077	-117.828064
9662.351990	-117.968452
9663.024902	-118.197273
9663.697815	-118.610710
9664.370728	-117.960091
9665.043640	-118.691589
9665.716553	-118.834076
9666.389465	-118.949471
9667.062378	-119.107536
9667.735291	-119.311668
9668.408203	-119.766373
9669.081116	-118.578758
9669.754028	-117.961121
9670.426941	-118.053627
9671.099854	-117.754974
9671.772766	-119.203705
9672.445679	-118.665031
9673.118591	-117.631821
9673.791504	-117.959717
9674.464417	-118.057411
9675.137329	-118.631821
9675.810242	-119.467049
9676.483154	-119.387535
9677.156067	-118.236435
9677.828979	-118.185509
9678.501892	-119.440712
9679.174805	-119.649658
9679.847717	-118.419144
9680.520630	-117.279427
9681.193542	-117.148262
9681.866455	-117.754372
9682.539368	-119.173203
9683.212280	-119.525764
9683.885193	-119.461891
9684.558105	-118.680206
9685.231018	-117.872284
9685.903931	-118.063995
9686.576843	-118.590698
9687.249756	-118.618401
9687.922668	-118.458763
9688.595581	-118.197990
9689.268494	-118.774651
9689.941406	-119.073830
9690.614319	-118.886841
9691.287231	-117.712387
9691.960144	-118.849792
9692.633057	-119.045296
9693.305969	-118.664146
9693.978882	-118.992851
9694.651794	-118.187622
9695.324707	-118.129555
9695.997620	-118.058556
9696.670532	-118.406639
9697.343445	-118.578682
9698.016357	-118.707855
9698.689270	-119.051407
9699.362183	-119.003342
9700.035095	-120.638115
9700.708008	-120.010101
9701.380920	-118.633705
9702.053833	-118.339119
9702.726746	-117.732674
9703.399658	-118.715172
9704.072571	-118.982986
9704.745483	-119.523323
9705.418396	-119.101997
9706.091309	-119.358543
9706.764221	-118.225998
9707.437134	-118.357407
9708.110046	-118.851402
9708.782959	-118.103134
9709.455872	-118.171768
9710.128784	-118.566544
9710.801697	-119.382889
9711.474609	-118.505531
9712.147522	-118.074142
9712.820435	-118.100563
9713.493347	-117.705360
9714.166260	-117.276222
9714.839172	-118.328842
9715.512085	-117.927147
9716.184998	-117.710693
9716.857910	-117.496559
9717.530823	-118.355682
9718.203735	-119.202682
9718.876648	-119.098442
9719.549561	-118.480766
9720.222473	-118.201553
9720.895386	-119.332794
9721.568298	-119.221573
9722.241211	-119.116318
9722.914124	-119.480408
9723.587036	-119.367867
9724.259949	-117.666946
9724.932861	-118.387802
9725.605774	-120.249260
9726.278687	-120.112106
9726.951599	-118.482544
9727.624512	-118.190147
9728.297424	-118.546196
9728.970337	-118.758179
9729.643250	-118.906143
9730.316162	-118.992958
9730.989075	-118.636070
9731.661987	-118.090744
9732.334900	-118.800865
9733.007812	-119.720009
9733.680725	-119.713173
9734.353638	-118.736931
9735.026550	-118.768715
9735.699463	-119.434486
9736.372375	-119.795631
9737.045288	-118.578056
9737.718201	-119.115234
9738.391113	-119.248390
9739.064026	-119.319382
9739.736938	-119.623024
9740.409851	-118.992516
9741.082764	-118.979347
9741.755676	-118.426620
9742.428589	-118.082909
9743.101501	-118.338646
9743.774414	-118.419502
9744.447327	-118.804985
9745.120239	-118.711853
9745.793152	-118.757080
9746.466064	-119.275574
9747.138977	-119.218834
9747.811890	-118.179047
9748.484802	-118.846306
9749.157715	-118.706291
9749.830627	-118.095657
9750.503540	-117.908058
9751.176453	-119.217651
9751.849365	-119.254387
9752.522278	-119.148933
9753.195190	-118.546791
9753.868103	-118.599297
9754.541016	-118.751549
9755.213928	-117.984032
9755.886841	-117.897659
9756.559753	-117.730606
9757.232666	-118.041962
9757.905579	-118.441185
9758.578491	-119.208031
9759.251404	-118.678345
9759.924316	-118.430573
9760.597229	-118.727493
9761.270142	-119.599434
9761.943054	-118.766693
9762.615967	-118.968040
9763.288879	-119.657867
9763.961792	-118.856621
9764.634705	-118.056709
9765.307617	-118.396446
9765.980530	-118.770920
9766.653442	-119.855560
9767.326355	-119.153023
9767.999268	-118.147720
9768.672180	-119.408775
9769.345093	-120.123917
9770.018005	-118.995071
9770.690918	-118.723137
9771.363831	-119.233559
9772.036743	-118.333244
9772.709656	-119.120018
9773.382568	-118.098816
9774.055481	-117.877426
9774.728394	-118.433739
9775.401306	-119.144966
9776.074219	-118.420937
9776.747131	-118.176704
9777.420044	-118.139435
9778.092957	-117.865112
9778.765869	-117.783127
9779.438782	-117.501373
9780.111694	-118.311028
9780.784607	-118.756546
9781.457520	-119.223778
9782.130432	-119.218140
9782.803345	-118.450951
9783.476257	-118.682671
9784.149170	-119.343452
9784.822083	-119.230667
9785.494995	-118.783989
9786.167908	-119.679298
9786.840820	-119.891464
9787.513733	-118.823074
9788.186646	-118.728691
9788.859558	-118.799904
9789.532471	-119.481117
9790.205383	-119.335236
9790.878296	-118.494751
9791.551208	-118.961357
9792.224121	-120.815094
9792.897034	-120.567062
9793.569946	-120.400307
9794.242859	-119.183968
9794.915771	-119.363205
9795.588684	-119.917526
9796.261597	-119.621422
9796.934509	-118.800941
9797.607422	-118.104057
9798.280334	-118.101280
9798.953247	-118.534088
9799.626160	-118.267586
9800.299072	-118.349152
9800.971985	-118.934921
9801.644897	-119.315704
9802.317810	-119.438492
9802.990723	-119.375366
9803.663635	-119.310486
9804.336548	-118.818924
9805.009460	-118.784615
9805.682373	-118.967560
9806.355286	-119.105804
9807.028198	-118.305374
9807.701111	-118.688560
9808.374023	-118.975502
9809.046936	-118.338882
9809.719849	-118.610725
9810.392761	-118.033836
9811.065674	-118.747200
9811.738586	-119.279427
9812.411499	-119.148140
9813.084412	-118.661797
9813.757324	-119.414734
9814.430237	-119.250854
9815.103149	-118.657776
9815.776062	-118.593117
9816.448975	-119.050156
9817.121887	-118.827957
9817.794800	-118.927246
9818.467712	-119.354034
9819.140625	-119.526154
9819.813538	-119.536385
9820.486450	-119.672043
9821.159363	-117.916138
9821.832275	-117.771667
9822.505188	-119.105537
9823.178101	-118.634018
9823.851013	-118.214981
9824.523926	-119.311600
9825.196838	-119.167351
9825.869751	-119.492455
9826.542664	-119.004555
9827.215576	-118.257889
9827.888489	-117.987144
9828.561401	-118.609398
9829.234314	-118.974442
9829.907227	-119.566093
9830.580139	-119.115341
9831.253052	-118.506386
9831.925964	-118.977303
9832.598877	-118.962326
9833.271790	-119.156151
9833.944702	-118.458618
9834.617615	-118.158546
9835.290527	-118.298813
9835.963440	-118.524529
9836.636353	-118.226875
9837.309265	-118.731224
9837.982178	-119.080498
9838.655090	-119.135902
9839.328003	-119.345726
9840.000916	-118.303833
9840.673828	-118.521919
9841.346741	-119.061646
9842.019653	-119.006973
9842.692566	-119.006210
9843.365479	-118.756866
9844.038391	-118.647583
9844.711304	-119.417618
9845.384216	-118.563354
9846.057129	-118.369453
9846.730042	-119.068604
9847.402954	-119.157974
9848.075867	-119.397240
9848.748779	-118.900589
9849.421692	-118.232239
9850.094604	-118.592651
9850.767517	-118.358078
9851.440430	-119.190216
9852.113342	-119.513145
9852.786255	-119.845078
9853.459167	-119.578499
9854.132080	-118.931587
9854.804993	-118.342178
9855.477905	-119.062874
9856.150818	-119.773750
9856.823730	-119.286354
9857.496643	-119.097816
9858.169556	-119.072319
9858.842468	-118.271210
9859.515381	-119.228088
9860.188293	-119.074394
9860.861206	-119.260796
9861.534119	-119.073067
9862.207031	-119.074059
9862.879944	-119.160179
9863.552856	-118.316139
9864.225769	-118.218422
9864.898682	-118.580917
9865.571594	-118.407532
9866.244507	-118.550262
9866.917419	-118.319092
9867.590332	-117.972710
9868.263245	-118.501526
9868.936157	-119.042213
9869.609070	-119.162865
9870.281982	-118.641609
9870.954895	-117.768242
9871.627808	-119.165276
9872.300720	-119.240929
9872.973633	-120.027245
9873.646545	-120.054680
9874.319458	-119.504326
9874.992371	-119.790916
9875.665283	-120.026482
9876.338196	-119.767075
9877.011108	-119.822533
9877.684021	-119.043488
9878.356934	-118.311066
9879.029846	-118.520119
9879.702759	-119.207756
9880.375671	-118.969337
9881.048584	-119.808342
9881.721497	-120.251106
9882.394409	-118.697701
9883.067322	-118.800949
9883.740234	-119.977402
9884.413147	-119.282722
9885.086060	-119.423615
9885.758972	-119.885033
9886.431885	-119.224091
9887.104797	-119.172134
9887.777710	-119.777527
9888.450623	-119.600693
9889.123535	-118.903770
9889.796448	-119.162521
9890.469360	-118.417931
9891.142273	-117.468277
9891.815186	-118.488815
9892.488098	-119.618896
9893.161011	-119.118584
9893.833923	-119.844795
9894.506836	-119.722008
9895.179749	-119.020477
9895.852661	-118.715607
9896.525574	-118.978523
9897.198486	-118.486809
9897.871399	-117.803238
9898.544312	-117.887054
9899.217224	-118.566734
9899.890137	-119.449905
9900.563049	-120.230446
9901.235962	-119.310593
9901.908875	-119.292946
9902.581787	-119.089119
9903.254700	-119.037170
9903.927612	-118.289314
9904.600525	-119.624123
9905.273438	-119.596207
9905.946350	-118.876801
9906.619263	-118.924576
9907.292175	-118.654785
9907.965088	-118.587700
9908.638000	-118.942398
9909.310913	-119.717484
9909.983826	-119.560112
9910.656738	-118.871887
9911.329651	-118.422348
9912.002563	-118.327393
9912.675476	-118.956367
9913.348389	-119.276955
9914.021301	-119.694885
9914.694214	-119.094772
9915.367126	-119.042564
9916.040039	-118.524849
9916.712952	-118.318405
9917.385864	-119.179955
9918.058777	-120.849632
9918.731689	-119.319687
9919.404602	-120.122353
9920.077515	-119.693748
9920.750427	-119.525558
9921.423340	-120.254745
9922.096252	-120.179924
9922.769165	-118.896149
9923.442078	-119.134239
9924.114990	-119.352097
9924.787903	-119.236046
9925.460815	-118.818665
9926.133728	-119.458572
9926.806641	-118.184029
9927.479553	-118.626343
9928.152466	-119.210594
9928.825378	-118.245407
9929.498291	-118.787613
9930.171204	-118.849648
9930.844116	-118.965286
9931.517029	-118.359352
9932.189941	-118.188614
9932.862854	-118.186607
9933.535767	-119.669510
9934.208679	-120.440239
9934.881592	-119.944092
9935.554504	-119.832909
9936.227417	-118.934357
9936.900330	-119.311432
9937.573242	-120.061676
9938.246155	-120.033600
9938.919067	-119.343102
9939.591980	-118.329689
9940.264893	-118.816727
9940.937805	-118.623924
9941.610718	-118.463226
9942.283630	-118.367065
9942.956543	-118.204315
9943.629456	-118.751770
9944.302368	-120.026131
9944.975281	-119.727837
9945.648193	-119.360466
9946.321106	-119.917290
9946.994019	-119.479347
9947.666931	-118.459618
9948.339844	-118.099991
9949.012756	-118.522713
9949.685669	-119.253113
9950.358582	-120.251045
9951.031494	-120.401848
9951.704407	-118.956947
9952.377319	-118.503937
9953.050232	-119.125443
9953.723145	-120.057899
9954.396057	-119.270332
9955.068970	-118.875504
9955.741882	-119.089043
9956.414795	-118.793480
9957.087708	-119.444145
9957.760620	-119.959328
9958.433533	-119.749725
9959.106445	-119.068192
9959.779358	-119.316444
9960.452271	-118.570900
9961.125183	-118.428284
9961.798096	-118.595291
9962.471008	-118.997192
9963.143921	-120.343079
9963.816833	-119.932854
9964.489746	-119.124191
9965.162659	-119.486404
9965.835571	-119.494881
9966.508484	-119.614616
9967.181396	-118.746391
9967.854309	-119.220467
9968.527222	-120.334953
9969.200134	-119.116798
9969.873047	-119.418167
9970.545959	-119.999031
9971.218872	-119.739548
9971.891785	-120.350960
9972.564697	-119.440514
9973.237610	-118.050705
9973.910522	-118.624069
9974.583435	-118.762383
9975.256348	-118.888145
9975.929260	-119.784233
9976.602173	-118.728897
9977.275085	-118.376274
9977.947998	-118.607597
9978.620911	-118.519112
9979.293823	-119.325157
9979.966736	-118.810417
9980.639648	-118.731712
9981.312561	-119.036415
9981.985474	-118.220596
9982.658386	-118.646957
9983.331299	-118.880432
9984.004211	-119.302910
9984.677124	-120.087227
9985.350037	-119.186058
9986.022949	-118.309555
9986.695862	-119.203827
9987.368774	-119.751106
9988.041687	-118.735939
9988.714600	-117.399147
9989.387512	-117.960838
9990.060425	-118.382080
9990.733337	-118.239456
9991.406250	-119.333107
9992.079163	-118.999832
9992.752075	-118.218971
9993.424988	-118.023773
9994.097900	-118.107384
9994.770813	-118.378433
9995.443726	-119.035973
9996.116638	-119.251045
9996.789551	-119.269058
9997.462463	-119.541031
9998.135376	-118.504532
9998.808289	-118.786179
9999.481201	-119.478844
10000.154114	-118.536530
10000.827026	-118.612015
10001.499939	-119.551659
10002.172852	-118.669411
10002.845764	-118.662994
10003.518677	-119.174301
10004.191589	-119.425339
10004.864502	-119.273422
10005.537415	-119.482368
10006.210327	-119.779404
10006.883240	-118.785103
10007.556152	-118.269409
10008.229065	-118.010147
10008.901978	-118.072121
10009.574890	-119.464325
10010.247803	-119.126968
10010.920715	-118.727959
10011.593628	-119.365265
10012.266541	-119.639969
10012.939453	-120.170189
10013.612366	-119.467529
10014.285278	-118.990021
10014.958191	-118.993996
10015.631104	-118.644135
10016.304016	-117.921921
10016.976929	-118.752785
10017.649841	-118.629997
10018.322754	-118.329147
10018.995667	-118.983765
10019.668579	-119.488220
10020.341492	-119.235321
10021.014404	-119.269073
10021.687317	-119.593765
10022.360229	-119.347427
10023.033142	-119.504684
10023.706055	-119.280449
10024.378967	-119.731979
10025.051880	-119.769112
10025.724792	-118.801949
10026.397705	-119.459106
10027.070618	-119.861839
10027.743530	-119.905670
10028.416443	-119.114777
10029.089355	-118.674385
10029.762268	-119.096016
10030.435181	-119.144653
10031.108093	-119.144981
10031.781006	-120.493439
10032.453918	-120.478882
10033.126831	-119.981804
10033.799744	-119.278770
10034.472656	-119.834755
10035.145569	-119.625069
10035.818481	-120.041794
10036.491394	-119.857361
10037.164307	-118.986923
10037.837219	-119.409065
10038.510132	-119.245758
10039.183044	-119.354469
10039.855957	-119.442581
10040.528870	-119.167984
10041.201782	-119.797829
10041.874695	-120.210869
10042.547607	-119.360153
10043.220520	-120.099068
10043.893433	-119.773186
10044.566345	-118.409027
10045.239258	-119.251381
10045.912170	-119.315048
10046.585083	-119.976982
10047.257996	-120.023003
10047.930908	-119.889252
10048.603821	-119.795052
10049.276733	-119.439003
10049.949646	-118.876320
10050.622559	-119.803787
10051.295471	-119.391296
10051.968384	-120.159256
10052.641296	-120.243698
10053.314209	-119.550034
10053.987122	-120.319382
10054.660034	-118.972771
10055.332947	-118.561440
10056.005859	-119.334427
10056.678772	-119.930580
10057.351685	-119.651199
10058.024597	-120.068359
10058.697510	-120.293678
10059.370422	-119.546524
10060.043335	-119.037239
10060.716248	-119.843956
10061.389160	-120.000221
10062.062073	-120.071724
10062.734985	-119.866508
10063.407898	-119.673256
10064.080811	-119.238632
10064.753723	-118.930939
10065.426636	-119.411537
10066.099548	-119.317772
10066.772461	-118.813896
10067.445374	-118.410347
10068.118286	-119.531418
10068.791199	-120.536613
10069.464111	-120.279114
10070.137024	-120.219086
10070.809937	-120.680794
10071.482849	-119.507767
10072.155762	-120.431870
10072.828674	-120.175415
10073.501587	-119.798103
10074.174500	-119.430000
10074.847412	-119.366211
10075.520325	-118.419777
10076.193237	-119.271561
10076.866150	-119.851227
10077.539062	-120.226646
10078.211975	-120.389809
10078.884888	-120.257027
10079.557800	-119.729599
10080.230713	-119.578751
10080.903625	-120.108749
10081.576538	-119.983948
10082.249451	-120.515480
10082.922363	-120.495781
10083.595276	-119.321716
10084.268188	-118.491348
10084.941101	-119.484383
10085.614014	-118.992516
10086.286926	-118.547455
10086.959839	-118.841904
10087.632751	-120.031914
10088.305664	-118.951622
10088.978577	-119.507675
10089.651489	-119.763451
10090.324402	-120.322739
10090.997314	-119.870506
10091.670227	-119.380577
10092.343140	-119.666122
10093.016052	-119.362556
10093.688965	-119.808319
10094.361877	-119.927170
10095.034790	-119.763206
10095.707703	-118.570816
10096.380615	-119.085587
10097.053528	-120.748405
10097.726440	-120.757507
10098.399353	-120.264694
10099.072266	-119.554993
10099.745178	-119.671486
10100.418091	-120.126144
10101.091003	-120.160530
10101.763916	-120.498505
10102.436829	-120.373489
10103.109741	-120.895035
10103.782654	-120.544983
10104.455566	-119.605881
10105.128479	-119.520149
10105.801392	-119.732201
10106.474304	-119.756325
10107.147217	-119.904343
10107.820129	-120.256180
10108.493042	-120.086472
10109.165955	-119.463791
10109.838867	-119.789848
10110.511780	-119.558952
10111.184692	-118.612640
10111.857605	-118.363152
10112.530518	-119.181335
10113.203430	-120.512482
10113.876343	-120.273262
10114.549255	-119.435837
10115.222168	-118.755447
10115.895081	-119.118401
10116.567993	-119.449783
10117.240906	-119.148735
10117.913818	-120.136826
10118.586731	-119.674316
10119.259644	-119.971794
10119.932556	-119.308426
10120.605469	-119.099884
10121.278381	-118.885178
10121.951294	-118.989296
10122.624207	-120.001854
10123.297119	-120.684929
10123.970032	-119.864868
10124.642944	-119.435905
10125.315857	-120.603935
10125.988770	-120.925995
10126.661682	-119.978394
10127.334595	-119.823135
10128.007507	-119.404716
10128.680420	-119.356056
10129.353333	-119.475746
10130.026245	-120.020660
10130.699158	-120.228790
10131.372070	-120.170036
10132.044983	-118.966133
10132.717896	-119.395088
10133.390808	-119.054092
10134.063721	-118.441582
10134.736633	-120.409248
10135.409546	-120.564865
10136.082458	-119.252747
10136.755371	-120.842697
10137.428284	-120.420044
10138.101196	-119.223030
10138.774109	-119.153877
10139.447021	-119.367844
10140.119934	-120.018448
10140.792847	-120.258995
10141.465759	-120.254585
10142.138672	-119.998909
10142.811584	-118.860817
10143.484497	-118.762436
10144.157410	-119.359879
10144.830322	-119.476181
10145.503235	-120.174347
10146.176147	-119.437683
10146.849060	-120.544640
10147.521973	-120.927643
10148.194885	-119.791046
10148.867798	-120.149551
10149.540710	-120.439514
10150.213623	-119.478546
10150.886536	-119.120575
10151.559448	-119.957947
10152.232361	-119.988159
10152.905273	-120.414528
10153.578186	-120.537971
10154.251099	-119.883583
10154.924011	-120.608788
10155.596924	-119.710815
10156.269836	-119.260025
10156.942749	-119.486290
10157.615662	-119.885399
10158.288574	-120.203674
10158.961487	-119.761154
10159.634399	-120.088089
10160.307312	-119.923485
10160.980225	-120.176292
10161.653137	-120.520195
10162.326050	-120.675713
10162.998962	-120.097900
10163.671875	-119.761223
10164.344788	-119.304497
10165.017700	-119.655556
10165.690613	-119.699997
10166.363525	-119.867493
10167.036438	-121.110924
10167.709351	-121.102890
10168.382263	-120.863747
10169.055176	-119.857368
10169.728088	-120.238052
10170.401001	-120.546082
10171.073914	-120.235176
10171.746826	-120.119507
10172.419739	-120.295975
10173.092651	-120.598289
10173.765564	-120.558167
10174.438477	-119.478874
10175.111389	-118.701843
10175.784302	-119.551018
10176.457214	-120.255501
10177.130127	-120.327049
10177.803040	-121.013580
10178.475952	-119.522850
10179.148865	-119.598839
10179.821777	-120.043564
10180.494690	-120.013252
10181.167603	-119.851433
10181.840515	-119.566978
10182.513428	-120.833046
10183.186340	-120.465141
10183.859253	-120.834221
10184.532166	-119.994049
10185.205078	-120.107002
10185.877991	-120.852753
10186.550903	-121.159386
10187.223816	-119.254677
10187.896729	-119.312363
10188.569641	-119.212189
10189.242554	-120.565048
10189.915466	-119.558105
10190.588379	-119.850380
10191.261292	-120.801857
10191.934204	-120.271324
10192.607117	-120.736008
10193.280029	-121.248192
10193.952942	-119.645203
10194.625854	-119.954208
10195.298767	-119.398407
10195.971680	-120.252373
10196.644592	-120.199799
10197.317505	-120.371048
10197.990417	-120.445511
10198.663330	-119.297951
10199.336243	-118.870567
10200.009155	-119.734398
10200.682068	-120.532394
10201.354980	-119.386841
10202.027893	-119.298866
10202.700806	-120.565910
10203.373718	-119.768051
10204.046631	-118.891663
10204.719543	-119.687798
10205.392456	-119.114159
10206.065369	-119.470482
10206.738281	-120.045509
10207.411194	-119.270096
10208.084106	-119.358223
10208.757019	-120.136902
10209.429932	-120.681908
10210.102844	-120.817734
10210.775757	-120.952103
10211.448669	-120.479050
10212.121582	-119.647018
10212.794495	-120.887039
10213.467407	-120.487358
10214.140320	-120.597984
10214.813232	-120.142624
10215.486145	-119.999321
10216.159058	-121.081123
10216.831970	-119.580513
10217.504883	-120.328003
10218.177795	-120.411491
10218.850708	-120.212517
10219.523621	-119.571289
10220.196533	-120.137260
10220.869446	-121.416054
10221.542358	-122.268341
10222.215271	-121.963585
10222.888184	-120.729271
10223.561096	-119.582954
10224.234009	-119.758209
10224.906921	-119.982185
10225.579834	-120.267792
10226.252747	-119.916168
10226.925659	-120.213341
10227.598572	-120.706749
10228.271484	-119.902748
10228.944397	-120.517029
10229.617310	-120.452621
10230.290222	-120.177429
10230.963135	-119.893700
10231.636047	-120.507713
10232.308960	-120.802979
10232.981873	-121.177422
10233.654785	-119.509315
10234.327698	-119.923347
10235.000610	-120.644691
10235.673523	-120.176750
10236.346436	-119.984306
10237.019348	-119.872658
10237.692261	-119.838791
10238.365173	-119.662560
10239.038086	-119.473511
10239.710999	-120.838623
10240.383911	-120.698296
10241.056824	-121.411850
10241.729736	-121.933952
10242.402649	-120.745651
10243.075562	-120.150803
10243.748474	-120.675560
10244.421387	-120.952393
10245.094299	-121.015930
10245.767212	-120.194023
10246.440125	-119.436203
10247.113037	-119.866508
10247.785950	-120.034126
10248.458862	-119.172745
10249.131775	-119.816246
10249.804688	-120.048286
10250.477600	-119.539825
10251.150513	-120.774422
10251.823425	-121.429878
10252.496338	-120.163277
10253.169250	-120.011192
10253.842163	-120.378731
10254.515076	-120.200462
10255.187988	-120.806168
10255.860901	-120.571930
10256.533813	-120.821297
10257.206726	-120.759743
10257.879639	-120.659340
10258.552551	-120.980530
10259.225464	-121.150040
10259.898376	-120.539764
10260.571289	-120.288361
10261.244202	-120.401039
10261.917114	-119.270332
10262.590027	-119.533920
10263.262939	-120.193794
10263.935852	-120.614456
10264.608765	-120.836052
10265.281677	-120.759827
10265.954590	-121.270805
10266.627502	-121.469315
10267.300415	-120.145821
10267.973328	-121.411072
10268.646240	-121.193039
10269.319153	-120.317734
10269.992065	-120.473366
10270.664978	-120.146698
10271.337891	-120.567444
10272.010803	-120.154663
10272.683716	-119.824844
10273.356628	-119.974640
10274.029541	-120.109589
10274.702454	-121.637726
10275.375366	-122.490898
10276.048279	-121.256989
10276.721191	-120.099014
10277.394104	-119.565414
10278.067017	-119.550804
10278.739929	-120.523674
10279.412842	-121.355934
10280.085754	-120.551796
10280.758667	-119.783127
10281.431580	-120.512688
10282.104492	-121.265396
10282.777405	-120.256523
10283.450317	-120.508049
10284.123230	-119.705765
10284.796143	-119.568069
10285.469055	-120.785568
10286.141968	-120.363396
10286.814880	-120.114510
10287.487793	-120.513229
10288.160706	-120.316277
10288.833618	-119.695808
10289.506531	-121.111366
10290.179443	-121.724396
10290.852356	-121.293167
10291.525269	-121.733421
10292.198181	-121.223099
10292.871094	-121.166649
10293.544006	-121.864723
10294.216919	-120.671738
10294.889832	-120.312660
10295.562744	-120.626663
10296.235657	-120.093857
10296.908569	-121.576202
10297.581482	-121.656990
10298.254395	-119.870087
10298.927307	-119.645073
10299.600220	-119.911705
10300.273132	-120.818192
10300.946045	-121.110100
10301.618958	-120.722054
10302.291870	-120.849037
10302.964783	-120.021233
10303.637695	-120.388237
10304.310608	-121.014946
10304.983521	-120.092209
10305.656433	-120.362549
10306.329346	-120.004250
10307.002258	-121.496719
10307.675171	-120.924538
10308.348083	-120.151924
10309.020996	-121.386108
10309.693909	-121.511780
10310.366821	-120.613907
10311.039734	-120.363960
10311.712646	-120.546188
10312.385559	-119.404945
10313.058472	-119.937553
10313.731384	-121.131706
10314.404297	-120.541786
10315.077209	-120.150009
10315.750122	-119.312729
10316.423035	-120.128075
10317.095947	-121.093460
10317.768860	-121.207260
10318.441772	-120.960045
10319.114685	-121.173203
10319.787598	-120.668297
10320.460510	-120.619064
10321.133423	-121.311264
10321.806335	-121.588432
10322.479248	-120.833389
10323.152161	-120.367081
10323.825073	-120.785370
10324.497986	-120.351105
10325.170898	-121.461258
10325.843811	-121.251907
10326.516724	-121.946983
10327.189636	-121.797829
10327.862549	-121.691162
10328.535461	-122.247108
10329.208374	-121.796707
10329.881287	-121.259911
10330.554199	-120.201294
10331.227112	-120.130959
10331.900024	-119.907494
10332.572937	-120.197067
10333.245850	-120.924889
10333.918762	-120.550392
10334.591675	-119.768204
10335.264587	-119.382133
10335.937500	-119.914673
10336.610413	-121.108696
10337.283325	-121.146713
10337.956238	-120.424438
10338.629150	-119.869713
10339.302063	-120.478607
10339.974976	-120.146095
10340.647888	-121.018501
10341.320801	-121.208725
10341.993713	-119.685394
10342.666626	-120.251648
10343.339539	-120.250412
10344.012451	-120.460381
10344.685364	-119.749893
10345.358276	-119.523338
10346.031189	-120.790115
10346.704102	-121.274750
10347.377014	-120.269897
10348.049927	-120.176239
10348.722839	-121.771812
10349.395752	-121.367134
10350.068665	-121.785721
10350.741577	-121.468369
10351.414490	-120.687233
10352.087402	-120.121147
10352.760315	-120.717094
10353.433228	-120.102379
10354.106140	-120.326431
10354.779053	-121.580215
10355.451965	-120.846451
10356.124878	-121.230904
10356.797791	-120.606506
10357.470703	-119.119751
10358.143616	-120.158859
10358.816528	-121.123405
10359.489441	-121.347229
10360.162354	-121.315742
10360.835266	-120.915627
10361.508179	-121.292236
10362.181091	-120.664734
10362.854004	-120.897095
10363.526917	-120.658821
10364.199829	-120.629692
10364.872742	-121.820831
10365.545654	-121.144714
10366.218567	-120.919739
10366.891479	-120.572678
10367.564392	-120.681549
10368.237305	-119.984947
10368.910217	-119.652092
10369.583130	-121.581169
10370.256042	-121.165977
10370.928955	-121.210762
10371.601868	-121.532211
10372.274780	-120.933029
10372.947693	-120.299400
10373.620605	-120.360809
10374.293518	-120.314240
10374.966431	-122.206696
10375.639343	-122.016068
10376.312256	-120.859612
10376.985168	-120.727638
10377.658081	-121.020470
10378.330994	-120.889397
10379.003906	-121.342476
10379.676819	-121.399887
10380.349731	-122.344246
10381.022644	-122.840271
10381.695557	-121.673401
10382.368469	-121.469917
10383.041382	-121.303520
10383.714294	-121.371849
10384.387207	-122.292900
10385.060120	-122.314133
10385.733032	-122.285339
10386.405945	-121.976097
10387.078857	-120.483681
10387.751770	-120.725388
10388.424683	-120.633606
10389.097595	-120.570770
10389.770508	-121.162994
10390.443420	-121.326614
10391.116333	-121.807854
10391.789246	-120.996628
10392.462158	-121.916115
10393.135071	-122.183975
10393.807983	-121.225723
10394.480896	-120.941048
10395.153809	-120.661057
10395.826721	-121.558128
10396.499634	-121.920860
10397.172546	-121.186363
10397.845459	-121.141235
10398.518372	-120.917526
10399.191284	-120.636452
10399.864197	-121.319679
10400.537109	-121.291626
10401.210022	-120.868416
10401.882935	-121.151520
10402.555847	-120.296715
10403.228760	-120.680496
10403.901672	-121.859879
10404.574585	-122.084625
10405.247498	-121.276672
10405.920410	-122.228966
10406.593323	-121.702728
10407.266235	-120.573692
10407.939148	-121.323036
10408.612061	-121.262802
10409.284973	-121.052635
10409.957886	-121.853172
10410.630798	-120.858200
10411.303711	-120.779716
10411.976624	-120.943474
10412.649536	-121.688354
10413.322449	-121.500237
10413.995361	-121.798416
10414.668274	-121.372803
10415.341187	-121.008308
10416.014099	-121.145218
10416.687012	-120.605186
10417.359924	-120.445183
10418.032837	-121.498184
10418.705750	-122.092812
10419.378662	-122.418365
10420.051575	-122.278091
10420.724487	-121.091743
10421.397400	-121.591125
10422.070312	-121.805870
10422.743225	-121.623520
10423.416138	-121.523277
10424.089050	-121.089828
10424.761963	-121.715187
10425.434875	-122.061890
10426.107788	-121.007744
10426.780701	-120.680321
10427.453613	-121.108780
10428.126526	-121.892540
10428.799438	-121.827324
10429.472351	-121.076981
10430.145264	-121.106667
10430.818176	-120.983383
10431.491089	-120.820961
10432.164001	-121.012070
10432.836914	-121.945335
10433.509827	-122.233658
10434.182739	-121.857605
10434.855652	-122.168213
10435.528564	-121.880646
10436.201477	-121.119019
10436.874390	-121.447906
10437.547302	-121.981049
10438.220215	-121.607773
10438.893127	-120.856087
10439.566040	-121.226280
10440.238953	-121.219345
10440.911865	-121.513115
10441.584778	-121.919312
10442.257690	-121.248924
10442.930603	-121.425682
10443.603516	-122.347542
10444.276428	-123.096352
10444.949341	-120.865303
10445.622253	-121.154091
10446.295166	-121.917206
10446.968079	-121.826897
10447.640991	-121.725700
10448.313904	-121.305695
10448.986816	-120.180138
10449.659729	-121.647316
10450.332642	-122.534035
10451.005554	-121.299744
10451.678467	-120.482452
10452.351379	-120.664551
10453.024292	-121.499626
10453.697205	-121.613029
10454.370117	-122.095764
10455.043030	-122.504044
10455.715942	-122.046585
10456.388855	-121.931427
10457.061768	-121.382484
10457.734680	-122.233261
10458.407593	-122.986893
10459.080505	-123.032921
10459.753418	-121.448174
10460.426331	-122.172852
10461.099243	-121.852539
10461.772156	-121.049095
10462.445068	-121.598099
10463.117981	-122.131744
10463.790894	-122.228912
10464.463806	-121.585350
10465.136719	-121.803665
10465.809631	-122.032394
10466.482544	-122.721886
10467.155457	-122.060928
10467.828369	-121.920547
10468.501282	-121.336426
10469.174194	-122.108925
10469.847107	-121.747963
10470.520020	-120.900108
10471.192932	-121.350487
10471.865845	-121.915100
10472.538757	-122.248512
10473.211670	-121.758797
10473.884583	-121.975227
10474.557495	-122.065712
10475.230408	-122.177818
10475.903320	-121.440392
10476.576233	-121.910652
10477.249146	-121.211388
10477.922058	-120.679092
10478.594971	-121.644135
10479.267883	-122.180374
10479.940796	-122.869553
10480.613708	-122.431458
10481.286621	-121.924385
10481.959534	-120.892822
10482.632446	-120.691368
10483.305359	-122.176208
10483.978271	-121.996704
10484.651184	-121.264145
10485.324097	-121.218109
10485.997009	-121.069672
10486.669922	-122.292000
10487.342834	-121.276764
10488.015747	-121.455948
10488.688660	-122.289642
10489.361572	-120.839760
10490.034485	-121.427650
10490.707397	-121.769012
10491.380310	-122.076180
10492.053223	-121.891220
10492.726135	-121.263084
10493.399048	-121.071495
10494.071960	-121.723030
10494.744873	-121.849739
10495.417786	-122.436562
10496.090698	-122.638672
10496.763611	-121.868309
10497.436523	-121.579643
10498.109436	-121.761047
10498.782349	-122.685860
10499.455261	-121.529419
10500.128174	-120.393379
10500.801086	-120.408501
10501.473999	-121.006477
10502.146912	-122.473343
10502.819824	-122.537872
10503.492737	-122.300018
10504.165649	-121.861870
10504.838562	-121.341415
10505.511475	-121.276627
10506.184387	-121.521072
10506.857300	-122.362793
10507.530212	-121.864639
10508.203125	-121.873375
10508.876038	-121.854469
10509.548950	-122.492790
10510.221863	-123.263313
10510.894775	-122.882843
10511.567688	-121.271111
10512.240601	-122.036179
10512.913513	-122.724388
10513.586426	-122.072830
10514.259338	-121.108261
10514.932251	-121.809631
10515.605164	-122.518631
10516.278076	-122.137077
10516.950989	-121.888504
10517.623901	-121.533447
10518.296814	-122.258392
10518.969727	-122.022224
10519.642639	-121.277954
10520.315552	-122.092278
10520.988464	-122.730621
10521.661377	-122.682716
10522.334290	-121.578384
10523.007202	-120.700836
10523.680115	-121.300194
10524.353027	-121.002502
10525.025940	-121.250725
10525.698853	-121.370094
10526.371765	-121.087234
10527.044678	-123.054222
10527.717590	-123.248390
10528.390503	-122.126846
10529.063416	-121.475258
10529.736328	-121.313072
10530.409241	-121.112686
10531.082153	-121.286415
10531.755066	-121.814957
10532.427979	-121.939941
10533.100891	-122.466896
10533.773804	-122.615959
10534.446716	-122.146416
10535.119629	-122.010788
10535.792542	-122.513107
10536.465454	-123.032425
10537.138367	-122.561348
10537.811279	-122.685417
10538.484192	-122.602203
10539.157104	-122.345528
10539.830017	-122.558899
10540.502930	-122.064354
10541.175842	-122.390938
10541.848755	-123.151985
10542.521667	-123.305534
10543.194580	-122.765320
10543.867493	-122.605873
10544.540405	-122.780647
10545.213318	-123.935890
10545.886230	-122.891975
10546.559143	-122.693985
10547.232056	-122.555634
10547.904968	-122.570183
10548.577881	-122.129974
10549.250793	-122.815193
10549.923706	-122.447868
10550.596619	-121.517174
10551.269531	-122.277779
10551.942444	-122.081261
10552.615356	-121.941460
10553.288269	-121.257973
10553.961182	-122.072327
10554.634094	-123.449829
10555.307007	-122.456421
10555.979919	-120.970757
10556.652832	-120.958000
10557.325745	-122.544678
10557.998657	-122.070587
10558.671570	-121.312317
10559.344482	-121.904419
10560.017395	-122.336220
10560.690308	-122.528885
10561.363220	-122.532898
10562.036133	-122.761398
10562.709045	-122.031296
10563.381958	-121.783836
10564.054871	-123.073326
10564.727783	-122.727180
10565.400696	-122.520035
10566.073608	-122.387177
10566.746521	-122.863129
10567.419434	-122.151047
10568.092346	-122.190018
10568.765259	-123.869217
10569.438171	-122.686462
10570.111084	-121.850334
10570.783997	-122.569565
10571.456909	-121.824333
10572.129822	-121.852135
10572.802734	-122.366180
10573.475647	-122.930870
10574.148560	-122.672585
10574.821472	-122.947037
10575.494385	-122.119194
10576.167297	-122.102242
10576.840210	-122.088379
10577.513123	-122.301895
10578.186035	-121.915390
10578.858948	-122.112801
10579.531860	-122.544685
10580.204773	-122.212845
10580.877686	-122.423721
10581.550598	-123.300972
10582.223511	-122.778557
10582.896423	-122.075958
10583.569336	-123.228516
10584.242249	-122.680717
10584.915161	-123.458855
10585.588074	-122.865005
10586.260986	-122.364578
10586.933899	-122.999863
10587.606812	-123.066368
10588.279724	-122.816803
10588.952637	-122.722343
10589.625549	-123.189674
10590.298462	-122.526932
10590.971375	-121.793869
10591.644287	-121.840141
10592.317200	-122.505150
10592.990112	-123.398735
10593.663025	-122.128189
10594.335938	-122.110764
10595.008850	-122.536751
10595.681763	-122.453468
10596.354675	-122.534126
10597.027588	-123.328003
10597.700500	-123.564690
10598.373413	-123.024719
10599.046326	-122.019257
10599.719238	-122.193718
10600.392151	-122.064590
10601.065063	-122.160912
10601.737976	-123.311699
10602.410889	-122.306847
10603.083801	-122.001831
10603.756714	-121.693741
10604.429626	-121.465836
10605.102539	-121.697578
10605.775452	-122.945274
10606.448364	-123.832291
10607.121277	-123.426353
10607.794189	-122.955414
10608.467102	-122.134094
10609.140015	-122.628601
10609.812927	-123.975021
10610.485840	-123.816528
10611.158752	-123.202911
10611.831665	-121.814240
10612.504578	-121.760872
10613.177490	-122.626129
10613.850403	-121.961090
10614.523315	-122.337189
10615.196228	-122.921234
10615.869141	-122.564934
10616.542053	-122.862404
10617.214966	-122.477715
10617.887878	-122.586731
10618.560791	-122.429962
10619.233704	-122.275612
10619.906616	-122.698051
10620.579529	-122.863358
10621.252441	-122.767349
10621.925354	-122.962044
10622.598267	-123.616386
10623.271179	-122.503914
10623.944092	-122.738617
10624.617004	-123.618622
10625.289917	-123.896858
10625.962830	-122.914192
10626.635742	-122.529930
10627.308655	-122.749596
10627.981567	-124.057098
10628.654480	-123.571182
10629.327393	-123.125343
10630.000305	-123.024368
10630.673218	-123.202347
10631.346130	-123.266731
10632.019043	-122.701500
10632.691956	-122.178719
10633.364868	-123.439301
10634.037781	-123.288834
10634.710693	-122.875229
10635.383606	-122.555252
10636.056519	-122.545372
10636.729431	-122.263893
10637.402344	-123.197098
10638.075256	-123.885818
10638.748169	-123.118118
10639.421082	-123.013000
10640.093994	-122.659103
10640.766907	-122.168098
10641.439819	-122.068222
10642.112732	-122.685898
10642.785645	-122.266983
10643.458557	-122.421654
10644.131470	-123.542419
10644.804382	-124.020302
10645.477295	-123.434044
10646.150208	-122.817284
10646.823120	-122.352692
10647.496033	-122.192352
10648.168945	-122.607468
10648.841858	-123.120377
10649.514771	-123.015167
10650.187683	-122.435471
10650.860596	-122.627800
10651.533508	-124.314804
10652.206421	-123.555679
10652.879333	-122.931419
10653.552246	-122.769547
10654.225159	-122.706001
10654.898071	-122.507393
10655.570984	-123.239578
10656.243896	-122.861145
10656.916809	-123.557785
10657.589722	-124.062675
10658.262634	-123.430893
10658.935547	-123.108795
10659.608459	-122.796814
10660.281372	-122.557404
10660.954285	-122.942886
10661.627197	-123.530647
10662.300110	-122.852432
10662.973022	-122.392441
10663.645935	-123.291512
10664.318848	-123.041321
10664.991760	-123.626091
10665.664673	-123.593666
10666.337585	-123.560234
10667.010498	-122.926720
10667.683411	-124.456932
10668.356323	-124.014725
10669.029236	-123.063492
10669.702148	-122.587334
10670.375061	-122.874306
10671.047974	-123.496864
10671.720886	-123.028969
10672.393799	-123.518379
10673.066711	-124.032608
10673.739624	-122.896645
10674.412537	-122.028282
10675.085449	-122.910233
10675.758362	-124.290489
10676.431274	-122.485909
10677.104187	-123.049683
10677.777100	-123.966820
10678.450012	-123.825165
10679.122925	-123.084290
10679.795837	-122.701103
10680.468750	-122.516518
10681.141663	-122.640221
10681.814575	-123.573441
10682.487488	-123.436203
10683.160400	-122.719566
10683.833313	-122.115837
10684.506226	-123.800812
10685.179138	-123.535416
10685.852051	-123.352425
10686.524963	-123.569031
10687.197876	-123.760544
10687.870789	-122.753632
10688.543701	-123.362007
10689.216614	-123.234726
10689.889526	-123.134033
10690.562439	-123.572014
10691.235352	-123.559395
10691.908264	-122.830849
10692.581177	-123.096619
10693.254089	-124.412689
10693.927002	-122.843071
10694.599915	-124.078629
10695.272827	-123.412544
10695.945740	-123.185242
10696.618652	-123.781708
10697.291565	-123.446449
10697.964478	-122.898590
10698.637390	-123.006798
10699.310303	-123.799171
10699.983215	-123.902946
10700.656128	-123.354660
10701.329041	-121.842438
10702.001953	-121.824844
10702.674866	-123.250809
10703.347778	-123.562752
10704.020691	-123.036026
10704.693604	-123.163239
10705.366516	-123.746841
10706.039429	-122.991714
10706.712341	-123.040665
10707.385254	-123.668671
10708.058167	-123.160973
10708.731079	-124.362473
10709.403992	-125.019646
10710.076904	-124.726891
10710.749817	-123.404587
10711.422729	-123.245804
10712.095642	-122.871696
10712.768555	-124.388519
10713.441467	-123.722572
10714.114380	-122.936203
10714.787292	-123.057594
10715.460205	-122.304138
10716.133118	-122.510071
10716.806030	-122.970673
10717.478943	-123.286591
10718.151855	-123.960907
10718.824768	-124.490601
10719.497681	-123.708847
10720.170593	-122.821831
10720.843506	-123.660812
10721.516418	-124.050491
10722.189331	-123.653114
10722.862244	-122.168579
10723.535156	-122.211548
10724.208069	-122.828094
10724.880981	-124.420425
10725.553894	-123.674911
10726.226807	-123.470657
10726.899719	-123.056145
10727.572632	-122.732056
10728.245544	-122.904312
10728.918457	-123.457466
10729.591370	-122.756866
10730.264282	-123.065758
10730.937195	-123.397408
10731.610107	-122.985977
10732.283020	-124.066437
10732.955933	-123.928123
10733.628845	-122.897247
10734.301758	-123.287033
10734.974670	-124.616264
10735.647583	-124.026756
10736.320496	-124.089493
10736.993408	-124.481209
10737.666321	-123.294991
10738.339233	-122.621567
10739.012146	-122.418060
10739.685059	-122.420395
10740.357971	-123.581047
10741.030884	-123.971222
10741.703796	-124.070297
10742.376709	-124.641541
10743.049622	-124.027397
10743.722534	-124.171082
10744.395447	-124.041962
10745.068359	-123.490814
10745.741272	-123.612450
10746.414185	-124.069260
10747.087097	-124.130562
10747.760010	-124.757835
10748.432922	-124.042427
10749.105835	-124.274818
10749.778748	-123.964302
10750.451660	-124.084290
10751.124573	-123.011261
10751.797485	-123.626907
10752.470398	-123.928154
10753.143311	-123.375221
10753.816223	-123.992279
10754.489136	-123.950905
10755.162048	-123.235222
10755.834961	-123.124191
10756.507874	-123.765427
10757.180786	-123.678703
10757.853699	-123.443459
10758.526611	-123.571404
10759.199524	-123.729256
10759.872437	-123.068703
10760.545349	-124.009293
10761.218262	-124.232224
10761.891174	-124.103600
10762.564087	-123.786430
10763.237000	-123.151024
10763.909912	-123.606529
10764.582825	-123.729637
10765.255737	-123.742165
10765.928650	-123.842186
10766.601562	-124.444748
10767.274475	-124.334671
10767.947388	-124.999420
10768.620300	-123.981575
10769.293213	-123.118111
10769.966125	-122.499451
10770.639038	-122.676582
10771.311951	-122.964638
10771.984863	-123.785614
10772.657776	-124.293427
10773.330688	-123.436714
10774.003601	-122.764442
10774.676514	-123.904694
10775.349426	-123.108871
10776.022339	-122.743690
10776.695251	-123.538109
10777.368164	-124.247726
10778.041077	-122.667908
10778.713989	-123.076736
10779.386902	-124.461914
10780.059814	-124.291374
10780.732727	-124.187622
10781.405640	-123.887939
10782.078552	-123.583725
10782.751465	-124.664490
10783.424377	-124.914619
10784.097290	-123.345200
10784.770203	-124.157806
10785.443115	-124.643112
10786.116028	-124.345802
10786.788940	-124.043159
10787.461853	-123.528099
10788.134766	-123.648575
10788.807678	-123.752632
10789.480591	-124.270424
10790.153503	-124.527405
10790.826416	-123.916321
10791.499329	-123.732147
10792.172241	-123.952858
10792.845154	-124.607910
10793.518066	-124.012634
10794.190979	-123.566658
10794.863892	-123.631104
10795.536804	-124.458679
10796.209717	-124.464554
10796.882629	-124.401894
10797.555542	-124.650169
10798.228455	-123.900536
10798.901367	-123.595421
10799.574280	-123.162483
10800.247192	-124.176826
10800.920105	-125.261368
10801.593018	-124.400459
10802.265930	-123.755356
10802.938843	-123.927284
10803.611755	-124.208717
10804.284668	-124.054527
10804.957581	-124.697075
10805.630493	-124.855629
10806.303406	-124.213493
10806.976318	-124.954140
10807.649231	-124.152130
10808.322144	-123.906334
10808.995056	-124.004326
10809.667969	-123.267517
10810.340881	-123.858406
10811.013794	-122.652191
10811.686707	-123.176079
10812.359619	-125.759346
10813.032532	-124.641876
10813.705444	-124.409042
10814.378357	-124.257561
10815.051270	-123.653488
10815.724182	-124.303238
10816.397095	-125.427910
10817.070007	-124.166046
10817.742920	-123.255165
10818.415833	-124.347458
10819.088745	-123.800903
10819.761658	-123.881279
10820.434570	-124.424881
10821.107483	-124.007309
10821.780396	-124.159660
10822.453308	-124.483055
10823.126221	-125.130035
10823.799133	-124.408867
10824.472046	-123.068001
10825.144958	-123.127548
10825.817871	-124.767960
10826.490784	-125.545280
10827.163696	-124.914886
10827.836609	-124.293320
10828.509521	-124.860413
10829.182434	-124.663788
10829.855347	-124.144226
10830.528259	-125.074982
10831.201172	-125.203926
10831.874084	-124.986481
10832.546997	-125.185692
10833.219910	-123.582520
10833.892822	-124.022980
10834.565735	-124.878479
10835.238647	-124.409111
10835.911560	-124.023270
10836.584473	-124.590477
10837.257385	-124.715996
10837.930298	-123.839371
10838.603210	-124.195320
10839.276123	-124.906647
10839.949036	-125.005890
10840.621948	-123.623116
10841.294861	-123.644135
10841.967773	-124.126884
10842.640686	-124.131882
10843.313599	-124.289024
10843.986511	-125.028595
10844.659424	-124.975029
10845.332336	-124.987610
10846.005249	-125.414993
10846.678162	-125.577698
10847.351074	-125.459770
10848.023987	-124.743561
10848.696899	-124.365173
10849.369812	-125.551285
10850.042725	-124.385811
10850.715637	-124.123405
10851.388550	-123.270142
10852.061462	-123.754028
10852.734375	-125.058655
10853.407288	-125.824127
10854.080200	-125.534439
10854.753113	-124.852486
10855.426025	-125.221542
10856.098938	-124.308296
10856.771851	-124.291130
10857.444763	-125.582710
10858.117676	-123.334122
10858.790588	-123.839638
10859.463501	-124.929810
10860.136414	-125.614563
10860.809326	-125.228325
10861.482239	-124.404785
10862.155151	-123.808784
10862.828064	-123.855499
10863.500977	-124.243759
10864.173889	-124.736717
10864.846802	-124.889069
10865.519714	-124.520836
10866.192627	-124.633286
10866.865540	-125.230232
10867.538452	-124.571106
10868.211365	-124.706085
10868.884277	-125.219124
10869.557190	-124.721413
10870.230103	-124.205482
10870.903015	-123.593658
10871.575928	-124.163696
10872.248840	-124.164154
10872.921753	-124.659760
10873.594666	-123.867455
10874.267578	-123.865669
10874.940491	-124.397858
10875.613403	-124.312134
10876.286316	-125.033012
10876.959229	-124.441833
10877.632141	-125.042610
10878.305054	-124.433922
10878.977966	-125.032791
10879.650879	-124.648598
10880.323792	-123.407562
10880.996704	-124.635124
10881.669617	-123.850868
10882.342529	-123.672661
10883.015442	-124.178444
10883.688354	-123.598946
10884.361267	-123.332443
10885.034180	-123.572968
10885.707092	-124.620247
10886.380005	-124.858116
10887.052917	-124.359482
10887.725830	-124.257195
10888.398743	-125.187057
10889.071655	-124.574875
10889.744568	-123.868126
10890.417480	-124.052406
10891.090393	-124.834915
10891.763306	-125.006454
10892.436218	-125.165489
10893.109131	-124.592354
10893.782043	-124.913116
10894.454956	-124.561607
10895.127869	-124.189575
10895.800781	-124.249031
10896.473694	-124.570526
10897.146606	-125.360832
10897.819519	-125.172714
10898.492432	-124.217003
10899.165344	-123.556633
10899.838257	-124.717445
10900.511169	-123.949516
10901.184082	-124.279816
10901.856995	-125.044380
10902.529907	-125.114288
10903.202820	-124.790947
10903.875732	-124.897346
10904.548645	-124.598083
10905.221558	-125.013527
10905.894470	-124.504547
10906.567383	-125.044853
10907.240295	-124.528496
10907.913208	-124.716782
10908.586121	-125.018570
10909.259033	-124.902321
10909.931946	-124.704269
10910.604858	-124.834991
10911.277771	-125.772621
10911.950684	-124.729240
10912.623596	-124.213379
10913.296509	-124.546188
10913.969421	-124.153732
10914.642334	-123.554016
10915.315247	-124.903252
10915.988159	-125.292076
10916.661072	-125.316002
10917.333984	-124.774223
10918.006897	-125.690872
10918.679810	-124.856682
10919.352722	-125.370438
10920.025635	-125.194939
10920.698547	-123.919914
10921.371460	-123.877785
10922.044373	-124.018417
10922.717285	-124.569931
10923.390198	-124.211929
10924.063110	-124.378494
10924.736023	-124.255844
10925.408936	-124.793266
10926.081848	-124.676262
10926.754761	-124.111252
10927.427673	-124.774544
10928.100586	-125.102066
10928.773499	-124.376747
10929.446411	-124.336555
10930.119324	-124.535950
10930.792236	-124.243141
10931.465149	-125.347099
10932.138062	-124.718033
10932.810974	-123.429352
10933.483887	-124.282036
10934.156799	-124.894005
10934.829712	-124.196358
10935.502625	-123.526314
10936.175537	-123.479355
10936.848450	-123.923889
10937.521362	-124.515594
10938.194275	-125.768501
10938.867188	-126.401810
10939.540100	-124.761826
10940.213013	-124.671455
10940.885925	-125.216621
10941.558838	-125.252136
10942.231750	-124.068916
10942.904663	-124.776840
10943.577576	-124.986420
10944.250488	-124.960831
10944.923401	-124.959145
10945.596313	-124.075935
10946.269226	-124.881233
10946.942139	-125.695518
10947.615051	-124.565102
10948.287964	-124.029045
10948.960876	-123.191826
10949.633789	-123.790054
10950.306702	-124.839943
10950.979614	-124.966377
10951.652527	-124.719627
10952.325439	-124.527267
10952.998352	-124.444183
10953.671265	-124.195274
10954.344177	-124.285683
10955.017090	-124.308952
10955.690002	-123.928879
10956.362915	-124.445465
10957.035828	-125.314331
10957.708740	-124.998680
10958.381653	-125.134338
10959.054565	-124.899521
10959.727478	-124.876930
10960.400391	-125.832390
10961.073303	-124.732254
10961.746216	-124.152725
10962.419128	-125.583824
10963.092041	-125.864410
10963.764954	-125.259773
10964.437866	-124.990372
10965.110779	-124.538750
10965.783691	-124.544159
10966.456604	-123.781921
10967.129517	-124.266701
10967.802429	-124.703293
10968.475342	-124.295059
10969.148254	-124.146942
10969.821167	-124.571365
10970.494080	-124.835640
10971.166992	-124.758072
10971.839905	-124.930992
10972.512817	-123.903580
10973.185730	-123.658340
10973.858643	-125.014854
10974.531555	-124.862564
10975.204468	-124.622375
10975.877380	-124.756058
10976.550293	-125.380196
10977.223206	-125.588326
10977.896118	-125.310318
10978.569031	-124.150352
10979.241943	-124.809486
10979.914856	-124.721222
10980.587769	-124.139915
10981.260681	-123.946281
10981.933594	-124.477356
10982.606506	-124.548965
10983.279419	-124.373505
10983.952332	-125.251282
10984.625244	-125.462082
10985.298157	-124.424576
10985.971069	-124.186356
10986.643982	-124.977058
10987.316895	-125.164879
10987.989807	-124.895432
10988.662720	-124.465088
10989.335632	-124.210907
10990.008545	-124.216583
10990.681458	-124.566772
10991.354370	-124.532837
10992.027283	-124.586105
10992.700195	-125.219078
10993.373108	-125.278610
10994.046021	-124.728836
10994.718933	-124.745033
10995.391846	-125.296623
10996.064758	-125.941795
10996.737671	-125.562592
10997.410583	-125.876778
10998.083496	-124.862480
10998.756409	-125.020493
10999.429321	-124.650749
11000.102234	-124.172943
11000.775146	-123.689827
11001.448059	-124.700737
11002.120972	-125.680496
11002.793884	-125.420631
11003.466797	-125.105652
11004.139709	-125.622993
11004.812622	-125.749779
11005.485535	-125.197662
11006.158447	-124.772606
11006.831360	-124.619202
11007.504272	-124.984444
11008.177185	-125.127800
11008.850098	-125.175247
11009.523010	-125.211617
11010.195923	-124.870544
11010.868835	-126.087372
11011.541748	-125.144417
11012.214661	-124.024956
11012.887573	-125.030685
11013.560486	-126.233566
11014.233398	-125.600281
11014.906311	-125.030785
11015.579224	-124.066162
11016.252136	-124.738121
11016.925049	-125.016006
11017.597961	-126.461082
11018.270874	-126.365707
11018.943787	-125.129341
11019.616699	-124.185028
11020.289612	-125.181541
11020.962524	-124.610641
11021.635437	-124.066360
11022.308350	-125.319519
11022.981262	-125.757713
11023.654175	-124.872108
11024.327087	-123.776505
